source,regime,param,missingness,seed,kind,n_both,n_bad,prevalence,auroc,ap,brier,ece,prec_t03,rec_t03,prec_t05,rec_t05,prec_t07,rec_t07,bins_json,error,secs
synthetic,hi,0.100,0.00,1,rank16,600,71,0.11833333333333333,0.9951010410287814,0.972446900042561,0.17510934294455982,0.352097871224643,0.15604395604395604,1.0,0.3380952380952381,1.0,0.69,0.971830985915493,"[{""lo"": 0.0, ""hi"": 0.1, ""n"": 0, ""conf"": null, ""acc"": null}, {""lo"": 0.1, ""hi"": 0.2, ""n"": 0, ""conf"": null, ""acc"": null}, {""lo"": 0.2, ""hi"": 0.30000000000000004, ""n"": 145, ""conf"": 0.272588347457252, ""acc"": 0.0}, {""lo"": 0.30000000000000004, ""hi"": 0.4, ""n"": 155, ""conf"": 0.34090880106629595, ""acc"": 0.0}, {""lo"": 0.4, ""hi"": 0.5, ""n"": 90, ""conf"": 0.448207054654235, ""acc"": 0.0}, {""lo"": 0.5, ""hi"": 0.6000000000000001, ""n"": 63, ""conf"": 0.5506223390384928, ""acc"": 0.0}, {""lo"": 0.6000000000000001, ""hi"": 0.7000000000000001, ""n"": 47, ""conf"": 0.6454222824815674, ""acc"": 0.0425531914893617}, {""lo"": 0.7000000000000001, ""hi"": 0.8, ""n"": 24, ""conf"": 0.7564894253420092, ""acc"": 0.16666666666666666}, {""lo"": 0.8, ""hi"": 0.9, ""n"": 76, ""conf"": 0.8733435845402666, ""acc"": 0.8552631578947368}, {""lo"": 0.9, ""hi"": 1.0, ""n"": 0, ""conf"": null, ""acc"": null}]",,1.45
synthetic,hi,0.100,0.00,0,rank16,600,49,0.08166666666666667,0.9907403977925108,0.9350546546523383,0.17562097032137053,0.36382441116735814,0.11475409836065574,1.0,0.2692307692307692,1.0,0.5802469135802469,0.9591836734693877,"[{""lo"": 0.0, ""hi"": 0.1, ""n"": 0, ""conf"": null, ""acc"": null}, {""lo"": 0.1, ""hi"": 0.2, ""n"": 0, ""conf"": null, ""acc"": null}, {""lo"": 0.2, ""hi"": 0.30000000000000004, ""n"": 173, ""conf"": 0.27084074281584025, ""acc"": 0.0}, {""lo"": 0.30000000000000004, ""hi"": 0.4, ""n"": 159, ""conf"": 0.34823343646989263, ""acc"": 0.0}, {""lo"": 0.4, ""hi"": 0.5, ""n"": 86, ""conf"": 0.4472441408444885, ""acc"": 0.0}, {""lo"": 0.5, ""hi"": 0.6000000000000001, ""n"": 57, ""conf"": 0.5491358053559383, ""acc"": 0.017543859649122806}, {""lo"": 0.6000000000000001, ""hi"": 0.7000000000000001, ""n"": 44, ""conf"": 0.6407340825630433, ""acc"": 0.022727272727272728}, {""lo"": 0.7000000000000001, ""hi"": 0.8, ""n"": 31, ""conf"": 0.7516926066427638, ""acc"": 0.1935483870967742}, {""lo"": 0.8, ""hi"": 0.9, ""n"": 50, ""conf"": 0.8762314867589497, ""acc"": 0.82}, {""lo"": 0.9, ""hi"": 1.0, ""n"": 0, ""conf"": null, ""acc"": null}]",,1.49
synthetic,hi,0.100,0.00,0,default,600,49,0.08166666666666667,0.9877032482684543,0.8808545649965552,0.09174602060613735,0.25419510557547065,0.3181818181818182,1.0,0.8823529411764706,0.6122448979591837,1.0,0.1836734693877551,"[{""lo"": 0.0, ""hi"": 0.1, ""n"": 0, ""conf"": null, ""acc"": null}, {""lo"": 0.1, ""hi"": 0.2, ""n"": 0, ""conf"": null, ""acc"": null}, {""lo"": 0.2, ""hi"": 0.30000000000000004, ""n"": 446, ""conf"": 0.2655065706768978, ""acc"": 0.0}, {""lo"": 0.30000000000000004, ""hi"": 0.4, ""n"": 96, ""conf"": 0.3293767438690544, ""acc"": 0.07291666666666667}, {""lo"": 0.4, ""hi"": 0.5, ""n"": 24, ""conf"": 0.4402701279543364, ""acc"": 0.5}, {""lo"": 0.5, ""hi"": 0.6000000000000001, ""n"": 14, ""conf"": 0.5508528361974336, ""acc"": 0.7857142857142857}, {""lo"": 0.6000000000000001, ""hi"": 0.7000000000000001, ""n"": 11, ""conf"": 0.6419634707797517, ""acc"": 0.9090909090909091}, {""lo"": 0.7000000000000001, ""hi"": 0.8, ""n"": 5, ""conf"": 0.7620134934674138, ""acc"": 1.0}, {""lo"": 0.8, ""hi"": 0.9, ""n"": 4, ""conf"": 0.8422365411151878, ""acc"": 1.0}, {""lo"": 0.9, ""hi"": 1.0, ""n"": 0, ""conf"": null, ""acc"": null}]",,1.7
synthetic,hi,0.100,0.00,1,default,600,71,0.11833333333333333,0.9670385260523443,0.8053120281104338,0.10523267759084173,0.2352320486430694,0.3723404255319149,0.9859154929577465,0.8857142857142857,0.43661971830985913,1.0,0.1267605633802817,"[{""lo"": 0.0, ""hi"": 0.1, ""n"": 0, ""conf"": null, ""acc"": null}, {""lo"": 0.1, ""hi"": 0.2, ""n"": 0, ""conf"": null, ""acc"": null}, {""lo"": 0.2, ""hi"": 0.30000000000000004, ""n"": 412, ""conf"": 0.26654071043423794, ""acc"": 0.0024271844660194173}, {""lo"": 0.30000000000000004, ""hi"": 0.4, ""n"": 112, ""conf"": 0.33409181489286777, ""acc"": 0.15178571428571427}, {""lo"": 0.4, ""hi"": 0.5, ""n"": 41, ""conf"": 0.4444481660063486, ""acc"": 0.5365853658536586}, {""lo"": 0.5, ""hi"": 0.6000000000000001, ""n"": 15, ""conf"": 0.5510768229993809, ""acc"": 0.8}, {""lo"": 0.6000000000000001, ""hi"": 0.7000000000000001, ""n"": 11, ""conf"": 0.6549249291546614, ""acc"": 0.9090909090909091}, {""lo"": 0.7000000000000001, ""hi"": 0.8, ""n"": 3, ""conf"": 0.7497217505856059, ""acc"": 1.0}, {""lo"": 0.8, ""hi"": 0.9, ""n"": 6, ""conf"": 0.8586600262260814, ""acc"": 1.0}, {""lo"": 0.9, ""hi"": 1.0, ""n"": 0, ""conf"": null, ""acc"": null}]",,1.67
synthetic,hi,0.100,0.00,2,rank16,600,56,0.09333333333333334,0.990217962184874,0.9159029143625006,0.17160331819046923,0.3555249126264285,0.12698412698412698,1.0,0.3146067415730337,1.0,0.6547619047619048,0.9821428571428571,"[{""lo"": 0.0, ""hi"": 0.1, ""n"": 0, ""conf"": null, ""acc"": null}, {""lo"": 0.1, ""hi"": 0.2, ""n"": 0, ""conf"": null, ""acc"": null}, {""lo"": 0.2, ""hi"": 0.30000000000000004, ""n"": 159, ""conf"": 0.27105949707410837, ""acc"": 0.0}, {""lo"": 0.30000000000000004, ""hi"": 0.4, ""n"": 178, ""conf"": 0.3433544288494961, ""acc"": 0.0}, {""lo"": 0.4, ""hi"": 0.5, ""n"": 85, ""conf"": 0.4472150092782774, ""acc"": 0.0}, {""lo"": 0.5, ""hi"": 0.6000000000000001, ""n"": 51, ""conf"": 0.5486160080994633, ""acc"": 0.0}, {""lo"": 0.6000000000000001, ""hi"": 0.7000000000000001, ""n"": 43, ""conf"": 0.6491490568200899, ""acc"": 0.023255813953488372}, {""lo"": 0.7000000000000001, ""hi"": 0.8, ""n"": 17, ""conf"": 0.7302760988230466, ""acc"": 0.29411764705882354}, {""lo"": 0.8, ""hi"": 0.9, ""n"": 67, ""conf"": 0.8772925952370394, ""acc"": 0.746268656716418}, {""lo"": 0.9, ""hi"": 1.0, ""n"": 0, ""conf"": null, ""acc"": null}]",,0.23
synthetic,hi,0.100,0.00,3,rank16,600,63,0.105,0.987880937601608,0.9095001729731005,0.1770749167767479,0.3560605038483744,0.14093959731543623,1.0,0.32142857142857145,1.0,0.6224489795918368,0.9682539682539683,"[{""lo"": 0.0, ""hi"": 0.1, ""n"": 0, ""conf"": null, ""acc"": null}, {""lo"": 0.1, ""hi"": 0.2, ""n"": 0, ""conf"": null, ""acc"": null}, {""lo"": 0.2, ""hi"": 0.30000000000000004, ""n"": 153, ""conf"": 0.2711280378536599, ""acc"": 0.0}, {""lo"": 0.30000000000000004, ""hi"": 0.4, ""n"": 163, ""conf"": 0.34234077994242273, ""acc"": 0.0}, {""lo"": 0.4, ""hi"": 0.5, ""n"": 88, ""conf"": 0.44775455732310865, ""acc"": 0.0}, {""lo"": 0.5, ""hi"": 0.6000000000000001, ""n"": 58, ""conf"": 0.5470171171603119, ""acc"": 0.0}, {""lo"": 0.6000000000000001, ""hi"": 0.7000000000000001, ""n"": 40, ""conf"": 0.6465276747109189, ""acc"": 0.05}, {""lo"": 0.7000000000000001, ""hi"": 0.8, ""n"": 29, ""conf"": 0.747445109941207, ""acc"": 0.27586206896551724}, {""lo"": 0.8, ""hi"": 0.9, ""n"": 69, ""conf"": 0.8795037155121215, ""acc"": 0.7681159420289855}, {""lo"": 0.9, ""hi"": 1.0, ""n"": 0, ""conf"": null, ""acc"": null}]",,0.21
synthetic,hi,0.100,0.00,2,default,600,56,0.09333333333333334,0.9730501575630252,0.8576089328031865,0.09754798581921663,0.24872627895546914,0.3107344632768362,0.9821428571428571,1.0,0.5,1.0,0.14285714285714285,"[{""lo"": 0.0, ""hi"": 0.1, ""n"": 0, ""conf"": null, ""acc"": null}, {""lo"": 0.1, ""hi"": 0.2, ""n"": 0, ""conf"": null, ""acc"": null}, {""lo"": 0.2, ""hi"": 0.30000000000000004, ""n"": 423, ""conf"": 0.2651134879073596, ""acc"": 0.002364066193853428}, {""lo"": 0.30000000000000004, ""hi"": 0.4, ""n"": 115, ""conf"": 0.33132445333792204, ""acc"": 0.09565217391304348}, {""lo"": 0.4, ""hi"": 0.5, ""n"": 34, ""conf"": 0.45107414731288864, ""acc"": 0.47058823529411764}, {""lo"": 0.5, ""hi"": 0.6000000000000001, ""n"": 11, ""conf"": 0.5385608579007888, ""acc"": 1.0}, {""lo"": 0.6000000000000001, ""hi"": 0.7000000000000001, ""n"": 9, ""conf"": 0.6468192327264631, ""acc"": 1.0}, {""lo"": 0.7000000000000001, ""hi"": 0.8, ""n"": 7, ""conf"": 0.7278102166854789, ""acc"": 1.0}, {""lo"": 0.8, ""hi"": 0.9, ""n"": 1, ""conf"": 0.8328150885092472, ""acc"": 1.0}, {""lo"": 0.9, ""hi"": 1.0, ""n"": 0, ""conf"": null, ""acc"": null}]",,0.44
synthetic,hi,0.100,0.00,4,rank16,600,54,0.09,0.9975579975579976,0.9730257153724079,0.17349342690863698,0.3621810611694887,0.12189616252821671,1.0,0.29347826086956524,1.0,0.5934065934065934,1.0,"[{""lo"": 0.0, ""hi"": 0.1, ""n"": 0, ""conf"": null, ""acc"": null}, {""lo"": 0.1, ""hi"": 0.2, ""n"": 0, ""conf"": null, ""acc"": null}, {""lo"": 0.2, ""hi"": 0.30000000000000004, ""n"": 157, ""conf"": 0.2716921770290473, ""acc"": 0.0}, {""lo"": 0.30000000000000004, ""hi"": 0.4, ""n"": 167, ""conf"": 0.34359192473631006, ""acc"": 0.0}, {""lo"": 0.4, ""hi"": 0.5, ""n"": 92, ""conf"": 0.450230521959777, ""acc"": 0.0}, {""lo"": 0.5, ""hi"": 0.6000000000000001, ""n"": 62, ""conf"": 0.5477558216250771, ""acc"": 0.0}, {""lo"": 0.6000000000000001, ""hi"": 0.7000000000000001, ""n"": 31, ""conf"": 0.6358424102643109, ""acc"": 0.0}, {""lo"": 0.7000000000000001, ""hi"": 0.8, ""n"": 30, ""conf"": 0.745195264707522, ""acc"": 0.03333333333333333}, {""lo"": 0.8, ""hi"": 0.9, ""n"": 61, ""conf"": 0.8823618337163194, ""acc"": 0.8688524590163934}, {""lo"": 0.9, ""hi"": 1.0, ""n"": 0, ""conf"": null, ""acc"": null}]",,0.19
synthetic,hi,0.100,0.40,0,default,357,49,0.13725490196078433,0.9475881261595548,0.8000357474962779,0.11107522132851735,0.23564458387634812,0.359375,0.9387755102040817,0.8888888888888888,0.4897959183673469,1.0,0.14285714285714285,"[{""lo"": 0.0, ""hi"": 0.1, ""n"": 0, ""conf"": null, ""acc"": null}, {""lo"": 0.1, ""hi"": 0.2, ""n"": 0, ""conf"": null, ""acc"": null}, {""lo"": 0.2, ""hi"": 0.30000000000000004, ""n"": 229, ""conf"": 0.26895453461931934, ""acc"": 0.013100436681222707}, {""lo"": 0.30000000000000004, ""hi"": 0.4, ""n"": 82, ""conf"": 0.3357902362681178, ""acc"": 0.13414634146341464}, {""lo"": 0.4, ""hi"": 0.5, ""n"": 19, ""conf"": 0.45260055887223166, ""acc"": 0.5789473684210527}, {""lo"": 0.5, ""hi"": 0.6000000000000001, ""n"": 13, ""conf"": 0.5524550392464813, ""acc"": 0.8461538461538461}, {""lo"": 0.6000000000000001, ""hi"": 0.7000000000000001, ""n"": 7, ""conf"": 0.663297811983238, ""acc"": 0.8571428571428571}, {""lo"": 0.7000000000000001, ""hi"": 0.8, ""n"": 4, ""conf"": 0.750133381621762, ""acc"": 1.0}, {""lo"": 0.8, ""hi"": 0.9, ""n"": 3, ""conf"": 0.8584423396023819, ""acc"": 1.0}, {""lo"": 0.9, ""hi"": 1.0, ""n"": 0, ""conf"": null, ""acc"": null}]",,0.2
synthetic,hi,0.100,0.00,3,default,600,63,0.105,0.9737223256776328,0.8466425457309444,0.09890354438298789,0.24605509889196361,0.3652694610778443,0.9682539682539683,0.9142857142857143,0.5079365079365079,1.0,0.1746031746031746,"[{""lo"": 0.0, ""hi"": 0.1, ""n"": 0, ""conf"": null, ""acc"": null}, {""lo"": 0.1, ""hi"": 0.2, ""n"": 0, ""conf"": null, ""acc"": null}, {""lo"": 0.2, ""hi"": 0.30000000000000004, ""n"": 433, ""conf"": 0.26574312597595373, ""acc"": 0.004618937644341801}, {""lo"": 0.30000000000000004, ""hi"": 0.4, ""n"": 109, ""conf"": 0.33294218461628583, ""acc"": 0.13761467889908258}, {""lo"": 0.4, ""hi"": 0.5, ""n"": 23, ""conf"": 0.44124352481866497, ""acc"": 0.6086956521739131}, {""lo"": 0.5, ""hi"": 0.6000000000000001, ""n"": 13, ""conf"": 0.5377073335051867, ""acc"": 0.8461538461538461}, {""lo"": 0.6000000000000001, ""hi"": 0.7000000000000001, ""n"": 11, ""conf"": 0.6371749914216469, ""acc"": 0.9090909090909091}, {""lo"": 0.7000000000000001, ""hi"": 0.8, ""n"": 8, ""conf"": 0.7443706926875648, ""acc"": 1.0}, {""lo"": 0.8, ""hi"": 0.9, ""n"": 3, ""conf"": 0.8739084940165406, ""acc"": 1.0}, {""lo"": 0.9, ""hi"": 1.0, ""n"": 0, ""conf"": null, ""acc"": null}]",,0.45
synthetic,hi,0.100,0.00,4,default,600,54,0.09,0.9748677248677249,0.8529678437281268,0.09546246201975887,0.24807171832091135,0.34210526315789475,0.9629629629629629,0.9285714285714286,0.48148148148148145,1.0,0.12962962962962962,"[{""lo"": 0.0, ""hi"": 0.1, ""n"": 0, ""conf"": null, ""acc"": null}, {""lo"": 0.1, ""hi"": 0.2, ""n"": 0, ""conf"": null, ""acc"": null}, {""lo"": 0.2, ""hi"": 0.30000000000000004, ""n"": 448, ""conf"": 0.2655357030631977, ""acc"": 0.004464285714285714}, {""lo"": 0.30000000000000004, ""hi"": 0.4, ""n"": 101, ""conf"": 0.33481505359666497, ""acc"": 0.12871287128712872}, {""lo"": 0.4, ""hi"": 0.5, ""n"": 23, ""conf"": 0.43983521972384926, ""acc"": 0.5652173913043478}, {""lo"": 0.5, ""hi"": 0.6000000000000001, ""n"": 11, ""conf"": 0.5557453818917047, ""acc"": 0.8181818181818182}, {""lo"": 0.6000000000000001, ""hi"": 0.7000000000000001, ""n"": 10, ""conf"": 0.6501021302119023, ""acc"": 1.0}, {""lo"": 0.7000000000000001, ""hi"": 0.8, ""n"": 7, ""conf"": 0.7432648337789445, ""acc"": 1.0}, {""lo"": 0.8, ""hi"": 0.9, ""n"": 0, ""conf"": null, ""acc"": null}, {""lo"": 0.9, ""hi"": 1.0, ""n"": 0, ""conf"": null, ""acc"": null}]",,0.44
synthetic,hi,0.100,0.40,0,rank16,357,49,0.13725490196078433,0.9842963159289689,0.9209461949538963,0.19211275069443254,0.35912225064782893,0.18081180811808117,1.0,0.3475177304964539,1.0,0.647887323943662,0.9387755102040817,"[{""lo"": 0.0, ""hi"": 0.1, ""n"": 0, ""conf"": null, ""acc"": null}, {""lo"": 0.1, ""hi"": 0.2, ""n"": 0, ""conf"": null, ""acc"": null}, {""lo"": 0.2, ""hi"": 0.30000000000000004, ""n"": 86, ""conf"": 0.2735533250770702, ""acc"": 0.0}, {""lo"": 0.30000000000000004, ""hi"": 0.4, ""n"": 74, ""conf"": 0.34413935080528785, ""acc"": 0.0}, {""lo"": 0.4, ""hi"": 0.5, ""n"": 56, ""conf"": 0.4503507447040178, ""acc"": 0.0}, {""lo"": 0.5, ""hi"": 0.6000000000000001, ""n"": 31, ""conf"": 0.5445368398577152, ""acc"": 0.0}, {""lo"": 0.6000000000000001, ""hi"": 0.7000000000000001, ""n"": 39, ""conf"": 0.6532078634895836, ""acc"": 0.07692307692307693}, {""lo"": 0.7000000000000001, ""hi"": 0.8, ""n"": 15, ""conf"": 0.7552891270975233, ""acc"": 0.2}, {""lo"": 0.8, ""hi"": 0.9, ""n"": 56, ""conf"": 0.880536040062229, ""acc"": 0.7678571428571429}, {""lo"": 0.9, ""hi"": 1.0, ""n"": 0, ""conf"": null, ""acc"": null}]",,0.15
synthetic,hi,0.100,0.40,1,rank16,355,34,0.09577464788732394,0.9867143118929815,0.8857086814527465,0.19357480367540067,0.376157031789136,0.12927756653992395,1.0,0.2595419847328244,1.0,0.5409836065573771,0.9705882352941176,"[{""lo"": 0.0, ""hi"": 0.1, ""n"": 0, ""conf"": null, ""acc"": null}, {""lo"": 0.1, ""hi"": 0.2, ""n"": 0, ""conf"": null, ""acc"": null}, {""lo"": 0.2, ""hi"": 0.30000000000000004, ""n"": 92, ""conf"": 0.2720783821552717, ""acc"": 0.0}, {""lo"": 0.30000000000000004, ""hi"": 0.4, ""n"": 88, ""conf"": 0.34632309806106937, ""acc"": 0.0}, {""lo"": 0.4, ""hi"": 0.5, ""n"": 44, ""conf"": 0.4434613462129969, ""acc"": 0.0}, {""lo"": 0.5, ""hi"": 0.6000000000000001, ""n"": 43, ""conf"": 0.545743533322664, ""acc"": 0.0}, {""lo"": 0.6000000000000001, ""hi"": 0.7000000000000001, ""n"": 27, ""conf"": 0.6520153090069426, ""acc"": 0.037037037037037035}, {""lo"": 0.7000000000000001, ""hi"": 0.8, ""n"": 19, ""conf"": 0.7561434531039081, ""acc"": 0.10526315789473684}, {""lo"": 0.8, ""hi"": 0.9, ""n"": 42, ""conf"": 0.8828021995018112, ""acc"": 0.7380952380952381}, {""lo"": 0.9, ""hi"": 1.0, ""n"": 0, ""conf"": null, ""acc"": null}]",,0.14
synthetic,hi,0.100,0.40,1,default,355,34,0.09577464788732394,0.9798424042514202,0.9037928229342521,0.09420853379806893,0.25752287079122627,0.33,0.9705882352941176,0.9583333333333334,0.6764705882352942,1.0,0.23529411764705882,"[{""lo"": 0.0, ""hi"": 0.1, ""n"": 0, ""conf"": null, ""acc"": null}, {""lo"": 0.1, ""hi"": 0.2, ""n"": 0, ""conf"": null, ""acc"": null}, {""lo"": 0.2, ""hi"": 0.30000000000000004, ""n"": 255, ""conf"": 0.26685337160595124, ""acc"": 0.00392156862745098}, {""lo"": 0.30000000000000004, ""hi"": 0.4, ""n"": 62, ""conf"": 0.33185557104713875, ""acc"": 0.06451612903225806}, {""lo"": 0.4, ""hi"": 0.5, ""n"": 14, ""conf"": 0.4472717135229244, ""acc"": 0.42857142857142855}, {""lo"": 0.5, ""hi"": 0.6000000000000001, ""n"": 11, ""conf"": 0.5384147642068057, ""acc"": 0.9090909090909091}, {""lo"": 0.6000000000000001, ""hi"": 0.7000000000000001, ""n"": 5, ""conf"": 0.6443987755714933, ""acc"": 1.0}, {""lo"": 0.7000000000000001, ""hi"": 0.8, ""n"": 5, ""conf"": 0.75238549771672, ""acc"": 1.0}, {""lo"": 0.8, ""hi"": 0.9, ""n"": 3, ""conf"": 0.8524520833866189, ""acc"": 1.0}, {""lo"": 0.9, ""hi"": 1.0, ""n"": 0, ""conf"": null, ""acc"": null}]",,0.23
synthetic,hi,0.100,0.40,2,default,351,48,0.13675213675213677,0.9559268426842684,0.8476689355312171,0.11039832874507322,0.2427873090313976,0.3219178082191781,0.9791666666666666,0.8571428571428571,0.625,1.0,0.14583333333333334,"[{""lo"": 0.0, ""hi"": 0.1, ""n"": 0, ""conf"": null, ""acc"": null}, {""lo"": 0.1, ""hi"": 0.2, ""n"": 0, ""conf"": null, ""acc"": null}, {""lo"": 0.2, ""hi"": 0.30000000000000004, ""n"": 205, ""conf"": 0.26632238118993706, ""acc"": 0.004878048780487805}, {""lo"": 0.30000000000000004, ""hi"": 0.4, ""n"": 84, ""conf"": 0.34161738689271737, ""acc"": 0.07142857142857142}, {""lo"": 0.4, ""hi"": 0.5, ""n"": 27, ""conf"": 0.44332341177447837, ""acc"": 0.4074074074074074}, {""lo"": 0.5, ""hi"": 0.6000000000000001, ""n"": 18, ""conf"": 0.5569528834694671, ""acc"": 0.7222222222222222}, {""lo"": 0.6000000000000001, ""hi"": 0.7000000000000001, ""n"": 10, ""conf"": 0.647363532556368, ""acc"": 1.0}, {""lo"": 0.7000000000000001, ""hi"": 0.8, ""n"": 3, ""conf"": 0.7379454942644857, ""acc"": 1.0}, {""lo"": 0.8, ""hi"": 0.9, ""n"": 4, ""conf"": 0.8326778950020441, ""acc"": 1.0}, {""lo"": 0.9, ""hi"": 1.0, ""n"": 0, ""conf"": null, ""acc"": null}]",,0.2
synthetic,hi,0.100,0.40,2,rank16,351,48,0.13675213675213677,0.9912678767876788,0.9457921825179607,0.18783389461106229,0.3556485456528206,0.1791044776119403,1.0,0.375,1.0,0.5714285714285714,1.0,"[{""lo"": 0.0, ""hi"": 0.1, ""n"": 0, ""conf"": null, ""acc"": null}, {""lo"": 0.1, ""hi"": 0.2, ""n"": 0, ""conf"": null, ""acc"": null}, {""lo"": 0.2, ""hi"": 0.30000000000000004, ""n"": 83, ""conf"": 0.2733122370596534, ""acc"": 0.0}, {""lo"": 0.30000000000000004, ""hi"": 0.4, ""n"": 91, ""conf"": 0.3448883359931234, ""acc"": 0.0}, {""lo"": 0.4, ""hi"": 0.5, ""n"": 49, ""conf"": 0.44663824224604537, ""acc"": 0.0}, {""lo"": 0.5, ""hi"": 0.6000000000000001, ""n"": 23, ""conf"": 0.5626237747362515, ""acc"": 0.0}, {""lo"": 0.6000000000000001, ""hi"": 0.7000000000000001, ""n"": 21, ""conf"": 0.6490207068564806, ""acc"": 0.0}, {""lo"": 0.7000000000000001, ""hi"": 0.8, ""n"": 27, ""conf"": 0.7470406006282665, ""acc"": 0.14814814814814814}, {""lo"": 0.8, ""hi"": 0.9, ""n"": 57, ""conf"": 0.8796093600504437, ""acc"": 0.7719298245614035}, {""lo"": 0.9, ""hi"": 1.0, ""n"": 0, ""conf"": null, ""acc"": null}]",,0.17
synthetic,hi,0.100,0.40,3,default,362,39,0.10773480662983426,0.9765023418274192,0.8747729783543609,0.10009440354742442,0.24833264570063443,0.3089430894308943,0.9743589743589743,0.8846153846153846,0.5897435897435898,1.0,0.1282051282051282,"[{""lo"": 0.0, ""hi"": 0.1, ""n"": 0, ""conf"": null, ""acc"": null}, {""lo"": 0.1, ""hi"": 0.2, ""n"": 0, ""conf"": null, ""acc"": null}, {""lo"": 0.2, ""hi"": 0.30000000000000004, ""n"": 239, ""conf"": 0.2660108084116846, ""acc"": 0.0041841004184100415}, {""lo"": 0.30000000000000004, ""hi"": 0.4, ""n"": 71, ""conf"": 0.3325982977669588, ""acc"": 0.04225352112676056}, {""lo"": 0.4, ""hi"": 0.5, ""n"": 26, ""conf"": 0.4410797488887305, ""acc"": 0.46153846153846156}, {""lo"": 0.5, ""hi"": 0.6000000000000001, ""n"": 10, ""conf"": 0.5507987742671026, ""acc"": 0.7}, {""lo"": 0.6000000000000001, ""hi"": 0.7000000000000001, ""n"": 11, ""conf"": 0.6595720575213835, ""acc"": 1.0}, {""lo"": 0.7000000000000001, ""hi"": 0.8, ""n"": 3, ""conf"": 0.7867004354995694, ""acc"": 1.0}, {""lo"": 0.8, ""hi"": 0.9, ""n"": 2, ""conf"": 0.8515947276025482, ""acc"": 1.0}, {""lo"": 0.9, ""hi"": 1.0, ""n"": 0, ""conf"": null, ""acc"": null}]",,0.2
synthetic,hi,0.100,0.40,3,rank16,362,39,0.10773480662983426,0.9953163451615464,0.964383218037292,0.18722462224594966,0.36763022725129296,0.14285714285714285,1.0,0.31451612903225806,1.0,0.582089552238806,1.0,"[{""lo"": 0.0, ""hi"": 0.1, ""n"": 0, ""conf"": null, ""acc"": null}, {""lo"": 0.1, ""hi"": 0.2, ""n"": 0, ""conf"": null, ""acc"": null}, {""lo"": 0.2, ""hi"": 0.30000000000000004, ""n"": 89, ""conf"": 0.271919914283339, ""acc"": 0.0}, {""lo"": 0.30000000000000004, ""hi"": 0.4, ""n"": 92, ""conf"": 0.3447441118587158, ""acc"": 0.0}, {""lo"": 0.4, ""hi"": 0.5, ""n"": 57, ""conf"": 0.448048298417933, ""acc"": 0.0}, {""lo"": 0.5, ""hi"": 0.6000000000000001, ""n"": 22, ""conf"": 0.5417393069939842, ""acc"": 0.0}, {""lo"": 0.6000000000000001, ""hi"": 0.7000000000000001, ""n"": 35, ""conf"": 0.6462907989843137, ""acc"": 0.0}, {""lo"": 0.7000000000000001, ""hi"": 0.8, ""n"": 23, ""conf"": 0.7557239663844036, ""acc"": 0.13043478260869565}, {""lo"": 0.8, ""hi"": 0.9, ""n"": 44, ""conf"": 0.8796810147219756, ""acc"": 0.8181818181818182}, {""lo"": 0.9, ""hi"": 1.0, ""n"": 0, ""conf"": null, ""acc"": null}]",,0.14
synthetic,hi,0.100,0.40,4,rank16,348,29,0.08333333333333333,0.9909199005512918,0.9276441173545964,0.19788416111108356,0.3868634347992237,0.11026615969581749,1.0,0.21804511278195488,1.0,0.58,1.0,"[{""lo"": 0.0, ""hi"": 0.1, ""n"": 0, ""conf"": null, ""acc"": null}, {""lo"": 0.1, ""hi"": 0.2, ""n"": 0, ""conf"": null, ""acc"": null}, {""lo"": 0.2, ""hi"": 0.30000000000000004, ""n"": 85, ""conf"": 0.2696829349842045, ""acc"": 0.0}, {""lo"": 0.30000000000000004, ""hi"": 0.4, ""n"": 78, ""conf"": 0.34065601615299257, ""acc"": 0.0}, {""lo"": 0.4, ""hi"": 0.5, ""n"": 52, ""conf"": 0.4451892867282354, ""acc"": 0.0}, {""lo"": 0.5, ""hi"": 0.6000000000000001, ""n"": 51, ""conf"": 0.5515976834559655, ""acc"": 0.0}, {""lo"": 0.6000000000000001, ""hi"": 0.7000000000000001, ""n"": 32, ""conf"": 0.6548905724964351, ""acc"": 0.0}, {""lo"": 0.7000000000000001, ""hi"": 0.8, ""n"": 13, ""conf"": 0.7566750035380269, ""acc"": 0.3076923076923077}, {""lo"": 0.8, ""hi"": 0.9, ""n"": 37, ""conf"": 0.8664772552577368, ""acc"": 0.6756756756756757}, {""lo"": 0.9, ""hi"": 1.0, ""n"": 0, ""conf"": null, ""acc"": null}]",,0.13
synthetic,hi,0.100,0.40,4,default,348,29,0.08333333333333333,0.9752459193600691,0.8388232565776517,0.09383300099990335,0.25326355482129737,0.29591836734693877,1.0,1.0,0.5862068965517241,1.0,0.20689655172413793,"[{""lo"": 0.0, ""hi"": 0.1, ""n"": 0, ""conf"": null, ""acc"": null}, {""lo"": 0.1, ""hi"": 0.2, ""n"": 0, ""conf"": null, ""acc"": null}, {""lo"": 0.2, ""hi"": 0.30000000000000004, ""n"": 250, ""conf"": 0.26534609727860753, ""acc"": 0.0}, {""lo"": 0.30000000000000004, ""hi"": 0.4, ""n"": 68, ""conf"": 0.33118567196243864, ""acc"": 0.1323529411764706}, {""lo"": 0.4, ""hi"": 0.5, ""n"": 13, ""conf"": 0.4346827226414588, ""acc"": 0.23076923076923078}, {""lo"": 0.5, ""hi"": 0.6000000000000001, ""n"": 5, ""conf"": 0.5512381417934201, ""acc"": 1.0}, {""lo"": 0.6000000000000001, ""hi"": 0.7000000000000001, ""n"": 6, ""conf"": 0.6632884955631352, ""acc"": 1.0}, {""lo"": 0.7000000000000001, ""hi"": 0.8, ""n"": 4, ""conf"": 0.730557421995393, ""acc"": 1.0}, {""lo"": 0.8, ""hi"": 0.9, ""n"": 2, ""conf"": 0.8570784796488596, ""acc"": 1.0}, {""lo"": 0.9, ""hi"": 1.0, ""n"": 0, ""conf"": null, ""acc"": null}]",,0.2
synthetic,hi,0.200,0.00,0,rank16,600,117,0.195,0.9864097255401603,0.9493554093093991,0.16152373825484478,0.3055671158323122,0.2505353319057816,1.0,0.49159663865546216,1.0,0.7913669064748201,0.9401709401709402,"[{""lo"": 0.0, ""hi"": 0.1, ""n"": 0, ""conf"": null, ""acc"": null}, {""lo"": 0.1, ""hi"": 0.2, ""n"": 0, ""conf"": null, ""acc"": null}, {""lo"": 0.2, ""hi"": 0.30000000000000004, ""n"": 133, ""conf"": 0.2745531708164826, ""acc"": 0.0}, {""lo"": 0.30000000000000004, ""hi"": 0.4, ""n"": 146, ""conf"": 0.34192703637449323, ""acc"": 0.0}, {""lo"": 0.4, ""hi"": 0.5, ""n"": 83, ""conf"": 0.4433091460531142, ""acc"": 0.0}, {""lo"": 0.5, ""hi"": 0.6000000000000001, ""n"": 61, ""conf"": 0.5483463790566654, ""acc"": 0.01639344262295082}, {""lo"": 0.6000000000000001, ""hi"": 0.7000000000000001, ""n"": 38, ""conf"": 0.65671395462239, ""acc"": 0.15789473684210525}, {""lo"": 0.7000000000000001, ""hi"": 0.8, ""n"": 28, ""conf"": 0.7583412453633545, ""acc"": 0.5}, {""lo"": 0.8, ""hi"": 0.9, ""n"": 111, ""conf"": 0.8781160097245886, ""acc"": 0.8648648648648649}, {""lo"": 0.9, ""hi"": 1.0, ""n"": 0, ""conf"": null, ""acc"": null}]",,0.2
synthetic,hi,0.200,0.00,1,rank16,600,115,0.19166666666666668,0.9886508292245629,0.9667231990585061,0.16211452736262125,0.3124999216756899,0.24520255863539445,1.0,0.4789915966386555,0.991304347826087,0.7638888888888888,0.9565217391304348,"[{""lo"": 0.0, ""hi"": 0.1, ""n"": 0, ""conf"": null, ""acc"": null}, {""lo"": 0.1, ""hi"": 0.2, ""n"": 0, ""conf"": null, ""acc"": null}, {""lo"": 0.2, ""hi"": 0.30000000000000004, ""n"": 131, ""conf"": 0.27168296818708926, ""acc"": 0.0}, {""lo"": 0.30000000000000004, ""hi"": 0.4, ""n"": 156, ""conf"": 0.34168998250604404, ""acc"": 0.0}, {""lo"": 0.4, ""hi"": 0.5, ""n"": 75, ""conf"": 0.44785756955073114, ""acc"": 0.013333333333333334}, {""lo"": 0.5, ""hi"": 0.6000000000000001, ""n"": 54, ""conf"": 0.5492889540331873, ""acc"": 0.018518518518518517}, {""lo"": 0.6000000000000001, ""hi"": 0.7000000000000001, ""n"": 40, ""conf"": 0.6454670072566616, ""acc"": 0.075}, {""lo"": 0.7000000000000001, ""hi"": 0.8, ""n"": 29, ""conf"": 0.7425403744971798, ""acc"": 0.27586206896551724}, {""lo"": 0.8, ""hi"": 0.9, ""n"": 115, ""conf"": 0.8782384824592976, ""acc"": 0.8869565217391304}, {""lo"": 0.9, ""hi"": 1.0, ""n"": 0, ""conf"": null, ""acc"": null}]",,0.2
synthetic,hi,0.200,0.00,0,default,600,117,0.195,0.9135920440268267,0.7391856434459816,0.13244348982800544,0.20742093177659068,0.41472868217054265,0.9145299145299145,0.8775510204081632,0.36752136752136755,0.8,0.06837606837606838,"[{""lo"": 0.0, ""hi"": 0.1, ""n"": 0, ""conf"": null, ""acc"": null}, {""lo"": 0.1, ""hi"": 0.2, ""n"": 0, ""conf"": null, ""acc"": null}, {""lo"": 0.2, ""hi"": 0.30000000000000004, ""n"": 342, ""conf"": 0.2704318465100647, ""acc"": 0.029239766081871343}, {""lo"": 0.30000000000000004, ""hi"": 0.4, ""n"": 166, ""conf"": 0.33463912904850474, ""acc"": 0.21686746987951808}, {""lo"": 0.4, ""hi"": 0.5, ""n"": 43, ""conf"": 0.4395431361828338, ""acc"": 0.6511627906976745}, {""lo"": 0.5, ""hi"": 0.6000000000000001, ""n"": 23, ""conf"": 0.5504711895778381, ""acc"": 0.9130434782608695}, {""lo"": 0.6000000000000001, ""hi"": 0.7000000000000001, ""n"": 16, ""conf"": 0.6300032207172895, ""acc"": 0.875}, {""lo"": 0.7000000000000001, ""hi"": 0.8, ""n"": 6, ""conf"": 0.7360083976391792, ""acc"": 0.8333333333333334}, {""lo"": 0.8, ""hi"": 0.9, ""n"": 4, ""conf"": 0.8680165677310855, ""acc"": 0.75}, {""lo"": 0.9, ""hi"": 1.0, ""n"": 0, ""conf"": null, ""acc"": null}]",,0.45
synthetic,hi,0.200,0.00,2,rank16,600,116,0.19333333333333333,0.9872114562553433,0.9535415699235376,0.16024399293723995,0.3147520037803754,0.24839400428265523,1.0,0.48132780082987553,1.0,0.7941176470588235,0.9310344827586207,"[{""lo"": 0.0, ""hi"": 0.1, ""n"": 0, ""conf"": null, ""acc"": null}, {""lo"": 0.1, ""hi"": 0.2, ""n"": 0, ""conf"": null, ""acc"": null}, {""lo"": 0.2, ""hi"": 0.30000000000000004, ""n"": 133, ""conf"": 0.27402473693652785, ""acc"": 0.0}, {""lo"": 0.30000000000000004, ""hi"": 0.4, ""n"": 146, ""conf"": 0.34434584697420795, ""acc"": 0.0}, {""lo"": 0.4, ""hi"": 0.5, ""n"": 80, ""conf"": 0.44731115143982747, ""acc"": 0.0}, {""lo"": 0.5, ""hi"": 0.6000000000000001, ""n"": 66, ""conf"": 0.5469196866381398, ""acc"": 0.015151515151515152}, {""lo"": 0.6000000000000001, ""hi"": 0.7000000000000001, ""n"": 39, ""conf"": 0.6456898875546939, ""acc"": 0.1794871794871795}, {""lo"": 0.7000000000000001, ""hi"": 0.8, ""n"": 39, ""conf"": 0.7440133800594687, ""acc"": 0.48717948717948717}, {""lo"": 0.8, ""hi"": 0.9, ""n"": 97, ""conf"": 0.8860680440497227, ""acc"": 0.9175257731958762}, {""lo"": 0.9, ""hi"": 1.0, ""n"": 0, ""conf"": null, ""acc"": null}]",,0.19
synthetic,hi,0.200,0.00,1,default,600,115,0.19166666666666668,0.9204482294935008,0.7770541252655179,0.1282844648639578,0.20977686377090232,0.40217391304347827,0.9652173913043478,0.8793103448275862,0.4434782608695652,1.0,0.13043478260869565,"[{""lo"": 0.0, ""hi"": 0.1, ""n"": 0, ""conf"": null, ""acc"": null}, {""lo"": 0.1, ""hi"": 0.2, ""n"": 0, ""conf"": null, ""acc"": null}, {""lo"": 0.2, ""hi"": 0.30000000000000004, ""n"": 324, ""conf"": 0.2696757763993737, ""acc"": 0.012345679012345678}, {""lo"": 0.30000000000000004, ""hi"": 0.4, ""n"": 171, ""conf"": 0.33400604543219714, ""acc"": 0.19883040935672514}, {""lo"": 0.4, ""hi"": 0.5, ""n"": 47, ""conf"": 0.44624102927724224, ""acc"": 0.5531914893617021}, {""lo"": 0.5, ""hi"": 0.6000000000000001, ""n"": 30, ""conf"": 0.5441131732913032, ""acc"": 0.8}, {""lo"": 0.6000000000000001, ""hi"": 0.7000000000000001, ""n"": 13, ""conf"": 0.6468096056446708, ""acc"": 0.9230769230769231}, {""lo"": 0.7000000000000001, ""hi"": 0.8, ""n"": 8, ""conf"": 0.7411103377966689, ""acc"": 1.0}, {""lo"": 0.8, ""hi"": 0.9, ""n"": 7, ""conf"": 0.8556765584625489, ""acc"": 1.0}, {""lo"": 0.9, ""hi"": 1.0, ""n"": 0, ""conf"": null, ""acc"": null}]",,0.44
synthetic,hi,0.200,0.00,2,default,600,116,0.19333333333333333,0.9180322029068111,0.7756134723049963,0.12851933523970666,0.21431125974020993,0.4022140221402214,0.9396551724137931,0.8571428571428571,0.41379310344827586,1.0,0.11206896551724138,"[{""lo"": 0.0, ""hi"": 0.1, ""n"": 0, ""conf"": null, ""acc"": null}, {""lo"": 0.1, ""hi"": 0.2, ""n"": 0, ""conf"": null, ""acc"": null}, {""lo"": 0.2, ""hi"": 0.30000000000000004, ""n"": 329, ""conf"": 0.2705011890021327, ""acc"": 0.02127659574468085}, {""lo"": 0.30000000000000004, ""hi"": 0.4, ""n"": 171, ""conf"": 0.33573979655221237, ""acc"": 0.1871345029239766}, {""lo"": 0.4, ""hi"": 0.5, ""n"": 44, ""conf"": 0.4485543031560075, ""acc"": 0.6590909090909091}, {""lo"": 0.5, ""hi"": 0.6000000000000001, ""n"": 24, ""conf"": 0.5603837671914906, ""acc"": 0.7916666666666666}, {""lo"": 0.6000000000000001, ""hi"": 0.7000000000000001, ""n"": 19, ""conf"": 0.6461616602099507, ""acc"": 0.8421052631578947}, {""lo"": 0.7000000000000001, ""hi"": 0.8, ""n"": 6, ""conf"": 0.7342057554381162, ""acc"": 1.0}, {""lo"": 0.8, ""hi"": 0.9, ""n"": 7, ""conf"": 0.850247817132311, ""acc"": 1.0}, {""lo"": 0.9, ""hi"": 1.0, ""n"": 0, ""conf"": null, ""acc"": null}]",,0.46
synthetic,hi,0.200,0.00,3,rank16,600,112,0.18666666666666668,0.9895528395784543,0.9603866220734473,0.16801960473017044,0.31860771763726037,0.23529411764705882,1.0,0.4666666666666667,1.0,0.7552447552447552,0.9642857142857143,"[{""lo"": 0.0, ""hi"": 0.1, ""n"": 0, ""conf"": null, ""acc"": null}, {""lo"": 0.1, ""hi"": 0.2, ""n"": 0, ""conf"": null, ""acc"": null}, {""lo"": 0.2, ""hi"": 0.30000000000000004, ""n"": 124, ""conf"": 0.27266849111786784, ""acc"": 0.0}, {""lo"": 0.30000000000000004, ""hi"": 0.4, ""n"": 159, ""conf"": 0.34689341067993595, ""acc"": 0.0}, {""lo"": 0.4, ""hi"": 0.5, ""n"": 77, ""conf"": 0.44636180754082266, ""acc"": 0.0}, {""lo"": 0.5, ""hi"": 0.6000000000000001, ""n"": 59, ""conf"": 0.554623435641241, ""acc"": 0.01694915254237288}, {""lo"": 0.6000000000000001, ""hi"": 0.7000000000000001, ""n"": 38, ""conf"": 0.6486023407883628, ""acc"": 0.07894736842105263}, {""lo"": 0.7000000000000001, ""hi"": 0.8, ""n"": 26, ""conf"": 0.7507828241021589, ""acc"": 0.3076923076923077}, {""lo"": 0.8, ""hi"": 0.9, ""n"": 117, ""conf"": 0.879810266030259, ""acc"": 0.8547008547008547}, {""lo"": 0.9, ""hi"": 1.0, ""n"": 0, ""conf"": null, ""acc"": null}]",,0.22
synthetic,hi,0.200,0.00,3,default,600,112,0.18666666666666668,0.9342432669789228,0.8311768410941954,0.12127672880192018,0.2114434085566691,0.41796875,0.9553571428571429,0.9,0.48214285714285715,1.0,0.16964285714285715,"[{""lo"": 0.0, ""hi"": 0.1, ""n"": 0, ""conf"": null, ""acc"": null}, {""lo"": 0.1, ""hi"": 0.2, ""n"": 0, ""conf"": null, ""acc"": null}, {""lo"": 0.2, ""hi"": 0.30000000000000004, ""n"": 344, ""conf"": 0.2686469552407884, ""acc"": 0.014534883720930232}, {""lo"": 0.30000000000000004, ""hi"": 0.4, ""n"": 149, ""conf"": 0.3346167186867425, ""acc"": 0.19463087248322147}, {""lo"": 0.4, ""hi"": 0.5, ""n"": 47, ""conf"": 0.44621985469302416, ""acc"": 0.5106382978723404}, {""lo"": 0.5, ""hi"": 0.6000000000000001, ""n"": 30, ""conf"": 0.5542400818545585, ""acc"": 0.8}, {""lo"": 0.6000000000000001, ""hi"": 0.7000000000000001, ""n"": 11, ""conf"": 0.6449152327740325, ""acc"": 1.0}, {""lo"": 0.7000000000000001, ""hi"": 0.8, ""n"": 11, ""conf"": 0.7349707062056147, ""acc"": 1.0}, {""lo"": 0.8, ""hi"": 0.9, ""n"": 8, ""conf"": 0.8285146997711701, ""acc"": 1.0}, {""lo"": 0.9, ""hi"": 1.0, ""n"": 0, ""conf"": null, ""acc"": null}]",,0.41
synthetic,hi,0.200,0.00,4,rank16,600,130,0.21666666666666667,0.981063829787234,0.93749018132245,0.17275717913588484,0.30911826222445005,0.2691511387163561,1.0,0.47794117647058826,1.0,0.7592592592592593,0.9461538461538461,"[{""lo"": 0.0, ""hi"": 0.1, ""n"": 0, ""conf"": null, ""acc"": null}, {""lo"": 0.1, ""hi"": 0.2, ""n"": 0, ""conf"": null, ""acc"": null}, {""lo"": 0.2, ""hi"": 0.30000000000000004, ""n"": 117, ""conf"": 0.2709183301251294, ""acc"": 0.0}, {""lo"": 0.30000000000000004, ""hi"": 0.4, ""n"": 138, ""conf"": 0.34681560741631723, ""acc"": 0.0}, {""lo"": 0.4, ""hi"": 0.5, ""n"": 73, ""conf"": 0.4445761254809037, ""acc"": 0.0}, {""lo"": 0.5, ""hi"": 0.6000000000000001, ""n"": 67, ""conf"": 0.5519921708686168, ""acc"": 0.04477611940298507}, {""lo"": 0.6000000000000001, ""hi"": 0.7000000000000001, ""n"": 43, ""conf"": 0.6508103851607572, ""acc"": 0.09302325581395349}, {""lo"": 0.7000000000000001, ""hi"": 0.8, ""n"": 35, ""conf"": 0.7518447750379321, ""acc"": 0.3142857142857143}, {""lo"": 0.8, ""hi"": 0.9, ""n"": 127, ""conf"": 0.8805038378737431, ""acc"": 0.8818897637795275}, {""lo"": 0.9, ""hi"": 1.0, ""n"": 0, ""conf"": null, ""acc"": null}]",,0.22
synthetic,hi,0.200,0.40,0,default,367,82,0.22343324250681199,0.871459135643988,0.6719416192837302,0.1442965966548195,0.1798594022116101,0.3958333333333333,0.926829268292683,0.8409090909090909,0.45121951219512196,0.7692307692307693,0.12195121951219512,"[{""lo"": 0.0, ""hi"": 0.1, ""n"": 0, ""conf"": null, ""acc"": null}, {""lo"": 0.1, ""hi"": 0.2, ""n"": 0, ""conf"": null, ""acc"": null}, {""lo"": 0.2, ""hi"": 0.30000000000000004, ""n"": 175, ""conf"": 0.27153524328575135, ""acc"": 0.03428571428571429}, {""lo"": 0.30000000000000004, ""hi"": 0.4, ""n"": 105, ""conf"": 0.33485227936647505, ""acc"": 0.2}, {""lo"": 0.4, ""hi"": 0.5, ""n"": 43, ""conf"": 0.43897399685378924, ""acc"": 0.4186046511627907}, {""lo"": 0.5, ""hi"": 0.6000000000000001, ""n"": 19, ""conf"": 0.556622009902394, ""acc"": 0.8421052631578947}, {""lo"": 0.6000000000000001, ""hi"": 0.7000000000000001, ""n"": 12, ""conf"": 0.6456050191146563, ""acc"": 0.9166666666666666}, {""lo"": 0.7000000000000001, ""hi"": 0.8, ""n"": 3, ""conf"": 0.766052746152131, ""acc"": 0.6666666666666666}, {""lo"": 0.8, ""hi"": 0.9, ""n"": 10, ""conf"": 0.847928201752657, ""acc"": 0.8}, {""lo"": 0.9, ""hi"": 1.0, ""n"": 0, ""conf"": null, ""acc"": null}]",,0.21
synthetic,hi,0.200,0.00,4,default,600,130,0.21666666666666667,0.883682487725041,0.7262658449065691,0.14052007421028223,0.17577230197053118,0.38943894389438943,0.9076923076923077,0.84375,0.4153846153846154,1.0,0.11538461538461539,"[{""lo"": 0.0, ""hi"": 0.1, ""n"": 0, ""conf"": null, ""acc"": null}, {""lo"": 0.1, ""hi"": 0.2, ""n"": 0, ""conf"": null, ""acc"": null}, {""lo"": 0.2, ""hi"": 0.30000000000000004, ""n"": 297, ""conf"": 0.27057995474584645, ""acc"": 0.04040404040404041}, {""lo"": 0.30000000000000004, ""hi"": 0.4, ""n"": 180, ""conf"": 0.3413042877449777, ""acc"": 0.2111111111111111}, {""lo"": 0.4, ""hi"": 0.5, ""n"": 59, ""conf"": 0.4456848150163137, ""acc"": 0.4406779661016949}, {""lo"": 0.5, ""hi"": 0.6000000000000001, ""n"": 31, ""conf"": 0.5526511654263573, ""acc"": 0.7741935483870968}, {""lo"": 0.6000000000000001, ""hi"": 0.7000000000000001, ""n"": 18, ""conf"": 0.6506765466124058, ""acc"": 0.8333333333333334}, {""lo"": 0.7000000000000001, ""hi"": 0.8, ""n"": 9, ""conf"": 0.7430692743638788, ""acc"": 1.0}, {""lo"": 0.8, ""hi"": 0.9, ""n"": 6, ""conf"": 0.8495089701234816, ""acc"": 1.0}, {""lo"": 0.9, ""hi"": 1.0, ""n"": 0, ""conf"": null, ""acc"": null}]",,0.44
synthetic,hi,0.200,0.40,0,rank16,367,82,0.22343324250681199,0.991484809584938,0.9754150260579683,0.16578234725175836,0.316286678538095,0.2837370242214533,1.0,0.4880952380952381,1.0,0.7821782178217822,0.9634146341463414,"[{""lo"": 0.0, ""hi"": 0.1, ""n"": 0, ""conf"": null, ""acc"": null}, {""lo"": 0.1, ""hi"": 0.2, ""n"": 0, ""conf"": null, ""acc"": null}, {""lo"": 0.2, ""hi"": 0.30000000000000004, ""n"": 78, ""conf"": 0.2714678293265735, ""acc"": 0.0}, {""lo"": 0.30000000000000004, ""hi"": 0.4, ""n"": 81, ""conf"": 0.3470399117366143, ""acc"": 0.0}, {""lo"": 0.4, ""hi"": 0.5, ""n"": 40, ""conf"": 0.4452784312342124, ""acc"": 0.0}, {""lo"": 0.5, ""hi"": 0.6000000000000001, ""n"": 40, ""conf"": 0.5484355299844168, ""acc"": 0.025}, {""lo"": 0.6000000000000001, ""hi"": 0.7000000000000001, ""n"": 27, ""conf"": 0.6458110329113083, ""acc"": 0.07407407407407407}, {""lo"": 0.7000000000000001, ""hi"": 0.8, ""n"": 19, ""conf"": 0.7582123738052591, ""acc"": 0.21052631578947367}, {""lo"": 0.8, ""hi"": 0.9, ""n"": 82, ""conf"": 0.8877927311500985, ""acc"": 0.9146341463414634}, {""lo"": 0.9, ""hi"": 1.0, ""n"": 0, ""conf"": null, ""acc"": null}]",,0.14
synthetic,hi,0.200,0.40,1,rank16,367,72,0.19618528610354224,0.9852636534839925,0.9464011511898965,0.17087839835629628,0.31803404965160825,0.24,1.0,0.48322147651006714,1.0,0.7582417582417582,0.9583333333333334,"[{""lo"": 0.0, ""hi"": 0.1, ""n"": 0, ""conf"": null, ""acc"": null}, {""lo"": 0.1, ""hi"": 0.2, ""n"": 0, ""conf"": null, ""acc"": null}, {""lo"": 0.2, ""hi"": 0.30000000000000004, ""n"": 67, ""conf"": 0.27467719739794294, ""acc"": 0.0}, {""lo"": 0.30000000000000004, ""hi"": 0.4, ""n"": 93, ""conf"": 0.3520208382347202, ""acc"": 0.0}, {""lo"": 0.4, ""hi"": 0.5, ""n"": 58, ""conf"": 0.4430649720306787, ""acc"": 0.0}, {""lo"": 0.5, ""hi"": 0.6000000000000001, ""n"": 34, ""conf"": 0.5444561008497161, ""acc"": 0.058823529411764705}, {""lo"": 0.6000000000000001, ""hi"": 0.7000000000000001, ""n"": 24, ""conf"": 0.649560303640082, ""acc"": 0.041666666666666664}, {""lo"": 0.7000000000000001, ""hi"": 0.8, ""n"": 16, ""conf"": 0.7405620547459149, ""acc"": 0.25}, {""lo"": 0.8, ""hi"": 0.9, ""n"": 75, ""conf"": 0.879059600942437, ""acc"": 0.8666666666666667}, {""lo"": 0.9, ""hi"": 1.0, ""n"": 0, ""conf"": null, ""acc"": null}]",,0.15
synthetic,hi,0.200,0.40,1,default,367,72,0.19618528610354224,0.9057438794726931,0.7051124223138425,0.13530650837915925,0.20735449830494032,0.38857142857142857,0.9444444444444444,0.8333333333333334,0.4166666666666667,0.7,0.09722222222222222,"[{""lo"": 0.0, ""hi"": 0.1, ""n"": 0, ""conf"": null, ""acc"": null}, {""lo"": 0.1, ""hi"": 0.2, ""n"": 0, ""conf"": null, ""acc"": null}, {""lo"": 0.2, ""hi"": 0.30000000000000004, ""n"": 192, ""conf"": 0.27141131052474754, ""acc"": 0.020833333333333332}, {""lo"": 0.30000000000000004, ""hi"": 0.4, ""n"": 116, ""conf"": 0.33996730276582826, ""acc"": 0.20689655172413793}, {""lo"": 0.4, ""hi"": 0.5, ""n"": 23, ""conf"": 0.4473368546294808, ""acc"": 0.6086956521739131}, {""lo"": 0.5, ""hi"": 0.6000000000000001, ""n"": 14, ""conf"": 0.5510179226265269, ""acc"": 0.9285714285714286}, {""lo"": 0.6000000000000001, ""hi"": 0.7000000000000001, ""n"": 12, ""conf"": 0.6497161738433312, ""acc"": 0.8333333333333334}, {""lo"": 0.7000000000000001, ""hi"": 0.8, ""n"": 8, ""conf"": 0.7582059862193757, ""acc"": 0.625}, {""lo"": 0.8, ""hi"": 0.9, ""n"": 2, ""conf"": 0.8570665470300565, ""acc"": 1.0}, {""lo"": 0.9, ""hi"": 1.0, ""n"": 0, ""conf"": null, ""acc"": null}]",,0.21
synthetic,hi,0.200,0.40,2,rank16,357,72,0.20168067226890757,0.9922027290448343,0.9663231537820722,0.17053849761483567,0.3271241087793882,0.25,1.0,0.47368421052631576,1.0,0.797752808988764,0.9861111111111112,"[{""lo"": 0.0, ""hi"": 0.1, ""n"": 0, ""conf"": null, ""acc"": null}, {""lo"": 0.1, ""hi"": 0.2, ""n"": 0, ""conf"": null, ""acc"": null}, {""lo"": 0.2, ""hi"": 0.30000000000000004, ""n"": 69, ""conf"": 0.2733479084110737, ""acc"": 0.0}, {""lo"": 0.30000000000000004, ""hi"": 0.4, ""n"": 82, ""conf"": 0.34873594640124583, ""acc"": 0.0}, {""lo"": 0.4, ""hi"": 0.5, ""n"": 54, ""conf"": 0.44851102664023557, ""acc"": 0.0}, {""lo"": 0.5, ""hi"": 0.6000000000000001, ""n"": 33, ""conf"": 0.5512708186016937, ""acc"": 0.0}, {""lo"": 0.6000000000000001, ""hi"": 0.7000000000000001, ""n"": 30, ""conf"": 0.6452591016038423, ""acc"": 0.03333333333333333}, {""lo"": 0.7000000000000001, ""hi"": 0.8, ""n"": 16, ""conf"": 0.7581745182890356, ""acc"": 0.3125}, {""lo"": 0.8, ""hi"": 0.9, ""n"": 73, ""conf"": 0.884577318413604, ""acc"": 0.9041095890410958}, {""lo"": 0.9, ""hi"": 1.0, ""n"": 0, ""conf"": null, ""acc"": null}]",,0.13
synthetic,hi,0.200,0.40,2,default,357,72,0.20168067226890757,0.8796296296296297,0.7140627349951689,0.1350613206298355,0.20068845367301993,0.3888888888888889,0.875,0.8108108108108109,0.4166666666666667,0.9230769230769231,0.16666666666666666,"[{""lo"": 0.0, ""hi"": 0.1, ""n"": 0, ""conf"": null, ""acc"": null}, {""lo"": 0.1, ""hi"": 0.2, ""n"": 0, ""conf"": null, ""acc"": null}, {""lo"": 0.2, ""hi"": 0.30000000000000004, ""n"": 195, ""conf"": 0.27169870208214913, ""acc"": 0.046153846153846156}, {""lo"": 0.30000000000000004, ""hi"": 0.4, ""n"": 104, ""conf"": 0.33690166054339965, ""acc"": 0.18269230769230768}, {""lo"": 0.4, ""hi"": 0.5, ""n"": 21, ""conf"": 0.44107044138919493, ""acc"": 0.6666666666666666}, {""lo"": 0.5, ""hi"": 0.6000000000000001, ""n"": 17, ""conf"": 0.543872585133294, ""acc"": 0.7647058823529411}, {""lo"": 0.6000000000000001, ""hi"": 0.7000000000000001, ""n"": 7, ""conf"": 0.648957765845339, ""acc"": 0.7142857142857143}, {""lo"": 0.7000000000000001, ""hi"": 0.8, ""n"": 9, ""conf"": 0.743169055052488, ""acc"": 1.0}, {""lo"": 0.8, ""hi"": 0.9, ""n"": 4, ""conf"": 0.8415743578910833, ""acc"": 0.75}, {""lo"": 0.9, ""hi"": 1.0, ""n"": 0, ""conf"": null, ""acc"": null}]",,0.19
synthetic,hi,0.200,0.40,3,default,367,83,0.22615803814713897,0.857627693874088,0.658704676095059,0.1479964680867094,0.16361345502809355,0.40106951871657753,0.9036144578313253,0.7291666666666666,0.42168674698795183,0.9230769230769231,0.14457831325301204,"[{""lo"": 0.0, ""hi"": 0.1, ""n"": 0, ""conf"": null, ""acc"": null}, {""lo"": 0.1, ""hi"": 0.2, ""n"": 0, ""conf"": null, ""acc"": null}, {""lo"": 0.2, ""hi"": 0.30000000000000004, ""n"": 180, ""conf"": 0.2712601745956488, ""acc"": 0.044444444444444446}, {""lo"": 0.30000000000000004, ""hi"": 0.4, ""n"": 107, ""conf"": 0.3452846484841372, ""acc"": 0.22429906542056074}, {""lo"": 0.4, ""hi"": 0.5, ""n"": 32, ""conf"": 0.44277187305315346, ""acc"": 0.5}, {""lo"": 0.5, ""hi"": 0.6000000000000001, ""n"": 17, ""conf"": 0.5552906349179106, ""acc"": 0.7058823529411765}, {""lo"": 0.6000000000000001, ""hi"": 0.7000000000000001, ""n"": 18, ""conf"": 0.636706291903335, ""acc"": 0.6111111111111112}, {""lo"": 0.7000000000000001, ""hi"": 0.8, ""n"": 6, ""conf"": 0.7641441967758902, ""acc"": 0.8333333333333334}, {""lo"": 0.8, ""hi"": 0.9, ""n"": 7, ""conf"": 0.8561940231440619, ""acc"": 1.0}, {""lo"": 0.9, ""hi"": 1.0, ""n"": 0, ""conf"": null, ""acc"": null}]",,0.2
synthetic,hi,0.200,0.40,3,rank16,367,83,0.22615803814713897,0.9913880875615136,0.971007954426859,0.17724982031879455,0.3145029381790538,0.2842465753424658,1.0,0.47701149425287354,1.0,0.7256637168141593,0.9879518072289156,"[{""lo"": 0.0, ""hi"": 0.1, ""n"": 0, ""conf"": null, ""acc"": null}, {""lo"": 0.1, ""hi"": 0.2, ""n"": 0, ""conf"": null, ""acc"": null}, {""lo"": 0.2, ""hi"": 0.30000000000000004, ""n"": 75, ""conf"": 0.2757538829314528, ""acc"": 0.0}, {""lo"": 0.30000000000000004, ""hi"": 0.4, ""n"": 74, ""conf"": 0.3441303806194603, ""acc"": 0.0}, {""lo"": 0.4, ""hi"": 0.5, ""n"": 44, ""conf"": 0.44353350570727773, ""acc"": 0.0}, {""lo"": 0.5, ""hi"": 0.6000000000000001, ""n"": 31, ""conf"": 0.5452938618381779, ""acc"": 0.0}, {""lo"": 0.6000000000000001, ""hi"": 0.7000000000000001, ""n"": 30, ""conf"": 0.6452421207038764, ""acc"": 0.03333333333333333}, {""lo"": 0.7000000000000001, ""hi"": 0.8, ""n"": 24, ""conf"": 0.755488476943543, ""acc"": 0.16666666666666666}, {""lo"": 0.8, ""hi"": 0.9, ""n"": 89, ""conf"": 0.8805260437095356, ""acc"": 0.8764044943820225}, {""lo"": 0.9, ""hi"": 1.0, ""n"": 0, ""conf"": null, ""acc"": null}]",,0.15
synthetic,hi,0.200,0.40,4,rank16,353,67,0.18980169971671387,0.9874752113558084,0.9492526460471775,0.17430960615756053,0.3243997801676264,0.2427536231884058,1.0,0.43790849673202614,1.0,0.7558139534883721,0.9701492537313433,"[{""lo"": 0.0, ""hi"": 0.1, ""n"": 0, ""conf"": null, ""acc"": null}, {""lo"": 0.1, ""hi"": 0.2, ""n"": 0, ""conf"": null, ""acc"": null}, {""lo"": 0.2, ""hi"": 0.30000000000000004, ""n"": 77, ""conf"": 0.2742436467138854, ""acc"": 0.0}, {""lo"": 0.30000000000000004, ""hi"": 0.4, ""n"": 83, ""conf"": 0.3492726515243006, ""acc"": 0.0}, {""lo"": 0.4, ""hi"": 0.5, ""n"": 40, ""conf"": 0.44465958013554463, ""acc"": 0.0}, {""lo"": 0.5, ""hi"": 0.6000000000000001, ""n"": 41, ""conf"": 0.5527561963439355, ""acc"": 0.024390243902439025}, {""lo"": 0.6000000000000001, ""hi"": 0.7000000000000001, ""n"": 26, ""conf"": 0.650682640411852, ""acc"": 0.038461538461538464}, {""lo"": 0.7000000000000001, ""hi"": 0.8, ""n"": 17, ""conf"": 0.7573662938079863, ""acc"": 0.23529411764705882}, {""lo"": 0.8, ""hi"": 0.9, ""n"": 69, ""conf"": 0.8864401249959266, ""acc"": 0.8840579710144928}, {""lo"": 0.9, ""hi"": 1.0, ""n"": 0, ""conf"": null, ""acc"": null}]",,0.15
synthetic,hi,0.200,0.40,4,default,353,67,0.18980169971671387,0.9286608913474586,0.825871846635897,0.12346409086679637,0.21601067014938935,0.38922155688622756,0.9701492537313433,0.9459459459459459,0.5223880597014925,1.0,0.16417910447761194,"[{""lo"": 0.0, ""hi"": 0.1, ""n"": 0, ""conf"": null, ""acc"": null}, {""lo"": 0.1, ""hi"": 0.2, ""n"": 0, ""conf"": null, ""acc"": null}, {""lo"": 0.2, ""hi"": 0.30000000000000004, ""n"": 186, ""conf"": 0.26947502995646405, ""acc"": 0.010752688172043012}, {""lo"": 0.30000000000000004, ""hi"": 0.4, ""n"": 97, ""conf"": 0.33657896757027544, ""acc"": 0.18556701030927836}, {""lo"": 0.4, ""hi"": 0.5, ""n"": 33, ""conf"": 0.44180601762930144, ""acc"": 0.36363636363636365}, {""lo"": 0.5, ""hi"": 0.6000000000000001, ""n"": 13, ""conf"": 0.5422566473704082, ""acc"": 0.9230769230769231}, {""lo"": 0.6000000000000001, ""hi"": 0.7000000000000001, ""n"": 13, ""conf"": 0.6499430193877451, ""acc"": 0.9230769230769231}, {""lo"": 0.7000000000000001, ""hi"": 0.8, ""n"": 7, ""conf"": 0.7476944539682614, ""acc"": 1.0}, {""lo"": 0.8, ""hi"": 0.9, ""n"": 4, ""conf"": 0.8414726499044297, ""acc"": 1.0}, {""lo"": 0.9, ""hi"": 1.0, ""n"": 0, ""conf"": null, ""acc"": null}]",,0.2
synthetic,hi,0.300,0.00,0,rank16,600,184,0.30666666666666664,0.9849628971571907,0.9652698127647398,0.1556133440616221,0.28844194384523897,0.36435643564356435,1.0,0.5954692556634305,1.0,0.8656716417910447,0.9456521739130435,"[{""lo"": 0.0, ""hi"": 0.1, ""n"": 0, ""conf"": null, ""acc"": null}, {""lo"": 0.1, ""hi"": 0.2, ""n"": 0, ""conf"": null, ""acc"": null}, {""lo"": 0.2, ""hi"": 0.30000000000000004, ""n"": 95, ""conf"": 0.27706397309371017, ""acc"": 0.0}, {""lo"": 0.30000000000000004, ""hi"": 0.4, ""n"": 113, ""conf"": 0.3495026846994515, ""acc"": 0.0}, {""lo"": 0.4, ""hi"": 0.5, ""n"": 83, ""conf"": 0.44523729829151065, ""acc"": 0.0}, {""lo"": 0.5, ""hi"": 0.6000000000000001, ""n"": 61, ""conf"": 0.5519565281160741, ""acc"": 0.03278688524590164}, {""lo"": 0.6000000000000001, ""hi"": 0.7000000000000001, ""n"": 47, ""conf"": 0.6432046140139067, ""acc"": 0.1702127659574468}, {""lo"": 0.7000000000000001, ""hi"": 0.8, ""n"": 35, ""conf"": 0.7553400330670599, ""acc"": 0.5428571428571428}, {""lo"": 0.8, ""hi"": 0.9, ""n"": 166, ""conf"": 0.8797667258859864, ""acc"": 0.9337349397590361}, {""lo"": 0.9, ""hi"": 1.0, ""n"": 0, ""conf"": null, ""acc"": null}]",,0.22
synthetic,hi,0.300,0.00,1,rank16,600,189,0.315,0.9818612495011522,0.9655753026301872,0.15395244441906564,0.2718402312817346,0.3720472440944882,1.0,0.5968253968253968,0.9947089947089947,0.8543689320388349,0.9312169312169312,"[{""lo"": 0.0, ""hi"": 0.1, ""n"": 0, ""conf"": null, ""acc"": null}, {""lo"": 0.1, ""hi"": 0.2, ""n"": 0, ""conf"": null, ""acc"": null}, {""lo"": 0.2, ""hi"": 0.30000000000000004, ""n"": 92, ""conf"": 0.27624892635722337, ""acc"": 0.0}, {""lo"": 0.30000000000000004, ""hi"": 0.4, ""n"": 117, ""conf"": 0.3436145558689364, ""acc"": 0.0}, {""lo"": 0.4, ""hi"": 0.5, ""n"": 76, ""conf"": 0.44545775459785664, ""acc"": 0.013157894736842105}, {""lo"": 0.5, ""hi"": 0.6000000000000001, ""n"": 65, ""conf"": 0.5410408156628302, ""acc"": 0.03076923076923077}, {""lo"": 0.6000000000000001, ""hi"": 0.7000000000000001, ""n"": 44, ""conf"": 0.6452295860387144, ""acc"": 0.22727272727272727}, {""lo"": 0.7000000000000001, ""hi"": 0.8, ""n"": 36, ""conf"": 0.7465206766249619, ""acc"": 0.5555555555555556}, {""lo"": 0.8, ""hi"": 0.9, ""n"": 170, ""conf"": 0.8811820823777203, ""acc"": 0.9176470588235294}, {""lo"": 0.9, ""hi"": 1.0, ""n"": 0, ""conf"": null, ""acc"": null}]",,0.19
synthetic,hi,0.300,0.00,0,default,600,184,0.30666666666666664,0.713615698160535,0.5419804241798551,0.1904032943175949,0.0778677115838253,0.41954022988505746,0.7934782608695652,0.6268656716417911,0.22826086956521738,0.8461538461538461,0.059782608695652176,"[{""lo"": 0.0, ""hi"": 0.1, ""n"": 0, ""conf"": null, ""acc"": null}, {""lo"": 0.1, ""hi"": 0.2, ""n"": 0, ""conf"": null, ""acc"": null}, {""lo"": 0.2, ""hi"": 0.30000000000000004, ""n"": 252, ""conf"": 0.2733862810541309, ""acc"": 0.15079365079365079}, {""lo"": 0.30000000000000004, ""hi"": 0.4, ""n"": 193, ""conf"": 0.3405461890258998, ""acc"": 0.3005181347150259}, {""lo"": 0.4, ""hi"": 0.5, ""n"": 88, ""conf"": 0.44804023694429007, ""acc"": 0.5227272727272727}, {""lo"": 0.5, ""hi"": 0.6000000000000001, ""n"": 43, ""conf"": 0.5406432862862679, ""acc"": 0.5581395348837209}, {""lo"": 0.6000000000000001, ""hi"": 0.7000000000000001, ""n"": 11, ""conf"": 0.6455492767152474, ""acc"": 0.6363636363636364}, {""lo"": 0.7000000000000001, ""hi"": 0.8, ""n"": 3, ""conf"": 0.7204445982522357, ""acc"": 0.6666666666666666}, {""lo"": 0.8, ""hi"": 0.9, ""n"": 10, ""conf"": 0.8485304034561845, ""acc"": 0.9}, {""lo"": 0.9, ""hi"": 1.0, ""n"": 0, ""conf"": null, ""acc"": null}]",,0.43
synthetic,hi,0.300,0.00,2,rank16,600,194,0.3233333333333333,0.9828221014676757,0.9676638378407766,0.15201930313151554,0.27523071856966913,0.3688212927756654,1.0,0.631578947368421,0.9896907216494846,0.8288288288288288,0.9484536082474226,"[{""lo"": 0.0, ""hi"": 0.1, ""n"": 0, ""conf"": null, ""acc"": null}, {""lo"": 0.1, ""hi"": 0.2, ""n"": 0, ""conf"": null, ""acc"": null}, {""lo"": 0.2, ""hi"": 0.30000000000000004, ""n"": 74, ""conf"": 0.27852621626961477, ""acc"": 0.0}, {""lo"": 0.30000000000000004, ""hi"": 0.4, ""n"": 139, ""conf"": 0.34058144562190584, ""acc"": 0.0}, {""lo"": 0.4, ""hi"": 0.5, ""n"": 83, ""conf"": 0.44758124798662197, ""acc"": 0.024096385542168676}, {""lo"": 0.5, ""hi"": 0.6000000000000001, ""n"": 50, ""conf"": 0.5428024312297368, ""acc"": 0.06}, {""lo"": 0.6000000000000001, ""hi"": 0.7000000000000001, ""n"": 32, ""conf"": 0.646227512253828, ""acc"": 0.15625}, {""lo"": 0.7000000000000001, ""hi"": 0.8, ""n"": 44, ""conf"": 0.7481896700479439, ""acc"": 0.4318181818181818}, {""lo"": 0.8, ""hi"": 0.9, ""n"": 178, ""conf"": 0.8803501169786709, ""acc"": 0.9269662921348315}, {""lo"": 0.9, ""hi"": 1.0, ""n"": 0, ""conf"": null, ""acc"": null}]",,0.22
synthetic,hi,0.300,0.00,1,default,600,189,0.315,0.7317679166827585,0.5737588518283369,0.18934062790025996,0.08019337505122381,0.4362017804154303,0.7777777777777778,0.6363636363636364,0.25925925925925924,0.8,0.06349206349206349,"[{""lo"": 0.0, ""hi"": 0.1, ""n"": 0, ""conf"": null, ""acc"": null}, {""lo"": 0.1, ""hi"": 0.2, ""n"": 0, ""conf"": null, ""acc"": null}, {""lo"": 0.2, ""hi"": 0.30000000000000004, ""n"": 263, ""conf"": 0.2737731116342365, ""acc"": 0.1596958174904943}, {""lo"": 0.30000000000000004, ""hi"": 0.4, ""n"": 194, ""conf"": 0.33922494197555225, ""acc"": 0.30412371134020616}, {""lo"": 0.4, ""hi"": 0.5, ""n"": 66, ""conf"": 0.4543886096382215, ""acc"": 0.5909090909090909}, {""lo"": 0.5, ""hi"": 0.6000000000000001, ""n"": 41, ""conf"": 0.5469477583498273, ""acc"": 0.5609756097560976}, {""lo"": 0.6000000000000001, ""hi"": 0.7000000000000001, ""n"": 21, ""conf"": 0.6418924370302991, ""acc"": 0.6666666666666666}, {""lo"": 0.7000000000000001, ""hi"": 0.8, ""n"": 10, ""conf"": 0.7502002756752908, ""acc"": 0.7}, {""lo"": 0.8, ""hi"": 0.9, ""n"": 5, ""conf"": 0.8607394645956294, ""acc"": 1.0}, {""lo"": 0.9, ""hi"": 1.0, ""n"": 0, ""conf"": null, ""acc"": null}]",,0.48
synthetic,hi,0.300,0.00,2,default,600,194,0.3233333333333333,0.6553501599715605,0.5069192745449116,0.20285727261027536,0.041266996235645594,0.3917808219178082,0.7371134020618557,0.5875,0.2422680412371134,0.7894736842105263,0.07731958762886598,"[{""lo"": 0.0, ""hi"": 0.1, ""n"": 0, ""conf"": null, ""acc"": null}, {""lo"": 0.1, ""hi"": 0.2, ""n"": 0, ""conf"": null, ""acc"": null}, {""lo"": 0.2, ""hi"": 0.30000000000000004, ""n"": 235, ""conf"": 0.27356626214053253, ""acc"": 0.2170212765957447}, {""lo"": 0.30000000000000004, ""hi"": 0.4, ""n"": 218, ""conf"": 0.33721457620399575, ""acc"": 0.3073394495412844}, {""lo"": 0.4, ""hi"": 0.5, ""n"": 67, ""conf"": 0.4497411365387418, ""acc"": 0.43283582089552236}, {""lo"": 0.5, ""hi"": 0.6000000000000001, ""n"": 41, ""conf"": 0.553729801120387, ""acc"": 0.4878048780487805}, {""lo"": 0.6000000000000001, ""hi"": 0.7000000000000001, ""n"": 20, ""conf"": 0.6430124422231491, ""acc"": 0.6}, {""lo"": 0.7000000000000001, ""hi"": 0.8, ""n"": 11, ""conf"": 0.7427288291137344, ""acc"": 0.7272727272727273}, {""lo"": 0.8, ""hi"": 0.9, ""n"": 8, ""conf"": 0.8633119291068119, ""acc"": 0.875}, {""lo"": 0.9, ""hi"": 1.0, ""n"": 0, ""conf"": null, ""acc"": null}]",,0.45
synthetic,hi,0.300,0.00,3,rank16,600,185,0.30833333333333335,0.9849430153044612,0.967351786575661,0.153421616815249,0.27807002443967005,0.36926147704590817,1.0,0.6026058631921825,1.0,0.8373205741626795,0.9459459459459459,"[{""lo"": 0.0, ""hi"": 0.1, ""n"": 0, ""conf"": null, ""acc"": null}, {""lo"": 0.1, ""hi"": 0.2, ""n"": 0, ""conf"": null, ""acc"": null}, {""lo"": 0.2, ""hi"": 0.30000000000000004, ""n"": 99, ""conf"": 0.2769720378471437, ""acc"": 0.0}, {""lo"": 0.30000000000000004, ""hi"": 0.4, ""n"": 127, ""conf"": 0.3501637398168592, ""acc"": 0.0}, {""lo"": 0.4, ""hi"": 0.5, ""n"": 67, ""conf"": 0.43910733686740816, ""acc"": 0.0}, {""lo"": 0.5, ""hi"": 0.6000000000000001, ""n"": 60, ""conf"": 0.5500994476548242, ""acc"": 0.0}, {""lo"": 0.6000000000000001, ""hi"": 0.7000000000000001, ""n"": 38, ""conf"": 0.6557092307625471, ""acc"": 0.2631578947368421}, {""lo"": 0.7000000000000001, ""hi"": 0.8, ""n"": 42, ""conf"": 0.751369919523262, ""acc"": 0.5}, {""lo"": 0.8, ""hi"": 0.9, ""n"": 167, ""conf"": 0.8799380710069818, ""acc"": 0.9221556886227545}, {""lo"": 0.9, ""hi"": 1.0, ""n"": 0, ""conf"": null, ""acc"": null}]",,0.21
synthetic,hi,0.300,0.00,3,default,600,185,0.30833333333333335,0.6848062520351677,0.47643077738243333,0.20088322332642997,0.07764826361276099,0.39444444444444443,0.7675675675675676,0.4915254237288136,0.15675675675675677,0.6666666666666666,0.05405405405405406,"[{""lo"": 0.0, ""hi"": 0.1, ""n"": 0, ""conf"": null, ""acc"": null}, {""lo"": 0.1, ""hi"": 0.2, ""n"": 0, ""conf"": null, ""acc"": null}, {""lo"": 0.2, ""hi"": 0.30000000000000004, ""n"": 240, ""conf"": 0.27278386640320745, ""acc"": 0.17916666666666667}, {""lo"": 0.30000000000000004, ""hi"": 0.4, ""n"": 225, ""conf"": 0.33835962194005487, ""acc"": 0.3111111111111111}, {""lo"": 0.4, ""hi"": 0.5, ""n"": 76, ""conf"": 0.4447464999221051, ""acc"": 0.5657894736842105}, {""lo"": 0.5, ""hi"": 0.6000000000000001, ""n"": 27, ""conf"": 0.5432405530802522, ""acc"": 0.48148148148148145}, {""lo"": 0.6000000000000001, ""hi"": 0.7000000000000001, ""n"": 17, ""conf"": 0.6582556987962853, ""acc"": 0.35294117647058826}, {""lo"": 0.7000000000000001, ""hi"": 0.8, ""n"": 10, ""conf"": 0.7667332625838552, ""acc"": 0.6}, {""lo"": 0.8, ""hi"": 0.9, ""n"": 5, ""conf"": 0.8530949699824475, ""acc"": 0.8}, {""lo"": 0.9, ""hi"": 1.0, ""n"": 0, ""conf"": null, ""acc"": null}]",,0.45
synthetic,hi,0.300,0.00,4,rank16,600,181,0.3016666666666667,0.9794828518308523,0.955781970533152,0.15657726385852122,0.2846459495001218,0.36127744510978044,1.0,0.6033333333333334,1.0,0.8442211055276382,0.9281767955801105,"[{""lo"": 0.0, ""hi"": 0.1, ""n"": 0, ""conf"": null, ""acc"": null}, {""lo"": 0.1, ""hi"": 0.2, ""n"": 0, ""conf"": null, ""acc"": null}, {""lo"": 0.2, ""hi"": 0.30000000000000004, ""n"": 99, ""conf"": 0.27879449611617896, ""acc"": 0.0}, {""lo"": 0.30000000000000004, ""hi"": 0.4, ""n"": 121, ""conf"": 0.34418870625623904, ""acc"": 0.0}, {""lo"": 0.4, ""hi"": 0.5, ""n"": 80, ""conf"": 0.4479359609492823, ""acc"": 0.0}, {""lo"": 0.5, ""hi"": 0.6000000000000001, ""n"": 50, ""conf"": 0.5482215036555526, ""acc"": 0.1}, {""lo"": 0.6000000000000001, ""hi"": 0.7000000000000001, ""n"": 51, ""conf"": 0.6393044290939341, ""acc"": 0.1568627450980392}, {""lo"": 0.7000000000000001, ""hi"": 0.8, ""n"": 38, ""conf"": 0.7558985632026838, ""acc"": 0.47368421052631576}, {""lo"": 0.8, ""hi"": 0.9, ""n"": 161, ""conf"": 0.8822021255692322, ""acc"": 0.9316770186335404}, {""lo"": 0.9, ""hi"": 1.0, ""n"": 0, ""conf"": null, ""acc"": null}]",,0.23
synthetic,hi,0.300,0.40,0,default,364,121,0.3324175824175824,0.6125905519844914,0.4650297246949247,0.21487126323954414,0.03850674412448,0.38461538461538464,0.7024793388429752,0.5416666666666666,0.21487603305785125,0.7777777777777778,0.05785123966942149,"[{""lo"": 0.0, ""hi"": 0.1, ""n"": 0, ""conf"": null, ""acc"": null}, {""lo"": 0.1, ""hi"": 0.2, ""n"": 0, ""conf"": null, ""acc"": null}, {""lo"": 0.2, ""hi"": 0.30000000000000004, ""n"": 143, ""conf"": 0.27365642557293657, ""acc"": 0.2517482517482518}, {""lo"": 0.30000000000000004, ""hi"": 0.4, ""n"": 122, ""conf"": 0.3397199590446433, ""acc"": 0.3442622950819672}, {""lo"": 0.4, ""hi"": 0.5, ""n"": 51, ""conf"": 0.4466196748091187, ""acc"": 0.3333333333333333}, {""lo"": 0.5, ""hi"": 0.6000000000000001, ""n"": 24, ""conf"": 0.5496053976129823, ""acc"": 0.4583333333333333}, {""lo"": 0.6000000000000001, ""hi"": 0.7000000000000001, ""n"": 15, ""conf"": 0.6529374467958983, ""acc"": 0.5333333333333333}, {""lo"": 0.7000000000000001, ""hi"": 0.8, ""n"": 7, ""conf"": 0.7541769121382497, ""acc"": 0.7142857142857143}, {""lo"": 0.8, ""hi"": 0.9, ""n"": 2, ""conf"": 0.8560060185277871, ""acc"": 1.0}, {""lo"": 0.9, ""hi"": 1.0, ""n"": 0, ""conf"": null, ""acc"": null}]",,0.23
synthetic,hi,0.300,0.00,4,default,600,181,0.3016666666666667,0.7446960007384062,0.5469027955390242,0.188806593164607,0.07932207540750642,0.4322766570605187,0.8287292817679558,0.6349206349206349,0.22099447513812154,0.8461538461538461,0.06077348066298342,"[{""lo"": 0.0, ""hi"": 0.1, ""n"": 0, ""conf"": null, ""acc"": null}, {""lo"": 0.1, ""hi"": 0.2, ""n"": 0, ""conf"": null, ""acc"": null}, {""lo"": 0.2, ""hi"": 0.30000000000000004, ""n"": 253, ""conf"": 0.2738060168937924, ""acc"": 0.1225296442687747}, {""lo"": 0.30000000000000004, ""hi"": 0.4, ""n"": 208, ""conf"": 0.33817615651733146, ""acc"": 0.34615384615384615}, {""lo"": 0.4, ""hi"": 0.5, ""n"": 76, ""conf"": 0.44122616169733814, ""acc"": 0.5}, {""lo"": 0.5, ""hi"": 0.6000000000000001, ""n"": 28, ""conf"": 0.5378975316756545, ""acc"": 0.5714285714285714}, {""lo"": 0.6000000000000001, ""hi"": 0.7000000000000001, ""n"": 22, ""conf"": 0.6408301176186674, ""acc"": 0.5909090909090909}, {""lo"": 0.7000000000000001, ""hi"": 0.8, ""n"": 10, ""conf"": 0.7298230542472864, ""acc"": 0.8}, {""lo"": 0.8, ""hi"": 0.9, ""n"": 3, ""conf"": 0.8482497810808218, ""acc"": 1.0}, {""lo"": 0.9, ""hi"": 1.0, ""n"": 0, ""conf"": null, ""acc"": null}]",,0.45
synthetic,hi,0.300,0.40,0,rank16,364,121,0.3324175824175824,0.9664660068700472,0.9343879643817714,0.17443195540214831,0.2670415672585375,0.37577639751552794,1.0,0.5660377358490566,0.9917355371900827,0.8308823529411765,0.9338842975206612,"[{""lo"": 0.0, ""hi"": 0.1, ""n"": 0, ""conf"": null, ""acc"": null}, {""lo"": 0.1, ""hi"": 0.2, ""n"": 0, ""conf"": null, ""acc"": null}, {""lo"": 0.2, ""hi"": 0.30000000000000004, ""n"": 42, ""conf"": 0.27407455024503136, ""acc"": 0.0}, {""lo"": 0.30000000000000004, ""hi"": 0.4, ""n"": 66, ""conf"": 0.34973372333718117, ""acc"": 0.0}, {""lo"": 0.4, ""hi"": 0.5, ""n"": 44, ""conf"": 0.4449480453590711, ""acc"": 0.022727272727272728}, {""lo"": 0.5, ""hi"": 0.6000000000000001, ""n"": 39, ""conf"": 0.5484416629628113, ""acc"": 0.02564102564102564}, {""lo"": 0.6000000000000001, ""hi"": 0.7000000000000001, ""n"": 37, ""conf"": 0.6522195260427477, ""acc"": 0.16216216216216217}, {""lo"": 0.7000000000000001, ""hi"": 0.8, ""n"": 16, ""conf"": 0.7470264914382758, ""acc"": 0.4375}, {""lo"": 0.8, ""hi"": 0.9, ""n"": 120, ""conf"": 0.8786825962198371, ""acc"": 0.8833333333333333}, {""lo"": 0.9, ""hi"": 1.0, ""n"": 0, ""conf"": null, ""acc"": null}]",,0.16
synthetic,hi,0.300,0.40,1,rank16,361,98,0.27146814404432135,0.979397842787305,0.9450019376485042,0.16927009086969583,0.2929750976996686,0.31309904153354634,1.0,0.5414364640883977,1.0,0.7647058823529411,0.9285714285714286,"[{""lo"": 0.0, ""hi"": 0.1, ""n"": 0, ""conf"": null, ""acc"": null}, {""lo"": 0.1, ""hi"": 0.2, ""n"": 0, ""conf"": null, ""acc"": null}, {""lo"": 0.2, ""hi"": 0.30000000000000004, ""n"": 48, ""conf"": 0.2746982628912959, ""acc"": 0.0}, {""lo"": 0.30000000000000004, ""hi"": 0.4, ""n"": 88, ""conf"": 0.34240579022381057, ""acc"": 0.0}, {""lo"": 0.4, ""hi"": 0.5, ""n"": 44, ""conf"": 0.44905336160961284, ""acc"": 0.0}, {""lo"": 0.5, ""hi"": 0.6000000000000001, ""n"": 34, ""conf"": 0.5415321514119185, ""acc"": 0.0}, {""lo"": 0.6000000000000001, ""hi"": 0.7000000000000001, ""n"": 28, ""conf"": 0.6516446393343616, ""acc"": 0.25}, {""lo"": 0.7000000000000001, ""hi"": 0.8, ""n"": 28, ""conf"": 0.7402097824944719, ""acc"": 0.32142857142857145}, {""lo"": 0.8, ""hi"": 0.9, ""n"": 91, ""conf"": 0.8867646237245351, ""acc"": 0.9010989010989011}, {""lo"": 0.9, ""hi"": 1.0, ""n"": 0, ""conf"": null, ""acc"": null}]",,0.15
synthetic,hi,0.300,0.40,1,default,361,98,0.27146814404432135,0.7925816714518508,0.587639426522549,0.17218837841508938,0.1461815639328821,0.41509433962264153,0.8979591836734694,0.5531914893617021,0.2653061224489796,0.9230769230769231,0.12244897959183673,"[{""lo"": 0.0, ""hi"": 0.1, ""n"": 0, ""conf"": null, ""acc"": null}, {""lo"": 0.1, ""hi"": 0.2, ""n"": 0, ""conf"": null, ""acc"": null}, {""lo"": 0.2, ""hi"": 0.30000000000000004, ""n"": 149, ""conf"": 0.27268687361616367, ""acc"": 0.06711409395973154}, {""lo"": 0.30000000000000004, ""hi"": 0.4, ""n"": 126, ""conf"": 0.3438919667683289, ""acc"": 0.29365079365079366}, {""lo"": 0.4, ""hi"": 0.5, ""n"": 39, ""conf"": 0.4514983881070252, ""acc"": 0.6410256410256411}, {""lo"": 0.5, ""hi"": 0.6000000000000001, ""n"": 22, ""conf"": 0.5551264430385487, ""acc"": 0.3181818181818182}, {""lo"": 0.6000000000000001, ""hi"": 0.7000000000000001, ""n"": 12, ""conf"": 0.6312133130166245, ""acc"": 0.5833333333333334}, {""lo"": 0.7000000000000001, ""hi"": 0.8, ""n"": 9, ""conf"": 0.7497351182658206, ""acc"": 1.0}, {""lo"": 0.8, ""hi"": 0.9, ""n"": 4, ""conf"": 0.844881073917853, ""acc"": 0.75}, {""lo"": 0.9, ""hi"": 1.0, ""n"": 0, ""conf"": null, ""acc"": null}]",,0.22
synthetic,hi,0.300,0.40,2,default,366,96,0.26229508196721313,0.8116512345679012,0.622447092201944,0.16525918560792544,0.1322518840475837,0.4,0.8541666666666666,0.6341463414634146,0.2708333333333333,0.8888888888888888,0.08333333333333333,"[{""lo"": 0.0, ""hi"": 0.1, ""n"": 0, ""conf"": null, ""acc"": null}, {""lo"": 0.1, ""hi"": 0.2, ""n"": 0, ""conf"": null, ""acc"": null}, {""lo"": 0.2, ""hi"": 0.30000000000000004, ""n"": 161, ""conf"": 0.2726761149777098, ""acc"": 0.08695652173913043}, {""lo"": 0.30000000000000004, ""hi"": 0.4, ""n"": 116, ""conf"": 0.3354386730691941, ""acc"": 0.25}, {""lo"": 0.4, ""hi"": 0.5, ""n"": 48, ""conf"": 0.4488783387049818, ""acc"": 0.5625}, {""lo"": 0.5, ""hi"": 0.6000000000000001, ""n"": 21, ""conf"": 0.5435461284458624, ""acc"": 0.47619047619047616}, {""lo"": 0.6000000000000001, ""hi"": 0.7000000000000001, ""n"": 11, ""conf"": 0.6394208557697475, ""acc"": 0.7272727272727273}, {""lo"": 0.7000000000000001, ""hi"": 0.8, ""n"": 4, ""conf"": 0.7449797103349257, ""acc"": 0.75}, {""lo"": 0.8, ""hi"": 0.9, ""n"": 5, ""conf"": 0.8524622421478465, ""acc"": 1.0}, {""lo"": 0.9, ""hi"": 1.0, ""n"": 0, ""conf"": null, ""acc"": null}]",,0.22
synthetic,hi,0.300,0.40,2,rank16,366,96,0.26229508196721313,0.9804398148148148,0.939579903350202,0.17330844187058855,0.3042394858558772,0.3076923076923077,1.0,0.518918918918919,1.0,0.7540983606557377,0.9583333333333334,"[{""lo"": 0.0, ""hi"": 0.1, ""n"": 0, ""conf"": null, ""acc"": null}, {""lo"": 0.1, ""hi"": 0.2, ""n"": 0, ""conf"": null, ""acc"": null}, {""lo"": 0.2, ""hi"": 0.30000000000000004, ""n"": 54, ""conf"": 0.27632203275733547, ""acc"": 0.0}, {""lo"": 0.30000000000000004, ""hi"": 0.4, ""n"": 74, ""conf"": 0.3415248889622959, ""acc"": 0.0}, {""lo"": 0.4, ""hi"": 0.5, ""n"": 53, ""conf"": 0.44172022277896095, ""acc"": 0.0}, {""lo"": 0.5, ""hi"": 0.6000000000000001, ""n"": 41, ""conf"": 0.5440417705065632, ""acc"": 0.0}, {""lo"": 0.6000000000000001, ""hi"": 0.7000000000000001, ""n"": 22, ""conf"": 0.6475772068800045, ""acc"": 0.18181818181818182}, {""lo"": 0.7000000000000001, ""hi"": 0.8, ""n"": 31, ""conf"": 0.7476036007035604, ""acc"": 0.3225806451612903}, {""lo"": 0.8, ""hi"": 0.9, ""n"": 91, ""conf"": 0.8789216956052686, ""acc"": 0.9010989010989011}, {""lo"": 0.9, ""hi"": 1.0, ""n"": 0, ""conf"": null, ""acc"": null}]",,0.15
synthetic,hi,0.300,0.40,3,rank16,354,107,0.3022598870056497,0.970978848991638,0.9395146307697518,0.17109381344662017,0.28947619526431534,0.3474025974025974,1.0,0.5661375661375662,1.0,0.784,0.9158878504672897,"[{""lo"": 0.0, ""hi"": 0.1, ""n"": 0, ""conf"": null, ""acc"": null}, {""lo"": 0.1, ""hi"": 0.2, ""n"": 0, ""conf"": null, ""acc"": null}, {""lo"": 0.2, ""hi"": 0.30000000000000004, ""n"": 46, ""conf"": 0.28058145332206447, ""acc"": 0.0}, {""lo"": 0.30000000000000004, ""hi"": 0.4, ""n"": 77, ""conf"": 0.3435275873105983, ""acc"": 0.0}, {""lo"": 0.4, ""hi"": 0.5, ""n"": 42, ""conf"": 0.4442342776266024, ""acc"": 0.0}, {""lo"": 0.5, ""hi"": 0.6000000000000001, ""n"": 32, ""conf"": 0.5458537688670133, ""acc"": 0.0625}, {""lo"": 0.6000000000000001, ""hi"": 0.7000000000000001, ""n"": 32, ""conf"": 0.642356787794444, ""acc"": 0.21875}, {""lo"": 0.7000000000000001, ""hi"": 0.8, ""n"": 24, ""conf"": 0.7490794262216193, ""acc"": 0.25}, {""lo"": 0.8, ""hi"": 0.9, ""n"": 101, ""conf"": 0.8766562540095664, ""acc"": 0.9108910891089109}, {""lo"": 0.9, ""hi"": 1.0, ""n"": 0, ""conf"": null, ""acc"": null}]",,0.15
synthetic,hi,0.300,0.40,3,default,354,107,0.3022598870056497,0.8011653865072459,0.6300829743456059,0.17656476916241,0.09231962723029304,0.4266666666666667,0.897196261682243,0.6666666666666666,0.37383177570093457,0.8571428571428571,0.11214953271028037,"[{""lo"": 0.0, ""hi"": 0.1, ""n"": 0, ""conf"": null, ""acc"": null}, {""lo"": 0.1, ""hi"": 0.2, ""n"": 0, ""conf"": null, ""acc"": null}, {""lo"": 0.2, ""hi"": 0.30000000000000004, ""n"": 129, ""conf"": 0.27235653687187417, ""acc"": 0.08527131782945736}, {""lo"": 0.30000000000000004, ""hi"": 0.4, ""n"": 120, ""conf"": 0.33833809482759414, ""acc"": 0.3}, {""lo"": 0.4, ""hi"": 0.5, ""n"": 45, ""conf"": 0.4435803249468963, ""acc"": 0.4444444444444444}, {""lo"": 0.5, ""hi"": 0.6000000000000001, ""n"": 30, ""conf"": 0.554313650841842, ""acc"": 0.5333333333333333}, {""lo"": 0.6000000000000001, ""hi"": 0.7000000000000001, ""n"": 16, ""conf"": 0.6524202917373594, ""acc"": 0.75}, {""lo"": 0.7000000000000001, ""hi"": 0.8, ""n"": 9, ""conf"": 0.7363464913498776, ""acc"": 0.8888888888888888}, {""lo"": 0.8, ""hi"": 0.9, ""n"": 5, ""conf"": 0.8688263182084791, ""acc"": 0.8}, {""lo"": 0.9, ""hi"": 1.0, ""n"": 0, ""conf"": null, ""acc"": null}]",,0.21
synthetic,hi,0.300,0.40,4,rank16,356,89,0.25,0.9858603711652569,0.9627871907482703,0.1734889213681796,0.2998954641805036,0.288961038961039,1.0,0.5174418604651163,1.0,0.8018867924528302,0.9550561797752809,"[{""lo"": 0.0, ""hi"": 0.1, ""n"": 0, ""conf"": null, ""acc"": null}, {""lo"": 0.1, ""hi"": 0.2, ""n"": 0, ""conf"": null, ""acc"": null}, {""lo"": 0.2, ""hi"": 0.30000000000000004, ""n"": 48, ""conf"": 0.2729157831685461, ""acc"": 0.0}, {""lo"": 0.30000000000000004, ""hi"": 0.4, ""n"": 88, ""conf"": 0.34844471546073486, ""acc"": 0.0}, {""lo"": 0.4, ""hi"": 0.5, ""n"": 48, ""conf"": 0.44379064941100926, ""acc"": 0.0}, {""lo"": 0.5, ""hi"": 0.6000000000000001, ""n"": 31, ""conf"": 0.5503772137940416, ""acc"": 0.0}, {""lo"": 0.6000000000000001, ""hi"": 0.7000000000000001, ""n"": 35, ""conf"": 0.651949256844443, ""acc"": 0.11428571428571428}, {""lo"": 0.7000000000000001, ""hi"": 0.8, ""n"": 19, ""conf"": 0.7492452085407955, ""acc"": 0.5263157894736842}, {""lo"": 0.8, ""hi"": 0.9, ""n"": 87, ""conf"": 0.8802547694764372, ""acc"": 0.8620689655172413}, {""lo"": 0.9, ""hi"": 1.0, ""n"": 0, ""conf"": null, ""acc"": null}]",,0.13
synthetic,hi,0.300,0.40,4,default,356,89,0.25,0.8310819340992298,0.6791845538340741,0.1579313505688196,0.1405471632682006,0.40816326530612246,0.898876404494382,0.8709677419354839,0.30337078651685395,1.0,0.07865168539325842,"[{""lo"": 0.0, ""hi"": 0.1, ""n"": 0, ""conf"": null, ""acc"": null}, {""lo"": 0.1, ""hi"": 0.2, ""n"": 0, ""conf"": null, ""acc"": null}, {""lo"": 0.2, ""hi"": 0.30000000000000004, ""n"": 160, ""conf"": 0.2706527882584745, ""acc"": 0.05625}, {""lo"": 0.30000000000000004, ""hi"": 0.4, ""n"": 114, ""conf"": 0.3389492863185825, ""acc"": 0.2894736842105263}, {""lo"": 0.4, ""hi"": 0.5, ""n"": 51, ""conf"": 0.43956378118972267, ""acc"": 0.39215686274509803}, {""lo"": 0.5, ""hi"": 0.6000000000000001, ""n"": 19, ""conf"": 0.5469933174002104, ""acc"": 0.7894736842105263}, {""lo"": 0.6000000000000001, ""hi"": 0.7000000000000001, ""n"": 5, ""conf"": 0.632027025723013, ""acc"": 1.0}, {""lo"": 0.7000000000000001, ""hi"": 0.8, ""n"": 2, ""conf"": 0.7559242663597805, ""acc"": 1.0}, {""lo"": 0.8, ""hi"": 0.9, ""n"": 5, ""conf"": 0.8525541573864281, ""acc"": 1.0}, {""lo"": 0.9, ""hi"": 1.0, ""n"": 0, ""conf"": null, ""acc"": null}]",,0.2
synthetic,hi,0.400,0.00,0,rank16,600,227,0.37833333333333335,0.9742060445725218,0.9618844551280978,0.157991877148505,0.27568739482520255,0.4172794117647059,1.0,0.6215469613259669,0.9911894273127754,0.8813559322033898,0.9162995594713657,"[{""lo"": 0.0, ""hi"": 0.1, ""n"": 0, ""conf"": null, ""acc"": null}, {""lo"": 0.1, ""hi"": 0.2, ""n"": 0, ""conf"": null, ""acc"": null}, {""lo"": 0.2, ""hi"": 0.30000000000000004, ""n"": 56, ""conf"": 0.27984854186011937, ""acc"": 0.0}, {""lo"": 0.30000000000000004, ""hi"": 0.4, ""n"": 107, ""conf"": 0.34708744735317604, ""acc"": 0.0}, {""lo"": 0.4, ""hi"": 0.5, ""n"": 75, ""conf"": 0.4502991436327744, ""acc"": 0.02666666666666667}, {""lo"": 0.5, ""hi"": 0.6000000000000001, ""n"": 75, ""conf"": 0.5516409122520236, ""acc"": 0.06666666666666667}, {""lo"": 0.6000000000000001, ""hi"": 0.7000000000000001, ""n"": 51, ""conf"": 0.6569244385093207, ""acc"": 0.23529411764705882}, {""lo"": 0.7000000000000001, ""hi"": 0.8, ""n"": 52, ""conf"": 0.7484793509000228, ""acc"": 0.5961538461538461}, {""lo"": 0.8, ""hi"": 0.9, ""n"": 184, ""conf"": 0.8802555169454969, ""acc"": 0.9619565217391305}, {""lo"": 0.9, ""hi"": 1.0, ""n"": 0, ""conf"": null, ""acc"": null}]",,0.23
synthetic,hi,0.400,0.00,1,rank16,600,235,0.39166666666666666,0.9721247449723114,0.9562690293261916,0.15549049283522384,0.2523136374182804,0.426497277676951,1.0,0.6619718309859155,1.0,0.841897233201581,0.9063829787234042,"[{""lo"": 0.0, ""hi"": 0.1, ""n"": 0, ""conf"": null, ""acc"": null}, {""lo"": 0.1, ""hi"": 0.2, ""n"": 0, ""conf"": null, ""acc"": null}, {""lo"": 0.2, ""hi"": 0.30000000000000004, ""n"": 49, ""conf"": 0.2748062460941782, ""acc"": 0.0}, {""lo"": 0.30000000000000004, ""hi"": 0.4, ""n"": 108, ""conf"": 0.34844898175480216, ""acc"": 0.0}, {""lo"": 0.4, ""hi"": 0.5, ""n"": 88, ""conf"": 0.44533294470981405, ""acc"": 0.0}, {""lo"": 0.5, ""hi"": 0.6000000000000001, ""n"": 59, ""conf"": 0.549221353827692, ""acc"": 0.0847457627118644}, {""lo"": 0.6000000000000001, ""hi"": 0.7000000000000001, ""n"": 43, ""conf"": 0.6532558101532008, ""acc"": 0.3953488372093023}, {""lo"": 0.7000000000000001, ""hi"": 0.8, ""n"": 53, ""conf"": 0.7465830716679822, ""acc"": 0.5094339622641509}, {""lo"": 0.8, ""hi"": 0.9, ""n"": 200, ""conf"": 0.8798103764122663, ""acc"": 0.93}, {""lo"": 0.9, ""hi"": 1.0, ""n"": 0, ""conf"": null, ""acc"": null}]",,0.24
synthetic,hi,0.400,0.00,0,default,600,227,0.37833333333333335,0.6277237779168783,0.5470625494171315,0.2195695596968102,0.030407364549212113,0.45,0.7136563876651982,0.6153846153846154,0.21145374449339208,0.9375,0.06607929515418502,"[{""lo"": 0.0, ""hi"": 0.1, ""n"": 0, ""conf"": null, ""acc"": null}, {""lo"": 0.1, ""hi"": 0.2, ""n"": 0, ""conf"": null, ""acc"": null}, {""lo"": 0.2, ""hi"": 0.30000000000000004, ""n"": 240, ""conf"": 0.2760689387875059, ""acc"": 0.2708333333333333}, {""lo"": 0.30000000000000004, ""hi"": 0.4, ""n"": 216, ""conf"": 0.3385434340142099, ""acc"": 0.37037037037037035}, {""lo"": 0.4, ""hi"": 0.5, ""n"": 66, ""conf"": 0.4442172053754789, ""acc"": 0.5151515151515151}, {""lo"": 0.5, ""hi"": 0.6000000000000001, ""n"": 46, ""conf"": 0.5429756242045416, ""acc"": 0.4782608695652174}, {""lo"": 0.6000000000000001, ""hi"": 0.7000000000000001, ""n"": 16, ""conf"": 0.6483236748273422, ""acc"": 0.6875}, {""lo"": 0.7000000000000001, ""hi"": 0.8, ""n"": 6, ""conf"": 0.7602960089087664, ""acc"": 1.0}, {""lo"": 0.8, ""hi"": 0.9, ""n"": 10, ""conf"": 0.8610333140342039, ""acc"": 0.9}, {""lo"": 0.9, ""hi"": 1.0, ""n"": 0, ""conf"": null, ""acc"": null}]",,0.48
synthetic,hi,0.400,0.00,1,default,600,235,0.39166666666666666,0.6552375400757796,0.5334082155737967,0.22603844244689436,0.03651591789584241,0.46437994722955145,0.7489361702127659,0.5789473684210527,0.23404255319148937,0.6190476190476191,0.05531914893617021,"[{""lo"": 0.0, ""hi"": 0.1, ""n"": 0, ""conf"": null, ""acc"": null}, {""lo"": 0.1, ""hi"": 0.2, ""n"": 0, ""conf"": null, ""acc"": null}, {""lo"": 0.2, ""hi"": 0.30000000000000004, ""n"": 221, ""conf"": 0.27499868899238283, ""acc"": 0.2669683257918552}, {""lo"": 0.30000000000000004, ""hi"": 0.4, ""n"": 200, ""conf"": 0.341683194855899, ""acc"": 0.39}, {""lo"": 0.4, ""hi"": 0.5, ""n"": 84, ""conf"": 0.4443097853489671, ""acc"": 0.5119047619047619}, {""lo"": 0.5, ""hi"": 0.6000000000000001, ""n"": 46, ""conf"": 0.5468249675149612, ""acc"": 0.5434782608695652}, {""lo"": 0.6000000000000001, ""hi"": 0.7000000000000001, ""n"": 28, ""conf"": 0.6372432759457747, ""acc"": 0.6071428571428571}, {""lo"": 0.7000000000000001, ""hi"": 0.8, ""n"": 11, ""conf"": 0.7382225476213903, ""acc"": 0.6363636363636364}, {""lo"": 0.8, ""hi"": 0.9, ""n"": 10, ""conf"": 0.8676293154676668, ""acc"": 0.6}, {""lo"": 0.9, ""hi"": 1.0, ""n"": 0, ""conf"": null, ""acc"": null}]",,0.5
synthetic,hi,0.400,0.00,2,rank16,600,258,0.43,0.9568656784079062,0.9398091910440964,0.15842149049373191,0.21743902334439574,0.45422535211267606,1.0,0.6684210526315789,0.9844961240310077,0.8603773584905661,0.8837209302325582,"[{""lo"": 0.0, ""hi"": 0.1, ""n"": 0, ""conf"": null, ""acc"": null}, {""lo"": 0.1, ""hi"": 0.2, ""n"": 0, ""conf"": null, ""acc"": null}, {""lo"": 0.2, ""hi"": 0.30000000000000004, ""n"": 32, ""conf"": 0.28115822532530554, ""acc"": 0.0}, {""lo"": 0.30000000000000004, ""hi"": 0.4, ""n"": 104, ""conf"": 0.3476146998798238, ""acc"": 0.009615384615384616}, {""lo"": 0.4, ""hi"": 0.5, ""n"": 84, ""conf"": 0.4509721966325141, ""acc"": 0.03571428571428571}, {""lo"": 0.5, ""hi"": 0.6000000000000001, ""n"": 65, ""conf"": 0.5514113385939741, ""acc"": 0.06153846153846154}, {""lo"": 0.6000000000000001, ""hi"": 0.7000000000000001, ""n"": 50, ""conf"": 0.6515609444678357, ""acc"": 0.44}, {""lo"": 0.7000000000000001, ""hi"": 0.8, ""n"": 73, ""conf"": 0.7555260958791948, ""acc"": 0.726027397260274}, {""lo"": 0.8, ""hi"": 0.9, ""n"": 192, ""conf"": 0.8757314153103465, ""acc"": 0.9114583333333334}, {""lo"": 0.9, ""hi"": 1.0, ""n"": 0, ""conf"": null, ""acc"": null}]",,0.22
synthetic,hi,0.400,0.00,3,rank16,600,242,0.4033333333333333,0.9698508703079551,0.9556022221565845,0.15389800174273888,0.2590697871231338,0.45149253731343286,1.0,0.6531165311653117,0.9958677685950413,0.8365019011406845,0.9090909090909091,"[{""lo"": 0.0, ""hi"": 0.1, ""n"": 0, ""conf"": null, ""acc"": null}, {""lo"": 0.1, ""hi"": 0.2, ""n"": 0, ""conf"": null, ""acc"": null}, {""lo"": 0.2, ""hi"": 0.30000000000000004, ""n"": 64, ""conf"": 0.27844771631563214, ""acc"": 0.0}, {""lo"": 0.30000000000000004, ""hi"": 0.4, ""n"": 108, ""conf"": 0.34694560556468407, ""acc"": 0.009259259259259259}, {""lo"": 0.4, ""hi"": 0.5, ""n"": 59, ""conf"": 0.4492635265925263, ""acc"": 0.0}, {""lo"": 0.5, ""hi"": 0.6000000000000001, ""n"": 54, ""conf"": 0.5445515373723564, ""acc"": 0.09259259259259259}, {""lo"": 0.6000000000000001, ""hi"": 0.7000000000000001, ""n"": 52, ""conf"": 0.6434356538176409, ""acc"": 0.3076923076923077}, {""lo"": 0.7000000000000001, ""hi"": 0.8, ""n"": 58, ""conf"": 0.74553234503459, ""acc"": 0.43103448275862066}, {""lo"": 0.8, ""hi"": 0.9, ""n"": 205, ""conf"": 0.8802964296043703, ""acc"": 0.9512195121951219}, {""lo"": 0.9, ""hi"": 1.0, ""n"": 0, ""conf"": null, ""acc"": null}]",,0.2
synthetic,hi,0.400,0.00,2,default,600,258,0.43,0.5521555827553379,0.48214391574998305,0.2523684519587456,0.08497502390816755,0.442159383033419,0.6666666666666666,0.5180722891566265,0.16666666666666666,0.4375,0.027131782945736434,"[{""lo"": 0.0, ""hi"": 0.1, ""n"": 0, ""conf"": null, ""acc"": null}, {""lo"": 0.1, ""hi"": 0.2, ""n"": 0, ""conf"": null, ""acc"": null}, {""lo"": 0.2, ""hi"": 0.30000000000000004, ""n"": 211, ""conf"": 0.2738128661004471, ""acc"": 0.4075829383886256}, {""lo"": 0.30000000000000004, ""hi"": 0.4, ""n"": 210, ""conf"": 0.34374693794864586, ""acc"": 0.3952380952380952}, {""lo"": 0.4, ""hi"": 0.5, ""n"": 96, ""conf"": 0.4412704878277037, ""acc"": 0.4791666666666667}, {""lo"": 0.5, ""hi"": 0.6000000000000001, ""n"": 47, ""conf"": 0.5481187601419977, ""acc"": 0.5106382978723404}, {""lo"": 0.6000000000000001, ""hi"": 0.7000000000000001, ""n"": 20, ""conf"": 0.6555774719651222, ""acc"": 0.6}, {""lo"": 0.7000000000000001, ""hi"": 0.8, ""n"": 9, ""conf"": 0.7130583595472025, ""acc"": 0.5555555555555556}, {""lo"": 0.8, ""hi"": 0.9, ""n"": 7, ""conf"": 0.8596709272669842, ""acc"": 0.2857142857142857}, {""lo"": 0.9, ""hi"": 1.0, ""n"": 0, ""conf"": null, ""acc"": null}]",,0.52
synthetic,hi,0.400,0.00,3,default,600,242,0.4033333333333333,0.6220970497252873,0.520507335353258,0.23395703568929443,0.05617009665057754,0.4641025641025641,0.7479338842975206,0.5421686746987951,0.1859504132231405,0.631578947368421,0.049586776859504134,"[{""lo"": 0.0, ""hi"": 0.1, ""n"": 0, ""conf"": null, ""acc"": null}, {""lo"": 0.1, ""hi"": 0.2, ""n"": 0, ""conf"": null, ""acc"": null}, {""lo"": 0.2, ""hi"": 0.30000000000000004, ""n"": 210, ""conf"": 0.2731584081161108, ""acc"": 0.2904761904761905}, {""lo"": 0.30000000000000004, ""hi"": 0.4, ""n"": 221, ""conf"": 0.3412378287212612, ""acc"": 0.39819004524886875}, {""lo"": 0.4, ""hi"": 0.5, ""n"": 86, ""conf"": 0.4367868474611608, ""acc"": 0.5581395348837209}, {""lo"": 0.5, ""hi"": 0.6000000000000001, ""n"": 38, ""conf"": 0.5373068314636171, ""acc"": 0.5263157894736842}, {""lo"": 0.6000000000000001, ""hi"": 0.7000000000000001, ""n"": 26, ""conf"": 0.6391284093313108, ""acc"": 0.5}, {""lo"": 0.7000000000000001, ""hi"": 0.8, ""n"": 12, ""conf"": 0.7447206805111436, ""acc"": 0.5}, {""lo"": 0.8, ""hi"": 0.9, ""n"": 7, ""conf"": 0.8672723313461551, ""acc"": 0.8571428571428571}, {""lo"": 0.9, ""hi"": 1.0, ""n"": 0, ""conf"": null, ""acc"": null}]",,0.46
synthetic,hi,0.400,0.00,4,rank16,600,271,0.45166666666666666,0.9703114660325934,0.9669845732777718,0.15126232741768514,0.2396997380682267,0.483065953654189,1.0,0.6658354114713217,0.985239852398524,0.8833922261484098,0.922509225092251,"[{""lo"": 0.0, ""hi"": 0.1, ""n"": 0, ""conf"": null, ""acc"": null}, {""lo"": 0.1, ""hi"": 0.2, ""n"": 0, ""conf"": null, ""acc"": null}, {""lo"": 0.2, ""hi"": 0.30000000000000004, ""n"": 39, ""conf"": 0.2727615425103656, ""acc"": 0.0}, {""lo"": 0.30000000000000004, ""hi"": 0.4, ""n"": 96, ""conf"": 0.3540952981035961, ""acc"": 0.0}, {""lo"": 0.4, ""hi"": 0.5, ""n"": 64, ""conf"": 0.4431117454876371, ""acc"": 0.0625}, {""lo"": 0.5, ""hi"": 0.6000000000000001, ""n"": 62, ""conf"": 0.5472367252668829, ""acc"": 0.016129032258064516}, {""lo"": 0.6000000000000001, ""hi"": 0.7000000000000001, ""n"": 56, ""conf"": 0.6449705315531171, ""acc"": 0.2857142857142857}, {""lo"": 0.7000000000000001, ""hi"": 0.8, ""n"": 57, ""conf"": 0.7510719810621284, ""acc"": 0.631578947368421}, {""lo"": 0.8, ""hi"": 0.9, ""n"": 226, ""conf"": 0.8806561384963931, ""acc"": 0.9469026548672567}, {""lo"": 0.9, ""hi"": 1.0, ""n"": 0, ""conf"": null, ""acc"": null}]",,0.23
synthetic,hi,0.400,0.40,0,default,378,150,0.3968253968253968,0.5828362573099416,0.5025631943425299,0.2362574143908432,0.061462539213623366,0.41353383458646614,0.7333333333333333,0.4838709677419355,0.2,0.75,0.08,"[{""lo"": 0.0, ""hi"": 0.1, ""n"": 0, ""conf"": null, ""acc"": null}, {""lo"": 0.1, ""hi"": 0.2, ""n"": 0, ""conf"": null, ""acc"": null}, {""lo"": 0.2, ""hi"": 0.30000000000000004, ""n"": 112, ""conf"": 0.27498363960132394, ""acc"": 0.35714285714285715}, {""lo"": 0.30000000000000004, ""hi"": 0.4, ""n"": 142, ""conf"": 0.34282523273285787, ""acc"": 0.34507042253521125}, {""lo"": 0.4, ""hi"": 0.5, ""n"": 62, ""conf"": 0.4450541707345914, ""acc"": 0.5}, {""lo"": 0.5, ""hi"": 0.6000000000000001, ""n"": 30, ""conf"": 0.5476761833918038, ""acc"": 0.36666666666666664}, {""lo"": 0.6000000000000001, ""hi"": 0.7000000000000001, ""n"": 16, ""conf"": 0.6420757234850611, ""acc"": 0.4375}, {""lo"": 0.7000000000000001, ""hi"": 0.8, ""n"": 12, ""conf"": 0.7504445980712854, ""acc"": 0.6666666666666666}, {""lo"": 0.8, ""hi"": 0.9, ""n"": 4, ""conf"": 0.8508207906655287, ""acc"": 1.0}, {""lo"": 0.9, ""hi"": 1.0, ""n"": 0, ""conf"": null, ""acc"": null}]",,0.22
synthetic,hi,0.400,0.00,4,default,600,271,0.45166666666666666,0.5787413497235276,0.5388794956235368,0.25205847522436575,0.09552961298244603,0.480719794344473,0.6900369003690037,0.589041095890411,0.15867158671586715,0.6111111111111112,0.04059040590405904,"[{""lo"": 0.0, ""hi"": 0.1, ""n"": 0, ""conf"": null, ""acc"": null}, {""lo"": 0.1, ""hi"": 0.2, ""n"": 0, ""conf"": null, ""acc"": null}, {""lo"": 0.2, ""hi"": 0.30000000000000004, ""n"": 211, ""conf"": 0.27497929128118825, ""acc"": 0.3981042654028436}, {""lo"": 0.30000000000000004, ""hi"": 0.4, ""n"": 238, ""conf"": 0.34307432988453446, ""acc"": 0.42436974789915966}, {""lo"": 0.4, ""hi"": 0.5, ""n"": 78, ""conf"": 0.4461014713642267, ""acc"": 0.5512820512820513}, {""lo"": 0.5, ""hi"": 0.6000000000000001, ""n"": 43, ""conf"": 0.548866596781782, ""acc"": 0.5581395348837209}, {""lo"": 0.6000000000000001, ""hi"": 0.7000000000000001, ""n"": 12, ""conf"": 0.6585246343211798, ""acc"": 0.6666666666666666}, {""lo"": 0.7000000000000001, ""hi"": 0.8, ""n"": 11, ""conf"": 0.739372860078989, ""acc"": 0.5454545454545454}, {""lo"": 0.8, ""hi"": 0.9, ""n"": 7, ""conf"": 0.8794944773327307, ""acc"": 0.7142857142857143}, {""lo"": 0.9, ""hi"": 1.0, ""n"": 0, ""conf"": null, ""acc"": null}]",,0.45
synthetic,hi,0.400,0.40,0,rank16,378,150,0.3968253968253968,0.9790935672514619,0.9681442539882406,0.15202871251722908,0.2501203556687876,0.4322766570605187,1.0,0.6521739130434783,1.0,0.8703703703703703,0.94,"[{""lo"": 0.0, ""hi"": 0.1, ""n"": 0, ""conf"": null, ""acc"": null}, {""lo"": 0.1, ""hi"": 0.2, ""n"": 0, ""conf"": null, ""acc"": null}, {""lo"": 0.2, ""hi"": 0.30000000000000004, ""n"": 31, ""conf"": 0.2812564809104689, ""acc"": 0.0}, {""lo"": 0.30000000000000004, ""hi"": 0.4, ""n"": 75, ""conf"": 0.3450515228390838, ""acc"": 0.0}, {""lo"": 0.4, ""hi"": 0.5, ""n"": 42, ""conf"": 0.4423641758272019, ""acc"": 0.0}, {""lo"": 0.5, ""hi"": 0.6000000000000001, ""n"": 33, ""conf"": 0.5483934014782889, ""acc"": 0.06060606060606061}, {""lo"": 0.6000000000000001, ""hi"": 0.7000000000000001, ""n"": 35, ""conf"": 0.6410699442869773, ""acc"": 0.2}, {""lo"": 0.7000000000000001, ""hi"": 0.8, ""n"": 28, ""conf"": 0.7404064679628152, ""acc"": 0.6071428571428571}, {""lo"": 0.8, ""hi"": 0.9, ""n"": 134, ""conf"": 0.8798315482453967, ""acc"": 0.9253731343283582}, {""lo"": 0.9, ""hi"": 1.0, ""n"": 0, ""conf"": null, ""acc"": null}]",,0.15
synthetic,hi,0.400,0.40,1,rank16,368,144,0.391304347826087,0.9561321924603176,0.9376316899437377,0.16248537885225495,0.23091093514876837,0.42857142857142855,1.0,0.6588785046728972,0.9791666666666666,0.8129032258064516,0.875,"[{""lo"": 0.0, ""hi"": 0.1, ""n"": 0, ""conf"": null, ""acc"": null}, {""lo"": 0.1, ""hi"": 0.2, ""n"": 0, ""conf"": null, ""acc"": null}, {""lo"": 0.2, ""hi"": 0.30000000000000004, ""n"": 32, ""conf"": 0.2812629432832542, ""acc"": 0.0}, {""lo"": 0.30000000000000004, ""hi"": 0.4, ""n"": 67, ""conf"": 0.33944321240831604, ""acc"": 0.014925373134328358}, {""lo"": 0.4, ""hi"": 0.5, ""n"": 55, ""conf"": 0.453564509183307, ""acc"": 0.03636363636363636}, {""lo"": 0.5, ""hi"": 0.6000000000000001, ""n"": 31, ""conf"": 0.545822496552385, ""acc"": 0.0967741935483871}, {""lo"": 0.6000000000000001, ""hi"": 0.7000000000000001, ""n"": 28, ""conf"": 0.6542063941467227, ""acc"": 0.42857142857142855}, {""lo"": 0.7000000000000001, ""hi"": 0.8, ""n"": 29, ""conf"": 0.7517311756248961, ""acc"": 0.4482758620689655}, {""lo"": 0.8, ""hi"": 0.9, ""n"": 126, ""conf"": 0.8789874111834175, ""acc"": 0.8968253968253969}, {""lo"": 0.9, ""hi"": 1.0, ""n"": 0, ""conf"": null, ""acc"": null}]",,0.15
synthetic,hi,0.400,0.40,1,default,368,144,0.391304347826087,0.6349516369047619,0.5243242750263728,0.22744482486665768,0.05219690738247219,0.46122448979591835,0.7847222222222222,0.5303030303030303,0.24305555555555555,0.75,0.0625,"[{""lo"": 0.0, ""hi"": 0.1, ""n"": 0, ""conf"": null, ""acc"": null}, {""lo"": 0.1, ""hi"": 0.2, ""n"": 0, ""conf"": null, ""acc"": null}, {""lo"": 0.2, ""hi"": 0.30000000000000004, ""n"": 123, ""conf"": 0.2730417954336405, ""acc"": 0.25203252032520324}, {""lo"": 0.30000000000000004, ""hi"": 0.4, ""n"": 121, ""conf"": 0.33974706994544784, ""acc"": 0.4132231404958678}, {""lo"": 0.4, ""hi"": 0.5, ""n"": 58, ""conf"": 0.44821341362121425, ""acc"": 0.4827586206896552}, {""lo"": 0.5, ""hi"": 0.6000000000000001, ""n"": 35, ""conf"": 0.5521276147543885, ""acc"": 0.4857142857142857}, {""lo"": 0.6000000000000001, ""hi"": 0.7000000000000001, ""n"": 19, ""conf"": 0.6341538984554149, ""acc"": 0.47368421052631576}, {""lo"": 0.7000000000000001, ""hi"": 0.8, ""n"": 7, ""conf"": 0.7323281230491886, ""acc"": 0.7142857142857143}, {""lo"": 0.8, ""hi"": 0.9, ""n"": 5, ""conf"": 0.8460814166881585, ""acc"": 0.8}, {""lo"": 0.9, ""hi"": 1.0, ""n"": 0, ""conf"": null, ""acc"": null}]",,0.22
synthetic,hi,0.400,0.40,2,rank16,366,140,0.3825136612021858,0.959228824273072,0.9371083387299372,0.1694472927995385,0.255901300464337,0.4229607250755287,1.0,0.6318181818181818,0.9928571428571429,0.7730061349693251,0.9,"[{""lo"": 0.0, ""hi"": 0.1, ""n"": 0, ""conf"": null, ""acc"": null}, {""lo"": 0.1, ""hi"": 0.2, ""n"": 0, ""conf"": null, ""acc"": null}, {""lo"": 0.2, ""hi"": 0.30000000000000004, ""n"": 35, ""conf"": 0.27950316022595967, ""acc"": 0.0}, {""lo"": 0.30000000000000004, ""hi"": 0.4, ""n"": 66, ""conf"": 0.3417337325172752, ""acc"": 0.0}, {""lo"": 0.4, ""hi"": 0.5, ""n"": 45, ""conf"": 0.4470277531963275, ""acc"": 0.022222222222222223}, {""lo"": 0.5, ""hi"": 0.6000000000000001, ""n"": 30, ""conf"": 0.552919741382048, ""acc"": 0.13333333333333333}, {""lo"": 0.6000000000000001, ""hi"": 0.7000000000000001, ""n"": 27, ""conf"": 0.6633269673252605, ""acc"": 0.3333333333333333}, {""lo"": 0.7000000000000001, ""hi"": 0.8, ""n"": 43, ""conf"": 0.7525762151507299, ""acc"": 0.37209302325581395}, {""lo"": 0.8, ""hi"": 0.9, ""n"": 120, ""conf"": 0.8804300624055083, ""acc"": 0.9166666666666666}, {""lo"": 0.9, ""hi"": 1.0, ""n"": 0, ""conf"": null, ""acc"": null}]",,0.14
synthetic,hi,0.400,0.40,2,default,366,140,0.3825136612021858,0.6694690265486727,0.5131521548935485,0.226180147269938,0.08329863341825232,0.4669421487603306,0.8071428571428572,0.576271186440678,0.24285714285714285,0.35714285714285715,0.03571428571428571,"[{""lo"": 0.0, ""hi"": 0.1, ""n"": 0, ""conf"": null, ""acc"": null}, {""lo"": 0.1, ""hi"": 0.2, ""n"": 0, ""conf"": null, ""acc"": null}, {""lo"": 0.2, ""hi"": 0.30000000000000004, ""n"": 124, ""conf"": 0.2743141606176479, ""acc"": 0.21774193548387097}, {""lo"": 0.30000000000000004, ""hi"": 0.4, ""n"": 138, ""conf"": 0.3399071387676459, ""acc"": 0.39855072463768115}, {""lo"": 0.4, ""hi"": 0.5, ""n"": 45, ""conf"": 0.4508629384552609, ""acc"": 0.5333333333333333}, {""lo"": 0.5, ""hi"": 0.6000000000000001, ""n"": 24, ""conf"": 0.5505263785503249, ""acc"": 0.7083333333333334}, {""lo"": 0.6000000000000001, ""hi"": 0.7000000000000001, ""n"": 21, ""conf"": 0.6513157712927857, ""acc"": 0.5714285714285714}, {""lo"": 0.7000000000000001, ""hi"": 0.8, ""n"": 6, ""conf"": 0.7463845263484218, ""acc"": 0.5}, {""lo"": 0.8, ""hi"": 0.9, ""n"": 8, ""conf"": 0.8406320031103309, ""acc"": 0.25}, {""lo"": 0.9, ""hi"": 1.0, ""n"": 0, ""conf"": null, ""acc"": null}]",,0.23
synthetic,hi,0.400,0.40,3,default,359,139,0.3871866295264624,0.6006867233485939,0.47481785208085403,0.23437719370413987,0.04928697551607118,0.4315352697095436,0.7482014388489209,0.4909090909090909,0.19424460431654678,0.5,0.03597122302158273,"[{""lo"": 0.0, ""hi"": 0.1, ""n"": 0, ""conf"": null, ""acc"": null}, {""lo"": 0.1, ""hi"": 0.2, ""n"": 0, ""conf"": null, ""acc"": null}, {""lo"": 0.2, ""hi"": 0.30000000000000004, ""n"": 118, ""conf"": 0.2735690721591543, ""acc"": 0.2966101694915254}, {""lo"": 0.30000000000000004, ""hi"": 0.4, ""n"": 131, ""conf"": 0.3396084647700085, ""acc"": 0.366412213740458}, {""lo"": 0.4, ""hi"": 0.5, ""n"": 55, ""conf"": 0.4458766128988243, ""acc"": 0.5272727272727272}, {""lo"": 0.5, ""hi"": 0.6000000000000001, ""n"": 32, ""conf"": 0.55108018868694, ""acc"": 0.53125}, {""lo"": 0.6000000000000001, ""hi"": 0.7000000000000001, ""n"": 13, ""conf"": 0.652527626908674, ""acc"": 0.38461538461538464}, {""lo"": 0.7000000000000001, ""hi"": 0.8, ""n"": 6, ""conf"": 0.727989499945923, ""acc"": 0.5}, {""lo"": 0.8, ""hi"": 0.9, ""n"": 4, ""conf"": 0.8754337829714605, ""acc"": 0.5}, {""lo"": 0.9, ""hi"": 1.0, ""n"": 0, ""conf"": null, ""acc"": null}]",,0.21
synthetic,hi,0.400,0.40,3,rank16,359,139,0.3871866295264624,0.9824722040549378,0.9709387361628594,0.15690994382762574,0.27219144929722217,0.4384858044164038,1.0,0.6233183856502242,1.0,0.869281045751634,0.9568345323741008,"[{""lo"": 0.0, ""hi"": 0.1, ""n"": 0, ""conf"": null, ""acc"": null}, {""lo"": 0.1, ""hi"": 0.2, ""n"": 0, ""conf"": null, ""acc"": null}, {""lo"": 0.2, ""hi"": 0.30000000000000004, ""n"": 42, ""conf"": 0.2752380213546194, ""acc"": 0.0}, {""lo"": 0.30000000000000004, ""hi"": 0.4, ""n"": 53, ""conf"": 0.34125941983385616, ""acc"": 0.0}, {""lo"": 0.4, ""hi"": 0.5, ""n"": 41, ""conf"": 0.45029753574088055, ""acc"": 0.0}, {""lo"": 0.5, ""hi"": 0.6000000000000001, ""n"": 33, ""conf"": 0.5484137785218179, ""acc"": 0.030303030303030304}, {""lo"": 0.6000000000000001, ""hi"": 0.7000000000000001, ""n"": 37, ""conf"": 0.6480421435907715, ""acc"": 0.13513513513513514}, {""lo"": 0.7000000000000001, ""hi"": 0.8, ""n"": 22, ""conf"": 0.7558760948150067, ""acc"": 0.45454545454545453}, {""lo"": 0.8, ""hi"": 0.9, ""n"": 131, ""conf"": 0.8862343733264918, ""acc"": 0.9389312977099237}, {""lo"": 0.9, ""hi"": 1.0, ""n"": 0, ""conf"": null, ""acc"": null}]",,0.15
synthetic,hi,0.400,0.40,4,rank16,362,143,0.39502762430939226,0.967876871986461,0.9493669644240652,0.16135770754315365,0.24229096051554988,0.4386503067484663,1.0,0.6327433628318584,1.0,0.8516129032258064,0.9230769230769231,"[{""lo"": 0.0, ""hi"": 0.1, ""n"": 0, ""conf"": null, ""acc"": null}, {""lo"": 0.1, ""hi"": 0.2, ""n"": 0, ""conf"": null, ""acc"": null}, {""lo"": 0.2, ""hi"": 0.30000000000000004, ""n"": 36, ""conf"": 0.2811641427942873, ""acc"": 0.0}, {""lo"": 0.30000000000000004, ""hi"": 0.4, ""n"": 53, ""conf"": 0.3450359330173678, ""acc"": 0.0}, {""lo"": 0.4, ""hi"": 0.5, ""n"": 47, ""conf"": 0.4464103110450196, ""acc"": 0.0}, {""lo"": 0.5, ""hi"": 0.6000000000000001, ""n"": 39, ""conf"": 0.5512579840786861, ""acc"": 0.02564102564102564}, {""lo"": 0.6000000000000001, ""hi"": 0.7000000000000001, ""n"": 32, ""conf"": 0.6385387983486465, ""acc"": 0.3125}, {""lo"": 0.7000000000000001, ""hi"": 0.8, ""n"": 38, ""conf"": 0.7465326887510946, ""acc"": 0.6578947368421053}, {""lo"": 0.8, ""hi"": 0.9, ""n"": 117, ""conf"": 0.880182184630502, ""acc"": 0.9145299145299145}, {""lo"": 0.9, ""hi"": 1.0, ""n"": 0, ""conf"": null, ""acc"": null}]",,0.15
synthetic,hi,0.400,0.40,4,default,362,143,0.39502762430939226,0.6154804100009581,0.5017633534195182,0.2327284437781091,0.04497052168237835,0.43568464730290457,0.7342657342657343,0.543859649122807,0.21678321678321677,0.5454545454545454,0.04195804195804196,"[{""lo"": 0.0, ""hi"": 0.1, ""n"": 0, ""conf"": null, ""acc"": null}, {""lo"": 0.1, ""hi"": 0.2, ""n"": 0, ""conf"": null, ""acc"": null}, {""lo"": 0.2, ""hi"": 0.30000000000000004, ""n"": 121, ""conf"": 0.27413057721227885, ""acc"": 0.3140495867768595}, {""lo"": 0.30000000000000004, ""hi"": 0.4, ""n"": 133, ""conf"": 0.3378989440970949, ""acc"": 0.3609022556390977}, {""lo"": 0.4, ""hi"": 0.5, ""n"": 51, ""conf"": 0.44440469696546386, ""acc"": 0.5098039215686274}, {""lo"": 0.5, ""hi"": 0.6000000000000001, ""n"": 25, ""conf"": 0.5509825425259991, ""acc"": 0.52}, {""lo"": 0.6000000000000001, ""hi"": 0.7000000000000001, ""n"": 21, ""conf"": 0.648222791376362, ""acc"": 0.5714285714285714}, {""lo"": 0.7000000000000001, ""hi"": 0.8, ""n"": 7, ""conf"": 0.7502313598213759, ""acc"": 0.42857142857142855}, {""lo"": 0.8, ""hi"": 0.9, ""n"": 4, ""conf"": 0.8538665252639446, ""acc"": 0.75}, {""lo"": 0.9, ""hi"": 1.0, ""n"": 0, ""conf"": null, ""acc"": null}]",,0.19
synthetic,lo,0.100,0.00,0,rank16,600,49,0.08166666666666667,0.975295381310419,0.8630609143688547,0.19865521401256137,0.38774909140784947,0.1012396694214876,1.0,0.23529411764705882,0.9795918367346939,0.5411764705882353,0.9387755102040817,"[{""lo"": 0.0, ""hi"": 0.1, ""n"": 0, ""conf"": null, ""acc"": null}, {""lo"": 0.1, ""hi"": 0.2, ""n"": 0, ""conf"": null, ""acc"": null}, {""lo"": 0.2, ""hi"": 0.30000000000000004, ""n"": 116, ""conf"": 0.27773286535459113, ""acc"": 0.0}, {""lo"": 0.30000000000000004, ""hi"": 0.4, ""n"": 167, ""conf"": 0.34620052392740996, ""acc"": 0.0}, {""lo"": 0.4, ""hi"": 0.5, ""n"": 113, ""conf"": 0.4446690451430936, ""acc"": 0.008849557522123894}, {""lo"": 0.5, ""hi"": 0.6000000000000001, ""n"": 61, ""conf"": 0.5478784117638307, ""acc"": 0.01639344262295082}, {""lo"": 0.6000000000000001, ""hi"": 0.7000000000000001, ""n"": 58, ""conf"": 0.6482715683978693, ""acc"": 0.017241379310344827}, {""lo"": 0.7000000000000001, ""hi"": 0.8, ""n"": 33, ""conf"": 0.7517692666021873, ""acc"": 0.21212121212121213}, {""lo"": 0.8, ""hi"": 0.9, ""n"": 52, ""conf"": 0.8757814035382279, ""acc"": 0.75}, {""lo"": 0.9, ""hi"": 1.0, ""n"": 0, ""conf"": null, ""acc"": null}]",,0.2
synthetic,lo,0.100,0.00,1,rank16,600,71,0.11833333333333333,0.9862616150589738,0.8931868167030547,0.19297670637401623,0.3704695227462599,0.14343434343434344,1.0,0.3183856502242152,1.0,0.6363636363636364,0.9859154929577465,"[{""lo"": 0.0, ""hi"": 0.1, ""n"": 0, ""conf"": null, ""acc"": null}, {""lo"": 0.1, ""hi"": 0.2, ""n"": 0, ""conf"": null, ""acc"": null}, {""lo"": 0.2, ""hi"": 0.30000000000000004, ""n"": 105, ""conf"": 0.27772876374442335, ""acc"": 0.0}, {""lo"": 0.30000000000000004, ""hi"": 0.4, ""n"": 158, ""conf"": 0.3467410492321803, ""acc"": 0.0}, {""lo"": 0.4, ""hi"": 0.5, ""n"": 114, ""conf"": 0.45153623497504825, ""acc"": 0.0}, {""lo"": 0.5, ""hi"": 0.6000000000000001, ""n"": 63, ""conf"": 0.5488183780980629, ""acc"": 0.015873015873015872}, {""lo"": 0.6000000000000001, ""hi"": 0.7000000000000001, ""n"": 50, ""conf"": 0.641101248885962, ""acc"": 0.0}, {""lo"": 0.7000000000000001, ""hi"": 0.8, ""n"": 39, ""conf"": 0.7452526717398543, ""acc"": 0.3333333333333333}, {""lo"": 0.8, ""hi"": 0.9, ""n"": 71, ""conf"": 0.8755563722031147, ""acc"": 0.8028169014084507}, {""lo"": 0.9, ""hi"": 1.0, ""n"": 0, ""conf"": null, ""acc"": null}]",,0.19
synthetic,lo,0.100,0.00,0,default,600,49,0.08166666666666667,0.9398866624689803,0.6942501389288781,0.10376868847050219,0.25280379320905405,0.21363636363636362,0.9591836734693877,0.7941176470588235,0.5510204081632653,0.8333333333333334,0.10204081632653061,"[{""lo"": 0.0, ""hi"": 0.1, ""n"": 0, ""conf"": null, ""acc"": null}, {""lo"": 0.1, ""hi"": 0.2, ""n"": 0, ""conf"": null, ""acc"": null}, {""lo"": 0.2, ""hi"": 0.30000000000000004, ""n"": 380, ""conf"": 0.26789975424767487, ""acc"": 0.005263157894736842}, {""lo"": 0.30000000000000004, ""hi"": 0.4, ""n"": 159, ""conf"": 0.3358335753880528, ""acc"": 0.06918238993710692}, {""lo"": 0.4, ""hi"": 0.5, ""n"": 27, ""conf"": 0.43976823743846877, ""acc"": 0.3333333333333333}, {""lo"": 0.5, ""hi"": 0.6000000000000001, ""n"": 18, ""conf"": 0.5667841762311947, ""acc"": 0.7222222222222222}, {""lo"": 0.6000000000000001, ""hi"": 0.7000000000000001, ""n"": 10, ""conf"": 0.6448901537959635, ""acc"": 0.9}, {""lo"": 0.7000000000000001, ""hi"": 0.8, ""n"": 3, ""conf"": 0.7469633235375536, ""acc"": 1.0}, {""lo"": 0.8, ""hi"": 0.9, ""n"": 3, ""conf"": 0.833665031503582, ""acc"": 0.6666666666666666}, {""lo"": 0.9, ""hi"": 1.0, ""n"": 0, ""conf"": null, ""acc"": null}]",,0.4
synthetic,lo,0.100,0.00,2,rank16,600,56,0.09333333333333334,0.9887736344537815,0.9276078340490005,0.2037378881390923,0.39029864005704146,0.11594202898550725,1.0,0.23140495867768596,1.0,0.5684210526315789,0.9642857142857143,"[{""lo"": 0.0, ""hi"": 0.1, ""n"": 0, ""conf"": null, ""acc"": null}, {""lo"": 0.1, ""hi"": 0.2, ""n"": 0, ""conf"": null, ""acc"": null}, {""lo"": 0.2, ""hi"": 0.30000000000000004, ""n"": 117, ""conf"": 0.27406231780389917, ""acc"": 0.0}, {""lo"": 0.30000000000000004, ""hi"": 0.4, ""n"": 150, ""conf"": 0.34268733364654747, ""acc"": 0.0}, {""lo"": 0.4, ""hi"": 0.5, ""n"": 91, ""conf"": 0.4434229399538631, ""acc"": 0.0}, {""lo"": 0.5, ""hi"": 0.6000000000000001, ""n"": 73, ""conf"": 0.5430194818290354, ""acc"": 0.0}, {""lo"": 0.6000000000000001, ""hi"": 0.7000000000000001, ""n"": 74, ""conf"": 0.6469610801648272, ""acc"": 0.02702702702702703}, {""lo"": 0.7000000000000001, ""hi"": 0.8, ""n"": 33, ""conf"": 0.7498260726157702, ""acc"": 0.12121212121212122}, {""lo"": 0.8, ""hi"": 0.9, ""n"": 62, ""conf"": 0.872572625263674, ""acc"": 0.8064516129032258}, {""lo"": 0.9, ""hi"": 1.0, ""n"": 0, ""conf"": null, ""acc"": null}]",,0.2
synthetic,lo,0.100,0.00,1,default,600,71,0.11833333333333333,0.9287520967011902,0.6699093553254936,0.11435153302381854,0.22422130479767668,0.288135593220339,0.9577464788732394,0.7352941176470589,0.352112676056338,0.8181818181818182,0.1267605633802817,"[{""lo"": 0.0, ""hi"": 0.1, ""n"": 0, ""conf"": null, ""acc"": null}, {""lo"": 0.1, ""hi"": 0.2, ""n"": 0, ""conf"": null, ""acc"": null}, {""lo"": 0.2, ""hi"": 0.30000000000000004, ""n"": 364, ""conf"": 0.26776884130371204, ""acc"": 0.008241758241758242}, {""lo"": 0.30000000000000004, ""hi"": 0.4, ""n"": 164, ""conf"": 0.33574738880129085, ""acc"": 0.13414634146341464}, {""lo"": 0.4, ""hi"": 0.5, ""n"": 38, ""conf"": 0.44699015624809835, ""acc"": 0.5526315789473685}, {""lo"": 0.5, ""hi"": 0.6000000000000001, ""n"": 14, ""conf"": 0.541405684151792, ""acc"": 0.5714285714285714}, {""lo"": 0.6000000000000001, ""hi"": 0.7000000000000001, ""n"": 9, ""conf"": 0.6587885861644168, ""acc"": 0.8888888888888888}, {""lo"": 0.7000000000000001, ""hi"": 0.8, ""n"": 8, ""conf"": 0.7437116882542671, ""acc"": 0.75}, {""lo"": 0.8, ""hi"": 0.9, ""n"": 3, ""conf"": 0.8511836074300487, ""acc"": 1.0}, {""lo"": 0.9, ""hi"": 1.0, ""n"": 0, ""conf"": null, ""acc"": null}]",,0.42
synthetic,lo,0.100,0.00,2,default,600,56,0.09333333333333334,0.9673713235294118,0.8273046941812839,0.10143480982202992,0.2596977177067563,0.26570048309178745,0.9821428571428571,0.9,0.6428571428571429,1.0,0.16071428571428573,"[{""lo"": 0.0, ""hi"": 0.1, ""n"": 0, ""conf"": null, ""acc"": null}, {""lo"": 0.1, ""hi"": 0.2, ""n"": 0, ""conf"": null, ""acc"": null}, {""lo"": 0.2, ""hi"": 0.30000000000000004, ""n"": 393, ""conf"": 0.26910490938077614, ""acc"": 0.002544529262086514}, {""lo"": 0.30000000000000004, ""hi"": 0.4, ""n"": 141, ""conf"": 0.33875039173980426, ""acc"": 0.07801418439716312}, {""lo"": 0.4, ""hi"": 0.5, ""n"": 26, ""conf"": 0.4405947914278482, ""acc"": 0.3076923076923077}, {""lo"": 0.5, ""hi"": 0.6000000000000001, ""n"": 20, ""conf"": 0.5475954559700007, ""acc"": 0.8}, {""lo"": 0.6000000000000001, ""hi"": 0.7000000000000001, ""n"": 11, ""conf"": 0.6447404149324962, ""acc"": 1.0}, {""lo"": 0.7000000000000001, ""hi"": 0.8, ""n"": 4, ""conf"": 0.7309664966147638, ""acc"": 1.0}, {""lo"": 0.8, ""hi"": 0.9, ""n"": 5, ""conf"": 0.8381897809822334, ""acc"": 1.0}, {""lo"": 0.9, ""hi"": 1.0, ""n"": 0, ""conf"": null, ""acc"": null}]",,0.43
synthetic,lo,0.100,0.00,3,rank16,600,63,0.105,0.9916644497650083,0.9295892839114124,0.19521350805751334,0.3788785789116319,0.12989690721649486,1.0,0.28,1.0,0.5904761904761905,0.9841269841269841,"[{""lo"": 0.0, ""hi"": 0.1, ""n"": 0, ""conf"": null, ""acc"": null}, {""lo"": 0.1, ""hi"": 0.2, ""n"": 0, ""conf"": null, ""acc"": null}, {""lo"": 0.2, ""hi"": 0.30000000000000004, ""n"": 115, ""conf"": 0.27356342589359633, ""acc"": 0.0}, {""lo"": 0.30000000000000004, ""hi"": 0.4, ""n"": 169, ""conf"": 0.3482998377998423, ""acc"": 0.0}, {""lo"": 0.4, ""hi"": 0.5, ""n"": 91, ""conf"": 0.44688869221465416, ""acc"": 0.0}, {""lo"": 0.5, ""hi"": 0.6000000000000001, ""n"": 68, ""conf"": 0.5504946112237707, ""acc"": 0.0}, {""lo"": 0.6000000000000001, ""hi"": 0.7000000000000001, ""n"": 52, ""conf"": 0.6430447808665767, ""acc"": 0.019230769230769232}, {""lo"": 0.7000000000000001, ""hi"": 0.8, ""n"": 30, ""conf"": 0.7532200963797036, ""acc"": 0.06666666666666667}, {""lo"": 0.8, ""hi"": 0.9, ""n"": 75, ""conf"": 0.8782565963978556, ""acc"": 0.8}, {""lo"": 0.9, ""hi"": 1.0, ""n"": 0, ""conf"": null, ""acc"": null}]",,0.2
synthetic,lo,0.100,0.00,3,default,600,63,0.105,0.9222902072064083,0.7342130412319965,0.10727769192015373,0.23595322949528832,0.25663716814159293,0.9206349206349206,0.8378378378378378,0.49206349206349204,1.0,0.2222222222222222,"[{""lo"": 0.0, ""hi"": 0.1, ""n"": 0, ""conf"": null, ""acc"": null}, {""lo"": 0.1, ""hi"": 0.2, ""n"": 0, ""conf"": null, ""acc"": null}, {""lo"": 0.2, ""hi"": 0.30000000000000004, ""n"": 374, ""conf"": 0.26850657865360966, ""acc"": 0.013368983957219251}, {""lo"": 0.30000000000000004, ""hi"": 0.4, ""n"": 161, ""conf"": 0.3358086779543146, ""acc"": 0.11801242236024845}, {""lo"": 0.4, ""hi"": 0.5, ""n"": 28, ""conf"": 0.4428326483472101, ""acc"": 0.2857142857142857}, {""lo"": 0.5, ""hi"": 0.6000000000000001, ""n"": 13, ""conf"": 0.5378122576047987, ""acc"": 0.5384615384615384}, {""lo"": 0.6000000000000001, ""hi"": 0.7000000000000001, ""n"": 10, ""conf"": 0.6485195481022308, ""acc"": 1.0}, {""lo"": 0.7000000000000001, ""hi"": 0.8, ""n"": 11, ""conf"": 0.7487826840425289, ""acc"": 1.0}, {""lo"": 0.8, ""hi"": 0.9, ""n"": 3, ""conf"": 0.8668898897636815, ""acc"": 1.0}, {""lo"": 0.9, ""hi"": 1.0, ""n"": 0, ""conf"": null, ""acc"": null}]",,0.42
synthetic,lo,0.100,0.00,4,rank16,600,54,0.09,0.979310812644146,0.8618854629428836,0.2077637009168084,0.39383124902885885,0.11203319502074689,1.0,0.225,1.0,0.5,0.9444444444444444,"[{""lo"": 0.0, ""hi"": 0.1, ""n"": 0, ""conf"": null, ""acc"": null}, {""lo"": 0.1, ""hi"": 0.2, ""n"": 0, ""conf"": null, ""acc"": null}, {""lo"": 0.2, ""hi"": 0.30000000000000004, ""n"": 118, ""conf"": 0.2752061048076926, ""acc"": 0.0}, {""lo"": 0.30000000000000004, ""hi"": 0.4, ""n"": 146, ""conf"": 0.3420266276669484, ""acc"": 0.0}, {""lo"": 0.4, ""hi"": 0.5, ""n"": 96, ""conf"": 0.45094505695390885, ""acc"": 0.0}, {""lo"": 0.5, ""hi"": 0.6000000000000001, ""n"": 85, ""conf"": 0.5412548523756079, ""acc"": 0.011764705882352941}, {""lo"": 0.6000000000000001, ""hi"": 0.7000000000000001, ""n"": 53, ""conf"": 0.6496521369773094, ""acc"": 0.03773584905660377}, {""lo"": 0.7000000000000001, ""hi"": 0.8, ""n"": 38, ""conf"": 0.7478659373823927, ""acc"": 0.07894736842105263}, {""lo"": 0.8, ""hi"": 0.9, ""n"": 64, ""conf"": 0.8709481970437953, ""acc"": 0.75}, {""lo"": 0.9, ""hi"": 1.0, ""n"": 0, ""conf"": null, ""acc"": null}]",,0.2
synthetic,lo,0.100,0.40,0,default,357,49,0.13725490196078433,0.907831963954413,0.6592284443243814,0.12295689083414307,0.21386890530232805,0.2948717948717949,0.9387755102040817,0.6857142857142857,0.4897959183673469,0.8888888888888888,0.16326530612244897,"[{""lo"": 0.0, ""hi"": 0.1, ""n"": 0, ""conf"": null, ""acc"": null}, {""lo"": 0.1, ""hi"": 0.2, ""n"": 0, ""conf"": null, ""acc"": null}, {""lo"": 0.2, ""hi"": 0.30000000000000004, ""n"": 201, ""conf"": 0.2719184850252892, ""acc"": 0.014925373134328358}, {""lo"": 0.30000000000000004, ""hi"": 0.4, ""n"": 90, ""conf"": 0.3343207692400875, ""acc"": 0.12222222222222222}, {""lo"": 0.4, ""hi"": 0.5, ""n"": 31, ""conf"": 0.4403231797372239, ""acc"": 0.3548387096774194}, {""lo"": 0.5, ""hi"": 0.6000000000000001, ""n"": 16, ""conf"": 0.5393885133885905, ""acc"": 0.625}, {""lo"": 0.6000000000000001, ""hi"": 0.7000000000000001, ""n"": 10, ""conf"": 0.6457030259865205, ""acc"": 0.6}, {""lo"": 0.7000000000000001, ""hi"": 0.8, ""n"": 3, ""conf"": 0.7389529340304509, ""acc"": 0.6666666666666666}, {""lo"": 0.8, ""hi"": 0.9, ""n"": 6, ""conf"": 0.8478294913921566, ""acc"": 1.0}, {""lo"": 0.9, ""hi"": 1.0, ""n"": 0, ""conf"": null, ""acc"": null}]",,0.2
synthetic,lo,0.100,0.00,4,default,600,54,0.09,0.9213810880477548,0.6872849789176779,0.10553863531685657,0.23920627178958995,0.2372093023255814,0.9444444444444444,0.7878787878787878,0.48148148148148145,1.0,0.18518518518518517,"[{""lo"": 0.0, ""hi"": 0.1, ""n"": 0, ""conf"": null, ""acc"": null}, {""lo"": 0.1, ""hi"": 0.2, ""n"": 0, ""conf"": null, ""acc"": null}, {""lo"": 0.2, ""hi"": 0.30000000000000004, ""n"": 385, ""conf"": 0.2679448367616618, ""acc"": 0.007792207792207792}, {""lo"": 0.30000000000000004, ""hi"": 0.4, ""n"": 157, ""conf"": 0.3351253775343359, ""acc"": 0.10828025477707007}, {""lo"": 0.4, ""hi"": 0.5, ""n"": 25, ""conf"": 0.43710208459162686, ""acc"": 0.32}, {""lo"": 0.5, ""hi"": 0.6000000000000001, ""n"": 18, ""conf"": 0.5364191975354978, ""acc"": 0.6666666666666666}, {""lo"": 0.6000000000000001, ""hi"": 0.7000000000000001, ""n"": 5, ""conf"": 0.671240799479612, ""acc"": 0.8}, {""lo"": 0.7000000000000001, ""hi"": 0.8, ""n"": 3, ""conf"": 0.7439404444438454, ""acc"": 1.0}, {""lo"": 0.8, ""hi"": 0.9, ""n"": 7, ""conf"": 0.8476663686855266, ""acc"": 1.0}, {""lo"": 0.9, ""hi"": 1.0, ""n"": 0, ""conf"": null, ""acc"": null}]",,0.4
synthetic,lo,0.100,0.40,0,rank16,357,49,0.13725490196078433,0.9860853432282004,0.9235740174605052,0.20868191125810448,0.38147441876224786,0.15654952076677317,1.0,0.3161290322580645,1.0,0.6075949367088608,0.9795918367346939,"[{""lo"": 0.0, ""hi"": 0.1, ""n"": 0, ""conf"": null, ""acc"": null}, {""lo"": 0.1, ""hi"": 0.2, ""n"": 0, ""conf"": null, ""acc"": null}, {""lo"": 0.2, ""hi"": 0.30000000000000004, ""n"": 44, ""conf"": 0.27892627174677, ""acc"": 0.0}, {""lo"": 0.30000000000000004, ""hi"": 0.4, ""n"": 92, ""conf"": 0.35073010191372667, ""acc"": 0.0}, {""lo"": 0.4, ""hi"": 0.5, ""n"": 66, ""conf"": 0.4443656619516143, ""acc"": 0.0}, {""lo"": 0.5, ""hi"": 0.6000000000000001, ""n"": 44, ""conf"": 0.5575115955736099, ""acc"": 0.0}, {""lo"": 0.6000000000000001, ""hi"": 0.7000000000000001, ""n"": 32, ""conf"": 0.6369602899149324, ""acc"": 0.03125}, {""lo"": 0.7000000000000001, ""hi"": 0.8, ""n"": 22, ""conf"": 0.743053330407122, ""acc"": 0.22727272727272727}, {""lo"": 0.8, ""hi"": 0.9, ""n"": 57, ""conf"": 0.8782086969284534, ""acc"": 0.7543859649122807}, {""lo"": 0.9, ""hi"": 1.0, ""n"": 0, ""conf"": null, ""acc"": null}]",,0.15
synthetic,lo,0.100,0.40,1,rank16,355,34,0.09577464788732394,0.9815832875206156,0.9330463406950898,0.21663403956763988,0.40108252695665575,0.11643835616438356,1.0,0.22297297297297297,0.9705882352941176,0.47761194029850745,0.9411764705882353,"[{""lo"": 0.0, ""hi"": 0.1, ""n"": 0, ""conf"": null, ""acc"": null}, {""lo"": 0.1, ""hi"": 0.2, ""n"": 0, ""conf"": null, ""acc"": null}, {""lo"": 0.2, ""hi"": 0.30000000000000004, ""n"": 63, ""conf"": 0.27756557259488895, ""acc"": 0.0}, {""lo"": 0.30000000000000004, ""hi"": 0.4, ""n"": 101, ""conf"": 0.34890975189836015, ""acc"": 0.0}, {""lo"": 0.4, ""hi"": 0.5, ""n"": 43, ""conf"": 0.4548275057126864, ""acc"": 0.023255813953488372}, {""lo"": 0.5, ""hi"": 0.6000000000000001, ""n"": 41, ""conf"": 0.5506826020506543, ""acc"": 0.0}, {""lo"": 0.6000000000000001, ""hi"": 0.7000000000000001, ""n"": 40, ""conf"": 0.646117053007649, ""acc"": 0.025}, {""lo"": 0.7000000000000001, ""hi"": 0.8, ""n"": 24, ""conf"": 0.7555161674292137, ""acc"": 0.0}, {""lo"": 0.8, ""hi"": 0.9, ""n"": 43, ""conf"": 0.8731428252574649, ""acc"": 0.7441860465116279}, {""lo"": 0.9, ""hi"": 1.0, ""n"": 0, ""conf"": null, ""acc"": null}]",,0.13
synthetic,lo,0.100,0.40,1,default,355,34,0.09577464788732394,0.9367784496976361,0.7303904154642644,0.10742325515852978,0.2512864622882622,0.2391304347826087,0.9705882352941176,0.8571428571428571,0.5294117647058824,0.8888888888888888,0.23529411764705882,"[{""lo"": 0.0, ""hi"": 0.1, ""n"": 0, ""conf"": null, ""acc"": null}, {""lo"": 0.1, ""hi"": 0.2, ""n"": 0, ""conf"": null, ""acc"": null}, {""lo"": 0.2, ""hi"": 0.30000000000000004, ""n"": 217, ""conf"": 0.26880645483976195, ""acc"": 0.004608294930875576}, {""lo"": 0.30000000000000004, ""hi"": 0.4, ""n"": 89, ""conf"": 0.3400166805888471, ""acc"": 0.07865168539325842}, {""lo"": 0.4, ""hi"": 0.5, ""n"": 28, ""conf"": 0.4448564053523923, ""acc"": 0.2857142857142857}, {""lo"": 0.5, ""hi"": 0.6000000000000001, ""n"": 6, ""conf"": 0.540670966127037, ""acc"": 0.6666666666666666}, {""lo"": 0.6000000000000001, ""hi"": 0.7000000000000001, ""n"": 6, ""conf"": 0.6590431497159893, ""acc"": 1.0}, {""lo"": 0.7000000000000001, ""hi"": 0.8, ""n"": 8, ""conf"": 0.7301789442116431, ""acc"": 0.875}, {""lo"": 0.8, ""hi"": 0.9, ""n"": 1, ""conf"": 0.8020542614183644, ""acc"": 1.0}, {""lo"": 0.9, ""hi"": 1.0, ""n"": 0, ""conf"": null, ""acc"": null}]",,0.21
synthetic,lo,0.100,0.40,2,default,351,48,0.13675213675213677,0.9092409240924093,0.6045001657705117,0.12541505072493983,0.2194580602920241,0.2929936305732484,0.9583333333333334,0.5862068965517241,0.3541666666666667,0.8571428571428571,0.125,"[{""lo"": 0.0, ""hi"": 0.1, ""n"": 0, ""conf"": null, ""acc"": null}, {""lo"": 0.1, ""hi"": 0.2, ""n"": 0, ""conf"": null, ""acc"": null}, {""lo"": 0.2, ""hi"": 0.30000000000000004, ""n"": 194, ""conf"": 0.26897620067584543, ""acc"": 0.010309278350515464}, {""lo"": 0.30000000000000004, ""hi"": 0.4, ""n"": 97, ""conf"": 0.3366377589524167, ""acc"": 0.13402061855670103}, {""lo"": 0.4, ""hi"": 0.5, ""n"": 31, ""conf"": 0.44228687917576914, ""acc"": 0.5161290322580645}, {""lo"": 0.5, ""hi"": 0.6000000000000001, ""n"": 16, ""conf"": 0.5374899829628075, ""acc"": 0.375}, {""lo"": 0.6000000000000001, ""hi"": 0.7000000000000001, ""n"": 6, ""conf"": 0.6646748757933129, ""acc"": 0.8333333333333334}, {""lo"": 0.7000000000000001, ""hi"": 0.8, ""n"": 3, ""conf"": 0.7350898589702854, ""acc"": 1.0}, {""lo"": 0.8, ""hi"": 0.9, ""n"": 4, ""conf"": 0.8747264929291763, ""acc"": 0.75}, {""lo"": 0.9, ""hi"": 1.0, ""n"": 0, ""conf"": null, ""acc"": null}]",,0.22
synthetic,lo,0.100,0.40,2,rank16,351,48,0.13675213675213677,0.9809543454345434,0.8956979084801092,0.2093361659619296,0.37811541810064603,0.1605351170568562,1.0,0.2981366459627329,1.0,0.6103896103896104,0.9791666666666666,"[{""lo"": 0.0, ""hi"": 0.1, ""n"": 0, ""conf"": null, ""acc"": null}, {""lo"": 0.1, ""hi"": 0.2, ""n"": 0, ""conf"": null, ""acc"": null}, {""lo"": 0.2, ""hi"": 0.30000000000000004, ""n"": 52, ""conf"": 0.2794144349115565, ""acc"": 0.0}, {""lo"": 0.30000000000000004, ""hi"": 0.4, ""n"": 91, ""conf"": 0.34390129564819266, ""acc"": 0.0}, {""lo"": 0.4, ""hi"": 0.5, ""n"": 47, ""conf"": 0.4468338037992971, ""acc"": 0.0}, {""lo"": 0.5, ""hi"": 0.6000000000000001, ""n"": 48, ""conf"": 0.5488969253595043, ""acc"": 0.0}, {""lo"": 0.6000000000000001, ""hi"": 0.7000000000000001, ""n"": 36, ""conf"": 0.6472253114956952, ""acc"": 0.027777777777777776}, {""lo"": 0.7000000000000001, ""hi"": 0.8, ""n"": 24, ""conf"": 0.7464487565991345, ""acc"": 0.2916666666666667}, {""lo"": 0.8, ""hi"": 0.9, ""n"": 53, ""conf"": 0.874166427658356, ""acc"": 0.7547169811320755}, {""lo"": 0.9, ""hi"": 1.0, ""n"": 0, ""conf"": null, ""acc"": null}]",,0.15
synthetic,lo,0.100,0.40,3,rank16,362,39,0.10773480662983426,0.9898388505199651,0.916801946670671,0.21569100796471286,0.3971458123048194,0.13131313131313133,1.0,0.2565789473684211,1.0,0.5342465753424658,1.0,"[{""lo"": 0.0, ""hi"": 0.1, ""n"": 0, ""conf"": null, ""acc"": null}, {""lo"": 0.1, ""hi"": 0.2, ""n"": 0, ""conf"": null, ""acc"": null}, {""lo"": 0.2, ""hi"": 0.30000000000000004, ""n"": 65, ""conf"": 0.2770160103800139, ""acc"": 0.0}, {""lo"": 0.30000000000000004, ""hi"": 0.4, ""n"": 85, ""conf"": 0.3459660307313281, ""acc"": 0.0}, {""lo"": 0.4, ""hi"": 0.5, ""n"": 60, ""conf"": 0.44716199990896965, ""acc"": 0.0}, {""lo"": 0.5, ""hi"": 0.6000000000000001, ""n"": 37, ""conf"": 0.5504508087044189, ""acc"": 0.0}, {""lo"": 0.6000000000000001, ""hi"": 0.7000000000000001, ""n"": 42, ""conf"": 0.6492117508103364, ""acc"": 0.0}, {""lo"": 0.7000000000000001, ""hi"": 0.8, ""n"": 21, ""conf"": 0.7449117737007664, ""acc"": 0.0}, {""lo"": 0.8, ""hi"": 0.9, ""n"": 52, ""conf"": 0.8701382705601713, ""acc"": 0.75}, {""lo"": 0.9, ""hi"": 1.0, ""n"": 0, ""conf"": null, ""acc"": null}]",,0.14
synthetic,lo,0.100,0.40,3,default,362,39,0.10773480662983426,0.9188695721203461,0.606995213737507,0.11753972433454474,0.23098723303736945,0.25165562913907286,0.9743589743589743,0.7272727272727273,0.41025641025641024,0.7777777777777778,0.1794871794871795,"[{""lo"": 0.0, ""hi"": 0.1, ""n"": 0, ""conf"": null, ""acc"": null}, {""lo"": 0.1, ""hi"": 0.2, ""n"": 0, ""conf"": null, ""acc"": null}, {""lo"": 0.2, ""hi"": 0.30000000000000004, ""n"": 211, ""conf"": 0.2705413918085664, ""acc"": 0.004739336492890996}, {""lo"": 0.30000000000000004, ""hi"": 0.4, ""n"": 92, ""conf"": 0.3343641228684301, ""acc"": 0.13043478260869565}, {""lo"": 0.4, ""hi"": 0.5, ""n"": 37, ""conf"": 0.44588265751586886, ""acc"": 0.2702702702702703}, {""lo"": 0.5, ""hi"": 0.6000000000000001, ""n"": 11, ""conf"": 0.5378289649516758, ""acc"": 0.6363636363636364}, {""lo"": 0.6000000000000001, ""hi"": 0.7000000000000001, ""n"": 2, ""conf"": 0.6790676169489638, ""acc"": 1.0}, {""lo"": 0.7000000000000001, ""hi"": 0.8, ""n"": 7, ""conf"": 0.744896742343614, ""acc"": 0.7142857142857143}, {""lo"": 0.8, ""hi"": 0.9, ""n"": 2, ""conf"": 0.8330181460507096, ""acc"": 1.0}, {""lo"": 0.9, ""hi"": 1.0, ""n"": 0, ""conf"": null, ""acc"": null}]",,0.19
synthetic,lo,0.100,0.40,4,rank16,348,29,0.08333333333333333,0.9833531510107016,0.8678053278107428,0.22175642540748244,0.4102087997934474,0.09764309764309764,1.0,0.19727891156462585,1.0,0.4264705882352941,1.0,"[{""lo"": 0.0, ""hi"": 0.1, ""n"": 0, ""conf"": null, ""acc"": null}, {""lo"": 0.1, ""hi"": 0.2, ""n"": 0, ""conf"": null, ""acc"": null}, {""lo"": 0.2, ""hi"": 0.30000000000000004, ""n"": 51, ""conf"": 0.2749968905505353, ""acc"": 0.0}, {""lo"": 0.30000000000000004, ""hi"": 0.4, ""n"": 107, ""conf"": 0.34341422438593466, ""acc"": 0.0}, {""lo"": 0.4, ""hi"": 0.5, ""n"": 43, ""conf"": 0.4430862043366003, ""acc"": 0.0}, {""lo"": 0.5, ""hi"": 0.6000000000000001, ""n"": 45, ""conf"": 0.5480544656511832, ""acc"": 0.0}, {""lo"": 0.6000000000000001, ""hi"": 0.7000000000000001, ""n"": 34, ""conf"": 0.6516224967477429, ""acc"": 0.0}, {""lo"": 0.7000000000000001, ""hi"": 0.8, ""n"": 34, ""conf"": 0.747161618095672, ""acc"": 0.17647058823529413}, {""lo"": 0.8, ""hi"": 0.9, ""n"": 34, ""conf"": 0.8737847428027709, ""acc"": 0.6764705882352942}, {""lo"": 0.9, ""hi"": 1.0, ""n"": 0, ""conf"": null, ""acc"": null}]",,0.14
synthetic,lo,0.100,0.40,4,default,348,29,0.08333333333333333,0.9562209490865852,0.7643260343585964,0.10381580205444606,0.2551738915279021,0.20714285714285716,1.0,0.7391304347826086,0.5862068965517241,1.0,0.2413793103448276,"[{""lo"": 0.0, ""hi"": 0.1, ""n"": 0, ""conf"": null, ""acc"": null}, {""lo"": 0.1, ""hi"": 0.2, ""n"": 0, ""conf"": null, ""acc"": null}, {""lo"": 0.2, ""hi"": 0.30000000000000004, ""n"": 208, ""conf"": 0.26795010328090607, ""acc"": 0.0}, {""lo"": 0.30000000000000004, ""hi"": 0.4, ""n"": 101, ""conf"": 0.3367047678795818, ""acc"": 0.07920792079207921}, {""lo"": 0.4, ""hi"": 0.5, ""n"": 16, ""conf"": 0.4469076843399496, ""acc"": 0.25}, {""lo"": 0.5, ""hi"": 0.6000000000000001, ""n"": 9, ""conf"": 0.5350487894431152, ""acc"": 0.4444444444444444}, {""lo"": 0.6000000000000001, ""hi"": 0.7000000000000001, ""n"": 7, ""conf"": 0.6445735928474282, ""acc"": 0.8571428571428571}, {""lo"": 0.7000000000000001, ""hi"": 0.8, ""n"": 5, ""conf"": 0.7502493383446608, ""acc"": 1.0}, {""lo"": 0.8, ""hi"": 0.9, ""n"": 2, ""conf"": 0.8214944996641069, ""acc"": 1.0}, {""lo"": 0.9, ""hi"": 1.0, ""n"": 0, ""conf"": null, ""acc"": null}]",,0.2
synthetic,lo,0.200,0.00,0,rank16,600,117,0.195,0.9739165826122348,0.911551236106825,0.19233180997213883,0.3357230349273403,0.22456813819577734,1.0,0.43014705882352944,1.0,0.6973684210526315,0.905982905982906,"[{""lo"": 0.0, ""hi"": 0.1, ""n"": 0, ""conf"": null, ""acc"": null}, {""lo"": 0.1, ""hi"": 0.2, ""n"": 0, ""conf"": null, ""acc"": null}, {""lo"": 0.2, ""hi"": 0.30000000000000004, ""n"": 79, ""conf"": 0.27500383991051663, ""acc"": 0.0}, {""lo"": 0.30000000000000004, ""hi"": 0.4, ""n"": 152, ""conf"": 0.3429772610032843, ""acc"": 0.0}, {""lo"": 0.4, ""hi"": 0.5, ""n"": 97, ""conf"": 0.4419473920640635, ""acc"": 0.0}, {""lo"": 0.5, ""hi"": 0.6000000000000001, ""n"": 57, ""conf"": 0.5527950237187738, ""acc"": 0.03508771929824561}, {""lo"": 0.6000000000000001, ""hi"": 0.7000000000000001, ""n"": 63, ""conf"": 0.6504526818354365, ""acc"": 0.14285714285714285}, {""lo"": 0.7000000000000001, ""hi"": 0.8, ""n"": 33, ""conf"": 0.7453209512281996, ""acc"": 0.30303030303030304}, {""lo"": 0.8, ""hi"": 0.9, ""n"": 119, ""conf"": 0.8791903378371999, ""acc"": 0.8067226890756303}, {""lo"": 0.9, ""hi"": 1.0, ""n"": 0, ""conf"": null, ""acc"": null}]",,0.19
synthetic,lo,0.200,0.00,1,rank16,600,115,0.19166666666666668,0.9817839533841326,0.9291866018284748,0.19593303714797916,0.3457633719282525,0.22115384615384615,1.0,0.3993055555555556,1.0,0.7012987012987013,0.9391304347826087,"[{""lo"": 0.0, ""hi"": 0.1, ""n"": 0, ""conf"": null, ""acc"": null}, {""lo"": 0.1, ""hi"": 0.2, ""n"": 0, ""conf"": null, ""acc"": null}, {""lo"": 0.2, ""hi"": 0.30000000000000004, ""n"": 80, ""conf"": 0.27795573777530913, ""acc"": 0.0}, {""lo"": 0.30000000000000004, ""hi"": 0.4, ""n"": 118, ""conf"": 0.3461905012464642, ""acc"": 0.0}, {""lo"": 0.4, ""hi"": 0.5, ""n"": 114, ""conf"": 0.44233196942890496, ""acc"": 0.0}, {""lo"": 0.5, ""hi"": 0.6000000000000001, ""n"": 84, ""conf"": 0.5437982510314722, ""acc"": 0.0}, {""lo"": 0.6000000000000001, ""hi"": 0.7000000000000001, ""n"": 50, ""conf"": 0.6428050537523511, ""acc"": 0.14}, {""lo"": 0.7000000000000001, ""hi"": 0.8, ""n"": 31, ""conf"": 0.7521890224154577, ""acc"": 0.25806451612903225}, {""lo"": 0.8, ""hi"": 0.9, ""n"": 123, ""conf"": 0.8764884146651092, ""acc"": 0.8130081300813008}, {""lo"": 0.9, ""hi"": 1.0, ""n"": 0, ""conf"": null, ""acc"": null}]",,0.2
synthetic,lo,0.200,0.00,0,default,600,117,0.195,0.8392171435649696,0.5953355725730591,0.14560086025539404,0.15609791688365518,0.34983498349834985,0.905982905982906,0.6923076923076923,0.3076923076923077,0.9090909090909091,0.08547008547008547,"[{""lo"": 0.0, ""hi"": 0.1, ""n"": 0, ""conf"": null, ""acc"": null}, {""lo"": 0.1, ""hi"": 0.2, ""n"": 0, ""conf"": null, ""acc"": null}, {""lo"": 0.2, ""hi"": 0.30000000000000004, ""n"": 297, ""conf"": 0.2715084329941087, ""acc"": 0.037037037037037035}, {""lo"": 0.30000000000000004, ""hi"": 0.4, ""n"": 194, ""conf"": 0.33663640801638905, ""acc"": 0.23195876288659795}, {""lo"": 0.4, ""hi"": 0.5, ""n"": 57, ""conf"": 0.4429162265572562, ""acc"": 0.43859649122807015}, {""lo"": 0.5, ""hi"": 0.6000000000000001, ""n"": 28, ""conf"": 0.5482836284157668, ""acc"": 0.5714285714285714}, {""lo"": 0.6000000000000001, ""hi"": 0.7000000000000001, ""n"": 13, ""conf"": 0.6375052940309887, ""acc"": 0.7692307692307693}, {""lo"": 0.7000000000000001, ""hi"": 0.8, ""n"": 5, ""conf"": 0.7386621868376768, ""acc"": 0.8}, {""lo"": 0.8, ""hi"": 0.9, ""n"": 6, ""conf"": 0.8666868642945933, ""acc"": 1.0}, {""lo"": 0.9, ""hi"": 1.0, ""n"": 0, ""conf"": null, ""acc"": null}]",,0.45
synthetic,lo,0.200,0.00,1,default,600,115,0.19166666666666668,0.8449305244285075,0.6126957125472533,0.14276198754473265,0.17581965815014053,0.33221476510067116,0.8608695652173913,0.72,0.3130434782608696,0.9,0.0782608695652174,"[{""lo"": 0.0, ""hi"": 0.1, ""n"": 0, ""conf"": null, ""acc"": null}, {""lo"": 0.1, ""hi"": 0.2, ""n"": 0, ""conf"": null, ""acc"": null}, {""lo"": 0.2, ""hi"": 0.30000000000000004, ""n"": 302, ""conf"": 0.2708632601314912, ""acc"": 0.052980132450331126}, {""lo"": 0.30000000000000004, ""hi"": 0.4, ""n"": 195, ""conf"": 0.3372115494297089, ""acc"": 0.1794871794871795}, {""lo"": 0.4, ""hi"": 0.5, ""n"": 53, ""conf"": 0.4485212646746029, ""acc"": 0.5283018867924528}, {""lo"": 0.5, ""hi"": 0.6000000000000001, ""n"": 23, ""conf"": 0.5467934126777455, ""acc"": 0.6521739130434783}, {""lo"": 0.6000000000000001, ""hi"": 0.7000000000000001, ""n"": 17, ""conf"": 0.6443279067262581, ""acc"": 0.7058823529411765}, {""lo"": 0.7000000000000001, ""hi"": 0.8, ""n"": 6, ""conf"": 0.7284728992848937, ""acc"": 0.8333333333333334}, {""lo"": 0.8, ""hi"": 0.9, ""n"": 4, ""conf"": 0.8482186197553487, ""acc"": 1.0}, {""lo"": 0.9, ""hi"": 1.0, ""n"": 0, ""conf"": null, ""acc"": null}]",,0.41
synthetic,lo,0.200,0.00,2,rank16,600,116,0.19333333333333333,0.9901147050441721,0.9694319398259879,0.1736327144021532,0.3474066900090549,0.23246492985971945,1.0,0.4444444444444444,1.0,0.7928571428571428,0.9568965517241379,"[{""lo"": 0.0, ""hi"": 0.1, ""n"": 0, ""conf"": null, ""acc"": null}, {""lo"": 0.1, ""hi"": 0.2, ""n"": 0, ""conf"": null, ""acc"": null}, {""lo"": 0.2, ""hi"": 0.30000000000000004, ""n"": 101, ""conf"": 0.2765905029919398, ""acc"": 0.0}, {""lo"": 0.30000000000000004, ""hi"": 0.4, ""n"": 133, ""conf"": 0.3446978236281562, ""acc"": 0.0}, {""lo"": 0.4, ""hi"": 0.5, ""n"": 105, ""conf"": 0.4472346848919516, ""acc"": 0.0}, {""lo"": 0.5, ""hi"": 0.6000000000000001, ""n"": 79, ""conf"": 0.5502467914006532, ""acc"": 0.02531645569620253}, {""lo"": 0.6000000000000001, ""hi"": 0.7000000000000001, ""n"": 42, ""conf"": 0.6403845648009509, ""acc"": 0.07142857142857142}, {""lo"": 0.7000000000000001, ""hi"": 0.8, ""n"": 37, ""conf"": 0.7621327110475831, ""acc"": 0.35135135135135137}, {""lo"": 0.8, ""hi"": 0.9, ""n"": 103, ""conf"": 0.8821421146019885, ""acc"": 0.9514563106796117}, {""lo"": 0.9, ""hi"": 1.0, ""n"": 0, ""conf"": null, ""acc"": null}]",,0.21
synthetic,lo,0.200,0.00,2,default,600,116,0.19333333333333333,0.8578298660587061,0.6676308032050555,0.13936254845097396,0.17809804040734417,0.35135135135135137,0.896551724137931,0.7580645161290323,0.4051724137931034,1.0,0.08620689655172414,"[{""lo"": 0.0, ""hi"": 0.1, ""n"": 0, ""conf"": null, ""acc"": null}, {""lo"": 0.1, ""hi"": 0.2, ""n"": 0, ""conf"": null, ""acc"": null}, {""lo"": 0.2, ""hi"": 0.30000000000000004, ""n"": 304, ""conf"": 0.27131980941412, ""acc"": 0.039473684210526314}, {""lo"": 0.30000000000000004, ""hi"": 0.4, ""n"": 179, ""conf"": 0.33351944832791547, ""acc"": 0.19553072625698323}, {""lo"": 0.4, ""hi"": 0.5, ""n"": 55, ""conf"": 0.4458007681974982, ""acc"": 0.4}, {""lo"": 0.5, ""hi"": 0.6000000000000001, ""n"": 34, ""conf"": 0.5464750539384848, ""acc"": 0.6470588235294118}, {""lo"": 0.6000000000000001, ""hi"": 0.7000000000000001, ""n"": 18, ""conf"": 0.6495314688752295, ""acc"": 0.8333333333333334}, {""lo"": 0.7000000000000001, ""hi"": 0.8, ""n"": 9, ""conf"": 0.7449750587902874, ""acc"": 1.0}, {""lo"": 0.8, ""hi"": 0.9, ""n"": 1, ""conf"": 0.86492751627003, ""acc"": 1.0}, {""lo"": 0.9, ""hi"": 1.0, ""n"": 0, ""conf"": null, ""acc"": null}]",,0.47
synthetic,lo,0.200,0.00,3,rank16,600,112,0.18666666666666668,0.9884367681498829,0.9627271554001355,0.18624289801850136,0.3434664895630249,0.21621621621621623,1.0,0.4095940959409594,0.9910714285714286,0.7517241379310344,0.9732142857142857,"[{""lo"": 0.0, ""hi"": 0.1, ""n"": 0, ""conf"": null, ""acc"": null}, {""lo"": 0.1, ""hi"": 0.2, ""n"": 0, ""conf"": null, ""acc"": null}, {""lo"": 0.2, ""hi"": 0.30000000000000004, ""n"": 82, ""conf"": 0.27656523034118446, ""acc"": 0.0}, {""lo"": 0.30000000000000004, ""hi"": 0.4, ""n"": 152, ""conf"": 0.34160904742668374, ""acc"": 0.0}, {""lo"": 0.4, ""hi"": 0.5, ""n"": 95, ""conf"": 0.44728293753427384, ""acc"": 0.010526315789473684}, {""lo"": 0.5, ""hi"": 0.6000000000000001, ""n"": 61, ""conf"": 0.5431196079379784, ""acc"": 0.0}, {""lo"": 0.6000000000000001, ""hi"": 0.7000000000000001, ""n"": 65, ""conf"": 0.647819619089013, ""acc"": 0.03076923076923077}, {""lo"": 0.7000000000000001, ""hi"": 0.8, ""n"": 35, ""conf"": 0.7515217799790979, ""acc"": 0.3142857142857143}, {""lo"": 0.8, ""hi"": 0.9, ""n"": 110, ""conf"": 0.8777885731731374, ""acc"": 0.8909090909090909}, {""lo"": 0.9, ""hi"": 1.0, ""n"": 0, ""conf"": null, ""acc"": null}]",,0.24
synthetic,lo,0.200,0.00,3,default,600,112,0.18666666666666668,0.8684133489461358,0.6605985060222163,0.13809053964061083,0.18347011777360242,0.3436426116838488,0.8928571428571429,0.7272727272727273,0.42857142857142855,1.0,0.09821428571428571,"[{""lo"": 0.0, ""hi"": 0.1, ""n"": 0, ""conf"": null, ""acc"": null}, {""lo"": 0.1, ""hi"": 0.2, ""n"": 0, ""conf"": null, ""acc"": null}, {""lo"": 0.2, ""hi"": 0.30000000000000004, ""n"": 309, ""conf"": 0.2715127391096075, ""acc"": 0.038834951456310676}, {""lo"": 0.30000000000000004, ""hi"": 0.4, ""n"": 167, ""conf"": 0.33684528149306375, ""acc"": 0.16167664670658682}, {""lo"": 0.4, ""hi"": 0.5, ""n"": 58, ""conf"": 0.4409438433555691, ""acc"": 0.43103448275862066}, {""lo"": 0.5, ""hi"": 0.6000000000000001, ""n"": 41, ""conf"": 0.5413250404733526, ""acc"": 0.6585365853658537}, {""lo"": 0.6000000000000001, ""hi"": 0.7000000000000001, ""n"": 14, ""conf"": 0.6514385652004886, ""acc"": 0.7142857142857143}, {""lo"": 0.7000000000000001, ""hi"": 0.8, ""n"": 8, ""conf"": 0.7367381826655839, ""acc"": 1.0}, {""lo"": 0.8, ""hi"": 0.9, ""n"": 3, ""conf"": 0.8116328703776463, ""acc"": 1.0}, {""lo"": 0.9, ""hi"": 1.0, ""n"": 0, ""conf"": null, ""acc"": null}]",,0.41
synthetic,lo,0.200,0.00,4,rank16,600,130,0.21666666666666667,0.9769067103109657,0.935283064648592,0.1838209295595078,0.31962710458724863,0.25193798449612403,1.0,0.45263157894736844,0.9923076923076923,0.740506329113924,0.9,"[{""lo"": 0.0, ""hi"": 0.1, ""n"": 0, ""conf"": null, ""acc"": null}, {""lo"": 0.1, ""hi"": 0.2, ""n"": 0, ""conf"": null, ""acc"": null}, {""lo"": 0.2, ""hi"": 0.30000000000000004, ""n"": 84, ""conf"": 0.27738550520824945, ""acc"": 0.0}, {""lo"": 0.30000000000000004, ""hi"": 0.4, ""n"": 145, ""conf"": 0.343545705443153, ""acc"": 0.006896551724137931}, {""lo"": 0.4, ""hi"": 0.5, ""n"": 86, ""conf"": 0.4449826154274003, ""acc"": 0.0}, {""lo"": 0.5, ""hi"": 0.6000000000000001, ""n"": 63, ""conf"": 0.5500247751598003, ""acc"": 0.015873015873015872}, {""lo"": 0.6000000000000001, ""hi"": 0.7000000000000001, ""n"": 64, ""conf"": 0.6460829587461285, ""acc"": 0.171875}, {""lo"": 0.7000000000000001, ""hi"": 0.8, ""n"": 40, ""conf"": 0.7530578006352745, ""acc"": 0.325}, {""lo"": 0.8, ""hi"": 0.9, ""n"": 118, ""conf"": 0.8790672383168475, ""acc"": 0.8813559322033898}, {""lo"": 0.9, ""hi"": 1.0, ""n"": 0, ""conf"": null, ""acc"": null}]",,0.2
synthetic,lo,0.200,0.40,0,default,367,82,0.22343324250681199,0.8361146769362431,0.6434838988054536,0.1525185532513307,0.15466898213957175,0.34101382488479265,0.9024390243902439,0.6976744186046512,0.36585365853658536,1.0,0.0975609756097561,"[{""lo"": 0.0, ""hi"": 0.1, ""n"": 0, ""conf"": null, ""acc"": null}, {""lo"": 0.1, ""hi"": 0.2, ""n"": 0, ""conf"": null, ""acc"": null}, {""lo"": 0.2, ""hi"": 0.30000000000000004, ""n"": 150, ""conf"": 0.270915831490731, ""acc"": 0.05333333333333334}, {""lo"": 0.30000000000000004, ""hi"": 0.4, ""n"": 126, ""conf"": 0.3352109292149516, ""acc"": 0.21428571428571427}, {""lo"": 0.4, ""hi"": 0.5, ""n"": 48, ""conf"": 0.44699663654414473, ""acc"": 0.3541666666666667}, {""lo"": 0.5, ""hi"": 0.6000000000000001, ""n"": 23, ""conf"": 0.5418228093046944, ""acc"": 0.5217391304347826}, {""lo"": 0.6000000000000001, ""hi"": 0.7000000000000001, ""n"": 12, ""conf"": 0.6266128893415089, ""acc"": 0.8333333333333334}, {""lo"": 0.7000000000000001, ""hi"": 0.8, ""n"": 3, ""conf"": 0.7332759591941276, ""acc"": 1.0}, {""lo"": 0.8, ""hi"": 0.9, ""n"": 5, ""conf"": 0.8618031955834311, ""acc"": 1.0}, {""lo"": 0.9, ""hi"": 1.0, ""n"": 0, ""conf"": null, ""acc"": null}]",,0.2
synthetic,lo,0.200,0.00,4,default,600,130,0.21666666666666667,0.8148117839607202,0.5916549265719279,0.15361425457409367,0.14407581947662162,0.3434650455927052,0.8692307692307693,0.6949152542372882,0.3153846153846154,0.9375,0.11538461538461539,"[{""lo"": 0.0, ""hi"": 0.1, ""n"": 0, ""conf"": null, ""acc"": null}, {""lo"": 0.1, ""hi"": 0.2, ""n"": 0, ""conf"": null, ""acc"": null}, {""lo"": 0.2, ""hi"": 0.30000000000000004, ""n"": 271, ""conf"": 0.2717010765935638, ""acc"": 0.06273062730627306}, {""lo"": 0.30000000000000004, ""hi"": 0.4, ""n"": 206, ""conf"": 0.33847170274973215, ""acc"": 0.22330097087378642}, {""lo"": 0.4, ""hi"": 0.5, ""n"": 64, ""conf"": 0.4457809118318689, ""acc"": 0.40625}, {""lo"": 0.5, ""hi"": 0.6000000000000001, ""n"": 26, ""conf"": 0.5414926700013237, ""acc"": 0.5384615384615384}, {""lo"": 0.6000000000000001, ""hi"": 0.7000000000000001, ""n"": 17, ""conf"": 0.6436812666200892, ""acc"": 0.7058823529411765}, {""lo"": 0.7000000000000001, ""hi"": 0.8, ""n"": 9, ""conf"": 0.7442870345472625, ""acc"": 1.0}, {""lo"": 0.8, ""hi"": 0.9, ""n"": 7, ""conf"": 0.8397562530192527, ""acc"": 0.8571428571428571}, {""lo"": 0.9, ""hi"": 1.0, ""n"": 0, ""conf"": null, ""acc"": null}]",,0.42
synthetic,lo,0.200,0.40,0,rank16,367,82,0.22343324250681199,0.9755669661959778,0.927818650992994,0.1959207666968562,0.3304606189477264,0.26366559485530544,1.0,0.44324324324324327,1.0,0.7090909090909091,0.9512195121951219,"[{""lo"": 0.0, ""hi"": 0.1, ""n"": 0, ""conf"": null, ""acc"": null}, {""lo"": 0.1, ""hi"": 0.2, ""n"": 0, ""conf"": null, ""acc"": null}, {""lo"": 0.2, ""hi"": 0.30000000000000004, ""n"": 56, ""conf"": 0.2778626847956106, ""acc"": 0.0}, {""lo"": 0.30000000000000004, ""hi"": 0.4, ""n"": 76, ""conf"": 0.34712592327918756, ""acc"": 0.0}, {""lo"": 0.4, ""hi"": 0.5, ""n"": 50, ""conf"": 0.448871151988075, ""acc"": 0.0}, {""lo"": 0.5, ""hi"": 0.6000000000000001, ""n"": 40, ""conf"": 0.5555796257340474, ""acc"": 0.025}, {""lo"": 0.6000000000000001, ""hi"": 0.7000000000000001, ""n"": 35, ""conf"": 0.6483103127325661, ""acc"": 0.08571428571428572}, {""lo"": 0.7000000000000001, ""hi"": 0.8, ""n"": 26, ""conf"": 0.760470403663698, ""acc"": 0.23076923076923078}, {""lo"": 0.8, ""hi"": 0.9, ""n"": 84, ""conf"": 0.8834206257902559, ""acc"": 0.8571428571428571}, {""lo"": 0.9, ""hi"": 1.0, ""n"": 0, ""conf"": null, ""acc"": null}]",,0.15
synthetic,lo,0.200,0.40,1,rank16,367,72,0.19618528610354224,0.9759887005649718,0.9136186730683393,0.20388327903161996,0.3497828435295673,0.2236024844720497,1.0,0.3870967741935484,1.0,0.6699029126213593,0.9583333333333334,"[{""lo"": 0.0, ""hi"": 0.1, ""n"": 0, ""conf"": null, ""acc"": null}, {""lo"": 0.1, ""hi"": 0.2, ""n"": 0, ""conf"": null, ""acc"": null}, {""lo"": 0.2, ""hi"": 0.30000000000000004, ""n"": 45, ""conf"": 0.2772395229300782, ""acc"": 0.0}, {""lo"": 0.30000000000000004, ""hi"": 0.4, ""n"": 88, ""conf"": 0.3476010270648151, ""acc"": 0.0}, {""lo"": 0.4, ""hi"": 0.5, ""n"": 48, ""conf"": 0.44292846889100607, ""acc"": 0.0}, {""lo"": 0.5, ""hi"": 0.6000000000000001, ""n"": 43, ""conf"": 0.5478995378740574, ""acc"": 0.023255813953488372}, {""lo"": 0.6000000000000001, ""hi"": 0.7000000000000001, ""n"": 40, ""conf"": 0.6461933238494585, ""acc"": 0.05}, {""lo"": 0.7000000000000001, ""hi"": 0.8, ""n"": 30, ""conf"": 0.7484113693970641, ""acc"": 0.2}, {""lo"": 0.8, ""hi"": 0.9, ""n"": 73, ""conf"": 0.8792508765828896, ""acc"": 0.863013698630137}, {""lo"": 0.9, ""hi"": 1.0, ""n"": 0, ""conf"": null, ""acc"": null}]",,0.14
synthetic,lo,0.200,0.40,1,default,367,72,0.19618528610354224,0.8400188323917138,0.5758369025918351,0.14735712903904274,0.16599437532919872,0.33663366336633666,0.9444444444444444,0.6944444444444444,0.3472222222222222,0.8571428571428571,0.08333333333333333,"[{""lo"": 0.0, ""hi"": 0.1, ""n"": 0, ""conf"": null, ""acc"": null}, {""lo"": 0.1, ""hi"": 0.2, ""n"": 0, ""conf"": null, ""acc"": null}, {""lo"": 0.2, ""hi"": 0.30000000000000004, ""n"": 165, ""conf"": 0.2716440309802173, ""acc"": 0.024242424242424242}, {""lo"": 0.30000000000000004, ""hi"": 0.4, ""n"": 125, ""conf"": 0.3355660260404346, ""acc"": 0.208}, {""lo"": 0.4, ""hi"": 0.5, ""n"": 41, ""conf"": 0.4462660551516699, ""acc"": 0.4146341463414634}, {""lo"": 0.5, ""hi"": 0.6000000000000001, ""n"": 12, ""conf"": 0.5449321320792379, ""acc"": 0.6666666666666666}, {""lo"": 0.6000000000000001, ""hi"": 0.7000000000000001, ""n"": 17, ""conf"": 0.6439636095233804, ""acc"": 0.6470588235294118}, {""lo"": 0.7000000000000001, ""hi"": 0.8, ""n"": 3, ""conf"": 0.743328796061243, ""acc"": 1.0}, {""lo"": 0.8, ""hi"": 0.9, ""n"": 4, ""conf"": 0.8931406132098381, ""acc"": 0.75}, {""lo"": 0.9, ""hi"": 1.0, ""n"": 0, ""conf"": null, ""acc"": null}]",,0.23
synthetic,lo,0.200,0.40,2,rank16,357,72,0.20168067226890757,0.984551656920078,0.9549707129641516,0.18038585711911323,0.3458232488560268,0.23300970873786409,1.0,0.44375,0.9861111111111112,0.75,0.9583333333333334,"[{""lo"": 0.0, ""hi"": 0.1, ""n"": 0, ""conf"": null, ""acc"": null}, {""lo"": 0.1, ""hi"": 0.2, ""n"": 0, ""conf"": null, ""acc"": null}, {""lo"": 0.2, ""hi"": 0.30000000000000004, ""n"": 48, ""conf"": 0.2756081716733249, ""acc"": 0.0}, {""lo"": 0.30000000000000004, ""hi"": 0.4, ""n"": 90, ""conf"": 0.3412928280125429, ""acc"": 0.0}, {""lo"": 0.4, ""hi"": 0.5, ""n"": 59, ""conf"": 0.44780716088517974, ""acc"": 0.01694915254237288}, {""lo"": 0.5, ""hi"": 0.6000000000000001, ""n"": 39, ""conf"": 0.5453795122876021, ""acc"": 0.0}, {""lo"": 0.6000000000000001, ""hi"": 0.7000000000000001, ""n"": 29, ""conf"": 0.6419186792564349, ""acc"": 0.06896551724137931}, {""lo"": 0.7000000000000001, ""hi"": 0.8, ""n"": 21, ""conf"": 0.7532496893235744, ""acc"": 0.14285714285714285}, {""lo"": 0.8, ""hi"": 0.9, ""n"": 71, ""conf"": 0.881844444584798, ""acc"": 0.9295774647887324}, {""lo"": 0.9, ""hi"": 1.0, ""n"": 0, ""conf"": null, ""acc"": null}]",,0.14
synthetic,lo,0.200,0.40,2,default,357,72,0.20168067226890757,0.8617446393762184,0.6603527419067611,0.14509277035529142,0.1669424921532532,0.34536082474226804,0.9305555555555556,0.7142857142857143,0.3472222222222222,1.0,0.041666666666666664,"[{""lo"": 0.0, ""hi"": 0.1, ""n"": 0, ""conf"": null, ""acc"": null}, {""lo"": 0.1, ""hi"": 0.2, ""n"": 0, ""conf"": null, ""acc"": null}, {""lo"": 0.2, ""hi"": 0.30000000000000004, ""n"": 163, ""conf"": 0.2728621319698964, ""acc"": 0.03067484662576687}, {""lo"": 0.30000000000000004, ""hi"": 0.4, ""n"": 116, ""conf"": 0.3356395910423812, ""acc"": 0.19827586206896552}, {""lo"": 0.4, ""hi"": 0.5, ""n"": 43, ""conf"": 0.4390011535908556, ""acc"": 0.4418604651162791}, {""lo"": 0.5, ""hi"": 0.6000000000000001, ""n"": 21, ""conf"": 0.5476100318287072, ""acc"": 0.5714285714285714}, {""lo"": 0.6000000000000001, ""hi"": 0.7000000000000001, ""n"": 11, ""conf"": 0.6419638248639967, ""acc"": 0.9090909090909091}, {""lo"": 0.7000000000000001, ""hi"": 0.8, ""n"": 2, ""conf"": 0.7701372801409316, ""acc"": 1.0}, {""lo"": 0.8, ""hi"": 0.9, ""n"": 1, ""conf"": 0.8335134667024691, ""acc"": 1.0}, {""lo"": 0.9, ""hi"": 1.0, ""n"": 0, ""conf"": null, ""acc"": null}]",,0.23
synthetic,lo,0.200,0.40,3,rank16,367,83,0.22615803814713897,0.9827337519090446,0.9366502767386079,0.19088923781699543,0.32890931149168073,0.2634920634920635,1.0,0.46368715083798884,1.0,0.7142857142857143,0.963855421686747,"[{""lo"": 0.0, ""hi"": 0.1, ""n"": 0, ""conf"": null, ""acc"": null}, {""lo"": 0.1, ""hi"": 0.2, ""n"": 0, ""conf"": null, ""acc"": null}, {""lo"": 0.2, ""hi"": 0.30000000000000004, ""n"": 52, ""conf"": 0.28074961498636253, ""acc"": 0.0}, {""lo"": 0.30000000000000004, ""hi"": 0.4, ""n"": 74, ""conf"": 0.34596434668105086, ""acc"": 0.0}, {""lo"": 0.4, ""hi"": 0.5, ""n"": 62, ""conf"": 0.4484217677480735, ""acc"": 0.0}, {""lo"": 0.5, ""hi"": 0.6000000000000001, ""n"": 34, ""conf"": 0.5467641275416945, ""acc"": 0.0}, {""lo"": 0.6000000000000001, ""hi"": 0.7000000000000001, ""n"": 33, ""conf"": 0.6443432182016551, ""acc"": 0.09090909090909091}, {""lo"": 0.7000000000000001, ""hi"": 0.8, ""n"": 22, ""conf"": 0.7556734562749775, ""acc"": 0.13636363636363635}, {""lo"": 0.8, ""hi"": 0.9, ""n"": 90, ""conf"": 0.8803233723139545, ""acc"": 0.8555555555555555}, {""lo"": 0.9, ""hi"": 1.0, ""n"": 0, ""conf"": null, ""acc"": null}]",,0.14
synthetic,lo,0.200,0.40,3,default,367,83,0.22615803814713897,0.7949261836076702,0.5579636486714203,0.16141606015460636,0.15049944350685945,0.3397129186602871,0.8554216867469879,0.6415094339622641,0.40963855421686746,0.7142857142857143,0.12048192771084337,"[{""lo"": 0.0, ""hi"": 0.1, ""n"": 0, ""conf"": null, ""acc"": null}, {""lo"": 0.1, ""hi"": 0.2, ""n"": 0, ""conf"": null, ""acc"": null}, {""lo"": 0.2, ""hi"": 0.30000000000000004, ""n"": 158, ""conf"": 0.27378399568401157, ""acc"": 0.0759493670886076}, {""lo"": 0.30000000000000004, ""hi"": 0.4, ""n"": 121, ""conf"": 0.33996111636553117, ""acc"": 0.23140495867768596}, {""lo"": 0.4, ""hi"": 0.5, ""n"": 35, ""conf"": 0.4467431600569728, ""acc"": 0.2571428571428571}, {""lo"": 0.5, ""hi"": 0.6000000000000001, ""n"": 27, ""conf"": 0.5442688030838357, ""acc"": 0.5185185185185185}, {""lo"": 0.6000000000000001, ""hi"": 0.7000000000000001, ""n"": 12, ""conf"": 0.6440488938159024, ""acc"": 0.8333333333333334}, {""lo"": 0.7000000000000001, ""hi"": 0.8, ""n"": 8, ""conf"": 0.7303401380860264, ""acc"": 0.75}, {""lo"": 0.8, ""hi"": 0.9, ""n"": 6, ""conf"": 0.8466948189892901, ""acc"": 0.6666666666666666}, {""lo"": 0.9, ""hi"": 1.0, ""n"": 0, ""conf"": null, ""acc"": null}]",,0.22
synthetic,lo,0.200,0.40,4,rank16,353,67,0.18980169971671387,0.9794384719757854,0.9268470464173212,0.1977243481915,0.3455859932888515,0.21895424836601307,1.0,0.41875,1.0,0.6530612244897959,0.9552238805970149,"[{""lo"": 0.0, ""hi"": 0.1, ""n"": 0, ""conf"": null, ""acc"": null}, {""lo"": 0.1, ""hi"": 0.2, ""n"": 0, ""conf"": null, ""acc"": null}, {""lo"": 0.2, ""hi"": 0.30000000000000004, ""n"": 47, ""conf"": 0.2791902702959913, ""acc"": 0.0}, {""lo"": 0.30000000000000004, ""hi"": 0.4, ""n"": 90, ""conf"": 0.33882117189273625, ""acc"": 0.0}, {""lo"": 0.4, ""hi"": 0.5, ""n"": 56, ""conf"": 0.4466161688886783, ""acc"": 0.0}, {""lo"": 0.5, ""hi"": 0.6000000000000001, ""n"": 27, ""conf"": 0.5434034196568676, ""acc"": 0.0}, {""lo"": 0.6000000000000001, ""hi"": 0.7000000000000001, ""n"": 35, ""conf"": 0.6476757114440931, ""acc"": 0.08571428571428572}, {""lo"": 0.7000000000000001, ""hi"": 0.8, ""n"": 23, ""conf"": 0.7526891239198004, ""acc"": 0.17391304347826086}, {""lo"": 0.8, ""hi"": 0.9, ""n"": 75, ""conf"": 0.8761747989000888, ""acc"": 0.8}, {""lo"": 0.9, ""hi"": 1.0, ""n"": 0, ""conf"": null, ""acc"": null}]",,0.15
synthetic,lo,0.200,0.40,4,default,353,67,0.18980169971671387,0.869742198100407,0.6371345913167248,0.14041761147714352,0.1902760899939528,0.35428571428571426,0.9253731343283582,0.7931034482758621,0.34328358208955223,0.8,0.05970149253731343,"[{""lo"": 0.0, ""hi"": 0.1, ""n"": 0, ""conf"": null, ""acc"": null}, {""lo"": 0.1, ""hi"": 0.2, ""n"": 0, ""conf"": null, ""acc"": null}, {""lo"": 0.2, ""hi"": 0.30000000000000004, ""n"": 178, ""conf"": 0.27305512561334105, ""acc"": 0.028089887640449437}, {""lo"": 0.30000000000000004, ""hi"": 0.4, ""n"": 118, ""conf"": 0.339289079268117, ""acc"": 0.2033898305084746}, {""lo"": 0.4, ""hi"": 0.5, ""n"": 28, ""conf"": 0.4513413332210569, ""acc"": 0.5357142857142857}, {""lo"": 0.5, ""hi"": 0.6000000000000001, ""n"": 13, ""conf"": 0.5480676387538221, ""acc"": 0.8461538461538461}, {""lo"": 0.6000000000000001, ""hi"": 0.7000000000000001, ""n"": 11, ""conf"": 0.6517467413356958, ""acc"": 0.7272727272727273}, {""lo"": 0.7000000000000001, ""hi"": 0.8, ""n"": 3, ""conf"": 0.727654892519817, ""acc"": 0.6666666666666666}, {""lo"": 0.8, ""hi"": 0.9, ""n"": 2, ""conf"": 0.8618889169123447, ""acc"": 1.0}, {""lo"": 0.9, ""hi"": 1.0, ""n"": 0, ""conf"": null, ""acc"": null}]",,0.22
synthetic,lo,0.300,0.00,0,rank16,600,184,0.30666666666666664,0.969978051839465,0.9390140558028284,0.18510043147880054,0.2861214860688044,0.34074074074074073,1.0,0.5273775216138329,0.9945652173913043,0.7909090909090909,0.9456521739130435,"[{""lo"": 0.0, ""hi"": 0.1, ""n"": 0, ""conf"": null, ""acc"": null}, {""lo"": 0.1, ""hi"": 0.2, ""n"": 0, ""conf"": null, ""acc"": null}, {""lo"": 0.2, ""hi"": 0.30000000000000004, ""n"": 60, ""conf"": 0.28004655824545494, ""acc"": 0.0}, {""lo"": 0.30000000000000004, ""hi"": 0.4, ""n"": 120, ""conf"": 0.3514241609854121, ""acc"": 0.0}, {""lo"": 0.4, ""hi"": 0.5, ""n"": 73, ""conf"": 0.4446227210769475, ""acc"": 0.0136986301369863}, {""lo"": 0.5, ""hi"": 0.6000000000000001, ""n"": 67, ""conf"": 0.5494151218266361, ""acc"": 0.05970149253731343}, {""lo"": 0.6000000000000001, ""hi"": 0.7000000000000001, ""n"": 60, ""conf"": 0.6503452502730105, ""acc"": 0.08333333333333333}, {""lo"": 0.7000000000000001, ""hi"": 0.8, ""n"": 37, ""conf"": 0.7551111358571035, ""acc"": 0.4594594594594595}, {""lo"": 0.8, ""hi"": 0.9, ""n"": 183, ""conf"": 0.8768912567443204, ""acc"": 0.8579234972677595}, {""lo"": 0.9, ""hi"": 1.0, ""n"": 0, ""conf"": null, ""acc"": null}]",,0.2
synthetic,lo,0.300,0.00,1,rank16,600,189,0.315,0.9562944940073893,0.9049938215163456,0.17725376573795362,0.2625314457523245,0.34363636363636363,1.0,0.5582089552238806,0.9894179894179894,0.8019323671497585,0.8783068783068783,"[{""lo"": 0.0, ""hi"": 0.1, ""n"": 0, ""conf"": null, ""acc"": null}, {""lo"": 0.1, ""hi"": 0.2, ""n"": 0, ""conf"": null, ""acc"": null}, {""lo"": 0.2, ""hi"": 0.30000000000000004, ""n"": 50, ""conf"": 0.27696738861260656, ""acc"": 0.0}, {""lo"": 0.30000000000000004, ""hi"": 0.4, ""n"": 130, ""conf"": 0.34181750067889044, ""acc"": 0.0}, {""lo"": 0.4, ""hi"": 0.5, ""n"": 85, ""conf"": 0.4470141456380422, ""acc"": 0.023529411764705882}, {""lo"": 0.5, ""hi"": 0.6000000000000001, ""n"": 76, ""conf"": 0.5536798197343916, ""acc"": 0.09210526315789473}, {""lo"": 0.6000000000000001, ""hi"": 0.7000000000000001, ""n"": 52, ""conf"": 0.6512493289054174, ""acc"": 0.2692307692307692}, {""lo"": 0.7000000000000001, ""hi"": 0.8, ""n"": 58, ""conf"": 0.7499722300031723, ""acc"": 0.6206896551724138}, {""lo"": 0.8, ""hi"": 0.9, ""n"": 149, ""conf"": 0.8778187906724535, ""acc"": 0.87248322147651}, {""lo"": 0.9, ""hi"": 1.0, ""n"": 0, ""conf"": null, ""acc"": null}]",,0.24
synthetic,lo,0.300,0.00,0,default,600,184,0.30666666666666664,0.7116560409698997,0.4914424276712175,0.19714023474421719,0.07506446824821784,0.42105263157894735,0.8260869565217391,0.5342465753424658,0.21195652173913043,0.6666666666666666,0.043478260869565216,"[{""lo"": 0.0, ""hi"": 0.1, ""n"": 0, ""conf"": null, ""acc"": null}, {""lo"": 0.1, ""hi"": 0.2, ""n"": 0, ""conf"": null, ""acc"": null}, {""lo"": 0.2, ""hi"": 0.30000000000000004, ""n"": 239, ""conf"": 0.2749803631015364, ""acc"": 0.13389121338912133}, {""lo"": 0.30000000000000004, ""hi"": 0.4, ""n"": 206, ""conf"": 0.3407925526251552, ""acc"": 0.3640776699029126}, {""lo"": 0.4, ""hi"": 0.5, ""n"": 82, ""conf"": 0.44452536870042053, ""acc"": 0.4634146341463415}, {""lo"": 0.5, ""hi"": 0.6000000000000001, ""n"": 45, ""conf"": 0.5423426093188328, ""acc"": 0.4888888888888889}, {""lo"": 0.6000000000000001, ""hi"": 0.7000000000000001, ""n"": 16, ""conf"": 0.6458111029303235, ""acc"": 0.5625}, {""lo"": 0.7000000000000001, ""hi"": 0.8, ""n"": 9, ""conf"": 0.74203796335579, ""acc"": 0.6666666666666666}, {""lo"": 0.8, ""hi"": 0.9, ""n"": 3, ""conf"": 0.8519945018150641, ""acc"": 0.6666666666666666}, {""lo"": 0.9, ""hi"": 1.0, ""n"": 0, ""conf"": null, ""acc"": null}]",,0.5
synthetic,lo,0.300,0.00,2,rank16,600,194,0.3233333333333333,0.9785561931847038,0.9639553815437517,0.17920372315138022,0.3075057866899278,0.35144927536231885,1.0,0.5388888888888889,1.0,0.8248847926267281,0.9226804123711341,"[{""lo"": 0.0, ""hi"": 0.1, ""n"": 0, ""conf"": null, ""acc"": null}, {""lo"": 0.1, ""hi"": 0.2, ""n"": 0, ""conf"": null, ""acc"": null}, {""lo"": 0.2, ""hi"": 0.30000000000000004, ""n"": 48, ""conf"": 0.27679358350507105, ""acc"": 0.0}, {""lo"": 0.30000000000000004, ""hi"": 0.4, ""n"": 111, ""conf"": 0.34695394818812375, ""acc"": 0.0}, {""lo"": 0.4, ""hi"": 0.5, ""n"": 81, ""conf"": 0.4421811318318276, ""acc"": 0.0}, {""lo"": 0.5, ""hi"": 0.6000000000000001, ""n"": 70, ""conf"": 0.5504192381800938, ""acc"": 0.05714285714285714}, {""lo"": 0.6000000000000001, ""hi"": 0.7000000000000001, ""n"": 73, ""conf"": 0.6524083932321267, ""acc"": 0.1506849315068493}, {""lo"": 0.7000000000000001, ""hi"": 0.8, ""n"": 38, ""conf"": 0.7485336555470374, ""acc"": 0.3157894736842105}, {""lo"": 0.8, ""hi"": 0.9, ""n"": 179, ""conf"": 0.8810649062060656, ""acc"": 0.9329608938547486}, {""lo"": 0.9, ""hi"": 1.0, ""n"": 0, ""conf"": null, ""acc"": null}]",,0.21
synthetic,lo,0.300,0.00,1,default,600,189,0.315,0.6736955934036226,0.5039011749978245,0.19927372883898262,0.05524664889727081,0.40331491712707185,0.7724867724867724,0.6052631578947368,0.24338624338624337,0.7368421052631579,0.07407407407407407,"[{""lo"": 0.0, ""hi"": 0.1, ""n"": 0, ""conf"": null, ""acc"": null}, {""lo"": 0.1, ""hi"": 0.2, ""n"": 0, ""conf"": null, ""acc"": null}, {""lo"": 0.2, ""hi"": 0.30000000000000004, ""n"": 238, ""conf"": 0.2741693637743893, ""acc"": 0.18067226890756302}, {""lo"": 0.30000000000000004, ""hi"": 0.4, ""n"": 213, ""conf"": 0.3402000181856376, ""acc"": 0.3286384976525822}, {""lo"": 0.4, ""hi"": 0.5, ""n"": 73, ""conf"": 0.44085908189536943, ""acc"": 0.410958904109589}, {""lo"": 0.5, ""hi"": 0.6000000000000001, ""n"": 37, ""conf"": 0.5483386259555045, ""acc"": 0.4864864864864865}, {""lo"": 0.6000000000000001, ""hi"": 0.7000000000000001, ""n"": 20, ""conf"": 0.6428827646142452, ""acc"": 0.7}, {""lo"": 0.7000000000000001, ""hi"": 0.8, ""n"": 12, ""conf"": 0.7527872849338785, ""acc"": 0.8333333333333334}, {""lo"": 0.8, ""hi"": 0.9, ""n"": 7, ""conf"": 0.8361339227561198, ""acc"": 0.5714285714285714}, {""lo"": 0.9, ""hi"": 1.0, ""n"": 0, ""conf"": null, ""acc"": null}]",,0.5
synthetic,lo,0.300,0.00,2,default,600,194,0.3233333333333333,0.6581433142044588,0.48179569077033757,0.20601742453275976,0.04150476473009104,0.3902439024390244,0.7422680412371134,0.5641025641025641,0.2268041237113402,0.6842105263157895,0.06701030927835051,"[{""lo"": 0.0, ""hi"": 0.1, ""n"": 0, ""conf"": null, ""acc"": null}, {""lo"": 0.1, ""hi"": 0.2, ""n"": 0, ""conf"": null, ""acc"": null}, {""lo"": 0.2, ""hi"": 0.30000000000000004, ""n"": 231, ""conf"": 0.27522401835266136, ""acc"": 0.21645021645021645}, {""lo"": 0.30000000000000004, ""hi"": 0.4, ""n"": 218, ""conf"": 0.3409782874533897, ""acc"": 0.3348623853211009}, {""lo"": 0.4, ""hi"": 0.5, ""n"": 73, ""conf"": 0.4433823860551751, ""acc"": 0.3698630136986301}, {""lo"": 0.5, ""hi"": 0.6000000000000001, ""n"": 38, ""conf"": 0.5372311138435212, ""acc"": 0.47368421052631576}, {""lo"": 0.6000000000000001, ""hi"": 0.7000000000000001, ""n"": 21, ""conf"": 0.6484449845456804, ""acc"": 0.6190476190476191}, {""lo"": 0.7000000000000001, ""hi"": 0.8, ""n"": 13, ""conf"": 0.7397350362393086, ""acc"": 0.6923076923076923}, {""lo"": 0.8, ""hi"": 0.9, ""n"": 6, ""conf"": 0.8295412131831662, ""acc"": 0.6666666666666666}, {""lo"": 0.9, ""hi"": 1.0, ""n"": 0, ""conf"": null, ""acc"": null}]",,0.53
synthetic,lo,0.300,0.00,3,rank16,600,185,0.30833333333333335,0.9624356887007489,0.9242350189291432,0.17611574215369621,0.2679853411727188,0.3400735294117647,1.0,0.5683229813664596,0.9891891891891892,0.7777777777777778,0.9081081081081082,"[{""lo"": 0.0, ""hi"": 0.1, ""n"": 0, ""conf"": null, ""acc"": null}, {""lo"": 0.1, ""hi"": 0.2, ""n"": 0, ""conf"": null, ""acc"": null}, {""lo"": 0.2, ""hi"": 0.30000000000000004, ""n"": 56, ""conf"": 0.27956646486844094, ""acc"": 0.0}, {""lo"": 0.30000000000000004, ""hi"": 0.4, ""n"": 133, ""conf"": 0.3453845373689987, ""acc"": 0.0}, {""lo"": 0.4, ""hi"": 0.5, ""n"": 89, ""conf"": 0.45159725837187636, ""acc"": 0.02247191011235955}, {""lo"": 0.5, ""hi"": 0.6000000000000001, ""n"": 63, ""conf"": 0.5474970391985934, ""acc"": 0.06349206349206349}, {""lo"": 0.6000000000000001, ""hi"": 0.7000000000000001, ""n"": 43, ""conf"": 0.6450891542678939, ""acc"": 0.2558139534883721}, {""lo"": 0.7000000000000001, ""hi"": 0.8, ""n"": 52, ""conf"": 0.7371675544832654, ""acc"": 0.5}, {""lo"": 0.8, ""hi"": 0.9, ""n"": 164, ""conf"": 0.8746544101808787, ""acc"": 0.8658536585365854}, {""lo"": 0.9, ""hi"": 1.0, ""n"": 0, ""conf"": null, ""acc"": null}]",,0.21
synthetic,lo,0.300,0.00,3,default,600,185,0.30833333333333335,0.6554086616737219,0.4290385158597543,0.20698709985404654,0.05783583453499184,0.396011396011396,0.7513513513513513,0.48333333333333334,0.15675675675675677,0.46153846153846156,0.032432432432432434,"[{""lo"": 0.0, ""hi"": 0.1, ""n"": 0, ""conf"": null, ""acc"": null}, {""lo"": 0.1, ""hi"": 0.2, ""n"": 0, ""conf"": null, ""acc"": null}, {""lo"": 0.2, ""hi"": 0.30000000000000004, ""n"": 249, ""conf"": 0.2725293442259444, ""acc"": 0.18473895582329317}, {""lo"": 0.30000000000000004, ""hi"": 0.4, ""n"": 218, ""conf"": 0.3398290801338526, ""acc"": 0.3440366972477064}, {""lo"": 0.4, ""hi"": 0.5, ""n"": 73, ""conf"": 0.4389436615760595, ""acc"": 0.4794520547945205}, {""lo"": 0.5, ""hi"": 0.6000000000000001, ""n"": 29, ""conf"": 0.5444671137177266, ""acc"": 0.5517241379310345}, {""lo"": 0.6000000000000001, ""hi"": 0.7000000000000001, ""n"": 18, ""conf"": 0.6499658727544051, ""acc"": 0.3888888888888889}, {""lo"": 0.7000000000000001, ""hi"": 0.8, ""n"": 10, ""conf"": 0.7423948318406455, ""acc"": 0.5}, {""lo"": 0.8, ""hi"": 0.9, ""n"": 3, ""conf"": 0.8778443475984972, ""acc"": 0.3333333333333333}, {""lo"": 0.9, ""hi"": 1.0, ""n"": 0, ""conf"": null, ""acc"": null}]",,0.44
synthetic,lo,0.300,0.00,4,rank16,600,181,0.3016666666666667,0.9727580796160287,0.9470178530406608,0.17904073755341354,0.29010226201857153,0.3345656192236599,1.0,0.5359281437125748,0.988950276243094,0.8038277511961722,0.9281767955801105,"[{""lo"": 0.0, ""hi"": 0.1, ""n"": 0, ""conf"": null, ""acc"": null}, {""lo"": 0.1, ""hi"": 0.2, ""n"": 0, ""conf"": null, ""acc"": null}, {""lo"": 0.2, ""hi"": 0.30000000000000004, ""n"": 59, ""conf"": 0.2809463455858251, ""acc"": 0.0}, {""lo"": 0.30000000000000004, ""hi"": 0.4, ""n"": 120, ""conf"": 0.34566823204814523, ""acc"": 0.0}, {""lo"": 0.4, ""hi"": 0.5, ""n"": 87, ""conf"": 0.4548105426719708, ""acc"": 0.022988505747126436}, {""lo"": 0.5, ""hi"": 0.6000000000000001, ""n"": 74, ""conf"": 0.55390627181198, ""acc"": 0.04054054054054054}, {""lo"": 0.6000000000000001, ""hi"": 0.7000000000000001, ""n"": 51, ""conf"": 0.6485806553111736, ""acc"": 0.1568627450980392}, {""lo"": 0.7000000000000001, ""hi"": 0.8, ""n"": 45, ""conf"": 0.7421037012124778, ""acc"": 0.4666666666666667}, {""lo"": 0.8, ""hi"": 0.9, ""n"": 164, ""conf"": 0.8781983312571802, ""acc"": 0.8963414634146342}, {""lo"": 0.9, ""hi"": 1.0, ""n"": 0, ""conf"": null, ""acc"": null}]",,0.2
synthetic,lo,0.300,0.40,0,default,364,121,0.3324175824175824,0.6249702411318574,0.46523042750457944,0.21402917008132877,0.0433990553162459,0.3875,0.768595041322314,0.5192307692307693,0.2231404958677686,0.7272727272727273,0.06611570247933884,"[{""lo"": 0.0, ""hi"": 0.1, ""n"": 0, ""conf"": null, ""acc"": null}, {""lo"": 0.1, ""hi"": 0.2, ""n"": 0, ""conf"": null, ""acc"": null}, {""lo"": 0.2, ""hi"": 0.30000000000000004, ""n"": 124, ""conf"": 0.275103318329317, ""acc"": 0.22580645161290322}, {""lo"": 0.30000000000000004, ""hi"": 0.4, ""n"": 134, ""conf"": 0.3444692929238661, ""acc"": 0.3208955223880597}, {""lo"": 0.4, ""hi"": 0.5, ""n"": 54, ""conf"": 0.4440452765108691, ""acc"": 0.42592592592592593}, {""lo"": 0.5, ""hi"": 0.6000000000000001, ""n"": 26, ""conf"": 0.5347101991801826, ""acc"": 0.5384615384615384}, {""lo"": 0.6000000000000001, ""hi"": 0.7000000000000001, ""n"": 15, ""conf"": 0.6558289289156796, ""acc"": 0.3333333333333333}, {""lo"": 0.7000000000000001, ""hi"": 0.8, ""n"": 7, ""conf"": 0.7494185774704168, ""acc"": 0.7142857142857143}, {""lo"": 0.8, ""hi"": 0.9, ""n"": 4, ""conf"": 0.8415539203874614, ""acc"": 0.75}, {""lo"": 0.9, ""hi"": 1.0, ""n"": 0, ""conf"": null, ""acc"": null}]",,0.21
synthetic,lo,0.300,0.00,4,default,600,181,0.3016666666666667,0.6804414615171613,0.4428595490972028,0.20196848309036425,0.07634429265511418,0.3988439306358382,0.7624309392265194,0.48717948717948717,0.20994475138121546,0.42857142857142855,0.03314917127071823,"[{""lo"": 0.0, ""hi"": 0.1, ""n"": 0, ""conf"": null, ""acc"": null}, {""lo"": 0.1, ""hi"": 0.2, ""n"": 0, ""conf"": null, ""acc"": null}, {""lo"": 0.2, ""hi"": 0.30000000000000004, ""n"": 254, ""conf"": 0.2743679591485123, ""acc"": 0.16929133858267717}, {""lo"": 0.30000000000000004, ""hi"": 0.4, ""n"": 204, ""conf"": 0.33956775545334816, ""acc"": 0.3235294117647059}, {""lo"": 0.4, ""hi"": 0.5, ""n"": 64, ""conf"": 0.4457257963481742, ""acc"": 0.53125}, {""lo"": 0.5, ""hi"": 0.6000000000000001, ""n"": 38, ""conf"": 0.5440198488336631, ""acc"": 0.4473684210526316}, {""lo"": 0.6000000000000001, ""hi"": 0.7000000000000001, ""n"": 26, ""conf"": 0.6396169489734558, ""acc"": 0.5769230769230769}, {""lo"": 0.7000000000000001, ""hi"": 0.8, ""n"": 8, ""conf"": 0.7358222539594204, ""acc"": 0.5}, {""lo"": 0.8, ""hi"": 0.9, ""n"": 6, ""conf"": 0.8637283104136824, ""acc"": 0.3333333333333333}, {""lo"": 0.9, ""hi"": 1.0, ""n"": 0, ""conf"": null, ""acc"": null}]",,0.49
synthetic,lo,0.300,0.40,0,rank16,364,121,0.3324175824175824,0.9658198143046628,0.9313474982862935,0.18204674883278002,0.28903455422962865,0.3677811550151976,1.0,0.5405405405405406,0.9917355371900827,0.8129496402877698,0.9338842975206612,"[{""lo"": 0.0, ""hi"": 0.1, ""n"": 0, ""conf"": null, ""acc"": null}, {""lo"": 0.1, ""hi"": 0.2, ""n"": 0, ""conf"": null, ""acc"": null}, {""lo"": 0.2, ""hi"": 0.30000000000000004, ""n"": 35, ""conf"": 0.27998528905129216, ""acc"": 0.0}, {""lo"": 0.30000000000000004, ""hi"": 0.4, ""n"": 55, ""conf"": 0.3493564534746888, ""acc"": 0.01818181818181818}, {""lo"": 0.4, ""hi"": 0.5, ""n"": 52, ""conf"": 0.45130592397084107, ""acc"": 0.0}, {""lo"": 0.5, ""hi"": 0.6000000000000001, ""n"": 50, ""conf"": 0.5497623508034576, ""acc"": 0.04}, {""lo"": 0.6000000000000001, ""hi"": 0.7000000000000001, ""n"": 33, ""conf"": 0.6487227374565239, ""acc"": 0.15151515151515152}, {""lo"": 0.7000000000000001, ""hi"": 0.8, ""n"": 30, ""conf"": 0.7562795562228417, ""acc"": 0.4666666666666667}, {""lo"": 0.8, ""hi"": 0.9, ""n"": 109, ""conf"": 0.8794291277772978, ""acc"": 0.908256880733945}, {""lo"": 0.9, ""hi"": 1.0, ""n"": 0, ""conf"": null, ""acc"": null}]",,0.15
synthetic,lo,0.300,0.40,1,rank16,361,98,0.27146814404432135,0.982424148366571,0.9599613328927907,0.1898434124983812,0.30871322821906294,0.3052959501557632,1.0,0.49746192893401014,1.0,0.753968253968254,0.9693877551020408,"[{""lo"": 0.0, ""hi"": 0.1, ""n"": 0, ""conf"": null, ""acc"": null}, {""lo"": 0.1, ""hi"": 0.2, ""n"": 0, ""conf"": null, ""acc"": null}, {""lo"": 0.2, ""hi"": 0.30000000000000004, ""n"": 40, ""conf"": 0.275182866827341, ""acc"": 0.0}, {""lo"": 0.30000000000000004, ""hi"": 0.4, ""n"": 76, ""conf"": 0.3490753101778642, ""acc"": 0.0}, {""lo"": 0.4, ""hi"": 0.5, ""n"": 48, ""conf"": 0.44636110408680324, ""acc"": 0.0}, {""lo"": 0.5, ""hi"": 0.6000000000000001, ""n"": 29, ""conf"": 0.5494833906775786, ""acc"": 0.034482758620689655}, {""lo"": 0.6000000000000001, ""hi"": 0.7000000000000001, ""n"": 42, ""conf"": 0.6420709462945704, ""acc"": 0.047619047619047616}, {""lo"": 0.7000000000000001, ""hi"": 0.8, ""n"": 25, ""conf"": 0.7534189333886677, ""acc"": 0.36}, {""lo"": 0.8, ""hi"": 0.9, ""n"": 101, ""conf"": 0.8786696310452023, ""acc"": 0.8514851485148515}, {""lo"": 0.9, ""hi"": 1.0, ""n"": 0, ""conf"": null, ""acc"": null}]",,0.15
synthetic,lo,0.300,0.40,1,default,361,98,0.27146814404432135,0.7420268487623186,0.5182150294791495,0.1816604305649542,0.11400266150004337,0.3648068669527897,0.8673469387755102,0.6470588235294118,0.336734693877551,0.6923076923076923,0.09183673469387756,"[{""lo"": 0.0, ""hi"": 0.1, ""n"": 0, ""conf"": null, ""acc"": null}, {""lo"": 0.1, ""hi"": 0.2, ""n"": 0, ""conf"": null, ""acc"": null}, {""lo"": 0.2, ""hi"": 0.30000000000000004, ""n"": 128, ""conf"": 0.2756692563470508, ""acc"": 0.1015625}, {""lo"": 0.30000000000000004, ""hi"": 0.4, ""n"": 127, ""conf"": 0.3406703007808814, ""acc"": 0.25984251968503935}, {""lo"": 0.4, ""hi"": 0.5, ""n"": 55, ""conf"": 0.4417464930916655, ""acc"": 0.34545454545454546}, {""lo"": 0.5, ""hi"": 0.6000000000000001, ""n"": 24, ""conf"": 0.5359904778843575, ""acc"": 0.5833333333333334}, {""lo"": 0.6000000000000001, ""hi"": 0.7000000000000001, ""n"": 14, ""conf"": 0.6527069950293763, ""acc"": 0.7142857142857143}, {""lo"": 0.7000000000000001, ""hi"": 0.8, ""n"": 8, ""conf"": 0.7441148375020721, ""acc"": 0.75}, {""lo"": 0.8, ""hi"": 0.9, ""n"": 5, ""conf"": 0.8525397539064075, ""acc"": 0.6}, {""lo"": 0.9, ""hi"": 1.0, ""n"": 0, ""conf"": null, ""acc"": null}]",,0.2
synthetic,lo,0.300,0.40,2,rank16,366,96,0.26229508196721313,0.9638117283950618,0.9148148139726286,0.19686134645408632,0.3100440656403096,0.2874251497005988,1.0,0.475,0.9895833333333334,0.7457627118644068,0.9166666666666666,"[{""lo"": 0.0, ""hi"": 0.1, ""n"": 0, ""conf"": null, ""acc"": null}, {""lo"": 0.1, ""hi"": 0.2, ""n"": 0, ""conf"": null, ""acc"": null}, {""lo"": 0.2, ""hi"": 0.30000000000000004, ""n"": 32, ""conf"": 0.2770534293242846, ""acc"": 0.0}, {""lo"": 0.30000000000000004, ""hi"": 0.4, ""n"": 77, ""conf"": 0.3465662817209901, ""acc"": 0.0}, {""lo"": 0.4, ""hi"": 0.5, ""n"": 57, ""conf"": 0.4522239968282363, ""acc"": 0.017543859649122806}, {""lo"": 0.5, ""hi"": 0.6000000000000001, ""n"": 43, ""conf"": 0.5478633796824725, ""acc"": 0.06976744186046512}, {""lo"": 0.6000000000000001, ""hi"": 0.7000000000000001, ""n"": 39, ""conf"": 0.6526073052395406, ""acc"": 0.10256410256410256}, {""lo"": 0.7000000000000001, ""hi"": 0.8, ""n"": 35, ""conf"": 0.758626850069974, ""acc"": 0.45714285714285713}, {""lo"": 0.8, ""hi"": 0.9, ""n"": 83, ""conf"": 0.8745336962784702, ""acc"": 0.8674698795180723}, {""lo"": 0.9, ""hi"": 1.0, ""n"": 0, ""conf"": null, ""acc"": null}]",,0.17
synthetic,lo,0.300,0.40,2,default,366,96,0.26229508196721313,0.7426697530864198,0.5817754104408059,0.17176613820254816,0.11981784746338786,0.35185185185185186,0.7916666666666666,0.6545454545454545,0.375,0.8333333333333334,0.15625,"[{""lo"": 0.0, ""hi"": 0.1, ""n"": 0, ""conf"": null, ""acc"": null}, {""lo"": 0.1, ""hi"": 0.2, ""n"": 0, ""conf"": null, ""acc"": null}, {""lo"": 0.2, ""hi"": 0.30000000000000004, ""n"": 150, ""conf"": 0.27357255251867163, ""acc"": 0.13333333333333333}, {""lo"": 0.30000000000000004, ""hi"": 0.4, ""n"": 118, ""conf"": 0.3385653428221647, ""acc"": 0.19491525423728814}, {""lo"": 0.4, ""hi"": 0.5, ""n"": 43, ""conf"": 0.436179170802345, ""acc"": 0.3953488372093023}, {""lo"": 0.5, ""hi"": 0.6000000000000001, ""n"": 25, ""conf"": 0.5385751507742094, ""acc"": 0.6}, {""lo"": 0.6000000000000001, ""hi"": 0.7000000000000001, ""n"": 12, ""conf"": 0.6408636209738202, ""acc"": 0.5}, {""lo"": 0.7000000000000001, ""hi"": 0.8, ""n"": 12, ""conf"": 0.740452668479484, ""acc"": 0.75}, {""lo"": 0.8, ""hi"": 0.9, ""n"": 6, ""conf"": 0.8715863607156441, ""acc"": 1.0}, {""lo"": 0.9, ""hi"": 1.0, ""n"": 0, ""conf"": null, ""acc"": null}]",,0.21
synthetic,lo,0.300,0.40,3,rank16,354,107,0.3022598870056497,0.9484657005562072,0.892781631345457,0.20126392679573013,0.2946618930412308,0.3292307692307692,1.0,0.5071090047393365,1.0,0.7164179104477612,0.897196261682243,"[{""lo"": 0.0, ""hi"": 0.1, ""n"": 0, ""conf"": null, ""acc"": null}, {""lo"": 0.1, ""hi"": 0.2, ""n"": 0, ""conf"": null, ""acc"": null}, {""lo"": 0.2, ""hi"": 0.30000000000000004, ""n"": 29, ""conf"": 0.27799532508501085, ""acc"": 0.0}, {""lo"": 0.30000000000000004, ""hi"": 0.4, ""n"": 68, ""conf"": 0.3498109706792829, ""acc"": 0.0}, {""lo"": 0.4, ""hi"": 0.5, ""n"": 46, ""conf"": 0.44598161511256906, ""acc"": 0.0}, {""lo"": 0.5, ""hi"": 0.6000000000000001, ""n"": 42, ""conf"": 0.5476347870067724, ""acc"": 0.11904761904761904}, {""lo"": 0.6000000000000001, ""hi"": 0.7000000000000001, ""n"": 35, ""conf"": 0.6507042946184389, ""acc"": 0.17142857142857143}, {""lo"": 0.7000000000000001, ""hi"": 0.8, ""n"": 33, ""conf"": 0.7556349061346664, ""acc"": 0.36363636363636365}, {""lo"": 0.8, ""hi"": 0.9, ""n"": 101, ""conf"": 0.8736126944493782, ""acc"": 0.8316831683168316}, {""lo"": 0.9, ""hi"": 1.0, ""n"": 0, ""conf"": null, ""acc"": null}]",,0.14
synthetic,lo,0.300,0.40,3,default,354,107,0.3022598870056497,0.734042150667827,0.5360286297420468,0.19062431210322542,0.09785533774174715,0.39565217391304347,0.8504672897196262,0.5714285714285714,0.22429906542056074,0.75,0.08411214953271028,"[{""lo"": 0.0, ""hi"": 0.1, ""n"": 0, ""conf"": null, ""acc"": null}, {""lo"": 0.1, ""hi"": 0.2, ""n"": 0, ""conf"": null, ""acc"": null}, {""lo"": 0.2, ""hi"": 0.30000000000000004, ""n"": 124, ""conf"": 0.27556047728973515, ""acc"": 0.12903225806451613}, {""lo"": 0.30000000000000004, ""hi"": 0.4, ""n"": 129, ""conf"": 0.3392240988329626, ""acc"": 0.27906976744186046}, {""lo"": 0.4, ""hi"": 0.5, ""n"": 59, ""conf"": 0.4458161358825499, ""acc"": 0.5254237288135594}, {""lo"": 0.5, ""hi"": 0.6000000000000001, ""n"": 17, ""conf"": 0.5448120432210668, ""acc"": 0.47058823529411764}, {""lo"": 0.6000000000000001, ""hi"": 0.7000000000000001, ""n"": 13, ""conf"": 0.6464931513358241, ""acc"": 0.5384615384615384}, {""lo"": 0.7000000000000001, ""hi"": 0.8, ""n"": 10, ""conf"": 0.7436722022455956, ""acc"": 0.8}, {""lo"": 0.8, ""hi"": 0.9, ""n"": 2, ""conf"": 0.8925199823008513, ""acc"": 0.5}, {""lo"": 0.9, ""hi"": 1.0, ""n"": 0, ""conf"": null, ""acc"": null}]",,0.23
synthetic,lo,0.300,0.40,4,rank16,356,89,0.25,0.975886882969322,0.932854030308206,0.18551912231612708,0.31058320045266746,0.28343949044585987,1.0,0.5,1.0,0.7545454545454545,0.9325842696629213,"[{""lo"": 0.0, ""hi"": 0.1, ""n"": 0, ""conf"": null, ""acc"": null}, {""lo"": 0.1, ""hi"": 0.2, ""n"": 0, ""conf"": null, ""acc"": null}, {""lo"": 0.2, ""hi"": 0.30000000000000004, ""n"": 42, ""conf"": 0.2776957309132624, ""acc"": 0.0}, {""lo"": 0.30000000000000004, ""hi"": 0.4, ""n"": 81, ""conf"": 0.3440795088766104, ""acc"": 0.0}, {""lo"": 0.4, ""hi"": 0.5, ""n"": 55, ""conf"": 0.44645280350488364, ""acc"": 0.0}, {""lo"": 0.5, ""hi"": 0.6000000000000001, ""n"": 32, ""conf"": 0.5524164099026804, ""acc"": 0.0}, {""lo"": 0.6000000000000001, ""hi"": 0.7000000000000001, ""n"": 36, ""conf"": 0.6508002625984101, ""acc"": 0.16666666666666666}, {""lo"": 0.7000000000000001, ""hi"": 0.8, ""n"": 20, ""conf"": 0.7495884190168393, ""acc"": 0.3}, {""lo"": 0.8, ""hi"": 0.9, ""n"": 90, ""conf"": 0.8820127922250359, ""acc"": 0.8555555555555555}, {""lo"": 0.9, ""hi"": 1.0, ""n"": 0, ""conf"": null, ""acc"": null}]",,0.16
synthetic,lo,0.300,0.40,4,default,356,89,0.25,0.7323149433994023,0.5220424292491124,0.1737847242738765,0.11847961188702044,0.33640552995391704,0.8202247191011236,0.6578947368421053,0.2808988764044944,0.75,0.06741573033707865,"[{""lo"": 0.0, ""hi"": 0.1, ""n"": 0, ""conf"": null, ""acc"": null}, {""lo"": 0.1, ""hi"": 0.2, ""n"": 0, ""conf"": null, ""acc"": null}, {""lo"": 0.2, ""hi"": 0.30000000000000004, ""n"": 139, ""conf"": 0.2734708243011172, ""acc"": 0.11510791366906475}, {""lo"": 0.30000000000000004, ""hi"": 0.4, ""n"": 130, ""conf"": 0.3408949120709915, ""acc"": 0.23076923076923078}, {""lo"": 0.4, ""hi"": 0.5, ""n"": 49, ""conf"": 0.44033968077354396, ""acc"": 0.3673469387755102}, {""lo"": 0.5, ""hi"": 0.6000000000000001, ""n"": 21, ""conf"": 0.5458541064560847, ""acc"": 0.5714285714285714}, {""lo"": 0.6000000000000001, ""hi"": 0.7000000000000001, ""n"": 9, ""conf"": 0.637353373541794, ""acc"": 0.7777777777777778}, {""lo"": 0.7000000000000001, ""hi"": 0.8, ""n"": 4, ""conf"": 0.7560633915698658, ""acc"": 0.75}, {""lo"": 0.8, ""hi"": 0.9, ""n"": 4, ""conf"": 0.8620443394914756, ""acc"": 0.75}, {""lo"": 0.9, ""hi"": 1.0, ""n"": 0, ""conf"": null, ""acc"": null}]",,0.2
synthetic,lo,0.400,0.00,0,rank16,600,227,0.37833333333333335,0.9372040013700087,0.8972992321473341,0.17971837642431787,0.2345088451340317,0.40319715808170514,1.0,0.6032608695652174,0.9779735682819384,0.8158995815899581,0.8590308370044053,"[{""lo"": 0.0, ""hi"": 0.1, ""n"": 0, ""conf"": null, ""acc"": null}, {""lo"": 0.1, ""hi"": 0.2, ""n"": 0, ""conf"": null, ""acc"": null}, {""lo"": 0.2, ""hi"": 0.30000000000000004, ""n"": 37, ""conf"": 0.2797334999864453, ""acc"": 0.0}, {""lo"": 0.30000000000000004, ""hi"": 0.4, ""n"": 112, ""conf"": 0.347787873775541, ""acc"": 0.008928571428571428}, {""lo"": 0.4, ""hi"": 0.5, ""n"": 83, ""conf"": 0.44963195454652266, ""acc"": 0.04819277108433735}, {""lo"": 0.5, ""hi"": 0.6000000000000001, ""n"": 60, ""conf"": 0.5496405958278824, ""acc"": 0.13333333333333333}, {""lo"": 0.6000000000000001, ""hi"": 0.7000000000000001, ""n"": 69, ""conf"": 0.6429865313790423, ""acc"": 0.2753623188405797}, {""lo"": 0.7000000000000001, ""hi"": 0.8, ""n"": 48, ""conf"": 0.7495062195105019, ""acc"": 0.625}, {""lo"": 0.8, ""hi"": 0.9, ""n"": 191, ""conf"": 0.8783385787401445, ""acc"": 0.8638743455497382}, {""lo"": 0.9, ""hi"": 1.0, ""n"": 0, ""conf"": null, ""acc"": null}]",,0.21
synthetic,lo,0.400,0.00,1,rank16,600,235,0.39166666666666666,0.9600349752258817,0.940719714278997,0.17671481356645352,0.26222532202122556,0.4181494661921708,1.0,0.5979381443298969,0.9872340425531915,0.8127340823970037,0.9234042553191489,"[{""lo"": 0.0, ""hi"": 0.1, ""n"": 0, ""conf"": null, ""acc"": null}, {""lo"": 0.1, ""hi"": 0.2, ""n"": 0, ""conf"": null, ""acc"": null}, {""lo"": 0.2, ""hi"": 0.30000000000000004, ""n"": 38, ""conf"": 0.2780233025642861, ""acc"": 0.0}, {""lo"": 0.30000000000000004, ""hi"": 0.4, ""n"": 96, ""conf"": 0.3489019724527192, ""acc"": 0.0}, {""lo"": 0.4, ""hi"": 0.5, ""n"": 78, ""conf"": 0.44875500186970685, ""acc"": 0.038461538461538464}, {""lo"": 0.5, ""hi"": 0.6000000000000001, ""n"": 54, ""conf"": 0.5413239575766602, ""acc"": 0.05555555555555555}, {""lo"": 0.6000000000000001, ""hi"": 0.7000000000000001, ""n"": 67, ""conf"": 0.651557427707134, ""acc"": 0.1791044776119403}, {""lo"": 0.7000000000000001, ""hi"": 0.8, ""n"": 72, ""conf"": 0.749297709506179, ""acc"": 0.5277777777777778}, {""lo"": 0.8, ""hi"": 0.9, ""n"": 195, ""conf"": 0.8798074268511191, ""acc"": 0.9179487179487179}, {""lo"": 0.9, ""hi"": 1.0, ""n"": 0, ""conf"": null, ""acc"": null}]",,0.19
synthetic,lo,0.400,0.00,0,default,600,227,0.37833333333333335,0.6293418053406715,0.5056523990862127,0.22600910331823543,0.03794417331948526,0.42780748663101603,0.7048458149779736,0.5432098765432098,0.19383259911894274,0.5238095238095238,0.048458149779735685,"[{""lo"": 0.0, ""hi"": 0.1, ""n"": 0, ""conf"": null, ""acc"": null}, {""lo"": 0.1, ""hi"": 0.2, ""n"": 0, ""conf"": null, ""acc"": null}, {""lo"": 0.2, ""hi"": 0.30000000000000004, ""n"": 226, ""conf"": 0.2739771005547417, ""acc"": 0.29646017699115046}, {""lo"": 0.30000000000000004, ""hi"": 0.4, ""n"": 217, ""conf"": 0.34143057610722516, ""acc"": 0.33640552995391704}, {""lo"": 0.4, ""hi"": 0.5, ""n"": 76, ""conf"": 0.4515564563030154, ""acc"": 0.5657894736842105}, {""lo"": 0.5, ""hi"": 0.6000000000000001, ""n"": 40, ""conf"": 0.552402837055066, ""acc"": 0.5}, {""lo"": 0.6000000000000001, ""hi"": 0.7000000000000001, ""n"": 20, ""conf"": 0.6525718343777467, ""acc"": 0.65}, {""lo"": 0.7000000000000001, ""hi"": 0.8, ""n"": 12, ""conf"": 0.750915453767778, ""acc"": 0.3333333333333333}, {""lo"": 0.8, ""hi"": 0.9, ""n"": 9, ""conf"": 0.8616276406503532, ""acc"": 0.7777777777777778}, {""lo"": 0.9, ""hi"": 1.0, ""n"": 0, ""conf"": null, ""acc"": null}]",,0.45
synthetic,lo,0.400,0.00,2,rank16,600,258,0.43,0.9036334375991658,0.8744753552182772,0.19014388744418928,0.20942157301097236,0.45087719298245615,0.9961240310077519,0.6097560975609756,0.9689922480620154,0.782608695652174,0.8372093023255814,"[{""lo"": 0.0, ""hi"": 0.1, ""n"": 0, ""conf"": null, ""acc"": null}, {""lo"": 0.1, ""hi"": 0.2, ""n"": 0, ""conf"": null, ""acc"": null}, {""lo"": 0.2, ""hi"": 0.30000000000000004, ""n"": 30, ""conf"": 0.2769434749174856, ""acc"": 0.03333333333333333}, {""lo"": 0.30000000000000004, ""hi"": 0.4, ""n"": 87, ""conf"": 0.34021409670618, ""acc"": 0.022988505747126436}, {""lo"": 0.4, ""hi"": 0.5, ""n"": 73, ""conf"": 0.45421840858194235, ""acc"": 0.0684931506849315}, {""lo"": 0.5, ""hi"": 0.6000000000000001, ""n"": 59, ""conf"": 0.5495184339720476, ""acc"": 0.1864406779661017}, {""lo"": 0.6000000000000001, ""hi"": 0.7000000000000001, ""n"": 75, ""conf"": 0.6446186008468715, ""acc"": 0.30666666666666664}, {""lo"": 0.7000000000000001, ""hi"": 0.8, ""n"": 76, ""conf"": 0.7493427060161606, ""acc"": 0.5789473684210527}, {""lo"": 0.8, ""hi"": 0.9, ""n"": 200, ""conf"": 0.8743502049702251, ""acc"": 0.86}, {""lo"": 0.9, ""hi"": 1.0, ""n"": 0, ""conf"": null, ""acc"": null}]",,0.18
synthetic,lo,0.400,0.00,1,default,600,235,0.39166666666666666,0.5854036723987175,0.4569841307672871,0.23962652827726486,0.06245940979357402,0.44358974358974357,0.7361702127659574,0.47297297297297297,0.14893617021276595,0.6428571428571429,0.03829787234042553,"[{""lo"": 0.0, ""hi"": 0.1, ""n"": 0, ""conf"": null, ""acc"": null}, {""lo"": 0.1, ""hi"": 0.2, ""n"": 0, ""conf"": null, ""acc"": null}, {""lo"": 0.2, ""hi"": 0.30000000000000004, ""n"": 210, ""conf"": 0.27365814803389493, ""acc"": 0.29523809523809524}, {""lo"": 0.30000000000000004, ""hi"": 0.4, ""n"": 239, ""conf"": 0.3422440284770493, ""acc"": 0.4225941422594142}, {""lo"": 0.4, ""hi"": 0.5, ""n"": 77, ""conf"": 0.4477965886607156, ""acc"": 0.4805194805194805}, {""lo"": 0.5, ""hi"": 0.6000000000000001, ""n"": 35, ""conf"": 0.54630753106863, ""acc"": 0.4857142857142857}, {""lo"": 0.6000000000000001, ""hi"": 0.7000000000000001, ""n"": 25, ""conf"": 0.6431673924129739, ""acc"": 0.36}, {""lo"": 0.7000000000000001, ""hi"": 0.8, ""n"": 8, ""conf"": 0.7269524780932693, ""acc"": 0.625}, {""lo"": 0.8, ""hi"": 0.9, ""n"": 6, ""conf"": 0.8674914789466146, ""acc"": 0.6666666666666666}, {""lo"": 0.9, ""hi"": 1.0, ""n"": 0, ""conf"": null, ""acc"": null}]",,0.44
synthetic,lo,0.400,0.00,3,rank16,600,242,0.4033333333333333,0.9493628514705204,0.9253068828812272,0.17312494352481164,0.24006003048269095,0.43214285714285716,1.0,0.5989974937343359,0.987603305785124,0.8464566929133859,0.8884297520661157,"[{""lo"": 0.0, ""hi"": 0.1, ""n"": 0, ""conf"": null, ""acc"": null}, {""lo"": 0.1, ""hi"": 0.2, ""n"": 0, ""conf"": null, ""acc"": null}, {""lo"": 0.2, ""hi"": 0.30000000000000004, ""n"": 40, ""conf"": 0.2752188294831611, ""acc"": 0.0}, {""lo"": 0.30000000000000004, ""hi"": 0.4, ""n"": 99, ""conf"": 0.35087203902799324, ""acc"": 0.0}, {""lo"": 0.4, ""hi"": 0.5, ""n"": 62, ""conf"": 0.4461572650522296, ""acc"": 0.04838709677419355}, {""lo"": 0.5, ""hi"": 0.6000000000000001, ""n"": 80, ""conf"": 0.549119189183588, ""acc"": 0.1375}, {""lo"": 0.6000000000000001, ""hi"": 0.7000000000000001, ""n"": 65, ""conf"": 0.6489472607737795, ""acc"": 0.2}, {""lo"": 0.7000000000000001, ""hi"": 0.8, ""n"": 62, ""conf"": 0.7553245614978924, ""acc"": 0.6612903225806451}, {""lo"": 0.8, ""hi"": 0.9, ""n"": 192, ""conf"": 0.8766252452321536, ""acc"": 0.90625}, {""lo"": 0.9, ""hi"": 1.0, ""n"": 0, ""conf"": null, ""acc"": null}]",,0.19
synthetic,lo,0.400,0.00,2,default,600,258,0.43,0.5276417788657691,0.4872473873665688,0.2519352637086348,0.0922482375567166,0.44168734491315137,0.689922480620155,0.5569620253164557,0.17054263565891473,0.7058823529411765,0.046511627906976744,"[{""lo"": 0.0, ""hi"": 0.1, ""n"": 0, ""conf"": null, ""acc"": null}, {""lo"": 0.1, ""hi"": 0.2, ""n"": 0, ""conf"": null, ""acc"": null}, {""lo"": 0.2, ""hi"": 0.30000000000000004, ""n"": 197, ""conf"": 0.27447813448855657, ""acc"": 0.40609137055837563}, {""lo"": 0.30000000000000004, ""hi"": 0.4, ""n"": 220, ""conf"": 0.34091012577392504, ""acc"": 0.42272727272727273}, {""lo"": 0.4, ""hi"": 0.5, ""n"": 104, ""conf"": 0.4438165874077636, ""acc"": 0.3942307692307692}, {""lo"": 0.5, ""hi"": 0.6000000000000001, ""n"": 39, ""conf"": 0.5531651625620879, ""acc"": 0.46153846153846156}, {""lo"": 0.6000000000000001, ""hi"": 0.7000000000000001, ""n"": 23, ""conf"": 0.6558760644779403, ""acc"": 0.6086956521739131}, {""lo"": 0.7000000000000001, ""hi"": 0.8, ""n"": 8, ""conf"": 0.7494736704286462, ""acc"": 0.75}, {""lo"": 0.8, ""hi"": 0.9, ""n"": 9, ""conf"": 0.8446262387385359, ""acc"": 0.6666666666666666}, {""lo"": 0.9, ""hi"": 1.0, ""n"": 0, ""conf"": null, ""acc"": null}]",,0.45
synthetic,lo,0.400,0.00,3,default,600,242,0.4033333333333333,0.6177685950413223,0.4892746499247529,0.2391048762995544,0.06788819714972759,0.4593908629441624,0.7479338842975206,0.5,0.1859504132231405,0.4444444444444444,0.03305785123966942,"[{""lo"": 0.0, ""hi"": 0.1, ""n"": 0, ""conf"": null, ""acc"": null}, {""lo"": 0.1, ""hi"": 0.2, ""n"": 0, ""conf"": null, ""acc"": null}, {""lo"": 0.2, ""hi"": 0.30000000000000004, ""n"": 206, ""conf"": 0.27419313892247144, ""acc"": 0.2961165048543689}, {""lo"": 0.30000000000000004, ""hi"": 0.4, ""n"": 224, ""conf"": 0.3391748812145862, ""acc"": 0.39285714285714285}, {""lo"": 0.4, ""hi"": 0.5, ""n"": 80, ""conf"": 0.44195452357125564, ""acc"": 0.6}, {""lo"": 0.5, ""hi"": 0.6000000000000001, ""n"": 41, ""conf"": 0.5470887030498017, ""acc"": 0.4634146341463415}, {""lo"": 0.6000000000000001, ""hi"": 0.7000000000000001, ""n"": 31, ""conf"": 0.6403984432108557, ""acc"": 0.5806451612903226}, {""lo"": 0.7000000000000001, ""hi"": 0.8, ""n"": 9, ""conf"": 0.7284349860008003, ""acc"": 0.5555555555555556}, {""lo"": 0.8, ""hi"": 0.9, ""n"": 9, ""conf"": 0.856592971894205, ""acc"": 0.3333333333333333}, {""lo"": 0.9, ""hi"": 1.0, ""n"": 0, ""conf"": null, ""acc"": null}]",,0.46
synthetic,lo,0.400,0.00,4,rank16,600,271,0.45166666666666666,0.92433741966599,0.9173831790664205,0.1809989082383328,0.21532313222917346,0.4847942754919499,1.0,0.6164705882352941,0.966789667896679,0.8027681660899654,0.8560885608856088,"[{""lo"": 0.0, ""hi"": 0.1, ""n"": 0, ""conf"": null, ""acc"": null}, {""lo"": 0.1, ""hi"": 0.2, ""n"": 0, ""conf"": null, ""acc"": null}, {""lo"": 0.2, ""hi"": 0.30000000000000004, ""n"": 41, ""conf"": 0.27903843967402103, ""acc"": 0.0}, {""lo"": 0.30000000000000004, ""hi"": 0.4, ""n"": 73, ""conf"": 0.3451814246965623, ""acc"": 0.0136986301369863}, {""lo"": 0.4, ""hi"": 0.5, ""n"": 61, ""conf"": 0.4582447368191003, ""acc"": 0.13114754098360656}, {""lo"": 0.5, ""hi"": 0.6000000000000001, ""n"": 70, ""conf"": 0.5554801922816849, ""acc"": 0.11428571428571428}, {""lo"": 0.6000000000000001, ""hi"": 0.7000000000000001, ""n"": 66, ""conf"": 0.6564346063446327, ""acc"": 0.3333333333333333}, {""lo"": 0.7000000000000001, ""hi"": 0.8, ""n"": 78, ""conf"": 0.7531050397755696, ""acc"": 0.5384615384615384}, {""lo"": 0.8, ""hi"": 0.9, ""n"": 211, ""conf"": 0.8784282474829529, ""acc"": 0.9004739336492891}, {""lo"": 0.9, ""hi"": 1.0, ""n"": 0, ""conf"": null, ""acc"": null}]",,0.18
synthetic,lo,0.400,0.40,0,default,378,150,0.3968253968253968,0.6387134502923977,0.5222037407269743,0.22999706801029332,0.05763166751545333,0.47265625,0.8066666666666666,0.5666666666666667,0.22666666666666666,0.5555555555555556,0.03333333333333333,"[{""lo"": 0.0, ""hi"": 0.1, ""n"": 0, ""conf"": null, ""acc"": null}, {""lo"": 0.1, ""hi"": 0.2, ""n"": 0, ""conf"": null, ""acc"": null}, {""lo"": 0.2, ""hi"": 0.30000000000000004, ""n"": 122, ""conf"": 0.2751775085560908, ""acc"": 0.23770491803278687}, {""lo"": 0.30000000000000004, ""hi"": 0.4, ""n"": 136, ""conf"": 0.34217236165721954, ""acc"": 0.4411764705882353}, {""lo"": 0.4, ""hi"": 0.5, ""n"": 60, ""conf"": 0.4493559827839686, ""acc"": 0.45}, {""lo"": 0.5, ""hi"": 0.6000000000000001, ""n"": 32, ""conf"": 0.5449231311768201, ""acc"": 0.53125}, {""lo"": 0.6000000000000001, ""hi"": 0.7000000000000001, ""n"": 19, ""conf"": 0.6499514764882879, ""acc"": 0.631578947368421}, {""lo"": 0.7000000000000001, ""hi"": 0.8, ""n"": 6, ""conf"": 0.7382265794848406, ""acc"": 0.3333333333333333}, {""lo"": 0.8, ""hi"": 0.9, ""n"": 3, ""conf"": 0.8353544328088348, ""acc"": 1.0}, {""lo"": 0.9, ""hi"": 1.0, ""n"": 0, ""conf"": null, ""acc"": null}]",,0.24
synthetic,lo,0.400,0.00,4,default,600,271,0.45166666666666666,0.5638578270281184,0.5030616245400998,0.257074353493217,0.10539492128350902,0.4701492537313433,0.6974169741697417,0.575,0.16974169741697417,0.5,0.04059040590405904,"[{""lo"": 0.0, ""hi"": 0.1, ""n"": 0, ""conf"": null, ""acc"": null}, {""lo"": 0.1, ""hi"": 0.2, ""n"": 0, ""conf"": null, ""acc"": null}, {""lo"": 0.2, ""hi"": 0.30000000000000004, ""n"": 198, ""conf"": 0.2752918167931982, ""acc"": 0.41414141414141414}, {""lo"": 0.30000000000000004, ""hi"": 0.4, ""n"": 233, ""conf"": 0.3441939459024857, ""acc"": 0.44206008583690987}, {""lo"": 0.4, ""hi"": 0.5, ""n"": 89, ""conf"": 0.44180738244761714, ""acc"": 0.449438202247191}, {""lo"": 0.5, ""hi"": 0.6000000000000001, ""n"": 44, ""conf"": 0.5463514913009998, ""acc"": 0.6363636363636364}, {""lo"": 0.6000000000000001, ""hi"": 0.7000000000000001, ""n"": 14, ""conf"": 0.6638463018284843, ""acc"": 0.5}, {""lo"": 0.7000000000000001, ""hi"": 0.8, ""n"": 15, ""conf"": 0.7430340195214342, ""acc"": 0.6}, {""lo"": 0.8, ""hi"": 0.9, ""n"": 7, ""conf"": 0.8375551467284935, ""acc"": 0.2857142857142857}, {""lo"": 0.9, ""hi"": 1.0, ""n"": 0, ""conf"": null, ""acc"": null}]",,0.44
synthetic,lo,0.400,0.40,0,rank16,378,150,0.3968253968253968,0.960906432748538,0.9463941523719474,0.1695613865515575,0.25308969989915275,0.4178272980501393,1.0,0.6040816326530613,0.9866666666666667,0.8475609756097561,0.9266666666666666,"[{""lo"": 0.0, ""hi"": 0.1, ""n"": 0, ""conf"": null, ""acc"": null}, {""lo"": 0.1, ""hi"": 0.2, ""n"": 0, ""conf"": null, ""acc"": null}, {""lo"": 0.2, ""hi"": 0.30000000000000004, ""n"": 19, ""conf"": 0.2771869945080193, ""acc"": 0.0}, {""lo"": 0.30000000000000004, ""hi"": 0.4, ""n"": 69, ""conf"": 0.3516316935869971, ""acc"": 0.028985507246376812}, {""lo"": 0.4, ""hi"": 0.5, ""n"": 45, ""conf"": 0.4440889267033503, ""acc"": 0.0}, {""lo"": 0.5, ""hi"": 0.6000000000000001, ""n"": 49, ""conf"": 0.5446418770528962, ""acc"": 0.02040816326530612}, {""lo"": 0.6000000000000001, ""hi"": 0.7000000000000001, ""n"": 32, ""conf"": 0.6551124327086855, ""acc"": 0.25}, {""lo"": 0.7000000000000001, ""hi"": 0.8, ""n"": 34, ""conf"": 0.7493512424489881, ""acc"": 0.5882352941176471}, {""lo"": 0.8, ""hi"": 0.9, ""n"": 130, ""conf"": 0.8844171304497048, ""acc"": 0.9153846153846154}, {""lo"": 0.9, ""hi"": 1.0, ""n"": 0, ""conf"": null, ""acc"": null}]",,0.16
synthetic,lo,0.400,0.40,1,default,368,144,0.391304347826087,0.5889136904761905,0.483144810442801,0.23519626670357272,0.05283585359788299,0.4186991869918699,0.7152777777777778,0.546875,0.24305555555555555,0.6875,0.0763888888888889,"[{""lo"": 0.0, ""hi"": 0.1, ""n"": 0, ""conf"": null, ""acc"": null}, {""lo"": 0.1, ""hi"": 0.2, ""n"": 0, ""conf"": null, ""acc"": null}, {""lo"": 0.2, ""hi"": 0.30000000000000004, ""n"": 122, ""conf"": 0.2733164232447342, ""acc"": 0.3360655737704918}, {""lo"": 0.30000000000000004, ""hi"": 0.4, ""n"": 136, ""conf"": 0.34131920539336835, ""acc"": 0.33088235294117646}, {""lo"": 0.4, ""hi"": 0.5, ""n"": 46, ""conf"": 0.4405155408578552, ""acc"": 0.5}, {""lo"": 0.5, ""hi"": 0.6000000000000001, ""n"": 28, ""conf"": 0.5420295367543881, ""acc"": 0.5714285714285714}, {""lo"": 0.6000000000000001, ""hi"": 0.7000000000000001, ""n"": 20, ""conf"": 0.6418015329828363, ""acc"": 0.4}, {""lo"": 0.7000000000000001, ""hi"": 0.8, ""n"": 8, ""conf"": 0.7457480478905196, ""acc"": 0.75}, {""lo"": 0.8, ""hi"": 0.9, ""n"": 8, ""conf"": 0.8674101823040075, ""acc"": 0.625}, {""lo"": 0.9, ""hi"": 1.0, ""n"": 0, ""conf"": null, ""acc"": null}]",,0.21
synthetic,lo,0.400,0.40,1,rank16,368,144,0.391304347826087,0.9467695932539683,0.9282262873515703,0.18511572976405735,0.243769353832944,0.4186046511627907,1.0,0.5785123966942148,0.9722222222222222,0.8098159509202454,0.9166666666666666,"[{""lo"": 0.0, ""hi"": 0.1, ""n"": 0, ""conf"": null, ""acc"": null}, {""lo"": 0.1, ""hi"": 0.2, ""n"": 0, ""conf"": null, ""acc"": null}, {""lo"": 0.2, ""hi"": 0.30000000000000004, ""n"": 24, ""conf"": 0.2812221739232763, ""acc"": 0.0}, {""lo"": 0.30000000000000004, ""hi"": 0.4, ""n"": 55, ""conf"": 0.3406841268013008, ""acc"": 0.0}, {""lo"": 0.4, ""hi"": 0.5, ""n"": 47, ""conf"": 0.44371723101541727, ""acc"": 0.0851063829787234}, {""lo"": 0.5, ""hi"": 0.6000000000000001, ""n"": 36, ""conf"": 0.553889586043958, ""acc"": 0.05555555555555555}, {""lo"": 0.6000000000000001, ""hi"": 0.7000000000000001, ""n"": 43, ""conf"": 0.6472744132871272, ""acc"": 0.13953488372093023}, {""lo"": 0.7000000000000001, ""hi"": 0.8, ""n"": 36, ""conf"": 0.7516255481353256, ""acc"": 0.5555555555555556}, {""lo"": 0.8, ""hi"": 0.9, ""n"": 127, ""conf"": 0.8776841842301737, ""acc"": 0.8818897637795275}, {""lo"": 0.9, ""hi"": 1.0, ""n"": 0, ""conf"": null, ""acc"": null}]",,0.15
synthetic,lo,0.400,0.40,2,rank16,366,140,0.3825136612021858,0.9598609355246523,0.9486552476960998,0.17136554831858866,0.2790100175225521,0.4117647058823529,1.0,0.6079295154185022,0.9857142857142858,0.8266666666666667,0.8857142857142857,"[{""lo"": 0.0, ""hi"": 0.1, ""n"": 0, ""conf"": null, ""acc"": null}, {""lo"": 0.1, ""hi"": 0.2, ""n"": 0, ""conf"": null, ""acc"": null}, {""lo"": 0.2, ""hi"": 0.30000000000000004, ""n"": 26, ""conf"": 0.2809645988233386, ""acc"": 0.0}, {""lo"": 0.30000000000000004, ""hi"": 0.4, ""n"": 60, ""conf"": 0.34852141735442993, ""acc"": 0.03333333333333333}, {""lo"": 0.4, ""hi"": 0.5, ""n"": 53, ""conf"": 0.45310781890737406, ""acc"": 0.0}, {""lo"": 0.5, ""hi"": 0.6000000000000001, ""n"": 37, ""conf"": 0.5407249745072935, ""acc"": 0.10810810810810811}, {""lo"": 0.6000000000000001, ""hi"": 0.7000000000000001, ""n"": 40, ""conf"": 0.6361360474942943, ""acc"": 0.25}, {""lo"": 0.7000000000000001, ""hi"": 0.8, ""n"": 32, ""conf"": 0.7582202702536643, ""acc"": 0.375}, {""lo"": 0.8, ""hi"": 0.9, ""n"": 118, ""conf"": 0.8799044678319343, ""acc"": 0.9491525423728814}, {""lo"": 0.9, ""hi"": 1.0, ""n"": 0, ""conf"": null, ""acc"": null}]",,0.17
synthetic,lo,0.400,0.40,2,default,366,140,0.3825136612021858,0.6561630847029076,0.5331468796831995,0.22325166758016457,0.06628975674576078,0.45121951219512196,0.7928571428571428,0.6111111111111112,0.2357142857142857,0.5789473684210527,0.07857142857142857,"[{""lo"": 0.0, ""hi"": 0.1, ""n"": 0, ""conf"": null, ""acc"": null}, {""lo"": 0.1, ""hi"": 0.2, ""n"": 0, ""conf"": null, ""acc"": null}, {""lo"": 0.2, ""hi"": 0.30000000000000004, ""n"": 120, ""conf"": 0.2756874322984213, ""acc"": 0.24166666666666667}, {""lo"": 0.30000000000000004, ""hi"": 0.4, ""n"": 139, ""conf"": 0.3427380117830287, ""acc"": 0.3597122302158273}, {""lo"": 0.4, ""hi"": 0.5, ""n"": 53, ""conf"": 0.4489673706515714, ""acc"": 0.5283018867924528}, {""lo"": 0.5, ""hi"": 0.6000000000000001, ""n"": 21, ""conf"": 0.5404788846090766, ""acc"": 0.8095238095238095}, {""lo"": 0.6000000000000001, ""hi"": 0.7000000000000001, ""n"": 14, ""conf"": 0.6560587565987764, ""acc"": 0.35714285714285715}, {""lo"": 0.7000000000000001, ""hi"": 0.8, ""n"": 14, ""conf"": 0.7416656016490524, ""acc"": 0.5}, {""lo"": 0.8, ""hi"": 0.9, ""n"": 5, ""conf"": 0.8794657873666342, ""acc"": 0.8}, {""lo"": 0.9, ""hi"": 1.0, ""n"": 0, ""conf"": null, ""acc"": null}]",,0.24
synthetic,lo,0.400,0.40,3,rank16,359,139,0.3871866295264624,0.9459123610202747,0.9136289207110722,0.18646347519770484,0.2612707462242083,0.41492537313432837,1.0,0.5780590717299579,0.9856115107913669,0.7654320987654321,0.8920863309352518,"[{""lo"": 0.0, ""hi"": 0.1, ""n"": 0, ""conf"": null, ""acc"": null}, {""lo"": 0.1, ""hi"": 0.2, ""n"": 0, ""conf"": null, ""acc"": null}, {""lo"": 0.2, ""hi"": 0.30000000000000004, ""n"": 24, ""conf"": 0.277040995118065, ""acc"": 0.0}, {""lo"": 0.30000000000000004, ""hi"": 0.4, ""n"": 57, ""conf"": 0.35124336466227385, ""acc"": 0.0}, {""lo"": 0.4, ""hi"": 0.5, ""n"": 41, ""conf"": 0.4509655245150182, ""acc"": 0.04878048780487805}, {""lo"": 0.5, ""hi"": 0.6000000000000001, ""n"": 35, ""conf"": 0.5557581825543162, ""acc"": 0.02857142857142857}, {""lo"": 0.6000000000000001, ""hi"": 0.7000000000000001, ""n"": 40, ""conf"": 0.6443126882400829, ""acc"": 0.3}, {""lo"": 0.7000000000000001, ""hi"": 0.8, ""n"": 40, ""conf"": 0.7431250718618582, ""acc"": 0.35}, {""lo"": 0.8, ""hi"": 0.9, ""n"": 122, ""conf"": 0.8796089432187446, ""acc"": 0.9016393442622951}, {""lo"": 0.9, ""hi"": 1.0, ""n"": 0, ""conf"": null, ""acc"": null}]",,0.17
synthetic,lo,0.400,0.40,3,default,359,139,0.3871866295264624,0.6334205362982341,0.5053978290312569,0.22858013209382932,0.06013351689026097,0.4605809128630705,0.7985611510791367,0.5471698113207547,0.20863309352517986,0.6923076923076923,0.06474820143884892,"[{""lo"": 0.0, ""hi"": 0.1, ""n"": 0, ""conf"": null, ""acc"": null}, {""lo"": 0.1, ""hi"": 0.2, ""n"": 0, ""conf"": null, ""acc"": null}, {""lo"": 0.2, ""hi"": 0.30000000000000004, ""n"": 118, ""conf"": 0.27423853826762273, ""acc"": 0.23728813559322035}, {""lo"": 0.30000000000000004, ""hi"": 0.4, ""n"": 136, ""conf"": 0.33990465614620446, ""acc"": 0.4264705882352941}, {""lo"": 0.4, ""hi"": 0.5, ""n"": 52, ""conf"": 0.441128018293302, ""acc"": 0.46153846153846156}, {""lo"": 0.5, ""hi"": 0.6000000000000001, ""n"": 25, ""conf"": 0.5439543426002452, ""acc"": 0.52}, {""lo"": 0.6000000000000001, ""hi"": 0.7000000000000001, ""n"": 15, ""conf"": 0.6322467006042327, ""acc"": 0.4666666666666667}, {""lo"": 0.7000000000000001, ""hi"": 0.8, ""n"": 7, ""conf"": 0.7410536709150246, ""acc"": 0.7142857142857143}, {""lo"": 0.8, ""hi"": 0.9, ""n"": 6, ""conf"": 0.8539234107808213, ""acc"": 0.6666666666666666}, {""lo"": 0.9, ""hi"": 1.0, ""n"": 0, ""conf"": null, ""acc"": null}]",,0.29
synthetic,lo,0.400,0.40,4,rank16,362,143,0.39502762430939226,0.97158093048504,0.9603777224922248,0.17249302414955667,0.2676026568584232,0.41935483870967744,1.0,0.5966386554621849,0.993006993006993,0.8385093167701864,0.9440559440559441,"[{""lo"": 0.0, ""hi"": 0.1, ""n"": 0, ""conf"": null, ""acc"": null}, {""lo"": 0.1, ""hi"": 0.2, ""n"": 0, ""conf"": null, ""acc"": null}, {""lo"": 0.2, ""hi"": 0.30000000000000004, ""n"": 21, ""conf"": 0.2794970769551129, ""acc"": 0.0}, {""lo"": 0.30000000000000004, ""hi"": 0.4, ""n"": 55, ""conf"": 0.34183941269589724, ""acc"": 0.0}, {""lo"": 0.4, ""hi"": 0.5, ""n"": 48, ""conf"": 0.4517636616495208, ""acc"": 0.020833333333333332}, {""lo"": 0.5, ""hi"": 0.6000000000000001, ""n"": 38, ""conf"": 0.546111617807756, ""acc"": 0.05263157894736842}, {""lo"": 0.6000000000000001, ""hi"": 0.7000000000000001, ""n"": 39, ""conf"": 0.6486367270762811, ""acc"": 0.1282051282051282}, {""lo"": 0.7000000000000001, ""hi"": 0.8, ""n"": 34, ""conf"": 0.7399579174374304, ""acc"": 0.5294117647058824}, {""lo"": 0.8, ""hi"": 0.9, ""n"": 127, ""conf"": 0.8794546717819043, ""acc"": 0.9212598425196851}, {""lo"": 0.9, ""hi"": 1.0, ""n"": 0, ""conf"": null, ""acc"": null}]",,0.21
synthetic,lo,0.400,0.40,4,default,362,143,0.39502762430939226,0.5375035922981128,0.41905544090602626,0.25130882276870253,0.09612751896974848,0.42338709677419356,0.7342657342657343,0.41935483870967744,0.18181818181818182,0.35714285714285715,0.03496503496503497,"[{""lo"": 0.0, ""hi"": 0.1, ""n"": 0, ""conf"": null, ""acc"": null}, {""lo"": 0.1, ""hi"": 0.2, ""n"": 0, ""conf"": null, ""acc"": null}, {""lo"": 0.2, ""hi"": 0.30000000000000004, ""n"": 114, ""conf"": 0.274084526372874, ""acc"": 0.3333333333333333}, {""lo"": 0.30000000000000004, ""hi"": 0.4, ""n"": 115, ""conf"": 0.34202760337884547, ""acc"": 0.4434782608695652}, {""lo"": 0.4, ""hi"": 0.5, ""n"": 71, ""conf"": 0.4432101794234371, ""acc"": 0.39436619718309857}, {""lo"": 0.5, ""hi"": 0.6000000000000001, ""n"": 31, ""conf"": 0.5446306225474876, ""acc"": 0.41935483870967744}, {""lo"": 0.6000000000000001, ""hi"": 0.7000000000000001, ""n"": 17, ""conf"": 0.6418422740785867, ""acc"": 0.47058823529411764}, {""lo"": 0.7000000000000001, ""hi"": 0.8, ""n"": 8, ""conf"": 0.7517047836684134, ""acc"": 0.25}, {""lo"": 0.8, ""hi"": 0.9, ""n"": 6, ""conf"": 0.8500905492340635, ""acc"": 0.5}, {""lo"": 0.9, ""hi"": 1.0, ""n"": 0, ""conf"": null, ""acc"": null}]",,0.24
real,crisismmd,0.100,0.00,0,rank16,800,83,0.10375,0.8000369679555039,0.3347020294010777,0.32347552442784333,0.4750374015694886,0.1149584487534626,1.0,0.15531914893617021,0.8795180722891566,0.23048327137546468,0.7469879518072289,"[{""lo"": 0.0, ""hi"": 0.1, ""n"": 0, ""conf"": null, ""acc"": null}, {""lo"": 0.1, ""hi"": 0.2, ""n"": 0, ""conf"": null, ""acc"": null}, {""lo"": 0.2, ""hi"": 0.30000000000000004, ""n"": 78, ""conf"": 0.2745767157929735, ""acc"": 0.0}, {""lo"": 0.30000000000000004, ""hi"": 0.4, ""n"": 144, ""conf"": 0.343174058454126, ""acc"": 0.034722222222222224}, {""lo"": 0.4, ""hi"": 0.5, ""n"": 108, ""conf"": 0.44784479274585576, ""acc"": 0.046296296296296294}, {""lo"": 0.5, ""hi"": 0.6000000000000001, ""n"": 105, ""conf"": 0.5474094269472317, ""acc"": 0.01904761904761905}, {""lo"": 0.6000000000000001, ""hi"": 0.7000000000000001, ""n"": 96, ""conf"": 0.6498486481797724, ""acc"": 0.09375}, {""lo"": 0.7000000000000001, ""hi"": 0.8, ""n"": 84, ""conf"": 0.7502208205675361, ""acc"": 0.15476190476190477}, {""lo"": 0.8, ""hi"": 0.9, ""n"": 185, ""conf"": 0.8699817643643345, ""acc"": 0.2648648648648649}, {""lo"": 0.9, ""hi"": 1.0, ""n"": 0, ""conf"": null, ""acc"": null}]",,0.35
real,crisismmd,0.100,0.00,1,rank16,800,75,0.09375,0.8240551724137931,0.27992496874329875,0.33033415506584285,0.4890794726190382,0.1038781163434903,1.0,0.16143497757847533,0.96,0.20819112627986347,0.8133333333333334,"[{""lo"": 0.0, ""hi"": 0.1, ""n"": 0, ""conf"": null, ""acc"": null}, {""lo"": 0.1, ""hi"": 0.2, ""n"": 0, ""conf"": null, ""acc"": null}, {""lo"": 0.2, ""hi"": 0.30000000000000004, ""n"": 78, ""conf"": 0.2745108893226531, ""acc"": 0.0}, {""lo"": 0.30000000000000004, ""hi"": 0.4, ""n"": 158, ""conf"": 0.3483742023441039, ""acc"": 0.012658227848101266}, {""lo"": 0.4, ""hi"": 0.5, ""n"": 118, ""conf"": 0.44948033821352545, ""acc"": 0.00847457627118644}, {""lo"": 0.5, ""hi"": 0.6000000000000001, ""n"": 70, ""conf"": 0.5505625562864997, ""acc"": 0.07142857142857142}, {""lo"": 0.6000000000000001, ""hi"": 0.7000000000000001, ""n"": 83, ""conf"": 0.6549151195405053, ""acc"": 0.07228915662650602}, {""lo"": 0.7000000000000001, ""hi"": 0.8, ""n"": 95, ""conf"": 0.7478737734127453, ""acc"": 0.08421052631578947}, {""lo"": 0.8, ""hi"": 0.9, ""n"": 197, ""conf"": 0.872713616813983, ""acc"": 0.26903553299492383}, {""lo"": 0.9, ""hi"": 1.0, ""n"": 1, ""conf"": 0.9000000000168802, ""acc"": 0.0}]",,0.33
real,crisismmd,0.100,0.00,2,rank16,800,75,0.09375,0.7556597701149426,0.2658298373157962,0.3412755356665359,0.4917718548854146,0.1034965034965035,0.9866666666666667,0.1401673640167364,0.8933333333333333,0.17142857142857143,0.64,"[{""lo"": 0.0, ""hi"": 0.1, ""n"": 0, ""conf"": null, ""acc"": null}, {""lo"": 0.1, ""hi"": 0.2, ""n"": 0, ""conf"": null, ""acc"": null}, {""lo"": 0.2, ""hi"": 0.30000000000000004, ""n"": 85, ""conf"": 0.27344007977914336, ""acc"": 0.011764705882352941}, {""lo"": 0.30000000000000004, ""hi"": 0.4, ""n"": 131, ""conf"": 0.34652600351805335, ""acc"": 0.030534351145038167}, {""lo"": 0.4, ""hi"": 0.5, ""n"": 106, ""conf"": 0.4509434555604772, ""acc"": 0.02830188679245283}, {""lo"": 0.5, ""hi"": 0.6000000000000001, ""n"": 99, ""conf"": 0.5493174609451162, ""acc"": 0.050505050505050504}, {""lo"": 0.6000000000000001, ""hi"": 0.7000000000000001, ""n"": 99, ""conf"": 0.6551259075721819, ""acc"": 0.1414141414141414}, {""lo"": 0.7000000000000001, ""hi"": 0.8, ""n"": 93, ""conf"": 0.7478064224803823, ""acc"": 0.053763440860215055}, {""lo"": 0.8, ""hi"": 0.9, ""n"": 185, ""conf"": 0.8724014789341863, ""acc"": 0.22702702702702704}, {""lo"": 0.9, ""hi"": 1.0, ""n"": 2, ""conf"": 0.9000000000582085, ""acc"": 0.5}]",,0.39
real,crisismmd,0.100,0.00,0,default,800,83,0.10375,0.5690544605199039,0.15252138391094663,0.1777263385204887,0.2657982848928071,0.12045454545454545,0.6385542168674698,0.140625,0.21686746987951808,0.24324324324324326,0.10843373493975904,"[{""lo"": 0.0, ""hi"": 0.1, ""n"": 0, ""conf"": null, ""acc"": null}, {""lo"": 0.1, ""hi"": 0.2, ""n"": 0, ""conf"": null, ""acc"": null}, {""lo"": 0.2, ""hi"": 0.30000000000000004, ""n"": 360, ""conf"": 0.2679752281463354, ""acc"": 0.08333333333333333}, {""lo"": 0.30000000000000004, ""hi"": 0.4, ""n"": 222, ""conf"": 0.33918421453890835, ""acc"": 0.12162162162162163}, {""lo"": 0.4, ""hi"": 0.5, ""n"": 90, ""conf"": 0.44876787886436537, ""acc"": 0.08888888888888889}, {""lo"": 0.5, ""hi"": 0.6000000000000001, ""n"": 62, ""conf"": 0.5467507657226873, ""acc"": 0.0967741935483871}, {""lo"": 0.6000000000000001, ""hi"": 0.7000000000000001, ""n"": 29, ""conf"": 0.6577982301954826, ""acc"": 0.10344827586206896}, {""lo"": 0.7000000000000001, ""hi"": 0.8, ""n"": 12, ""conf"": 0.7379121108349822, ""acc"": 0.3333333333333333}, {""lo"": 0.8, ""hi"": 0.9, ""n"": 25, ""conf"": 0.8659959830255606, ""acc"": 0.2}, {""lo"": 0.9, ""hi"": 1.0, ""n"": 0, ""conf"": null, ""acc"": null}]",,0.98
real,crisismmd,0.100,0.00,1,default,800,75,0.09375,0.6872643678160919,0.21982357678091197,0.16564965962549982,0.2766764141668204,0.13082039911308205,0.7866666666666666,0.2125984251968504,0.36,0.225,0.12,"[{""lo"": 0.0, ""hi"": 0.1, ""n"": 0, ""conf"": null, ""acc"": null}, {""lo"": 0.1, ""hi"": 0.2, ""n"": 0, ""conf"": null, ""acc"": null}, {""lo"": 0.2, ""hi"": 0.30000000000000004, ""n"": 349, ""conf"": 0.2687338890842168, ""acc"": 0.045845272206303724}, {""lo"": 0.30000000000000004, ""hi"": 0.4, ""n"": 227, ""conf"": 0.3399167933146978, ""acc"": 0.11013215859030837}, {""lo"": 0.4, ""hi"": 0.5, ""n"": 97, ""conf"": 0.440751087720766, ""acc"": 0.07216494845360824}, {""lo"": 0.5, ""hi"": 0.6000000000000001, ""n"": 53, ""conf"": 0.5412389979219753, ""acc"": 0.16981132075471697}, {""lo"": 0.6000000000000001, ""hi"": 0.7000000000000001, ""n"": 34, ""conf"": 0.6396730027909396, ""acc"": 0.2647058823529412}, {""lo"": 0.7000000000000001, ""hi"": 0.8, ""n"": 19, ""conf"": 0.7511143916187425, ""acc"": 0.21052631578947367}, {""lo"": 0.8, ""hi"": 0.9, ""n"": 21, ""conf"": 0.8539673345810086, ""acc"": 0.23809523809523808}, {""lo"": 0.9, ""hi"": 1.0, ""n"": 0, ""conf"": null, ""acc"": null}]",,0.9
real,crisismmd,0.100,0.40,0,default,284,44,0.15492957746478872,0.5253787878787879,0.19802535547212702,0.20174629970471863,0.23310397844476574,0.14835164835164835,0.6136363636363636,0.2222222222222222,0.2727272727272727,0.14285714285714285,0.045454545454545456,"[{""lo"": 0.0, ""hi"": 0.1, ""n"": 0, ""conf"": null, ""acc"": null}, {""lo"": 0.1, ""hi"": 0.2, ""n"": 0, ""conf"": null, ""acc"": null}, {""lo"": 0.2, ""hi"": 0.30000000000000004, ""n"": 102, ""conf"": 0.27084448741119815, ""acc"": 0.16666666666666666}, {""lo"": 0.30000000000000004, ""hi"": 0.4, ""n"": 95, ""conf"": 0.3448113196464609, ""acc"": 0.10526315789473684}, {""lo"": 0.4, ""hi"": 0.5, ""n"": 33, ""conf"": 0.4407969490311543, ""acc"": 0.15151515151515152}, {""lo"": 0.5, ""hi"": 0.6000000000000001, ""n"": 19, ""conf"": 0.5483080428890094, ""acc"": 0.2631578947368421}, {""lo"": 0.6000000000000001, ""hi"": 0.7000000000000001, ""n"": 21, ""conf"": 0.6472676550177116, ""acc"": 0.23809523809523808}, {""lo"": 0.7000000000000001, ""hi"": 0.8, ""n"": 6, ""conf"": 0.7270023265757057, ""acc"": 0.16666666666666666}, {""lo"": 0.8, ""hi"": 0.9, ""n"": 8, ""conf"": 0.8624412435265028, ""acc"": 0.125}, {""lo"": 0.9, ""hi"": 1.0, ""n"": 0, ""conf"": null, ""acc"": null}]",,0.17
real,crisismmd,0.100,0.40,0,rank16,284,44,0.15492957746478872,0.7944128787878788,0.3911498268533287,0.36362099364316913,0.4914351756877649,0.16236162361623616,1.0,0.21717171717171718,0.9772727272727273,0.27007299270072993,0.8409090909090909,"[{""lo"": 0.0, ""hi"": 0.1, ""n"": 0, ""conf"": null, ""acc"": null}, {""lo"": 0.1, ""hi"": 0.2, ""n"": 0, ""conf"": null, ""acc"": null}, {""lo"": 0.2, ""hi"": 0.30000000000000004, ""n"": 13, ""conf"": 0.27155879916656284, ""acc"": 0.0}, {""lo"": 0.30000000000000004, ""hi"": 0.4, ""n"": 38, ""conf"": 0.3489212878350683, ""acc"": 0.0}, {""lo"": 0.4, ""hi"": 0.5, ""n"": 35, ""conf"": 0.44423929255647676, ""acc"": 0.02857142857142857}, {""lo"": 0.5, ""hi"": 0.6000000000000001, ""n"": 27, ""conf"": 0.5476812292294554, ""acc"": 0.07407407407407407}, {""lo"": 0.6000000000000001, ""hi"": 0.7000000000000001, ""n"": 34, ""conf"": 0.6497642496329268, ""acc"": 0.11764705882352941}, {""lo"": 0.7000000000000001, ""hi"": 0.8, ""n"": 46, ""conf"": 0.7503259845945237, ""acc"": 0.17391304347826086}, {""lo"": 0.8, ""hi"": 0.9, ""n"": 89, ""conf"": 0.8768041388832689, ""acc"": 0.3146067415730337}, {""lo"": 0.9, ""hi"": 1.0, ""n"": 2, ""conf"": 0.9000000001383917, ""acc"": 0.5}]",,0.16
real,crisismmd,0.100,0.40,1,rank16,274,25,0.09124087591240876,0.8282730923694779,0.3808127275124201,0.37207419585336077,0.529104594407827,0.09881422924901186,1.0,0.12637362637362637,0.92,0.18487394957983194,0.88,"[{""lo"": 0.0, ""hi"": 0.1, ""n"": 0, ""conf"": null, ""acc"": null}, {""lo"": 0.1, ""hi"": 0.2, ""n"": 0, ""conf"": null, ""acc"": null}, {""lo"": 0.2, ""hi"": 0.30000000000000004, ""n"": 21, ""conf"": 0.27659102264524427, ""acc"": 0.0}, {""lo"": 0.30000000000000004, ""hi"": 0.4, ""n"": 41, ""conf"": 0.3413282792246401, ""acc"": 0.0}, {""lo"": 0.4, ""hi"": 0.5, ""n"": 30, ""conf"": 0.45032071586260736, ""acc"": 0.06666666666666667}, {""lo"": 0.5, ""hi"": 0.6000000000000001, ""n"": 26, ""conf"": 0.5498398098911143, ""acc"": 0.038461538461538464}, {""lo"": 0.6000000000000001, ""hi"": 0.7000000000000001, ""n"": 37, ""conf"": 0.6433442335044769, ""acc"": 0.0}, {""lo"": 0.7000000000000001, ""hi"": 0.8, ""n"": 46, ""conf"": 0.7501781230372985, ""acc"": 0.08695652173913043}, {""lo"": 0.8, ""hi"": 0.9, ""n"": 73, ""conf"": 0.8774575494733651, ""acc"": 0.2465753424657534}, {""lo"": 0.9, ""hi"": 1.0, ""n"": 0, ""conf"": null, ""acc"": null}]",,0.14
real,crisismmd,0.100,0.40,1,default,274,25,0.09124087591240876,0.6931726907630523,0.16239206272428575,0.17669063802023552,0.2899856836331061,0.13125,0.84,0.20408163265306123,0.4,0.11764705882352941,0.08,"[{""lo"": 0.0, ""hi"": 0.1, ""n"": 0, ""conf"": null, ""acc"": null}, {""lo"": 0.1, ""hi"": 0.2, ""n"": 0, ""conf"": null, ""acc"": null}, {""lo"": 0.2, ""hi"": 0.30000000000000004, ""n"": 114, ""conf"": 0.272723700697278, ""acc"": 0.03508771929824561}, {""lo"": 0.30000000000000004, ""hi"": 0.4, ""n"": 85, ""conf"": 0.3402958123463165, ""acc"": 0.08235294117647059}, {""lo"": 0.4, ""hi"": 0.5, ""n"": 26, ""conf"": 0.44877379475765244, ""acc"": 0.15384615384615385}, {""lo"": 0.5, ""hi"": 0.6000000000000001, ""n"": 19, ""conf"": 0.542440696729999, ""acc"": 0.2631578947368421}, {""lo"": 0.6000000000000001, ""hi"": 0.7000000000000001, ""n"": 13, ""conf"": 0.6497202259053206, ""acc"": 0.23076923076923078}, {""lo"": 0.7000000000000001, ""hi"": 0.8, ""n"": 7, ""conf"": 0.7470023123383471, ""acc"": 0.14285714285714285}, {""lo"": 0.8, ""hi"": 0.9, ""n"": 10, ""conf"": 0.8790560361837928, ""acc"": 0.1}, {""lo"": 0.9, ""hi"": 1.0, ""n"": 0, ""conf"": null, ""acc"": null}]",,0.16
real,crisismmd,0.100,0.40,2,rank16,271,26,0.0959409594095941,0.8004709576138148,0.36002765466928627,0.37358843479853215,0.5262490966411565,0.10276679841897234,1.0,0.12921348314606743,0.8846153846153846,0.19090909090909092,0.8076923076923077,"[{""lo"": 0.0, ""hi"": 0.1, ""n"": 0, ""conf"": null, ""acc"": null}, {""lo"": 0.1, ""hi"": 0.2, ""n"": 0, ""conf"": null, ""acc"": null}, {""lo"": 0.2, ""hi"": 0.30000000000000004, ""n"": 18, ""conf"": 0.27833548606640013, ""acc"": 0.0}, {""lo"": 0.30000000000000004, ""hi"": 0.4, ""n"": 40, ""conf"": 0.34908417099209366, ""acc"": 0.025}, {""lo"": 0.4, ""hi"": 0.5, ""n"": 35, ""conf"": 0.4486070156138095, ""acc"": 0.05714285714285714}, {""lo"": 0.5, ""hi"": 0.6000000000000001, ""n"": 31, ""conf"": 0.5462182383159809, ""acc"": 0.0}, {""lo"": 0.6000000000000001, ""hi"": 0.7000000000000001, ""n"": 37, ""conf"": 0.6594250692351084, ""acc"": 0.05405405405405406}, {""lo"": 0.7000000000000001, ""hi"": 0.8, ""n"": 24, ""conf"": 0.7452252264447973, ""acc"": 0.0}, {""lo"": 0.8, ""hi"": 0.9, ""n"": 86, ""conf"": 0.8688599496537392, ""acc"": 0.2441860465116279}, {""lo"": 0.9, ""hi"": 1.0, ""n"": 0, ""conf"": null, ""acc"": null}]",,0.11
real,crisismmd,0.100,0.40,2,default,271,26,0.0959409594095941,0.6097331240188383,0.13061039534559654,0.18292886869866645,0.28472891764296626,0.12179487179487179,0.7307692307692307,0.1509433962264151,0.3076923076923077,0.07692307692307693,0.038461538461538464,"[{""lo"": 0.0, ""hi"": 0.1, ""n"": 0, ""conf"": null, ""acc"": null}, {""lo"": 0.1, ""hi"": 0.2, ""n"": 0, ""conf"": null, ""acc"": null}, {""lo"": 0.2, ""hi"": 0.30000000000000004, ""n"": 115, ""conf"": 0.2698577672702976, ""acc"": 0.06086956521739131}, {""lo"": 0.30000000000000004, ""hi"": 0.4, ""n"": 78, ""conf"": 0.34433405859663946, ""acc"": 0.08974358974358974}, {""lo"": 0.4, ""hi"": 0.5, ""n"": 25, ""conf"": 0.43698232570187195, ""acc"": 0.16}, {""lo"": 0.5, ""hi"": 0.6000000000000001, ""n"": 20, ""conf"": 0.5541784844304145, ""acc"": 0.2}, {""lo"": 0.6000000000000001, ""hi"": 0.7000000000000001, ""n"": 20, ""conf"": 0.6452770041385568, ""acc"": 0.15}, {""lo"": 0.7000000000000001, ""hi"": 0.8, ""n"": 8, ""conf"": 0.7491538965001101, ""acc"": 0.0}, {""lo"": 0.8, ""hi"": 0.9, ""n"": 5, ""conf"": 0.8725875577389257, ""acc"": 0.2}, {""lo"": 0.9, ""hi"": 1.0, ""n"": 0, ""conf"": null, ""acc"": null}]",,0.17
real,crisismmd,0.100,0.00,2,default,800,75,0.09375,0.6258206896551725,0.136281385774365,0.17520824088643067,0.2774734137389965,0.11556603773584906,0.6533333333333333,0.125,0.24,0.18604651162790697,0.10666666666666667,"[{""lo"": 0.0, ""hi"": 0.1, ""n"": 0, ""conf"": null, ""acc"": null}, {""lo"": 0.1, ""hi"": 0.2, ""n"": 0, ""conf"": null, ""acc"": null}, {""lo"": 0.2, ""hi"": 0.30000000000000004, ""n"": 376, ""conf"": 0.26961644619730507, ""acc"": 0.06914893617021277}, {""lo"": 0.30000000000000004, ""hi"": 0.4, ""n"": 214, ""conf"": 0.3411380154902888, ""acc"": 0.09813084112149532}, {""lo"": 0.4, ""hi"": 0.5, ""n"": 66, ""conf"": 0.44253562742926467, ""acc"": 0.15151515151515152}, {""lo"": 0.5, ""hi"": 0.6000000000000001, ""n"": 56, ""conf"": 0.5450469041611438, ""acc"": 0.07142857142857142}, {""lo"": 0.6000000000000001, ""hi"": 0.7000000000000001, ""n"": 45, ""conf"": 0.6477679835244271, ""acc"": 0.13333333333333333}, {""lo"": 0.7000000000000001, ""hi"": 0.8, ""n"": 28, ""conf"": 0.7415044671525021, ""acc"": 0.25}, {""lo"": 0.8, ""hi"": 0.9, ""n"": 15, ""conf"": 0.8638499682575896, ""acc"": 0.06666666666666667}, {""lo"": 0.9, ""hi"": 1.0, ""n"": 0, ""conf"": null, ""acc"": null}]",,0.9
real,crisismmd,0.200,0.00,0,rank16,800,159,0.19875,0.7937283529077013,0.4692360424211818,0.30944986372494543,0.41550782097306943,0.21399730820995963,1.0,0.2841121495327103,0.9559748427672956,0.36538461538461536,0.7169811320754716,"[{""lo"": 0.0, ""hi"": 0.1, ""n"": 0, ""conf"": null, ""acc"": null}, {""lo"": 0.1, ""hi"": 0.2, ""n"": 0, ""conf"": null, ""acc"": null}, {""lo"": 0.2, ""hi"": 0.30000000000000004, ""n"": 57, ""conf"": 0.275627287135911, ""acc"": 0.0}, {""lo"": 0.30000000000000004, ""hi"": 0.4, ""n"": 117, ""conf"": 0.3473071171335373, ""acc"": 0.02564102564102564}, {""lo"": 0.4, ""hi"": 0.5, ""n"": 91, ""conf"": 0.4440226267781181, ""acc"": 0.04395604395604396}, {""lo"": 0.5, ""hi"": 0.6000000000000001, ""n"": 108, ""conf"": 0.5494319945432066, ""acc"": 0.1388888888888889}, {""lo"": 0.6000000000000001, ""hi"": 0.7000000000000001, ""n"": 115, ""conf"": 0.6494750278437965, ""acc"": 0.2}, {""lo"": 0.7000000000000001, ""hi"": 0.8, ""n"": 99, ""conf"": 0.7490498780328165, ""acc"": 0.21212121212121213}, {""lo"": 0.8, ""hi"": 0.9, ""n"": 213, ""conf"": 0.875447362123588, ""acc"": 0.43661971830985913}, {""lo"": 0.9, ""hi"": 1.0, ""n"": 0, ""conf"": null, ""acc"": null}]",,0.29
real,crisismmd,0.200,0.00,1,rank16,800,150,0.1875,0.8089641025641026,0.4956299712210349,0.30576225346767893,0.41818115765854247,0.20357634112792297,0.9866666666666667,0.28225806451612906,0.9333333333333333,0.36792452830188677,0.78,"[{""lo"": 0.0, ""hi"": 0.1, ""n"": 0, ""conf"": null, ""acc"": null}, {""lo"": 0.1, ""hi"": 0.2, ""n"": 0, ""conf"": null, ""acc"": null}, {""lo"": 0.2, ""hi"": 0.30000000000000004, ""n"": 73, ""conf"": 0.2772244784136746, ""acc"": 0.0273972602739726}, {""lo"": 0.30000000000000004, ""hi"": 0.4, ""n"": 125, ""conf"": 0.3485944257723533, ""acc"": 0.024}, {""lo"": 0.4, ""hi"": 0.5, ""n"": 106, ""conf"": 0.44613144974145574, ""acc"": 0.04716981132075472}, {""lo"": 0.5, ""hi"": 0.6000000000000001, ""n"": 91, ""conf"": 0.5549873701821836, ""acc"": 0.07692307692307693}, {""lo"": 0.6000000000000001, ""hi"": 0.7000000000000001, ""n"": 87, ""conf"": 0.6471637550741235, ""acc"": 0.1839080459770115}, {""lo"": 0.7000000000000001, ""hi"": 0.8, ""n"": 95, ""conf"": 0.7558230490202962, ""acc"": 0.22105263157894736}, {""lo"": 0.8, ""hi"": 0.9, ""n"": 223, ""conf"": 0.8736906514508596, ""acc"": 0.4304932735426009}, {""lo"": 0.9, ""hi"": 1.0, ""n"": 0, ""conf"": null, ""acc"": null}]",,0.31
real,crisismmd,0.200,0.00,2,rank16,800,158,0.1975,0.7390768563429158,0.39855542859887333,0.320109725560435,0.4130634257855976,0.21448087431693988,0.9936708860759493,0.26641651031894936,0.8987341772151899,0.3343949044585987,0.6645569620253164,"[{""lo"": 0.0, ""hi"": 0.1, ""n"": 0, ""conf"": null, ""acc"": null}, {""lo"": 0.1, ""hi"": 0.2, ""n"": 0, ""conf"": null, ""acc"": null}, {""lo"": 0.2, ""hi"": 0.30000000000000004, ""n"": 68, ""conf"": 0.27455091180680263, ""acc"": 0.014705882352941176}, {""lo"": 0.30000000000000004, ""hi"": 0.4, ""n"": 117, ""conf"": 0.3465643373256972, ""acc"": 0.05982905982905983}, {""lo"": 0.4, ""hi"": 0.5, ""n"": 82, ""conf"": 0.4446366511018366, ""acc"": 0.0975609756097561}, {""lo"": 0.5, ""hi"": 0.6000000000000001, ""n"": 116, ""conf"": 0.5460162482907309, ""acc"": 0.1724137931034483}, {""lo"": 0.6000000000000001, ""hi"": 0.7000000000000001, ""n"": 103, ""conf"": 0.653039355901538, ""acc"": 0.1650485436893204}, {""lo"": 0.7000000000000001, ""hi"": 0.8, ""n"": 102, ""conf"": 0.7555869405509429, ""acc"": 0.18627450980392157}, {""lo"": 0.8, ""hi"": 0.9, ""n"": 210, ""conf"": 0.8728678065341902, ""acc"": 0.40476190476190477}, {""lo"": 0.9, ""hi"": 1.0, ""n"": 2, ""conf"": 0.9000000000995263, ""acc"": 0.5}]",,0.31
real,crisismmd,0.200,0.00,0,default,800,159,0.19875,0.6123882691156702,0.25967036276631555,0.20130794390913664,0.18475858062133282,0.2494802494802495,0.7547169811320755,0.26573426573426573,0.2389937106918239,0.2830188679245283,0.09433962264150944,"[{""lo"": 0.0, ""hi"": 0.1, ""n"": 0, ""conf"": null, ""acc"": null}, {""lo"": 0.1, ""hi"": 0.2, ""n"": 0, ""conf"": null, ""acc"": null}, {""lo"": 0.2, ""hi"": 0.30000000000000004, ""n"": 319, ""conf"": 0.26939552693249635, ""acc"": 0.12225705329153605}, {""lo"": 0.30000000000000004, ""hi"": 0.4, ""n"": 239, ""conf"": 0.34334144777828296, ""acc"": 0.2175732217573222}, {""lo"": 0.4, ""hi"": 0.5, ""n"": 99, ""conf"": 0.44185398905880985, ""acc"": 0.30303030303030304}, {""lo"": 0.5, ""hi"": 0.6000000000000001, ""n"": 57, ""conf"": 0.5484444351034194, ""acc"": 0.24561403508771928}, {""lo"": 0.6000000000000001, ""hi"": 0.7000000000000001, ""n"": 33, ""conf"": 0.6527667519331146, ""acc"": 0.2727272727272727}, {""lo"": 0.7000000000000001, ""hi"": 0.8, ""n"": 31, ""conf"": 0.7479742718205667, ""acc"": 0.25806451612903225}, {""lo"": 0.8, ""hi"": 0.9, ""n"": 22, ""conf"": 0.86716829221104, ""acc"": 0.3181818181818182}, {""lo"": 0.9, ""hi"": 1.0, ""n"": 0, ""conf"": null, ""acc"": null}]",,0.81
real,crisismmd,0.200,0.00,1,default,800,150,0.1875,0.6374871794871795,0.27624908910575063,0.1904300755324976,0.19446494395510344,0.23140495867768596,0.7466666666666667,0.32867132867132864,0.31333333333333335,0.2777777777777778,0.06666666666666667,"[{""lo"": 0.0, ""hi"": 0.1, ""n"": 0, ""conf"": null, ""acc"": null}, {""lo"": 0.1, ""hi"": 0.2, ""n"": 0, ""conf"": null, ""acc"": null}, {""lo"": 0.2, ""hi"": 0.30000000000000004, ""n"": 316, ""conf"": 0.26912063331078645, ""acc"": 0.12025316455696203}, {""lo"": 0.30000000000000004, ""hi"": 0.4, ""n"": 225, ""conf"": 0.3407832116992393, ""acc"": 0.17777777777777778}, {""lo"": 0.4, ""hi"": 0.5, ""n"": 116, ""conf"": 0.4472324498761663, ""acc"": 0.21551724137931033}, {""lo"": 0.5, ""hi"": 0.6000000000000001, ""n"": 58, ""conf"": 0.5367847066765389, ""acc"": 0.29310344827586204}, {""lo"": 0.6000000000000001, ""hi"": 0.7000000000000001, ""n"": 49, ""conf"": 0.6565966515671695, ""acc"": 0.40816326530612246}, {""lo"": 0.7000000000000001, ""hi"": 0.8, ""n"": 22, ""conf"": 0.7566292451738026, ""acc"": 0.36363636363636365}, {""lo"": 0.8, ""hi"": 0.9, ""n"": 14, ""conf"": 0.8587182794325623, ""acc"": 0.14285714285714285}, {""lo"": 0.9, ""hi"": 1.0, ""n"": 0, ""conf"": null, ""acc"": null}]",,0.82
real,crisismmd,0.200,0.40,0,default,284,66,0.2323943661971831,0.5364192382541006,0.2528193776304455,0.22862591247879424,0.17132541398728665,0.26344086021505375,0.7424242424242424,0.21875,0.21212121212121213,0.25,0.07575757575757576,"[{""lo"": 0.0, ""hi"": 0.1, ""n"": 0, ""conf"": null, ""acc"": null}, {""lo"": 0.1, ""hi"": 0.2, ""n"": 0, ""conf"": null, ""acc"": null}, {""lo"": 0.2, ""hi"": 0.30000000000000004, ""n"": 98, ""conf"": 0.27181088340172993, ""acc"": 0.17346938775510204}, {""lo"": 0.30000000000000004, ""hi"": 0.4, ""n"": 77, ""conf"": 0.34445572253084394, ""acc"": 0.2987012987012987}, {""lo"": 0.4, ""hi"": 0.5, ""n"": 45, ""conf"": 0.44407428246729225, ""acc"": 0.26666666666666666}, {""lo"": 0.5, ""hi"": 0.6000000000000001, ""n"": 31, ""conf"": 0.5405678340918145, ""acc"": 0.12903225806451613}, {""lo"": 0.6000000000000001, ""hi"": 0.7000000000000001, ""n"": 13, ""conf"": 0.6357823451614207, ""acc"": 0.38461538461538464}, {""lo"": 0.7000000000000001, ""hi"": 0.8, ""n"": 8, ""conf"": 0.7595383173532628, ""acc"": 0.25}, {""lo"": 0.8, ""hi"": 0.9, ""n"": 12, ""conf"": 0.8677864808621595, ""acc"": 0.25}, {""lo"": 0.9, ""hi"": 1.0, ""n"": 0, ""conf"": null, ""acc"": null}]",,0.21
real,crisismmd,0.200,0.40,0,rank16,284,66,0.2323943661971831,0.7736308034473172,0.44694139187691667,0.3400455088740653,0.43218901866091225,0.24535315985130113,1.0,0.3076923076923077,0.9696969696969697,0.38095238095238093,0.8484848484848485,"[{""lo"": 0.0, ""hi"": 0.1, ""n"": 0, ""conf"": null, ""acc"": null}, {""lo"": 0.1, ""hi"": 0.2, ""n"": 0, ""conf"": null, ""acc"": null}, {""lo"": 0.2, ""hi"": 0.30000000000000004, ""n"": 15, ""conf"": 0.2765967653102373, ""acc"": 0.0}, {""lo"": 0.30000000000000004, ""hi"": 0.4, ""n"": 33, ""conf"": 0.350061470444202, ""acc"": 0.030303030303030304}, {""lo"": 0.4, ""hi"": 0.5, ""n"": 28, ""conf"": 0.4433570673992571, ""acc"": 0.03571428571428571}, {""lo"": 0.5, ""hi"": 0.6000000000000001, ""n"": 29, ""conf"": 0.5512707622733252, ""acc"": 0.10344827586206896}, {""lo"": 0.6000000000000001, ""hi"": 0.7000000000000001, ""n"": 32, ""conf"": 0.6533670007553245, ""acc"": 0.15625}, {""lo"": 0.7000000000000001, ""hi"": 0.8, ""n"": 41, ""conf"": 0.7509673990940221, ""acc"": 0.2926829268292683}, {""lo"": 0.8, ""hi"": 0.9, ""n"": 102, ""conf"": 0.8759063128902261, ""acc"": 0.4117647058823529}, {""lo"": 0.9, ""hi"": 1.0, ""n"": 4, ""conf"": 0.9000000001132218, ""acc"": 0.5}]",,0.17
real,crisismmd,0.200,0.40,1,rank16,274,53,0.19343065693430658,0.844275591223427,0.5479138711941114,0.3391881326261688,0.4592395735182663,0.20229007633587787,1.0,0.2727272727272727,0.9622641509433962,0.36153846153846153,0.8867924528301887,"[{""lo"": 0.0, ""hi"": 0.1, ""n"": 0, ""conf"": null, ""acc"": null}, {""lo"": 0.1, ""hi"": 0.2, ""n"": 0, ""conf"": null, ""acc"": null}, {""lo"": 0.2, ""hi"": 0.30000000000000004, ""n"": 12, ""conf"": 0.2737742662722252, ""acc"": 0.0}, {""lo"": 0.30000000000000004, ""hi"": 0.4, ""n"": 35, ""conf"": 0.35017304727905946, ""acc"": 0.02857142857142857}, {""lo"": 0.4, ""hi"": 0.5, ""n"": 40, ""conf"": 0.4537304118850153, ""acc"": 0.025}, {""lo"": 0.5, ""hi"": 0.6000000000000001, ""n"": 14, ""conf"": 0.5519201282694797, ""acc"": 0.14285714285714285}, {""lo"": 0.6000000000000001, ""hi"": 0.7000000000000001, ""n"": 43, ""conf"": 0.6474913556505819, ""acc"": 0.046511627906976744}, {""lo"": 0.7000000000000001, ""hi"": 0.8, ""n"": 35, ""conf"": 0.7522786285259023, ""acc"": 0.11428571428571428}, {""lo"": 0.8, ""hi"": 0.9, ""n"": 95, ""conf"": 0.8762349129622762, ""acc"": 0.45263157894736844}, {""lo"": 0.9, ""hi"": 1.0, ""n"": 0, ""conf"": null, ""acc"": null}]",,0.17
real,crisismmd,0.200,0.40,1,default,274,53,0.19343065693430658,0.5983949457867327,0.2567559551240738,0.207793135230661,0.20943542329873904,0.22162162162162163,0.7735849056603774,0.27419354838709675,0.32075471698113206,0.3125,0.09433962264150944,"[{""lo"": 0.0, ""hi"": 0.1, ""n"": 0, ""conf"": null, ""acc"": null}, {""lo"": 0.1, ""hi"": 0.2, ""n"": 0, ""conf"": null, ""acc"": null}, {""lo"": 0.2, ""hi"": 0.30000000000000004, ""n"": 89, ""conf"": 0.271237250821624, ""acc"": 0.1348314606741573}, {""lo"": 0.30000000000000004, ""hi"": 0.4, ""n"": 83, ""conf"": 0.3428192386930507, ""acc"": 0.21686746987951808}, {""lo"": 0.4, ""hi"": 0.5, ""n"": 40, ""conf"": 0.44618465611356745, ""acc"": 0.15}, {""lo"": 0.5, ""hi"": 0.6000000000000001, ""n"": 27, ""conf"": 0.5486834856933991, ""acc"": 0.18518518518518517}, {""lo"": 0.6000000000000001, ""hi"": 0.7000000000000001, ""n"": 19, ""conf"": 0.6510238097664317, ""acc"": 0.3684210526315789}, {""lo"": 0.7000000000000001, ""hi"": 0.8, ""n"": 8, ""conf"": 0.7538754237275307, ""acc"": 0.375}, {""lo"": 0.8, ""hi"": 0.9, ""n"": 8, ""conf"": 0.8411122144449795, ""acc"": 0.25}, {""lo"": 0.9, ""hi"": 1.0, ""n"": 0, ""conf"": null, ""acc"": null}]",,0.23
real,crisismmd,0.200,0.00,2,default,800,158,0.1975,0.5842205922946488,0.2307356992585207,0.20568709591582796,0.1794817726505134,0.24663677130044842,0.6962025316455697,0.20714285714285716,0.18354430379746836,0.20930232558139536,0.056962025316455694,"[{""lo"": 0.0, ""hi"": 0.1, ""n"": 0, ""conf"": null, ""acc"": null}, {""lo"": 0.1, ""hi"": 0.2, ""n"": 0, ""conf"": null, ""acc"": null}, {""lo"": 0.2, ""hi"": 0.30000000000000004, ""n"": 354, ""conf"": 0.2683385352633498, ""acc"": 0.13559322033898305}, {""lo"": 0.30000000000000004, ""hi"": 0.4, ""n"": 201, ""conf"": 0.340853316317915, ""acc"": 0.2736318407960199}, {""lo"": 0.4, ""hi"": 0.5, ""n"": 105, ""conf"": 0.4435366053323684, ""acc"": 0.24761904761904763}, {""lo"": 0.5, ""hi"": 0.6000000000000001, ""n"": 57, ""conf"": 0.5427980440287058, ""acc"": 0.24561403508771928}, {""lo"": 0.6000000000000001, ""hi"": 0.7000000000000001, ""n"": 40, ""conf"": 0.6522707276493834, ""acc"": 0.15}, {""lo"": 0.7000000000000001, ""hi"": 0.8, ""n"": 22, ""conf"": 0.747671277552471, ""acc"": 0.18181818181818182}, {""lo"": 0.8, ""hi"": 0.9, ""n"": 21, ""conf"": 0.8586490845533038, ""acc"": 0.23809523809523808}, {""lo"": 0.9, ""hi"": 1.0, ""n"": 0, ""conf"": null, ""acc"": null}]",,0.77
real,crisismmd,0.200,0.40,2,default,271,53,0.19557195571955718,0.585857711615025,0.22817773384727688,0.20776938280732818,0.18997200821971194,0.2247191011235955,0.7547169811320755,0.19148936170212766,0.16981132075471697,0.125,0.03773584905660377,"[{""lo"": 0.0, ""hi"": 0.1, ""n"": 0, ""conf"": null, ""acc"": null}, {""lo"": 0.1, ""hi"": 0.2, ""n"": 0, ""conf"": null, ""acc"": null}, {""lo"": 0.2, ""hi"": 0.30000000000000004, ""n"": 93, ""conf"": 0.271651252685701, ""acc"": 0.13978494623655913}, {""lo"": 0.30000000000000004, ""hi"": 0.4, ""n"": 97, ""conf"": 0.3442451981440196, ""acc"": 0.1958762886597938}, {""lo"": 0.4, ""hi"": 0.5, ""n"": 34, ""conf"": 0.44946892836620334, ""acc"": 0.35294117647058826}, {""lo"": 0.5, ""hi"": 0.6000000000000001, ""n"": 24, ""conf"": 0.5503160199682252, ""acc"": 0.25}, {""lo"": 0.6000000000000001, ""hi"": 0.7000000000000001, ""n"": 7, ""conf"": 0.6658468514767739, ""acc"": 0.14285714285714285}, {""lo"": 0.7000000000000001, ""hi"": 0.8, ""n"": 10, ""conf"": 0.7532074943493726, ""acc"": 0.2}, {""lo"": 0.8, ""hi"": 0.9, ""n"": 6, ""conf"": 0.857422093380396, ""acc"": 0.0}, {""lo"": 0.9, ""hi"": 1.0, ""n"": 0, ""conf"": null, ""acc"": null}]",,0.18
real,crisismmd,0.200,0.40,2,rank16,271,53,0.19557195571955718,0.7843171196122555,0.49168190592090927,0.3362367963353271,0.4431601161619727,0.20866141732283464,1.0,0.273224043715847,0.9433962264150944,0.34375,0.8301886792452831,"[{""lo"": 0.0, ""hi"": 0.1, ""n"": 0, ""conf"": null, ""acc"": null}, {""lo"": 0.1, ""hi"": 0.2, ""n"": 0, ""conf"": null, ""acc"": null}, {""lo"": 0.2, ""hi"": 0.30000000000000004, ""n"": 17, ""conf"": 0.27758925148126856, ""acc"": 0.0}, {""lo"": 0.30000000000000004, ""hi"": 0.4, ""n"": 35, ""conf"": 0.34601372188928786, ""acc"": 0.02857142857142857}, {""lo"": 0.4, ""hi"": 0.5, ""n"": 36, ""conf"": 0.4383981861190324, ""acc"": 0.05555555555555555}, {""lo"": 0.5, ""hi"": 0.6000000000000001, ""n"": 29, ""conf"": 0.5530394719822421, ""acc"": 0.10344827586206896}, {""lo"": 0.6000000000000001, ""hi"": 0.7000000000000001, ""n"": 26, ""conf"": 0.6349462172035896, ""acc"": 0.11538461538461539}, {""lo"": 0.7000000000000001, ""hi"": 0.8, ""n"": 32, ""conf"": 0.7457636352990558, ""acc"": 0.21875}, {""lo"": 0.8, ""hi"": 0.9, ""n"": 96, ""conf"": 0.8757643393120277, ""acc"": 0.3854166666666667}, {""lo"": 0.9, ""hi"": 1.0, ""n"": 0, ""conf"": null, ""acc"": null}]",,0.13
real,crisismmd,0.300,0.00,0,rank16,800,241,0.30125,0.7626095799404687,0.5471939924182245,0.28824128309773334,0.33544557359654775,0.32262382864792505,1.0,0.3942652329749104,0.9128630705394191,0.49283667621776506,0.7136929460580913,"[{""lo"": 0.0, ""hi"": 0.1, ""n"": 0, ""conf"": null, ""acc"": null}, {""lo"": 0.1, ""hi"": 0.2, ""n"": 0, ""conf"": null, ""acc"": null}, {""lo"": 0.2, ""hi"": 0.30000000000000004, ""n"": 53, ""conf"": 0.2810044481890493, ""acc"": 0.0}, {""lo"": 0.30000000000000004, ""hi"": 0.4, ""n"": 98, ""conf"": 0.3483095523971248, ""acc"": 0.07142857142857142}, {""lo"": 0.4, ""hi"": 0.5, ""n"": 91, ""conf"": 0.4529041945995202, ""acc"": 0.15384615384615385}, {""lo"": 0.5, ""hi"": 0.6000000000000001, ""n"": 105, ""conf"": 0.5538823578804483, ""acc"": 0.20952380952380953}, {""lo"": 0.6000000000000001, ""hi"": 0.7000000000000001, ""n"": 104, ""conf"": 0.6533965315940635, ""acc"": 0.25}, {""lo"": 0.7000000000000001, ""hi"": 0.8, ""n"": 94, ""conf"": 0.7489322840810116, ""acc"": 0.35106382978723405}, {""lo"": 0.8, ""hi"": 0.9, ""n"": 255, ""conf"": 0.8729571910309775, ""acc"": 0.5450980392156862}, {""lo"": 0.9, ""hi"": 1.0, ""n"": 0, ""conf"": null, ""acc"": null}]",,0.3
real,crisismmd,0.300,0.00,1,rank16,800,208,0.26,0.783645725051975,0.5338291081126733,0.29682312298383673,0.37073133182985546,0.276,0.9951923076923077,0.35647279549718575,0.9134615384615384,0.44692737430167595,0.7692307692307693,"[{""lo"": 0.0, ""hi"": 0.1, ""n"": 0, ""conf"": null, ""acc"": null}, {""lo"": 0.1, ""hi"": 0.2, ""n"": 0, ""conf"": null, ""acc"": null}, {""lo"": 0.2, ""hi"": 0.30000000000000004, ""n"": 50, ""conf"": 0.2763660700376303, ""acc"": 0.02}, {""lo"": 0.30000000000000004, ""hi"": 0.4, ""n"": 104, ""conf"": 0.3450125454909231, ""acc"": 0.0673076923076923}, {""lo"": 0.4, ""hi"": 0.5, ""n"": 113, ""conf"": 0.44896166746927685, ""acc"": 0.08849557522123894}, {""lo"": 0.5, ""hi"": 0.6000000000000001, ""n"": 90, ""conf"": 0.5535812548978785, ""acc"": 0.1111111111111111}, {""lo"": 0.6000000000000001, ""hi"": 0.7000000000000001, ""n"": 85, ""conf"": 0.6511520104637619, ""acc"": 0.23529411764705882}, {""lo"": 0.7000000000000001, ""hi"": 0.8, ""n"": 114, ""conf"": 0.7489887166043588, ""acc"": 0.3157894736842105}, {""lo"": 0.8, ""hi"": 0.9, ""n"": 243, ""conf"": 0.8744767131035652, ""acc"": 0.5061728395061729}, {""lo"": 0.9, ""hi"": 1.0, ""n"": 1, ""conf"": 0.9000000003735421, ""acc"": 1.0}]",,0.34
real,crisismmd,0.300,0.00,2,rank16,800,244,0.305,0.7266187050359711,0.5105716538976317,0.2958248398439374,0.3296800290394084,0.3200531208499336,0.9877049180327869,0.39201451905626133,0.8852459016393442,0.47058823529411764,0.6557377049180327,"[{""lo"": 0.0, ""hi"": 0.1, ""n"": 0, ""conf"": null, ""acc"": null}, {""lo"": 0.1, ""hi"": 0.2, ""n"": 0, ""conf"": null, ""acc"": null}, {""lo"": 0.2, ""hi"": 0.30000000000000004, ""n"": 47, ""conf"": 0.2744091305484129, ""acc"": 0.06382978723404255}, {""lo"": 0.30000000000000004, ""hi"": 0.4, ""n"": 115, ""conf"": 0.3529696894661803, ""acc"": 0.06956521739130435}, {""lo"": 0.4, ""hi"": 0.5, ""n"": 87, ""conf"": 0.4508641391695508, ""acc"": 0.19540229885057472}, {""lo"": 0.5, ""hi"": 0.6000000000000001, ""n"": 95, ""conf"": 0.5514429633726687, ""acc"": 0.24210526315789474}, {""lo"": 0.6000000000000001, ""hi"": 0.7000000000000001, ""n"": 116, ""conf"": 0.6506668395299195, ""acc"": 0.28448275862068967}, {""lo"": 0.7000000000000001, ""hi"": 0.8, ""n"": 84, ""conf"": 0.7542028108598624, ""acc"": 0.39285714285714285}, {""lo"": 0.8, ""hi"": 0.9, ""n"": 254, ""conf"": 0.8740654672490471, ""acc"": 0.5}, {""lo"": 0.9, ""hi"": 1.0, ""n"": 2, ""conf"": 0.9000000000145352, ""acc"": 0.0}]",,0.34
real,crisismmd,0.300,0.00,0,default,800,241,0.30125,0.5660226100253118,0.3438830906237935,0.23230123543954753,0.0902882640011678,0.33266932270916333,0.6929460580912863,0.3181818181818182,0.2033195020746888,0.35714285714285715,0.08298755186721991,"[{""lo"": 0.0, ""hi"": 0.1, ""n"": 0, ""conf"": null, ""acc"": null}, {""lo"": 0.1, ""hi"": 0.2, ""n"": 0, ""conf"": null, ""acc"": null}, {""lo"": 0.2, ""hi"": 0.30000000000000004, ""n"": 298, ""conf"": 0.269731822697795, ""acc"": 0.2483221476510067}, {""lo"": 0.30000000000000004, ""hi"": 0.4, ""n"": 246, ""conf"": 0.34099840538240195, ""acc"": 0.3130081300813008}, {""lo"": 0.4, ""hi"": 0.5, ""n"": 102, ""conf"": 0.44835072195075903, ""acc"": 0.4019607843137255}, {""lo"": 0.5, ""hi"": 0.6000000000000001, ""n"": 58, ""conf"": 0.5473878951476979, ""acc"": 0.29310344827586204}, {""lo"": 0.6000000000000001, ""hi"": 0.7000000000000001, ""n"": 40, ""conf"": 0.6398811757190584, ""acc"": 0.3}, {""lo"": 0.7000000000000001, ""hi"": 0.8, ""n"": 20, ""conf"": 0.7416236368995757, ""acc"": 0.15}, {""lo"": 0.8, ""hi"": 0.9, ""n"": 36, ""conf"": 0.8626924719061858, ""acc"": 0.4722222222222222}, {""lo"": 0.9, ""hi"": 1.0, ""n"": 0, ""conf"": null, ""acc"": null}]",,0.88
real,crisismmd,0.300,0.00,1,default,800,208,0.26,0.6171387733887733,0.3565890542753252,0.20817798690755304,0.12582902625433162,0.31006160164271046,0.7259615384615384,0.4,0.27884615384615385,0.46808510638297873,0.10576923076923077,"[{""lo"": 0.0, ""hi"": 0.1, ""n"": 0, ""conf"": null, ""acc"": null}, {""lo"": 0.1, ""hi"": 0.2, ""n"": 0, ""conf"": null, ""acc"": null}, {""lo"": 0.2, ""hi"": 0.30000000000000004, ""n"": 313, ""conf"": 0.269947369207277, ""acc"": 0.18210862619808307}, {""lo"": 0.30000000000000004, ""hi"": 0.4, ""n"": 223, ""conf"": 0.34101686945651066, ""acc"": 0.2600896860986547}, {""lo"": 0.4, ""hi"": 0.5, ""n"": 119, ""conf"": 0.4446927502620048, ""acc"": 0.29411764705882354}, {""lo"": 0.5, ""hi"": 0.6000000000000001, ""n"": 65, ""conf"": 0.5474989226883109, ""acc"": 0.38461538461538464}, {""lo"": 0.6000000000000001, ""hi"": 0.7000000000000001, ""n"": 33, ""conf"": 0.6512176843520943, ""acc"": 0.3333333333333333}, {""lo"": 0.7000000000000001, ""hi"": 0.8, ""n"": 19, ""conf"": 0.7316600482481967, ""acc"": 0.42105263157894735}, {""lo"": 0.8, ""hi"": 0.9, ""n"": 28, ""conf"": 0.8651907427332889, ""acc"": 0.5}, {""lo"": 0.9, ""hi"": 1.0, ""n"": 0, ""conf"": null, ""acc"": null}]",,0.92
real,crisismmd,0.300,0.40,0,default,284,92,0.323943661971831,0.577841938405797,0.4356303287814671,0.23354984506374535,0.10714813300708101,0.3711340206185567,0.782608695652174,0.34615384615384615,0.29347826086956524,0.5714285714285714,0.13043478260869565,"[{""lo"": 0.0, ""hi"": 0.1, ""n"": 0, ""conf"": null, ""acc"": null}, {""lo"": 0.1, ""hi"": 0.2, ""n"": 0, ""conf"": null, ""acc"": null}, {""lo"": 0.2, ""hi"": 0.30000000000000004, ""n"": 90, ""conf"": 0.2729716123778445, ""acc"": 0.2222222222222222}, {""lo"": 0.30000000000000004, ""hi"": 0.4, ""n"": 86, ""conf"": 0.34222192850291, ""acc"": 0.37209302325581395}, {""lo"": 0.4, ""hi"": 0.5, ""n"": 30, ""conf"": 0.4424596131767798, ""acc"": 0.43333333333333335}, {""lo"": 0.5, ""hi"": 0.6000000000000001, ""n"": 37, ""conf"": 0.5493801739179442, ""acc"": 0.2702702702702703}, {""lo"": 0.6000000000000001, ""hi"": 0.7000000000000001, ""n"": 20, ""conf"": 0.6535383150066323, ""acc"": 0.25}, {""lo"": 0.7000000000000001, ""hi"": 0.8, ""n"": 12, ""conf"": 0.7441069620343189, ""acc"": 0.4166666666666667}, {""lo"": 0.8, ""hi"": 0.9, ""n"": 9, ""conf"": 0.8547562040492733, ""acc"": 0.7777777777777778}, {""lo"": 0.9, ""hi"": 1.0, ""n"": 0, ""conf"": null, ""acc"": null}]",,0.17
real,crisismmd,0.300,0.40,0,rank16,284,92,0.323943661971831,0.7466032608695652,0.5500230833129034,0.3111139631803345,0.3539231148837427,0.336996336996337,1.0,0.40669856459330145,0.9239130434782609,0.47368421052631576,0.782608695652174,"[{""lo"": 0.0, ""hi"": 0.1, ""n"": 0, ""conf"": null, ""acc"": null}, {""lo"": 0.1, ""hi"": 0.2, ""n"": 0, ""conf"": null, ""acc"": null}, {""lo"": 0.2, ""hi"": 0.30000000000000004, ""n"": 11, ""conf"": 0.2774605389099419, ""acc"": 0.0}, {""lo"": 0.30000000000000004, ""hi"": 0.4, ""n"": 33, ""conf"": 0.36096928969850584, ""acc"": 0.030303030303030304}, {""lo"": 0.4, ""hi"": 0.5, ""n"": 31, ""conf"": 0.4514771884893711, ""acc"": 0.1935483870967742}, {""lo"": 0.5, ""hi"": 0.6000000000000001, ""n"": 24, ""conf"": 0.5519200643085519, ""acc"": 0.20833333333333334}, {""lo"": 0.6000000000000001, ""hi"": 0.7000000000000001, ""n"": 33, ""conf"": 0.65182673868656, ""acc"": 0.24242424242424243}, {""lo"": 0.7000000000000001, ""hi"": 0.8, ""n"": 39, ""conf"": 0.7528867999862094, ""acc"": 0.358974358974359}, {""lo"": 0.8, ""hi"": 0.9, ""n"": 111, ""conf"": 0.8759943259131955, ""acc"": 0.5045045045045045}, {""lo"": 0.9, ""hi"": 1.0, ""n"": 2, ""conf"": 0.900000000068115, ""acc"": 1.0}]",,0.16
real,crisismmd,0.300,0.40,1,default,274,74,0.27007299270072993,0.6228378378378379,0.3607789375122583,0.2143911605736875,0.1312921479276518,0.3010204081632653,0.7972972972972973,0.4107142857142857,0.3108108108108108,0.4117647058823529,0.0945945945945946,"[{""lo"": 0.0, ""hi"": 0.1, ""n"": 0, ""conf"": null, ""acc"": null}, {""lo"": 0.1, ""hi"": 0.2, ""n"": 0, ""conf"": null, ""acc"": null}, {""lo"": 0.2, ""hi"": 0.30000000000000004, ""n"": 78, ""conf"": 0.2699692034791232, ""acc"": 0.19230769230769232}, {""lo"": 0.30000000000000004, ""hi"": 0.4, ""n"": 93, ""conf"": 0.3391965281752363, ""acc"": 0.22580645161290322}, {""lo"": 0.4, ""hi"": 0.5, ""n"": 47, ""conf"": 0.449501084652426, ""acc"": 0.3191489361702128}, {""lo"": 0.5, ""hi"": 0.6000000000000001, ""n"": 24, ""conf"": 0.5435062595382041, ""acc"": 0.4583333333333333}, {""lo"": 0.6000000000000001, ""hi"": 0.7000000000000001, ""n"": 15, ""conf"": 0.640394882991994, ""acc"": 0.3333333333333333}, {""lo"": 0.7000000000000001, ""hi"": 0.8, ""n"": 9, ""conf"": 0.735499396217921, ""acc"": 0.5555555555555556}, {""lo"": 0.8, ""hi"": 0.9, ""n"": 8, ""conf"": 0.871881815260735, ""acc"": 0.25}, {""lo"": 0.9, ""hi"": 1.0, ""n"": 0, ""conf"": null, ""acc"": null}]",,0.16
real,crisismmd,0.300,0.00,2,default,800,244,0.305,0.5830802571057908,0.35761912118061195,0.22916131033806908,0.08477913934539902,0.34710743801652894,0.6885245901639344,0.38513513513513514,0.2336065573770492,0.36065573770491804,0.09016393442622951,"[{""lo"": 0.0, ""hi"": 0.1, ""n"": 0, ""conf"": null, ""acc"": null}, {""lo"": 0.1, ""hi"": 0.2, ""n"": 0, ""conf"": null, ""acc"": null}, {""lo"": 0.2, ""hi"": 0.30000000000000004, ""n"": 316, ""conf"": 0.2700071717861627, ""acc"": 0.24050632911392406}, {""lo"": 0.30000000000000004, ""hi"": 0.4, ""n"": 214, ""conf"": 0.34281795548844335, ""acc"": 0.308411214953271}, {""lo"": 0.4, ""hi"": 0.5, ""n"": 122, ""conf"": 0.442844793410969, ""acc"": 0.36885245901639346}, {""lo"": 0.5, ""hi"": 0.6000000000000001, ""n"": 49, ""conf"": 0.5419281425597863, ""acc"": 0.4489795918367347}, {""lo"": 0.6000000000000001, ""hi"": 0.7000000000000001, ""n"": 38, ""conf"": 0.6386433077689395, ""acc"": 0.34210526315789475}, {""lo"": 0.7000000000000001, ""hi"": 0.8, ""n"": 36, ""conf"": 0.7481079357388064, ""acc"": 0.3888888888888889}, {""lo"": 0.8, ""hi"": 0.9, ""n"": 25, ""conf"": 0.8542451021592179, ""acc"": 0.32}, {""lo"": 0.9, ""hi"": 1.0, ""n"": 0, ""conf"": null, ""acc"": null}]",,0.83
real,crisismmd,0.300,0.40,1,rank16,274,74,0.27007299270072993,0.7411486486486486,0.5508085619960625,0.3359361630091817,0.40003359823200624,0.2813688212927757,1.0,0.33653846153846156,0.9459459459459459,0.4028776978417266,0.7567567567567568,"[{""lo"": 0.0, ""hi"": 0.1, ""n"": 0, ""conf"": null, ""acc"": null}, {""lo"": 0.1, ""hi"": 0.2, ""n"": 0, ""conf"": null, ""acc"": null}, {""lo"": 0.2, ""hi"": 0.30000000000000004, ""n"": 11, ""conf"": 0.2740420943710934, ""acc"": 0.0}, {""lo"": 0.30000000000000004, ""hi"": 0.4, ""n"": 28, ""conf"": 0.34870794667307725, ""acc"": 0.07142857142857142}, {""lo"": 0.4, ""hi"": 0.5, ""n"": 27, ""conf"": 0.43891495207041237, ""acc"": 0.07407407407407407}, {""lo"": 0.5, ""hi"": 0.6000000000000001, ""n"": 31, ""conf"": 0.5571274933590344, ""acc"": 0.22580645161290322}, {""lo"": 0.6000000000000001, ""hi"": 0.7000000000000001, ""n"": 38, ""conf"": 0.6520405148174035, ""acc"": 0.18421052631578946}, {""lo"": 0.7000000000000001, ""hi"": 0.8, ""n"": 44, ""conf"": 0.7585397899514974, ""acc"": 0.29545454545454547}, {""lo"": 0.8, ""hi"": 0.9, ""n"": 95, ""conf"": 0.8795365689440325, ""acc"": 0.45263157894736844}, {""lo"": 0.9, ""hi"": 1.0, ""n"": 0, ""conf"": null, ""acc"": null}]",,0.15
real,crisismmd,0.300,0.40,2,rank16,271,82,0.3025830258302583,0.780874951606659,0.5719603904311892,0.30864772722237066,0.37013991647843436,0.3127413127413127,0.9878048780487805,0.3910891089108911,0.9634146341463414,0.45517241379310347,0.8048780487804879,"[{""lo"": 0.0, ""hi"": 0.1, ""n"": 0, ""conf"": null, ""acc"": null}, {""lo"": 0.1, ""hi"": 0.2, ""n"": 0, ""conf"": null, ""acc"": null}, {""lo"": 0.2, ""hi"": 0.30000000000000004, ""n"": 12, ""conf"": 0.28405929382980605, ""acc"": 0.08333333333333333}, {""lo"": 0.30000000000000004, ""hi"": 0.4, ""n"": 26, ""conf"": 0.3511740374886989, ""acc"": 0.0}, {""lo"": 0.4, ""hi"": 0.5, ""n"": 31, ""conf"": 0.44357780602874697, ""acc"": 0.06451612903225806}, {""lo"": 0.5, ""hi"": 0.6000000000000001, ""n"": 31, ""conf"": 0.5548447361009334, ""acc"": 0.12903225806451613}, {""lo"": 0.6000000000000001, ""hi"": 0.7000000000000001, ""n"": 26, ""conf"": 0.6425640028195788, ""acc"": 0.34615384615384615}, {""lo"": 0.7000000000000001, ""hi"": 0.8, ""n"": 36, ""conf"": 0.7524946781607665, ""acc"": 0.25}, {""lo"": 0.8, ""hi"": 0.9, ""n"": 109, ""conf"": 0.8717532988245423, ""acc"": 0.5229357798165137}, {""lo"": 0.9, ""hi"": 1.0, ""n"": 0, ""conf"": null, ""acc"": null}]",,0.13
real,crisismmd,0.300,0.40,2,default,271,82,0.3025830258302583,0.6031100787198348,0.3863684718274224,0.2219899384266064,0.09512193677481616,0.3492063492063492,0.8048780487804879,0.41379310344827586,0.2926829268292683,0.3888888888888889,0.08536585365853659,"[{""lo"": 0.0, ""hi"": 0.1, ""n"": 0, ""conf"": null, ""acc"": null}, {""lo"": 0.1, ""hi"": 0.2, ""n"": 0, ""conf"": null, ""acc"": null}, {""lo"": 0.2, ""hi"": 0.30000000000000004, ""n"": 82, ""conf"": 0.2689939875355551, ""acc"": 0.1951219512195122}, {""lo"": 0.30000000000000004, ""hi"": 0.4, ""n"": 95, ""conf"": 0.34067822108989876, ""acc"": 0.3368421052631579}, {""lo"": 0.4, ""hi"": 0.5, ""n"": 36, ""conf"": 0.4487207735059085, ""acc"": 0.2777777777777778}, {""lo"": 0.5, ""hi"": 0.6000000000000001, ""n"": 28, ""conf"": 0.5431234215816441, ""acc"": 0.35714285714285715}, {""lo"": 0.6000000000000001, ""hi"": 0.7000000000000001, ""n"": 12, ""conf"": 0.6468947283327258, ""acc"": 0.5833333333333334}, {""lo"": 0.7000000000000001, ""hi"": 0.8, ""n"": 10, ""conf"": 0.744679311742488, ""acc"": 0.3}, {""lo"": 0.8, ""hi"": 0.9, ""n"": 8, ""conf"": 0.8481466720753683, ""acc"": 0.5}, {""lo"": 0.9, ""hi"": 1.0, ""n"": 0, ""conf"": null, ""acc"": null}]",,0.2
real,crisismmd,0.400,0.00,0,rank16,800,318,0.3975,0.7303296015031708,0.5858007892588903,0.2705233593371362,0.2617083900404181,0.41222366710013003,0.9968553459119497,0.4879725085910653,0.8930817610062893,0.5691906005221932,0.6855345911949685,"[{""lo"": 0.0, ""hi"": 0.1, ""n"": 0, ""conf"": null, ""acc"": null}, {""lo"": 0.1, ""hi"": 0.2, ""n"": 0, ""conf"": null, ""acc"": null}, {""lo"": 0.2, ""hi"": 0.30000000000000004, ""n"": 31, ""conf"": 0.2801545308648083, ""acc"": 0.03225806451612903}, {""lo"": 0.30000000000000004, ""hi"": 0.4, ""n"": 79, ""conf"": 0.3502473912303871, ""acc"": 0.11392405063291139}, {""lo"": 0.4, ""hi"": 0.5, ""n"": 108, ""conf"": 0.45536716030815827, ""acc"": 0.2222222222222222}, {""lo"": 0.5, ""hi"": 0.6000000000000001, ""n"": 88, ""conf"": 0.551595148722649, ""acc"": 0.25}, {""lo"": 0.6000000000000001, ""hi"": 0.7000000000000001, ""n"": 111, ""conf"": 0.6429425359222135, ""acc"": 0.3963963963963964}, {""lo"": 0.7000000000000001, ""hi"": 0.8, ""n"": 102, ""conf"": 0.7502179657114627, ""acc"": 0.46078431372549017}, {""lo"": 0.8, ""hi"": 0.9, ""n"": 280, ""conf"": 0.8725124902774849, ""acc"": 0.6071428571428571}, {""lo"": 0.9, ""hi"": 1.0, ""n"": 1, ""conf"": 0.9000000001800533, ""acc"": 1.0}]",,0.3
real,crisismmd,0.400,0.00,1,rank16,800,281,0.35125,0.7522679118754242,0.6158465614223394,0.284130030500739,0.30391352539177574,0.36578947368421055,0.9893238434163701,0.43847487001733104,0.900355871886121,0.5255102040816326,0.7330960854092526,"[{""lo"": 0.0, ""hi"": 0.1, ""n"": 0, ""conf"": null, ""acc"": null}, {""lo"": 0.1, ""hi"": 0.2, ""n"": 0, ""conf"": null, ""acc"": null}, {""lo"": 0.2, ""hi"": 0.30000000000000004, ""n"": 40, ""conf"": 0.27935035404806874, ""acc"": 0.075}, {""lo"": 0.30000000000000004, ""hi"": 0.4, ""n"": 97, ""conf"": 0.349901515809882, ""acc"": 0.09278350515463918}, {""lo"": 0.4, ""hi"": 0.5, ""n"": 86, ""conf"": 0.44955394196296405, ""acc"": 0.18604651162790697}, {""lo"": 0.5, ""hi"": 0.6000000000000001, ""n"": 86, ""conf"": 0.552768463903638, ""acc"": 0.20930232558139536}, {""lo"": 0.6000000000000001, ""hi"": 0.7000000000000001, ""n"": 99, ""conf"": 0.65119128974903, ""acc"": 0.29292929292929293}, {""lo"": 0.7000000000000001, ""hi"": 0.8, ""n"": 116, ""conf"": 0.7506690655405788, ""acc"": 0.3706896551724138}, {""lo"": 0.8, ""hi"": 0.9, ""n"": 276, ""conf"": 0.8741705903099652, ""acc"": 0.5905797101449275}, {""lo"": 0.9, ""hi"": 1.0, ""n"": 0, ""conf"": null, ""acc"": null}]",,0.34
real,crisismmd,0.400,0.00,2,rank16,800,310,0.3875,0.698400263331139,0.5523252025602788,0.287259390490136,0.27347101752359637,0.3971354166666667,0.9838709677419355,0.45826235093696766,0.867741935483871,0.5392405063291139,0.6870967741935484,"[{""lo"": 0.0, ""hi"": 0.1, ""n"": 0, ""conf"": null, ""acc"": null}, {""lo"": 0.1, ""hi"": 0.2, ""n"": 0, ""conf"": null, ""acc"": null}, {""lo"": 0.2, ""hi"": 0.30000000000000004, ""n"": 32, ""conf"": 0.2782824695858471, ""acc"": 0.15625}, {""lo"": 0.30000000000000004, ""hi"": 0.4, ""n"": 92, ""conf"": 0.35186735468290203, ""acc"": 0.17391304347826086}, {""lo"": 0.4, ""hi"": 0.5, ""n"": 89, ""conf"": 0.4532583636724858, ""acc"": 0.2247191011235955}, {""lo"": 0.5, ""hi"": 0.6000000000000001, ""n"": 88, ""conf"": 0.5498509766828245, ""acc"": 0.20454545454545456}, {""lo"": 0.6000000000000001, ""hi"": 0.7000000000000001, ""n"": 104, ""conf"": 0.6480724300225075, ""acc"": 0.36538461538461536}, {""lo"": 0.7000000000000001, ""hi"": 0.8, ""n"": 111, ""conf"": 0.7476713991414696, ""acc"": 0.42342342342342343}, {""lo"": 0.8, ""hi"": 0.9, ""n"": 283, ""conf"": 0.8744948410571675, ""acc"": 0.5865724381625441}, {""lo"": 0.9, ""hi"": 1.0, ""n"": 1, ""conf"": 0.9000000001409212, ""acc"": 0.0}]",,0.34
real,crisismmd,0.400,0.00,0,default,800,318,0.3975,0.5498903937994206,0.4402208751127442,0.2544146456787608,0.10941527853902494,0.4311377245508982,0.6792452830188679,0.4036144578313253,0.21069182389937108,0.48,0.07547169811320754,"[{""lo"": 0.0, ""hi"": 0.1, ""n"": 0, ""conf"": null, ""acc"": null}, {""lo"": 0.1, ""hi"": 0.2, ""n"": 0, ""conf"": null, ""acc"": null}, {""lo"": 0.2, ""hi"": 0.30000000000000004, ""n"": 299, ""conf"": 0.27025075571676827, ""acc"": 0.3411371237458194}, {""lo"": 0.30000000000000004, ""hi"": 0.4, ""n"": 240, ""conf"": 0.33976983602447486, ""acc"": 0.43333333333333335}, {""lo"": 0.4, ""hi"": 0.5, ""n"": 95, ""conf"": 0.44672311118699304, ""acc"": 0.47368421052631576}, {""lo"": 0.5, ""hi"": 0.6000000000000001, ""n"": 68, ""conf"": 0.5450610734671869, ""acc"": 0.3235294117647059}, {""lo"": 0.6000000000000001, ""hi"": 0.7000000000000001, ""n"": 48, ""conf"": 0.6517190247258174, ""acc"": 0.4375}, {""lo"": 0.7000000000000001, ""hi"": 0.8, ""n"": 26, ""conf"": 0.7422178146476354, ""acc"": 0.46153846153846156}, {""lo"": 0.8, ""hi"": 0.9, ""n"": 24, ""conf"": 0.8615135681552291, ""acc"": 0.5}, {""lo"": 0.9, ""hi"": 1.0, ""n"": 0, ""conf"": null, ""acc"": null}]",,0.82
real,crisismmd,0.400,0.00,1,default,800,281,0.35125,0.5814356927845089,0.4131278005347633,0.23758621493834156,0.05994646881271606,0.3893280632411067,0.701067615658363,0.43209876543209874,0.2491103202846975,0.45454545454545453,0.08896797153024912,"[{""lo"": 0.0, ""hi"": 0.1, ""n"": 0, ""conf"": null, ""acc"": null}, {""lo"": 0.1, ""hi"": 0.2, ""n"": 0, ""conf"": null, ""acc"": null}, {""lo"": 0.2, ""hi"": 0.30000000000000004, ""n"": 294, ""conf"": 0.27062117814850345, ""acc"": 0.2857142857142857}, {""lo"": 0.30000000000000004, ""hi"": 0.4, ""n"": 229, ""conf"": 0.341494707493597, ""acc"": 0.34934497816593885}, {""lo"": 0.4, ""hi"": 0.5, ""n"": 115, ""conf"": 0.4468351339066824, ""acc"": 0.40869565217391307}, {""lo"": 0.5, ""hi"": 0.6000000000000001, ""n"": 63, ""conf"": 0.5466791453649456, ""acc"": 0.42857142857142855}, {""lo"": 0.6000000000000001, ""hi"": 0.7000000000000001, ""n"": 44, ""conf"": 0.6477245477233545, ""acc"": 0.4090909090909091}, {""lo"": 0.7000000000000001, ""hi"": 0.8, ""n"": 26, ""conf"": 0.7401094482486901, ""acc"": 0.46153846153846156}, {""lo"": 0.8, ""hi"": 0.9, ""n"": 29, ""conf"": 0.8673288665625174, ""acc"": 0.4482758620689655}, {""lo"": 0.9, ""hi"": 1.0, ""n"": 0, ""conf"": null, ""acc"": null}]",,0.85
real,crisismmd,0.400,0.40,0,rank16,284,115,0.40492957746478875,0.7258039619243633,0.6011727629683188,0.29331773749739515,0.2976020574406706,0.41818181818181815,1.0,0.48878923766816146,0.9478260869565217,0.543859649122807,0.808695652173913,"[{""lo"": 0.0, ""hi"": 0.1, ""n"": 0, ""conf"": null, ""acc"": null}, {""lo"": 0.1, ""hi"": 0.2, ""n"": 0, ""conf"": null, ""acc"": null}, {""lo"": 0.2, ""hi"": 0.30000000000000004, ""n"": 9, ""conf"": 0.27931330531031534, ""acc"": 0.0}, {""lo"": 0.30000000000000004, ""hi"": 0.4, ""n"": 21, ""conf"": 0.348509412463892, ""acc"": 0.047619047619047616}, {""lo"": 0.4, ""hi"": 0.5, ""n"": 31, ""conf"": 0.4472867810522822, ""acc"": 0.16129032258064516}, {""lo"": 0.5, ""hi"": 0.6000000000000001, ""n"": 22, ""conf"": 0.5510760524998762, ""acc"": 0.2727272727272727}, {""lo"": 0.6000000000000001, ""hi"": 0.7000000000000001, ""n"": 30, ""conf"": 0.6471899083573224, ""acc"": 0.3333333333333333}, {""lo"": 0.7000000000000001, ""hi"": 0.8, ""n"": 46, ""conf"": 0.7487785607085905, ""acc"": 0.4782608695652174}, {""lo"": 0.8, ""hi"": 0.9, ""n"": 124, ""conf"": 0.8769144555868174, ""acc"": 0.5645161290322581}, {""lo"": 0.9, ""hi"": 1.0, ""n"": 1, ""conf"": 0.9000000000823231, ""acc"": 1.0}]",,0.16
real,crisismmd,0.400,0.40,0,default,284,115,0.40492957746478875,0.5622330846411114,0.43631460670443223,0.26039506866168627,0.12650586043901696,0.43915343915343913,0.7217391304347827,0.4025974025974026,0.26956521739130435,0.4,0.08695652173913043,"[{""lo"": 0.0, ""hi"": 0.1, ""n"": 0, ""conf"": null, ""acc"": null}, {""lo"": 0.1, ""hi"": 0.2, ""n"": 0, ""conf"": null, ""acc"": null}, {""lo"": 0.2, ""hi"": 0.30000000000000004, ""n"": 95, ""conf"": 0.2711878067653651, ""acc"": 0.3368421052631579}, {""lo"": 0.30000000000000004, ""hi"": 0.4, ""n"": 74, ""conf"": 0.34241686071222693, ""acc"": 0.40540540540540543}, {""lo"": 0.4, ""hi"": 0.5, ""n"": 38, ""conf"": 0.4472105837016991, ""acc"": 0.5789473684210527}, {""lo"": 0.5, ""hi"": 0.6000000000000001, ""n"": 28, ""conf"": 0.5491504160957662, ""acc"": 0.39285714285714285}, {""lo"": 0.6000000000000001, ""hi"": 0.7000000000000001, ""n"": 24, ""conf"": 0.6510189371208085, ""acc"": 0.4166666666666667}, {""lo"": 0.7000000000000001, ""hi"": 0.8, ""n"": 12, ""conf"": 0.743442919395905, ""acc"": 0.4166666666666667}, {""lo"": 0.8, ""hi"": 0.9, ""n"": 13, ""conf"": 0.853951900494472, ""acc"": 0.38461538461538464}, {""lo"": 0.9, ""hi"": 1.0, ""n"": 0, ""conf"": null, ""acc"": null}]",,0.2
real,crisismmd,0.400,0.00,2,default,800,310,0.3875,0.565009874917709,0.4397016358319403,0.24909476244536538,0.09169697200627007,0.4386694386694387,0.6806451612903226,0.422360248447205,0.21935483870967742,0.40425531914893614,0.06129032258064516,"[{""lo"": 0.0, ""hi"": 0.1, ""n"": 0, ""conf"": null, ""acc"": null}, {""lo"": 0.1, ""hi"": 0.2, ""n"": 0, ""conf"": null, ""acc"": null}, {""lo"": 0.2, ""hi"": 0.30000000000000004, ""n"": 319, ""conf"": 0.2732895095584784, ""acc"": 0.3103448275862069}, {""lo"": 0.30000000000000004, ""hi"": 0.4, ""n"": 234, ""conf"": 0.34043761466796096, ""acc"": 0.4444444444444444}, {""lo"": 0.4, ""hi"": 0.5, ""n"": 86, ""conf"": 0.4480179089539134, ""acc"": 0.45348837209302323}, {""lo"": 0.5, ""hi"": 0.6000000000000001, ""n"": 69, ""conf"": 0.5436804495824197, ""acc"": 0.34782608695652173}, {""lo"": 0.6000000000000001, ""hi"": 0.7000000000000001, ""n"": 45, ""conf"": 0.6523556738253659, ""acc"": 0.5555555555555556}, {""lo"": 0.7000000000000001, ""hi"": 0.8, ""n"": 24, ""conf"": 0.749371491043964, ""acc"": 0.3333333333333333}, {""lo"": 0.8, ""hi"": 0.9, ""n"": 23, ""conf"": 0.8640870012228925, ""acc"": 0.4782608695652174}, {""lo"": 0.9, ""hi"": 1.0, ""n"": 0, ""conf"": null, ""acc"": null}]",,0.8
real,crisismmd,0.400,0.40,1,rank16,274,97,0.354014598540146,0.7569456578717455,0.6810883301630865,0.3113643870739181,0.3348472988066846,0.36259541984732824,0.979381443298969,0.413953488372093,0.9175257731958762,0.4838709677419355,0.7731958762886598,"[{""lo"": 0.0, ""hi"": 0.1, ""n"": 0, ""conf"": null, ""acc"": null}, {""lo"": 0.1, ""hi"": 0.2, ""n"": 0, ""conf"": null, ""acc"": null}, {""lo"": 0.2, ""hi"": 0.30000000000000004, ""n"": 12, ""conf"": 0.281228134382064, ""acc"": 0.16666666666666666}, {""lo"": 0.30000000000000004, ""hi"": 0.4, ""n"": 24, ""conf"": 0.35039221929073744, ""acc"": 0.125}, {""lo"": 0.4, ""hi"": 0.5, ""n"": 23, ""conf"": 0.45328925226840094, ""acc"": 0.13043478260869565}, {""lo"": 0.5, ""hi"": 0.6000000000000001, ""n"": 33, ""conf"": 0.5463985763811365, ""acc"": 0.24242424242424243}, {""lo"": 0.6000000000000001, ""hi"": 0.7000000000000001, ""n"": 27, ""conf"": 0.6477415918563493, ""acc"": 0.2222222222222222}, {""lo"": 0.7000000000000001, ""hi"": 0.8, ""n"": 38, ""conf"": 0.7496854966120889, ""acc"": 0.23684210526315788}, {""lo"": 0.8, ""hi"": 0.9, ""n"": 117, ""conf"": 0.876325908746475, ""acc"": 0.5641025641025641}, {""lo"": 0.9, ""hi"": 1.0, ""n"": 0, ""conf"": null, ""acc"": null}]",,0.14
real,crisismmd,0.400,0.40,1,default,274,97,0.354014598540146,0.5971809656939834,0.45839551823830493,0.23969853233869676,0.11267282637512402,0.38285714285714284,0.6907216494845361,0.4666666666666667,0.36082474226804123,0.5142857142857142,0.18556701030927836,"[{""lo"": 0.0, ""hi"": 0.1, ""n"": 0, ""conf"": null, ""acc"": null}, {""lo"": 0.1, ""hi"": 0.2, ""n"": 0, ""conf"": null, ""acc"": null}, {""lo"": 0.2, ""hi"": 0.30000000000000004, ""n"": 99, ""conf"": 0.2727010344541346, ""acc"": 0.30303030303030304}, {""lo"": 0.30000000000000004, ""hi"": 0.4, ""n"": 75, ""conf"": 0.33932200775288723, ""acc"": 0.24}, {""lo"": 0.4, ""hi"": 0.5, ""n"": 25, ""conf"": 0.4416141182491548, ""acc"": 0.56}, {""lo"": 0.5, ""hi"": 0.6000000000000001, ""n"": 18, ""conf"": 0.5458495702051647, ""acc"": 0.4444444444444444}, {""lo"": 0.6000000000000001, ""hi"": 0.7000000000000001, ""n"": 22, ""conf"": 0.6404829167146852, ""acc"": 0.4090909090909091}, {""lo"": 0.7000000000000001, ""hi"": 0.8, ""n"": 14, ""conf"": 0.7398187100824837, ""acc"": 0.6428571428571429}, {""lo"": 0.8, ""hi"": 0.9, ""n"": 21, ""conf"": 0.8660752780921345, ""acc"": 0.42857142857142855}, {""lo"": 0.9, ""hi"": 1.0, ""n"": 0, ""conf"": null, ""acc"": null}]",,0.19
real,crisismmd,0.400,0.40,2,default,271,103,0.3800738007380074,0.5925797503467406,0.45776229785656364,0.23890619537436233,0.0680195425799211,0.42245989304812837,0.7669902912621359,0.515625,0.32038834951456313,0.4117647058823529,0.06796116504854369,"[{""lo"": 0.0, ""hi"": 0.1, ""n"": 0, ""conf"": null, ""acc"": null}, {""lo"": 0.1, ""hi"": 0.2, ""n"": 0, ""conf"": null, ""acc"": null}, {""lo"": 0.2, ""hi"": 0.30000000000000004, ""n"": 84, ""conf"": 0.27233828921900544, ""acc"": 0.2857142857142857}, {""lo"": 0.30000000000000004, ""hi"": 0.4, ""n"": 86, ""conf"": 0.34253284436054904, ""acc"": 0.3953488372093023}, {""lo"": 0.4, ""hi"": 0.5, ""n"": 37, ""conf"": 0.4402041642306238, ""acc"": 0.32432432432432434}, {""lo"": 0.5, ""hi"": 0.6000000000000001, ""n"": 24, ""conf"": 0.5472575681167287, ""acc"": 0.5}, {""lo"": 0.6000000000000001, ""hi"": 0.7000000000000001, ""n"": 23, ""conf"": 0.6452049656474933, ""acc"": 0.6086956521739131}, {""lo"": 0.7000000000000001, ""hi"": 0.8, ""n"": 11, ""conf"": 0.7514400558867697, ""acc"": 0.45454545454545453}, {""lo"": 0.8, ""hi"": 0.9, ""n"": 6, ""conf"": 0.873374402096819, ""acc"": 0.3333333333333333}, {""lo"": 0.9, ""hi"": 1.0, ""n"": 0, ""conf"": null, ""acc"": null}]",,0.21
real,crisismmd,0.400,0.40,2,rank16,271,103,0.3800738007380074,0.7465325936199723,0.5872324169417896,0.29759042198294433,0.31568339210459007,0.38636363636363635,0.9902912621359223,0.45754716981132076,0.941747572815534,0.5364238410596026,0.7864077669902912,"[{""lo"": 0.0, ""hi"": 0.1, ""n"": 0, ""conf"": null, ""acc"": null}, {""lo"": 0.1, ""hi"": 0.2, ""n"": 0, ""conf"": null, ""acc"": null}, {""lo"": 0.2, ""hi"": 0.30000000000000004, ""n"": 7, ""conf"": 0.2706649763536769, ""acc"": 0.14285714285714285}, {""lo"": 0.30000000000000004, ""hi"": 0.4, ""n"": 24, ""conf"": 0.3563809596526923, ""acc"": 0.041666666666666664}, {""lo"": 0.4, ""hi"": 0.5, ""n"": 28, ""conf"": 0.4610928705658166, ""acc"": 0.14285714285714285}, {""lo"": 0.5, ""hi"": 0.6000000000000001, ""n"": 20, ""conf"": 0.5461641316817241, ""acc"": 0.2}, {""lo"": 0.6000000000000001, ""hi"": 0.7000000000000001, ""n"": 41, ""conf"": 0.6476943688969529, ""acc"": 0.2926829268292683}, {""lo"": 0.7000000000000001, ""hi"": 0.8, ""n"": 42, ""conf"": 0.7607626965197147, ""acc"": 0.38095238095238093}, {""lo"": 0.8, ""hi"": 0.9, ""n"": 109, ""conf"": 0.878541431248836, ""acc"": 0.5963302752293578}, {""lo"": 0.9, ""hi"": 1.0, ""n"": 0, ""conf"": null, ""acc"": null}]",,0.15
real,fakeddit,0.100,0.00,0,rank16,1143,121,0.10586176727909011,0.7542899192961459,0.2568255232497494,0.36211083206111716,0.5075580830421377,0.1125703564727955,0.9917355371900827,0.14986737400530503,0.9338842975206612,0.19555555555555557,0.7272727272727273,"[{""lo"": 0.0, ""hi"": 0.1, ""n"": 0, ""conf"": null, ""acc"": null}, {""lo"": 0.1, ""hi"": 0.2, ""n"": 0, ""conf"": null, ""acc"": null}, {""lo"": 0.2, ""hi"": 0.30000000000000004, ""n"": 77, ""conf"": 0.27755077557839447, ""acc"": 0.012987012987012988}, {""lo"": 0.30000000000000004, ""hi"": 0.4, ""n"": 180, ""conf"": 0.3457278337894125, ""acc"": 0.022222222222222223}, {""lo"": 0.4, ""hi"": 0.5, ""n"": 132, ""conf"": 0.44314462361458756, ""acc"": 0.022727272727272728}, {""lo"": 0.5, ""hi"": 0.6000000000000001, ""n"": 143, ""conf"": 0.55577457590632, ""acc"": 0.06993006993006994}, {""lo"": 0.6000000000000001, ""hi"": 0.7000000000000001, ""n"": 161, ""conf"": 0.653059272474099, ""acc"": 0.09316770186335403}, {""lo"": 0.7000000000000001, ""hi"": 0.8, ""n"": 152, ""conf"": 0.7499851469023442, ""acc"": 0.11842105263157894}, {""lo"": 0.8, ""hi"": 0.9, ""n"": 296, ""conf"": 0.873734220426123, ""acc"": 0.23310810810810811}, {""lo"": 0.9, ""hi"": 1.0, ""n"": 2, ""conf"": 0.9000000000923705, ""acc"": 0.5}]",,0.56
real,fakeddit,0.100,0.00,1,rank16,1143,109,0.09536307961504811,0.7406171809841534,0.22688076539752222,0.3667323095711303,0.5150272391557563,0.10207939508506617,0.9908256880733946,0.13379310344827586,0.8899082568807339,0.17488789237668162,0.7155963302752294,"[{""lo"": 0.0, ""hi"": 0.1, ""n"": 0, ""conf"": null, ""acc"": null}, {""lo"": 0.1, ""hi"": 0.2, ""n"": 0, ""conf"": null, ""acc"": null}, {""lo"": 0.2, ""hi"": 0.30000000000000004, ""n"": 85, ""conf"": 0.2777587601857964, ""acc"": 0.011764705882352941}, {""lo"": 0.30000000000000004, ""hi"": 0.4, ""n"": 178, ""conf"": 0.3501625888742704, ""acc"": 0.016853932584269662}, {""lo"": 0.4, ""hi"": 0.5, ""n"": 155, ""conf"": 0.45290325990216074, ""acc"": 0.05161290322580645}, {""lo"": 0.5, ""hi"": 0.6000000000000001, ""n"": 121, ""conf"": 0.5499393975460796, ""acc"": 0.09917355371900827}, {""lo"": 0.6000000000000001, ""hi"": 0.7000000000000001, ""n"": 158, ""conf"": 0.6492072650088232, ""acc"": 0.04430379746835443}, {""lo"": 0.7000000000000001, ""hi"": 0.8, ""n"": 133, ""conf"": 0.7504829562832867, ""acc"": 0.07518796992481203}, {""lo"": 0.8, ""hi"": 0.9, ""n"": 313, ""conf"": 0.8709458321873318, ""acc"": 0.21725239616613418}, {""lo"": 0.9, ""hi"": 1.0, ""n"": 0, ""conf"": null, ""acc"": null}]",,0.69
real,fakeddit,0.100,0.00,2,rank16,1143,116,0.10148731408573929,0.7236678642178423,0.24494343946748526,0.35966589534539856,0.5032322780707229,0.10859301227573183,0.9913793103448276,0.1388888888888889,0.8620689655172413,0.18993135011441648,0.7155172413793104,"[{""lo"": 0.0, ""hi"": 0.1, ""n"": 0, ""conf"": null, ""acc"": null}, {""lo"": 0.1, ""hi"": 0.2, ""n"": 0, ""conf"": null, ""acc"": null}, {""lo"": 0.2, ""hi"": 0.30000000000000004, ""n"": 84, ""conf"": 0.2794219673827228, ""acc"": 0.011904761904761904}, {""lo"": 0.30000000000000004, ""hi"": 0.4, ""n"": 190, ""conf"": 0.34939680191359357, ""acc"": 0.031578947368421054}, {""lo"": 0.4, ""hi"": 0.5, ""n"": 149, ""conf"": 0.45208392455888874, ""acc"": 0.06040268456375839}, {""lo"": 0.5, ""hi"": 0.6000000000000001, ""n"": 147, ""conf"": 0.548201877818487, ""acc"": 0.06802721088435375}, {""lo"": 0.6000000000000001, ""hi"": 0.7000000000000001, ""n"": 136, ""conf"": 0.6523451773397865, ""acc"": 0.051470588235294115}, {""lo"": 0.7000000000000001, ""hi"": 0.8, ""n"": 138, ""conf"": 0.7493976149607593, ""acc"": 0.13768115942028986}, {""lo"": 0.8, ""hi"": 0.9, ""n"": 299, ""conf"": 0.8737647506010604, ""acc"": 0.2140468227424749}, {""lo"": 0.9, ""hi"": 1.0, ""n"": 0, ""conf"": null, ""acc"": null}]",,0.55
real,fakeddit,0.100,0.40,0,default,403,42,0.10421836228287841,0.5954359583168447,0.14456112593303816,0.17455667299460118,0.26851402053824003,0.12109375,0.7380952380952381,0.14754098360655737,0.21428571428571427,0.09090909090909091,0.023809523809523808,"[{""lo"": 0.0, ""hi"": 0.1, ""n"": 0, ""conf"": null, ""acc"": null}, {""lo"": 0.1, ""hi"": 0.2, ""n"": 0, ""conf"": null, ""acc"": null}, {""lo"": 0.2, ""hi"": 0.30000000000000004, ""n"": 147, ""conf"": 0.27341590626790496, ""acc"": 0.07482993197278912}, {""lo"": 0.30000000000000004, ""hi"": 0.4, ""n"": 146, ""conf"": 0.34129570275505017, ""acc"": 0.0958904109589041}, {""lo"": 0.4, ""hi"": 0.5, ""n"": 49, ""conf"": 0.45025197530371885, ""acc"": 0.16326530612244897}, {""lo"": 0.5, ""hi"": 0.6000000000000001, ""n"": 31, ""conf"": 0.5534920927735577, ""acc"": 0.12903225806451613}, {""lo"": 0.6000000000000001, ""hi"": 0.7000000000000001, ""n"": 19, ""conf"": 0.6492102597614247, ""acc"": 0.21052631578947367}, {""lo"": 0.7000000000000001, ""hi"": 0.8, ""n"": 7, ""conf"": 0.7377341102566353, ""acc"": 0.0}, {""lo"": 0.8, ""hi"": 0.9, ""n"": 4, ""conf"": 0.8675260200413393, ""acc"": 0.25}, {""lo"": 0.9, ""hi"": 1.0, ""n"": 0, ""conf"": null, ""acc"": null}]",,0.41
real,fakeddit,0.100,0.40,0,rank16,403,42,0.10421836228287841,0.716132436354043,0.23303259575707846,0.3988883782746857,0.5380890644368916,0.109375,1.0,0.13523131672597866,0.9047619047619048,0.17486338797814208,0.7619047619047619,"[{""lo"": 0.0, ""hi"": 0.1, ""n"": 0, ""conf"": null, ""acc"": null}, {""lo"": 0.1, ""hi"": 0.2, ""n"": 0, ""conf"": null, ""acc"": null}, {""lo"": 0.2, ""hi"": 0.30000000000000004, ""n"": 19, ""conf"": 0.2776828436349708, ""acc"": 0.0}, {""lo"": 0.30000000000000004, ""hi"": 0.4, ""n"": 48, ""conf"": 0.35202138447364034, ""acc"": 0.041666666666666664}, {""lo"": 0.4, ""hi"": 0.5, ""n"": 55, ""conf"": 0.4473742844315219, ""acc"": 0.03636363636363636}, {""lo"": 0.5, ""hi"": 0.6000000000000001, ""n"": 56, ""conf"": 0.5509211994989371, ""acc"": 0.08928571428571429}, {""lo"": 0.6000000000000001, ""hi"": 0.7000000000000001, ""n"": 42, ""conf"": 0.6552692920658318, ""acc"": 0.023809523809523808}, {""lo"": 0.7000000000000001, ""hi"": 0.8, ""n"": 48, ""conf"": 0.7441343305956484, ""acc"": 0.14583333333333334}, {""lo"": 0.8, ""hi"": 0.9, ""n"": 135, ""conf"": 0.8739256409869474, ""acc"": 0.18518518518518517}, {""lo"": 0.9, ""hi"": 1.0, ""n"": 0, ""conf"": null, ""acc"": null}]",,0.21
real,fakeddit,0.100,0.40,1,default,403,37,0.09181141439205956,0.6688081524147097,0.17095999079452875,0.17415541671369242,0.29107784395572023,0.12601626016260162,0.8378378378378378,0.16901408450704225,0.32432432432432434,0.2727272727272727,0.16216216216216217,"[{""lo"": 0.0, ""hi"": 0.1, ""n"": 0, ""conf"": null, ""acc"": null}, {""lo"": 0.1, ""hi"": 0.2, ""n"": 0, ""conf"": null, ""acc"": null}, {""lo"": 0.2, ""hi"": 0.30000000000000004, ""n"": 157, ""conf"": 0.2733037822904419, ""acc"": 0.03821656050955414}, {""lo"": 0.30000000000000004, ""hi"": 0.4, ""n"": 120, ""conf"": 0.3443673636143571, ""acc"": 0.1}, {""lo"": 0.4, ""hi"": 0.5, ""n"": 55, ""conf"": 0.45053853933172894, ""acc"": 0.12727272727272726}, {""lo"": 0.5, ""hi"": 0.6000000000000001, ""n"": 38, ""conf"": 0.543625108965828, ""acc"": 0.10526315789473684}, {""lo"": 0.6000000000000001, ""hi"": 0.7000000000000001, ""n"": 11, ""conf"": 0.654355449909815, ""acc"": 0.18181818181818182}, {""lo"": 0.7000000000000001, ""hi"": 0.8, ""n"": 14, ""conf"": 0.750328119157427, ""acc"": 0.35714285714285715}, {""lo"": 0.8, ""hi"": 0.9, ""n"": 8, ""conf"": 0.8664645299593171, ""acc"": 0.125}, {""lo"": 0.9, ""hi"": 1.0, ""n"": 0, ""conf"": null, ""acc"": null}]",,0.39
real,fakeddit,0.100,0.00,0,default,1143,121,0.10586176727909011,0.6485419934984069,0.18753440991463216,0.17183532349552325,0.2663155867512869,0.1346749226006192,0.71900826446281,0.2215909090909091,0.32231404958677684,0.23333333333333334,0.11570247933884298,"[{""lo"": 0.0, ""hi"": 0.1, ""n"": 0, ""conf"": null, ""acc"": null}, {""lo"": 0.1, ""hi"": 0.2, ""n"": 0, ""conf"": null, ""acc"": null}, {""lo"": 0.2, ""hi"": 0.30000000000000004, ""n"": 497, ""conf"": 0.27104198743561786, ""acc"": 0.06841046277665996}, {""lo"": 0.30000000000000004, ""hi"": 0.4, ""n"": 340, ""conf"": 0.34216349545703434, ""acc"": 0.09411764705882353}, {""lo"": 0.4, ""hi"": 0.5, ""n"": 130, ""conf"": 0.44801560884186176, ""acc"": 0.12307692307692308}, {""lo"": 0.5, ""hi"": 0.6000000000000001, ""n"": 76, ""conf"": 0.5448309092004155, ""acc"": 0.25}, {""lo"": 0.6000000000000001, ""hi"": 0.7000000000000001, ""n"": 40, ""conf"": 0.6421303780469488, ""acc"": 0.15}, {""lo"": 0.7000000000000001, ""hi"": 0.8, ""n"": 24, ""conf"": 0.7519218773826144, ""acc"": 0.20833333333333334}, {""lo"": 0.8, ""hi"": 0.9, ""n"": 36, ""conf"": 0.8604094727248024, ""acc"": 0.25}, {""lo"": 0.9, ""hi"": 1.0, ""n"": 0, ""conf"": null, ""acc"": null}]",,2.47
real,fakeddit,0.100,0.40,1,rank16,403,37,0.09181141439205956,0.7108994240141782,0.1977715388441834,0.4006430762738688,0.5470720101967472,0.09283819628647215,0.9459459459459459,0.11228070175438597,0.8648648648648649,0.16477272727272727,0.7837837837837838,"[{""lo"": 0.0, ""hi"": 0.1, ""n"": 0, ""conf"": null, ""acc"": null}, {""lo"": 0.1, ""hi"": 0.2, ""n"": 0, ""conf"": null, ""acc"": null}, {""lo"": 0.2, ""hi"": 0.30000000000000004, ""n"": 26, ""conf"": 0.28019785851250023, ""acc"": 0.07692307692307693}, {""lo"": 0.30000000000000004, ""hi"": 0.4, ""n"": 43, ""conf"": 0.3511807313298083, ""acc"": 0.023255813953488372}, {""lo"": 0.4, ""hi"": 0.5, ""n"": 49, ""conf"": 0.4524413990517307, ""acc"": 0.04081632653061224}, {""lo"": 0.5, ""hi"": 0.6000000000000001, ""n"": 46, ""conf"": 0.5555474030132351, ""acc"": 0.021739130434782608}, {""lo"": 0.6000000000000001, ""hi"": 0.7000000000000001, ""n"": 63, ""conf"": 0.6506636882075784, ""acc"": 0.031746031746031744}, {""lo"": 0.7000000000000001, ""hi"": 0.8, ""n"": 57, ""conf"": 0.7517681988172223, ""acc"": 0.12280701754385964}, {""lo"": 0.8, ""hi"": 0.9, ""n"": 119, ""conf"": 0.8698881979746188, ""acc"": 0.18487394957983194}, {""lo"": 0.9, ""hi"": 1.0, ""n"": 0, ""conf"": null, ""acc"": null}]",,0.24
real,fakeddit,0.100,0.00,1,default,1143,109,0.09536307961504811,0.6020265114545809,0.15785470244304348,0.17197669217952738,0.2726479486799669,0.11624203821656051,0.6697247706422018,0.16770186335403728,0.24770642201834864,0.20634920634920634,0.11926605504587157,"[{""lo"": 0.0, ""hi"": 0.1, ""n"": 0, ""conf"": null, ""acc"": null}, {""lo"": 0.1, ""hi"": 0.2, ""n"": 0, ""conf"": null, ""acc"": null}, {""lo"": 0.2, ""hi"": 0.30000000000000004, ""n"": 515, ""conf"": 0.2721677495357895, ""acc"": 0.06990291262135923}, {""lo"": 0.30000000000000004, ""hi"": 0.4, ""n"": 349, ""conf"": 0.3400734446368674, ""acc"": 0.09455587392550144}, {""lo"": 0.4, ""hi"": 0.5, ""n"": 118, ""conf"": 0.4431918032896621, ""acc"": 0.11016949152542373}, {""lo"": 0.5, ""hi"": 0.6000000000000001, ""n"": 57, ""conf"": 0.5508472744919678, ""acc"": 0.14035087719298245}, {""lo"": 0.6000000000000001, ""hi"": 0.7000000000000001, ""n"": 41, ""conf"": 0.641981622314991, ""acc"": 0.14634146341463414}, {""lo"": 0.7000000000000001, ""hi"": 0.8, ""n"": 28, ""conf"": 0.7478870759366772, ""acc"": 0.2857142857142857}, {""lo"": 0.8, ""hi"": 0.9, ""n"": 35, ""conf"": 0.8807877164754284, ""acc"": 0.14285714285714285}, {""lo"": 0.9, ""hi"": 1.0, ""n"": 0, ""conf"": null, ""acc"": null}]",,2.6
real,fakeddit,0.100,0.40,2,default,405,41,0.10123456790123457,0.5607745912623961,0.12476038896783345,0.17982857142808997,0.2751496172390595,0.10588235294117647,0.6585365853658537,0.11475409836065574,0.17073170731707318,0.17647058823529413,0.07317073170731707,"[{""lo"": 0.0, ""hi"": 0.1, ""n"": 0, ""conf"": null, ""acc"": null}, {""lo"": 0.1, ""hi"": 0.2, ""n"": 0, ""conf"": null, ""acc"": null}, {""lo"": 0.2, ""hi"": 0.30000000000000004, ""n"": 150, ""conf"": 0.2728440521622204, ""acc"": 0.09333333333333334}, {""lo"": 0.30000000000000004, ""hi"": 0.4, ""n"": 124, ""conf"": 0.3392885924274545, ""acc"": 0.08064516129032258}, {""lo"": 0.4, ""hi"": 0.5, ""n"": 70, ""conf"": 0.44410154599524515, ""acc"": 0.14285714285714285}, {""lo"": 0.5, ""hi"": 0.6000000000000001, ""n"": 29, ""conf"": 0.5367877382475595, ""acc"": 0.06896551724137931}, {""lo"": 0.6000000000000001, ""hi"": 0.7000000000000001, ""n"": 15, ""conf"": 0.631038500050111, ""acc"": 0.13333333333333333}, {""lo"": 0.7000000000000001, ""hi"": 0.8, ""n"": 11, ""conf"": 0.7370515074374818, ""acc"": 0.2727272727272727}, {""lo"": 0.8, ""hi"": 0.9, ""n"": 6, ""conf"": 0.86835083084522, ""acc"": 0.0}, {""lo"": 0.9, ""hi"": 1.0, ""n"": 0, ""conf"": null, ""acc"": null}]",,0.34
real,fakeddit,0.100,0.40,2,rank16,405,41,0.10123456790123457,0.7630662020905923,0.21704663038662714,0.39175098927643703,0.541690554633782,0.10512820512820513,1.0,0.13402061855670103,0.9512195121951219,0.1875,0.8048780487804879,"[{""lo"": 0.0, ""hi"": 0.1, ""n"": 0, ""conf"": null, ""acc"": null}, {""lo"": 0.1, ""hi"": 0.2, ""n"": 0, ""conf"": null, ""acc"": null}, {""lo"": 0.2, ""hi"": 0.30000000000000004, ""n"": 15, ""conf"": 0.28054101229417727, ""acc"": 0.0}, {""lo"": 0.30000000000000004, ""hi"": 0.4, ""n"": 48, ""conf"": 0.3468001348144951, ""acc"": 0.0}, {""lo"": 0.4, ""hi"": 0.5, ""n"": 51, ""conf"": 0.44537919879233995, ""acc"": 0.0392156862745098}, {""lo"": 0.5, ""hi"": 0.6000000000000001, ""n"": 62, ""conf"": 0.551126534030496, ""acc"": 0.04838709677419355}, {""lo"": 0.6000000000000001, ""hi"": 0.7000000000000001, ""n"": 53, ""conf"": 0.6539250578608103, ""acc"": 0.05660377358490566}, {""lo"": 0.7000000000000001, ""hi"": 0.8, ""n"": 45, ""conf"": 0.7422327391975932, ""acc"": 0.044444444444444446}, {""lo"": 0.8, ""hi"": 0.9, ""n"": 130, ""conf"": 0.8745189799406216, ""acc"": 0.23846153846153847}, {""lo"": 0.9, ""hi"": 1.0, ""n"": 1, ""conf"": 0.9000000000777691, ""acc"": 0.0}]",,0.24
real,fakeddit,0.100,0.00,2,default,1143,116,0.10148731408573929,0.5806584293053085,0.12770858821009234,0.17643323792911733,0.26594959898328163,0.12380952380952381,0.6724137931034483,0.13068181818181818,0.19827586206896552,0.12280701754385964,0.0603448275862069,"[{""lo"": 0.0, ""hi"": 0.1, ""n"": 0, ""conf"": null, ""acc"": null}, {""lo"": 0.1, ""hi"": 0.2, ""n"": 0, ""conf"": null, ""acc"": null}, {""lo"": 0.2, ""hi"": 0.30000000000000004, ""n"": 513, ""conf"": 0.27123752774559445, ""acc"": 0.07407407407407407}, {""lo"": 0.30000000000000004, ""hi"": 0.4, ""n"": 337, ""conf"": 0.33916788039428447, ""acc"": 0.12759643916913946}, {""lo"": 0.4, ""hi"": 0.5, ""n"": 117, ""conf"": 0.4376070102190377, ""acc"": 0.10256410256410256}, {""lo"": 0.5, ""hi"": 0.6000000000000001, ""n"": 63, ""conf"": 0.5456645118730369, ""acc"": 0.12698412698412698}, {""lo"": 0.6000000000000001, ""hi"": 0.7000000000000001, ""n"": 56, ""conf"": 0.6484606888719439, ""acc"": 0.14285714285714285}, {""lo"": 0.7000000000000001, ""hi"": 0.8, ""n"": 36, ""conf"": 0.7358983684997543, ""acc"": 0.1111111111111111}, {""lo"": 0.8, ""hi"": 0.9, ""n"": 21, ""conf"": 0.864425710718016, ""acc"": 0.14285714285714285}, {""lo"": 0.9, ""hi"": 1.0, ""n"": 0, ""conf"": null, ""acc"": null}]",,2.56
real,fakeddit,0.200,0.00,0,rank16,1143,234,0.2047244094488189,0.7001118915310335,0.3682289886675053,0.3419492848465523,0.42608240746724574,0.2158139534883721,0.9914529914529915,0.2518891687657431,0.8547008547008547,0.3118712273641851,0.6623931623931624,"[{""lo"": 0.0, ""hi"": 0.1, ""n"": 0, ""conf"": null, ""acc"": null}, {""lo"": 0.1, ""hi"": 0.2, ""n"": 0, ""conf"": null, ""acc"": null}, {""lo"": 0.2, ""hi"": 0.30000000000000004, ""n"": 68, ""conf"": 0.2790197581339754, ""acc"": 0.029411764705882353}, {""lo"": 0.30000000000000004, ""hi"": 0.4, ""n"": 149, ""conf"": 0.3490630155650094, ""acc"": 0.087248322147651}, {""lo"": 0.4, ""hi"": 0.5, ""n"": 132, ""conf"": 0.4503158708632041, ""acc"": 0.14393939393939395}, {""lo"": 0.5, ""hi"": 0.6000000000000001, ""n"": 157, ""conf"": 0.5498515997737935, ""acc"": 0.12738853503184713}, {""lo"": 0.6000000000000001, ""hi"": 0.7000000000000001, ""n"": 140, ""conf"": 0.6450705384326607, ""acc"": 0.17857142857142858}, {""lo"": 0.7000000000000001, ""hi"": 0.8, ""n"": 162, ""conf"": 0.7513790748694653, ""acc"": 0.20987654320987653}, {""lo"": 0.8, ""hi"": 0.9, ""n"": 335, ""conf"": 0.8723187380146591, ""acc"": 0.3611940298507463}, {""lo"": 0.9, ""hi"": 1.0, ""n"": 0, ""conf"": null, ""acc"": null}]",,0.65
real,fakeddit,0.200,0.00,1,rank16,1143,221,0.19335083114610674,0.7413256642553567,0.3795294247768407,0.33791669072723407,0.4366380206048104,0.204311152764761,0.9864253393665159,0.257516339869281,0.8914027149321267,0.3246492985971944,0.7330316742081447,"[{""lo"": 0.0, ""hi"": 0.1, ""n"": 0, ""conf"": null, ""acc"": null}, {""lo"": 0.1, ""hi"": 0.2, ""n"": 0, ""conf"": null, ""acc"": null}, {""lo"": 0.2, ""hi"": 0.30000000000000004, ""n"": 76, ""conf"": 0.2765748031061773, ""acc"": 0.039473684210526314}, {""lo"": 0.30000000000000004, ""hi"": 0.4, ""n"": 155, ""conf"": 0.34793405280287343, ""acc"": 0.03870967741935484}, {""lo"": 0.4, ""hi"": 0.5, ""n"": 147, ""conf"": 0.4520213774615288, ""acc"": 0.10204081632653061}, {""lo"": 0.5, ""hi"": 0.6000000000000001, ""n"": 120, ""conf"": 0.5504200810637673, ""acc"": 0.125}, {""lo"": 0.6000000000000001, ""hi"": 0.7000000000000001, ""n"": 146, ""conf"": 0.6527994654838133, ""acc"": 0.136986301369863}, {""lo"": 0.7000000000000001, ""hi"": 0.8, ""n"": 152, ""conf"": 0.7522224722065376, ""acc"": 0.19078947368421054}, {""lo"": 0.8, ""hi"": 0.9, ""n"": 347, ""conf"": 0.8731518858220639, ""acc"": 0.38328530259365995}, {""lo"": 0.9, ""hi"": 1.0, ""n"": 0, ""conf"": null, ""acc"": null}]",,0.66
real,fakeddit,0.200,0.00,2,rank16,1143,225,0.1968503937007874,0.7201355603969983,0.3760611026454504,0.33615103027721727,0.4291898939170994,0.2072155411655874,0.9955555555555555,0.2617801047120419,0.8888888888888888,0.3235908141962422,0.6888888888888889,"[{""lo"": 0.0, ""hi"": 0.1, ""n"": 0, ""conf"": null, ""acc"": null}, {""lo"": 0.1, ""hi"": 0.2, ""n"": 0, ""conf"": null, ""acc"": null}, {""lo"": 0.2, ""hi"": 0.30000000000000004, ""n"": 62, ""conf"": 0.28036485000447314, ""acc"": 0.016129032258064516}, {""lo"": 0.30000000000000004, ""hi"": 0.4, ""n"": 178, ""conf"": 0.35058783765779744, ""acc"": 0.06179775280898876}, {""lo"": 0.4, ""hi"": 0.5, ""n"": 139, ""conf"": 0.44955445261721266, ""acc"": 0.09352517985611511}, {""lo"": 0.5, ""hi"": 0.6000000000000001, ""n"": 133, ""conf"": 0.5528273579351451, ""acc"": 0.12781954887218044}, {""lo"": 0.6000000000000001, ""hi"": 0.7000000000000001, ""n"": 152, ""conf"": 0.6535156037722402, ""acc"": 0.18421052631578946}, {""lo"": 0.7000000000000001, ""hi"": 0.8, ""n"": 148, ""conf"": 0.7511341910206188, ""acc"": 0.24324324324324326}, {""lo"": 0.8, ""hi"": 0.9, ""n"": 330, ""conf"": 0.8732134950925288, ""acc"": 0.3575757575757576}, {""lo"": 0.9, ""hi"": 1.0, ""n"": 1, ""conf"": 0.9000000002540378, ""acc"": 1.0}]",,0.59
real,fakeddit,0.200,0.40,0,default,403,82,0.20347394540942929,0.5836182660892031,0.278898837418137,0.19607671712511623,0.17128261739648692,0.23595505617977527,0.7682926829268293,0.27586206896551724,0.1951219512195122,0.25,0.04878048780487805,"[{""lo"": 0.0, ""hi"": 0.1, ""n"": 0, ""conf"": null, ""acc"": null}, {""lo"": 0.1, ""hi"": 0.2, ""n"": 0, ""conf"": null, ""acc"": null}, {""lo"": 0.2, ""hi"": 0.30000000000000004, ""n"": 136, ""conf"": 0.2766169252510788, ""acc"": 0.13970588235294118}, {""lo"": 0.30000000000000004, ""hi"": 0.4, ""n"": 152, ""conf"": 0.3401767794879803, ""acc"": 0.20394736842105263}, {""lo"": 0.4, ""hi"": 0.5, ""n"": 57, ""conf"": 0.43757865358696185, ""acc"": 0.2807017543859649}, {""lo"": 0.5, ""hi"": 0.6000000000000001, ""n"": 27, ""conf"": 0.54415527048653, ""acc"": 0.2962962962962963}, {""lo"": 0.6000000000000001, ""hi"": 0.7000000000000001, ""n"": 15, ""conf"": 0.6303992712992984, ""acc"": 0.26666666666666666}, {""lo"": 0.7000000000000001, ""hi"": 0.8, ""n"": 11, ""conf"": 0.7561476319802289, ""acc"": 0.09090909090909091}, {""lo"": 0.8, ""hi"": 0.9, ""n"": 5, ""conf"": 0.8584667831198736, ""acc"": 0.6}, {""lo"": 0.9, ""hi"": 1.0, ""n"": 0, ""conf"": null, ""acc"": null}]",,0.39
real,fakeddit,0.200,0.40,0,rank16,403,82,0.20347394540942929,0.6973254311982373,0.386593111027477,0.3674386912000113,0.45279515144951604,0.20918367346938777,1.0,0.24315068493150685,0.8658536585365854,0.28421052631578947,0.6585365853658537,"[{""lo"": 0.0, ""hi"": 0.1, ""n"": 0, ""conf"": null, ""acc"": null}, {""lo"": 0.1, ""hi"": 0.2, ""n"": 0, ""conf"": null, ""acc"": null}, {""lo"": 0.2, ""hi"": 0.30000000000000004, ""n"": 11, ""conf"": 0.2733378819577971, ""acc"": 0.0}, {""lo"": 0.30000000000000004, ""hi"": 0.4, ""n"": 51, ""conf"": 0.3507627769460693, ""acc"": 0.09803921568627451}, {""lo"": 0.4, ""hi"": 0.5, ""n"": 49, ""conf"": 0.44960244249112336, ""acc"": 0.12244897959183673}, {""lo"": 0.5, ""hi"": 0.6000000000000001, ""n"": 49, ""conf"": 0.551110398607518, ""acc"": 0.12244897959183673}, {""lo"": 0.6000000000000001, ""hi"": 0.7000000000000001, ""n"": 53, ""conf"": 0.6488567408041788, ""acc"": 0.20754716981132076}, {""lo"": 0.7000000000000001, ""hi"": 0.8, ""n"": 50, ""conf"": 0.7516475404439457, ""acc"": 0.1}, {""lo"": 0.8, ""hi"": 0.9, ""n"": 139, ""conf"": 0.8753533396382296, ""acc"": 0.35251798561151076}, {""lo"": 0.9, ""hi"": 1.0, ""n"": 1, ""conf"": 0.9000000000035714, ""acc"": 0.0}]",,0.3
real,fakeddit,0.200,0.40,1,default,403,79,0.19602977667493796,0.6235349273323957,0.2712950104408355,0.19843698013131306,0.19295263056784945,0.22846441947565543,0.7721518987341772,0.3055555555555556,0.27848101265822783,0.2857142857142857,0.0759493670886076,"[{""lo"": 0.0, ""hi"": 0.1, ""n"": 0, ""conf"": null, ""acc"": null}, {""lo"": 0.1, ""hi"": 0.2, ""n"": 0, ""conf"": null, ""acc"": null}, {""lo"": 0.2, ""hi"": 0.30000000000000004, ""n"": 136, ""conf"": 0.27426471137587227, ""acc"": 0.1323529411764706}, {""lo"": 0.30000000000000004, ""hi"": 0.4, ""n"": 140, ""conf"": 0.34482060262217956, ""acc"": 0.18571428571428572}, {""lo"": 0.4, ""hi"": 0.5, ""n"": 55, ""conf"": 0.44867012476155393, ""acc"": 0.23636363636363636}, {""lo"": 0.5, ""hi"": 0.6000000000000001, ""n"": 33, ""conf"": 0.5540631472617189, ""acc"": 0.3333333333333333}, {""lo"": 0.6000000000000001, ""hi"": 0.7000000000000001, ""n"": 18, ""conf"": 0.6406313556606572, ""acc"": 0.2777777777777778}, {""lo"": 0.7000000000000001, ""hi"": 0.8, ""n"": 13, ""conf"": 0.7553381503024863, ""acc"": 0.23076923076923078}, {""lo"": 0.8, ""hi"": 0.9, ""n"": 8, ""conf"": 0.8591654909091526, ""acc"": 0.375}, {""lo"": 0.9, ""hi"": 1.0, ""n"": 0, ""conf"": null, ""acc"": null}]",,0.29
real,fakeddit,0.200,0.00,0,default,1143,234,0.2047244094488189,0.5878489558357545,0.27205048977944507,0.20018676855265408,0.1727355484810552,0.22998544395924309,0.6752136752136753,0.27461139896373055,0.2264957264957265,0.30158730158730157,0.0811965811965812,"[{""lo"": 0.0, ""hi"": 0.1, ""n"": 0, ""conf"": null, ""acc"": null}, {""lo"": 0.1, ""hi"": 0.2, ""n"": 0, ""conf"": null, ""acc"": null}, {""lo"": 0.2, ""hi"": 0.30000000000000004, ""n"": 456, ""conf"": 0.27087923841753886, ""acc"": 0.16666666666666666}, {""lo"": 0.30000000000000004, ""hi"": 0.4, ""n"": 371, ""conf"": 0.3404986423894587, ""acc"": 0.18867924528301888}, {""lo"": 0.4, ""hi"": 0.5, ""n"": 123, ""conf"": 0.44410439843063365, ""acc"": 0.2845528455284553}, {""lo"": 0.5, ""hi"": 0.6000000000000001, ""n"": 80, ""conf"": 0.5497122237960618, ""acc"": 0.2}, {""lo"": 0.6000000000000001, ""hi"": 0.7000000000000001, ""n"": 50, ""conf"": 0.6476993536155624, ""acc"": 0.36}, {""lo"": 0.7000000000000001, ""hi"": 0.8, ""n"": 30, ""conf"": 0.7426333495002808, ""acc"": 0.3333333333333333}, {""lo"": 0.8, ""hi"": 0.9, ""n"": 33, ""conf"": 0.8583338118945386, ""acc"": 0.2727272727272727}, {""lo"": 0.9, ""hi"": 1.0, ""n"": 0, ""conf"": null, ""acc"": null}]",,2.77
real,fakeddit,0.200,0.00,1,default,1143,221,0.19335083114610674,0.5813547177589541,0.23456963106968104,0.20307711508229428,0.1811965349996126,0.23458646616541354,0.7058823529411765,0.21468926553672316,0.17194570135746606,0.20588235294117646,0.06334841628959276,"[{""lo"": 0.0, ""hi"": 0.1, ""n"": 0, ""conf"": null, ""acc"": null}, {""lo"": 0.1, ""hi"": 0.2, ""n"": 0, ""conf"": null, ""acc"": null}, {""lo"": 0.2, ""hi"": 0.30000000000000004, ""n"": 478, ""conf"": 0.27048798371632915, ""acc"": 0.13598326359832635}, {""lo"": 0.30000000000000004, ""hi"": 0.4, ""n"": 346, ""conf"": 0.34043353559770273, ""acc"": 0.2254335260115607}, {""lo"": 0.4, ""hi"": 0.5, ""n"": 142, ""conf"": 0.44035353249990955, ""acc"": 0.28169014084507044}, {""lo"": 0.5, ""hi"": 0.6000000000000001, ""n"": 76, ""conf"": 0.5449452176798419, ""acc"": 0.23684210526315788}, {""lo"": 0.6000000000000001, ""hi"": 0.7000000000000001, ""n"": 33, ""conf"": 0.6509945678448231, ""acc"": 0.18181818181818182}, {""lo"": 0.7000000000000001, ""hi"": 0.8, ""n"": 29, ""conf"": 0.7569490956525813, ""acc"": 0.13793103448275862}, {""lo"": 0.8, ""hi"": 0.9, ""n"": 39, ""conf"": 0.8626665974330134, ""acc"": 0.2564102564102564}, {""lo"": 0.9, ""hi"": 1.0, ""n"": 0, ""conf"": null, ""acc"": null}]",,2.7
real,fakeddit,0.200,0.40,1,rank16,403,79,0.19602977667493796,0.7151898734177216,0.3935702298600073,0.3715139195878581,0.4654981064585292,0.19845360824742267,0.9746835443037974,0.23841059602649006,0.9113924050632911,0.2894736842105263,0.6962025316455697,"[{""lo"": 0.0, ""hi"": 0.1, ""n"": 0, ""conf"": null, ""acc"": null}, {""lo"": 0.1, ""hi"": 0.2, ""n"": 0, ""conf"": null, ""acc"": null}, {""lo"": 0.2, ""hi"": 0.30000000000000004, ""n"": 15, ""conf"": 0.2793697852615304, ""acc"": 0.13333333333333333}, {""lo"": 0.30000000000000004, ""hi"": 0.4, ""n"": 49, ""conf"": 0.3547028739099322, ""acc"": 0.04081632653061224}, {""lo"": 0.4, ""hi"": 0.5, ""n"": 37, ""conf"": 0.46001216269308315, ""acc"": 0.08108108108108109}, {""lo"": 0.5, ""hi"": 0.6000000000000001, ""n"": 48, ""conf"": 0.5629053180496219, ""acc"": 0.10416666666666667}, {""lo"": 0.6000000000000001, ""hi"": 0.7000000000000001, ""n"": 64, ""conf"": 0.6498449112986615, ""acc"": 0.1875}, {""lo"": 0.7000000000000001, ""hi"": 0.8, ""n"": 53, ""conf"": 0.7436081957991805, ""acc"": 0.16981132075471697}, {""lo"": 0.8, ""hi"": 0.9, ""n"": 137, ""conf"": 0.8757922285823418, ""acc"": 0.3357664233576642}, {""lo"": 0.9, ""hi"": 1.0, ""n"": 0, ""conf"": null, ""acc"": null}]",,0.35
real,fakeddit,0.200,0.40,2,default,405,72,0.17777777777777778,0.583958958958959,0.24274176825234162,0.1900472182189539,0.19653477369222028,0.19123505976095617,0.6666666666666666,0.2923076923076923,0.2638888888888889,0.2631578947368421,0.06944444444444445,"[{""lo"": 0.0, ""hi"": 0.1, ""n"": 0, ""conf"": null, ""acc"": null}, {""lo"": 0.1, ""hi"": 0.2, ""n"": 0, ""conf"": null, ""acc"": null}, {""lo"": 0.2, ""hi"": 0.30000000000000004, ""n"": 154, ""conf"": 0.27520074213420814, ""acc"": 0.15584415584415584}, {""lo"": 0.30000000000000004, ""hi"": 0.4, ""n"": 148, ""conf"": 0.34012274174940194, ""acc"": 0.14189189189189189}, {""lo"": 0.4, ""hi"": 0.5, ""n"": 38, ""conf"": 0.44262042147544195, ""acc"": 0.21052631578947367}, {""lo"": 0.5, ""hi"": 0.6000000000000001, ""n"": 27, ""conf"": 0.5508442679617489, ""acc"": 0.2222222222222222}, {""lo"": 0.6000000000000001, ""hi"": 0.7000000000000001, ""n"": 19, ""conf"": 0.6364779804642385, ""acc"": 0.42105263157894735}, {""lo"": 0.7000000000000001, ""hi"": 0.8, ""n"": 12, ""conf"": 0.7637967061237644, ""acc"": 0.25}, {""lo"": 0.8, ""hi"": 0.9, ""n"": 7, ""conf"": 0.8466414177757067, ""acc"": 0.2857142857142857}, {""lo"": 0.9, ""hi"": 1.0, ""n"": 0, ""conf"": null, ""acc"": null}]",,0.33
real,fakeddit,0.200,0.40,2,rank16,405,72,0.17777777777777778,0.6945278611945278,0.32670756378294785,0.3727775759084746,0.4771810178858958,0.183206106870229,1.0,0.2181208053691275,0.9027777777777778,0.28735632183908044,0.6944444444444444,"[{""lo"": 0.0, ""hi"": 0.1, ""n"": 0, ""conf"": null, ""acc"": null}, {""lo"": 0.1, ""hi"": 0.2, ""n"": 0, ""conf"": null, ""acc"": null}, {""lo"": 0.2, ""hi"": 0.30000000000000004, ""n"": 12, ""conf"": 0.2816415693154958, ""acc"": 0.0}, {""lo"": 0.30000000000000004, ""hi"": 0.4, ""n"": 39, ""conf"": 0.35603307229629955, ""acc"": 0.02564102564102564}, {""lo"": 0.4, ""hi"": 0.5, ""n"": 56, ""conf"": 0.4486480957479127, ""acc"": 0.10714285714285714}, {""lo"": 0.5, ""hi"": 0.6000000000000001, ""n"": 53, ""conf"": 0.5552961294297523, ""acc"": 0.16981132075471697}, {""lo"": 0.6000000000000001, ""hi"": 0.7000000000000001, ""n"": 71, ""conf"": 0.65380981817116, ""acc"": 0.08450704225352113}, {""lo"": 0.7000000000000001, ""hi"": 0.8, ""n"": 44, ""conf"": 0.7517267920737684, ""acc"": 0.22727272727272727}, {""lo"": 0.8, ""hi"": 0.9, ""n"": 128, ""conf"": 0.872983276793174, ""acc"": 0.296875}, {""lo"": 0.9, ""hi"": 1.0, ""n"": 2, ""conf"": 0.900000000069145, ""acc"": 1.0}]",,0.23
real,fakeddit,0.200,0.00,2,default,1143,225,0.1968503937007874,0.5896393125151295,0.2368762497663044,0.19842813583609692,0.17249031441083992,0.24096385542168675,0.7111111111111111,0.25925925925925924,0.18666666666666668,0.21818181818181817,0.05333333333333334,"[{""lo"": 0.0, ""hi"": 0.1, ""n"": 0, ""conf"": null, ""acc"": null}, {""lo"": 0.1, ""hi"": 0.2, ""n"": 0, ""conf"": null, ""acc"": null}, {""lo"": 0.2, ""hi"": 0.30000000000000004, ""n"": 479, ""conf"": 0.2712243668085151, ""acc"": 0.13569937369519833}, {""lo"": 0.30000000000000004, ""hi"": 0.4, ""n"": 358, ""conf"": 0.3397562341574359, ""acc"": 0.23184357541899442}, {""lo"": 0.4, ""hi"": 0.5, ""n"": 144, ""conf"": 0.44528328362787956, ""acc"": 0.24305555555555555}, {""lo"": 0.5, ""hi"": 0.6000000000000001, ""n"": 68, ""conf"": 0.5422008691241329, ""acc"": 0.3382352941176471}, {""lo"": 0.6000000000000001, ""hi"": 0.7000000000000001, ""n"": 39, ""conf"": 0.6481770590522616, ""acc"": 0.1794871794871795}, {""lo"": 0.7000000000000001, ""hi"": 0.8, ""n"": 28, ""conf"": 0.7517083375847582, ""acc"": 0.17857142857142858}, {""lo"": 0.8, ""hi"": 0.9, ""n"": 27, ""conf"": 0.86259389421045, ""acc"": 0.25925925925925924}, {""lo"": 0.9, ""hi"": 1.0, ""n"": 0, ""conf"": null, ""acc"": null}]",,2.82
real,fakeddit,0.300,0.00,0,rank16,1143,345,0.30183727034120733,0.6951291271657404,0.4703854136366409,0.31915128821301414,0.35283927358317857,0.3134191176470588,0.9884057971014493,0.37247924080664296,0.9101449275362319,0.42805100182149364,0.6811594202898551,"[{""lo"": 0.0, ""hi"": 0.1, ""n"": 0, ""conf"": null, ""acc"": null}, {""lo"": 0.1, ""hi"": 0.2, ""n"": 0, ""conf"": null, ""acc"": null}, {""lo"": 0.2, ""hi"": 0.30000000000000004, ""n"": 55, ""conf"": 0.2805850518826746, ""acc"": 0.07272727272727272}, {""lo"": 0.30000000000000004, ""hi"": 0.4, ""n"": 122, ""conf"": 0.3453079432779605, ""acc"": 0.09016393442622951}, {""lo"": 0.4, ""hi"": 0.5, ""n"": 123, ""conf"": 0.4505044972488114, ""acc"": 0.13008130081300814}, {""lo"": 0.5, ""hi"": 0.6000000000000001, ""n"": 134, ""conf"": 0.5507498960673222, ""acc"": 0.23880597014925373}, {""lo"": 0.6000000000000001, ""hi"": 0.7000000000000001, ""n"": 160, ""conf"": 0.6475799492621697, ""acc"": 0.29375}, {""lo"": 0.7000000000000001, ""hi"": 0.8, ""n"": 171, ""conf"": 0.7486735422783521, ""acc"": 0.3742690058479532}, {""lo"": 0.8, ""hi"": 0.9, ""n"": 378, ""conf"": 0.8727170262591125, ""acc"": 0.4523809523809524}, {""lo"": 0.9, ""hi"": 1.0, ""n"": 0, ""conf"": null, ""acc"": null}]",,0.55
real,fakeddit,0.300,0.00,1,rank16,1143,317,0.2773403324584427,0.7252006935480175,0.4687689409409308,0.3163645547231568,0.3699048466568669,0.2878228782287823,0.9842271293375394,0.3433373349339736,0.9022082018927445,0.4269449715370019,0.7097791798107256,"[{""lo"": 0.0, ""hi"": 0.1, ""n"": 0, ""conf"": null, ""acc"": null}, {""lo"": 0.1, ""hi"": 0.2, ""n"": 0, ""conf"": null, ""acc"": null}, {""lo"": 0.2, ""hi"": 0.30000000000000004, ""n"": 59, ""conf"": 0.280149605647579, ""acc"": 0.0847457627118644}, {""lo"": 0.30000000000000004, ""hi"": 0.4, ""n"": 123, ""conf"": 0.35096885494990315, ""acc"": 0.0975609756097561}, {""lo"": 0.4, ""hi"": 0.5, ""n"": 128, ""conf"": 0.44969919020957394, ""acc"": 0.109375}, {""lo"": 0.5, ""hi"": 0.6000000000000001, ""n"": 140, ""conf"": 0.5538370704963089, ""acc"": 0.1357142857142857}, {""lo"": 0.6000000000000001, ""hi"": 0.7000000000000001, ""n"": 166, ""conf"": 0.647035740848995, ""acc"": 0.25301204819277107}, {""lo"": 0.7000000000000001, ""hi"": 0.8, ""n"": 177, ""conf"": 0.7464067026408668, ""acc"": 0.3050847457627119}, {""lo"": 0.8, ""hi"": 0.9, ""n"": 350, ""conf"": 0.8728075379202237, ""acc"": 0.48857142857142855}, {""lo"": 0.9, ""hi"": 1.0, ""n"": 0, ""conf"": null, ""acc"": null}]",,0.64
real,fakeddit,0.300,0.00,2,rank16,1143,336,0.29396325459317585,0.7260687732342008,0.49899110299793326,0.3094241047996738,0.3526598480633519,0.30719557195571956,0.9910714285714286,0.36855036855036855,0.8928571428571429,0.44339622641509435,0.6994047619047619,"[{""lo"": 0.0, ""hi"": 0.1, ""n"": 0, ""conf"": null, ""acc"": null}, {""lo"": 0.1, ""hi"": 0.2, ""n"": 0, ""conf"": null, ""acc"": null}, {""lo"": 0.2, ""hi"": 0.30000000000000004, ""n"": 59, ""conf"": 0.2767701878814967, ""acc"": 0.05084745762711865}, {""lo"": 0.30000000000000004, ""hi"": 0.4, ""n"": 153, ""conf"": 0.34636723517795226, ""acc"": 0.058823529411764705}, {""lo"": 0.4, ""hi"": 0.5, ""n"": 117, ""conf"": 0.4511108052064238, ""acc"": 0.20512820512820512}, {""lo"": 0.5, ""hi"": 0.6000000000000001, ""n"": 138, ""conf"": 0.5516750116579866, ""acc"": 0.17391304347826086}, {""lo"": 0.6000000000000001, ""hi"": 0.7000000000000001, ""n"": 146, ""conf"": 0.6533569641856241, ""acc"": 0.2808219178082192}, {""lo"": 0.7000000000000001, ""hi"": 0.8, ""n"": 142, ""conf"": 0.7444285188729832, ""acc"": 0.3380281690140845}, {""lo"": 0.8, ""hi"": 0.9, ""n"": 386, ""conf"": 0.8755349637306902, ""acc"": 0.48186528497409326}, {""lo"": 0.9, ""hi"": 1.0, ""n"": 2, ""conf"": 0.9000000000556949, ""acc"": 0.5}]",,0.73
real,fakeddit,0.300,0.40,0,default,403,117,0.2903225806451613,0.5046918893072739,0.3122992865060104,0.2301675236546375,0.09377816459066304,0.2981132075471698,0.6752136752136753,0.3,0.1794871794871795,0.375,0.05128205128205128,"[{""lo"": 0.0, ""hi"": 0.1, ""n"": 0, ""conf"": null, ""acc"": null}, {""lo"": 0.1, ""hi"": 0.2, ""n"": 0, ""conf"": null, ""acc"": null}, {""lo"": 0.2, ""hi"": 0.30000000000000004, ""n"": 138, ""conf"": 0.2733367058123998, ""acc"": 0.2753623188405797}, {""lo"": 0.30000000000000004, ""hi"": 0.4, ""n"": 143, ""conf"": 0.3446153820039733, ""acc"": 0.3076923076923077}, {""lo"": 0.4, ""hi"": 0.5, ""n"": 52, ""conf"": 0.44754483416645585, ""acc"": 0.2692307692307692}, {""lo"": 0.5, ""hi"": 0.6000000000000001, ""n"": 37, ""conf"": 0.5453293579370712, ""acc"": 0.32432432432432434}, {""lo"": 0.6000000000000001, ""hi"": 0.7000000000000001, ""n"": 17, ""conf"": 0.6456973904854232, ""acc"": 0.17647058823529413}, {""lo"": 0.7000000000000001, ""hi"": 0.8, ""n"": 7, ""conf"": 0.7502414344492319, ""acc"": 0.14285714285714285}, {""lo"": 0.8, ""hi"": 0.9, ""n"": 9, ""conf"": 0.8394447562062277, ""acc"": 0.5555555555555556}, {""lo"": 0.9, ""hi"": 1.0, ""n"": 0, ""conf"": null, ""acc"": null}]",,0.38
real,fakeddit,0.300,0.40,0,rank16,403,117,0.2903225806451613,0.7150797920028689,0.5314871311811733,0.34035850046913424,0.3870120098756708,0.2997416020671835,0.9914529914529915,0.3432343234323432,0.8888888888888888,0.41,0.7008547008547008,"[{""lo"": 0.0, ""hi"": 0.1, ""n"": 0, ""conf"": null, ""acc"": null}, {""lo"": 0.1, ""hi"": 0.2, ""n"": 0, ""conf"": null, ""acc"": null}, {""lo"": 0.2, ""hi"": 0.30000000000000004, ""n"": 16, ""conf"": 0.2785057755147473, ""acc"": 0.0625}, {""lo"": 0.30000000000000004, ""hi"": 0.4, ""n"": 32, ""conf"": 0.35936194009876127, ""acc"": 0.09375}, {""lo"": 0.4, ""hi"": 0.5, ""n"": 52, ""conf"": 0.45101241705084116, ""acc"": 0.17307692307692307}, {""lo"": 0.5, ""hi"": 0.6000000000000001, ""n"": 34, ""conf"": 0.5513585128237236, ""acc"": 0.14705882352941177}, {""lo"": 0.6000000000000001, ""hi"": 0.7000000000000001, ""n"": 69, ""conf"": 0.6575472075878201, ""acc"": 0.2463768115942029}, {""lo"": 0.7000000000000001, ""hi"": 0.8, ""n"": 48, ""conf"": 0.7471852015400996, ""acc"": 0.20833333333333334}, {""lo"": 0.8, ""hi"": 0.9, ""n"": 152, ""conf"": 0.8787873905813441, ""acc"": 0.47368421052631576}, {""lo"": 0.9, ""hi"": 1.0, ""n"": 0, ""conf"": null, ""acc"": null}]",,0.21
real,fakeddit,0.300,0.00,1,default,1143,317,0.2773403324584427,0.5538187151030011,0.30118273933770706,0.22882404592810776,0.10027436077692359,0.3175775480059084,0.6782334384858044,0.2864864864864865,0.167192429022082,0.23880597014925373,0.050473186119873815,"[{""lo"": 0.0, ""hi"": 0.1, ""n"": 0, ""conf"": null, ""acc"": null}, {""lo"": 0.1, ""hi"": 0.2, ""n"": 0, ""conf"": null, ""acc"": null}, {""lo"": 0.2, ""hi"": 0.30000000000000004, ""n"": 466, ""conf"": 0.2717567359878371, ""acc"": 0.21888412017167383}, {""lo"": 0.30000000000000004, ""hi"": 0.4, ""n"": 354, ""conf"": 0.34143019774888694, ""acc"": 0.327683615819209}, {""lo"": 0.4, ""hi"": 0.5, ""n"": 138, ""conf"": 0.441190160094002, ""acc"": 0.3333333333333333}, {""lo"": 0.5, ""hi"": 0.6000000000000001, ""n"": 73, ""conf"": 0.5452157926234952, ""acc"": 0.3698630136986301}, {""lo"": 0.6000000000000001, ""hi"": 0.7000000000000001, ""n"": 45, ""conf"": 0.6443750249958611, ""acc"": 0.2222222222222222}, {""lo"": 0.7000000000000001, ""hi"": 0.8, ""n"": 30, ""conf"": 0.7529376591740914, ""acc"": 0.2}, {""lo"": 0.8, ""hi"": 0.9, ""n"": 37, ""conf"": 0.8605044470286939, ""acc"": 0.2702702702702703}, {""lo"": 0.9, ""hi"": 1.0, ""n"": 0, ""conf"": null, ""acc"": null}]",,2.66
real,fakeddit,0.300,0.00,0,default,1143,345,0.30183727034120733,0.5642947949584105,0.34602501328406154,0.22977062026397896,0.08688241613025362,0.34171597633136097,0.6695652173913044,0.35323383084577115,0.20579710144927535,0.34210526315789475,0.07536231884057971,"[{""lo"": 0.0, ""hi"": 0.1, ""n"": 0, ""conf"": null, ""acc"": null}, {""lo"": 0.1, ""hi"": 0.2, ""n"": 0, ""conf"": null, ""acc"": null}, {""lo"": 0.2, ""hi"": 0.30000000000000004, ""n"": 467, ""conf"": 0.271003046251503, ""acc"": 0.24411134903640258}, {""lo"": 0.30000000000000004, ""hi"": 0.4, ""n"": 339, ""conf"": 0.33934362068674817, ""acc"": 0.35103244837758113}, {""lo"": 0.4, ""hi"": 0.5, ""n"": 136, ""conf"": 0.44205284038924425, ""acc"": 0.3014705882352941}, {""lo"": 0.5, ""hi"": 0.6000000000000001, ""n"": 76, ""conf"": 0.5482825794816847, ""acc"": 0.3026315789473684}, {""lo"": 0.6000000000000001, ""hi"": 0.7000000000000001, ""n"": 49, ""conf"": 0.6505538363099407, ""acc"": 0.4489795918367347}, {""lo"": 0.7000000000000001, ""hi"": 0.8, ""n"": 39, ""conf"": 0.7482522601492599, ""acc"": 0.3076923076923077}, {""lo"": 0.8, ""hi"": 0.9, ""n"": 37, ""conf"": 0.8631899457211384, ""acc"": 0.3783783783783784}, {""lo"": 0.9, ""hi"": 1.0, ""n"": 0, ""conf"": null, ""acc"": null}]",,2.81
real,fakeddit,0.300,0.40,1,default,403,113,0.2803970223325062,0.5306988098870918,0.2934257395315195,0.23064024600984598,0.1089000802231448,0.29044117647058826,0.6991150442477876,0.3026315789473684,0.20353982300884957,0.16666666666666666,0.02654867256637168,"[{""lo"": 0.0, ""hi"": 0.1, ""n"": 0, ""conf"": null, ""acc"": null}, {""lo"": 0.1, ""hi"": 0.2, ""n"": 0, ""conf"": null, ""acc"": null}, {""lo"": 0.2, ""hi"": 0.30000000000000004, ""n"": 131, ""conf"": 0.27397554734852814, ""acc"": 0.2595419847328244}, {""lo"": 0.30000000000000004, ""hi"": 0.4, ""n"": 136, ""conf"": 0.33966681512769903, ""acc"": 0.29411764705882354}, {""lo"": 0.4, ""hi"": 0.5, ""n"": 60, ""conf"": 0.4411350736976312, ""acc"": 0.26666666666666666}, {""lo"": 0.5, ""hi"": 0.6000000000000001, ""n"": 37, ""conf"": 0.5533510889186638, ""acc"": 0.32432432432432434}, {""lo"": 0.6000000000000001, ""hi"": 0.7000000000000001, ""n"": 21, ""conf"": 0.6358872982093006, ""acc"": 0.38095238095238093}, {""lo"": 0.7000000000000001, ""hi"": 0.8, ""n"": 8, ""conf"": 0.7369747227121605, ""acc"": 0.125}, {""lo"": 0.8, ""hi"": 0.9, ""n"": 10, ""conf"": 0.8609723013962075, ""acc"": 0.2}, {""lo"": 0.9, ""hi"": 1.0, ""n"": 0, ""conf"": null, ""acc"": null}]",,0.34
real,fakeddit,0.300,0.40,1,rank16,403,113,0.2803970223325062,0.7277693011901128,0.47408272358013653,0.3401923074769132,0.4002099818912066,0.28717948717948716,0.9911504424778761,0.3322784810126582,0.9292035398230089,0.42105263157894735,0.7787610619469026,"[{""lo"": 0.0, ""hi"": 0.1, ""n"": 0, ""conf"": null, ""acc"": null}, {""lo"": 0.1, ""hi"": 0.2, ""n"": 0, ""conf"": null, ""acc"": null}, {""lo"": 0.2, ""hi"": 0.30000000000000004, ""n"": 13, ""conf"": 0.27616070004899895, ""acc"": 0.07692307692307693}, {""lo"": 0.30000000000000004, ""hi"": 0.4, ""n"": 36, ""conf"": 0.36030434643915016, ""acc"": 0.08333333333333333}, {""lo"": 0.4, ""hi"": 0.5, ""n"": 38, ""conf"": 0.448494058078216, ""acc"": 0.10526315789473684}, {""lo"": 0.5, ""hi"": 0.6000000000000001, ""n"": 48, ""conf"": 0.5585238235651356, ""acc"": 0.14583333333333334}, {""lo"": 0.6000000000000001, ""hi"": 0.7000000000000001, ""n"": 59, ""conf"": 0.6507503375328705, ""acc"": 0.1694915254237288}, {""lo"": 0.7000000000000001, ""hi"": 0.8, ""n"": 55, ""conf"": 0.7522694698920468, ""acc"": 0.2545454545454545}, {""lo"": 0.8, ""hi"": 0.9, ""n"": 154, ""conf"": 0.870795900214995, ""acc"": 0.4805194805194805}, {""lo"": 0.9, ""hi"": 1.0, ""n"": 0, ""conf"": null, ""acc"": null}]",,0.25
real,fakeddit,0.300,0.40,2,rank16,405,125,0.30864197530864196,0.7196,0.48291590290569325,0.3299779197311618,0.3743395199261755,0.314070351758794,1.0,0.3730407523510972,0.952,0.4252336448598131,0.728,"[{""lo"": 0.0, ""hi"": 0.1, ""n"": 0, ""conf"": null, ""acc"": null}, {""lo"": 0.1, ""hi"": 0.2, ""n"": 0, ""conf"": null, ""acc"": null}, {""lo"": 0.2, ""hi"": 0.30000000000000004, ""n"": 7, ""conf"": 0.27770837503000106, ""acc"": 0.0}, {""lo"": 0.30000000000000004, ""hi"": 0.4, ""n"": 44, ""conf"": 0.34249932670099814, ""acc"": 0.06818181818181818}, {""lo"": 0.4, ""hi"": 0.5, ""n"": 35, ""conf"": 0.44795034890636104, ""acc"": 0.08571428571428572}, {""lo"": 0.5, ""hi"": 0.6000000000000001, ""n"": 52, ""conf"": 0.5472301980074517, ""acc"": 0.21153846153846154}, {""lo"": 0.6000000000000001, ""hi"": 0.7000000000000001, ""n"": 53, ""conf"": 0.6544880343634081, ""acc"": 0.32075471698113206}, {""lo"": 0.7000000000000001, ""hi"": 0.8, ""n"": 50, ""conf"": 0.750088314565658, ""acc"": 0.3}, {""lo"": 0.8, ""hi"": 0.9, ""n"": 163, ""conf"": 0.873417561425623, ""acc"": 0.4662576687116564}, {""lo"": 0.9, ""hi"": 1.0, ""n"": 1, ""conf"": 0.9000000000169323, ""acc"": 0.0}]",,0.25
real,fakeddit,0.300,0.40,2,default,405,125,0.30864197530864196,0.5455714285714286,0.3737693343020734,0.22402436155368252,0.10796432951721927,0.3107142857142857,0.696,0.515625,0.264,0.38095238095238093,0.064,"[{""lo"": 0.0, ""hi"": 0.1, ""n"": 0, ""conf"": null, ""acc"": null}, {""lo"": 0.1, ""hi"": 0.2, ""n"": 0, ""conf"": null, ""acc"": null}, {""lo"": 0.2, ""hi"": 0.30000000000000004, ""n"": 125, ""conf"": 0.2741105232799136, ""acc"": 0.304}, {""lo"": 0.30000000000000004, ""hi"": 0.4, ""n"": 148, ""conf"": 0.3428653742051336, ""acc"": 0.24324324324324326}, {""lo"": 0.4, ""hi"": 0.5, ""n"": 68, ""conf"": 0.446327149724421, ""acc"": 0.2647058823529412}, {""lo"": 0.5, ""hi"": 0.6000000000000001, ""n"": 27, ""conf"": 0.5396656683311177, ""acc"": 0.6296296296296297}, {""lo"": 0.6000000000000001, ""hi"": 0.7000000000000001, ""n"": 16, ""conf"": 0.6342120443125043, ""acc"": 0.5}, {""lo"": 0.7000000000000001, ""hi"": 0.8, ""n"": 14, ""conf"": 0.7357625064410742, ""acc"": 0.35714285714285715}, {""lo"": 0.8, ""hi"": 0.9, ""n"": 7, ""conf"": 0.8597075066582399, ""acc"": 0.42857142857142855}, {""lo"": 0.9, ""hi"": 1.0, ""n"": 0, ""conf"": null, ""acc"": null}]",,0.36
real,fakeddit,0.300,0.00,2,default,1143,336,0.29396325459317585,0.549953531598513,0.31961225048408626,0.23203128093388461,0.08711601541611655,0.3284241531664212,0.6636904761904762,0.35678391959798994,0.2113095238095238,0.3125,0.0744047619047619,"[{""lo"": 0.0, ""hi"": 0.1, ""n"": 0, ""conf"": null, ""acc"": null}, {""lo"": 0.1, ""hi"": 0.2, ""n"": 0, ""conf"": null, ""acc"": null}, {""lo"": 0.2, ""hi"": 0.30000000000000004, ""n"": 464, ""conf"": 0.2716891518837646, ""acc"": 0.2435344827586207}, {""lo"": 0.30000000000000004, ""hi"": 0.4, ""n"": 359, ""conf"": 0.339102866415028, ""acc"": 0.3286908077994429}, {""lo"": 0.4, ""hi"": 0.5, ""n"": 121, ""conf"": 0.4445640437702824, ""acc"": 0.2809917355371901}, {""lo"": 0.5, ""hi"": 0.6000000000000001, ""n"": 74, ""conf"": 0.5439127112599779, ""acc"": 0.4189189189189189}, {""lo"": 0.6000000000000001, ""hi"": 0.7000000000000001, ""n"": 45, ""conf"": 0.6448565061581161, ""acc"": 0.3333333333333333}, {""lo"": 0.7000000000000001, ""hi"": 0.8, ""n"": 38, ""conf"": 0.7423679715720006, ""acc"": 0.3684210526315789}, {""lo"": 0.8, ""hi"": 0.9, ""n"": 42, ""conf"": 0.8690855827920384, ""acc"": 0.2619047619047619}, {""lo"": 0.9, ""hi"": 1.0, ""n"": 0, ""conf"": null, ""acc"": null}]",,2.76
real,fakeddit,0.400,0.00,0,rank16,1143,468,0.4094488188976378,0.6666508388730611,0.5415886013138431,0.2955799010644984,0.2664705306269639,0.41434977578475335,0.9871794871794872,0.4733257661748014,0.8910256410256411,0.5309278350515464,0.6602564102564102,"[{""lo"": 0.0, ""hi"": 0.1, ""n"": 0, ""conf"": null, ""acc"": null}, {""lo"": 0.1, ""hi"": 0.2, ""n"": 0, ""conf"": null, ""acc"": null}, {""lo"": 0.2, ""hi"": 0.30000000000000004, ""n"": 28, ""conf"": 0.2849823972455353, ""acc"": 0.21428571428571427}, {""lo"": 0.30000000000000004, ""hi"": 0.4, ""n"": 115, ""conf"": 0.3525035149286996, ""acc"": 0.1565217391304348}, {""lo"": 0.4, ""hi"": 0.5, ""n"": 119, ""conf"": 0.4501600237925544, ""acc"": 0.226890756302521}, {""lo"": 0.5, ""hi"": 0.6000000000000001, ""n"": 125, ""conf"": 0.5485224111487723, ""acc"": 0.312}, {""lo"": 0.6000000000000001, ""hi"": 0.7000000000000001, ""n"": 174, ""conf"": 0.645708229747569, ""acc"": 0.39655172413793105}, {""lo"": 0.7000000000000001, ""hi"": 0.8, ""n"": 159, ""conf"": 0.7562360234437453, ""acc"": 0.5031446540880503}, {""lo"": 0.8, ""hi"": 0.9, ""n"": 423, ""conf"": 0.8731189154572135, ""acc"": 0.541371158392435}, {""lo"": 0.9, ""hi"": 1.0, ""n"": 0, ""conf"": null, ""acc"": null}]",,0.64
real,fakeddit,0.400,0.00,1,rank16,1143,407,0.3560804899387577,0.6620386443756008,0.4969842154046178,0.30966788915074944,0.3035733332248718,0.36684782608695654,0.995085995085995,0.40973871733966744,0.8476658476658476,0.46741154562383613,0.6167076167076168,"[{""lo"": 0.0, ""hi"": 0.1, ""n"": 0, ""conf"": null, ""acc"": null}, {""lo"": 0.1, ""hi"": 0.2, ""n"": 0, ""conf"": null, ""acc"": null}, {""lo"": 0.2, ""hi"": 0.30000000000000004, ""n"": 39, ""conf"": 0.27899110989241416, ""acc"": 0.05128205128205128}, {""lo"": 0.30000000000000004, ""hi"": 0.4, ""n"": 115, ""conf"": 0.3530182891630122, ""acc"": 0.17391304347826086}, {""lo"": 0.4, ""hi"": 0.5, ""n"": 147, ""conf"": 0.44993757124518186, ""acc"": 0.272108843537415}, {""lo"": 0.5, ""hi"": 0.6000000000000001, ""n"": 120, ""conf"": 0.5532484764303848, ""acc"": 0.2}, {""lo"": 0.6000000000000001, ""hi"": 0.7000000000000001, ""n"": 185, ""conf"": 0.6507051385460384, ""acc"": 0.3783783783783784}, {""lo"": 0.7000000000000001, ""hi"": 0.8, ""n"": 163, ""conf"": 0.749556272174417, ""acc"": 0.4171779141104294}, {""lo"": 0.8, ""hi"": 0.9, ""n"": 372, ""conf"": 0.8742413983780628, ""acc"": 0.48655913978494625}, {""lo"": 0.9, ""hi"": 1.0, ""n"": 2, ""conf"": 0.9000000001482005, ""acc"": 1.0}]",,0.57
real,fakeddit,0.400,0.00,2,rank16,1143,432,0.3779527559055118,0.6549460853258322,0.5139998618259527,0.3074141181763785,0.28550025210875457,0.3898617511520737,0.9791666666666666,0.42160278745644597,0.8402777777777778,0.4920071047957371,0.6412037037037037,"[{""lo"": 0.0, ""hi"": 0.1, ""n"": 0, ""conf"": null, ""acc"": null}, {""lo"": 0.1, ""hi"": 0.2, ""n"": 0, ""conf"": null, ""acc"": null}, {""lo"": 0.2, ""hi"": 0.30000000000000004, ""n"": 58, ""conf"": 0.2801653986821209, ""acc"": 0.15517241379310345}, {""lo"": 0.30000000000000004, ""hi"": 0.4, ""n"": 105, ""conf"": 0.3517002847255696, ""acc"": 0.21904761904761905}, {""lo"": 0.4, ""hi"": 0.5, ""n"": 119, ""conf"": 0.4527964317276608, ""acc"": 0.31092436974789917}, {""lo"": 0.5, ""hi"": 0.6000000000000001, ""n"": 138, ""conf"": 0.5514585916267158, ""acc"": 0.2318840579710145}, {""lo"": 0.6000000000000001, ""hi"": 0.7000000000000001, ""n"": 160, ""conf"": 0.6477235653309357, ""acc"": 0.3375}, {""lo"": 0.7000000000000001, ""hi"": 0.8, ""n"": 174, ""conf"": 0.7543124205437459, ""acc"": 0.41379310344827586}, {""lo"": 0.8, ""hi"": 0.9, ""n"": 389, ""conf"": 0.8747518573082743, ""acc"": 0.5269922879177378}, {""lo"": 0.9, ""hi"": 1.0, ""n"": 0, ""conf"": null, ""acc"": null}]",,0.65
real,fakeddit,0.400,0.40,0,default,403,167,0.4143920595533499,0.5197401806556379,0.4413693501677908,0.25517338533585787,0.10095423125685077,0.4187725631768953,0.6946107784431138,0.4507042253521127,0.19161676646706588,0.5714285714285714,0.04790419161676647,"[{""lo"": 0.0, ""hi"": 0.1, ""n"": 0, ""conf"": null, ""acc"": null}, {""lo"": 0.1, ""hi"": 0.2, ""n"": 0, ""conf"": null, ""acc"": null}, {""lo"": 0.2, ""hi"": 0.30000000000000004, ""n"": 126, ""conf"": 0.2750242404086371, ""acc"": 0.40476190476190477}, {""lo"": 0.30000000000000004, ""hi"": 0.4, ""n"": 144, ""conf"": 0.3423930171775272, ""acc"": 0.4097222222222222}, {""lo"": 0.4, ""hi"": 0.5, ""n"": 62, ""conf"": 0.4419542238733095, ""acc"": 0.4032258064516129}, {""lo"": 0.5, ""hi"": 0.6000000000000001, ""n"": 38, ""conf"": 0.537917457822028, ""acc"": 0.4473684210526316}, {""lo"": 0.6000000000000001, ""hi"": 0.7000000000000001, ""n"": 19, ""conf"": 0.6590695923383617, ""acc"": 0.3684210526315789}, {""lo"": 0.7000000000000001, ""hi"": 0.8, ""n"": 8, ""conf"": 0.7472517286229884, ""acc"": 0.625}, {""lo"": 0.8, ""hi"": 0.9, ""n"": 6, ""conf"": 0.8833071001280031, ""acc"": 0.5}, {""lo"": 0.9, ""hi"": 1.0, ""n"": 0, ""conf"": null, ""acc"": null}]",,0.4
real,fakeddit,0.400,0.40,0,rank16,403,167,0.4143920595533499,0.6799959403227445,0.6021744686379678,0.3064487830984746,0.28604886076208225,0.4173027989821883,0.9820359281437125,0.45317220543806647,0.8982035928143712,0.5281385281385281,0.7305389221556886,"[{""lo"": 0.0, ""hi"": 0.1, ""n"": 0, ""conf"": null, ""acc"": null}, {""lo"": 0.1, ""hi"": 0.2, ""n"": 0, ""conf"": null, ""acc"": null}, {""lo"": 0.2, ""hi"": 0.30000000000000004, ""n"": 10, ""conf"": 0.28581021355531006, ""acc"": 0.3}, {""lo"": 0.30000000000000004, ""hi"": 0.4, ""n"": 26, ""conf"": 0.34873321431983634, ""acc"": 0.19230769230769232}, {""lo"": 0.4, ""hi"": 0.5, ""n"": 36, ""conf"": 0.44099546541826995, ""acc"": 0.25}, {""lo"": 0.5, ""hi"": 0.6000000000000001, ""n"": 55, ""conf"": 0.550367736390469, ""acc"": 0.2909090909090909}, {""lo"": 0.6000000000000001, ""hi"": 0.7000000000000001, ""n"": 45, ""conf"": 0.6488608165792179, ""acc"": 0.26666666666666666}, {""lo"": 0.7000000000000001, ""hi"": 0.8, ""n"": 64, ""conf"": 0.7470475816441952, ""acc"": 0.390625}, {""lo"": 0.8, ""hi"": 0.9, ""n"": 166, ""conf"": 0.8783908748353367, ""acc"": 0.5783132530120482}, {""lo"": 0.9, ""hi"": 1.0, ""n"": 1, ""conf"": 0.9000000001362125, ""acc"": 1.0}]",,0.27
real,fakeddit,0.400,0.40,1,default,403,142,0.3523573200992556,0.5201823970643785,0.3775495207412814,0.24249747295961302,0.06504361830815775,0.36764705882352944,0.704225352112676,0.4117647058823529,0.19718309859154928,0.47058823529411764,0.056338028169014086,"[{""lo"": 0.0, ""hi"": 0.1, ""n"": 0, ""conf"": null, ""acc"": null}, {""lo"": 0.1, ""hi"": 0.2, ""n"": 0, ""conf"": null, ""acc"": null}, {""lo"": 0.2, ""hi"": 0.30000000000000004, ""n"": 131, ""conf"": 0.2751201851749197, ""acc"": 0.32061068702290074}, {""lo"": 0.30000000000000004, ""hi"": 0.4, ""n"": 135, ""conf"": 0.34175567515119143, ""acc"": 0.34074074074074073}, {""lo"": 0.4, ""hi"": 0.5, ""n"": 69, ""conf"": 0.44248341208718783, ""acc"": 0.37681159420289856}, {""lo"": 0.5, ""hi"": 0.6000000000000001, ""n"": 34, ""conf"": 0.5465318656520006, ""acc"": 0.47058823529411764}, {""lo"": 0.6000000000000001, ""hi"": 0.7000000000000001, ""n"": 17, ""conf"": 0.642819640786404, ""acc"": 0.23529411764705882}, {""lo"": 0.7000000000000001, ""hi"": 0.8, ""n"": 5, ""conf"": 0.7431917442929306, ""acc"": 0.2}, {""lo"": 0.8, ""hi"": 0.9, ""n"": 12, ""conf"": 0.8632479008061426, ""acc"": 0.5833333333333334}, {""lo"": 0.9, ""hi"": 1.0, ""n"": 0, ""conf"": null, ""acc"": null}]",,0.41
real,fakeddit,0.400,0.00,0,default,1143,468,0.4094488188976378,0.548505856283634,0.45109724842319443,0.2526388482482212,0.09078724740490032,0.4301833568406206,0.6517094017094017,0.47692307692307695,0.1987179487179487,0.4782608695652174,0.07051282051282051,"[{""lo"": 0.0, ""hi"": 0.1, ""n"": 0, ""conf"": null, ""acc"": null}, {""lo"": 0.1, ""hi"": 0.2, ""n"": 0, ""conf"": null, ""acc"": null}, {""lo"": 0.2, ""hi"": 0.30000000000000004, ""n"": 434, ""conf"": 0.2724924447574871, ""acc"": 0.37557603686635943}, {""lo"": 0.30000000000000004, ""hi"": 0.4, ""n"": 376, ""conf"": 0.34097110885050075, ""acc"": 0.39095744680851063}, {""lo"": 0.4, ""hi"": 0.5, ""n"": 138, ""conf"": 0.43526034672261066, ""acc"": 0.47101449275362317}, {""lo"": 0.5, ""hi"": 0.6000000000000001, ""n"": 78, ""conf"": 0.5448114262959464, ""acc"": 0.4230769230769231}, {""lo"": 0.6000000000000001, ""hi"": 0.7000000000000001, ""n"": 48, ""conf"": 0.6441410508866244, ""acc"": 0.5625}, {""lo"": 0.7000000000000001, ""hi"": 0.8, ""n"": 39, ""conf"": 0.7432557728069529, ""acc"": 0.5128205128205128}, {""lo"": 0.8, ""hi"": 0.9, ""n"": 30, ""conf"": 0.8633857583648685, ""acc"": 0.43333333333333335}, {""lo"": 0.9, ""hi"": 1.0, ""n"": 0, ""conf"": null, ""acc"": null}]",,2.87
real,fakeddit,0.400,0.00,1,default,1143,407,0.3560804899387577,0.574684862728341,0.409174904633706,0.23909200950394452,0.07048424581108478,0.4072463768115942,0.6904176904176904,0.4587628865979381,0.21867321867321868,0.4225352112676056,0.07371007371007371,"[{""lo"": 0.0, ""hi"": 0.1, ""n"": 0, ""conf"": null, ""acc"": null}, {""lo"": 0.1, ""hi"": 0.2, ""n"": 0, ""conf"": null, ""acc"": null}, {""lo"": 0.2, ""hi"": 0.30000000000000004, ""n"": 453, ""conf"": 0.2720620562537344, ""acc"": 0.2781456953642384}, {""lo"": 0.30000000000000004, ""hi"": 0.4, ""n"": 355, ""conf"": 0.3408262643188315, ""acc"": 0.4028169014084507}, {""lo"": 0.4, ""hi"": 0.5, ""n"": 141, ""conf"": 0.4445492714081433, ""acc"": 0.3475177304964539}, {""lo"": 0.5, ""hi"": 0.6000000000000001, ""n"": 69, ""conf"": 0.5500332283739573, ""acc"": 0.391304347826087}, {""lo"": 0.6000000000000001, ""hi"": 0.7000000000000001, ""n"": 54, ""conf"": 0.6482748457567733, ""acc"": 0.5925925925925926}, {""lo"": 0.7000000000000001, ""hi"": 0.8, ""n"": 31, ""conf"": 0.7496046629503487, ""acc"": 0.4838709677419355}, {""lo"": 0.8, ""hi"": 0.9, ""n"": 40, ""conf"": 0.8730650507379742, ""acc"": 0.375}, {""lo"": 0.9, ""hi"": 1.0, ""n"": 0, ""conf"": null, ""acc"": null}]",,2.72
real,fakeddit,0.400,0.40,1,rank16,403,142,0.3523573200992556,0.6916518266688252,0.533243920807194,0.3207462781021055,0.33406201091810006,0.35714285714285715,0.9859154929577465,0.4126984126984127,0.9154929577464789,0.47297297297297297,0.7394366197183099,"[{""lo"": 0.0, ""hi"": 0.1, ""n"": 0, ""conf"": null, ""acc"": null}, {""lo"": 0.1, ""hi"": 0.2, ""n"": 0, ""conf"": null, ""acc"": null}, {""lo"": 0.2, ""hi"": 0.30000000000000004, ""n"": 11, ""conf"": 0.27691678177343465, ""acc"": 0.18181818181818182}, {""lo"": 0.30000000000000004, ""hi"": 0.4, ""n"": 33, ""conf"": 0.350738495889605, ""acc"": 0.18181818181818182}, {""lo"": 0.4, ""hi"": 0.5, ""n"": 44, ""conf"": 0.44658677747495273, ""acc"": 0.09090909090909091}, {""lo"": 0.5, ""hi"": 0.6000000000000001, ""n"": 46, ""conf"": 0.5611830828308386, ""acc"": 0.1956521739130435}, {""lo"": 0.6000000000000001, ""hi"": 0.7000000000000001, ""n"": 47, ""conf"": 0.6557146417315841, ""acc"": 0.3404255319148936}, {""lo"": 0.7000000000000001, ""hi"": 0.8, ""n"": 68, ""conf"": 0.7522573122923576, ""acc"": 0.4117647058823529}, {""lo"": 0.8, ""hi"": 0.9, ""n"": 154, ""conf"": 0.8738325325957681, ""acc"": 0.5}, {""lo"": 0.9, ""hi"": 1.0, ""n"": 0, ""conf"": null, ""acc"": null}]",,0.25
real,fakeddit,0.400,0.40,2,rank16,405,156,0.3851851851851852,0.6675419627226855,0.5100414471263904,0.31157958736078956,0.3043041195304076,0.39641943734015345,0.9935897435897436,0.4430379746835443,0.8974358974358975,0.49777777777777776,0.717948717948718,"[{""lo"": 0.0, ""hi"": 0.1, ""n"": 0, ""conf"": null, ""acc"": null}, {""lo"": 0.1, ""hi"": 0.2, ""n"": 0, ""conf"": null, ""acc"": null}, {""lo"": 0.2, ""hi"": 0.30000000000000004, ""n"": 14, ""conf"": 0.2836196149534234, ""acc"": 0.07142857142857142}, {""lo"": 0.30000000000000004, ""hi"": 0.4, ""n"": 39, ""conf"": 0.3525933915743463, ""acc"": 0.15384615384615385}, {""lo"": 0.4, ""hi"": 0.5, ""n"": 36, ""conf"": 0.45551447915430554, ""acc"": 0.25}, {""lo"": 0.5, ""hi"": 0.6000000000000001, ""n"": 43, ""conf"": 0.5496291835310791, ""acc"": 0.18604651162790697}, {""lo"": 0.6000000000000001, ""hi"": 0.7000000000000001, ""n"": 48, ""conf"": 0.6460269877300611, ""acc"": 0.4166666666666667}, {""lo"": 0.7000000000000001, ""hi"": 0.8, ""n"": 53, ""conf"": 0.7491424054935483, ""acc"": 0.37735849056603776}, {""lo"": 0.8, ""hi"": 0.9, ""n"": 172, ""conf"": 0.8765984446829955, ""acc"": 0.5348837209302325}, {""lo"": 0.9, ""hi"": 1.0, ""n"": 0, ""conf"": null, ""acc"": null}]",,0.24
real,fakeddit,0.400,0.40,2,default,405,156,0.3851851851851852,0.5289620018535681,0.4174873686574766,0.25321996472439245,0.09584782779028438,0.38549618320610685,0.6474358974358975,0.42528735632183906,0.23717948717948717,0.5161290322580645,0.10256410256410256,"[{""lo"": 0.0, ""hi"": 0.1, ""n"": 0, ""conf"": null, ""acc"": null}, {""lo"": 0.1, ""hi"": 0.2, ""n"": 0, ""conf"": null, ""acc"": null}, {""lo"": 0.2, ""hi"": 0.30000000000000004, ""n"": 143, ""conf"": 0.27141613538573744, ""acc"": 0.38461538461538464}, {""lo"": 0.30000000000000004, ""hi"": 0.4, ""n"": 116, ""conf"": 0.3436988793595901, ""acc"": 0.33620689655172414}, {""lo"": 0.4, ""hi"": 0.5, ""n"": 59, ""conf"": 0.4420633213081594, ""acc"": 0.423728813559322}, {""lo"": 0.5, ""hi"": 0.6000000000000001, ""n"": 36, ""conf"": 0.5514675271519464, ""acc"": 0.4722222222222222}, {""lo"": 0.6000000000000001, ""hi"": 0.7000000000000001, ""n"": 20, ""conf"": 0.6474443587312279, ""acc"": 0.2}, {""lo"": 0.7000000000000001, ""hi"": 0.8, ""n"": 16, ""conf"": 0.7507044948378613, ""acc"": 0.625}, {""lo"": 0.8, ""hi"": 0.9, ""n"": 15, ""conf"": 0.8578054388554242, ""acc"": 0.4}, {""lo"": 0.9, ""hi"": 1.0, ""n"": 0, ""conf"": null, ""acc"": null}]",,0.37
real,fakeddit,0.400,0.00,2,default,1143,432,0.3779527559055118,0.5380039849976559,0.41417714302797215,0.2472080232899809,0.08389938593036633,0.4037900874635568,0.6412037037037037,0.44751381215469616,0.1875,0.4444444444444444,0.06481481481481481,"[{""lo"": 0.0, ""hi"": 0.1, ""n"": 0, ""conf"": null, ""acc"": null}, {""lo"": 0.1, ""hi"": 0.2, ""n"": 0, ""conf"": null, ""acc"": null}, {""lo"": 0.2, ""hi"": 0.30000000000000004, ""n"": 457, ""conf"": 0.2719118963372735, ""acc"": 0.33916849015317285}, {""lo"": 0.30000000000000004, ""hi"": 0.4, ""n"": 370, ""conf"": 0.3380424721089682, ""acc"": 0.3891891891891892}, {""lo"": 0.4, ""hi"": 0.5, ""n"": 135, ""conf"": 0.43896499576833964, ""acc"": 0.3851851851851852}, {""lo"": 0.5, ""hi"": 0.6000000000000001, ""n"": 82, ""conf"": 0.54759429535853, ""acc"": 0.4268292682926829}, {""lo"": 0.6000000000000001, ""hi"": 0.7000000000000001, ""n"": 36, ""conf"": 0.6381866966048227, ""acc"": 0.5}, {""lo"": 0.7000000000000001, ""hi"": 0.8, ""n"": 22, ""conf"": 0.745930074401015, ""acc"": 0.36363636363636365}, {""lo"": 0.8, ""hi"": 0.9, ""n"": 41, ""conf"": 0.8704453673692604, ""acc"": 0.4878048780487805}, {""lo"": 0.9, ""hi"": 1.0, ""n"": 0, ""conf"": null, ""acc"": null}]",,2.73
