method,dataset,seed,k_used,modularity,onmi,f1,mean_umax,frac_multi,rule_fidelity,m_used,error,secs
default,crisismmd,1,7,0.5267513351527662,0.6290563695197424,0.506950028298826,0.24723128503452949,0.0,0.315,1.5,,2.95
default,crisismmd,2,7,0.5122659845460196,0.6076187149920035,0.7379396383562477,0.3708101423010335,0.0575,0.2725,1.5,,2.94
default,crisismmd,0,7,0.5197824512523282,0.590905302529789,0.7572625076058666,0.36204073272671666,0.0425,0.3,1.5,,3.05
fcm+rawpca+m1.2,crisismmd,0,7,0.3788104092485412,0.5884826028181293,0.6107014450044945,0.8679560982074367,0.16375,0.25625,1.2,,3.03
fcm+rawpca+m1.2,crisismmd,2,7,0.3813534886423791,0.5878780492071797,0.6083015981427017,0.8690937511541279,0.16125,0.25125,1.2,,0.97
fcm+rawpca+m1.2,crisismmd,1,7,0.37868985610225886,0.5899461386672519,0.6089294007774174,0.8688262270088174,0.1575,0.255,1.2,,1.0
kmsoft|cca,crisismmd,0,7,0.36530404306761677,0.6090160267174849,0.6279758409698027,0.7032215321002445,0.37625,0.2425,,,1.11
kmsoft|cca,crisismmd,1,7,0.3649959139951304,0.5981205881191441,0.6259643196430974,0.7107560446352573,0.3675,0.24125,,,1.19
kmsoft|cca,crisismmd,2,7,0.4382521471450409,0.6216344355864498,0.7168911971649844,0.7252616449343341,0.2675,0.255,,,0.97
kmsoft|raw,crisismmd,0,7,0.3957340586297038,0.6285928774236507,0.6227822037429603,0.8031185228162626,0.25625,0.2625,,,1.05
kmsoft|raw,crisismmd,1,7,0.45849505577303556,0.7368715498996435,0.7495096938698662,0.8338771356523457,0.155,0.26875,,,0.94
kmsoft|raw,crisismmd,2,7,0.38577513037332234,0.6316787839843565,0.6184267890090788,0.7972231707049309,0.2725,0.24375,,,0.88
gmm|cca,crisismmd,0,7,0.3665598416153812,0.560128976600344,0.5729455682750514,0.9363440102254955,0.11875,0.245,,,0.95
gmm|cca,crisismmd,1,7,0.36096779053381467,0.5590166033397319,0.5703106068285495,0.9408227658604855,0.105,0.23875,,,0.94
gmm|cca,crisismmd,2,7,0.3720296451545438,0.5676261832524987,0.5879965027112382,0.9411127807816374,0.105,0.25125,,,0.86
gmm|raw,crisismmd,0,7,0.4003276711077556,0.5936208677233834,0.5846069332428036,0.9825055775692217,0.0325,0.26,,,0.91
gmm|raw,crisismmd,2,7,0.38900793358101077,0.6043299547356652,0.6021259981083327,0.9829270662573166,0.03125,0.2475,,,0.83
gmm|raw,crisismmd,1,7,0.39235884247391706,0.6045494673544055,0.6024262714749431,0.983320101997642,0.03,0.24,,,0.98
fcmad|cca,crisismmd,0,7,0.5137619480551701,0.6022955346962655,0.7535028039305249,0.3622088411978339,0.04375,0.3,1.5,,0.91
fcmad|cca,crisismmd,1,7,0.5042200504294123,0.6105398164112867,0.7466583216482486,0.3749417235843681,0.0775,0.27,1.5,,0.88
fcmad|raw,crisismmd,0,7,0.5197540648876734,0.6735278102971248,0.7641912883665336,0.42781473840357676,0.13125,0.29875,1.5,,0.81
fcmad|raw,crisismmd,1,7,0.518028772184927,0.6742702079428772,0.7628441945680992,0.4259246026437475,0.1325,0.27375,1.5,,0.86
fcmad|cca,crisismmd,2,7,0.5098290245537243,0.590461655355248,0.751517911767924,0.37086805743336215,0.0575,0.2725,1.5,,1.0
fcmad|raw,crisismmd,2,7,0.45844401470468077,0.7145339312602103,0.7046205811091772,0.4135322698277612,0.43625,0.2575,1.5,,0.98
specsoft|cca,crisismmd,0,7,0.4508757329466038,0.6857915574088661,0.7398995353690224,0.9999996216481971,0.0,0.27875,,,0.86
specsoft|cca,crisismmd,1,7,0.4560358594464529,0.6772584632318761,0.7314356033054681,0.9997208711769767,0.0,0.2725,,,0.98
specsoft|cca,crisismmd,2,7,0.4406687534654061,0.6498111834820058,0.7395110961089687,0.998965245905745,0.00125,0.2575,,,0.97
specsoft|raw,crisismmd,0,7,0.4586658132488473,0.678309233271124,0.7386772864636341,0.9998599091476563,0.0,0.28125,,,0.92
base:spectral_graph+content,crisismmd,0,7,0.5166905339443814,0.8788156780705653,0.9560991920649711,,,,,,0.11
base:spectral_graph+content,crisismmd,1,7,0.5166905339443814,0.8788156780705653,0.9560991920649711,,,,,,0.11
base:spectral_graph+content,crisismmd,2,7,0.5166905339443814,0.8788156780705653,0.9560991920649711,,,,,,0.14
base:kmeans_content,crisismmd,0,7,0.20111718439393395,0.3943730374016603,0.5610033449335877,,,,,,0.28
base:kmeans_content,crisismmd,1,7,0.1989244266278576,0.4064742121714391,0.5603964460777323,,,,,,0.23
base:louvain,crisismmd,0,6,0.5373657018496237,0.5763871869900328,0.7152286011426329,,,,,,0.08
base:louvain,crisismmd,1,7,0.5348812150920406,0.5336043897656694,0.6909389872845079,,,,,,0.06
specsoft|raw,crisismmd,1,7,0.4566640411196887,0.6663600869705526,0.7312915451671088,0.9999938660892431,0.0,0.2725,,,0.88
base:louvain,crisismmd,2,6,0.5352797328761504,0.5590786906111336,0.7232748244613503,,,,,,0.06
base:kmeans_content,crisismmd,2,7,0.21987580201939383,0.4209784745470222,0.6037258915449902,,,,,,0.28
specsoft|raw,crisismmd,2,7,0.45738309262937266,0.6739674328025175,0.7373892633715606,0.9999870284795125,0.0,0.27625,,,0.81
fcm+rawpca+m1.2,pheme,0,9,0.8682823879164933,0.0,0.24403567183897923,0.8265216288954538,0.1155,0.1695,1.2,,0.47
fcm+rawpca+m1.2,pheme,1,9,0.8645730466137214,0.0,0.2308813608657527,0.81707389476768,0.1545,0.199,1.2,,0.42
fcm+rawpca+m1.2,pheme,2,9,0.8771341178261702,0.013772235389428955,0.2513349051664694,0.849644874635283,0.079,0.1475,1.2,,0.55
kmsoft|cca,pheme,0,9,0.865393722149329,0.018596158780661343,0.26612333058132387,0.7557628930582924,0.204,0.1965,,,0.45
kmsoft|cca,pheme,1,9,0.8670471701815222,0.014588998333309622,0.24522603681582059,0.7501664619416997,0.2275,0.1725,,,0.31
default,pheme,0,9,0.8651647650342359,0.0,0.24983831226709954,0.41469564717264457,0.1305,0.191,1.5,,2.69
kmsoft|cca,pheme,2,9,0.8826528399386182,0.012098854778717971,0.24115408787490905,0.7725789352615593,0.104,0.14,,,0.34
kmsoft|raw,pheme,0,9,0.8659731960849514,0.0,0.21234190520948426,0.7367922286236376,0.135,0.1895,,,0.2
kmsoft|raw,pheme,1,9,0.8704642666099388,0.03705359316912449,0.26500901146183153,0.7052288080695719,0.293,0.143,,,0.23
kmsoft|raw,pheme,2,9,0.8710952263916742,0.019969663859423115,0.27387725837709176,0.7372594198336012,0.2035,0.174,,,0.23
gmm|cca,pheme,0,9,0.858365092773364,0.0,0.21000866970155652,0.9998374804868555,0.0,0.216,,,0.56
gmm|cca,pheme,1,9,0.8514810368334759,0.0,0.22605353015656565,0.9999999998527497,0.0,0.241,,,0.47
gmm|raw,pheme,0,9,0.8666333656017309,0.0,0.22885118679424948,0.988524162319532,0.0145,0.2265,,,0.23
gmm|raw,pheme,1,9,0.8676197104931694,0.02483031632953403,0.2670765019213044,0.9886919331236159,0.016,0.1645,,,0.24
gmm|cca,pheme,2,9,0.8699803881708243,0.010509857305541326,0.2532628463938169,0.9999888379226086,0.0,0.226,,,0.62
default,pheme,1,9,0.8570915188206584,0.0,0.26870436471210807,0.3977188361309434,0.1305,0.1945,1.5,,4.17
gmm|raw,pheme,2,9,0.8388317463202373,0.0,0.20529512212546153,0.9912353393814419,0.0165,0.302,,,0.23
fcmad|cca,pheme,0,9,0.8613708925285334,0.0,0.2656857088706939,0.41469780348431273,0.1305,0.191,1.5,,1.03
fcmad|cca,pheme,1,9,0.8570252805831089,0.0,0.2734396108655134,0.37827503424716585,0.1075,0.1755,1.5,,1.11
fcmad|cca,pheme,2,9,0.871196427796928,0.04081191419549468,0.26241136285399896,0.4189769945324666,0.1325,0.1545,1.5,,1.08
fcmad|raw,pheme,0,9,0.8602112070377169,0.0,0.2742479831933565,0.38977124833120264,0.1175,0.191,1.5,,0.25
fcmad|raw,pheme,1,9,0.8397728013699661,0.0,0.28372327917185414,0.36498832826529704,0.1255,0.1905,1.5,,0.31
specsoft|cca,pheme,0,9,0.8370292991345362,0.0,0.172048945377384,0.9926172866254497,0.013,0.2735,,,0.33
fcmad|raw,pheme,2,9,0.8317326005132062,0.012365841865821459,0.3082998102221146,0.36089599739740275,0.0725,0.185,1.5,,0.41
default,pheme,2,9,0.8543142336088391,0.015056576023737778,0.2816022363559687,0.408388213609886,0.0985,0.1695,1.5,,5.86
specsoft|cca,pheme,2,9,0.8672429344158835,0.0,0.2271389356882274,0.9889949126703079,0.0215,0.1735,,,0.31
specsoft|cca,pheme,1,9,0.8223676349054564,0.0,0.239168098327786,0.9680207168145323,0.0625,0.317,,,0.41
specsoft|raw,pheme,0,9,0.4687932337271533,0.04864680896374263,0.21089118257470627,1.0,0.0,0.707,,,0.36
specsoft|raw,pheme,1,9,0.6990484117427855,0.008173109368641684,0.21439300142076456,1.0,0.0,0.4185,,,0.31
specsoft|raw,pheme,2,9,0.5503096379438589,0.008698833839511755,0.19938999575162566,1.0,0.0,0.644,,,0.33
base:spectral_graph+content,pheme,0,9,0.37161126504412,0.37173659969718553,0.5390407947339645,,,,,,0.66
base:spectral_graph+content,pheme,1,9,0.37710874371289954,0.3730291283757452,0.5404408655323404,,,,,,0.75
base:kmeans_content,pheme,0,9,0.26750039315123175,0.08652250524253047,0.3015546726246779,,,,,,0.55
base:spectral_graph+content,pheme,2,9,0.37638218843465615,0.37283580231775326,0.5402358664438359,,,,,,0.64
base:kmeans_content,pheme,1,9,0.29144765512213355,0.10975213170394671,0.31920040836886504,,,,,,0.38
base:kmeans_content,pheme,2,9,0.28892219323213386,0.13146933646532954,0.34248325346167974,,,,,,0.36
base:louvain,pheme,1,162,0.9842180391652389,0.0,0.26626153478470876,,,,,,0.42
base:louvain,pheme,0,162,0.9842180391652389,0.0,0.26626153478470876,,,,,,0.47
base:louvain,pheme,2,163,0.9842457736611393,0.0,0.26059781276312777,,,,,,0.45
default,fakeddit,2,10,0.29091205824468236,0.23679795396036396,0.29866808636115544,0.18425760606511965,0.18166666666666667,0.3625,1.5,,2.16
default,fakeddit,0,10,0.28399931936023204,0.32404460142087477,0.26519627888330477,0.1941229260755539,0.24083333333333334,0.37,1.5,,2.34
default,fakeddit,1,10,0.3173147611930934,0.3641407378164382,0.19635999725760228,0.14865793896925458,0.18583333333333332,0.3975,1.5,,2.44
fcm+rawpca+m1.2,fakeddit,0,10,0.34846564701634564,0.813566225420853,0.8452510027903998,0.795266641087584,0.2833333333333333,0.225,1.2,,2.53
fcm+rawpca+m1.2,fakeddit,1,10,0.3947734543432069,0.7802336880730975,0.842875779811967,0.8528390660147328,0.08583333333333333,0.3308333333333333,1.2,,2.36
kmsoft|cca,fakeddit,0,10,0.31710574495345434,0.6817094920001738,0.7077557145278153,0.6197122050668582,0.3075,0.19666666666666666,,,2.31
fcm+rawpca+m1.2,fakeddit,2,10,0.31353499803832874,0.6689174268180038,0.6996246714736152,0.7492044437733895,0.2791666666666667,0.18416666666666667,1.2,,2.62
kmsoft|cca,fakeddit,1,10,0.3187743552206865,0.6971623366173446,0.7112827002443854,0.6026015222434903,0.2891666666666667,0.18916666666666668,,,2.26
kmsoft|cca,fakeddit,2,10,0.3479309723844703,0.7812533239766424,0.8137430650121497,0.6252316540944604,0.29833333333333334,0.21916666666666668,,,2.41
kmsoft|raw,fakeddit,0,10,0.34746925165382614,0.8391530276935879,0.8252503275762824,0.671194202756303,0.3516666666666667,0.22583333333333333,,,2.34
kmsoft|raw,fakeddit,2,10,0.3186230484982718,0.7231495506572355,0.7198619645179289,0.6599669004636529,0.30333333333333334,0.18166666666666667,,,2.39
kmsoft|raw,fakeddit,1,10,0.35176369910322697,0.8326863930088915,0.8479024744096465,0.7012853241402507,0.3333333333333333,0.22333333333333333,,,2.64
gmm|cca,fakeddit,0,10,0.2528836682582258,0.5861003637313995,0.5742219530579542,0.9206971768748906,0.14916666666666667,0.2225,,,2.39
gmm|cca,fakeddit,1,10,0.30964045926022465,0.6819766555282949,0.7020857062542614,0.9365533157264654,0.11416666666666667,0.19583333333333333,,,2.39
gmm|cca,fakeddit,2,10,0.30014043052650374,0.6760806385022474,0.6959731255805977,0.9306395538274775,0.12333333333333334,0.19666666666666666,,,2.31
gmm|raw,fakeddit,0,10,0.2946074612844406,0.6120806112662756,0.5977322285218716,0.9612257419754732,0.06666666666666667,0.21666666666666667,,,2.36
gmm|raw,fakeddit,2,10,0.2903681274114021,0.6085154046113033,0.5923415937258041,0.9589648572589233,0.07166666666666667,0.2225,,,2.5
gmm|raw,fakeddit,1,10,0.34071979904219785,0.7046746040468761,0.7271591325806485,0.9682996487862514,0.056666666666666664,0.21416666666666667,,,2.8
fcmad|cca,fakeddit,1,10,0.3022425883993194,0.44601347667283187,0.5100555730560958,0.4225064118918807,0.29083333333333333,0.19666666666666666,1.3,,2.25
fcmad|cca,fakeddit,0,10,0.299935051789275,0.6196923238638219,0.6488366595812349,0.49193683805473293,0.3466666666666667,0.18916666666666668,1.3,,2.69
fcmad|cca,fakeddit,2,10,0.3189055760497566,0.47123993558361577,0.4901986376675603,0.418297904639834,0.1775,0.21916666666666668,1.3,,2.17
fcmad|raw,fakeddit,1,10,0.3408798650742696,0.6789566958330989,0.7244953982853601,0.48735021278763213,0.42,0.23166666666666666,1.3,,2.23
fcmad|raw,fakeddit,0,10,0.3431727083405146,0.6767228106637884,0.718386953191999,0.48976275595510516,0.4225,0.22666666666666666,1.3,,2.36
fcmad|raw,fakeddit,2,10,0.3442786428518003,0.7222374555616707,0.6783798695641489,0.4765959098394803,0.4658333333333333,0.22583333333333333,1.3,,2.31
specsoft|cca,fakeddit,0,10,0.418827362740487,0.7849534613882704,0.8595881695853047,0.9999982156208743,0.0,0.33166666666666667,,,2.52
specsoft|cca,fakeddit,1,10,0.41793116432483396,0.7742061403992606,0.8544571099722035,0.9999755751822945,0.0,0.3333333333333333,,,2.44
specsoft|cca,fakeddit,2,10,0.3180581271738497,0.670073123500613,0.7155967534467245,0.9981950459263131,0.0025,0.2225,,,2.31
base:spectral_graph+content,fakeddit,0,10,0.36495366825268355,0.5550827656017339,0.7086974478858832,,,,,,0.28
specsoft|raw,fakeddit,0,10,0.3739250583151837,0.7029695968038384,0.741555332287842,0.9999999839393464,0.0,0.295,,,2.62
base:spectral_graph+content,fakeddit,1,10,0.3665328857833608,0.558267171382854,0.7135813227392899,,,,,,0.38
base:spectral_graph+content,fakeddit,2,10,0.3624479068724976,0.5489359502033544,0.7063716959117723,,,,,,0.31
base:kmeans_content,fakeddit,1,10,0.11747181848192807,0.05281184324661137,0.3080640691677653,,,,,,0.5
base:kmeans_content,fakeddit,0,10,0.1358541343951137,0.08148429537517676,0.27069755766412107,,,,,,0.76
base:louvain,fakeddit,0,6,0.4501480804297777,0.630828565951995,0.887446322743587,,,,,,0.25
base:kmeans_content,fakeddit,2,10,0.13111921789289857,0.08074720016748604,0.27483072454287527,,,,,,0.55
base:louvain,fakeddit,1,6,0.4511259251670453,0.6685839387881221,0.8949522173875257,,,,,,0.2
default,dblp,0,8,0.8475776772909762,0.6702689982017619,0.7331002190599035,0.9325596433591274,0.033582089552238806,0.20988805970149255,1.5,,0.09
default,dblp,1,8,0.8475776772909762,0.6702689982017619,0.7331002190599035,0.9325591006745034,0.033582089552238806,0.20988805970149255,1.5,,0.11
base:louvain,fakeddit,2,7,0.44826334773387194,0.6948810755712067,0.9183184744705358,,,,,,0.28
default,dblp,2,8,0.8475776772909762,0.6702689982017619,0.7331002190599034,0.9325595152434858,0.033582089552238806,0.20988805970149255,1.5,,0.08
fcm+rawpca+m1.2,dblp,0,8,0.8476222480497352,0.6747589549181847,0.7336848796640583,0.9851791100403118,0.0065298507462686565,0.20988805970149255,1.2,,0.06
fcm+rawpca+m1.2,dblp,1,8,0.8476222480497352,0.6747589549181847,0.7336848796640583,0.9851797979880108,0.0065298507462686565,0.20988805970149255,1.2,,0.08
fcm+rawpca+m1.2,dblp,2,8,0.8316578779927107,0.580829091827785,0.6842486186638308,0.970930959978868,0.011194029850746268,0.2294776119402985,1.2,,0.08
kmsoft|cca,dblp,0,8,0.8477074683861308,0.6714914487110449,0.7321146792405944,0.9989211876582744,0.002798507462686567,0.20988805970149255,,,0.08
specsoft|raw,fakeddit,1,10,0.3741549567490452,0.707947524762643,0.7411075538026585,0.9999998124527133,0.0,0.2966666666666667,,,2.48
kmsoft|cca,dblp,1,8,0.8483047949771239,0.6714914487110449,0.7321146792405944,0.9989869664656578,0.002798507462686567,0.20988805970149255,,,0.11
kmsoft|cca,dblp,2,8,0.8477074683861308,0.6714914487110449,0.7321146792405945,0.9989211876582748,0.002798507462686567,0.20988805970149255,,,0.11
specsoft|raw,fakeddit,2,10,0.37519686548454295,0.7042246439196477,0.7408679191605383,0.999999959837333,0.0,0.2991666666666667,,,2.44
kmsoft|raw,dblp,0,8,0.8477074683861308,0.6714914487110449,0.7321146792405944,0.9989211876582744,0.002798507462686567,0.20988805970149255,,,0.11
kmsoft|raw,dblp,1,8,0.8483047949771239,0.6714914487110449,0.7321146792405944,0.9989869664656578,0.002798507462686567,0.20988805970149255,,,0.09
kmsoft|raw,dblp,2,8,0.8477074683861308,0.6714914487110449,0.7321146792405945,0.9989211876582748,0.002798507462686567,0.20988805970149255,,,0.11
gmm|cca,dblp,0,8,0.8094774555612543,0.5762006898594764,0.6676498248972351,0.9986861290339103,0.002798507462686567,0.29197761194029853,,,0.14
gmm|cca,dblp,1,8,0.8094774555612543,0.5762006898594764,0.6676498248972351,0.9986861290339049,0.002798507462686567,0.29197761194029853,,,0.12
gmm|cca,dblp,2,8,0.8391918393424127,0.6076647733168169,0.709621931671165,0.9982108552872826,0.0046641791044776115,0.20149253731343283,,,0.14
gmm|raw,dblp,0,8,0.8094774555612543,0.5762006898594764,0.6676498248972351,0.9986861290339103,0.002798507462686567,0.29197761194029853,,,0.12
fcmad|cca,dblp,0,8,0.8475776772909762,0.6702689982017619,0.7331002190599035,0.9325613497811285,0.033582089552238806,0.20988805970149255,1.5,,0.08
gmm|raw,dblp,1,8,0.8094774555612543,0.5762006898594764,0.6676498248972351,0.9986861290339049,0.002798507462686567,0.29197761194029853,,,0.12
fcmad|cca,dblp,1,8,0.8475776772909762,0.6702689982017619,0.7331002190599036,0.9325613539488821,0.033582089552238806,0.20988805970149255,1.5,,0.06
gmm|raw,dblp,2,8,0.8391918393424127,0.6076647733168169,0.709621931671165,0.9982108552872826,0.0046641791044776115,0.20149253731343283,,,0.12
fcmad|cca,dblp,2,8,0.8475776772909762,0.6702689982017619,0.7331002190599035,0.9325613497811295,0.033582089552238806,0.20988805970149255,1.5,,0.06
fcmad|raw,dblp,1,8,0.8475776772909762,0.6702689982017619,0.7331002190599036,0.9325613539488821,0.033582089552238806,0.20988805970149255,1.5,,0.08
fcmad|raw,dblp,0,8,0.8475776772909762,0.6702689982017619,0.7331002190599035,0.9325613497811285,0.033582089552238806,0.20988805970149255,1.5,,0.12
fcmad|raw,dblp,2,8,0.8475776772909762,0.6702689982017619,0.7331002190599035,0.9325613497811295,0.033582089552238806,0.20988805970149255,1.5,,0.12
specsoft|cca,dblp,0,8,0.6968572778951518,0.25240589271786495,0.4049705496447556,1.0,0.0,0.480410447761194,,,0.09
specsoft|cca,dblp,1,8,0.7236535840379696,0.1639872725482472,0.3558567861411671,1.0,0.0,0.47574626865671643,,,0.12
specsoft|cca,dblp,2,8,0.7114717159977393,0.15593871894585132,0.3788148570487511,1.0,0.0,0.4869402985074627,,,0.11
specsoft|raw,dblp,0,8,0.6968572778951518,0.25240589271786495,0.4049705496447556,1.0,0.0,0.480410447761194,,,0.09
specsoft|raw,dblp,1,8,0.7236535840379696,0.1639872725482472,0.3558567861411671,1.0,0.0,0.47574626865671643,,,0.11
specsoft|raw,dblp,2,8,0.7114717159977393,0.15593871894585132,0.3788148570487511,1.0,0.0,0.4869402985074627,,,0.08
base:spectral_graph+content,dblp,0,8,0.825141855262408,0.6362767682313523,0.7375557084638132,,,,,,0.11
base:spectral_graph+content,dblp,1,8,0.8291110055006329,0.6042176080907018,0.7235304577428769,,,,,,0.16
base:louvain,dblp,0,26,0.9192617043335325,0.3618974797476211,0.6509460607901514,,,,,,0.11
default,amazon,0,4,0.7172353714661406,0.5535487568737809,0.7972215846095807,0.9384570920835229,0.0821917808219178,0.3561643835616438,1.5,,0.02
base:spectral_graph+content,dblp,2,8,0.8237808132947907,0.6508921015717074,0.7482793850312857,,,,,,0.16
default,amazon,1,4,0.7172353714661406,0.5535487568737809,0.7972215846095806,0.9384544526676404,0.0821917808219178,0.3561643835616438,1.5,,0.01
default,amazon,2,4,0.7172353714661406,0.5535487568737809,0.7972215846095806,0.938326844777749,0.0821917808219178,0.3561643835616438,1.5,,0.01
fcm+rawpca+m1.2,amazon,0,4,0.7180900723208414,0.535887821000959,0.7513584402324021,0.9922239515848998,0.0136986301369863,0.3561643835616438,1.2,,0.02
fcm+rawpca+m1.2,amazon,1,4,0.7180900723208414,0.535887821000959,0.7513584402324021,0.9922238825810044,0.0136986301369863,0.3561643835616438,1.2,,0.02
base:louvain,dblp,1,28,0.9195997101462914,0.3524251782962686,0.6461903795923227,,,,,,0.11
fcm+rawpca+m1.2,amazon,2,4,0.7021729125575279,0.4745067193291904,0.7222430977112624,0.9937540679426063,0.0136986301369863,0.3561643835616438,1.2,,0.0
kmsoft|cca,amazon,0,4,0.7180900723208414,0.5300285895686356,0.7519931987323292,1.0,0.0,0.3561643835616438,,,0.01
kmsoft|cca,amazon,1,4,0.7180900723208414,0.5300285895686356,0.7519931987323292,1.0,0.0,0.3561643835616438,,,0.03
kmsoft|raw,amazon,0,4,0.7180900723208414,0.5300285895686356,0.7519931987323292,1.0,0.0,0.3561643835616438,,,0.02
kmsoft|cca,amazon,2,4,0.7180900723208414,0.5300285895686356,0.7519931987323292,1.0,0.0,0.3561643835616438,,,0.05
kmsoft|raw,amazon,1,4,0.7180900723208414,0.5300285895686356,0.7519931987323292,1.0,0.0,0.3561643835616438,,,0.02
kmsoft|raw,amazon,2,4,0.7180900723208414,0.5300285895686356,0.7519931987323292,1.0,0.0,0.3561643835616438,,,0.02
gmm|cca,amazon,0,4,0.6852366863905326,0.4888381971204725,0.7124965707972803,0.9999351536569533,0.0,0.3287671232876712,,,0.02
gmm|cca,amazon,2,4,0.6852366863905326,0.4888381971204725,0.7124965707972803,0.9999351536569533,0.0,0.3287671232876712,,,0.03
base:louvain,dblp,2,28,0.9198209301146187,0.35058284694097175,0.629210873475371,,,,,,0.14
gmm|cca,amazon,1,4,0.6852366863905326,0.4888381971204725,0.7124965707972803,0.9999351536569528,0.0,0.3287671232876712,,,0.03
gmm|raw,amazon,1,4,0.6852366863905326,0.4888381971204725,0.7124965707972803,0.9999351536569528,0.0,0.3287671232876712,,,0.02
gmm|raw,amazon,2,4,0.6852366863905326,0.4888381971204725,0.7124965707972803,0.9999351536569533,0.0,0.3287671232876712,,,0.02
gmm|raw,amazon,0,4,0.6852366863905326,0.4888381971204725,0.7124965707972803,0.9999351536569533,0.0,0.3287671232876712,,,0.03
fcmad|cca,amazon,0,4,0.7172353714661406,0.5535487568737809,0.7972215846095806,0.9384540558603633,0.0821917808219178,0.3561643835616438,1.5,,0.03
fcmad|cca,amazon,2,4,0.7172353714661406,0.5535487568737809,0.7972215846095807,0.9384540558603636,0.0821917808219178,0.3561643835616438,1.5,,0.01
fcmad|cca,amazon,1,4,0.7172353714661406,0.5535487568737809,0.7972215846095807,0.9384540558603631,0.0821917808219178,0.3561643835616438,1.5,,0.01
fcmad|raw,amazon,0,4,0.7172353714661406,0.5535487568737809,0.7972215846095806,0.9384540558603633,0.0821917808219178,0.3561643835616438,1.5,,0.01
fcmad|raw,amazon,1,4,0.7172353714661406,0.5535487568737809,0.7972215846095807,0.9384540558603631,0.0821917808219178,0.3561643835616438,1.5,,0.02
fcmad|raw,amazon,2,4,0.7172353714661406,0.5535487568737809,0.7972215846095807,0.9384540558603636,0.0821917808219178,0.3561643835616438,1.5,,0.02
specsoft|cca,amazon,0,4,0.7172353714661406,0.526120191794379,0.7430935519170814,1.0,0.0,0.3561643835616438,,,0.03
specsoft|cca,amazon,1,4,0.7172353714661406,0.526120191794379,0.7430935519170814,1.0,0.0,0.3561643835616438,,,0.03
specsoft|cca,amazon,2,4,0.7172353714661406,0.526120191794379,0.7430935519170814,1.0,0.0,0.3561643835616438,,,0.01
specsoft|raw,amazon,0,4,0.7172353714661406,0.526120191794379,0.7430935519170814,1.0,0.0,0.3561643835616438,,,0.01
specsoft|raw,amazon,1,4,0.7172353714661406,0.526120191794379,0.7430935519170814,1.0,0.0,0.3561643835616438,,,0.02
specsoft|raw,amazon,2,4,0.7172353714661406,0.526120191794379,0.7430935519170814,1.0,0.0,0.3561643835616438,,,0.02
base:spectral_graph+content,amazon,0,4,0.7144608809993426,0.6186401910049436,0.8343336843336844,,,,,,0.02
base:spectral_graph+content,amazon,1,4,0.7144608809993426,0.6186401910049436,0.8343336843336844,,,,,,0.02
base:spectral_graph+content,amazon,2,4,0.7144608809993426,0.6186401910049436,0.8343336843336844,,,,,,0.02
base:louvain,amazon,0,8,0.7574490466798159,0.37321511147137953,0.6942280356141619,,,,,,0.02
base:louvain,amazon,1,8,0.7574490466798159,0.37321511147137953,0.6942280356141619,,,,,,0.02
base:louvain,amazon,2,8,0.7574490466798159,0.37321511147137953,0.6942280356141619,,,,,,0.02
default,fakeddit_real_full,1,9,0.24079943492381636,0.044929254742191116,0.1457756014971586,0.1111409790104721,0.0,0.5364620938628158,1.5,,3.59
default,fakeddit_real_full,0,9,0.1406626863151124,0.027441981522099645,0.15075278928558083,0.11113579436349845,0.0,0.4693140794223827,1.5,,3.66
default,fakeddit_real_full,2,9,0.22188115790984209,0.04550175586536387,0.15271543051569647,0.11114626711778357,0.0,0.48231046931407945,1.5,,3.8
fcm+rawpca+m1.2,fakeddit_real_full,0,9,0.6495179387616542,0.14406001049592676,0.3467349921840241,0.5315796810372398,0.41660649819494583,0.1812274368231047,1.2,,4.12
fcm+rawpca+m1.2,fakeddit_real_full,2,9,0.4198742642169292,0.04128791522576125,0.3044004998869456,0.4625346293869766,0.4007220216606498,0.18483754512635378,1.2,,3.64
kmsoft|cca,fakeddit_real_full,0,9,0.5630344760771968,0.013369848903771908,0.28457363946382297,0.41157533961926335,0.3422382671480144,0.19494584837545126,,,3.51
kmsoft|cca,fakeddit_real_full,1,9,0.5650353035261435,0.05193735903147734,0.23483524298451983,0.4200134507842807,0.34512635379061374,0.19422382671480146,,,3.58
fcm+rawpca+m1.2,fakeddit_real_full,1,9,0.6114087180382334,0.1010843540715467,0.3090456465961212,0.519719936361541,0.41371841155234657,0.1884476534296029,1.2,,4.11
kmsoft|cca,fakeddit_real_full,2,9,0.4323676770779857,0.014964371082393235,0.28042604393713483,0.38381593512285256,0.36967509025270756,0.19494584837545126,,,3.56
kmsoft|raw,fakeddit_real_full,0,9,0.8098912968424848,0.09272464576871742,0.29052867281205746,0.45745383963253494,0.22815884476534296,0.2187725631768953,,,3.64
kmsoft|raw,fakeddit_real_full,2,9,0.6361784003954286,0.0654473276912888,0.336030548900247,0.41043248217304557,0.30108303249097473,0.23176895306859205,,,3.45
kmsoft|raw,fakeddit_real_full,1,9,0.7348053887475883,0.05220397616796024,0.2763457117818702,0.4435935745660467,0.3285198555956679,0.2339350180505415,,,3.67
gmm|cca,fakeddit_real_full,0,9,0.3596876402924406,0.08000272994602076,0.19512205626184978,0.7905106756499092,0.3552346570397112,0.26931407942238267,,,3.61
gmm|cca,fakeddit_real_full,1,9,0.5297080810261624,0.10203159079465207,0.2538088499217148,0.8436776384076025,0.2490974729241877,0.22093862815884477,,,3.66
gmm|cca,fakeddit_real_full,2,9,0.39818565528099276,0.13291001155570714,0.28568892845762844,0.8062276326241796,0.32418772563176895,0.29891696750902524,,,3.52
gmm|raw,fakeddit_real_full,0,9,0.7661414382698362,0.09807638701186994,0.33301021020681126,0.9298607955227389,0.1256317689530686,0.3436823104693141,,,3.59
gmm|raw,fakeddit_real_full,2,9,0.7003988583052986,0.07355232436710346,0.3582493861963919,0.920651725382051,0.14512635379061373,0.39494584837545127,,,3.73
gmm|raw,fakeddit_real_full,1,9,0.6167675691648425,0.09568499626614846,0.2989818222175775,0.9376687835837283,0.10830324909747292,0.3458483754512635,,,3.88
fcmad|cca,fakeddit_real_full,0,9,0.5041297746921447,0.013887995285162713,0.2510261367134902,0.5522415185599031,0.35451263537906136,0.1624548736462094,1.2,,3.75
fcmad|cca,fakeddit_real_full,1,9,0.5680634348115126,0.043956661602379876,0.21226543979786439,0.6100842739207051,0.3292418772563177,0.1891696750902527,1.2,,3.74
fcmad|raw,fakeddit_real_full,0,9,0.6495179387616542,0.1441838943460506,0.34618668456613605,0.5309677744325931,0.41588447653429605,0.1812274368231047,1.2,,3.61
fcmad|cca,fakeddit_real_full,2,9,0.39707595982727567,0.016541206358158367,0.25396870826443574,0.5378023298718142,0.3667870036101083,0.18989169675090253,1.2,,3.64
fcmad|raw,fakeddit_real_full,1,9,0.647664902894933,0.07550193248520709,0.27438538236396753,0.5776815650110186,0.34729241877256317,0.20866425992779783,1.2,,3.83
fcmad|raw,fakeddit_real_full,2,9,0.5450242703303156,0.06455709133233745,0.30432534205274875,0.4786307310101398,0.4404332129963899,0.2036101083032491,1.2,,3.73
specsoft|cca,fakeddit_real_full,0,9,0.7802489882648124,0.1321931238299251,0.2368612851921515,0.9985746937146832,0.002888086642599278,0.5148014440433213,,,3.61
specsoft|cca,fakeddit_real_full,2,9,0.751248140026627,0.1305446684596281,0.2292309647772398,0.9952035633401725,0.007942238267148015,0.4902527075812274,,,3.48
specsoft|cca,fakeddit_real_full,1,9,0.8299524174369238,0.12384830200409214,0.2565408244123369,0.9986981724454286,0.002888086642599278,0.39855595667870036,,,3.78
base:spectral_graph+content,fakeddit_real_full,0,9,0.6292848267937482,0.24965413182044371,0.2976106126086402,,,,,,0.34
specsoft|raw,fakeddit_real_full,0,9,0.7873309599767347,0.16698842731599928,0.2882112278160433,0.9967672134992606,0.005776173285198556,0.48014440433212996,,,3.75
base:spectral_graph+content,fakeddit_real_full,1,9,0.6292848267937482,0.24965413182044371,0.2976106126086402,,,,,,0.36
base:spectral_graph+content,fakeddit_real_full,2,9,0.6292848267937482,0.24965413182044371,0.2976106126086402,,,,,,0.39
base:kmeans_content,fakeddit_real_full,1,9,0.28458296833824565,0.15714842472300994,0.34982855575028804,,,,,,0.75
base:kmeans_content,fakeddit_real_full,0,9,0.2548045752202146,0.1563447108197875,0.35314716392543993,,,,,,0.88
base:kmeans_content,fakeddit_real_full,2,9,0.26634662724052355,0.12286513327155779,0.28689305293703626,,,,,,0.72
base:louvain,fakeddit_real_full,0,383,0.9411252369810245,0.10068204000507441,0.30641084085815645,,,,,,1.22
specsoft|raw,fakeddit_real_full,1,9,0.747881313514849,0.12063606094545787,0.33779950217913474,0.9839386204080308,0.036101083032490974,0.30324909747292417,,,3.25
specsoft|raw,fakeddit_real_full,2,9,0.7604851328308965,0.1440874701623458,0.2871239236938164,0.9936055777048335,0.009386281588447653,0.4642599277978339,,,3.17
base:louvain,fakeddit_real_full,1,382,0.9410351046897636,0.10079728807818,0.30403253673415487,,,,,,1.09
default,fakeddit_real_lcc,0,6,0.5471847152793584,0.13624927109591334,0.29870584349690205,0.27163526989461934,0.15033783783783783,0.4358108108108108,1.5,,0.49
default,fakeddit_real_lcc,1,6,0.5522990132665555,0.1421476531269955,0.27249832332118,0.26346838857857674,0.02195945945945946,0.42567567567567566,1.5,,0.47
default,fakeddit_real_lcc,2,6,0.539708464837765,0.09889430041556457,0.22137966064493023,0.24031363147301574,0.0,0.46114864864864863,1.5,,0.45
base:louvain,fakeddit_real_full,2,382,0.9410351046897636,0.10079728807818,0.30403253673415487,,,,,,1.09
fcm+rawpca+m1.2,fakeddit_real_lcc,0,6,0.7643460638729365,0.2614434862177102,0.4470200819810248,0.8303058311067125,0.11486486486486487,0.32263513513513514,1.2,,0.48
fcm+rawpca+m1.2,fakeddit_real_lcc,1,6,0.7649346529266492,0.25826751210867793,0.4448600432136088,0.8296670141329157,0.11993243243243243,0.3141891891891892,1.2,,0.45
fcm+rawpca+m1.2,fakeddit_real_lcc,2,6,0.7572088284137276,0.22231398042751305,0.3921601145497326,0.8648381655799409,0.08952702702702703,0.40878378378378377,1.2,,0.45
kmsoft|cca,fakeddit_real_lcc,0,6,0.7683389050555288,0.16327345799410475,0.2892967035298968,0.7508467180681417,0.07263513513513513,0.4155405405405405,,,0.45
kmsoft|cca,fakeddit_real_lcc,1,6,0.7681333460329866,0.21805506635924754,0.37381457649054056,0.7625685720567424,0.0929054054054054,0.40878378378378377,,,0.47
kmsoft|cca,fakeddit_real_lcc,2,6,0.7809625201540826,0.22287057434093294,0.39084981436272015,0.7491432835215632,0.14358108108108109,0.3581081081081081,,,0.5
kmsoft|raw,fakeddit_real_lcc,0,6,0.7653106696990528,0.21230232226702217,0.33456842862062647,0.7548616732242774,0.07432432432432433,0.42905405405405406,,,0.45
kmsoft|raw,fakeddit_real_lcc,1,6,0.7669862322443147,0.22312845269983217,0.3828512760525536,0.7501432572597355,0.08445945945945946,0.40709459459459457,,,0.47
kmsoft|raw,fakeddit_real_lcc,2,6,0.7667627873714844,0.22299594478586426,0.3832128962696189,0.7485056317971062,0.08952702702702703,0.41385135135135137,,,0.52
gmm|cca,fakeddit_real_lcc,0,6,0.6796074990962924,0.31392549831823413,0.5087110867908975,0.9597167688331794,0.07939189189189189,0.36824324324324326,,,0.47
gmm|cca,fakeddit_real_lcc,1,6,0.6582642638111149,0.3094325298124785,0.5127496276889945,0.95382657286874,0.09628378378378379,0.3783783783783784,,,0.45
gmm|cca,fakeddit_real_lcc,2,6,0.6597201533691841,0.3040031701822459,0.5118912597267782,0.9602984556192985,0.06925675675675676,0.41047297297297297,,,0.42
gmm|raw,fakeddit_real_lcc,0,6,0.7406464785786453,0.35034080939884216,0.5301480195374291,0.9859486793504108,0.02364864864864865,0.3581081081081081,,,0.45
gmm|raw,fakeddit_real_lcc,1,6,0.740588098883474,0.350156288882693,0.5297333657532101,0.9854462512746143,0.02195945945945946,0.3564189189189189,,,0.45
gmm|raw,fakeddit_real_lcc,2,6,0.7394108158395085,0.35510410988909213,0.5336710152237193,0.9849910815191054,0.02533783783783784,0.36317567567567566,,,0.47
fcmad|cca,fakeddit_real_lcc,0,6,0.714593685541637,0.20250390709522703,0.3566017977506108,0.6752173800331787,0.20439189189189189,0.38344594594594594,1.3,,0.48
fcmad|cca,fakeddit_real_lcc,1,6,0.722990794931719,0.20790881265541483,0.3682679135551277,0.6824566890684144,0.19763513513513514,0.3733108108108108,1.3,,0.47
fcmad|cca,fakeddit_real_lcc,2,6,0.7244777457056732,0.21169150605484188,0.37128581585909814,0.693679062764938,0.17398648648648649,0.38344594594594594,1.3,,0.5
fcmad|raw,fakeddit_real_lcc,0,6,0.7500621719851361,0.2311556474308114,0.42609315517283486,0.6582823699279045,0.24155405405405406,0.31756756756756754,1.3,,0.48
fcmad|raw,fakeddit_real_lcc,1,6,0.7501711136032374,0.22934355303895737,0.4243845095300669,0.6595763704730839,0.24324324324324326,0.30743243243243246,1.3,,0.48
specsoft|cca,fakeddit_real_lcc,0,6,0.7130708756199898,0.2321649533565564,0.3203394454500144,1.0,0.0,0.5084459459459459,,,0.45
fcmad|raw,fakeddit_real_lcc,2,6,0.7473169621370658,0.2239812771615206,0.41782956980232117,0.6553855827863472,0.2652027027027027,0.3158783783783784,1.3,,0.52
specsoft|cca,fakeddit_real_lcc,1,6,0.7137511267415253,0.2359260684217841,0.3221839747748978,1.0,0.0,0.5084459459459459,,,0.53
specsoft|cca,fakeddit_real_lcc,2,6,0.7126587082095038,0.23074894455083328,0.319680879592384,1.0,0.0,0.5067567567567568,,,0.52
base:spectral_graph+content,fakeddit_real_lcc,0,6,0.6186289805504904,0.5227766958073978,0.6185039315384402,,,,,,0.08
specsoft|raw,fakeddit_real_lcc,0,6,0.712722188986488,0.23244572956021836,0.3267153593571545,1.0,0.0,0.5118243243243243,,,0.47
base:spectral_graph+content,fakeddit_real_lcc,1,6,0.6186289805504904,0.5227766958073978,0.6185039315384402,,,,,,0.12
specsoft|raw,fakeddit_real_lcc,1,6,0.712722188986488,0.23244572956021836,0.3267153593571545,0.9999999870375815,0.0,0.5084459459459459,,,0.48
base:spectral_graph+content,fakeddit_real_lcc,2,6,0.6186289805504904,0.5227766958073978,0.6185039315384402,,,,,,0.09
base:kmeans_content,fakeddit_real_lcc,0,6,0.3670097485229628,0.24680504946879145,0.37684914024031957,,,,,,0.11
base:kmeans_content,fakeddit_real_lcc,1,6,0.32670839806314667,0.25283335752573743,0.3550885832761748,,,,,,0.12
base:kmeans_content,fakeddit_real_lcc,2,6,0.3863484160604629,0.25830026244473203,0.35018573843733986,,,,,,0.11
base:louvain,fakeddit_real_lcc,0,21,0.9112186617370746,0.3132431794118209,0.6275532403387196,,,,,,0.08
base:louvain,fakeddit_real_lcc,1,21,0.9112186617370746,0.3132431794118209,0.6275532403387196,,,,,,0.08
specsoft|raw,fakeddit_real_lcc,2,6,0.712722188986488,0.23244572956021836,0.3267153593571545,0.9999999999998518,0.0,0.5118243243243243,,,0.52
base:louvain,fakeddit_real_lcc,2,21,0.9112186617370746,0.3132431794118209,0.6275532403387196,,,,,,0.09
default,crisismmd@r0.02,0,7,0.641266552737683,0.709720553143145,0.7691106355705715,0.4594075179372751,0.155,0.30375,1.5,,0.94
default,crisismmd@r0.02,2,7,0.6428687838400666,0.6942578521435157,0.7603208662372991,0.46303345174509564,0.15625,0.2775,1.5,,0.86
default,crisismmd@r0.02,1,7,0.4642692976638909,0.7495061627542517,0.7009353634415244,0.4974099677273436,0.5225,0.2525,1.5,,0.94
fcm+rawpca+m1.2,crisismmd@r0.02,0,7,0.5469750798374877,0.8036847463518122,0.7927468121112169,0.9382022036497591,0.065,0.265,1.2,,0.92
kmsoft|cca,crisismmd@r0.02,0,7,0.5499481919936465,0.8086528678727625,0.7790857094429591,0.8310333920469287,0.20875,0.26625,,,0.81
fcm+rawpca+m1.2,crisismmd@r0.02,2,7,0.5697933361099542,0.780536742927001,0.7795977582027368,0.944227623587863,0.07,0.2775,1.2,,0.84
fcm+rawpca+m1.2,crisismmd@r0.02,1,7,0.5554471505112861,0.7791143826716865,0.7681858179616735,0.9397284567051745,0.06375,0.275,1.2,,0.94
kmsoft|cca,crisismmd@r0.02,1,7,0.5622855286251133,0.7759548694165479,0.7715776886643289,0.8549155860576886,0.1575,0.27625,,,0.92
kmsoft|cca,crisismmd@r0.02,2,7,0.5704133069554352,0.8004770258885299,0.7914454480954415,0.8412220177649151,0.1775,0.27625,,,0.81
kmsoft|raw,crisismmd@r0.02,0,7,0.5682675499935943,0.8236297398149631,0.8048291315935272,0.9239960599139252,0.09,0.28125,,,0.92
kmsoft|raw,crisismmd@r0.02,1,7,0.5651184423499461,0.7803960867357448,0.7879561593045293,0.912158909976703,0.105,0.27375,,,0.84
kmsoft|raw,crisismmd@r0.02,2,7,0.5574978550603915,0.7988415555642894,0.7886942797630166,0.9094476757854882,0.11625,0.275,,,0.88
gmm|cca,crisismmd@r0.02,0,7,0.567676168182925,0.8001034935672681,0.7926345472367403,0.9854549302901393,0.0225,0.2825,,,0.86
gmm|cca,crisismmd@r0.02,1,7,0.5363256628470836,0.7076307788221816,0.7346815566053518,0.971448246316562,0.05125,0.2675,,,0.81
gmm|cca,crisismmd@r0.02,2,7,0.5543573511037068,0.6726213575916935,0.7327850214019563,0.9758430336492411,0.04,0.27625,,,0.86
gmm|raw,crisismmd@r0.02,0,7,0.5553790402531189,0.797510763340019,0.7953880997832502,0.9947699308466689,0.00875,0.265,,,0.89
gmm|raw,crisismmd@r0.02,1,7,0.47454063954896253,0.5603441167787068,0.5923352576273011,0.9874081155989195,0.02125,0.265,,,0.86
gmm|raw,crisismmd@r0.02,2,7,0.555590462307372,0.7292974798832349,0.7515188707720207,0.9931218007563121,0.01125,0.25875,,,0.88
fcmad|cca,crisismmd@r0.02,0,7,0.641266552737683,0.709720553143145,0.7691106355705714,0.45940799998400567,0.155,0.30375,1.5,,0.83
fcmad|cca,crisismmd@r0.02,1,7,0.5185330384617224,0.733726758971039,0.725978072265698,0.5116453173150333,0.4725,0.25625,1.5,,0.88
fcmad|cca,crisismmd@r0.02,2,7,0.4749548104956269,0.7536634282811399,0.6970440677530251,0.5033038175636,0.49875,0.25375,1.5,,0.81
fcmad|raw,crisismmd@r0.02,0,7,0.45588287080916073,0.759249216247241,0.6564532174348295,0.5643448388293273,0.45125,0.2425,1.5,,0.84
fcmad|raw,crisismmd@r0.02,1,7,0.45327592172517034,0.7503645878699461,0.676335132301124,0.569343956550645,0.45875,0.24125,1.5,,0.89
fcmad|raw,crisismmd@r0.02,2,7,0.4568339233652645,0.7665107590167164,0.6939996168572072,0.5712825785009582,0.44625,0.25,1.5,,0.88
specsoft|cca,crisismmd@r0.02,0,7,0.6574771806651414,0.9709293627923887,0.9895822348041668,1.0,0.0,0.30375,,,0.84
specsoft|cca,crisismmd@r0.02,2,7,0.6568193669304456,0.9109800715317237,0.9658903213492114,0.9999999999962256,0.0,0.2775,,,0.8
specsoft|cca,crisismmd@r0.02,1,7,0.6260419329915473,0.8526398533719055,0.9352119512048642,0.9996351052935918,0.00125,0.2775,,,0.88
base:spectral_graph+content,crisismmd@r0.02,0,7,0.6442911878262001,0.9062700324361181,0.9654458066904017,,,,,,0.14
specsoft|raw,crisismmd@r0.02,0,7,0.6522659651498718,0.8713526644403868,0.9200957572470694,1.0,0.0,0.30375,,,0.88
base:spectral_graph+content,crisismmd@r0.02,1,7,0.6411693304512138,0.8915976135737177,0.9564968810171138,,,,,,0.14
base:spectral_graph+content,crisismmd@r0.02,2,7,0.6410568513119533,0.9048169919812163,0.9680350213632062,,,,,,0.12
base:kmeans_content,crisismmd@r0.02,0,7,0.2343942320140109,0.3943730374016603,0.5610033449335877,,,,,,0.28
base:kmeans_content,crisismmd@r0.02,1,7,0.24162002838930502,0.4064742121714391,0.5603964460777323,,,,,,0.33
specsoft|raw,crisismmd@r0.02,1,7,0.6525692716681099,0.95141368118392,0.9814561170570454,1.0,0.0,0.2825,,,0.91
base:louvain,crisismmd@r0.02,0,9,0.6585055222186672,0.7079813170251392,0.8467585033976404,,,,,,0.11
specsoft|raw,crisismmd@r0.02,2,7,0.6581664514785506,0.9615086349925374,0.9863857364563465,1.0,0.0,0.27875,,,0.86
base:louvain,crisismmd@r0.02,1,10,0.6530091146779894,0.7392908255840223,0.9362646716614547,,,,,,0.08
base:kmeans_content,crisismmd@r0.02,2,7,0.277492794668888,0.4209784745470222,0.6037258915449902,,,,,,0.28
base:louvain,crisismmd@r0.02,2,9,0.6577891503540191,0.5780598683323365,0.6754005480204197,,,,,,0.08
default,crisismmd@r0.1,2,7,0.2295192098558979,0.12351030246634032,0.24819829495579157,0.14295892371174188,0.0,0.49125,1.5,,0.88
default,crisismmd@r0.1,1,7,0.2500320468192068,0.15651332895553594,0.23161853084301123,0.142964948544771,0.0,0.58,1.5,,0.92
default,crisismmd@r0.1,0,7,0.2857291980094705,0.19570598775483172,0.2534768564284682,0.14294390046813246,0.0,0.54375,1.5,,0.92
fcm+rawpca+m1.2,crisismmd@r0.1,0,7,0.33787583965503154,0.5699806458553025,0.6411224270883029,0.8473854213138128,0.16,0.2575,1.2,,0.94
kmsoft|cca,crisismmd@r0.1,0,7,0.3884831552563916,0.5953409995394692,0.7128901788290063,0.6554318200441955,0.275,0.2725,,,0.86
fcm+rawpca+m1.2,crisismmd@r0.1,2,7,0.3234931259562539,0.5495741081198368,0.6226646445834271,0.8273997310612675,0.2,0.25,1.2,,0.89
kmsoft|cca,crisismmd@r0.1,1,7,0.31644839909434125,0.5761504837288867,0.6422901726296668,0.6542236994465399,0.385,0.24875,,,0.91
fcm+rawpca+m1.2,crisismmd@r0.1,1,7,0.33803440648795896,0.5926580511297883,0.6467696921111263,0.8540340676500214,0.16625,0.2725,1.2,,1.02
kmsoft|cca,crisismmd@r0.1,2,7,0.3221087657659172,0.5536948131675896,0.6377254187376232,0.6176391532408707,0.3975,0.24625,,,0.84
kmsoft|raw,crisismmd@r0.1,0,7,0.34148443420883956,0.6132922517425102,0.6661990249981382,0.7438326299358774,0.25625,0.2575,,,0.91
kmsoft|raw,crisismmd@r0.1,1,7,0.33867620900234335,0.6159914044863792,0.6562570131130832,0.7625156485466509,0.25625,0.2725,,,0.89
kmsoft|raw,crisismmd@r0.1,2,7,0.37837075952456867,0.6460888024743928,0.703793706386495,0.746097731337314,0.23375,0.2625,,,0.92
gmm|cca,crisismmd@r0.1,0,7,0.3793553212857408,0.6582835342785316,0.7856121597971265,0.9413708122706516,0.1,0.2725,,,0.89
gmm|cca,crisismmd@r0.1,1,7,0.333616647287346,0.5810840272033618,0.6790438480462517,0.9177548830486728,0.13875,0.25125,,,0.86
gmm|cca,crisismmd@r0.1,2,7,0.31243346149387924,0.5347334117135591,0.6442898595499216,0.911147662933331,0.155,0.265,,,0.88
gmm|raw,crisismmd@r0.1,0,7,0.33508178437612296,0.5868645612308934,0.5981183672144162,0.9786447298851337,0.03625,0.24,,,0.88
gmm|raw,crisismmd@r0.1,1,7,0.3337378849000337,0.5907744914548274,0.6581010590267223,0.9729567297719848,0.04875,0.27625,,,0.91
gmm|raw,crisismmd@r0.1,2,7,0.3909994536311395,0.6734188335339604,0.7181815945354691,0.9765648197095953,0.0425,0.27375,,,0.88
fcmad|cca,crisismmd@r0.1,0,7,0.3963795283916816,0.5681668284768463,0.6950958414057787,0.5626681771025551,0.275,0.26625,1.3,,0.86
fcmad|cca,crisismmd@r0.1,1,7,0.31259218100505426,0.5891641411251196,0.6609555130505239,0.612766452987343,0.39375,0.2325,1.3,,0.86
fcmad|cca,crisismmd@r0.1,2,7,0.36994965486179293,0.5394438787265283,0.673682203259519,0.5577152954638924,0.33625,0.24625,1.3,,0.86
fcmad|raw,crisismmd@r0.1,0,7,0.33724593232677685,0.6026732313466826,0.6579101912407866,0.7001459936314857,0.24375,0.2575,1.3,,0.84
fcmad|raw,crisismmd@r0.1,1,7,0.4554970729746905,0.6210525968301316,0.7248074859663876,0.36866777225228875,0.04375,0.27875,1.5,,0.88
fcmad|raw,crisismmd@r0.1,2,7,0.33174764820023056,0.5818665407724383,0.6488563965520159,0.6886812717218106,0.26,0.26375,1.3,,0.92
specsoft|cca,crisismmd@r0.1,0,7,0.4060917499762542,0.6560180903427643,0.7446276610845993,0.9997121315490279,0.0,0.3,,,0.84
specsoft|cca,crisismmd@r0.1,1,7,0.3837259323025999,0.6347782993479723,0.7351708980017769,0.997574072344465,0.0075,0.2725,,,0.84
specsoft|cca,crisismmd@r0.1,2,7,0.33883031226853083,0.521029212544025,0.6493495681074093,0.9942858186019399,0.01,0.24375,,,0.84
base:spectral_graph+content,crisismmd@r0.1,0,7,0.4572958657720974,0.8675302499664546,0.954510105908116,,,,,,0.11
specsoft|raw,crisismmd@r0.1,0,7,0.33204676313109877,0.5551534788028168,0.6119602804755248,0.999348563682644,0.0,0.24375,,,0.88
base:spectral_graph+content,crisismmd@r0.1,2,7,0.44534131040403835,0.8453143716242535,0.9419138221023301,,,,,,0.09
base:spectral_graph+content,crisismmd@r0.1,1,7,0.4529792117191877,0.8538458898509859,0.945628381255194,,,,,,0.16
base:kmeans_content,crisismmd@r0.1,0,7,0.17925418573803628,0.3943730374016603,0.5610033449335877,,,,,,0.28
base:kmeans_content,crisismmd@r0.1,1,7,0.17943973003792496,0.4064742121714391,0.5603964460777323,,,,,,0.28
base:louvain,crisismmd@r0.1,0,5,0.4767531462363063,0.6416753864813456,0.9046601716549623,,,,,,0.09
base:louvain,crisismmd@r0.1,1,6,0.4568103738977049,0.3964962817979135,0.6392845570178253,,,,,,0.09
specsoft|raw,crisismmd@r0.1,1,7,0.32489976810806137,0.5783591245508999,0.6120325508124227,0.9987814243280495,0.00375,0.2475,,,0.86
base:kmeans_content,crisismmd@r0.1,2,7,0.20184344465352816,0.4209784745470222,0.6037258915449902,,,,,,0.27
base:louvain,crisismmd@r0.1,2,5,0.4741745013191766,0.5530382581428894,0.8533822622234464,,,,,,0.09
specsoft|raw,crisismmd@r0.1,2,7,0.39898149345309203,0.6960798052419512,0.7340602772078201,0.9999495435746466,0.0,0.27375,,,0.89
default,crisismmd@r0.25,0,7,0.05728194396087069,0.057915009241260695,0.34620217927918995,0.14287247156067395,0.0,0.33875,1.5,,0.83
default,crisismmd@r0.25,1,7,0.07837153844903365,0.08554032161618008,0.3213738325174664,0.14287323035538782,0.0,0.38,1.5,,0.86
default,crisismmd@r0.25,2,7,0.08687040825386476,0.09467060406443739,0.34528397481455547,0.14287667455458022,0.0,0.39125,1.5,,0.86
fcm+rawpca+m1.2,crisismmd@r0.25,0,7,0.18071620356343113,0.5197758944133184,0.6366849855955549,0.6836224834616522,0.2725,0.24375,1.2,,0.92
fcm+rawpca+m1.2,crisismmd@r0.25,1,7,0.16778239241488282,0.5114052727382619,0.6413199464626915,0.6608027517464389,0.305,0.23,1.2,,0.88
fcm+rawpca+m1.2,crisismmd@r0.25,2,7,0.18810061318936797,0.5142387349950363,0.637703638854288,0.6670082251647328,0.3025,0.22375,1.2,,0.86
kmsoft|cca,crisismmd@r0.25,0,7,0.11499627004169605,0.29245369327750026,0.5241375510998452,0.4119116549340398,0.425,0.21625,,,0.84
kmsoft|cca,crisismmd@r0.25,1,7,0.0880501883770442,0.28943402919243244,0.5360219086346321,0.4060402530857353,0.4425,0.21125,,,0.84
kmsoft|cca,crisismmd@r0.25,2,7,0.13445290005492397,0.29306343549259517,0.5376294184446108,0.4086795309158731,0.40125,0.2175,,,0.83
kmsoft|raw,crisismmd@r0.25,0,7,0.18545229085169967,0.5383044818681472,0.6439794357129169,0.5105133021929333,0.3225,0.245,,,0.91
kmsoft|raw,crisismmd@r0.25,1,7,0.17529044763665155,0.5246015199124718,0.6382818507803188,0.4897260798201756,0.32875,0.26375,,,0.92
kmsoft|raw,crisismmd@r0.25,2,7,0.1841608539227294,0.5321829988695961,0.6510763741168931,0.49332176657300864,0.35875,0.24125,,,0.92
gmm|cca,crisismmd@r0.25,0,7,0.06826157258087126,0.3561333895996076,0.6057451964231626,0.798087713756735,0.35625,0.39625,,,0.88
gmm|cca,crisismmd@r0.25,1,7,0.07045586643658336,0.2856359407072042,0.5319373786843995,0.7519116215478862,0.38375,0.25,,,0.86
gmm|cca,crisismmd@r0.25,2,7,0.07358335776487153,0.27298085789717264,0.4778096489864975,0.8191812125448323,0.29625,0.475,,,0.88
gmm|raw,crisismmd@r0.25,0,7,0.18166171842312087,0.5168118514014027,0.6326066439352009,0.9330407527377074,0.1175,0.26875,,,0.88
gmm|raw,crisismmd@r0.25,1,7,0.1852520090304162,0.5156066426618666,0.6374563330386963,0.9449655885353985,0.1,0.27125,,,0.91
gmm|raw,crisismmd@r0.25,2,7,0.18754642741691138,0.5171198232810331,0.644280017676565,0.9308881816303809,0.13,0.25,,,0.91
fcmad|cca,crisismmd@r0.25,0,7,0.10052795270903186,0.2804761303181649,0.5162986406898489,0.5628687206877941,0.38375,0.215,1.2,,0.88
fcmad|cca,crisismmd@r0.25,1,7,0.09423458824310547,0.28037447604613086,0.5287252686182788,0.5405952686831627,0.425,0.205,1.2,,0.88
fcmad|cca,crisismmd@r0.25,2,7,0.1170862050950917,0.2764883202473212,0.5272408157601771,0.5440909330020997,0.37375,0.20875,1.2,,0.91
fcmad|raw,crisismmd@r0.25,2,7,0.18810061318936797,0.5142387349950363,0.637703638854288,0.6670084372470064,0.3025,0.22375,1.2,,0.88
fcmad|raw,crisismmd@r0.25,1,7,0.16778239241488282,0.5114052727382619,0.6413199464626915,0.6608340439465169,0.305,0.23,1.2,,0.95
fcmad|raw,crisismmd@r0.25,0,7,0.18071620356343113,0.5208279247906789,0.6371202843688036,0.6837039115256408,0.27375,0.24375,1.2,,0.99
specsoft|cca,crisismmd@r0.25,0,7,0.14321447794355963,0.27463546271326,0.4831679417614344,0.9459074504758186,0.10125,0.2325,,,0.92
specsoft|cca,crisismmd@r0.25,1,7,0.13751986098190025,0.3225944153478376,0.5530903494111713,0.9339490785160923,0.11875,0.2125,,,0.88
specsoft|cca,crisismmd@r0.25,2,7,0.13337804863492153,0.29502695813399593,0.5290327420587816,0.9214538104525084,0.13375,0.22625,,,0.95
specsoft|raw,crisismmd@r0.25,0,7,0.17796544372792994,0.48513187353909293,0.61388358323706,0.9944630915837862,0.00625,0.23375,,,0.94
base:spectral_graph+content,crisismmd@r0.25,0,7,0.22652009972149018,0.6352927932435034,0.7866824536778297,,,,,,0.11
base:spectral_graph+content,crisismmd@r0.25,1,7,0.252373525747283,0.7867658407768826,0.9234846479437915,,,,,,0.12
base:spectral_graph+content,crisismmd@r0.25,2,7,0.24789260609814465,0.7587922314891993,0.8939407284009775,,,,,,0.12
base:kmeans_content,crisismmd@r0.25,0,7,0.10781515385039461,0.3943730374016603,0.5610033449335877,,,,,,0.27
base:kmeans_content,crisismmd@r0.25,1,7,0.10112952407744581,0.4064742121714391,0.5603964460777323,,,,,,0.25
base:louvain,crisismmd@r0.25,0,10,0.27089989137343135,0.03996792632973212,0.2890293018769018,,,,,,0.16
base:kmeans_content,crisismmd@r0.25,2,7,0.12153367161952403,0.4209784745470222,0.6037258915449902,,,,,,0.28
specsoft|raw,crisismmd@r0.25,1,7,0.17202455172136713,0.48689998661773004,0.6185959167220249,0.9908915608588397,0.02,0.235,,,0.92
base:louvain,crisismmd@r0.25,2,8,0.27566171996829814,0.04366942560358689,0.31286053472356495,,,,,,0.12
base:louvain,crisismmd@r0.25,1,9,0.27843986317145386,0.07358249793445104,0.3397149732661425,,,,,,0.17
specsoft|raw,crisismmd@r0.25,2,7,0.15545822501291343,0.4471449261687024,0.5961224974867266,0.9932403148502575,0.00875,0.215,,,0.91
default,crisismmd@r0.5,0,7,0.025664886677189802,0.031155616546782783,0.16864766718624646,0.14286754605805993,0.0,0.535,1.5,,0.83
default,crisismmd@r0.5,2,7,0.029854730142278605,0.02379184404716106,0.2822150453925213,0.14286758398942706,0.0,0.36,1.5,,0.81
default,crisismmd@r0.5,1,7,0.019419918181582698,0.06305169871105054,0.3079399682738094,0.14287432683981907,0.0,0.305,1.5,,0.86
fcm+rawpca+m1.2,crisismmd@r0.5,0,7,0.005111085248918679,0.003435649770228033,0.2404189436604655,0.1923088220347026,0.00125,0.48875,1.2,,0.95
kmsoft|cca,crisismmd@r0.5,0,7,0.02559592160265412,0.1512788935209024,0.4013577109164361,0.38056089831752826,0.4325,0.22875,,,0.83
fcm+rawpca+m1.2,crisismmd@r0.5,1,7,0.01811404413332459,0.161395137662682,0.31296184152613227,0.27426580327465433,0.0,0.45625,1.2,,0.94
fcm+rawpca+m1.2,crisismmd@r0.5,2,7,0.036158935210651125,0.14321562236136187,0.359031104492502,0.2692998617917292,0.21125,0.39875,1.2,,0.91
kmsoft|cca,crisismmd@r0.5,1,7,0.027873964898716685,0.15942157421767433,0.4168678261442129,0.3781469937705608,0.4125,0.21625,,,0.88
kmsoft|cca,crisismmd@r0.5,2,7,0.04147056884805882,0.15610210983525818,0.41226973927449206,0.3780077838647336,0.42125,0.22125,,,0.84
kmsoft|raw,crisismmd@r0.5,0,7,0.06349453306413681,0.41765542773073905,0.5889439123579434,0.3986563898016525,0.33,0.23625,,,0.92
kmsoft|raw,crisismmd@r0.5,1,7,0.049144250127363884,0.43635513780321433,0.601411594112114,0.3976692640503731,0.3325,0.23125,,,0.92
kmsoft|raw,crisismmd@r0.5,2,7,0.06509971807132664,0.4309803500143219,0.5975686362818644,0.3906687839304024,0.34,0.23625,,,0.89
gmm|cca,crisismmd@r0.5,0,7,0.013267888277329555,0.24540380442416554,0.5059728165603411,0.7562424034863793,0.41375,0.32875,,,0.92
gmm|cca,crisismmd@r0.5,1,7,0.014717771128952024,0.1723398953788835,0.43828400191656,0.725717761591754,0.3775,0.2475,,,0.95
gmm|raw,crisismmd@r0.5,0,7,0.046218375480462925,0.40055314381366225,0.5554236143747829,0.8868035557582897,0.19125,0.3175,,,0.97
gmm|cca,crisismmd@r0.5,2,7,0.025011689928801536,0.17726031212650428,0.39467698667447243,0.7360032957810351,0.4,0.2725,,,1.05
gmm|raw,crisismmd@r0.5,1,7,0.048918581940301395,0.36789889223952366,0.5418580944132688,0.8827041738750687,0.20375,0.32125,,,0.94
gmm|raw,crisismmd@r0.5,2,7,0.05301561125487925,0.3577187828226147,0.5195011780842865,0.875108313404962,0.19875,0.31875,,,0.91
fcmad|cca,crisismmd@r0.5,0,7,0.019663237017600872,0.14352980822540706,0.4008729974893475,0.47545496867581777,0.44375,0.225,1.2,,0.86
fcmad|cca,crisismmd@r0.5,1,7,0.02257730090220781,0.1587490765475703,0.41259588104908956,0.47449142774455366,0.435,0.21,1.2,,0.88
fcmad|cca,crisismmd@r0.5,2,7,0.03946558187705834,0.15016505755842313,0.40173240056943843,0.47295242615062477,0.4325,0.20875,1.2,,0.88
fcmad|raw,crisismmd@r0.5,0,7,0.05450247940801664,0.2748770617746271,0.47326642906691296,0.39233786951552446,0.47375,0.29625,1.2,,0.95
fcmad|raw,crisismmd@r0.5,1,7,0.044703431484880075,0.26573334819875627,0.46682169565616627,0.37925422603428105,0.50125,0.2575,1.2,,0.98
fcmad|raw,crisismmd@r0.5,2,7,0.060344959744720164,0.2744845095825972,0.470616301664109,0.3829509414959534,0.5,0.2575,1.2,,1.0
specsoft|cca,crisismmd@r0.5,0,7,0.019944078474043204,0.14967861257207704,0.4515336110138438,0.9130960840864997,0.1525,0.25875,,,0.86
specsoft|cca,crisismmd@r0.5,1,7,0.015547172289607189,0.14052971980871254,0.40638283926927293,0.9003502297150888,0.17375,0.22,,,0.95
specsoft|cca,crisismmd@r0.5,2,7,0.039137320462151404,0.14432774957623962,0.3799830227586561,0.9137240865752264,0.165,0.2175,,,0.91
specsoft|raw,crisismmd@r0.5,0,7,0.06765027800282147,0.3792998944691761,0.5570562860232869,0.9900274917682481,0.0175,0.22625,,,0.91
base:spectral_graph+content,crisismmd@r0.5,0,7,0.10400973239133447,0.5737823180153394,0.7522743331064871,,,,,,0.12
base:spectral_graph+content,crisismmd@r0.5,1,7,0.09790437447568263,0.5425287590952939,0.7361953844187046,,,,,,0.11
base:spectral_graph+content,crisismmd@r0.5,2,7,0.10311899784321374,0.5730837857857914,0.7495800500699735,,,,,,0.14
base:kmeans_content,crisismmd@r0.5,0,7,0.047071800041383206,0.3943730374016603,0.5610033449335877,,,,,,0.31
base:kmeans_content,crisismmd@r0.5,1,7,0.04074396358356433,0.4064742121714391,0.5603964460777323,,,,,,0.27
specsoft|raw,crisismmd@r0.5,1,7,0.061376619945547384,0.3487901313266377,0.572582825962815,0.9734472425233304,0.05375,0.22875,,,0.89
base:louvain,crisismmd@r0.5,0,12,0.25244768700018555,0.0,0.16731928325507478,,,,,,0.17
base:kmeans_content,crisismmd@r0.5,2,7,0.059292144363778956,0.4209784745470222,0.6037258915449902,,,,,,0.28
base:louvain,crisismmd@r0.5,1,13,0.243542220043586,0.0,0.1597006352412795,,,,,,0.23
specsoft|raw,crisismmd@r0.5,2,7,0.06321753685728113,0.3876232275999798,0.571662403419851,0.9802058149050175,0.03875,0.21875,,,0.88
base:louvain,crisismmd@r0.5,2,11,0.25617142642668467,0.0,0.16467341289893403,,,,,,0.2
default,crisismmd@r1.0,0,7,0.025636075914698526,0.04284360283833544,0.26195419143093474,0.14286990158693583,0.0,0.34875,1.5,,0.83
default,crisismmd@r1.0,1,7,0.004269162465853715,0.057849034433482216,0.30167715703872894,0.1428719277264681,0.0,0.28875,1.5,,0.84
default,crisismmd@r1.0,2,7,0.027224664754577715,0.0,0.263885859791159,0.1428718453731586,0.0,0.32125,1.5,,0.83
fcm+rawpca+m1.2,crisismmd@r1.0,0,7,0.002412173087648306,0.00237022365634898,0.22233079951074552,0.1865727879831972,0.0,0.5025,1.2,,1.0
kmsoft|cca,crisismmd@r1.0,0,7,0.0009008711786324709,0.13545335255048085,0.3898182900364558,0.3847925069159666,0.42625,0.215,,,0.89
fcm+rawpca+m1.2,crisismmd@r1.0,1,7,-0.004828628383740752,0.15623444361327565,0.3281339088392944,0.2738637359343928,0.005,0.4425,1.2,,0.98
fcm+rawpca+m1.2,crisismmd@r1.0,2,7,0.016055793631058145,0.0027860160512316323,0.2084703402791817,0.1935458926628585,0.03125,0.47375,1.2,,1.02
kmsoft|cca,crisismmd@r1.0,1,7,0.006275573194789361,0.15818042603430515,0.41305655970764016,0.38041168581524765,0.43375,0.21875,,,0.86
kmsoft|cca,crisismmd@r1.0,2,7,0.027181595212052823,0.15214864125022642,0.38938741071376787,0.38209024672346764,0.42375,0.2075,,,0.83
kmsoft|raw,crisismmd@r1.0,0,7,0.01135557302521587,0.42963584344531647,0.5942313440534303,0.39172344749021604,0.34,0.24,,,0.94
kmsoft|raw,crisismmd@r1.0,1,7,-0.0020836223630932987,0.4353090273422514,0.5992746372975866,0.3904807610675561,0.30125,0.2325,,,0.91
kmsoft|raw,crisismmd@r1.0,2,7,0.016441828076055723,0.4236492826510849,0.5944363150389858,0.3867624717840538,0.32,0.23,,,0.86
gmm|cca,crisismmd@r1.0,0,7,0.0017450142315609688,0.1443944692726964,0.39407683642685293,0.732909268295915,0.40875,0.285,,,0.84
gmm|cca,crisismmd@r1.0,1,7,0.005171804680727374,0.19852332855877375,0.4252162823351325,0.7386173024816104,0.3825,0.22875,,,0.83
gmm|cca,crisismmd@r1.0,2,7,0.01635881143211506,0.14761385756780843,0.40862992038265344,0.7415140256226649,0.37875,0.26875,,,0.83
gmm|raw,crisismmd@r1.0,0,7,0.006946141775989498,0.40640630647346376,0.5604054729743182,0.8833232722600458,0.1775,0.31,,,0.88
gmm|raw,crisismmd@r1.0,1,7,-0.0004801516364519561,0.40294067035598313,0.5761844581140545,0.8805630476584579,0.19125,0.26375,,,0.97
gmm|raw,crisismmd@r1.0,2,7,0.005048705246555193,0.406727488868984,0.5650076485898514,0.8821180989310803,0.205,0.29625,,,0.88
fcmad|cca,crisismmd@r1.0,0,7,0.004619512099502676,0.14629818809006023,0.40270268853973795,0.47654147966159455,0.44625,0.2,1.2,,0.92
fcmad|cca,crisismmd@r1.0,1,7,0.005714631380255714,0.1484453509670396,0.40826886699982623,0.4769571377456744,0.44375,0.205,1.2,,0.88
fcmad|cca,crisismmd@r1.0,2,7,0.027123114911795657,0.14504567415084524,0.38242088510239886,0.4887951747131591,0.45,0.19875,1.2,,0.88
fcmad|raw,crisismmd@r1.0,0,7,0.008482733138010597,0.395257293578936,0.5771978809065749,0.8233586302069286,0.2225,0.24,1.1,,0.94
fcmad|raw,crisismmd@r1.0,1,7,-0.0018785940357843936,0.41060555505342644,0.5875310255778847,0.8230483939075697,0.22,0.23375,1.1,,0.97
fcmad|raw,crisismmd@r1.0,2,7,0.008723496115522098,0.41400805396403795,0.585254750127186,0.822466281639961,0.22,0.23875,1.1,,0.94
specsoft|cca,crisismmd@r1.0,0,7,0.014157644418202173,0.16143978189342456,0.47672154748887274,0.9217556333452854,0.13375,0.25,,,0.95
specsoft|cca,crisismmd@r1.0,1,7,0.008318739815554973,0.1476340107292422,0.42133329314094287,0.9110363703153213,0.15125,0.2375,,,0.89
specsoft|cca,crisismmd@r1.0,2,7,0.03167241088391916,0.17426665098902194,0.3780986313646336,0.9133968241561079,0.13125,0.22,,,0.92
specsoft|raw,crisismmd@r1.0,0,7,0.012488750390832217,0.39827414353682156,0.5782031317952787,0.980197725538256,0.04125,0.22125,,,0.89
base:spectral_graph+content,crisismmd@r1.0,1,7,0.024271605580247966,0.5126339450724022,0.7120875623677112,,,,,,0.12
base:spectral_graph+content,crisismmd@r1.0,0,7,0.03341496474944068,0.5149394188775278,0.7150912177674738,,,,,,0.12
base:spectral_graph+content,crisismmd@r1.0,2,7,0.03481092752858502,0.5254201908799061,0.7212905038362206,,,,,,0.11
base:kmeans_content,crisismmd@r1.0,0,7,4.709504775424721e-05,0.3943730374016603,0.5610033449335877,,,,,,0.28
base:kmeans_content,crisismmd@r1.0,1,7,-0.005101568174557251,0.4064742121714391,0.5603964460777323,,,,,,0.27
base:louvain,crisismmd@r1.0,0,11,0.25307434750797725,0.0,0.15818876519706393,,,,,,0.16
base:kmeans_content,crisismmd@r1.0,2,7,0.0024528890114407665,0.4209784745470222,0.6037258915449902,,,,,,0.28
specsoft|raw,crisismmd@r1.0,2,7,0.012003509704385802,0.38447290127686995,0.5697126881200733,0.9868086049199094,0.01875,0.2275,,,0.95
specsoft|raw,crisismmd@r1.0,1,7,0.003158479477091034,0.3997714746239972,0.5760287373217791,0.9804613687887337,0.03625,0.22,,,0.97
base:louvain,crisismmd@r1.0,1,12,0.2556748327152022,0.0,0.14285088910187996,,,,,,0.14
base:louvain,crisismmd@r1.0,2,10,0.2538418112511343,0.0,0.15932253731041848,,,,,,0.14
default,fakeddit@r0.02,2,10,0.3631865439659848,0.476610516362616,0.30163993719446414,0.20814402682610247,0.2525,0.3408333333333333,1.5,,2.33
default,fakeddit@r0.02,1,10,0.29054984294563785,0.2945286623048132,0.3755289557546337,0.21223874774525478,0.26916666666666667,0.25333333333333335,1.5,,2.47
default,fakeddit@r0.02,0,10,0.31678816717331965,0.3197439068732103,0.30081760138924757,0.2248017525130839,0.285,0.32916666666666666,1.5,,2.5
fcm+rawpca+m1.2,fakeddit@r0.02,0,10,0.4515344710924659,0.8266101043517169,0.8694780122119857,0.9088580274618766,0.058333333333333334,0.33416666666666667,1.2,,2.67
fcm+rawpca+m1.2,fakeddit@r0.02,1,10,0.3003241176219839,0.6008270585630209,0.6080656496675954,0.7661545308663116,0.2825,0.17083333333333334,1.2,,2.42
kmsoft|cca,fakeddit@r0.02,0,10,0.41343994377213933,0.8832275362881701,0.8549155676761846,0.7485629287238124,0.27666666666666667,0.21,,,2.36
fcm+rawpca+m1.2,fakeddit@r0.02,2,10,0.34263544368264426,0.5979759431770145,0.6038297447484537,0.7823963534805916,0.20333333333333334,0.17333333333333334,1.2,,2.48
kmsoft|cca,fakeddit@r0.02,1,10,0.4002653110433001,0.8677154710723,0.8497317638134396,0.7309590047068192,0.25666666666666665,0.22083333333333333,,,2.24
kmsoft|cca,fakeddit@r0.02,2,10,0.40284528129744507,0.8197563839238484,0.8437114712004655,0.7339743416111378,0.2633333333333333,0.20583333333333334,,,2.22
kmsoft|raw,fakeddit@r0.02,0,10,0.4013248732201539,0.9042018515542956,0.8671886667731226,0.7919832634848476,0.315,0.22583333333333333,,,2.3
kmsoft|raw,fakeddit@r0.02,2,10,0.36568014178544495,0.7412209407817677,0.7301973265783377,0.7278012950616719,0.2975,0.18166666666666667,,,2.28
kmsoft|raw,fakeddit@r0.02,1,10,0.37850853827721603,0.852386524683383,0.8160838566724106,0.7533967129260168,0.38083333333333336,0.23166666666666666,,,2.33
gmm|cca,fakeddit@r0.02,0,10,0.4121007371908114,0.8454524290623182,0.8381737881838378,0.9715193156312026,0.051666666666666666,0.21916666666666668,,,2.28
gmm|cca,fakeddit@r0.02,1,10,0.5078560280464441,0.9528829533214319,0.9831037170299552,0.9968896295241626,0.005833333333333334,0.33416666666666667,,,2.28
gmm|cca,fakeddit@r0.02,2,10,0.40373872436950714,0.8380887312987058,0.8413475257891374,0.9622807078309585,0.07583333333333334,0.21583333333333332,,,2.25
gmm|raw,fakeddit@r0.02,0,10,0.41476631768168676,0.8591332340506692,0.854203692778858,0.9783634696235686,0.03833333333333333,0.23166666666666666,,,2.41
gmm|raw,fakeddit@r0.02,1,10,0.39252334195601085,0.7574445210842244,0.7308129556627169,0.9796084584111365,0.035833333333333335,0.23416666666666666,,,2.33
gmm|raw,fakeddit@r0.02,2,10,0.3902556381721038,0.7481422244203932,0.727039304094572,0.9757457699840693,0.04583333333333333,0.20833333333333334,,,2.22
fcmad|cca,fakeddit@r0.02,0,10,0.3964577198125426,0.6466968969631317,0.7218126045128528,0.5810088638661122,0.30666666666666664,0.21,1.3,,2.39
fcmad|cca,fakeddit@r0.02,1,10,0.39378819136808274,0.6415156978182924,0.7205854671807471,0.5815426870936017,0.2633333333333333,0.22166666666666668,1.3,,2.44
fcmad|cca,fakeddit@r0.02,2,10,0.40475410887150315,0.6971819962026509,0.7317802357455333,0.567546494755528,0.2833333333333333,0.21416666666666667,1.3,,2.14
fcmad|raw,fakeddit@r0.02,0,10,0.39885436648019545,0.8706863270505321,0.8619826051854176,0.6737510778023981,0.33916666666666667,0.23833333333333334,1.3,,2.34
fcmad|raw,fakeddit@r0.02,1,10,0.3750751910944357,0.7885121598139627,0.7493328259076395,0.6392315933824853,0.385,0.2375,1.3,,2.34
fcmad|raw,fakeddit@r0.02,2,10,0.3989177683723273,0.8238019857447301,0.746724953498323,0.5965611344730418,0.34833333333333333,0.23,1.3,,2.2
specsoft|cca,fakeddit@r0.02,0,10,0.5134669669729814,0.9752566960328881,0.9918240069101565,1.0,0.0,0.3333333333333333,,,2.22
specsoft|cca,fakeddit@r0.02,1,10,0.47809313522272034,0.8319776165590671,0.8477679461801358,1.0,0.0,0.335,,,2.2
specsoft|cca,fakeddit@r0.02,2,10,0.4778393213805185,0.8220574598386596,0.8806561607197196,1.0,0.0,0.3408333333333333,,,2.25
specsoft|raw,fakeddit@r0.02,0,10,0.4535709554797321,0.8528675668423876,0.8726460791251849,1.0,0.0,0.31833333333333336,,,2.34
base:spectral_graph+content,fakeddit@r0.02,0,10,0.4631576532419865,0.7098674228440214,0.840437480610898,,,,,,0.3
base:spectral_graph+content,fakeddit@r0.02,1,10,0.470920615908303,0.697042236926537,0.8163414510328881,,,,,,0.27
base:spectral_graph+content,fakeddit@r0.02,2,10,0.4751768653687355,0.7422167550807666,0.8423698922486833,,,,,,0.38
base:kmeans_content,fakeddit@r0.02,0,10,0.1491189185316166,0.08148429537517676,0.27069755766412107,,,,,,0.76
base:kmeans_content,fakeddit@r0.02,1,10,0.13161956821510834,0.05281184324661137,0.3080640691677653,,,,,,0.58
base:louvain,fakeddit@r0.02,0,9,0.5141357672297695,0.8871096653038846,0.9725144909420155,,,,,,0.2
base:louvain,fakeddit@r0.02,1,6,0.5085415584559037,0.6698911228429015,0.8886919228655067,,,,,,0.19
specsoft|raw,fakeddit@r0.02,1,10,0.4823320124445535,0.844372855134952,0.8810285957690042,0.9999999999999984,0.0,0.31583333333333335,,,2.2
base:kmeans_content,fakeddit@r0.02,2,10,0.14725371300732876,0.08074720016748604,0.27483072454287527,,,,,,0.55
specsoft|raw,fakeddit@r0.02,2,10,0.48180300543057375,0.8342706568538609,0.877200615275847,1.0,0.0,0.3375,,,2.05
base:louvain,fakeddit@r0.02,2,8,0.5114601951986397,0.8051911976919354,0.9431009515510316,,,,,,0.19
default,fakeddit@r0.1,2,10,0.29097554427233113,0.17739385290408238,0.1738325439088338,0.13656631978577566,0.0,0.5733333333333334,1.5,,2.28
default,fakeddit@r0.1,0,10,0.29348531844103126,0.2118160900309961,0.18229511084428018,0.1392002693045342,0.0,0.5791666666666667,1.5,,2.47
default,fakeddit@r0.1,1,10,0.29407726888932467,0.21630253048218828,0.1815667511771441,0.13304536958258661,0.0,0.575,1.5,,2.44
fcm+rawpca+m1.2,fakeddit@r0.1,0,10,0.23082658606357723,0.6488050633332636,0.6777609779879004,0.6264284903181541,0.49583333333333335,0.22166666666666668,1.2,,2.59
fcm+rawpca+m1.2,fakeddit@r0.1,1,10,0.24589126822851215,0.6086967767407693,0.6615986103341196,0.5942158880054943,0.43333333333333335,0.19083333333333333,1.2,,2.52
kmsoft|cca,fakeddit@r0.1,0,10,0.21599963999025004,0.43476824941405656,0.5610988004027666,0.43730538751140213,0.3825,0.185,,,2.41
fcm+rawpca+m1.2,fakeddit@r0.1,2,10,0.2115869571256877,0.5957799543634659,0.5952699943870701,0.5944399445270306,0.4375,0.18333333333333332,1.2,,2.47
kmsoft|cca,fakeddit@r0.1,1,10,0.2065581533486572,0.5171840135135228,0.5621986779942703,0.43417782675109984,0.4191666666666667,0.17083333333333334,,,2.27
kmsoft|cca,fakeddit@r0.1,2,10,0.23159623499115126,0.4572701549034497,0.5695686004861542,0.43221066705235966,0.37583333333333335,0.18666666666666668,,,2.28
kmsoft|raw,fakeddit@r0.1,1,10,0.2450175178363695,0.5497415705958237,0.590458053930068,0.4892674494461149,0.36916666666666664,0.18083333333333335,,,2.31
kmsoft|raw,fakeddit@r0.1,2,10,0.25718805400483996,0.6199554344140052,0.6747610578686786,0.4959236388041622,0.3541666666666667,0.1775,,,2.28
kmsoft|raw,fakeddit@r0.1,0,10,0.259392952418157,0.6232839780526869,0.6741252539617562,0.5029559623570435,0.3383333333333333,0.1825,,,2.42
gmm|cca,fakeddit@r0.1,0,10,0.18960917873990174,0.4054237189076164,0.5294797163952712,0.8555907522882453,0.22583333333333333,0.17666666666666667,,,2.23
gmm|cca,fakeddit@r0.1,2,10,0.1813847370922905,0.3133819049427673,0.41520070783764645,0.859735065386482,0.22,0.24333333333333335,,,2.24
gmm|cca,fakeddit@r0.1,1,10,0.2118908184708441,0.4628803123530827,0.5071813813147147,0.8817768075095432,0.20333333333333334,0.23916666666666667,,,2.44
gmm|raw,fakeddit@r0.1,0,10,0.24016323910469536,0.5222464150507433,0.5866285017508968,0.9421013132322376,0.10666666666666667,0.23833333333333334,,,2.39
gmm|raw,fakeddit@r0.1,1,10,0.24280962331025316,0.60585631630134,0.6676668206560266,0.9345302224341129,0.11333333333333333,0.22666666666666666,,,2.33
gmm|raw,fakeddit@r0.1,2,10,0.2694895947058012,0.5579177591205429,0.595078253446175,0.9545953575661618,0.08416666666666667,0.24583333333333332,,,2.25
fcmad|cca,fakeddit@r0.1,1,10,0.19403465612026366,0.45310511905360995,0.5246554166565296,0.5973688320999401,0.3466666666666667,0.165,1.2,,2.34
fcmad|cca,fakeddit@r0.1,0,10,0.2157407064732576,0.4074453742414086,0.5450331372516664,0.5963218702157432,0.3491666666666667,0.1725,1.2,,2.41
fcmad|cca,fakeddit@r0.1,2,10,0.21819911038000475,0.41412417350874053,0.5540304725913304,0.579099248849766,0.3525,0.18,1.2,,2.22
fcmad|raw,fakeddit@r0.1,0,10,0.24847207196625276,0.6234133565273565,0.6757271686761886,0.6036884325471777,0.4241666666666667,0.18583333333333332,1.2,,2.47
fcmad|raw,fakeddit@r0.1,2,10,0.246796258028458,0.6406625763753417,0.6776466313391678,0.6112011154142869,0.39666666666666667,0.19,1.2,,2.38
fcmad|raw,fakeddit@r0.1,1,10,0.24498736022299877,0.605170943991278,0.6602702561440482,0.5947484847193535,0.43333333333333335,0.19166666666666668,1.2,,2.44
specsoft|cca,fakeddit@r0.1,0,10,0.2412224198713935,0.42742110150396817,0.5541865407051001,0.9940174573582156,0.009166666666666667,0.22166666666666668,,,2.25
specsoft|cca,fakeddit@r0.1,1,10,0.2217570543234448,0.4429574935489172,0.5516520592630016,0.9915485230760771,0.013333333333333334,0.21916666666666668,,,2.36
specsoft|cca,fakeddit@r0.1,2,10,0.2389665357457188,0.4362330735761648,0.5533244503185865,0.992336703925381,0.0125,0.22083333333333333,,,2.22
specsoft|raw,fakeddit@r0.1,0,10,0.2996766778066309,0.5101472937566827,0.6176048736491264,0.9999306696333812,0.0,0.2925,,,2.39
base:spectral_graph+content,fakeddit@r0.1,0,10,0.29149704654751474,0.5485186436598007,0.6989487958802828,,,,,,0.28
base:spectral_graph+content,fakeddit@r0.1,1,10,0.3020808546511948,0.5397015336881973,0.7033719877541091,,,,,,0.28
base:spectral_graph+content,fakeddit@r0.1,2,10,0.2933225496931202,0.5279695425917831,0.6961720921555745,,,,,,0.39
base:kmeans_content,fakeddit@r0.1,0,10,0.10664300704814919,0.08148429537517676,0.27069755766412107,,,,,,0.74
base:kmeans_content,fakeddit@r0.1,1,10,0.09406611473895361,0.05281184324661137,0.3080640691677653,,,,,,0.66
base:louvain,fakeddit@r0.1,0,5,0.37523264776571136,0.5197647770993059,0.8206804310002696,,,,,,0.2
specsoft|raw,fakeddit@r0.1,1,10,0.281902594829916,0.4887417775887464,0.6050436477913939,0.9995295588615359,0.0008333333333333334,0.2808333333333333,,,2.17
base:louvain,fakeddit@r0.1,1,5,0.36741754203739396,0.5012782128421144,0.8355439609631026,,,,,,0.2
base:kmeans_content,fakeddit@r0.1,2,10,0.1071229880403132,0.08074720016748604,0.27483072454287527,,,,,,0.53
base:louvain,fakeddit@r0.1,2,4,0.3672037535642457,0.48508196168362705,0.8005012041161863,,,,,,0.2
specsoft|raw,fakeddit@r0.1,2,10,0.2956023257312774,0.5148889441261444,0.6198077697978459,0.9996766010422091,0.0,0.2975,,,2.09
default,fakeddit@r0.25,1,10,0.15293420507737737,0.10501871252790895,0.1390845708223233,0.10002003725653003,0.0,0.5775,1.5,,2.23
default,fakeddit@r0.25,0,10,0.1597085846240807,0.11662928474680934,0.13621999577677413,0.10002775206088718,0.0,0.57,1.5,,2.31
default,fakeddit@r0.25,2,10,0.15383360251833245,0.16861789361802804,0.1952924142640618,0.10002253084160932,0.0,0.455,1.5,,2.25
fcm+rawpca+m1.2,fakeddit@r0.25,0,10,0.12395327128025359,0.2338349478890398,0.3010628057352226,0.2562175524991888,0.22416666666666665,0.2325,1.2,,2.83
kmsoft|cca,fakeddit@r0.25,0,10,0.06624061087314259,0.07834883116204017,0.31682826574271966,0.29761563137252944,0.20583333333333334,0.14916666666666667,,,2.3
fcm+rawpca+m1.2,fakeddit@r0.25,2,10,0.13732864846670068,0.22944289609618373,0.3047441918528658,0.24945207573070524,0.21833333333333332,0.25,1.2,,2.53
fcm+rawpca+m1.2,fakeddit@r0.25,1,10,0.13109936942496497,0.23386025878227046,0.3265639657023839,0.2621218613651458,0.22916666666666666,0.22916666666666666,1.2,,2.75
kmsoft|cca,fakeddit@r0.25,1,10,0.06946583456904591,0.08771858918343534,0.3198354027614535,0.2982029925045232,0.2,0.1675,,,2.25
kmsoft|cca,fakeddit@r0.25,2,10,0.06566833940981191,0.09912615503321098,0.293571623500226,0.3039707410056801,0.20916666666666667,0.17916666666666667,,,2.19
kmsoft|raw,fakeddit@r0.25,0,10,0.11281964256577526,0.27845286389305146,0.47122807416925144,0.29914793366728226,0.24166666666666667,0.17916666666666667,,,2.53
kmsoft|raw,fakeddit@r0.25,1,10,0.1289571188162712,0.3610221159707143,0.5413522112604185,0.30471573720852574,0.24833333333333332,0.175,,,2.44
kmsoft|raw,fakeddit@r0.25,2,10,0.11010173645365338,0.267086592510013,0.4623819954833941,0.3003481218343126,0.24083333333333334,0.19583333333333333,,,2.26
gmm|cca,fakeddit@r0.25,0,10,0.05557633557246208,0.07795327122432405,0.30586116217743287,0.7517283769865274,0.33916666666666667,0.185,,,2.16
gmm|cca,fakeddit@r0.25,2,10,0.07077754706931286,0.09586617706933165,0.29770314787659263,0.7700210122421667,0.31916666666666665,0.18666666666666668,,,2.19
gmm|cca,fakeddit@r0.25,1,10,0.07164700676618636,0.08640717059965408,0.30459665950177683,0.7708687486217309,0.2975,0.21666666666666667,,,2.28
gmm|raw,fakeddit@r0.25,0,10,0.13126970318776493,0.28275537858039224,0.46511284152833793,0.8537120717906974,0.23416666666666666,0.18416666666666667,,,2.45
gmm|raw,fakeddit@r0.25,1,10,0.1463540479578158,0.36656770087213486,0.533363672987902,0.893963083732488,0.16083333333333333,0.28583333333333333,,,2.41
gmm|raw,fakeddit@r0.25,2,10,0.09854457515914249,0.20726873144316338,0.3727291290296538,0.8558193162793389,0.23416666666666666,0.225,,,2.28
fcmad|cca,fakeddit@r0.25,0,10,0.06069157761169734,0.07111305065514406,0.30943458079738495,0.7491839423368977,0.2875,0.14833333333333334,1.1,,2.39
fcmad|cca,fakeddit@r0.25,1,10,0.05550325706380092,0.07491475571643447,0.2891245695070713,0.7477086093494694,0.285,0.16333333333333333,1.1,,2.47
fcmad|cca,fakeddit@r0.25,2,10,0.06659334958668564,0.08177920293314411,0.3058951141666018,0.7515877015320842,0.3025,0.17,1.1,,2.08
fcmad|raw,fakeddit@r0.25,1,10,0.12194148973757987,0.3533831498353035,0.5331679786544494,0.751854927304051,0.3025,0.16833333333333333,1.1,,2.47
fcmad|raw,fakeddit@r0.25,0,10,0.11277024292100218,0.25742547536830096,0.4632549363900774,0.7410647274169465,0.3308333333333333,0.18666666666666668,1.1,,2.69
fcmad|raw,fakeddit@r0.25,2,10,0.10101317834487893,0.23983393667836705,0.4446531275569655,0.7452846941322122,0.31583333333333335,0.20333333333333334,1.1,,2.22
specsoft|cca,fakeddit@r0.25,0,10,0.06328061999816371,0.06327418330729029,0.329610657001412,0.7947996115163293,0.24916666666666668,0.16666666666666666,,,2.3
specsoft|cca,fakeddit@r0.25,2,10,0.06253471587070487,0.06582353184182876,0.2773515076560703,0.8413852605083646,0.21083333333333334,0.205,,,2.34
specsoft|cca,fakeddit@r0.25,1,10,0.06496000988633868,0.07147990054076314,0.2905250454016011,0.8188841111169572,0.235,0.1875,,,2.45
specsoft|raw,fakeddit@r0.25,0,10,0.110675682839036,0.24312691861885993,0.43956092455995793,0.9751628940803296,0.04666666666666667,0.23833333333333334,,,2.39
base:spectral_graph+content,fakeddit@r0.25,0,10,0.15026800585029598,0.29706218701122056,0.505092291934884,,,,,,0.33
base:spectral_graph+content,fakeddit@r0.25,1,10,0.14559016393013763,0.31981012987381785,0.5335418754256771,,,,,,0.33
base:spectral_graph+content,fakeddit@r0.25,2,10,0.15116109442789688,0.2986240644866036,0.5047485489260474,,,,,,0.33
specsoft|raw,fakeddit@r0.25,1,10,0.12326615090712728,0.26699128896033586,0.47087966581545393,0.9814445516909852,0.035,0.27,,,2.23
base:kmeans_content,fakeddit@r0.25,0,10,0.06406249289158421,0.08148429537517676,0.27069755766412107,,,,,,0.62
base:kmeans_content,fakeddit@r0.25,1,10,0.059931133289908324,0.05281184324661137,0.3080640691677653,,,,,,0.5
base:louvain,fakeddit@r0.25,0,9,0.21670854993895525,0.026228191380809562,0.24892566799599944,,,,,,0.34
base:kmeans_content,fakeddit@r0.25,2,10,0.06542818139448657,0.08074720016748604,0.27483072454287527,,,,,,0.52
base:louvain,fakeddit@r0.25,1,9,0.21309665064354197,0.04049604607298507,0.2461193095010189,,,,,,0.5
base:louvain,fakeddit@r0.25,2,8,0.22067372386349826,0.057939111662093756,0.29083552819944625,,,,,,0.25
specsoft|raw,fakeddit@r0.25,2,10,0.10670295708558755,0.18545329640500774,0.40940960336065685,0.9781856009094501,0.041666666666666664,0.2733333333333333,,,2.09
default,fakeddit@r0.5,1,10,0.02716592428897992,0.032046072270707215,0.21057464352683192,0.1000064467097156,0.0,0.3625,1.5,,2.31
default,fakeddit@r0.5,2,10,0.03271982983096377,0.021073499831535503,0.18902113591664088,0.10000717511708548,0.0,0.37833333333333335,1.5,,2.27
default,fakeddit@r0.5,0,10,0.03738812180510845,0.03987877971278597,0.23830553383857955,0.10000703013810293,0.0,0.415,1.5,,2.41
fcm+rawpca+m1.2,fakeddit@r0.5,0,10,0.055873765199834925,0.09544098201419815,0.18352933345121394,0.1446008356510382,0.0,0.4425,1.2,,2.61
kmsoft|cca,fakeddit@r0.5,0,10,0.020995373453067165,0.02276025527868475,0.2472925062135199,0.27230163345135416,0.125,0.14583333333333334,,,2.33
fcm+rawpca+m1.2,fakeddit@r0.5,2,10,0.05540677145800387,0.08643163133435283,0.18721314430868063,0.14369223960510027,0.0,0.4633333333333333,1.2,,2.62
fcm+rawpca+m1.2,fakeddit@r0.5,1,10,0.06571667307055018,0.11167548746601852,0.18682961767823272,0.14882133984792337,0.0,0.44166666666666665,1.2,,2.78
kmsoft|cca,fakeddit@r0.5,1,10,0.020551159713933627,0.015999478027594605,0.24521086296138428,0.27461205008631057,0.11666666666666667,0.165,,,2.2
kmsoft|cca,fakeddit@r0.5,2,10,0.03269165390333574,0.02258484161646157,0.24454185753228225,0.27301634497413374,0.11583333333333333,0.1575,,,2.17
kmsoft|raw,fakeddit@r0.5,0,10,0.040985380210631514,0.09544507110086498,0.3713055116866343,0.2540477280392478,0.085,0.15916666666666668,,,2.34
kmsoft|raw,fakeddit@r0.5,2,10,0.040876877075148275,0.08924982092935485,0.37620344817426277,0.2554958737876447,0.0675,0.19333333333333333,,,2.23
kmsoft|raw,fakeddit@r0.5,1,10,0.04339378313668391,0.06590807926186026,0.3483061439766979,0.2615136830579014,0.08083333333333333,0.1875,,,2.36
gmm|cca,fakeddit@r0.5,0,10,0.019095909067934923,0.04189260963219743,0.2799625034468402,0.7138187540576978,0.36333333333333334,0.19416666666666665,,,2.16
gmm|cca,fakeddit@r0.5,1,10,0.021594112651192352,0.02914485768067765,0.2630597422942576,0.718066091200475,0.3575,0.2275,,,2.28
gmm|cca,fakeddit@r0.5,2,10,0.01945907695862078,0.03731053920207661,0.28052265546797217,0.7218012502878831,0.34,0.20833333333333334,,,2.19
gmm|raw,fakeddit@r0.5,0,10,0.043368039858913354,0.06955144204155594,0.35982020523767977,0.8267725354718507,0.24833333333333332,0.2375,,,2.36
gmm|raw,fakeddit@r0.5,1,10,0.04157866646898358,0.12481174106510906,0.3556890348990822,0.8247382953462367,0.2708333333333333,0.23666666666666666,,,2.17
gmm|raw,fakeddit@r0.5,2,10,0.03948017134481277,0.08201073780454071,0.38627360826499346,0.805594461051118,0.295,0.2758333333333333,,,2.34
fcmad|cca,fakeddit@r0.5,0,10,0.020234906549886696,0.0400079331575427,0.24764753644472037,0.7150994611100536,0.2925,0.14166666666666666,1.1,,2.45
fcmad|cca,fakeddit@r0.5,1,10,0.015263215161813878,0.01780272550934292,0.24757726506495414,0.7170299256930758,0.2975,0.15166666666666667,1.1,,2.3
fcmad|cca,fakeddit@r0.5,2,10,0.0224185480159386,0.039034304222798855,0.24605363329744737,0.7139987247544768,0.2966666666666667,0.15333333333333332,1.1,,2.0
fcmad|raw,fakeddit@r0.5,0,10,0.03432473050774218,0.09595265970442313,0.3627079937251608,0.6794942464370706,0.31333333333333335,0.16,1.1,,2.5
fcmad|raw,fakeddit@r0.5,2,10,0.042456374607035004,0.0869455154304295,0.3614995929485805,0.6785419320289612,0.31833333333333336,0.19,1.1,,2.41
fcmad|raw,fakeddit@r0.5,1,10,0.044032551238674236,0.06723476760371994,0.33935264368877477,0.6882339443652205,0.30416666666666664,0.17916666666666667,1.1,,2.55
specsoft|cca,fakeddit@r0.5,0,10,0.022896570530911035,0.013274658988929211,0.24710467353411772,0.7549482258868818,0.2891666666666667,0.1625,,,2.27
specsoft|cca,fakeddit@r0.5,2,10,0.024664504217608504,0.033072093743795494,0.23623048931170837,0.7387777624395045,0.30416666666666664,0.18416666666666667,,,2.31
specsoft|cca,fakeddit@r0.5,1,10,0.025469371329613338,0.03248258897060419,0.24231934575834316,0.7533020771747125,0.29583333333333334,0.17416666666666666,,,2.48
specsoft|raw,fakeddit@r0.5,0,10,0.03218000849157541,0.05546673710455963,0.33722327431810006,0.9430954130094312,0.10916666666666666,0.22916666666666666,,,2.53
base:spectral_graph+content,fakeddit@r0.5,0,10,0.05493369151356174,0.10342361763456143,0.31827839743734854,,,,,,0.3
base:spectral_graph+content,fakeddit@r0.5,1,10,0.0683592452740313,0.09679329696798766,0.3245361304473218,,,,,,0.3
base:spectral_graph+content,fakeddit@r0.5,2,10,0.058344303479386656,0.1049606672310468,0.30929796341522336,,,,,,0.31
specsoft|raw,fakeddit@r0.5,1,10,0.037898387649870656,0.06039653661202138,0.35171763004383216,0.9421956620357878,0.09916666666666667,0.19916666666666666,,,2.3
base:kmeans_content,fakeddit@r0.5,1,10,0.033466924065954376,0.05281184324661137,0.3080640691677653,,,,,,0.58
base:kmeans_content,fakeddit@r0.5,0,10,0.03156613931975651,0.08148429537517676,0.27069755766412107,,,,,,0.69
base:kmeans_content,fakeddit@r0.5,2,10,0.02794681136054405,0.08074720016748604,0.27483072454287527,,,,,,0.59
base:louvain,fakeddit@r0.5,0,10,0.19653736930702229,0.0,0.12473483529086557,,,,,,0.3
base:louvain,fakeddit@r0.5,1,9,0.1946139346954571,0.0,0.13984337304646785,,,,,,0.39
base:louvain,fakeddit@r0.5,2,10,0.19728465143538576,1.1102230246251565e-16,0.12521673372795528,,,,,,0.26
specsoft|raw,fakeddit@r0.5,2,10,0.02983303143762727,0.11097382207787221,0.33541111552729397,0.944991419055098,0.09166666666666666,0.215,,,2.16
default,fakeddit@r1.0,0,10,0.006530563349267972,0.01681997271593927,0.2329386334635517,0.10000812378738914,0.0,0.2608333333333333,1.5,,2.27
default,fakeddit@r1.0,2,10,-0.0011024860068179695,0.008853226538583892,0.16010087642030796,0.10000906567744136,0.0,0.36333333333333334,1.5,,2.27
default,fakeddit@r1.0,1,10,0.0005117083056510951,0.034363630900981046,0.19806540863559477,0.10000514200744562,0.0,0.3641666666666667,1.5,,2.42
fcm+rawpca+m1.2,fakeddit@r1.0,0,10,0.0030349070584110628,0.0864849539061765,0.17720241861152786,0.14179339572841973,0.0,0.45166666666666666,1.2,,2.45
fcm+rawpca+m1.2,fakeddit@r1.0,1,10,0.0022250571363042803,0.08687242892960256,0.17618866438572114,0.1419913933385621,0.0,0.4658333333333333,1.2,,2.38
fcm+rawpca+m1.2,fakeddit@r1.0,2,10,0.0013130290995619898,0.08262000086257948,0.17446110476703852,0.1410480112883222,0.0,0.45916666666666667,1.2,,2.34
kmsoft|cca,fakeddit@r1.0,0,10,0.020797753824044994,0.03182933586680192,0.26008444528189034,0.2705613559322059,0.1075,0.14166666666666666,,,2.23
kmsoft|cca,fakeddit@r1.0,1,10,0.009985833321889504,0.029559862314010532,0.22679139060380687,0.2659097660878036,0.09083333333333334,0.155,,,2.19
kmsoft|cca,fakeddit@r1.0,2,10,0.0192904933762305,0.010532136276892423,0.2451897379667302,0.2679930278120475,0.125,0.17166666666666666,,,2.3
kmsoft|raw,fakeddit@r1.0,0,10,0.019362608175755212,0.055849089496042614,0.3415462989029833,0.25463154292119006,0.07166666666666667,0.16416666666666666,,,2.36
kmsoft|raw,fakeddit@r1.0,1,10,0.02059923075332475,0.05693249807657308,0.3406654132460594,0.2538616917036124,0.07,0.16,,,2.44
kmsoft|raw,fakeddit@r1.0,2,10,0.012259784421498467,0.09452327239843039,0.36188060087555224,0.2542972282453867,0.09083333333333334,0.1825,,,2.2
gmm|cca,fakeddit@r1.0,0,10,0.007748610357045552,0.019262052900710813,0.27718371349248644,0.7133223053754121,0.38333333333333336,0.19416666666666665,,,2.38
gmm|cca,fakeddit@r1.0,1,10,0.002656087196653544,0.03557530291695743,0.2826019595978308,0.7043891567834157,0.37416666666666665,0.195,,,2.36
gmm|cca,fakeddit@r1.0,2,10,0.015926677212301264,0.019870359574476026,0.26018510166185654,0.7184327755622825,0.355,0.20583333333333334,,,2.27
gmm|raw,fakeddit@r1.0,0,10,0.015608428397979962,0.10255100391518424,0.361210064834334,0.8154445473792988,0.2758333333333333,0.24333333333333335,,,2.42
gmm|raw,fakeddit@r1.0,2,10,0.013858725406132616,0.09924518244073444,0.35727293655376524,0.8005728808153457,0.27666666666666667,0.20166666666666666,,,2.3
gmm|raw,fakeddit@r1.0,1,10,0.020821667330409084,0.1176102091357154,0.34003121440400286,0.8168656129424003,0.25583333333333336,0.2125,,,2.56
fcmad|cca,fakeddit@r1.0,0,10,0.01444621970045292,0.0354853529951189,0.2746786035026522,0.7076121735884442,0.3125,0.13333333333333333,1.1,,2.7
fcmad|cca,fakeddit@r1.0,1,10,0.008652463999669159,0.026918903822364948,0.23769046593213056,0.7099680405472191,0.31833333333333336,0.155,1.1,,2.36
fcmad|cca,fakeddit@r1.0,2,10,0.018314168378351103,0.017649736371058378,0.2465089839888733,0.7161359046689192,0.2816666666666667,0.15666666666666668,1.1,,2.24
fcmad|raw,fakeddit@r1.0,0,10,0.013423057045429135,0.06151605968662455,0.34660969022927574,0.6799420001270154,0.30916666666666665,0.17666666666666667,1.1,,2.55
fcmad|raw,fakeddit@r1.0,1,10,0.018331829850224673,0.062126768335477145,0.3502487562922286,0.6677078251772796,0.3325,0.15333333333333332,1.1,,2.38
fcmad|raw,fakeddit@r1.0,2,10,0.011993256127450851,0.057893011352458945,0.3416748462548317,0.6764692253652853,0.3025,0.18416666666666667,1.1,,2.45
specsoft|cca,fakeddit@r1.0,0,10,0.016127401814115504,0.011856042063192018,0.2559920247434747,0.7228449420907517,0.30833333333333335,0.17333333333333334,,,2.33
specsoft|cca,fakeddit@r1.0,1,10,0.013085395157190151,0.005406194291527111,0.21701809011540166,0.7283487475154385,0.32,0.1675,,,2.41
specsoft|cca,fakeddit@r1.0,2,10,0.015895168299744918,0.02990784603738106,0.23233009751510245,0.7327027560769426,0.2991666666666667,0.18583333333333332,,,2.36
specsoft|raw,fakeddit@r1.0,0,10,0.005746853036102215,0.06397399982044472,0.3434989463264022,0.935123354425536,0.11833333333333333,0.20166666666666666,,,2.5
base:spectral_graph+content,fakeddit@r1.0,0,10,0.04041422463701203,0.05597741125083999,0.28782469782034037,,,,,,0.33
base:spectral_graph+content,fakeddit@r1.0,1,10,0.037402199015703956,0.04720311750828554,0.2272569514706957,,,,,,0.34
base:spectral_graph+content,fakeddit@r1.0,2,10,0.044858506084795975,0.059066597392566034,0.2536840736098872,,,,,,0.31
base:kmeans_content,fakeddit@r1.0,1,10,0.009037743976636281,0.05281184324661137,0.3080640691677653,,,,,,0.56
base:kmeans_content,fakeddit@r1.0,0,10,0.004879120688593626,0.08148429537517676,0.27069755766412107,,,,,,0.73
base:louvain,fakeddit@r1.0,0,9,0.19401670912401853,0.0,0.13161026186906571,,,,,,0.33
base:kmeans_content,fakeddit@r1.0,2,10,-0.0015014369775272164,0.08074720016748604,0.27483072454287527,,,,,,0.55
specsoft|raw,fakeddit@r1.0,1,10,0.013623848888345905,0.0648700630189254,0.3207292565511759,0.9263283003659569,0.13333333333333333,0.19583333333333333,,,2.34
base:louvain,fakeddit@r1.0,1,8,0.19864113854948054,0.0,0.1495860730385643,,,,,,0.28
default,crisismmd|both@p0.4,0,7,0.5202113217373325,0.598121927702744,0.7117655637946992,0.6164067619200896,0.18,0.2625,1.5,,0.2
base:louvain,fakeddit@r1.0,2,7,0.1987246869496772,0.0,0.15822644834088262,,,,,,0.3
default,crisismmd|both@p0.4,1,7,0.5227041968016412,0.6058754714520878,0.717252679752664,0.6180420631321201,0.17375,0.2625,1.5,,0.16
specsoft|raw,fakeddit@r1.0,2,10,0.007325251787206267,0.02923326654171554,0.31893844422010825,0.9539194615615092,0.08,0.26,,,2.25
default,crisismmd|both@p0.4,2,7,0.5158977448257013,0.5967208149908462,0.711923841489044,0.6275466375711493,0.18,0.27125,1.5,,0.16
fcm+rawpca+m1.2,crisismmd|both@p0.4,1,7,0.4476627604490794,0.623118288939521,0.7210074956728973,0.9095455514207279,0.1075,0.25625,1.2,,0.19
fcm+rawpca+m1.2,crisismmd|both@p0.4,0,7,0.45133181836190717,0.6171271719869149,0.7196072132889351,0.9123948477712663,0.09,0.2675,1.2,,0.22
kmsoft|cca,crisismmd|both@p0.4,0,7,0.5154444834039339,0.5578005052958164,0.7730848138676443,0.9533943559935991,0.065,0.26,,,0.17
fcm+rawpca+m1.2,crisismmd|both@p0.4,2,7,0.4644841603457672,0.625162278563385,0.7234590061578637,0.9148000240753958,0.0925,0.27,1.2,,0.19
kmsoft|cca,crisismmd|both@p0.4,1,7,0.5181829413135235,0.565257062793556,0.779162950751276,0.9506729978502126,0.075,0.2625,,,0.17
kmsoft|cca,crisismmd|both@p0.4,2,7,0.5194025927440268,0.5585846216750582,0.7713095748053709,0.9580589250647162,0.06125,0.27,,,0.19
kmsoft|raw,crisismmd|both@p0.4,0,7,0.5214575187070746,0.5677248658852952,0.7757556982731634,0.930629846468659,0.07875,0.265,,,0.2
kmsoft|raw,crisismmd|both@p0.4,1,7,0.5193062004313305,0.5693367232804328,0.7804421132355683,0.92689782741301,0.085,0.2625,,,0.2
gmm|cca,crisismmd|both@p0.4,0,7,0.2748821129128004,0.40152069555293257,0.44211289634646306,0.9750657676388416,0.03875,0.33125,,,0.19
kmsoft|raw,crisismmd|both@p0.4,2,7,0.5191184362388908,0.5693175552328849,0.7849882935441753,0.9345597005701123,0.085,0.27125,,,0.23
gmm|cca,crisismmd|both@p0.4,1,7,0.2762635896321533,0.4249258409654535,0.564002226756484,0.9766120168005642,0.045,0.34875,,,0.17
gmm|cca,crisismmd|both@p0.4,2,7,0.25850096314914356,0.43228017565710974,0.5731373409597479,0.9706076912589193,0.0625,0.36375,,,0.22
gmm|raw,crisismmd|both@p0.4,1,7,0.4367509958551724,0.600885295085501,0.7021641691539227,0.9890845238541135,0.02125,0.2575,,,0.2
gmm|raw,crisismmd|both@p0.4,0,7,0.4392407540673561,0.5280941405355027,0.6620497204550821,0.9826465886354637,0.03,0.25875,,,0.22
gmm|raw,crisismmd|both@p0.4,2,7,0.4331077094981696,0.5957281247825729,0.7053903988557783,0.9850176344413222,0.03125,0.2675,,,0.22
fcmad|cca,crisismmd|both@p0.4,0,7,0.5202113217373325,0.598121927702744,0.711765563794699,0.6164066042346279,0.18,0.2625,1.5,,0.2
fcmad|cca,crisismmd|both@p0.4,1,7,0.522769880799442,0.6057191317970185,0.71704454496896,0.6180522406654942,0.175,0.2625,1.5,,0.16
fcmad|cca,crisismmd|both@p0.4,2,7,0.5158977448257013,0.5970467646872533,0.7123165759023967,0.62755077631521,0.18,0.27125,1.5,,0.16
fcmad|raw,crisismmd|both@p0.4,0,7,0.5217511721978798,0.6118230977401696,0.7224549847662518,0.566677842883357,0.17,0.26375,1.5,,0.2
fcmad|raw,crisismmd|both@p0.4,1,7,0.5200886976624571,0.6078163527528349,0.7261922196493144,0.5663329047645921,0.15625,0.26375,1.5,,0.19
fcmad|raw,crisismmd|both@p0.4,2,7,0.5125764564872173,0.5786685041183441,0.7170221078629869,0.5771947451572266,0.1725,0.27,1.5,,0.19
specsoft|cca,crisismmd|both@p0.4,0,7,0.5093049541088499,0.6013270833346933,0.7072278068789005,0.9999999188251119,0.0,0.2675,,,0.2
specsoft|cca,crisismmd|both@p0.4,1,7,0.5029223103480202,0.6226851434647789,0.7230975888130903,0.9999975519981763,0.0,0.26125,,,0.17
specsoft|cca,crisismmd|both@p0.4,2,7,0.503939993944521,0.6266820576046208,0.7208775929460792,0.9999972348956863,0.0,0.275,,,0.2
specsoft|raw,crisismmd|both@p0.4,1,7,0.5034483680476051,0.6315235844908239,0.7271558007347843,0.999762459898243,0.0,0.26125,,,0.19
base:spectral_graph+content,crisismmd|both@p0.4,0,7,0.5102146147229802,0.7498122959120173,0.88305375334456,,,,,,0.11
specsoft|raw,crisismmd|both@p0.4,0,7,0.4587874332371321,0.6165317451425493,0.7236675289909584,0.9999837901845564,0.0,0.265,,,0.27
specsoft|raw,crisismmd|both@p0.4,2,7,0.5086622550169918,0.638057889589547,0.730705432613788,0.9999999996272928,0.0,0.2775,,,0.2
base:spectral_graph+content,crisismmd|both@p0.4,1,7,0.5086286599531484,0.7528331114401393,0.8866793045680023,,,,,,0.09
base:spectral_graph+content,crisismmd|both@p0.4,2,7,0.50751159270265,0.7771735812501459,0.893217237277533,,,,,,0.11
base:louvain,crisismmd|both@p0.4,0,6,0.5373657018496237,0.5763871869900328,0.7152286011426329,,,,,,0.09
base:kmeans_content,crisismmd|both@p0.4,0,7,0.023976813799797925,0.09447758742778722,0.28379406160961795,,,,,,0.22
base:kmeans_content,crisismmd|both@p0.4,1,7,0.02992569215349421,0.12250728380182108,0.3178178912591611,,,,,,0.23
base:louvain,crisismmd|both@p0.4,1,7,0.5348812150920406,0.5336043897656694,0.6909389872845079,,,,,,0.08
base:kmeans_content,crisismmd|both@p0.4,2,7,0.0059917612185025945,0.05880204109643228,0.2787545598278136,,,,,,0.25
base:louvain,crisismmd|both@p0.4,2,6,0.5352797328761504,0.5590786906111336,0.7232748244613503,,,,,,0.08
default,crisismmd|both@p0.8,1,7,0.48258865739440115,0.6002469099488047,0.7109112174056994,0.8237496135303465,0.15125,0.2625,1.5,,0.06
default,crisismmd|both@p0.8,0,7,0.47632805199126893,0.6077729293057934,0.7043142923601559,0.8040120632319018,0.20875,0.2543859649122807,1.5,,0.06
default,crisismmd|both@p0.8,2,7,0.47428172351965314,0.5983832124245163,0.7024490816901583,0.8084322506573791,0.1925,0.2531328320802005,1.5,,0.05
fcm+rawpca+m1.2,crisismmd|both@p0.8,0,7,0.516444574566629,0.5418124499617687,0.7644830091008036,0.9604531075227775,0.05125,0.2518796992481203,1.2,,0.06
fcm+rawpca+m1.2,crisismmd|both@p0.8,1,7,0.5166492199648729,0.5465426408719792,0.7670998318404928,0.9597536771888613,0.0475,0.2625,1.2,,0.08
fcm+rawpca+m1.2,crisismmd|both@p0.8,2,7,0.5160049729061876,0.5624287408540672,0.7193247958079502,0.9531477020421951,0.0575,0.2543859649122807,1.2,,0.08
kmsoft|cca,crisismmd|both@p0.8,0,7,0.5163659211170329,0.543810580381094,0.7632797580972179,0.9867465994796184,0.02625,0.2518796992481203,,,0.06
kmsoft|cca,crisismmd|both@p0.8,1,7,0.5163659211170329,0.542214363710308,0.763272755443212,0.9865291400543285,0.02625,0.2625,,,0.06
kmsoft|cca,crisismmd|both@p0.8,2,7,0.5165958569462773,0.5420947869883772,0.7623460512811582,0.9866842614056065,0.025,0.2543859649122807,,,0.05
kmsoft|raw,crisismmd|both@p0.8,0,7,0.5133701241816643,0.5451514420960684,0.7724120568523346,0.9769649585568076,0.0475,0.2518796992481203,,,0.06
kmsoft|raw,crisismmd|both@p0.8,1,7,0.5162188851869239,0.5413555005490681,0.7582347036949607,0.9787162418056375,0.03625,0.2625,,,0.06
gmm|cca,crisismmd|both@p0.8,0,7,0.42695238675775454,0.5140066180680347,0.6169357104014209,0.9887084647461694,0.0225,0.23934837092731828,,,0.06
kmsoft|raw,crisismmd|both@p0.8,2,7,0.5155490548386493,0.5407768352996293,0.7577706168522902,0.977704374337846,0.03625,0.2518796992481203,,,0.06
gmm|cca,crisismmd|both@p0.8,1,7,0.4372458850335078,0.49841638867520444,0.6506013610921346,0.984751807499168,0.0325,0.2525,,,0.08
gmm|cca,crisismmd|both@p0.8,2,7,0.44845753682247,0.47896390427770497,0.6955555472698866,0.9802911051091627,0.0325,0.22807017543859648,,,0.06
gmm|raw,crisismmd|both@p0.8,0,7,0.45404477665579,0.4748892110600553,0.7183539889858129,0.9909148163469496,0.01625,0.24686716791979949,,,0.09
gmm|raw,crisismmd|both@p0.8,1,7,0.3934017955829478,0.512504387002767,0.6501315436042294,0.9859800201271676,0.02875,0.2325,,,0.08
fcmad|cca,crisismmd|both@p0.8,0,7,0.516106322896425,0.5463763993911531,0.7551383458341713,0.8540678719058279,0.095,0.2518796992481203,1.5,,0.06
gmm|raw,crisismmd|both@p0.8,2,7,0.46931580410120005,0.4778680768673136,0.7154342314507984,0.9915230384074711,0.015,0.24310776942355888,,,0.06
fcmad|cca,crisismmd|both@p0.8,1,7,0.5160603859349057,0.5510234728839553,0.7568594420016085,0.8537617030771201,0.09875,0.2625,1.5,,0.06
fcmad|cca,crisismmd|both@p0.8,2,7,0.5153616253417398,0.5466752440989522,0.7525973527101996,0.8562533727164845,0.095,0.2531328320802005,1.5,,0.08
fcmad|raw,crisismmd|both@p0.8,0,7,0.5153616253417398,0.5463763993911531,0.7572946800659773,0.8270215063950929,0.09625,0.2506265664160401,1.5,,0.11
fcmad|raw,crisismmd|both@p0.8,1,7,0.5154285853662496,0.5516103972266733,0.7592117796135689,0.8196357808879776,0.10625,0.2625,1.5,,0.11
specsoft|cca,crisismmd|both@p0.8,0,7,0.5103321137725495,0.5543410138341118,0.6972854310315173,0.999866904278099,0.0,0.2593984962406015,,,0.06
fcmad|raw,crisismmd|both@p0.8,2,7,0.5143623081624583,0.5456615425832129,0.7547803631801123,0.8245093165523022,0.1,0.2518796992481203,1.5,,0.09
specsoft|cca,crisismmd|both@p0.8,1,7,0.5085889357774084,0.547486616654028,0.694095921376957,0.9998188873315778,0.0,0.27,,,0.06
specsoft|cca,crisismmd|both@p0.8,2,7,0.5142442024772406,0.5935348608223022,0.7147407963032878,0.9999630646686544,0.0,0.2593984962406015,,,0.08
specsoft|raw,crisismmd|both@p0.8,0,7,0.5108630663942636,0.5653614891268202,0.7545130376316574,0.9999135037846025,0.0,0.2581453634085213,,,0.09
specsoft|raw,crisismmd|both@p0.8,1,7,0.5118028705245822,0.576280557992493,0.7422796493374096,0.9999981397316372,0.0,0.2675,,,0.09
specsoft|raw,crisismmd|both@p0.8,2,7,0.5134739425514367,0.5573755557060718,0.6898380619972543,0.9999901162981516,0.0,0.2581453634085213,,,0.09
base:spectral_graph+content,crisismmd|both@p0.8,0,7,0.4980083733291005,0.5060388724976359,0.6834676300598523,,,,,,0.08
base:spectral_graph+content,crisismmd|both@p0.8,1,7,0.39229196612328987,0.42476012717570577,0.6768605577846779,,,,,,0.08
base:spectral_graph+content,crisismmd|both@p0.8,2,7,0.5072964880690874,0.4703288381617059,0.7088784119468874,,,,,,0.09
base:kmeans_content,crisismmd|both@p0.8,1,7,0.0031185674395385545,0.000627671668639973,0.15237059842248418,,,,,,0.17
base:louvain,crisismmd|both@p0.8,0,6,0.5373657018496237,0.5763871869900328,0.7152286011426329,,,,,,0.09
base:kmeans_content,crisismmd|both@p0.8,0,7,0.00702423417374401,0.002004683250499517,0.15883494223085334,,,,,,0.19
base:kmeans_content,crisismmd|both@p0.8,2,7,-0.011507229779066201,0.0010246688808930315,0.18818822567499982,,,,,,0.14
base:louvain,crisismmd|both@p0.8,1,7,0.5348812150920406,0.5336043897656694,0.6909389872845079,,,,,,0.06
base:louvain,crisismmd|both@p0.8,2,6,0.5352797328761504,0.5590786906111336,0.7232748244613503,,,,,,0.06
default,fakeddit_real_lcc|both@p0.4,0,6,0.7405539595290779,0.19267484139348778,0.3332099705812434,0.7722815916167576,0.03547297297297297,0.38513513513513514,1.5,,0.14
default,fakeddit_real_lcc|both@p0.4,1,6,0.7860432151292001,0.2206167714627838,0.3565018268488667,0.748826548363898,0.11148648648648649,0.33952702702702703,1.5,,0.14
default,fakeddit_real_lcc|both@p0.4,2,6,0.7411986021846552,0.1960507504384108,0.3364966982589042,0.7806269823369753,0.02195945945945946,0.3885135135135135,1.5,,0.16
fcm+rawpca+m1.2,fakeddit_real_lcc|both@p0.4,0,6,0.787952214837838,0.15672220076976218,0.3040987877007561,0.9552016010741113,0.008445945945945946,0.32432432432432434,1.2,,0.17
fcm+rawpca+m1.2,fakeddit_real_lcc|both@p0.4,2,6,0.7665146474328716,0.21193325720552536,0.37901560959815406,0.9599654807283415,0.02027027027027027,0.38513513513513514,1.2,,0.17
fcm+rawpca+m1.2,fakeddit_real_lcc|both@p0.4,1,6,0.7844758887952972,0.18273718102177816,0.26868758374735596,0.9531712883634813,0.015202702702702704,0.35135135135135137,1.2,,0.17
kmsoft|cca,fakeddit_real_lcc|both@p0.4,0,6,0.7674279451206614,0.21090957734894522,0.3772226668742402,0.9834720649868527,0.018581081081081082,0.375,,,0.14
kmsoft|cca,fakeddit_real_lcc|both@p0.4,1,6,0.7683001310039427,0.2105948863430167,0.37285635163362363,0.9861663854170288,0.018581081081081082,0.3935810810810811,,,0.14
kmsoft|cca,fakeddit_real_lcc|both@p0.4,2,6,0.7683001310039427,0.21554770836172188,0.3733811715919943,0.9858775383847074,0.018581081081081082,0.3885135135135135,,,0.12
kmsoft|raw,fakeddit_real_lcc|both@p0.4,0,6,0.7679716796332668,0.21153427770908229,0.3779249621808521,0.9766698997674694,0.016891891891891893,0.3885135135135135,,,0.16
kmsoft|raw,fakeddit_real_lcc|both@p0.4,1,6,0.7681450289677902,0.2149456492901325,0.34079865579865576,0.9772059555356912,0.03547297297297297,0.3918918918918919,,,0.17
kmsoft|raw,fakeddit_real_lcc|both@p0.4,2,6,0.7683001310039427,0.21492300800158493,0.3726788762853824,0.9758396393675128,0.02027027027027027,0.3885135135135135,,,0.17
gmm|cca,fakeddit_real_lcc|both@p0.4,0,6,0.3044606506105132,0.12484979131326779,0.36510052777861146,0.9999746883565411,0.0,0.5506756756756757,,,0.16
gmm|cca,fakeddit_real_lcc|both@p0.4,1,6,0.37715243062001136,0.12262549843105908,0.3594889747683918,0.9999968140976561,0.0,0.535472972972973,,,0.14
gmm|cca,fakeddit_real_lcc|both@p0.4,2,6,0.3330665963078825,0.10242759987822936,0.24768950202333995,0.9997101837053335,0.0,0.5456081081081081,,,0.14
gmm|raw,fakeddit_real_lcc|both@p0.4,0,6,0.7586259147711717,0.22331940577163034,0.3565674949853011,0.9943518907538704,0.008445945945945946,0.38682432432432434,,,0.16
gmm|raw,fakeddit_real_lcc|both@p0.4,1,6,0.4944151024388756,0.0819243011226316,0.27145149340969776,0.9979448350689829,0.0,0.49324324324324326,,,0.16
gmm|raw,fakeddit_real_lcc|both@p0.4,2,6,0.36536964286865675,0.1310020361959241,0.3450640335155413,0.9976548598697892,0.005067567567567568,0.527027027027027,,,0.17
fcmad|cca,fakeddit_real_lcc|both@p0.4,0,6,0.7405539595290779,0.19267484139348778,0.3332099705812434,0.7722815368627702,0.03547297297297297,0.38513513513513514,1.5,,0.16
fcmad|cca,fakeddit_real_lcc|both@p0.4,1,6,0.7681450289677902,0.198756676431185,0.3371449793000787,0.777351284097054,0.030405405405405407,0.3918918918918919,1.5,,0.14
fcmad|cca,fakeddit_real_lcc|both@p0.4,2,6,0.7411986021846552,0.1960507504384108,0.3364966982589042,0.7806243968897892,0.02195945945945946,0.3885135135135135,1.5,,0.12
fcmad|raw,fakeddit_real_lcc|both@p0.4,0,6,0.7562081593966457,0.20184065671507379,0.34161118517323813,0.7364141462532069,0.03209459459459459,0.38682432432432434,1.5,,0.16
fcmad|raw,fakeddit_real_lcc|both@p0.4,1,6,0.7681450289677902,0.19205725071388258,0.330990887416121,0.7424922269544445,0.04222972972972973,0.3918918918918919,1.5,,0.17
fcmad|raw,fakeddit_real_lcc|both@p0.4,2,6,0.7570430753187497,0.19985913548509227,0.3438138883797634,0.7464261006785005,0.02364864864864865,0.3885135135135135,1.5,,0.16
specsoft|cca,fakeddit_real_lcc|both@p0.4,0,6,0.6553797740252237,0.15327156117512097,0.2495749316274973,1.0,0.0,0.5371621621621622,,,0.16
specsoft|cca,fakeddit_real_lcc|both@p0.4,1,6,0.6553797740252237,0.15327156117512097,0.2495749316274973,0.9999999999996374,0.0,0.5371621621621622,,,0.16
specsoft|cca,fakeddit_real_lcc|both@p0.4,2,6,0.7142582092525789,0.2078072787745291,0.36364696655203704,1.0,0.0,0.4797297297297297,,,0.14
specsoft|raw,fakeddit_real_lcc|both@p0.4,0,6,0.6307180430837019,0.22663398516830013,0.332469172145357,1.0,0.0,0.5472972972972973,,,0.17
base:spectral_graph+content,fakeddit_real_lcc|both@p0.4,0,6,0.6183107546626716,0.5091493790925179,0.6145528862943652,,,,,,0.06
specsoft|raw,fakeddit_real_lcc|both@p0.4,1,6,0.7135647594462153,0.2308876214272646,0.32601940517809186,1.0,0.0,0.4983108108108108,,,0.17
base:spectral_graph+content,fakeddit_real_lcc|both@p0.4,1,6,0.6188474817463181,0.5283427683150133,0.6200864890135578,,,,,,0.06
base:spectral_graph+content,fakeddit_real_lcc|both@p0.4,2,6,0.6189554789355579,0.5193258005594121,0.6180288758448335,,,,,,0.06
specsoft|raw,fakeddit_real_lcc|both@p0.4,2,6,0.7142582092525789,0.2078072787745291,0.36364696655203704,1.0,0.0,0.4797297297297297,,,0.16
base:kmeans_content,fakeddit_real_lcc|both@p0.4,0,6,0.06532066432152156,0.035060760584545436,0.1500221540789492,,,,,,0.11
base:kmeans_content,fakeddit_real_lcc|both@p0.4,1,6,0.07789419554138399,0.0958051818727268,0.2638028002936487,,,,,,0.11
base:louvain,fakeddit_real_lcc|both@p0.4,0,21,0.9112186617370746,0.3132431794118209,0.6275532403387196,,,,,,0.09
base:kmeans_content,fakeddit_real_lcc|both@p0.4,2,6,0.09774614850542213,0.10572439549287194,0.2786379285996166,,,,,,0.11
base:louvain,fakeddit_real_lcc|both@p0.4,1,21,0.9112186617370746,0.3132431794118209,0.6275532403387196,,,,,,0.08
default,fakeddit_real_lcc|both@p0.8,0,6,0.7644320127291288,0.21087541051393544,0.3724889300178114,0.8833877873304722,0.018581081081081082,0.38813559322033897,1.5,,0.05
base:louvain,fakeddit_real_lcc|both@p0.4,2,21,0.9112186617370746,0.3132431794118209,0.6275532403387196,,,,,,0.08
default,fakeddit_real_lcc|both@p0.8,1,6,0.7699606351556928,0.16685184125456687,0.31510937663059874,0.8666927613476937,0.018581081081081082,0.39661016949152544,1.5,,0.06
default,fakeddit_real_lcc|both@p0.8,2,6,0.7683001310039427,0.21121958670315366,0.3735586469402355,0.8813762929116938,0.016891891891891893,0.3864406779661017,1.5,,0.06
fcm+rawpca+m1.2,fakeddit_real_lcc|both@p0.8,0,6,0.7699606351556928,0.1663619514654643,0.3145845566722281,0.9836048472655194,0.018581081081081082,0.3898305084745763,1.2,,0.09
fcm+rawpca+m1.2,fakeddit_real_lcc|both@p0.8,1,6,0.7692743968215607,0.16698665182560135,0.31528685197884,0.9828240061115991,0.016891891891891893,0.3949152542372881,1.2,,0.08
fcm+rawpca+m1.2,fakeddit_real_lcc|both@p0.8,2,6,0.7176760448336005,0.1685104517677649,0.27386771227277656,0.992915568452267,0.0,0.4661016949152542,1.2,,0.06
kmsoft|cca,fakeddit_real_lcc|both@p0.8,0,6,0.7683001310039427,0.21817244241166378,0.38118045646935633,0.999048785138758,0.0,0.38813559322033897,,,0.06
kmsoft|cca,fakeddit_real_lcc|both@p0.8,1,6,0.7681450289677902,0.21176956782553302,0.35084185982641186,0.9984972357268996,0.0,0.39661016949152544,,,0.08
kmsoft|cca,fakeddit_real_lcc|both@p0.8,2,6,0.7679716796332668,0.21848713341759218,0.385546771709973,0.9990006205198638,0.0,0.3864406779661017,,,0.08
kmsoft|raw,fakeddit_real_lcc|both@p0.8,0,6,0.7683001310039427,0.21121958670315366,0.37355864694023544,0.994523631528216,0.016891891891891893,0.38813559322033897,,,0.08
kmsoft|raw,fakeddit_real_lcc|both@p0.8,1,6,0.7692821737851476,0.21090957734894522,0.3772226668742403,0.9939297974992327,0.018581081081081082,0.37966101694915255,,,0.09
gmm|cca,fakeddit_real_lcc|both@p0.8,1,6,0.7244273761664003,0.1973983847290497,0.364538636515622,0.9995848921860621,0.0,0.3050847457627119,,,0.06
gmm|cca,fakeddit_real_lcc|both@p0.8,0,6,0.750745168946139,0.2147268818128666,0.41984807322096795,0.9998304758483633,0.0,0.2966101694915254,,,0.08
kmsoft|raw,fakeddit_real_lcc|both@p0.8,2,6,0.7692821737851476,0.21090957734894522,0.3772226668742403,0.993430232659214,0.018581081081081082,0.3694915254237288,,,0.08
gmm|cca,fakeddit_real_lcc|both@p0.8,2,6,0.7466997370675071,0.22167103777351316,0.42237834292175247,0.9999215651126487,0.0,0.30338983050847457,,,0.06
gmm|raw,fakeddit_real_lcc|both@p0.8,0,6,0.7579650127816786,0.2121732469108728,0.4124636545567844,0.9992950656789954,0.0,0.31864406779661014,,,0.08
gmm|raw,fakeddit_real_lcc|both@p0.8,2,6,0.7564137300788035,0.22400533245625065,0.41696055102305096,0.9999855795358196,0.0,0.32033898305084746,,,0.08
gmm|raw,fakeddit_real_lcc|both@p0.8,1,6,0.7685207076113422,0.1509546400192574,0.3013034439130185,0.9994711620349072,0.0016891891891891893,0.33220338983050846,,,0.08
fcmad|cca,fakeddit_real_lcc|both@p0.8,0,6,0.7644320127291288,0.21087541051393544,0.3724889300178115,0.8833888920725346,0.018581081081081082,0.38813559322033897,1.5,,0.06
fcmad|cca,fakeddit_real_lcc|both@p0.8,1,6,0.7644772578673577,0.20940447184218058,0.37157150494197055,0.8819658397101777,0.018581081081081082,0.39661016949152544,1.5,,0.06
fcmad|cca,fakeddit_real_lcc|both@p0.8,2,6,0.7683001310039427,0.21121958670315366,0.3735586469402355,0.8813759280873378,0.016891891891891893,0.3864406779661017,1.5,,0.08
fcmad|raw,fakeddit_real_lcc|both@p0.8,0,6,0.7570373737667347,0.20816611741472202,0.36819837328918686,0.8695568415611232,0.02027027027027027,0.38813559322033897,1.5,,0.08
fcmad|raw,fakeddit_real_lcc|both@p0.8,1,6,0.7424645157963947,0.17194358613264105,0.31901516917234235,0.8670428006164175,0.02027027027027027,0.39661016949152544,1.5,,0.09
specsoft|cca,fakeddit_real_lcc|both@p0.8,0,6,0.6385422572626317,0.24017246995889252,0.37110475653109026,1.0,0.0,0.5898305084745763,,,0.06
fcmad|raw,fakeddit_real_lcc|both@p0.8,2,6,0.7509417908733449,0.21021573986943964,0.3691389447308298,0.8681380413416349,0.016891891891891893,0.3864406779661017,1.5,,0.08
specsoft|cca,fakeddit_real_lcc|both@p0.8,1,6,0.7560342853794216,0.17422658508712963,0.3184394710385694,1.0,0.0,0.4491525423728814,,,0.08
specsoft|cca,fakeddit_real_lcc|both@p0.8,2,6,0.7791469897536814,0.32410914507276534,0.4889829232595733,1.0,0.0,0.3423728813559322,,,0.06
specsoft|raw,fakeddit_real_lcc|both@p0.8,0,6,0.7632981326041317,0.21406507598744373,0.3479687741355744,1.0,0.0,0.4101694915254237,,,0.08
specsoft|raw,fakeddit_real_lcc|both@p0.8,1,6,0.7633286341584692,0.2119209331988514,0.3492554504222507,1.0,0.0,0.4186440677966102,,,0.08
base:spectral_graph+content,fakeddit_real_lcc|both@p0.8,0,6,0.5305023238721499,0.3412062315285298,0.4506872163002431,,,,,,0.06
specsoft|raw,fakeddit_real_lcc|both@p0.8,2,6,0.7631244509705645,0.2188203489176772,0.3793856710163888,1.0,0.0,0.40847457627118644,,,0.09
base:spectral_graph+content,fakeddit_real_lcc|both@p0.8,1,6,0.6213617962272073,0.36258629069353443,0.43890308637166675,,,,,,0.05
base:spectral_graph+content,fakeddit_real_lcc|both@p0.8,2,6,0.5269033619930182,0.20708287080346965,0.26083302160831634,,,,,,0.06
base:kmeans_content,fakeddit_real_lcc|both@p0.8,0,6,0.005469700559268655,0.0289624788644669,0.16997712878254753,,,,,,0.09
base:kmeans_content,fakeddit_real_lcc|both@p0.8,1,6,0.009102212982210095,0.040958367624608805,0.1749595940184121,,,,,,0.09
base:kmeans_content,fakeddit_real_lcc|both@p0.8,2,6,0.008329740131304305,0.01900105846613709,0.1846330649409005,,,,,,0.08
base:louvain,fakeddit_real_lcc|both@p0.8,0,21,0.9112186617370746,0.3132431794118209,0.6275532403387196,,,,,,0.08
base:louvain,fakeddit_real_lcc|both@p0.8,1,21,0.9112186617370746,0.3132431794118209,0.6275532403387196,,,,,,0.08
base:louvain,fakeddit_real_lcc|both@p0.8,2,21,0.9112186617370746,0.3132431794118209,0.6275532403387196,,,,,,0.08
