method,dataset,seed,k_used,modularity,onmi,onmi_hard,ari,f1,extra,error,secs
var:default,crisismmd@r0.02,1,7,0.4642692976638909,0.7495061627542517,0.5611165463527904,0.7449996530826973,0.7009353634415244,,,3.05
rem:raw_pca,crisismmd@r0.02,0,7,0.4504685610336716,0.7762673787277078,0.586975512295497,0.7312005491465542,0.680171039592934,,,3.06
var:default,crisismmd@r0.02,2,7,0.6428687838400666,0.6942578521435157,0.6935006356652521,0.9524996589475644,0.7603208662372991,,,3.06
var:default,crisismmd@r0.02,0,7,0.641266552737683,0.709720553143145,0.7064735233945261,0.9623676393059739,0.7691106355705715,,,3.08
rem:std_blocks,crisismmd@r0.02,0,7,0.6394801030089727,0.7029395605196125,0.7284190321228368,0.9590153504347455,0.768174027163529,,,0.88
rem:raw_pca,crisismmd@r0.02,2,7,0.4641457725947522,0.7528669511415007,0.5847350587359738,0.7319947421090632,0.6652175887185575,,,0.95
rem:raw_pca,crisismmd@r0.02,1,7,0.43948690724220696,0.7235462678892289,0.544093161977582,0.7254325263071273,0.6886095134523728,,,1.2
rem:std_blocks,crisismmd@r0.02,1,7,0.6292365952351399,0.6533399915654777,0.6233918012404813,0.9422087093728053,0.752462791358606,,,1.23
rem:std_blocks,crisismmd@r0.02,2,7,0.6392371928363181,0.6640403392741553,0.627929282043813,0.9472033820466954,0.7556047218161404,,,0.81
rem:raw_pca+std,crisismmd@r0.02,0,7,0.4504685610336716,0.7762673787277078,0.586975512295497,0.7312005491465542,0.680171039592934,,,1.05
rem:raw_pca+std,crisismmd@r0.02,1,7,0.43948690724220696,0.7235462678892289,0.544093161977582,0.7254325263071273,0.6886095134523728,,,1.12
rem:raw_pca+std,crisismmd@r0.02,2,7,0.4641457725947522,0.7519942383324028,0.5847350587359738,0.7319947421090632,0.6647835236540128,,,1.12
ceil:content_cca,crisismmd@r0.02,0,7,0.05154416617868708,0.08781638440679673,0.08781638440679673,0.11804062639621575,0.29661950387569586,,,0.88
ceil:content_cca,crisismmd@r0.02,1,7,0.07257836194929781,0.09782075577654326,0.09782075577654326,0.14929791951455135,0.3557372417722349,,,0.98
ceil:content_cca,crisismmd@r0.02,2,7,0.07425922532278217,0.11610208605532057,0.11714693602609305,0.11411552817482695,0.2812564416482237,,,1.08
ceil:content_cca_weighted,crisismmd@r0.02,0,7,0.06339467119565402,0.12235280865371578,0.12235280865371578,0.10702779922861487,0.2549566249231949,,,1.09
ceil:raw_text,crisismmd@r0.02,0,7,0.22651147489906706,0.14553727255306037,0.14553727255306037,0.2842479130148331,0.3788584618614855,,,0.17
ceil:content_cca_weighted,crisismmd@r0.02,1,7,0.032387413294509455,0.0410472061266095,0.0410472061266095,0.04081587102707253,0.11088068895037609,,,1.01
ceil:raw_text,crisismmd@r0.02,1,7,0.144845644074734,0.1473022910099231,0.1473022910099231,0.19623250985091392,0.2831476565829228,,,0.19
ceil:raw_text,crisismmd@r0.02,2,7,0.22352780091628488,0.24646697502270887,0.24646697502270887,0.3021688886666204,0.38214764517052513,,,0.22
ceil:raw_image,crisismmd@r0.02,0,7,-0.020895860960357268,0.0023663540498439772,0.0023663540498439772,0.005571432587442662,0.11417821847878684,,,0.31
ceil:content_cca_weighted,crisismmd@r0.02,2,7,0.04199433569346103,0.03464250854418238,0.03464250854418238,0.035197248200455604,0.12215363622240974,,,0.97
ceil:raw_concat_pca16,crisismmd@r0.02,0,7,-0.009555785123966945,0.004233386407907158,0.004233386407907158,0.005367645184435462,0.11079683682902776,,,0.09
ceil:raw_image,crisismmd@r0.02,1,7,-0.002833840968131006,0.0023663540498439772,0.0023663540498439772,0.0036229997770640867,0.10563607783472727,,,0.36
ceil:raw_concat_pca16,crisismmd@r0.02,1,7,-0.005483160519909027,0.0037219124066608655,0.0037219124066608655,0.005370220138383213,0.1108863463170335,,,0.09
ceil:raw_concat_pca16,crisismmd@r0.02,2,7,-0.0015336734693877242,0.004233386407907158,0.004233386407907158,0.005367645184435462,0.11079683682902776,,,0.09
ceil:raw_image,crisismmd@r0.02,2,7,-0.0024889837567680126,0.002240002611341496,0.002240002611341496,0.0051530547443803245,0.11381874004680277,,,0.34
ceil:structure,crisismmd@r0.02,0,7,0.6550550997725445,0.8789634258425842,0.8964260316656851,0.9800398375687471,0.9430454413674496,,,0.11
ceil:structure,crisismmd@r0.02,1,7,0.6489894943746416,0.8566181332468776,0.8621241039276655,0.9671892136966651,0.9378626152743232,,,0.08
ceil:structure,crisismmd@r0.02,2,7,0.6576730737192836,0.8821755198496787,0.8896371105636665,0.9846269482260099,0.9489411490713003,,,0.09
base:louvain,crisismmd@r0.02,1,10,0.6530091146779894,0.7392908255840223,0.7392908255840223,0.9731541534898298,0.9362646716614547,,,0.16
base:louvain,crisismmd@r0.02,2,9,0.6577891503540191,0.5780598683323365,0.5780598683323365,0.9534116889364406,0.6754005480204197,,,0.14
base:louvain,crisismmd@r0.02,0,9,0.6585055222186672,0.7079813170251392,0.7079813170251392,0.9890208006899557,0.8467585033976404,,,0.19
base:spectral_graph+content,crisismmd@r0.02,0,7,0.6442911878262001,0.9062700324361181,0.9062700324361181,0.9589961910565594,0.9654458066904017,,,0.25
base:spectral_graph+content,crisismmd@r0.02,1,7,0.6411693304512138,0.8915976135737177,0.8915976135737177,0.9571168110335369,0.9564968810171138,,,0.23
base:spectral_graph+content,crisismmd@r0.02,2,7,0.6410568513119533,0.9048169919812163,0.9048169919812163,0.9533793785957484,0.9680350213632062,,,0.25
base:nfmcd_structure_only,crisismmd@r0.02,0,7,0.6550550997725445,0.8789634258425842,0.8964260316656851,0.9800398375687471,0.9430454413674496,,,0.11
base:nfmcd_structure_only,crisismmd@r0.02,1,7,0.6489894943746416,0.8566181332468776,0.8621241039276655,0.9671892136966651,0.9378626152743232,,,0.06
base:kmeans_content,crisismmd@r0.02,1,7,0.24162002838930502,0.4064742121714391,0.4064742121714391,0.3967397442410731,0.5603964460777323,,,0.28
base:kmeans_content,crisismmd@r0.02,0,7,0.2343942320140109,0.3943730374016603,0.3943730374016603,0.40217737603168063,0.5610033449335877,,,0.41
base:nfmcd_structure_only,crisismmd@r0.02,2,7,0.6576730737192836,0.8821755198496787,0.8896371105636665,0.9846269482260099,0.9489411490713003,,,0.08
base:kmeans_content,crisismmd@r0.02,2,7,0.277492794668888,0.4209784745470222,0.4209784745470222,0.4550070981906108,0.6037258915449902,,,0.38
diag,crisismmd@r0.02,1,7,nan,nan,nan,nan,nan,"{""n_nodes"": 800, ""k"": 7, ""max_cluster_frac"": 0.24375, ""min_cluster_frac"": 0.10125, ""n_empty"": 0, ""sizes_top3"": [195, 133, 128], ""umax_mean"": 0.4974099677273436, ""umax_q10"": 0.3092824938073831, ""umax_q90"": 0.8088357127661147, ""frac_umax_lt_0p3"": 0.0825, ""one_over_k"": 0.14285714285714285, ""comms_per_node"": 1.52625, ""frac_in_half_or_more"": 0.0, ""pred_comm_frac_top"": 0.27375, ""pred_comm_frac_med"": 0.24875, ""fcm_obj"": 275.3566014777816, ""fcm_iters"": 200, ""center_min_dist"": 0.08575735172328217, ""center_mean_dist"": 0.8340456356493239, ""within_rms"": 0.7296387081711716, ""center_sep_ratio"": 0.1175339942395794, ""alpha_mean"": 0.6029959740553547, ""conf_mean"": 0.6471371057933639, ""frac_both"": 1.0, ""var_content_w"": 0.5615293133119029, ""var_struct_w"": 0.39513582813410464, ""var_share_content"": 0.5869653748045629, ""pdist_content_w"": 1.0418932193954378, ""pdist_struct_w"": 0.8157920522052724, ""cca_dim"": 8, ""eta2_content_w"": 0.17785445908809483, ""eta2_struct_w"": 0.9190409260022353, ""eta2_fused"": 0.48399013364945254, ""eta2_content_raw"": 0.1729903478295084, ""eta2_struct_raw"": 0.9264678255224833}",,0.95
diag,crisismmd@r0.02,0,7,nan,nan,nan,nan,nan,"{""n_nodes"": 800, ""k"": 7, ""max_cluster_frac"": 0.26125, ""min_cluster_frac"": 0.01625, ""n_empty"": 0, ""sizes_top3"": [209, 194, 191], ""umax_mean"": 0.4594075179372751, ""umax_q10"": 0.22887365141506905, ""umax_q90"": 0.7494746560652751, ""frac_umax_lt_0p3"": 0.265, ""one_over_k"": 0.14285714285714285, ""comms_per_node"": 1.32, ""frac_in_half_or_more"": 0.01125, ""pred_comm_frac_top"": 0.2625, ""pred_comm_frac_med"": 0.1575, ""fcm_obj"": 276.88628352344494, ""fcm_iters"": 100, ""center_min_dist"": 4.905968420368924e-05, ""center_mean_dist"": 0.6804286144205461, ""within_rms"": 0.7544197976463374, ""center_sep_ratio"": 6.502968818777312e-05, ""alpha_mean"": 0.6001689669803463, ""conf_mean"": 0.6430985242576375, ""frac_both"": 1.0, ""var_content_w"": 0.558229520192572, ""var_struct_w"": 0.3973644422465978, ""var_share_content"": 0.5841702042226151, ""pdist_content_w"": 1.0253574369097744, ""pdist_struct_w"": 0.8272285040280298, ""cca_dim"": 8, ""eta2_content_w"": 0.17076672143850274, ""eta2_struct_w"": 0.9239230398817058, ""eta2_fused"": 0.4839515595247263, ""eta2_content_raw"": 0.16520757538268685, ""eta2_struct_raw"": 0.9311412555190026}",,0.99
diag,crisismmd@r0.02,2,7,nan,nan,nan,nan,nan,"{""n_nodes"": 800, ""k"": 7, ""max_cluster_frac"": 0.26125, ""min_cluster_frac"": 0.00125, ""n_empty"": 0, ""sizes_top3"": [209, 193, 191], ""umax_mean"": 0.46303345174509564, ""umax_q10"": 0.23198123820229674, ""umax_q90"": 0.7560625594957748, ""frac_umax_lt_0p3"": 0.26, ""one_over_k"": 0.14285714285714285, ""comms_per_node"": 1.325, ""frac_in_half_or_more"": 0.01375, ""pred_comm_frac_top"": 0.2625, ""pred_comm_frac_med"": 0.16, ""fcm_obj"": 276.1751648543068, ""fcm_iters"": 114, ""center_min_dist"": 0.0005638536255242972, ""center_mean_dist"": 0.6864437102846207, ""within_rms"": 0.7522685190961842, ""center_sep_ratio"": 0.0007495377132104261, ""alpha_mean"": 0.6009836829662953, ""conf_mean"": 0.6442624042375646, ""frac_both"": 1.0, ""var_content_w"": 0.5593886840039345, ""var_struct_w"": 0.3962296546795454, ""var_share_content"": 0.5853683017155136, ""pdist_content_w"": 1.0309728169867602, ""pdist_struct_w"": 0.8249371825151564, ""cca_dim"": 8, ""eta2_content_w"": 0.17302034373480932, ""eta2_struct_w"": 0.9235152521123777, ""eta2_fused"": 0.4841993221488007, ""eta2_content_raw"": 0.16803835081833005, ""eta2_struct_raw"": 0.9312915468864371}",,0.97
var:default,crisismmd@r0.1,0,7,0.2857291980094705,0.19570598775483172,0.19570598775483172,0.3160586059796474,0.2534768564284682,,,0.86
var:default,crisismmd@r0.1,2,7,0.2295192098558979,0.12351030246634032,0.12351030246634032,0.27542921689528344,0.24819829495579157,,,0.91
rem:raw_pca,crisismmd@r0.1,1,7,0.4526031255918556,0.610431835980934,0.566274409103112,0.9293803522431724,0.7474752285965227,,,0.97
var:default,crisismmd@r0.1,1,7,0.2500320468192068,0.15651332895553594,0.15651332895553594,0.2725863522658286,0.23161853084301123,,,1.05
rem:raw_pca,crisismmd@r0.1,0,7,0.46227870735136956,0.4700585235281308,0.4700585235281308,0.875853324959058,0.5897176401796058,,,1.08
rem:std_blocks,crisismmd@r0.1,0,7,0.2889418146379113,0.2724567514605345,0.2724567514605345,0.34652611336785605,0.2891849927264727,,,0.8
rem:raw_pca,crisismmd@r0.1,2,7,0.459722526712548,0.5069534133011427,0.5069534133011427,0.8164349359361652,0.5196680848935714,,,1.0
rem:std_blocks,crisismmd@r0.1,1,7,0.24360703076692616,0.2720988258899042,0.2720988258899042,0.31822766736198954,0.3248258490454744,,,0.94
rem:std_blocks,crisismmd@r0.1,2,7,0.2267207986573969,0.10961097875001613,0.10961097875001613,0.2954883880871807,0.2846378950946044,,,0.94
rem:raw_pca+std,crisismmd@r0.1,0,7,0.46227870735136956,0.4700585235281308,0.4700585235281308,0.875853324959058,0.5897176401796058,,,1.0
rem:raw_pca+std,crisismmd@r0.1,1,7,0.4526031255918556,0.6132168550224406,0.566274409103112,0.9293803522431724,0.7479207633121051,,,1.02
rem:raw_pca+std,crisismmd@r0.1,2,7,0.459722526712548,0.5069534133011427,0.5069534133011427,0.8164349359361652,0.5196680848935714,,,1.0
ceil:content_cca,crisismmd@r0.1,0,7,0.03376043404012811,0.08781638440679673,0.08781638440679673,0.11804062639621575,0.29661950387569586,,,1.0
ceil:content_cca,crisismmd@r0.1,2,7,0.05720474949022845,0.11610208605532057,0.11714693602609305,0.11411552817482695,0.2812564416482237,,,0.89
ceil:content_cca_weighted,crisismmd@r0.1,0,7,0.04170222310563264,0.12235280865371578,0.12235280865371578,0.10702779922861487,0.2549566249231949,,,0.98
ceil:content_cca,crisismmd@r0.1,1,7,0.0481278470938608,0.09782075577654326,0.09782075577654326,0.14929791951455135,0.3557372417722349,,,1.14
ceil:raw_text,crisismmd@r0.1,0,7,0.16218196809892071,0.14553727255306037,0.14553727255306037,0.2842479130148331,0.3788584618614855,,,0.2
ceil:content_cca_weighted,crisismmd@r0.1,1,7,0.022268559273994758,0.0410472061266095,0.0410472061266095,0.04081587102707253,0.11088068895037609,,,1.09
ceil:raw_text,crisismmd@r0.1,1,7,0.10564902109134391,0.1473022910099231,0.1473022910099231,0.19623250985091392,0.2831476565829228,,,0.2
ceil:raw_text,crisismmd@r0.1,2,7,0.1625707102931458,0.24646697502270887,0.24646697502270887,0.3021688886666204,0.38214764517052513,,,0.16
ceil:raw_image,crisismmd@r0.1,1,7,0.0004197844606004985,0.0023663540498439772,0.0023663540498439772,0.0036229997770640867,0.10563607783472727,,,0.28
ceil:raw_image,crisismmd@r0.1,0,7,-0.014974948174362599,0.0023663540498439772,0.0023663540498439772,0.005571432587442662,0.11417821847878684,,,0.36
ceil:raw_concat_pca16,crisismmd@r0.1,0,7,-0.005836735791871093,0.004233386407907158,0.004233386407907158,0.005367645184435462,0.11079683682902776,,,0.11
ceil:raw_concat_pca16,crisismmd@r0.1,1,7,-0.0036784964110861858,0.0037219124066608655,0.0037219124066608655,0.005370220138383213,0.1108863463170335,,,0.09
ceil:raw_concat_pca16,crisismmd@r0.1,2,7,-0.004012038862679057,0.004233386407907158,0.004233386407907158,0.005367645184435462,0.11079683682902776,,,0.09
ceil:raw_image,crisismmd@r0.1,2,7,-0.00455328719267376,0.002240002611341496,0.002240002611341496,0.0051530547443803245,0.11381874004680277,,,0.34
ceil:structure,crisismmd@r0.1,0,7,0.44173628090192885,0.48401109605223547,0.46431769585876714,0.7999802980091504,0.6609289646477772,,,0.06
ceil:structure,crisismmd@r0.1,1,7,0.40916638428070934,0.46561445441833427,0.4454512819590921,0.7206586494116545,0.6449036354761188,,,0.06
ceil:structure,crisismmd@r0.1,2,7,0.40107754543737817,0.45084630758006916,0.4037350381597512,0.6891180566674227,0.6115706045802021,,,0.11
base:louvain,crisismmd@r0.1,0,5,0.4767531462363063,0.6416753864813456,0.6416753864813456,0.8679661587327142,0.9046601716549623,,,0.12
ceil:content_cca_weighted,crisismmd@r0.1,2,7,0.03351368612494394,0.03464250854418238,0.03464250854418238,0.035197248200455604,0.12215363622240974,,,1.03
base:louvain,crisismmd@r0.1,1,6,0.4568103738977049,0.3964962817979135,0.3964962817979135,0.737199701492046,0.6392845570178253,,,0.17
base:louvain,crisismmd@r0.1,2,5,0.4741745013191766,0.5530382581428894,0.5530382581428894,0.8698239007756158,0.8533822622234464,,,0.16
base:spectral_graph+content,crisismmd@r0.1,0,7,0.4572958657720974,0.8675302499664546,0.8675302499664546,0.9225724840987282,0.954510105908116,,,0.12
base:spectral_graph+content,crisismmd@r0.1,1,7,0.4529792117191877,0.8538458898509859,0.8538458898509859,0.9264346857172143,0.945628381255194,,,0.14
base:spectral_graph+content,crisismmd@r0.1,2,7,0.44534131040403835,0.8453143716242535,0.8453143716242535,0.9082716822662048,0.9419138221023301,,,0.16
base:nfmcd_structure_only,crisismmd@r0.1,0,7,0.44173628090192885,0.48401109605223547,0.46431769585876714,0.7999802980091504,0.6609289646477772,,,0.08
base:nfmcd_structure_only,crisismmd@r0.1,1,7,0.40916638428070934,0.46561445441833427,0.4454512819590921,0.7206586494116545,0.6449036354761188,,,0.08
base:kmeans_content,crisismmd@r0.1,1,7,0.17943973003792496,0.4064742121714391,0.4064742121714391,0.3967397442410731,0.5603964460777323,,,0.33
base:nfmcd_structure_only,crisismmd@r0.1,2,7,0.40107754543737817,0.45084630758006916,0.4037350381597512,0.6891180566674227,0.6115706045802021,,,0.08
base:kmeans_content,crisismmd@r0.1,0,7,0.17925418573803628,0.3943730374016603,0.3943730374016603,0.40217737603168063,0.5610033449335877,,,0.39
base:kmeans_content,crisismmd@r0.1,2,7,0.20184344465352816,0.4209784745470222,0.4209784745470222,0.4550070981906108,0.6037258915449902,,,0.34
diag,crisismmd@r0.1,1,7,nan,nan,nan,nan,nan,"{""n_nodes"": 800, ""k"": 7, ""max_cluster_frac"": 0.58, ""min_cluster_frac"": 0.0, ""n_empty"": 3, ""sizes_top3"": [464, 308, 27], ""umax_mean"": 0.142964948544771, ""umax_q10"": 0.14286453512486882, ""umax_q90"": 0.14320513760449433, ""frac_umax_lt_0p3"": 1.0, ""one_over_k"": 0.14285714285714285, ""comms_per_node"": 1.0, ""frac_in_half_or_more"": 0.0, ""pred_comm_frac_top"": 0.58, ""pred_comm_frac_med"": 0.00125, ""fcm_obj"": 289.40195017087916, ""fcm_iters"": 47, ""center_min_dist"": 1.2236553190727723e-06, ""center_mean_dist"": 0.00034512266978741965, ""within_rms"": 0.9781396672555687, ""center_sep_ratio"": 1.2510026533376487e-06, ""alpha_mean"": 0.6029959740553547, ""conf_mean"": 0.6471371057933639, ""frac_both"": 1.0, ""var_content_w"": 0.5615293133119029, ""var_struct_w"": 0.39557762632652727, ""var_share_content"": 0.5866944330415651, ""pdist_content_w"": 1.0418932193954378, ""pdist_struct_w"": 0.8531464743036166, ""cca_dim"": 8, ""eta2_content_w"": 0.17785445908809483, ""eta2_struct_w"": 0.6132077543774599, ""eta2_fused"": 0.357788399624622, ""eta2_content_raw"": 0.1729903478295084, ""eta2_struct_raw"": 0.6148260956179248}",,0.84
diag,crisismmd@r0.1,2,7,nan,nan,nan,nan,nan,"{""n_nodes"": 800, ""k"": 7, ""max_cluster_frac"": 0.48875, ""min_cluster_frac"": 0.0, ""n_empty"": 2, ""sizes_top3"": [391, 355, 52], ""umax_mean"": 0.14295892371174188, ""umax_q10"": 0.14286474050458542, ""umax_q90"": 0.14314951729233621, ""frac_umax_lt_0p3"": 1.0, ""one_over_k"": 0.14285714285714285, ""comms_per_node"": 1.0, ""frac_in_half_or_more"": 0.0, ""pred_comm_frac_top"": 0.48875, ""pred_comm_frac_med"": 0.00125, ""fcm_obj"": 289.26002738075607, ""fcm_iters"": 34, ""center_min_dist"": 9.910403901933824e-07, ""center_mean_dist"": 0.00034897454688497925, ""within_rms"": 0.977906742809157, ""center_sep_ratio"": 1.0134303679566458e-06, ""alpha_mean"": 0.6009836829662953, ""conf_mean"": 0.6442624042375646, ""frac_both"": 1.0, ""var_content_w"": 0.5593886840039345, ""var_struct_w"": 0.39724888675388725, ""var_share_content"": 0.5847446317210995, ""pdist_content_w"": 1.0309728169867602, ""pdist_struct_w"": 0.8676706258615161, ""cca_dim"": 8, ""eta2_content_w"": 0.17302034373480932, ""eta2_struct_w"": 0.5787432258449169, ""eta2_fused"": 0.34149894856437096, ""eta2_content_raw"": 0.16803835081833005, ""eta2_struct_raw"": 0.5789139618422091}",,0.86
diag,crisismmd@r0.1,0,7,nan,nan,nan,nan,nan,"{""n_nodes"": 800, ""k"": 7, ""max_cluster_frac"": 0.54375, ""min_cluster_frac"": 0.0, ""n_empty"": 3, ""sizes_top3"": [435, 315, 49], ""umax_mean"": 0.14294390046813246, ""umax_q10"": 0.1428632461949226, ""umax_q90"": 0.14314531612955791, ""frac_umax_lt_0p3"": 1.0, ""one_over_k"": 0.14285714285714285, ""comms_per_node"": 1.0, ""frac_in_half_or_more"": 0.0, ""pred_comm_frac_top"": 0.54375, ""pred_comm_frac_med"": 0.00125, ""fcm_obj"": 289.1496048981527, ""fcm_iters"": 38, ""center_min_dist"": 2.9612217397355222e-06, ""center_mean_dist"": 0.0002855099460660063, ""within_rms"": 0.9777472632424165, ""center_sep_ratio"": 3.0286167510328352e-06, ""alpha_mean"": 0.6001689669803463, ""conf_mean"": 0.6430985242576375, ""frac_both"": 1.0, ""var_content_w"": 0.558229520192572, ""var_struct_w"": 0.3980428737970266, ""var_share_content"": 0.5837557621662978, ""pdist_content_w"": 1.0253574369097744, ""pdist_struct_w"": 0.8674468138602094, ""cca_dim"": 8, ""eta2_content_w"": 0.17076672143850274, ""eta2_struct_w"": 0.6042207707179731, ""eta2_fused"": 0.3511894718165033, ""eta2_content_raw"": 0.16520757538268685, ""eta2_struct_raw"": 0.6046648921861846}",,0.92
var:default,crisismmd@r0.25,0,7,0.05728194396087069,0.057915009241260695,0.057915009241260695,0.14452972202550318,0.34620217927918995,,,0.88
var:default,crisismmd@r0.25,1,7,0.07837153844903365,0.08554032161618008,0.08554032161618008,0.1141597457927767,0.3213738325174664,,,0.92
rem:raw_pca,crisismmd@r0.25,0,7,0.20056299102915048,0.2046375585043151,0.2046375585043151,0.4262989449320483,0.3485262305243766,,,0.91
rem:raw_pca,crisismmd@r0.25,1,7,0.1888886123486065,0.2321373060969698,0.2321373060969698,0.4622999018704751,0.3591980473600091,,,0.95
var:default,crisismmd@r0.25,2,7,0.08687040825386476,0.09467060406443739,0.09467060406443739,0.2216313436106037,0.34528397481455547,,,1.06
rem:raw_pca,crisismmd@r0.25,2,7,0.22309766750619592,0.21046840579209136,0.21046840579209136,0.4557630738095551,0.374308353839814,,,0.97
rem:std_blocks,crisismmd@r0.25,0,7,0.049460695955744566,0.04852368639103344,0.04852368639103344,0.10945739589768425,0.26319413738771213,,,1.0
rem:std_blocks,crisismmd@r0.25,2,7,0.06275335287093331,0.07667264635382476,0.07667264635382476,0.17304878841840798,0.2983822871005481,,,0.92
rem:std_blocks,crisismmd@r0.25,1,7,0.06159438632011428,0.0766798546207692,0.0766798546207692,0.08311611249327279,0.2888201669576394,,,1.03
rem:raw_pca+std,crisismmd@r0.25,0,7,0.20056299102915048,0.2046375585043151,0.2046375585043151,0.4262989449320483,0.3485262305243766,,,0.83
rem:raw_pca+std,crisismmd@r0.25,1,7,0.1888886123486065,0.2321373060969698,0.2321373060969698,0.4622999018704751,0.3591980473600091,,,0.92
rem:raw_pca+std,crisismmd@r0.25,2,7,0.22309766750619592,0.21046840579209136,0.21046840579209136,0.4557630738095551,0.374308353839814,,,1.03
ceil:content_cca,crisismmd@r0.25,0,7,0.02066223366364416,0.08781638440679673,0.08781638440679673,0.11804062639621575,0.29661950387569586,,,1.11
ceil:content_cca,crisismmd@r0.25,1,7,0.021150047310574262,0.09782075577654326,0.09782075577654326,0.14929791951455135,0.3557372417722349,,,0.77
ceil:content_cca,crisismmd@r0.25,2,7,0.03560297145279001,0.11610208605532057,0.11714693602609305,0.11411552817482695,0.2812564416482237,,,0.8
ceil:raw_text,crisismmd@r0.25,0,7,0.09093915426474802,0.14553727255306037,0.14553727255306037,0.2842479130148331,0.3788584618614855,,,0.17
ceil:content_cca_weighted,crisismmd@r0.25,0,7,0.03263913039154147,0.12235280865371578,0.12235280865371578,0.10702779922861487,0.2549566249231949,,,0.94
ceil:raw_text,crisismmd@r0.25,1,7,0.05698426260347689,0.1473022910099231,0.1473022910099231,0.19623250985091392,0.2831476565829228,,,0.23
ceil:content_cca_weighted,crisismmd@r0.25,1,7,0.0078981450955229,0.0410472061266095,0.0410472061266095,0.04081587102707253,0.11088068895037609,,,0.98
ceil:raw_text,crisismmd@r0.25,2,7,0.09958831154879494,0.24646697502270887,0.24646697502270887,0.3021688886666204,0.38214764517052513,,,0.17
ceil:raw_image,crisismmd@r0.25,0,7,-0.013878035622687737,0.0023663540498439772,0.0023663540498439772,0.005571432587442662,0.11417821847878684,,,0.3
ceil:content_cca_weighted,crisismmd@r0.25,2,7,0.012851840720869081,0.03464250854418238,0.03464250854418238,0.035197248200455604,0.12215363622240974,,,0.94
ceil:raw_image,crisismmd@r0.25,1,7,0.002784238489343505,0.0023663540498439772,0.0023663540498439772,0.0036229997770640867,0.10563607783472727,,,0.25
ceil:raw_image,crisismmd@r0.25,2,7,-0.0034832110775346384,0.002240002611341496,0.002240002611341496,0.0051530547443803245,0.11381874004680277,,,0.28
ceil:raw_concat_pca16,crisismmd@r0.25,0,7,-0.0012913346071985517,0.004233386407907158,0.004233386407907158,0.005367645184435462,0.11079683682902776,,,0.09
ceil:raw_concat_pca16,crisismmd@r0.25,2,7,0.002742130169600387,0.004233386407907158,0.004233386407907158,0.005367645184435462,0.11079683682902776,,,0.11
ceil:structure,crisismmd@r0.25,0,7,0.2699023367706849,0.16191738340847528,0.13635868710658272,0.27076137172040954,0.4142554743793017,,,0.09
ceil:raw_concat_pca16,crisismmd@r0.25,1,7,-0.005465594581395241,0.0037219124066608655,0.0037219124066608655,0.005370220138383213,0.1108863463170335,,,0.14
ceil:structure,crisismmd@r0.25,1,7,0.2630826333424242,0.13206413475815915,0.12610825318501995,0.2909814756775335,0.3866249467275352,,,0.09
ceil:structure,crisismmd@r0.25,2,7,0.267924273622981,0.12926513286089025,0.101248251113643,0.25485190275991465,0.3754568629555358,,,0.12
base:louvain,crisismmd@r0.25,2,8,0.27566171996829814,0.04366942560358689,0.04366942560358689,0.15783019751371266,0.31286053472356495,,,0.12
base:louvain,crisismmd@r0.25,0,10,0.27089989137343135,0.03996792632973212,0.03996792632973212,0.1688257619450875,0.2890293018769018,,,0.17
base:spectral_graph+content,crisismmd@r0.25,1,7,0.252373525747283,0.7867658407768826,0.7867658407768826,0.8514247907507602,0.9234846479437915,,,0.12
base:spectral_graph+content,crisismmd@r0.25,0,7,0.22652009972149018,0.6352927932435034,0.6352927932435034,0.7169034275546654,0.7866824536778297,,,0.19
base:spectral_graph+content,crisismmd@r0.25,2,7,0.24789260609814465,0.7587922314891993,0.7587922314891993,0.8078919457382377,0.8939407284009775,,,0.12
base:louvain,crisismmd@r0.25,1,9,0.27843986317145386,0.07358249793445104,0.07358249793445104,0.20661405902062463,0.3397149732661425,,,0.28
base:nfmcd_structure_only,crisismmd@r0.25,0,7,0.2699023367706849,0.16191738340847528,0.13635868710658272,0.27076137172040954,0.4142554743793017,,,0.14
base:kmeans_content,crisismmd@r0.25,0,7,0.10781515385039461,0.3943730374016603,0.3943730374016603,0.40217737603168063,0.5610033449335877,,,0.27
base:kmeans_content,crisismmd@r0.25,2,7,0.12153367161952403,0.4209784745470222,0.4209784745470222,0.4550070981906108,0.6037258915449902,,,0.28
base:nfmcd_structure_only,crisismmd@r0.25,1,7,0.2630826333424242,0.13206413475815915,0.12610825318501995,0.2909814756775335,0.3866249467275352,,,0.16
base:nfmcd_structure_only,crisismmd@r0.25,2,7,0.267924273622981,0.12926513286089025,0.101248251113643,0.25485190275991465,0.3754568629555358,,,0.08
base:kmeans_content,crisismmd@r0.25,1,7,0.10112952407744581,0.4064742121714391,0.4064742121714391,0.3967397442410731,0.5603964460777323,,,0.36
diag,crisismmd@r0.25,2,7,nan,nan,nan,nan,nan,"{""n_nodes"": 800, ""k"": 7, ""max_cluster_frac"": 0.36625, ""min_cluster_frac"": 0.00625, ""n_empty"": 0, ""sizes_top3"": [293, 262, 76], ""umax_mean"": 0.14287667455458022, ""umax_q10"": 0.14286276082844054, ""umax_q90"": 0.14289790771686006, ""frac_umax_lt_0p3"": 1.0, ""one_over_k"": 0.14285714285714285, ""comms_per_node"": 1.0, ""frac_in_half_or_more"": 0.0, ""pred_comm_frac_top"": 0.36625, ""pred_comm_frac_med"": 0.09, ""fcm_obj"": 289.704940970248, ""fcm_iters"": 14, ""center_min_dist"": 2.6370635124087654e-05, ""center_mean_dist"": 0.00011144443731209676, ""within_rms"": 0.978797270677389, ""center_sep_ratio"": 2.6941876437610602e-05, ""alpha_mean"": 0.6009836829662953, ""conf_mean"": 0.6442624042375646, ""frac_both"": 1.0, ""var_content_w"": 0.5593886840039345, ""var_struct_w"": 0.3987203407774696, ""var_share_content"": 0.5838465869069307, ""pdist_content_w"": 1.0309728169867602, ""pdist_struct_w"": 0.878745930134841, ""cca_dim"": 8, ""eta2_content_w"": 0.17302034373480932, ""eta2_struct_w"": 0.20746030945107982, ""eta2_fused"": 0.18735265301442258, ""eta2_content_raw"": 0.16803835081833005, ""eta2_struct_raw"": 0.20473104640482737}",,0.86
var:default,crisismmd@r0.5,0,7,0.025664886677189802,0.031155616546782783,0.031155616546782783,0.019124746334126197,0.16864766718624646,,,0.95
diag,crisismmd@r0.25,0,7,nan,nan,nan,nan,nan,"{""n_nodes"": 800, ""k"": 7, ""max_cluster_frac"": 0.31875, ""min_cluster_frac"": 0.025, ""n_empty"": 0, ""sizes_top3"": [255, 168, 123], ""umax_mean"": 0.14287247156067395, ""umax_q10"": 0.1428640942960063, ""umax_q90"": 0.14288234948124948, ""frac_umax_lt_0p3"": 1.0, ""one_over_k"": 0.14285714285714285, ""comms_per_node"": 1.0, ""frac_in_half_or_more"": 0.0, ""pred_comm_frac_top"": 0.31875, ""pred_comm_frac_med"": 0.13125, ""fcm_obj"": 289.6627408245476, ""fcm_iters"": 13, ""center_min_dist"": 3.886283362496618e-05, ""center_mean_dist"": 8.646961119838281e-05, ""within_rms"": 0.9787330941499639, ""center_sep_ratio"": 3.970728471042363e-05, ""alpha_mean"": 0.6001689669803463, ""conf_mean"": 0.6430985242576375, ""frac_both"": 1.0, ""var_content_w"": 0.558229520192572, ""var_struct_w"": 0.39973994368827837, ""var_share_content"": 0.5827216223892293, ""pdist_content_w"": 1.0253574369097744, ""pdist_struct_w"": 0.881000116424921, ""cca_dim"": 8, ""eta2_content_w"": 0.17076672143850274, ""eta2_struct_w"": 0.22750841338074193, ""eta2_fused"": 0.1944438025950159, ""eta2_content_raw"": 0.16520757538268685, ""eta2_struct_raw"": 0.22679482867289313}",,1.05
diag,crisismmd@r0.25,1,7,nan,nan,nan,nan,nan,"{""n_nodes"": 800, ""k"": 7, ""max_cluster_frac"": 0.37875, ""min_cluster_frac"": 0.00625, ""n_empty"": 0, ""sizes_top3"": [303, 146, 111], ""umax_mean"": 0.14287323035538782, ""umax_q10"": 0.14286244696108488, ""umax_q90"": 0.14289041558077045, ""frac_umax_lt_0p3"": 1.0, ""one_over_k"": 0.14285714285714285, ""comms_per_node"": 1.0, ""frac_in_half_or_more"": 0.0, ""pred_comm_frac_top"": 0.37875, ""pred_comm_frac_med"": 0.125, ""fcm_obj"": 289.8005012961602, ""fcm_iters"": 14, ""center_min_dist"": 1.4056160349236433e-05, ""center_mean_dist"": 8.674181504957067e-05, ""within_rms"": 0.9789640828713307, ""center_sep_ratio"": 1.435819821703258e-05, ""alpha_mean"": 0.6029959740553547, ""conf_mean"": 0.6471371057933639, ""frac_both"": 1.0, ""var_content_w"": 0.5615293133119029, ""var_struct_w"": 0.3968957498869367, ""var_share_content"": 0.58588755122613, ""pdist_content_w"": 1.0418932193954378, ""pdist_struct_w"": 0.8680201902894287, ""cca_dim"": 8, ""eta2_content_w"": 0.17785445908809483, ""eta2_struct_w"": 0.20615046819881394, ""eta2_fused"": 0.18957218871144513, ""eta2_content_raw"": 0.1729903478295084, ""eta2_struct_raw"": 0.20554760826155344}",,1.09
var:default,crisismmd@r0.5,1,7,0.019419918181582698,0.06305169871105054,0.06305169871105054,0.08656571337525376,0.3079399682738094,,,0.97
var:default,crisismmd@r0.5,2,7,0.029854730142278605,0.02379184404716106,0.02379184404716106,0.06790366146327236,0.2822150453925213,,,0.97
rem:raw_pca,crisismmd@r0.5,1,7,0.00043628767695610846,0.0074300643220710505,0.0074300643220710505,0.00971260388084687,0.1588668514449005,,,0.98
rem:raw_pca,crisismmd@r0.5,0,7,0.023663940798996138,0.011693009976554647,0.011693009976554647,0.0344254045086327,0.19529723446283317,,,1.09
rem:raw_pca,crisismmd@r0.5,2,7,0.017034215757759718,0.0053244156359171235,0.0053244156359171235,0.022655522082815124,0.16774625680075755,,,1.03
rem:std_blocks,crisismmd@r0.5,0,7,0.02564127306901543,0.023936896821201148,0.023936896821201148,0.030115569589539357,0.18340054640390255,,,0.98
rem:std_blocks,crisismmd@r0.5,2,7,0.021807801589488734,0.015665943185658726,0.015665943185658726,0.0656296255890066,0.2870299972667832,,,0.89
rem:std_blocks,crisismmd@r0.5,1,7,0.0103204795457278,0.060437264968567384,0.060437264968567384,0.0780631497220616,0.2875945820566296,,,0.97
rem:raw_pca+std,crisismmd@r0.5,0,7,0.023663940798996138,0.011693009976554647,0.011693009976554647,0.0344254045086327,0.19529723446283317,,,1.03
rem:raw_pca+std,crisismmd@r0.5,2,7,0.017034215757759718,0.0053244156359171235,0.0053244156359171235,0.022655522082815124,0.16774625680075755,,,0.94
ceil:content_cca,crisismmd@r0.5,0,7,0.0053096646475815955,0.08781638440679673,0.08781638440679673,0.11804062639621575,0.29661950387569586,,,0.91
rem:raw_pca+std,crisismmd@r0.5,1,7,0.00043628767695610846,0.0074300643220710505,0.0074300643220710505,0.00971260388084687,0.1588668514449005,,,1.0
ceil:content_cca_weighted,crisismmd@r0.5,1,7,0.0009519702044929297,0.0410472061266095,0.0410472061266095,0.04081587102707253,0.11088068895037609,,,0.86
ceil:content_cca,crisismmd@r0.5,1,7,0.0005764792640992117,0.09782075577654326,0.09782075577654326,0.14929791951455135,0.3557372417722349,,,0.92
ceil:raw_text,crisismmd@r0.5,0,7,0.0412065174058761,0.14553727255306037,0.14553727255306037,0.2842479130148331,0.3788584618614855,,,0.17
ceil:content_cca,crisismmd@r0.5,2,7,0.0235525582818027,0.11610208605532057,0.11714693602609305,0.11411552817482695,0.2812564416482237,,,1.09
ceil:content_cca_weighted,crisismmd@r0.5,0,7,0.013867544706625197,0.12235280865371578,0.12235280865371578,0.10702779922861487,0.2549566249231949,,,1.14
ceil:raw_text,crisismmd@r0.5,1,7,0.019889229965015617,0.1473022910099231,0.1473022910099231,0.19623250985091392,0.2831476565829228,,,0.17
ceil:raw_text,crisismmd@r0.5,2,7,0.050193803343496546,0.24646697502270887,0.24646697502270887,0.3021688886666204,0.38214764517052513,,,0.25
ceil:raw_image,crisismmd@r0.5,0,7,-0.013491477675824076,0.0023663540498439772,0.0023663540498439772,0.005571432587442662,0.11417821847878684,,,0.33
ceil:raw_image,crisismmd@r0.5,1,7,0.0006616652684870477,0.0023663540498439772,0.0023663540498439772,0.0036229997770640867,0.10563607783472727,,,0.28
ceil:raw_concat_pca16,crisismmd@r0.5,0,7,-0.0025208620913595254,0.004233386407907158,0.004233386407907158,0.005367645184435462,0.11079683682902776,,,0.09
ceil:raw_image,crisismmd@r0.5,2,7,-0.001652510050044955,0.002240002611341496,0.002240002611341496,0.0051530547443803245,0.11381874004680277,,,0.27
ceil:raw_concat_pca16,crisismmd@r0.5,1,7,-0.009059876129918416,0.0037219124066608655,0.0037219124066608655,0.005370220138383213,0.1108863463170335,,,0.09
ceil:raw_concat_pca16,crisismmd@r0.5,2,7,0.005315984702306457,0.004233386407907158,0.004233386407907158,0.005367645184435462,0.11079683682902776,,,0.08
ceil:structure,crisismmd@r0.5,0,7,0.177633273703936,0.0,0.0,0.0015662085032077475,0.1479738949371537,,,0.08
ceil:structure,crisismmd@r0.5,1,7,0.17581986547585604,0.0027432976961145883,0.0027432976961145883,0.0018724897306003404,0.1251183549584887,,,0.08
ceil:content_cca_weighted,crisismmd@r0.5,2,7,0.01024374868883506,0.03464250854418238,0.03464250854418238,0.035197248200455604,0.12215363622240974,,,0.88
ceil:structure,crisismmd@r0.5,2,7,0.19535933716771944,0.001567730769900244,0.001567730769900244,0.007730784929052245,0.16539736304633176,,,0.11
base:spectral_graph+content,crisismmd@r0.5,0,7,0.10400973239133447,0.5737823180153394,0.5737823180153394,0.58687818282607,0.7522743331064871,,,0.14
base:louvain,crisismmd@r0.5,0,12,0.25244768700018555,0.0,0.0,0.005439018028410855,0.16731928325507478,,,0.24
base:louvain,crisismmd@r0.5,2,11,0.25617142642668467,0.0,0.0,0.007759188418351378,0.16467341289893403,,,0.17
base:louvain,crisismmd@r0.5,1,13,0.243542220043586,0.0,0.0,0.002982311085670532,0.1597006352412795,,,0.3
base:spectral_graph+content,crisismmd@r0.5,1,7,0.09790437447568263,0.5425287590952939,0.5425287590952939,0.5617073150139492,0.7361953844187046,,,0.11
base:spectral_graph+content,crisismmd@r0.5,2,7,0.10311899784321374,0.5730837857857914,0.5730837857857914,0.5821918854565424,0.7495800500699735,,,0.19
base:nfmcd_structure_only,crisismmd@r0.5,0,7,0.17832857254092097,0.0,0.0,0.0017886226154235263,0.1460740470955679,,,0.08
base:kmeans_content,crisismmd@r0.5,0,7,0.047071800041383206,0.3943730374016603,0.3943730374016603,0.40217737603168063,0.5610033449335877,,,0.33
base:nfmcd_structure_only,crisismmd@r0.5,1,7,0.17561354264846443,0.002589156324644293,0.002589156324644293,0.0023458060530906735,0.12505880877059355,,,0.08
base:kmeans_content,crisismmd@r0.5,1,7,0.04074396358356433,0.4064742121714391,0.4064742121714391,0.3967397442410731,0.5603964460777323,,,0.28
base:nfmcd_structure_only,crisismmd@r0.5,2,7,0.19535933716771944,0.001567730769900244,0.001567730769900244,0.007730784929052245,0.16539736304633176,,,0.06
base:kmeans_content,crisismmd@r0.5,2,7,0.059292144363778956,0.4209784745470222,0.4209784745470222,0.4550070981906108,0.6037258915449902,,,0.34
diag,crisismmd@r0.5,0,7,nan,nan,nan,nan,nan,"{""n_nodes"": 800, ""k"": 7, ""max_cluster_frac"": 0.475, ""min_cluster_frac"": 0.0075, ""n_empty"": 0, ""sizes_top3"": [380, 283, 62], ""umax_mean"": 0.14286754605805993, ""umax_q10"": 0.14285990100791005, ""umax_q90"": 0.14287676313692305, ""frac_umax_lt_0p3"": 1.0, ""one_over_k"": 0.14285714285714285, ""comms_per_node"": 1.0, ""frac_in_half_or_more"": 0.0, ""pred_comm_frac_top"": 0.475, ""pred_comm_frac_med"": 0.05125, ""fcm_obj"": 289.6491088756453, ""fcm_iters"": 13, ""center_min_dist"": 6.750758990596121e-06, ""center_mean_dist"": 6.27867794108562e-05, ""within_rms"": 0.9787182351920074, ""center_sep_ratio"": 6.8975510497818025e-06, ""alpha_mean"": 0.6001689669803463, ""conf_mean"": 0.6430985242576375, ""frac_both"": 1.0, ""var_content_w"": 0.558229520192572, ""var_struct_w"": 0.39969486270954446, ""var_share_content"": 0.5827490459119369, ""pdist_content_w"": 1.0253574369097744, ""pdist_struct_w"": 0.8819605834694906, ""cca_dim"": 8, ""eta2_content_w"": 0.17076672143850274, ""eta2_struct_w"": 0.021336055135271533, ""eta2_fused"": 0.10841663335355542, ""eta2_content_raw"": 0.16520757538268685, ""eta2_struct_raw"": 0.022028330648943707}",,0.8
diag,crisismmd@r0.5,2,7,nan,nan,nan,nan,nan,"{""n_nodes"": 800, ""k"": 7, ""max_cluster_frac"": 0.31125, ""min_cluster_frac"": 0.0275, ""n_empty"": 0, ""sizes_top3"": [249, 212, 172], ""umax_mean"": 0.14286758398942706, ""umax_q10"": 0.14286143166607856, ""umax_q90"": 0.14287530243149002, ""frac_umax_lt_0p3"": 1.0, ""one_over_k"": 0.14285714285714285, ""comms_per_node"": 1.0, ""frac_in_half_or_more"": 0.0, ""pred_comm_frac_top"": 0.31125, ""pred_comm_frac_med"": 0.0975, ""fcm_obj"": 289.73134853345414, ""fcm_iters"": 13, ""center_min_dist"": 1.5645994959889316e-05, ""center_mean_dist"": 5.872679567815691e-05, ""within_rms"": 0.9788572398875582, ""center_sep_ratio"": 1.5983939559634453e-05, ""alpha_mean"": 0.6009836829662953, ""conf_mean"": 0.6442624042375646, ""frac_both"": 1.0, ""var_content_w"": 0.5593886840039345, ""var_struct_w"": 0.3988076817341928, ""var_share_content"": 0.5837933684630884, ""pdist_content_w"": 1.0309728169867602, ""pdist_struct_w"": 0.8788427393061642, ""cca_dim"": 8, ""eta2_content_w"": 0.17302034373480932, ""eta2_struct_w"": 0.01525774225317952, ""eta2_fused"": 0.1073585027897361, ""eta2_content_raw"": 0.16803835081833005, ""eta2_struct_raw"": 0.015322255745752772}",,0.88
diag,crisismmd@r0.5,1,7,nan,nan,nan,nan,nan,"{""n_nodes"": 800, ""k"": 7, ""max_cluster_frac"": 0.245, ""min_cluster_frac"": 0.015, ""n_empty"": 0, ""sizes_top3"": [196, 189, 188], ""umax_mean"": 0.14287432683981907, ""umax_q10"": 0.14286432923025807, ""umax_q90"": 0.14288647249597575, ""frac_umax_lt_0p3"": 1.0, ""one_over_k"": 0.14285714285714285, ""comms_per_node"": 1.0, ""frac_in_half_or_more"": 0.0, ""pred_comm_frac_top"": 0.245, ""pred_comm_frac_med"": 0.10625, ""fcm_obj"": 289.74489870460525, ""fcm_iters"": 12, ""center_min_dist"": 3.1160976032071096e-05, ""center_mean_dist"": 0.00010425138001522503, ""within_rms"": 0.97886862904189, ""center_sep_ratio"": 3.1833665016458254e-05, ""alpha_mean"": 0.6029959740553547, ""conf_mean"": 0.6471371057933639, ""frac_both"": 1.0, ""var_content_w"": 0.5615293133119029, ""var_struct_w"": 0.3967118586139108, ""var_share_content"": 0.585999985977215, ""pdist_content_w"": 1.0418932193954378, ""pdist_struct_w"": 0.8687916907053966, ""cca_dim"": 8, ""eta2_content_w"": 0.17785445908809483, ""eta2_struct_w"": 0.021498952043954418, ""eta2_fused"": 0.11312327697937669, ""eta2_content_raw"": 0.1729903478295084, ""eta2_struct_raw"": 0.02126251747826956}",,0.94
var:default,crisismmd@r1.0,0,7,0.025636075914698526,0.04284360283833544,0.04284360283833544,0.07458422642838317,0.26195419143093474,,,0.92
var:default,crisismmd@r1.0,2,7,0.027224664754577715,0.0,0.0,0.06783033922151463,0.263885859791159,,,0.8
var:default,crisismmd@r1.0,1,7,0.004269162465853715,0.057849034433482216,0.057849034433482216,0.09013046453010276,0.30167715703872894,,,0.94
rem:raw_pca,crisismmd@r1.0,0,7,0.014015687687805636,0.0027379329311938427,0.0027379329311938427,0.01721907997802418,0.17176722008536902,,,0.94
rem:raw_pca,crisismmd@r1.0,1,7,0.001491545194644287,0.006914733419092878,0.006914733419092878,0.009383962966342897,0.15286066481185806,,,1.03
rem:std_blocks,crisismmd@r1.0,0,7,0.02030591969219817,0.05082959975744428,0.05082959975744428,0.08561153797006471,0.2691232444282535,,,0.88
rem:raw_pca,crisismmd@r1.0,2,7,0.003202133864167106,0.004821116785697632,0.004821116785697632,0.021645859848300343,0.16457622109482722,,,0.92
rem:std_blocks,crisismmd@r1.0,1,7,-0.0008657245809454465,0.06588145817869262,0.06588145817869262,0.13115924383478353,0.3271461000445696,,,0.84
rem:std_blocks,crisismmd@r1.0,2,7,0.020201025578876406,0.0,0.0,0.07807459408355201,0.26817503533934356,,,0.78
rem:raw_pca+std,crisismmd@r1.0,0,7,0.014015687687805636,0.0027379329311938427,0.0027379329311938427,0.01721907997802418,0.17176722008536902,,,0.84
ceil:content_cca,crisismmd@r1.0,0,7,-0.009519642685423435,0.08781638440679673,0.08781638440679673,0.11804062639621575,0.29661950387569586,,,0.86
rem:raw_pca+std,crisismmd@r1.0,1,7,0.001491545194644287,0.006914733419092878,0.006914733419092878,0.009383962966342897,0.15286066481185806,,,1.08
rem:raw_pca+std,crisismmd@r1.0,2,7,0.003202133864167106,0.004821116785697632,0.004821116785697632,0.021645859848300343,0.16457622109482722,,,1.02
ceil:content_cca,crisismmd@r1.0,1,7,-0.014052456763405576,0.09782075577654326,0.09782075577654326,0.14929791951455135,0.3557372417722349,,,0.81
ceil:content_cca,crisismmd@r1.0,2,7,0.0077173650110288336,0.11610208605532057,0.11714693602609305,0.11411552817482695,0.2812564416482237,,,0.89
ceil:content_cca_weighted,crisismmd@r1.0,0,7,-0.004775656108099699,0.12235280865371578,0.12235280865371578,0.10702779922861487,0.2549566249231949,,,1.02
ceil:raw_text,crisismmd@r1.0,0,7,-0.0003715136075516211,0.14553727255306037,0.14553727255306037,0.2842479130148331,0.3788584618614855,,,0.17
ceil:content_cca_weighted,crisismmd@r1.0,1,7,-0.00322677507808199,0.0410472061266095,0.0410472061266095,0.04081587102707253,0.11088068895037609,,,1.05
ceil:raw_text,crisismmd@r1.0,1,7,-0.008514751020885792,0.1473022910099231,0.1473022910099231,0.19623250985091392,0.2831476565829228,,,0.16
ceil:raw_text,crisismmd@r1.0,2,7,0.005962895568969995,0.24646697502270887,0.24646697502270887,0.3021688886666204,0.38214764517052513,,,0.22
ceil:content_cca_weighted,crisismmd@r1.0,2,7,8.664270458348181e-05,0.03464250854418238,0.03464250854418238,0.035197248200455604,0.12215363622240974,,,0.83
ceil:raw_image,crisismmd@r1.0,0,7,-0.011464055334414506,0.0023663540498439772,0.0023663540498439772,0.005571432587442662,0.11417821847878684,,,0.34
ceil:raw_concat_pca16,crisismmd@r1.0,0,7,-0.004738047228609654,0.004233386407907158,0.004233386407907158,0.005367645184435462,0.11079683682902776,,,0.09
ceil:raw_image,crisismmd@r1.0,1,7,0.004172541779904641,0.0023663540498439772,0.0023663540498439772,0.0036229997770640867,0.10563607783472727,,,0.31
ceil:raw_image,crisismmd@r1.0,2,7,-0.005807518870422498,0.002240002611341496,0.002240002611341496,0.0051530547443803245,0.11381874004680277,,,0.31
ceil:raw_concat_pca16,crisismmd@r1.0,1,7,-0.007843703272960535,0.0037219124066608655,0.0037219124066608655,0.005370220138383213,0.1108863463170335,,,0.14
ceil:raw_concat_pca16,crisismmd@r1.0,2,7,-0.00432687744124541,0.004233386407907158,0.004233386407907158,0.005367645184435462,0.11079683682902776,,,0.09
ceil:structure,crisismmd@r1.0,1,7,0.19076803194924016,0.0,0.0,-0.0029009727981149022,0.13178508068721967,,,0.06
ceil:structure,crisismmd@r1.0,2,7,0.17679328037780648,0.0014291030513986502,0.0014291030513986502,-0.0008235806228011577,0.1343271271355474,,,0.08
ceil:structure,crisismmd@r1.0,0,7,0.1805940406463841,0.0036491026349152467,0.0036491026349152467,0.00045596274391462274,0.11100308889581481,,,0.16
base:louvain,crisismmd@r1.0,0,11,0.25307434750797725,0.0,0.0,0.004577428904866063,0.15818876519706393,,,0.17
base:spectral_graph+content,crisismmd@r1.0,0,7,0.03341496474944068,0.5149394188775278,0.5149394188775278,0.469720697499949,0.7150912177674738,,,0.12
base:louvain,crisismmd@r1.0,2,10,0.2538418112511343,0.0,0.0,-0.0005390378566458995,0.15932253731041848,,,0.16
base:louvain,crisismmd@r1.0,1,12,0.2556748327152022,0.0,0.0,-0.00451201917862944,0.14285088910187996,,,0.17
base:spectral_graph+content,crisismmd@r1.0,1,7,0.024271605580247966,0.5126339450724022,0.5126339450724022,0.47378719574462996,0.7120875623677112,,,0.12
base:spectral_graph+content,crisismmd@r1.0,2,7,0.03481092752858502,0.5254201908799061,0.5254201908799061,0.4899487323039952,0.7212905038362206,,,0.14
base:nfmcd_structure_only,crisismmd@r1.0,0,7,0.1803930891837072,0.003674887533260285,0.003674887533260285,0.0008596627098386965,0.11551639319347902,,,0.08
base:kmeans_content,crisismmd@r1.0,1,7,-0.005101568174557251,0.4064742121714391,0.4064742121714391,0.3967397442410731,0.5603964460777323,,,0.27
base:nfmcd_structure_only,crisismmd@r1.0,1,7,0.193025830334399,0.0,0.0,-0.0024923742432149598,0.1309068895834408,,,0.08
base:kmeans_content,crisismmd@r1.0,0,7,4.709504775424721e-05,0.3943730374016603,0.3943730374016603,0.40217737603168063,0.5610033449335877,,,0.28
base:nfmcd_structure_only,crisismmd@r1.0,2,7,0.1770617700236306,0.001447506052576708,0.001447506052576708,-0.001081801800366107,0.13366537104915308,,,0.06
base:kmeans_content,crisismmd@r1.0,2,7,0.0024528890114407665,0.4209784745470222,0.4209784745470222,0.4550070981906108,0.6037258915449902,,,0.34
diag,crisismmd@r1.0,1,7,nan,nan,nan,nan,nan,"{""n_nodes"": 800, ""k"": 7, ""max_cluster_frac"": 0.24125, ""min_cluster_frac"": 0.01, ""n_empty"": 0, ""sizes_top3"": [193, 178, 144], ""umax_mean"": 0.1428719277264681, ""umax_q10"": 0.14286435655014368, ""umax_q90"": 0.1428802632153032, ""frac_umax_lt_0p3"": 1.0, ""one_over_k"": 0.14285714285714285, ""comms_per_node"": 1.0, ""frac_in_half_or_more"": 0.0, ""pred_comm_frac_top"": 0.24125, ""pred_comm_frac_med"": 0.17875, ""fcm_obj"": 289.7922981548155, ""fcm_iters"": 12, ""center_min_dist"": 1.4688560490782439e-05, ""center_mean_dist"": 8.685255995564982e-05, ""within_rms"": 0.9789526957088566, ""center_sep_ratio"": 1.5004361860540661e-05, ""alpha_mean"": 0.6029959740553547, ""conf_mean"": 0.6471371057933639, ""frac_both"": 1.0, ""var_content_w"": 0.5615293133119029, ""var_struct_w"": 0.3968686200849075, ""var_share_content"": 0.5859041362089668, ""pdist_content_w"": 1.0418932193954378, ""pdist_struct_w"": 0.8686735802213252, ""cca_dim"": 8, ""eta2_content_w"": 0.17785445908809483, ""eta2_struct_w"": 0.007375905900940194, ""eta2_fused"": 0.10725999534831866, ""eta2_content_raw"": 0.1729903478295084, ""eta2_struct_raw"": 0.007565036334593566}",,0.83
diag,crisismmd@r1.0,2,7,nan,nan,nan,nan,nan,"{""n_nodes"": 800, ""k"": 7, ""max_cluster_frac"": 0.29875, ""min_cluster_frac"": 0.0075, ""n_empty"": 0, ""sizes_top3"": [239, 180, 160], ""umax_mean"": 0.1428718453731586, ""umax_q10"": 0.14286284014459558, ""umax_q90"": 0.1428831905509058, ""frac_umax_lt_0p3"": 1.0, ""one_over_k"": 0.14285714285714285, ""comms_per_node"": 1.0, ""frac_in_half_or_more"": 0.0, ""pred_comm_frac_top"": 0.29875, ""pred_comm_frac_med"": 0.145, ""fcm_obj"": 289.76981698938516, ""fcm_iters"": 13, ""center_min_dist"": 2.4510536119655195e-05, ""center_mean_dist"": 8.212438202871268e-05, ""within_rms"": 0.9789150266178602, ""center_sep_ratio"": 2.503847162742385e-05, ""alpha_mean"": 0.6009836829662953, ""conf_mean"": 0.6442624042375646, ""frac_both"": 1.0, ""var_content_w"": 0.5593886840039345, ""var_struct_w"": 0.39893490134685805, ""var_share_content"": 0.5837158685795963, ""pdist_content_w"": 1.0309728169867602, ""pdist_struct_w"": 0.8795236768245569, ""cca_dim"": 8, ""eta2_content_w"": 0.17302034373480932, ""eta2_struct_w"": 0.0035659173604179954, ""eta2_fused"": 0.10247915503630627, ""eta2_content_raw"": 0.16803835081833005, ""eta2_struct_raw"": 0.0035589932194909045}",,1.0
diag,crisismmd@r1.0,0,7,nan,nan,nan,nan,nan,"{""n_nodes"": 800, ""k"": 7, ""max_cluster_frac"": 0.30875, ""min_cluster_frac"": 0.00375, ""n_empty"": 0, ""sizes_top3"": [247, 200, 176], ""umax_mean"": 0.14286990158693583, ""umax_q10"": 0.14286204870150035, ""umax_q90"": 0.14288148035405485, ""frac_umax_lt_0p3"": 1.0, ""one_over_k"": 0.14285714285714285, ""comms_per_node"": 1.0, ""frac_in_half_or_more"": 0.0, ""pred_comm_frac_top"": 0.30875, ""pred_comm_frac_med"": 0.0825, ""fcm_obj"": 289.65279181576716, ""fcm_iters"": 13, ""center_min_dist"": 2.23238219778898e-05, ""center_mean_dist"": 7.617847660392031e-05, ""within_rms"": 0.9787205014891792, ""center_sep_ratio"": 2.28091901047337e-05, ""alpha_mean"": 0.6001689669803463, ""conf_mean"": 0.6430985242576375, ""frac_both"": 1.0, ""var_content_w"": 0.558229520192572, ""var_struct_w"": 0.39970704176840044, ""var_share_content"": 0.5827416369297451, ""pdist_content_w"": 1.0253574369097744, ""pdist_struct_w"": 0.8815785362423155, ""cca_dim"": 8, ""eta2_content_w"": 0.17076672143850274, ""eta2_struct_w"": 0.009357991468530766, ""eta2_fused"": 0.1034175789860816, ""eta2_content_raw"": 0.16520757538268685, ""eta2_struct_raw"": 0.00960137743309718}",,1.14
var:default,fakeddit@r0.02,0,10,0.31678816717331965,0.3197439068732103,0.23945441370047615,0.4401356073098797,0.30081760138924757,,,2.17
var:default,fakeddit@r0.02,2,10,0.3631865439659848,0.476610516362616,0.34967350704471445,0.4694132151113023,0.30163993719446414,,,2.5
var:default,fakeddit@r0.02,1,10,0.29054984294563785,0.2945286623048132,0.2004206119965214,0.498377128648915,0.3755289557546337,,,2.75
rem:raw_pca,fakeddit@r0.02,0,10,0.37631652246135583,0.4329845134290138,0.3086475695358353,0.5659813387445012,0.3400172020162619,,,2.64
rem:raw_pca,fakeddit@r0.02,1,10,0.36946783914263936,0.45625628226292125,0.3240899410334033,0.5045477468643098,0.3117566014856107,,,2.45
rem:raw_pca,fakeddit@r0.02,2,10,0.39208449776605386,0.4394334102265336,0.3571553265704134,0.5433171813864446,0.30925769520779883,,,2.45
rem:std_blocks,fakeddit@r0.02,0,10,0.3270981381859551,0.34871007173977986,0.26639199453005746,0.41360447133081046,0.2810689841912706,,,2.8
rem:std_blocks,fakeddit@r0.02,1,10,0.31906856231387654,0.30310929865578373,0.23035096336748273,0.34354190909755206,0.304906542149918,,,2.64
rem:std_blocks,fakeddit@r0.02,2,10,0.3369984674900782,0.33070443746625566,0.24170132460769345,0.35957681739625436,0.26283563596952136,,,2.31
rem:raw_pca+std,fakeddit@r0.02,0,10,0.31714732645487315,0.3794594385750344,0.27738007959008826,0.5058324814759035,0.34595498070208547,,,2.41
rem:raw_pca+std,fakeddit@r0.02,2,10,0.3436528463846014,0.4451018383752965,0.3334318521933486,0.4430272064995668,0.31038883110003335,,,2.25
rem:raw_pca+std,fakeddit@r0.02,1,10,0.3675303483119351,0.419642473723135,0.29917842447817855,0.49515017896307695,0.3081602611300167,,,2.59
ceil:content_cca,fakeddit@r0.02,0,10,0.11529030077719524,0.052529579247821534,0.052529579247821534,0.11761855870428535,0.1074325919990832,,,2.42
ceil:content_cca,fakeddit@r0.02,2,10,0.11912955048447048,0.045582100931599534,0.045582100931599534,0.10335499826478697,0.11171549586497413,,,2.34
ceil:content_cca,fakeddit@r0.02,1,10,0.11227395509825089,0.03828882727695282,0.03828882727695282,0.09937109750003113,0.1074104616665958,,,2.72
ceil:raw_text,fakeddit@r0.02,0,10,0.1594200117349594,0.039631946214632174,0.039631946214632174,0.19171558935709807,0.20182540103250948,,,0.3
ceil:content_cca_weighted,fakeddit@r0.02,0,10,0.11472928163236613,0.06168516402695845,0.06168516402695845,0.1204293898746153,0.10798480099069292,,,2.67
ceil:raw_text,fakeddit@r0.02,1,10,0.06910972927864177,0.013019004715216997,0.013019004715216997,0.13710771080561354,0.21409706233925468,,,0.34
ceil:raw_text,fakeddit@r0.02,2,10,0.12485749895630004,0.022750467616354908,0.022750467616354908,0.27179667492922494,0.25457510194161237,,,0.28
ceil:raw_image,fakeddit@r0.02,0,10,0.04845951408858184,0.011772120560252786,0.011772120560252786,0.0481232690131788,0.1258122989814303,,,0.42
ceil:content_cca_weighted,fakeddit@r0.02,1,10,0.11522570619106,0.02994609390803027,0.02994609390803027,0.10397891005750286,0.1154733769929647,,,2.97
ceil:raw_image,fakeddit@r0.02,1,10,0.15290904650523912,0.05179033895568286,0.05179033895568286,0.2198924913278644,0.20153597054952707,,,0.58
ceil:raw_concat_pca16,fakeddit@r0.02,1,10,0.2357074070000957,0.12066182949762094,0.12066182949762094,0.23508189162163434,0.13332627110931522,,,0.19
ceil:raw_concat_pca16,fakeddit@r0.02,0,10,0.2411949097098228,0.12184020694756725,0.12184020694756725,0.23870815133715861,0.133834131473141,,,0.3
ceil:raw_image,fakeddit@r0.02,2,10,0.14692342117159077,0.056606325794578916,0.056606325794578916,0.17042802500790308,0.1540451594154017,,,0.64
ceil:raw_concat_pca16,fakeddit@r0.02,2,10,0.23668636436215498,0.10241217916898904,0.10241217916898904,0.24251111666993821,0.14354359838324185,,,0.2
ceil:structure,fakeddit@r0.02,0,10,0.5136095800760656,0.9633203583267674,0.968739173869411,0.9954358839048507,0.9850788743741544,,,0.17
ceil:structure,fakeddit@r0.02,1,10,0.5085396228751436,0.9428756900425057,0.9599442601205983,0.9952971621115816,0.9770779016966216,,,0.14
ceil:structure,fakeddit@r0.02,2,10,0.509852903304227,0.9372653345278409,0.9502873364277694,0.9879737873390755,0.9735510659683906,,,0.12
base:louvain,fakeddit@r0.02,0,9,0.5141357672297695,0.8871096653038846,0.8871096653038846,0.9782614528648146,0.9725144909420155,,,0.19
base:louvain,fakeddit@r0.02,1,6,0.5085415584559037,0.6698911228429015,0.6698911228429015,0.9024240039407923,0.8886919228655067,,,0.17
base:louvain,fakeddit@r0.02,2,8,0.5114601951986397,0.8051911976919354,0.8051911976919354,0.9668865344519759,0.9431009515510316,,,0.24
ceil:content_cca_weighted,fakeddit@r0.02,2,10,0.11655151079543143,0.03633536282495742,0.03633536282495742,0.1074067269584332,0.11924296802495486,,,2.5
base:spectral_graph+content,fakeddit@r0.02,0,10,0.4631576532419865,0.7098674228440214,0.7098674228440214,0.8856142288196797,0.840437480610898,,,0.42
base:spectral_graph+content,fakeddit@r0.02,2,10,0.4751768653687355,0.7422167550807666,0.7422167550807666,0.8888515425729246,0.8423698922486833,,,0.3
base:spectral_graph+content,fakeddit@r0.02,1,10,0.470920615908303,0.697042236926537,0.697042236926537,0.886795230475839,0.8163414510328881,,,0.45
base:nfmcd_structure_only,fakeddit@r0.02,0,10,0.5136095800760656,0.9633203583267674,0.968739173869411,0.9954358839048507,0.9850788743741544,,,0.23
base:nfmcd_structure_only,fakeddit@r0.02,1,10,0.5085396228751436,0.9428756900425057,0.9599442601205983,0.9952971621115816,0.9770779016966216,,,0.22
base:kmeans_content,fakeddit@r0.02,0,10,0.1491189185316166,0.08148429537517676,0.08148429537517676,0.24440980048921568,0.27069755766412107,,,0.61
base:kmeans_content,fakeddit@r0.02,2,10,0.14725371300732876,0.08074720016748604,0.08074720016748604,0.24196555843292858,0.27483072454287527,,,0.59
base:nfmcd_structure_only,fakeddit@r0.02,2,10,0.509852903304227,0.9372653345278409,0.9502873364277694,0.9879737873390755,0.9735510659683906,,,0.17
base:kmeans_content,fakeddit@r0.02,1,10,0.13161956821510834,0.05281184324661137,0.05281184324661137,0.2524321241732041,0.3080640691677653,,,0.69
diag,fakeddit@r0.02,0,10,nan,nan,nan,nan,nan,"{""n_nodes"": 1200, ""k"": 10, ""max_cluster_frac"": 0.32083333333333336, ""min_cluster_frac"": 0.0, ""n_empty"": 3, ""sizes_top3"": [385, 202, 198], ""umax_mean"": 0.2248017525130839, ""umax_q10"": 0.12065061130703207, ""umax_q90"": 0.4110123107714407, ""frac_umax_lt_0p3"": 0.7516666666666667, ""one_over_k"": 0.1, ""comms_per_node"": 1.285, ""frac_in_half_or_more"": 0.0, ""pred_comm_frac_top"": 0.32083333333333336, ""pred_comm_frac_med"": 0.08499999999999999, ""fcm_obj"": 347.17887356836474, ""fcm_iters"": 63, ""center_min_dist"": 6.030896340217024e-13, ""center_mean_dist"": 0.3781537997686232, ""within_rms"": 0.8375070298237145, ""center_sep_ratio"": 7.201009812991369e-13, ""alpha_mean"": 0.5795769030158964, ""conf_mean"": 0.6136812900227092, ""frac_both"": 0.9525, ""var_content_w"": 0.5330536929435283, ""var_struct_w"": 0.4139929308576452, ""var_share_content"": 0.5628589760485506, ""pdist_content_w"": 1.0144763155554153, ""pdist_struct_w"": 0.8563050512286957, ""cca_dim"": 8, ""eta2_content_w"": 0.152801792763522, ""eta2_struct_w"": 0.9158662397774319, ""eta2_fused"": 0.48636856647167553, ""eta2_content_raw"": 0.1530747234888604, ""eta2_struct_raw"": 0.9321268048025393}",,2.25
var:default,fakeddit@r0.1,0,10,0.29348531844103126,0.2118160900309961,0.2118160900309961,0.3538558404229935,0.18229511084428018,,,2.34
diag,fakeddit@r0.02,2,10,nan,nan,nan,nan,nan,"{""n_nodes"": 1200, ""k"": 10, ""max_cluster_frac"": 0.3233333333333333, ""min_cluster_frac"": 0.0, ""n_empty"": 4, ""sizes_top3"": [388, 238, 212], ""umax_mean"": 0.20814402682610247, ""umax_q10"": 0.12599923841168031, ""umax_q90"": 0.33626467629676726, ""frac_umax_lt_0p3"": 0.865, ""one_over_k"": 0.1, ""comms_per_node"": 1.5, ""frac_in_half_or_more"": 0.0, ""pred_comm_frac_top"": 0.3233333333333333, ""pred_comm_frac_med"": 0.17083333333333334, ""fcm_obj"": 350.11785357494796, ""fcm_iters"": 51, ""center_min_dist"": 4.2966532945365764e-11, ""center_mean_dist"": 0.4221615040784343, ""within_rms"": 0.8422321662232884, ""center_sep_ratio"": 5.101507003464847e-11, ""alpha_mean"": 0.5840503028762597, ""conf_mean"": 0.6200718612517995, ""frac_both"": 0.9525, ""var_content_w"": 0.5382690886699999, ""var_struct_w"": 0.40976344803853504, ""var_share_content"": 0.5677749104880339, ""pdist_content_w"": 1.0095843551595451, ""pdist_struct_w"": 0.8538424997429931, ""cca_dim"": 8, ""eta2_content_w"": 0.1453511194349077, ""eta2_struct_w"": 0.895831279990844, ""eta2_fused"": 0.4697274740077025, ""eta2_content_raw"": 0.14598715197905524, ""eta2_struct_raw"": 0.9126260441488889}",,2.48
diag,fakeddit@r0.02,1,10,nan,nan,nan,nan,nan,"{""n_nodes"": 1200, ""k"": 10, ""max_cluster_frac"": 0.23416666666666666, ""min_cluster_frac"": 0.005, ""n_empty"": 0, ""sizes_top3"": [281, 220, 198], ""umax_mean"": 0.21223874774525478, ""umax_q10"": 0.12693859594689028, ""umax_q90"": 0.33069543516457256, ""frac_umax_lt_0p3"": 0.8533333333333334, ""one_over_k"": 0.1, ""comms_per_node"": 1.5333333333333334, ""frac_in_half_or_more"": 0.0, ""pred_comm_frac_top"": 0.31666666666666665, ""pred_comm_frac_med"": 0.14250000000000002, ""fcm_obj"": 348.48913947632326, ""fcm_iters"": 91, ""center_min_dist"": 5.657889228342617e-17, ""center_mean_dist"": 0.43220362186983746, ""within_rms"": 0.8384800250296913, ""center_sep_ratio"": 6.747792504819084e-17, ""alpha_mean"": 0.5813879962783927, ""conf_mean"": 0.6162685661119895, ""frac_both"": 0.9525, ""var_content_w"": 0.5350085086777767, ""var_struct_w"": 0.41232800267223535, ""var_share_content"": 0.5647502257828028, ""pdist_content_w"": 1.0249263411187959, ""pdist_struct_w"": 0.8326494643886136, ""cca_dim"": 8, ""eta2_content_w"": 0.1427680285089579, ""eta2_struct_w"": 0.9099633299183375, ""eta2_fused"": 0.4766896102274277, ""eta2_content_raw"": 0.1430631816113034, ""eta2_struct_raw"": 0.9259270509244656}",,2.64
var:default,fakeddit@r0.1,1,10,0.29407726888932467,0.21630253048218828,0.21630253048218828,0.370905424381512,0.1815667511771441,,,2.44
var:default,fakeddit@r0.1,2,10,0.29097554427233113,0.17739385290408238,0.17739385290408238,0.35008058359116545,0.1738325439088338,,,2.56
rem:raw_pca,fakeddit@r0.1,1,10,0.2851904400475432,0.24383155200134388,0.2085995557857485,0.4178960289204939,0.18769631188194874,,,2.47
rem:raw_pca,fakeddit@r0.1,0,10,0.3014137637606657,0.14396903641797787,0.14396903641797787,0.390213151685915,0.19747515511403438,,,2.56
rem:std_blocks,fakeddit@r0.1,1,10,0.2926767760679929,0.25410883310826327,0.25410883310826327,0.3644072062797443,0.17498259171357924,,,2.24
rem:std_blocks,fakeddit@r0.1,2,10,0.28910471107050095,0.20074116467415226,0.20074116467415226,0.3525257944474251,0.17015319672849036,,,2.3
rem:raw_pca,fakeddit@r0.1,2,10,0.2870669582563593,0.217558576999056,0.217558576999056,0.42045043682516725,0.1861082403239912,,,2.83
rem:std_blocks,fakeddit@r0.1,0,10,0.29145020649506315,0.2118350574725214,0.2118350574725214,0.3578027376780717,0.18082857234051672,,,2.75
rem:raw_pca+std,fakeddit@r0.1,0,10,0.30179152170762963,0.14387064455652643,0.14387064455652643,0.3894290396755425,0.19501029116247354,,,2.48
rem:raw_pca+std,fakeddit@r0.1,1,10,0.28513866468689925,0.24431198282135058,0.20807835721594126,0.41739515990268106,0.1874147691539077,,,2.55
rem:raw_pca+std,fakeddit@r0.1,2,10,0.28776027981722546,0.21781488859420062,0.21781488859420062,0.42190438373995803,0.186561193152896,,,2.69
ceil:content_cca,fakeddit@r0.1,0,10,0.08389131215024936,0.052529579247821534,0.052529579247821534,0.11761855870428535,0.1074325919990832,,,2.56
ceil:content_cca,fakeddit@r0.1,2,10,0.09102710626914011,0.045582100931599534,0.045582100931599534,0.10335499826478697,0.11171549586497413,,,2.36
ceil:content_cca,fakeddit@r0.1,1,10,0.08399709582538531,0.03828882727695282,0.03828882727695282,0.09937109750003113,0.1074104616665958,,,2.59
ceil:raw_text,fakeddit@r0.1,0,10,0.1159091630960083,0.039631946214632174,0.039631946214632174,0.19171558935709807,0.20182540103250948,,,0.28
ceil:content_cca_weighted,fakeddit@r0.1,1,10,0.08789391036747753,0.02994609390803027,0.02994609390803027,0.10397891005750286,0.1154733769929647,,,2.5
ceil:raw_text,fakeddit@r0.1,1,10,0.048341152327930036,0.013019004715216997,0.013019004715216997,0.13710771080561354,0.21409706233925468,,,0.31
ceil:content_cca_weighted,fakeddit@r0.1,0,10,0.0838859211667891,0.06168516402695845,0.06168516402695845,0.1204293898746153,0.10798480099069292,,,2.98
ceil:raw_text,fakeddit@r0.1,2,10,0.09097756597346388,0.022750467616354908,0.022750467616354908,0.27179667492922494,0.25457510194161237,,,0.36
ceil:raw_image,fakeddit@r0.1,0,10,0.03269067580584176,0.011772120560252786,0.011772120560252786,0.0481232690131788,0.1258122989814303,,,0.56
ceil:raw_image,fakeddit@r0.1,1,10,0.11068743312322336,0.05179033895568286,0.05179033895568286,0.2198924913278644,0.20153597054952707,,,0.59
ceil:raw_image,fakeddit@r0.1,2,10,0.10423475464987428,0.056606325794578916,0.056606325794578916,0.17042802500790308,0.1540451594154017,,,0.61
ceil:raw_concat_pca16,fakeddit@r0.1,1,10,0.17307058004243372,0.12066182949762094,0.12066182949762094,0.23508189162163434,0.13332627110931522,,,0.19
ceil:raw_concat_pca16,fakeddit@r0.1,0,10,0.17412859945657505,0.12184020694756725,0.12184020694756725,0.23870815133715861,0.133834131473141,,,0.38
ceil:raw_concat_pca16,fakeddit@r0.1,2,10,0.17271056678005053,0.10241217916898904,0.10241217916898904,0.24251111666993821,0.14354359838324185,,,0.28
ceil:structure,fakeddit@r0.1,0,10,0.30809407089158314,0.6134732781496995,0.5680896681904513,0.6962546166128188,0.7064683168926766,,,0.19
ceil:structure,fakeddit@r0.1,1,10,0.3042331237711346,0.6383367106960912,0.5584115262274744,0.6811440037837957,0.6702573480184196,,,0.2
ceil:structure,fakeddit@r0.1,2,10,0.31214589269487053,0.5530112076565898,0.5497771809005632,0.6691739004680566,0.6055211497405832,,,0.14
base:louvain,fakeddit@r0.1,0,5,0.37523264776571136,0.5197647770993059,0.5197647770993059,0.8092698161195543,0.8206804310002696,,,0.19
base:louvain,fakeddit@r0.1,1,5,0.36741754203739396,0.5012782128421144,0.5012782128421144,0.743087922157203,0.8355439609631026,,,0.22
base:louvain,fakeddit@r0.1,2,4,0.3672037535642457,0.48508196168362705,0.48508196168362705,0.6594889505914293,0.8005012041161863,,,0.19
ceil:content_cca_weighted,fakeddit@r0.1,2,10,0.08793772414901131,0.03633536282495742,0.03633536282495742,0.1074067269584332,0.11924296802495486,,,2.27
base:spectral_graph+content,fakeddit@r0.1,2,10,0.2933225496931202,0.5279695425917831,0.5279695425917831,0.7828179030960278,0.6961720921555745,,,0.3
base:spectral_graph+content,fakeddit@r0.1,0,10,0.29149704654751474,0.5485186436598007,0.5485186436598007,0.7749656031273982,0.6989487958802828,,,0.39
base:spectral_graph+content,fakeddit@r0.1,1,10,0.3020808546511948,0.5397015336881973,0.5397015336881973,0.792741395748033,0.7033719877541091,,,0.42
base:nfmcd_structure_only,fakeddit@r0.1,0,10,0.30809407089158314,0.6134732781496995,0.5680896681904513,0.6962546166128188,0.7064683168926766,,,0.25
base:nfmcd_structure_only,fakeddit@r0.1,1,10,0.3042331237711346,0.6383367106960912,0.5584115262274744,0.6811440037837957,0.6702573480184196,,,0.22
base:kmeans_content,fakeddit@r0.1,1,10,0.09406611473895361,0.05281184324661137,0.05281184324661137,0.2524321241732041,0.3080640691677653,,,0.62
base:kmeans_content,fakeddit@r0.1,2,10,0.1071229880403132,0.08074720016748604,0.08074720016748604,0.24196555843292858,0.27483072454287527,,,0.67
base:kmeans_content,fakeddit@r0.1,0,10,0.10664300704814919,0.08148429537517676,0.08148429537517676,0.24440980048921568,0.27069755766412107,,,0.88
base:nfmcd_structure_only,fakeddit@r0.1,2,10,0.31214589269487053,0.5530112076565898,0.5497771809005632,0.6691739004680566,0.6055211497405832,,,0.23
diag,fakeddit@r0.1,2,10,nan,nan,nan,nan,nan,"{""n_nodes"": 1200, ""k"": 10, ""max_cluster_frac"": 0.5675, ""min_cluster_frac"": 0.0, ""n_empty"": 5, ""sizes_top3"": [681, 391, 125], ""umax_mean"": 0.13656631978577566, ""umax_q10"": 0.10348983064962067, ""umax_q90"": 0.22810551065231024, ""frac_umax_lt_0p3"": 0.97, ""one_over_k"": 0.1, ""comms_per_node"": 1.0, ""frac_in_half_or_more"": 0.0, ""pred_comm_frac_top"": 0.5675, ""pred_comm_frac_med"": 0.0004166666666666667, ""fcm_obj"": 360.3951077824663, ""fcm_iters"": 60, ""center_min_dist"": 7.456454335134866e-08, ""center_mean_dist"": 0.08749372036639817, ""within_rms"": 0.9264734275109354, ""center_sep_ratio"": 8.048211760545941e-08, ""alpha_mean"": 0.5840503028762597, ""conf_mean"": 0.6200718612517995, ""frac_both"": 0.9525, ""var_content_w"": 0.5382690886699999, ""var_struct_w"": 0.412061024768513, ""var_share_content"": 0.5664022228253424, ""pdist_content_w"": 1.0095843551595451, ""pdist_struct_w"": 0.8867555740185104, ""cca_dim"": 8, ""eta2_content_w"": 0.1453511194349077, ""eta2_struct_w"": 0.531860044359492, ""eta2_fused"": 0.31294053014014367, ""eta2_content_raw"": 0.14598715197905524, ""eta2_struct_raw"": 0.5394587436473427}",,2.41
diag,fakeddit@r0.1,0,10,nan,nan,nan,nan,nan,"{""n_nodes"": 1200, ""k"": 10, ""max_cluster_frac"": 0.5691666666666667, ""min_cluster_frac"": 0.0, ""n_empty"": 6, ""sizes_top3"": [683, 391, 123], ""umax_mean"": 0.1392002693045342, ""umax_q10"": 0.10374609483110092, ""umax_q90"": 0.22972214730321253, ""frac_umax_lt_0p3"": 0.9616666666666667, ""one_over_k"": 0.1, ""comms_per_node"": 1.0, ""frac_in_half_or_more"": 0.0, ""pred_comm_frac_top"": 0.5691666666666667, ""pred_comm_frac_med"": 0.0, ""fcm_obj"": 359.86934486722623, ""fcm_iters"": 104, ""center_min_dist"": 1.8007483989346882e-11, ""center_mean_dist"": 0.09241850193165373, ""within_rms"": 0.9238331943957122, ""center_sep_ratio"": 1.9492137864894812e-11, ""alpha_mean"": 0.5795769030158964, ""conf_mean"": 0.6136812900227092, ""frac_both"": 0.9525, ""var_content_w"": 0.5330536929435283, ""var_struct_w"": 0.4162422034133536, ""var_share_content"": 0.5615253315522272, ""pdist_content_w"": 1.0144763155554153, ""pdist_struct_w"": 0.8863170057402496, ""cca_dim"": 8, ""eta2_content_w"": 0.152801792763522, ""eta2_struct_w"": 0.5347529391365475, ""eta2_fused"": 0.3202776950324552, ""eta2_content_raw"": 0.1530747234888604, ""eta2_struct_raw"": 0.541918396932822}",,2.69
diag,fakeddit@r0.1,1,10,nan,nan,nan,nan,nan,"{""n_nodes"": 1200, ""k"": 10, ""max_cluster_frac"": 0.5658333333333333, ""min_cluster_frac"": 0.0, ""n_empty"": 6, ""sizes_top3"": [679, 400, 117], ""umax_mean"": 0.13304536958258661, ""umax_q10"": 0.10306415418346977, ""umax_q90"": 0.21828006548008033, ""frac_umax_lt_0p3"": 0.9883333333333333, ""one_over_k"": 0.1, ""comms_per_node"": 1.0, ""frac_in_half_or_more"": 0.0, ""pred_comm_frac_top"": 0.5658333333333333, ""pred_comm_frac_med"": 0.0, ""fcm_obj"": 360.21839930793305, ""fcm_iters"": 74, ""center_min_dist"": 3.6563695848037336e-09, ""center_mean_dist"": 0.07951588289087573, ""within_rms"": 0.9284979794163049, ""center_sep_ratio"": 3.937940271122994e-09, ""alpha_mean"": 0.5813879962783927, ""conf_mean"": 0.6162685661119895, ""frac_both"": 0.9525, ""var_content_w"": 0.5350085086777767, ""var_struct_w"": 0.41461093638261026, ""var_share_content"": 0.5633925373581538, ""pdist_content_w"": 1.0249263411187959, ""pdist_struct_w"": 0.8715020295087051, ""cca_dim"": 8, ""eta2_content_w"": 0.1427680285089579, ""eta2_struct_w"": 0.533775647081059, ""eta2_fused"": 0.31348487272712183, ""eta2_content_raw"": 0.1430631816113034, ""eta2_struct_raw"": 0.5428789550460539}",,2.86
var:default,fakeddit@r0.25,0,10,0.1597085846240807,0.11662928474680934,0.11662928474680934,0.2728618603875485,0.13621999577677413,,,2.91
var:default,fakeddit@r0.25,1,10,0.15293420507737737,0.10501871252790895,0.10501871252790895,0.26438418634180283,0.1390845708223233,,,2.17
rem:raw_pca,fakeddit@r0.25,0,10,0.1670655824169217,0.1721396252066698,0.1721396252066698,0.2917273050972653,0.1324266210485208,,,2.38
var:default,fakeddit@r0.25,2,10,0.15383360251833245,0.16861789361802804,0.16861789361802804,0.428033534145411,0.1952924142640618,,,2.69
rem:raw_pca,fakeddit@r0.25,1,10,0.1664329329571619,0.23276763610196616,0.23276763610196616,0.29629045780204727,0.1308874976755718,,,2.56
rem:raw_pca,fakeddit@r0.25,2,10,0.1593565365551822,0.23854549109724843,0.23854549109724843,0.29591943259324444,0.13128087784076134,,,2.17
rem:std_blocks,fakeddit@r0.25,1,10,0.1467150456906588,0.09966639307994174,0.09966639307994174,0.2554421481894885,0.14069300132969534,,,2.42
rem:std_blocks,fakeddit@r0.25,0,10,0.1541988868314712,0.1115066878058506,0.1115066878058506,0.2678422715301099,0.138835646708362,,,2.56
rem:std_blocks,fakeddit@r0.25,2,10,0.1439940359738888,0.12775483842305824,0.12775483842305824,0.3065612031476704,0.15694163519534285,,,2.39
rem:raw_pca+std,fakeddit@r0.25,0,10,0.1670655824169217,0.1721396252066698,0.1721396252066698,0.2917273050972653,0.1324266210485208,,,2.3
rem:raw_pca+std,fakeddit@r0.25,2,10,0.1593565365551822,0.23854549109724843,0.23854549109724843,0.29591943259324444,0.13128087784076134,,,2.47
rem:raw_pca+std,fakeddit@r0.25,1,10,0.1664329329571619,0.23276763610196616,0.23276763610196616,0.29629045780204727,0.1308874976755718,,,2.64
ceil:content_cca,fakeddit@r0.25,0,10,0.049719013571184724,0.052529579247821534,0.052529579247821534,0.11761855870428535,0.1074325919990832,,,2.42
ceil:content_cca,fakeddit@r0.25,1,10,0.05667573801281596,0.03828882727695282,0.03828882727695282,0.09937109750003113,0.1074104616665958,,,2.64
ceil:content_cca,fakeddit@r0.25,2,10,0.05273635175275243,0.045582100931599534,0.045582100931599534,0.10335499826478697,0.11171549586497413,,,2.41
ceil:content_cca_weighted,fakeddit@r0.25,1,10,0.06102714288850802,0.02994609390803027,0.02994609390803027,0.10397891005750286,0.1154733769929647,,,2.42
ceil:content_cca_weighted,fakeddit@r0.25,0,10,0.051159610441556626,0.06168516402695845,0.06168516402695845,0.1204293898746153,0.10798480099069292,,,2.49
ceil:raw_text,fakeddit@r0.25,0,10,0.07342674482886388,0.039631946214632174,0.039631946214632174,0.19171558935709807,0.20182540103250948,,,0.39
ceil:raw_text,fakeddit@r0.25,1,10,0.02588426004646433,0.013019004715216997,0.013019004715216997,0.13710771080561354,0.21409706233925468,,,0.31
ceil:raw_text,fakeddit@r0.25,2,10,0.05361492754867343,0.022750467616354908,0.022750467616354908,0.27179667492922494,0.25457510194161237,,,0.42
ceil:raw_image,fakeddit@r0.25,0,10,0.01523918466899031,0.011772120560252786,0.011772120560252786,0.0481232690131788,0.1258122989814303,,,0.56
ceil:raw_image,fakeddit@r0.25,1,10,0.06629226395592736,0.05179033895568286,0.05179033895568286,0.2198924913278644,0.20153597054952707,,,0.58
ceil:raw_image,fakeddit@r0.25,2,10,0.05801476257817749,0.056606325794578916,0.056606325794578916,0.17042802500790308,0.1540451594154017,,,0.58
ceil:raw_concat_pca16,fakeddit@r0.25,0,10,0.10554449586400541,0.12184020694756725,0.12184020694756725,0.23870815133715861,0.133834131473141,,,0.23
ceil:raw_concat_pca16,fakeddit@r0.25,1,10,0.10510313324465716,0.12066182949762094,0.12066182949762094,0.23508189162163434,0.13332627110931522,,,0.16
ceil:structure,fakeddit@r0.25,0,10,0.21016001781037336,0.19511081654698792,0.19511081654698792,0.27994307966845866,0.13491414579245947,,,0.12
ceil:structure,fakeddit@r0.25,1,10,0.20406892857627554,0.17598747955305782,0.17598747955305782,0.26939312961928996,0.13300178270773497,,,0.11
ceil:content_cca_weighted,fakeddit@r0.25,2,10,0.052201659196591324,0.03633536282495742,0.03633536282495742,0.1074067269584332,0.11924296802495486,,,2.22
ceil:raw_concat_pca16,fakeddit@r0.25,2,10,0.10294778929008751,0.10241217916898904,0.10241217916898904,0.24251111666993821,0.14354359838324185,,,0.17
ceil:structure,fakeddit@r0.25,2,10,0.20536380662284293,0.19356650716759516,0.19356650716759516,0.2719834785451402,0.1348657179054223,,,0.11
base:louvain,fakeddit@r0.25,2,8,0.22067372386349826,0.057939111662093756,0.057939111662093756,0.3392844734037019,0.29083552819944625,,,0.28
base:louvain,fakeddit@r0.25,0,9,0.21670854993895525,0.026228191380809562,0.026228191380809562,0.1802070175608178,0.24892566799599944,,,0.33
base:spectral_graph+content,fakeddit@r0.25,0,10,0.15026800585029598,0.29706218701122056,0.29706218701122056,0.5771699700221075,0.505092291934884,,,0.28
base:louvain,fakeddit@r0.25,1,9,0.21309665064354197,0.04049604607298507,0.04049604607298507,0.1427908741127824,0.2461193095010189,,,0.45
base:spectral_graph+content,fakeddit@r0.25,2,10,0.15116109442789688,0.2986240644866036,0.2986240644866036,0.5652484123336892,0.5047485489260474,,,0.38
base:spectral_graph+content,fakeddit@r0.25,1,10,0.14559016393013763,0.31981012987381785,0.31981012987381785,0.5569462543045791,0.5335418754256771,,,0.39
base:nfmcd_structure_only,fakeddit@r0.25,0,10,0.21016001781037336,0.19511081654698792,0.19511081654698792,0.27994307966845866,0.13491414579245947,,,0.12
base:nfmcd_structure_only,fakeddit@r0.25,1,10,0.20406892857627554,0.17598747955305782,0.17598747955305782,0.26939312961928996,0.13300178270773497,,,0.27
base:kmeans_content,fakeddit@r0.25,1,10,0.059931133289908324,0.05281184324661137,0.05281184324661137,0.2524321241732041,0.3080640691677653,,,0.64
base:kmeans_content,fakeddit@r0.25,0,10,0.06406249289158421,0.08148429537517676,0.08148429537517676,0.24440980048921568,0.27069755766412107,,,0.72
base:nfmcd_structure_only,fakeddit@r0.25,2,10,0.20536380662284293,0.19356650716759516,0.19356650716759516,0.2719834785451402,0.1348657179054223,,,0.19
base:kmeans_content,fakeddit@r0.25,2,10,0.06542818139448657,0.08074720016748604,0.08074720016748604,0.24196555843292858,0.27483072454287527,,,0.69
diag,fakeddit@r0.25,1,10,nan,nan,nan,nan,nan,"{""n_nodes"": 1200, ""k"": 10, ""max_cluster_frac"": 0.5675, ""min_cluster_frac"": 0.0, ""n_empty"": 4, ""sizes_top3"": [681, 510, 6], ""umax_mean"": 0.10002003725653003, ""umax_q10"": 0.10000417976093184, ""umax_q90"": 0.10003823262260027, ""frac_umax_lt_0p3"": 1.0, ""one_over_k"": 0.1, ""comms_per_node"": 1.0, ""frac_in_half_or_more"": 0.0, ""pred_comm_frac_top"": 0.5675, ""pred_comm_frac_med"": 0.0008333333333333334, ""fcm_obj"": 361.62968186840715, ""fcm_iters"": 17, ""center_min_dist"": 5.34878293838746e-06, ""center_mean_dist"": 0.00012958331031469067, ""within_rms"": 0.9761572793698885, ""center_sep_ratio"": 5.479427394973309e-06, ""alpha_mean"": 0.5813879962783927, ""conf_mean"": 0.6162685661119895, ""frac_both"": 0.9525, ""var_content_w"": 0.5350085086777767, ""var_struct_w"": 0.41796936884778235, ""var_share_content"": 0.5614070602209402, ""pdist_content_w"": 1.0249263411187959, ""pdist_struct_w"": 0.8847279590742188, ""cca_dim"": 8, ""eta2_content_w"": 0.1427680285089579, ""eta2_struct_w"": 0.19992571050488073, ""eta2_fused"": 0.16783698428647267, ""eta2_content_raw"": 0.1430631816113034, ""eta2_struct_raw"": 0.20318939277504644}",,2.3
diag,fakeddit@r0.25,2,10,nan,nan,nan,nan,nan,"{""n_nodes"": 1200, ""k"": 10, ""max_cluster_frac"": 0.42833333333333334, ""min_cluster_frac"": 0.0, ""n_empty"": 5, ""sizes_top3"": [514, 377, 307], ""umax_mean"": 0.10002253084160932, ""umax_q10"": 0.10000433352643201, ""umax_q90"": 0.10005076945572801, ""frac_umax_lt_0p3"": 1.0, ""one_over_k"": 0.1, ""comms_per_node"": 1.0, ""frac_in_half_or_more"": 0.0, ""pred_comm_frac_top"": 0.42833333333333334, ""pred_comm_frac_med"": 0.0004166666666666667, ""fcm_obj"": 361.9543503485979, ""fcm_iters"": 17, ""center_min_dist"": 1.266737970258176e-06, ""center_mean_dist"": 0.00015991997692086737, ""within_rms"": 0.9765895011364871, ""center_sep_ratio"": 1.2971038177071709e-06, ""alpha_mean"": 0.5840503028762597, ""conf_mean"": 0.6200718612517995, ""frac_both"": 0.9525, ""var_content_w"": 0.5382690886699999, ""var_struct_w"": 0.4155643605658918, ""var_share_content"": 0.5643218835538202, ""pdist_content_w"": 1.0095843551595451, ""pdist_struct_w"": 0.8982895718335663, ""cca_dim"": 8, ""eta2_content_w"": 0.1453511194349077, ""eta2_struct_w"": 0.18239015852399862, ""eta2_fused"": 0.16148821822019738, ""eta2_content_raw"": 0.14598715197905524, ""eta2_struct_raw"": 0.18267760564820956}",,2.38
diag,fakeddit@r0.25,0,10,nan,nan,nan,nan,nan,"{""n_nodes"": 1200, ""k"": 10, ""max_cluster_frac"": 0.5583333333333333, ""min_cluster_frac"": 0.0, ""n_empty"": 5, ""sizes_top3"": [670, 526, 2], ""umax_mean"": 0.10002775206088718, ""umax_q10"": 0.10000476080518075, ""umax_q90"": 0.1000632615425806, ""frac_umax_lt_0p3"": 1.0, ""one_over_k"": 0.1, ""comms_per_node"": 1.0, ""frac_in_half_or_more"": 0.0, ""pred_comm_frac_top"": 0.5583333333333333, ""pred_comm_frac_med"": 0.0004166666666666667, ""fcm_obj"": 361.69218350713174, ""fcm_iters"": 17, ""center_min_dist"": 2.9372926931210362e-06, ""center_mean_dist"": 0.00017888563071179127, ""within_rms"": 0.9762231281074515, ""center_sep_ratio"": 3.008833337940262e-06, ""alpha_mean"": 0.5795769030158964, ""conf_mean"": 0.6136812900227092, ""frac_both"": 0.9525, ""var_content_w"": 0.5330536929435283, ""var_struct_w"": 0.4200888820023864, ""var_share_content"": 0.5592591359936017, ""pdist_content_w"": 1.0144763155554153, ""pdist_struct_w"": 0.8967126295730885, ""cca_dim"": 8, ""eta2_content_w"": 0.152801792763522, ""eta2_struct_w"": 0.1836098551769226, ""eta2_fused"": 0.16638016480994913, ""eta2_content_raw"": 0.1530747234888604, ""eta2_struct_raw"": 0.1851695486715289}",,2.61
var:default,fakeddit@r0.5,0,10,0.03738812180510845,0.03987877971278597,0.03987877971278597,0.2884552138954908,0.23830553383857955,,,2.62
var:default,fakeddit@r0.5,2,10,0.03271982983096377,0.021073499831535503,0.021073499831535503,0.1844045624175452,0.18902113591664088,,,2.17
var:default,fakeddit@r0.5,1,10,0.02716592428897992,0.032046072270707215,0.032046072270707215,0.22423065978175133,0.21057464352683192,,,2.42
rem:raw_pca,fakeddit@r0.5,0,10,0.06294569400153271,0.08486384592124319,0.08486384592124319,0.2734129838776495,0.1722019945446545,,,2.51
rem:raw_pca,fakeddit@r0.5,1,10,0.07050517412465628,0.08065638925353624,0.08065638925353624,0.2396720708252269,0.1521858650325318,,,2.59
rem:raw_pca,fakeddit@r0.5,2,10,0.05396600865135391,0.09181826901543122,0.09181826901543122,0.25975844266383574,0.15413444397204384,,,2.33
rem:std_blocks,fakeddit@r0.5,0,10,0.03171319219684849,0.03961580639559703,0.03961580639559703,0.247898832320399,0.21975987188164986,,,2.41
rem:std_blocks,fakeddit@r0.5,1,10,0.028120688455950893,0.03355884119020547,0.03355884119020547,0.16343139553274488,0.2203528683781752,,,2.49
rem:std_blocks,fakeddit@r0.5,2,10,0.030206280827548723,0.02638279763749729,0.02638279763749729,0.17576791597694685,0.19587369410603736,,,2.33
rem:raw_pca+std,fakeddit@r0.5,1,10,0.07050517412465628,0.08065638925353624,0.08065638925353624,0.2396720708252269,0.1521858650325318,,,2.25
rem:raw_pca+std,fakeddit@r0.5,0,10,0.06343622809721816,0.0847877836043105,0.0847877836043105,0.27290164238074127,0.16833484216616296,,,2.5
rem:raw_pca+std,fakeddit@r0.5,2,10,0.053985140143898484,0.09197589823566554,0.09197589823566554,0.2604181845876914,0.1552110944223289,,,2.25
ceil:content_cca,fakeddit@r0.5,0,10,0.019679751177290913,0.052529579247821534,0.052529579247821534,0.11761855870428535,0.1074325919990832,,,2.3
ceil:content_cca,fakeddit@r0.5,1,10,0.029686216112902463,0.03828882727695282,0.03828882727695282,0.09937109750003113,0.1074104616665958,,,2.24
ceil:content_cca,fakeddit@r0.5,2,10,0.0189161187937306,0.045582100931599534,0.045582100931599534,0.10335499826478697,0.11171549586497413,,,2.25
ceil:raw_text,fakeddit@r0.5,0,10,0.035172522612440284,0.039631946214632174,0.039631946214632174,0.19171558935709807,0.20182540103250948,,,0.34
ceil:content_cca_weighted,fakeddit@r0.5,0,10,0.02119541784892339,0.06168516402695845,0.06168516402695845,0.1204293898746153,0.10798480099069292,,,2.48
ceil:raw_text,fakeddit@r0.5,1,10,0.013283006865905353,0.013019004715216997,0.013019004715216997,0.13710771080561354,0.21409706233925468,,,0.28
ceil:content_cca_weighted,fakeddit@r0.5,1,10,0.03323894294735212,0.02994609390803027,0.02994609390803027,0.10397891005750286,0.1154733769929647,,,2.34
ceil:raw_text,fakeddit@r0.5,2,10,0.02107516990787815,0.022750467616354908,0.022750467616354908,0.27179667492922494,0.25457510194161237,,,0.36
ceil:raw_image,fakeddit@r0.5,0,10,0.004723361138091835,0.011772120560252786,0.011772120560252786,0.0481232690131788,0.1258122989814303,,,0.55
ceil:raw_image,fakeddit@r0.5,1,10,0.028214907335674878,0.05179033895568286,0.05179033895568286,0.2198924913278644,0.20153597054952707,,,0.61
ceil:raw_concat_pca16,fakeddit@r0.5,0,10,0.0472963995191627,0.12184020694756725,0.12184020694756725,0.23870815133715861,0.133834131473141,,,0.17
ceil:raw_concat_pca16,fakeddit@r0.5,1,10,0.0496832947334693,0.12066182949762094,0.12066182949762094,0.23508189162163434,0.13332627110931522,,,0.19
ceil:raw_concat_pca16,fakeddit@r0.5,2,10,0.045332420171994486,0.10241217916898904,0.10241217916898904,0.24251111666993821,0.14354359838324185,,,0.19
ceil:raw_image,fakeddit@r0.5,2,10,0.020122140824818835,0.056606325794578916,0.056606325794578916,0.17042802500790308,0.1540451594154017,,,0.64
ceil:structure,fakeddit@r0.5,1,10,0.14434339326672166,0.0,0.0,0.009145966475771664,0.13927265676329023,,,0.12
ceil:structure,fakeddit@r0.5,0,10,0.14520745263026866,0.0,0.0,0.007201059084154989,0.13747934145227436,,,0.22
ceil:structure,fakeddit@r0.5,2,10,0.14677526885148562,0.0,0.0,0.009116780673074225,0.12626916842058783,,,0.2
ceil:content_cca_weighted,fakeddit@r0.5,2,10,0.019774564440733226,0.03633536282495742,0.03633536282495742,0.1074067269584332,0.11924296802495486,,,2.11
base:louvain,fakeddit@r0.5,1,9,0.1946139346954571,0.0,0.0,0.0027113068452927266,0.13984337304646785,,,0.31
base:louvain,fakeddit@r0.5,0,10,0.19653736930702229,0.0,0.0,0.006633551940152953,0.12473483529086557,,,0.44
base:spectral_graph+content,fakeddit@r0.5,0,10,0.05493369151356174,0.10342361763456143,0.10342361763456143,0.29214925619951587,0.31827839743734854,,,0.36
base:louvain,fakeddit@r0.5,2,10,0.19728465143538576,1.1102230246251565e-16,1.1102230246251565e-16,0.005189216705660001,0.12521673372795528,,,0.56
base:spectral_graph+content,fakeddit@r0.5,1,10,0.0683592452740313,0.09679329696798766,0.09679329696798766,0.3704915468013071,0.3245361304473218,,,0.36
base:spectral_graph+content,fakeddit@r0.5,2,10,0.058344303479386656,0.1049606672310468,0.1049606672310468,0.31179341071447275,0.30929796341522336,,,0.36
base:nfmcd_structure_only,fakeddit@r0.5,0,10,0.14520745263026866,0.0,0.0,0.007201059084154989,0.13747934145227436,,,0.34
base:kmeans_content,fakeddit@r0.5,1,10,0.033466924065954376,0.05281184324661137,0.05281184324661137,0.2524321241732041,0.3080640691677653,,,0.58
base:nfmcd_structure_only,fakeddit@r0.5,1,10,0.14434339326672166,0.0,0.0,0.009145966475771664,0.13927265676329023,,,0.2
base:kmeans_content,fakeddit@r0.5,2,10,0.02794681136054405,0.08074720016748604,0.08074720016748604,0.24196555843292858,0.27483072454287527,,,0.67
base:kmeans_content,fakeddit@r0.5,0,10,0.03156613931975651,0.08148429537517676,0.08148429537517676,0.24440980048921568,0.27069755766412107,,,0.75
base:nfmcd_structure_only,fakeddit@r0.5,2,10,0.14677526885148562,0.0,0.0,0.009116780673074225,0.12626916842058783,,,0.17
diag,fakeddit@r0.5,1,10,nan,nan,nan,nan,nan,"{""n_nodes"": 1200, ""k"": 10, ""max_cluster_frac"": 0.3575, ""min_cluster_frac"": 0.0075, ""n_empty"": 0, ""sizes_top3"": [429, 313, 177], ""umax_mean"": 0.1000064467097156, ""umax_q10"": 0.10000233554167878, ""umax_q90"": 0.1000119382401937, ""frac_umax_lt_0p3"": 1.0, ""one_over_k"": 0.1, ""comms_per_node"": 1.0, ""frac_in_half_or_more"": 0.0, ""pred_comm_frac_top"": 0.3575, ""pred_comm_frac_med"": 0.04, ""fcm_obj"": 361.8615629449092, ""fcm_iters"": 12, ""center_min_dist"": 1.1452537794057818e-05, ""center_mean_dist"": 4.835879976583943e-05, ""within_rms"": 0.9765030417558841, ""center_sep_ratio"": 1.172811277008711e-05, ""alpha_mean"": 0.5813879962783927, ""conf_mean"": 0.6162685661119895, ""frac_both"": 0.9525, ""var_content_w"": 0.5350085086777767, ""var_struct_w"": 0.4185804356185231, ""var_share_content"": 0.5610473064702158, ""pdist_content_w"": 1.0249263411187959, ""pdist_struct_w"": 0.8871495815020743, ""cca_dim"": 8, ""eta2_content_w"": 0.1427680285089579, ""eta2_struct_w"": 0.028945337471227513, ""eta2_fused"": 0.09280525169320468, ""eta2_content_raw"": 0.1430631816113034, ""eta2_struct_raw"": 0.029438015892908877}",,2.3
diag,fakeddit@r0.5,0,10,nan,nan,nan,nan,nan,"{""n_nodes"": 1200, ""k"": 10, ""max_cluster_frac"": 0.415, ""min_cluster_frac"": 0.0125, ""n_empty"": 0, ""sizes_top3"": [498, 260, 168], ""umax_mean"": 0.10000703013810293, ""umax_q10"": 0.10000212484982961, ""umax_q90"": 0.10001554411408689, ""frac_umax_lt_0p3"": 1.0, ""one_over_k"": 0.1, ""comms_per_node"": 1.0, ""frac_in_half_or_more"": 0.0, ""pred_comm_frac_top"": 0.415, ""pred_comm_frac_med"": 0.041666666666666664, ""fcm_obj"": 361.79866015078323, ""fcm_iters"": 12, ""center_min_dist"": 1.1352291284352728e-05, ""center_mean_dist"": 4.627062383403868e-05, ""within_rms"": 0.9764168077274601, ""center_sep_ratio"": 1.1626480816899028e-05, ""alpha_mean"": 0.5795769030158964, ""conf_mean"": 0.6136812900227092, ""frac_both"": 0.9525, ""var_content_w"": 0.5330536929435283, ""var_struct_w"": 0.4203694878043838, ""var_share_content"": 0.5590945381932246, ""pdist_content_w"": 1.0144763155554153, ""pdist_struct_w"": 0.8970679178099027, ""cca_dim"": 8, ""eta2_content_w"": 0.152801792763522, ""eta2_struct_w"": 0.028677200084872907, ""eta2_fused"": 0.09807458190703713, ""eta2_content_raw"": 0.1530747234888604, ""eta2_struct_raw"": 0.02910157697285155}",,2.39
diag,fakeddit@r0.5,2,10,nan,nan,nan,nan,nan,"{""n_nodes"": 1200, ""k"": 10, ""max_cluster_frac"": 0.3525, ""min_cluster_frac"": 0.0008333333333333334, ""n_empty"": 0, ""sizes_top3"": [423, 375, 209], ""umax_mean"": 0.10000717511708548, ""umax_q10"": 0.10000210490662176, ""umax_q90"": 0.10001400594291722, ""frac_umax_lt_0p3"": 1.0, ""one_over_k"": 0.1, ""comms_per_node"": 1.0, ""frac_in_half_or_more"": 0.0, ""pred_comm_frac_top"": 0.3525, ""pred_comm_frac_med"": 0.03625, ""fcm_obj"": 362.0325641771805, ""fcm_iters"": 12, ""center_min_dist"": 1.2999803231370858e-05, ""center_mean_dist"": 5.4761246341539784e-05, ""within_rms"": 0.9767319221220908, ""center_sep_ratio"": 1.330948946883358e-05, ""alpha_mean"": 0.5840503028762597, ""conf_mean"": 0.6200718612517995, ""frac_both"": 0.9525, ""var_content_w"": 0.5382690886699999, ""var_struct_w"": 0.41577048236949643, ""var_share_content"": 0.5641999608915088, ""pdist_content_w"": 1.0095843551595451, ""pdist_struct_w"": 0.8988314953186822, ""cca_dim"": 8, ""eta2_content_w"": 0.1453511194349077, ""eta2_struct_w"": 0.01759916880682731, ""eta2_fused"": 0.08967681435507979, ""eta2_content_raw"": 0.14598715197905524, ""eta2_struct_raw"": 0.017589624452201396}",,2.53
var:default,fakeddit@r1.0,0,10,0.006530563349267972,0.01681997271593927,0.01681997271593927,0.18524035753829454,0.2329386334635517,,,2.66
var:default,fakeddit@r1.0,2,10,-0.0011024860068179695,0.008853226538583892,0.008853226538583892,0.08503459198378878,0.16010087642030796,,,2.14
var:default,fakeddit@r1.0,1,10,0.0005117083056510951,0.034363630900981046,0.034363630900981046,0.21129225727766365,0.19806540863559477,,,2.5
rem:raw_pca,fakeddit@r1.0,1,10,0.004244014756075067,0.07787909547624494,0.07787909547624494,0.3013882364097291,0.1927873937445089,,,2.36
rem:raw_pca,fakeddit@r1.0,0,10,0.006058683209263248,0.08224419828226814,0.08224419828226814,0.3162258870144676,0.21686780927000307,,,2.67
rem:raw_pca,fakeddit@r1.0,2,10,0.0026534020684350745,0.08786317466602456,0.08786317466602456,0.2623802236877456,0.1840587265262768,,,2.39
rem:std_blocks,fakeddit@r1.0,0,10,0.005413537328026056,0.023578982647772362,0.023578982647772362,0.2519706525897567,0.23392917506999567,,,2.41
rem:std_blocks,fakeddit@r1.0,2,10,0.0032424281879947707,0.0380745229198548,0.0380745229198548,0.08329625933018607,0.1717542652555573,,,2.23
rem:std_blocks,fakeddit@r1.0,1,10,0.005528657019435115,0.02364289943029063,0.02364289943029063,0.21346607431289022,0.20730030369503502,,,2.41
rem:raw_pca+std,fakeddit@r1.0,0,10,0.006058683209263248,0.08224419828226814,0.08224419828226814,0.3162258870144676,0.21686780927000307,,,2.69
ceil:content_cca,fakeddit@r1.0,0,10,-0.0059470034202715695,0.052529579247821534,0.052529579247821534,0.11761855870428535,0.1074325919990832,,,2.3
rem:raw_pca+std,fakeddit@r1.0,2,10,0.0026534020684350745,0.08786317466602456,0.08786317466602456,0.2623802236877456,0.1840587265262768,,,2.36
rem:raw_pca+std,fakeddit@r1.0,1,10,0.004178821202947499,0.07787909547624494,0.07787909547624494,0.3013829622019149,0.19304126274182898,,,2.62
ceil:content_cca,fakeddit@r1.0,1,10,0.004596194427752257,0.03828882727695282,0.03828882727695282,0.09937109750003113,0.1074104616665958,,,2.56
ceil:content_cca,fakeddit@r1.0,2,10,-0.003857553991637321,0.045582100931599534,0.045582100931599534,0.10335499826478697,0.11171549586497413,,,2.39
ceil:content_cca_weighted,fakeddit@r1.0,1,10,0.007684564981960581,0.02994609390803027,0.02994609390803027,0.10397891005750286,0.1154733769929647,,,2.42
ceil:raw_text,fakeddit@r1.0,0,10,0.0033622881835502073,0.039631946214632174,0.039631946214632174,0.19171558935709807,0.20182540103250948,,,0.27
ceil:raw_text,fakeddit@r1.0,1,10,0.0011925549094919006,0.013019004715216997,0.013019004715216997,0.13710771080561354,0.21409706233925468,,,0.31
ceil:content_cca_weighted,fakeddit@r1.0,0,10,-0.0045159863152636264,0.06168516402695845,0.06168516402695845,0.1204293898746153,0.10798480099069292,,,2.8
ceil:raw_text,fakeddit@r1.0,2,10,-0.003810441053258661,0.022750467616354908,0.022750467616354908,0.27179667492922494,0.25457510194161237,,,0.3
ceil:raw_image,fakeddit@r1.0,0,10,-0.0017886858320130619,0.011772120560252786,0.011772120560252786,0.0481232690131788,0.1258122989814303,,,0.56
ceil:raw_image,fakeddit@r1.0,1,10,-0.001214735428802037,0.05179033895568286,0.05179033895568286,0.2198924913278644,0.20153597054952707,,,0.69
ceil:raw_concat_pca16,fakeddit@r1.0,0,10,-0.00013699602907010831,0.12184020694756725,0.12184020694756725,0.23870815133715861,0.133834131473141,,,0.2
ceil:raw_image,fakeddit@r1.0,2,10,-0.007073669385736833,0.056606325794578916,0.056606325794578916,0.17042802500790308,0.1540451594154017,,,0.64
ceil:structure,fakeddit@r1.0,0,10,0.14742212173234512,0.0,0.0,-0.005640240377912166,0.12436906105204285,,,0.17
ceil:raw_concat_pca16,fakeddit@r1.0,1,10,0.003966199489873316,0.12066182949762094,0.12066182949762094,0.23508189162163434,0.13332627110931522,,,0.25
ceil:raw_concat_pca16,fakeddit@r1.0,2,10,0.0025437445340859145,0.10241217916898904,0.10241217916898904,0.24251111666993821,0.14354359838324185,,,0.25
ceil:structure,fakeddit@r1.0,2,10,0.14812456376343053,0.0,0.0,0.002016010269359548,0.12370472046310996,,,0.16
ceil:structure,fakeddit@r1.0,1,10,0.15016178741017183,0.0,0.0,-0.0021907114514958296,0.12191478288036942,,,0.19
base:louvain,fakeddit@r1.0,0,9,0.19401670912401853,0.0,0.0,-0.0011759232486040435,0.13161026186906571,,,0.34
base:louvain,fakeddit@r1.0,1,8,0.19864113854948054,0.0,0.0,0.0014096456662129164,0.1495860730385643,,,0.28
base:louvain,fakeddit@r1.0,2,7,0.1987246869496772,0.0,0.0,0.0019660524457253024,0.15822644834088262,,,0.27
ceil:content_cca_weighted,fakeddit@r1.0,2,10,-0.003100161718381098,0.03633536282495742,0.03633536282495742,0.1074067269584332,0.11924296802495486,,,2.06
base:spectral_graph+content,fakeddit@r1.0,0,10,0.04041422463701203,0.05597741125083999,0.05597741125083999,0.17400058659832127,0.28782469782034037,,,0.36
base:spectral_graph+content,fakeddit@r1.0,2,10,0.044858506084795975,0.059066597392566034,0.059066597392566034,0.13364459532963643,0.2536840736098872,,,0.36
base:spectral_graph+content,fakeddit@r1.0,1,10,0.037402199015703956,0.04720311750828554,0.04720311750828554,0.17525228936841214,0.2272569514706957,,,0.42
base:nfmcd_structure_only,fakeddit@r1.0,0,10,0.14742212173234512,0.0,0.0,-0.005640240377912166,0.12436906105204285,,,0.17
base:nfmcd_structure_only,fakeddit@r1.0,1,10,0.15016178741017183,0.0,0.0,-0.0021907114514958296,0.12191478288036942,,,0.19
base:kmeans_content,fakeddit@r1.0,0,10,0.004879120688593626,0.08148429537517676,0.08148429537517676,0.24440980048921568,0.27069755766412107,,,0.73
base:kmeans_content,fakeddit@r1.0,1,10,0.009037743976636281,0.05281184324661137,0.05281184324661137,0.2524321241732041,0.3080640691677653,,,0.66
base:kmeans_content,fakeddit@r1.0,2,10,-0.0015014369775272164,0.08074720016748604,0.08074720016748604,0.24196555843292858,0.27483072454287527,,,0.62
base:nfmcd_structure_only,fakeddit@r1.0,2,10,0.14812456376343053,0.0,0.0,0.002016010269359548,0.12370472046310996,,,0.28
var:default,crisismmd,0,7,0.5197824512523282,0.590905302529789,0.5987296738513683,0.93508331137697,0.7572625076058666,,,0.97
var:default,crisismmd,1,7,0.5267513351527662,0.6290563695197424,0.6290563695197424,0.8332464694708969,0.506950028298826,,,0.92
diag,fakeddit@r1.0,2,10,nan,nan,nan,nan,nan,"{""n_nodes"": 1200, ""k"": 10, ""max_cluster_frac"": 0.33916666666666667, ""min_cluster_frac"": 0.0, ""n_empty"": 1, ""sizes_top3"": [407, 403, 120], ""umax_mean"": 0.10000906567744136, ""umax_q10"": 0.10000349654155438, ""umax_q90"": 0.10001664469078826, ""frac_umax_lt_0p3"": 1.0, ""one_over_k"": 0.1, ""comms_per_node"": 1.0, ""frac_in_half_or_more"": 0.0, ""pred_comm_frac_top"": 0.33916666666666667, ""pred_comm_frac_med"": 0.04625, ""fcm_obj"": 362.074880322083, ""fcm_iters"": 11, ""center_min_dist"": 2.3456633810883382e-05, ""center_mean_dist"": 6.522122070184083e-05, ""within_rms"": 0.9767843201045769, ""center_sep_ratio"": 2.401413835998928e-05, ""alpha_mean"": 0.5840503028762597, ""conf_mean"": 0.6200718612517995, ""frac_both"": 0.9525, ""var_content_w"": 0.5382690886699999, ""var_struct_w"": 0.4158819929977104, ""var_share_content"": 0.5641340234385351, ""pdist_content_w"": 1.0095843551595451, ""pdist_struct_w"": 0.8995203321421533, ""cca_dim"": 8, ""eta2_content_w"": 0.1453511194349077, ""eta2_struct_w"": 0.005222164726602801, ""eta2_fused"": 0.08427367574651796, ""eta2_content_raw"": 0.14598715197905524, ""eta2_struct_raw"": 0.005499670073663936}",,2.06
diag,fakeddit@r1.0,0,10,nan,nan,nan,nan,nan,"{""n_nodes"": 1200, ""k"": 10, ""max_cluster_frac"": 0.25833333333333336, ""min_cluster_frac"": 0.035, ""n_empty"": 0, ""sizes_top3"": [310, 215, 166], ""umax_mean"": 0.10000812378738914, ""umax_q10"": 0.10000413024163884, ""umax_q90"": 0.10001305925493459, ""frac_umax_lt_0p3"": 1.0, ""one_over_k"": 0.1, ""comms_per_node"": 1.0, ""frac_in_half_or_more"": 0.0, ""pred_comm_frac_top"": 0.25833333333333336, ""pred_comm_frac_med"": 0.07541666666666666, ""fcm_obj"": 361.80938564472046, ""fcm_iters"": 11, ""center_min_dist"": 3.2420070304051864e-05, ""center_mean_dist"": 6.627750508843698e-05, ""within_rms"": 0.9764285024853654, ""center_sep_ratio"": 3.320270784957404e-05, ""alpha_mean"": 0.5795769030158964, ""conf_mean"": 0.6136812900227092, ""frac_both"": 0.9525, ""var_content_w"": 0.5330536929435283, ""var_struct_w"": 0.4203977490920315, ""var_share_content"": 0.5590779660524008, ""pdist_content_w"": 1.0144763155554153, ""pdist_struct_w"": 0.8963140696149184, ""cca_dim"": 8, ""eta2_content_w"": 0.152801792763522, ""eta2_struct_w"": 0.007040871208780908, ""eta2_fused"": 0.08853259076161457, ""eta2_content_raw"": 0.1530747234888604, ""eta2_struct_raw"": 0.0071774577084898145}",,2.17
diag,fakeddit@r1.0,1,10,nan,nan,nan,nan,nan,"{""n_nodes"": 1200, ""k"": 10, ""max_cluster_frac"": 0.3641666666666667, ""min_cluster_frac"": 0.0, ""n_empty"": 1, ""sizes_top3"": [437, 278, 207], ""umax_mean"": 0.10000514200744562, ""umax_q10"": 0.10000183437686383, ""umax_q90"": 0.10000934868363688, ""frac_umax_lt_0p3"": 1.0, ""one_over_k"": 0.1, ""comms_per_node"": 1.0, ""frac_in_half_or_more"": 0.0, ""pred_comm_frac_top"": 0.3641666666666667, ""pred_comm_frac_med"": 0.05333333333333333, ""fcm_obj"": 361.8570510592424, ""fcm_iters"": 12, ""center_min_dist"": 1.0192631094543078e-05, ""center_mean_dist"": 3.5500262760783776e-05, ""within_rms"": 0.9765001435401105, ""center_sep_ratio"": 1.0437920733509826e-05, ""alpha_mean"": 0.5813879962783927, ""conf_mean"": 0.6162685661119895, ""frac_both"": 0.9525, ""var_content_w"": 0.5350085086777767, ""var_struct_w"": 0.4185685468188113, ""var_share_content"": 0.5610543013732675, ""pdist_content_w"": 1.0249263411187959, ""pdist_struct_w"": 0.8872679042328258, ""cca_dim"": 8, ""eta2_content_w"": 0.1427680285089579, ""eta2_struct_w"": 0.005828400430824742, ""eta2_fused"": 0.08265896779259742, ""eta2_content_raw"": 0.1430631816113034, ""eta2_struct_raw"": 0.006278225654373475}",,2.2
rem:raw_pca,crisismmd,0,7,0.4569960381671721,0.7124238633078581,0.5975346219079385,0.8595286778617799,0.7028994354397889,,,0.91
rem:raw_pca,crisismmd,1,7,0.513368053253071,0.6726786660698659,0.6094759288234318,0.9436109858038066,0.7624665509287908,,,0.84
var:default,crisismmd,2,7,0.5122659845460196,0.6076187149920035,0.5211967277007523,0.9214595494038412,0.7379396383562477,,,1.14
rem:raw_pca,crisismmd,2,7,0.5228408780887847,0.5622129498630708,0.6111031741435335,0.9215909641980518,0.6891747691105274,,,1.12
rem:std_blocks,crisismmd,1,7,0.4680582065649608,0.3223049373233242,0.3223049373233242,0.6077651219538476,0.3926650421708455,,,0.94
rem:std_blocks,crisismmd,0,7,0.4689459237033926,0.3807849278300586,0.3807849278300586,0.6115339305612025,0.39057837930952394,,,1.03
rem:std_blocks,crisismmd,2,7,0.5122262812887501,0.5733469934892821,0.5610007998974018,0.9195930899495884,0.718831162308325,,,0.91
rem:raw_pca+std,crisismmd,0,7,0.4569960381671721,0.7124238633078581,0.5975346219079385,0.8595286778617799,0.7028994354397889,,,0.94
rem:raw_pca+std,crisismmd,1,7,0.513757387828571,0.6726786660698659,0.6139961374798286,0.9445021363540527,0.7624665509287908,,,1.0
ceil:content_cca,crisismmd,0,7,0.05179183226599624,0.08781638440679673,0.08781638440679673,0.11804062639621575,0.29661950387569586,,,0.92
rem:raw_pca+std,crisismmd,2,7,0.5228408780887847,0.5622129498630708,0.6111031741435335,0.9215909641980518,0.6885190851501963,,,0.95
ceil:content_cca,crisismmd,1,7,0.06002308311397875,0.09782075577654326,0.09782075577654326,0.14929791951455135,0.3557372417722349,,,0.98
ceil:content_cca,crisismmd,2,7,0.05960473461970492,0.11610208605532057,0.11714693602609305,0.11411552817482695,0.2812564416482237,,,0.97
ceil:content_cca_weighted,crisismmd,0,7,0.056727566331319854,0.12235280865371578,0.12235280865371578,0.10702779922861487,0.2549566249231949,,,0.98
ceil:content_cca_weighted,crisismmd,1,7,0.029832270263628356,0.0410472061266095,0.0410472061266095,0.04081587102707253,0.11088068895037609,,,1.0
ceil:raw_text,crisismmd,0,7,0.19453629628687522,0.14553727255306037,0.14553727255306037,0.2842479130148331,0.3788584618614855,,,0.19
ceil:raw_text,crisismmd,1,7,0.1315770338788438,0.1473022910099231,0.1473022910099231,0.19623250985091392,0.2831476565829228,,,0.17
ceil:raw_text,crisismmd,2,7,0.17567814857812344,0.24646697502270887,0.24646697502270887,0.3021688886666204,0.38214764517052513,,,0.16
ceil:content_cca_weighted,crisismmd,2,7,0.025784859972385117,0.03464250854418238,0.03464250854418238,0.035197248200455604,0.12215363622240974,,,0.92
ceil:raw_concat_pca16,crisismmd,0,7,0.020353483663783083,0.004233386407907158,0.004233386407907158,0.005367645184435462,0.11079683682902776,,,0.14
ceil:raw_concat_pca16,crisismmd,1,7,0.020355742858611903,0.0037219124066608655,0.0037219124066608655,0.005370220138383213,0.1108863463170335,,,0.09
ceil:raw_image,crisismmd,0,7,0.010903627308829112,0.0023663540498439772,0.0023663540498439772,0.005571432587442662,0.11417821847878684,,,0.31
ceil:raw_image,crisismmd,1,7,0.010870471532869111,0.0023663540498439772,0.0023663540498439772,0.0036229997770640867,0.10563607783472727,,,0.31
ceil:raw_image,crisismmd,2,7,0.01086061893319894,0.002240002611341496,0.002240002611341496,0.0051530547443803245,0.11381874004680277,,,0.33
ceil:structure,crisismmd,0,7,0.4831182712339944,0.5992508767181561,0.5730907978467485,0.8282175740700799,0.7111104559420166,,,0.08
ceil:raw_concat_pca16,crisismmd,2,7,0.020353483663783083,0.004233386407907158,0.004233386407907158,0.005367645184435462,0.11079683682902776,,,0.09
ceil:structure,crisismmd,2,7,0.4746867678666017,0.6195965477507328,0.580786561694359,0.8129384655687809,0.7145139349324098,,,0.06
ceil:structure,crisismmd,1,7,0.516106322896425,0.5491887431801526,0.5387276479366174,0.8946246796260237,0.7565386255900963,,,0.11
base:louvain,crisismmd,0,6,0.5373657018496237,0.5763871869900328,0.5763871869900328,0.8770790766251276,0.7152286011426329,,,0.11
base:louvain,crisismmd,2,6,0.5352797328761504,0.5590786906111336,0.5590786906111336,0.8766402474032338,0.7232748244613503,,,0.12
base:louvain,crisismmd,1,7,0.5348812150920406,0.5336043897656694,0.5336043897656694,0.8840624504471867,0.6909389872845079,,,0.16
base:spectral_graph+content,crisismmd,0,7,0.5166905339443814,0.8788156780705653,0.8788156780705653,0.9337147665021874,0.9560991920649711,,,0.14
base:spectral_graph+content,crisismmd,1,7,0.5166905339443814,0.8788156780705653,0.8788156780705653,0.9337147665021874,0.9560991920649711,,,0.16
base:spectral_graph+content,crisismmd,2,7,0.5166905339443814,0.8788156780705653,0.8788156780705653,0.9337147665021874,0.9560991920649711,,,0.12
base:nfmcd_structure_only,crisismmd,0,7,0.4831182712339944,0.5992508767181561,0.5730907978467485,0.8282175740700799,0.7111104559420166,,,0.06
base:nfmcd_structure_only,crisismmd,1,7,0.516106322896425,0.5491887431801526,0.5387276479366174,0.8946246796260237,0.7565386255900963,,,0.06
base:kmeans_content,crisismmd,0,7,0.20111718439393395,0.3943730374016603,0.3943730374016603,0.40217737603168063,0.5610033449335877,,,0.27
base:kmeans_content,crisismmd,1,7,0.1989244266278576,0.4064742121714391,0.4064742121714391,0.3967397442410731,0.5603964460777323,,,0.27
base:nfmcd_structure_only,crisismmd,2,7,0.4746867678666017,0.6195965477507328,0.580786561694359,0.8129384655687809,0.7145139349324098,,,0.06
base:kmeans_content,crisismmd,2,7,0.21987580201939383,0.4209784745470222,0.4209784745470222,0.4550070981906108,0.6037258915449902,,,0.3
diag,crisismmd,2,7,nan,nan,nan,nan,nan,"{""n_nodes"": 800, ""k"": 7, ""max_cluster_frac"": 0.25875, ""min_cluster_frac"": 0.00125, ""n_empty"": 0, ""sizes_top3"": [207, 194, 192], ""umax_mean"": 0.3708101423010335, ""umax_q10"": 0.19975735890278593, ""umax_q90"": 0.5787753051349299, ""frac_umax_lt_0p3"": 0.37375, ""one_over_k"": 0.14285714285714285, ""comms_per_node"": 1.115, ""frac_in_half_or_more"": 0.0, ""pred_comm_frac_top"": 0.25875, ""pred_comm_frac_med"": 0.11125, ""fcm_obj"": 288.0840081813211, ""fcm_iters"": 27, ""center_min_dist"": 7.944966806140165e-05, ""center_mean_dist"": 0.5389307570625197, ""within_rms"": 0.8004259903732103, ""center_sep_ratio"": 9.925923073069858e-05, ""alpha_mean"": 0.6009836829662953, ""conf_mean"": 0.6442624042375646, ""frac_both"": 1.0, ""var_content_w"": 0.5593886840039345, ""var_struct_w"": 0.3965676625537023, ""var_share_content"": 0.5851613266836787, ""pdist_content_w"": 1.0309728169867602, ""pdist_struct_w"": 0.853578125004109, ""cca_dim"": 8, ""eta2_content_w"": 0.17302034373480932, ""eta2_struct_w"": 0.7208891180098019, ""eta2_fused"": 0.4002974992061509, ""eta2_content_raw"": 0.16803835081833005, ""eta2_struct_raw"": 0.7206927245319875}",,0.89
diag,crisismmd,0,7,nan,nan,nan,nan,nan,"{""n_nodes"": 800, ""k"": 7, ""max_cluster_frac"": 0.25875, ""min_cluster_frac"": 0.0025, ""n_empty"": 0, ""sizes_top3"": [207, 194, 193], ""umax_mean"": 0.36204073272671666, ""umax_q10"": 0.19706262457951393, ""umax_q90"": 0.5659135756826205, ""frac_umax_lt_0p3"": 0.40125, ""one_over_k"": 0.14285714285714285, ""comms_per_node"": 1.085, ""frac_in_half_or_more"": 0.0, ""pred_comm_frac_top"": 0.25875, ""pred_comm_frac_med"": 0.11, ""fcm_obj"": 288.5033771389401, ""fcm_iters"": 34, ""center_min_dist"": 9.89922243001091e-05, ""center_mean_dist"": 0.5212993988596029, ""within_rms"": 0.8044605634272564, ""center_sep_ratio"": 0.0001230541667303713, ""alpha_mean"": 0.6001689669803463, ""conf_mean"": 0.6430985242576375, ""frac_both"": 1.0, ""var_content_w"": 0.558229520192572, ""var_struct_w"": 0.3975821963828977, ""var_share_content"": 0.5840371178876534, ""pdist_content_w"": 1.0253574369097744, ""pdist_struct_w"": 0.8539225211917135, ""cca_dim"": 8, ""eta2_content_w"": 0.17076672143850274, ""eta2_struct_w"": 0.7202368652901213, ""eta2_fused"": 0.39932590610937196, ""eta2_content_raw"": 0.16520757538268685, ""eta2_struct_raw"": 0.7206927245319876}",,0.97
diag,crisismmd,1,7,nan,nan,nan,nan,nan,"{""n_nodes"": 800, ""k"": 7, ""max_cluster_frac"": 0.26, ""min_cluster_frac"": 0.0, ""n_empty"": 3, ""sizes_top3"": [208, 203, 198], ""umax_mean"": 0.24723128503452949, ""umax_q10"": 0.15984102094942237, ""umax_q90"": 0.3971332641358807, ""frac_umax_lt_0p3"": 0.72875, ""one_over_k"": 0.14285714285714285, ""comms_per_node"": 1.0, ""frac_in_half_or_more"": 0.0, ""pred_comm_frac_top"": 0.26, ""pred_comm_frac_med"": 0.23875, ""fcm_obj"": 288.653411789439, ""fcm_iters"": 130, ""center_min_dist"": 1.5107823440216778e-06, ""center_mean_dist"": 0.2583022598581188, ""within_rms"": 0.8820364367027957, ""center_sep_ratio"": 1.7128343922701537e-06, ""alpha_mean"": 0.6029959740553547, ""conf_mean"": 0.6471371057933639, ""frac_both"": 1.0, ""var_content_w"": 0.5615293133119029, ""var_struct_w"": 0.394806643181761, ""var_share_content"": 0.5871674169505474, ""pdist_content_w"": 1.0418932193954378, ""pdist_struct_w"": 0.8435077953569386, ""cca_dim"": 8, ""eta2_content_w"": 0.17785445908809483, ""eta2_struct_w"": 0.7213853353371841, ""eta2_fused"": 0.402241714696805, ""eta2_content_raw"": 0.1729903478295084, ""eta2_struct_raw"": 0.7206927245319881}",,1.02
var:default,fakeddit,0,10,0.28399931936023204,0.32404460142087477,0.2530128124621258,0.40097656042821045,0.26519627888330477,,,2.44
var:default,fakeddit,2,10,0.29091205824468236,0.23679795396036396,0.19243503519874716,0.48645270864082324,0.29866808636115544,,,2.25
var:default,fakeddit,1,10,0.3173147611930934,0.3641407378164382,0.2709418705138098,0.3883260527832799,0.19635999725760228,,,2.47
rem:raw_pca,fakeddit,0,10,0.29179617518341566,0.27375561945291305,0.21169909694504097,0.43662323276780396,0.2739409174792774,,,2.56
rem:raw_pca,fakeddit,1,10,0.36449039632792923,0.406856672209152,0.32732588396462425,0.5878907859220767,0.29031867645272225,,,2.64
rem:raw_pca,fakeddit,2,10,0.360340694081709,0.3669916660036442,0.32820966065529,0.5977944697142729,0.3051073264291732,,,2.31
rem:std_blocks,fakeddit,0,10,0.26437417525923623,0.2554482444382089,0.18930957453103336,0.3244377360570293,0.20079831099320838,,,2.58
rem:std_blocks,fakeddit,1,10,0.271339157851685,0.2714136988517286,0.1991594276615063,0.3203344304514988,0.19549837089486571,,,2.58
rem:std_blocks,fakeddit,2,10,0.33046770235172684,0.28150185290272645,0.23474613945701717,0.4344012688981232,0.2762446603217327,,,2.22
rem:raw_pca+std,fakeddit,0,10,0.290646167011139,0.2758333269860951,0.21253220751338087,0.43484647098285534,0.2770902409183044,,,2.48
rem:raw_pca+std,fakeddit,1,10,0.365300673878855,0.37128067734631487,0.32893110356028854,0.5890027080290775,0.2941142973505182,,,2.56
rem:raw_pca+std,fakeddit,2,10,0.36060128195140545,0.3684064210526137,0.3285633227048127,0.5978601794815831,0.304980872980873,,,2.53
ceil:content_cca,fakeddit,0,10,0.1206416470162437,0.052529579247821534,0.052529579247821534,0.11761855870428535,0.1074325919990832,,,2.64
ceil:content_cca,fakeddit,1,10,0.10233893570922169,0.03828882727695282,0.03828882727695282,0.09937109750003113,0.1074104616665958,,,2.73
ceil:content_cca,fakeddit,2,10,0.10714987346364974,0.045582100931599534,0.045582100931599534,0.10335499826478697,0.11171549586497413,,,2.44
ceil:content_cca_weighted,fakeddit,0,10,0.11891060357497944,0.06168516402695845,0.06168516402695845,0.1204293898746153,0.10798480099069292,,,2.44
ceil:raw_text,fakeddit,0,10,0.1388602625801508,0.039631946214632174,0.039631946214632174,0.19171558935709807,0.20182540103250948,,,0.28
ceil:raw_text,fakeddit,1,10,0.06233669740300993,0.013019004715216997,0.013019004715216997,0.13710771080561354,0.21409706233925468,,,0.34
ceil:raw_text,fakeddit,2,10,0.11057598665771765,0.022750467616354908,0.022750467616354908,0.27179667492922494,0.25457510194161237,,,0.27
ceil:raw_image,fakeddit,0,10,0.03889983937082395,0.011772120560252786,0.011772120560252786,0.0481232690131788,0.1258122989814303,,,0.5
ceil:raw_image,fakeddit,1,10,0.1394661774737681,0.05179033895568286,0.05179033895568286,0.2198924913278644,0.20153597054952707,,,0.58
ceil:raw_concat_pca16,fakeddit,0,10,0.2141603464956114,0.12184020694756725,0.12184020694756725,0.23870815133715861,0.133834131473141,,,0.22
ceil:content_cca_weighted,fakeddit,1,10,0.10417794799392092,0.02994609390803027,0.02994609390803027,0.10397891005750286,0.1154733769929647,,,2.31
ceil:raw_concat_pca16,fakeddit,2,10,0.21215873275684505,0.10241217916898904,0.10241217916898904,0.24251111666993821,0.14354359838324185,,,0.12
ceil:raw_concat_pca16,fakeddit,1,10,0.21270725028318205,0.12066182949762094,0.12066182949762094,0.23508189162163434,0.13332627110931522,,,0.22
ceil:raw_image,fakeddit,2,10,0.13183886047789992,0.056606325794578916,0.056606325794578916,0.17042802500790308,0.1540451594154017,,,0.58
ceil:structure,fakeddit,0,10,0.37338005725352347,0.8175660382680203,0.7506876508082054,0.7554826379551551,0.8302133349413312,,,0.14
ceil:structure,fakeddit,1,10,0.4385062412247245,0.8325951496888002,0.8352341618020777,0.9503822153747935,0.9095704366543513,,,0.14
ceil:structure,fakeddit,2,10,0.37338005725352347,0.8175660382680203,0.7506876508082054,0.7554826379551551,0.8302133349413312,,,0.12
base:louvain,fakeddit,0,6,0.4501480804297777,0.630828565951995,0.630828565951995,0.8909124999525837,0.887446322743587,,,0.16
base:louvain,fakeddit,2,7,0.44826334773387194,0.6948810755712067,0.6948810755712067,0.9057001313925698,0.9183184744705358,,,0.19
base:louvain,fakeddit,1,6,0.4511259251670453,0.6685839387881221,0.6685839387881221,0.8893843421151942,0.8949522173875257,,,0.34
ceil:content_cca_weighted,fakeddit,2,10,0.10541838409389381,0.03633536282495742,0.03633536282495742,0.1074067269584332,0.11924296802495486,,,2.34
base:spectral_graph+content,fakeddit,0,10,0.36495366825268355,0.5550827656017339,0.5550827656017339,0.8184603991083785,0.7086974478858832,,,0.3
base:spectral_graph+content,fakeddit,1,10,0.3665328857833608,0.558267171382854,0.558267171382854,0.8190507117249483,0.7135813227392899,,,0.36
base:spectral_graph+content,fakeddit,2,10,0.3624479068724976,0.5489359502033544,0.5489359502033544,0.8135653946021028,0.7063716959117723,,,0.31
base:nfmcd_structure_only,fakeddit,0,10,0.37338005725352347,0.8175660382680203,0.7506876508082054,0.7554826379551551,0.8302133349413312,,,0.2
base:nfmcd_structure_only,fakeddit,1,10,0.4385062412247245,0.8325951496888002,0.8352341618020777,0.9503822153747935,0.9095704366543513,,,0.14
base:kmeans_content,fakeddit,1,10,0.11747181848192807,0.05281184324661137,0.05281184324661137,0.2524321241732041,0.3080640691677653,,,0.61
base:kmeans_content,fakeddit,0,10,0.1358541343951137,0.08148429537517676,0.08148429537517676,0.24440980048921568,0.27069755766412107,,,0.66
base:nfmcd_structure_only,fakeddit,2,10,0.37338005725352347,0.8175660382680203,0.7506876508082054,0.7554826379551551,0.8302133349413312,,,0.19
base:kmeans_content,fakeddit,2,10,0.13111921789289857,0.08074720016748604,0.08074720016748604,0.24196555843292858,0.27483072454287527,,,0.7
diag,fakeddit,2,10,nan,nan,nan,nan,nan,"{""n_nodes"": 1200, ""k"": 10, ""max_cluster_frac"": 0.3283333333333333, ""min_cluster_frac"": 0.0016666666666666668, ""n_empty"": 0, ""sizes_top3"": [394, 306, 208], ""umax_mean"": 0.18425760606511965, ""umax_q10"": 0.11999652950752367, ""umax_q90"": 0.28635386046169853, ""frac_umax_lt_0p3"": 0.9058333333333334, ""one_over_k"": 0.1, ""comms_per_node"": 1.3591666666666666, ""frac_in_half_or_more"": 0.0, ""pred_comm_frac_top"": 0.3283333333333333, ""pred_comm_frac_med"": 0.12833333333333333, ""fcm_obj"": 356.30502803492993, ""fcm_iters"": 84, ""center_min_dist"": 1.9080726148044756e-17, ""center_mean_dist"": 0.3498187771847118, ""within_rms"": 0.8640576904916819, ""center_sep_ratio"": 2.208269928963309e-17, ""alpha_mean"": 0.5840503028762597, ""conf_mean"": 0.6200718612517995, ""frac_both"": 0.9525, ""var_content_w"": 0.5382690886699999, ""var_struct_w"": 0.4103794122911562, ""var_share_content"": 0.5674062501801949, ""pdist_content_w"": 1.0095843551595451, ""pdist_struct_w"": 0.874537152642386, ""cca_dim"": 8, ""eta2_content_w"": 0.1453511194349077, ""eta2_struct_w"": 0.7674759546390773, ""eta2_fused"": 0.4144784347515356, ""eta2_content_raw"": 0.14598715197905524, ""eta2_struct_raw"": 0.7811938153638349}",,2.36
diag,fakeddit,0,10,nan,nan,nan,nan,nan,"{""n_nodes"": 1200, ""k"": 10, ""max_cluster_frac"": 0.3616666666666667, ""min_cluster_frac"": 0.0, ""n_empty"": 4, ""sizes_top3"": [434, 218, 212], ""umax_mean"": 0.1941229260755539, ""umax_q10"": 0.11650714899104189, ""umax_q90"": 0.3463064410201607, ""frac_umax_lt_0p3"": 0.8366666666666667, ""one_over_k"": 0.1, ""comms_per_node"": 1.2408333333333332, ""frac_in_half_or_more"": 0.0, ""pred_comm_frac_top"": 0.3616666666666667, ""pred_comm_frac_med"": 0.065, ""fcm_obj"": 354.7918200238355, ""fcm_iters"": 34, ""center_min_dist"": 1.509640390197363e-07, ""center_mean_dist"": 0.31524387990963953, ""within_rms"": 0.8607852808333728, ""center_sep_ratio"": 1.753794382652599e-07, ""alpha_mean"": 0.5795769030158964, ""conf_mean"": 0.6136812900227092, ""frac_both"": 0.9525, ""var_content_w"": 0.5330536929435283, ""var_struct_w"": 0.4147515225032659, ""var_share_content"": 0.5624084825189373, ""pdist_content_w"": 1.0144763155554153, ""pdist_struct_w"": 0.8729139841783861, ""cca_dim"": 8, ""eta2_content_w"": 0.152801792763522, ""eta2_struct_w"": 0.7672236228599577, ""eta2_fused"": 0.42166757376854846, ""eta2_content_raw"": 0.1530747234888604, ""eta2_struct_raw"": 0.7811938153638354}",,2.61
diag,fakeddit,1,10,nan,nan,nan,nan,nan,"{""n_nodes"": 1200, ""k"": 10, ""max_cluster_frac"": 0.385, ""min_cluster_frac"": 0.0, ""n_empty"": 5, ""sizes_top3"": [462, 335, 293], ""umax_mean"": 0.14865793896925458, ""umax_q10"": 0.11372616800448473, ""umax_q90"": 0.22733557333585114, ""frac_umax_lt_0p3"": 1.0, ""one_over_k"": 0.1, ""comms_per_node"": 1.3691666666666666, ""frac_in_half_or_more"": 0.0, ""pred_comm_frac_top"": 0.385, ""pred_comm_frac_med"": 0.09458333333333334, ""fcm_obj"": 356.02697691411896, ""fcm_iters"": 72, ""center_min_dist"": 1.2516225480223678e-08, ""center_mean_dist"": 0.27807302376536297, ""within_rms"": 0.8972963915473816, ""center_sep_ratio"": 1.3948819585271689e-08, ""alpha_mean"": 0.5813879962783927, ""conf_mean"": 0.6162685661119895, ""frac_both"": 0.9525, ""var_content_w"": 0.5350085086777767, ""var_struct_w"": 0.41291922828684813, ""var_share_content"": 0.5643979892289807, ""pdist_content_w"": 1.0249263411187959, ""pdist_struct_w"": 0.857651686521441, ""cca_dim"": 8, ""eta2_content_w"": 0.1427680285089579, ""eta2_struct_w"": 0.7671057766498288, ""eta2_fused"": 0.41473080699899983, ""eta2_content_raw"": 0.1430631816113034, ""eta2_struct_raw"": 0.7811938153638351}",,2.58
var:default,fakeddit_real_full,0,9,0.1406626863151124,0.027441981522099645,0.027441981522099645,0.16137848969071697,0.15075278928558083,,,3.33
var:default,fakeddit_real_full,2,9,0.22188115790984209,0.04550175586536387,0.04550175586536387,0.1440897638171518,0.15271543051569647,,,3.55
var:default,fakeddit_real_full,1,9,0.24079943492381636,0.044929254742191116,0.044929254742191116,0.11516093491623436,0.1457756014971586,,,4.0
rem:raw_pca,fakeddit_real_full,0,9,0.4183219331635988,0.026799610474387503,0.026799610474387503,0.2231867163056114,0.2074961086234982,,,3.94
rem:raw_pca,fakeddit_real_full,1,9,0.3743417517100953,0.042844401028640844,0.042844401028640844,0.13242031870386847,0.17543203270862284,,,3.64
rem:raw_pca,fakeddit_real_full,2,9,0.4385582810824261,0.05726805234899923,0.05726805234899923,0.006232283106154973,0.1698104840828824,,,3.48
rem:std_blocks,fakeddit_real_full,1,9,0.3082808845441579,0.02485450572944381,0.02485450572944381,0.12214183701740626,0.14366584429938498,,,3.59
rem:std_blocks,fakeddit_real_full,0,9,0.2723045716117802,0.02742217046860629,0.02742217046860629,0.21674208251493074,0.16968800642949303,,,3.88
rem:std_blocks,fakeddit_real_full,2,9,0.3082340156363011,0.045899887620176494,0.045899887620176494,0.04864496512514449,0.11722125147447009,,,3.64
rem:raw_pca+std,fakeddit_real_full,0,9,0.47659249874915366,0.011100090126546558,0.011100090126546558,0.07532357934973075,0.1438399347009388,,,3.8
rem:raw_pca+std,fakeddit_real_full,1,9,0.3375429339682564,0.04371211796755603,0.04371211796755603,0.020737579296779836,0.11169660885147621,,,3.67
rem:raw_pca+std,fakeddit_real_full,2,9,0.43102240032316674,0.045457838882574375,0.045457838882574375,0.007198877163365277,0.09629764291757541,,,3.59
ceil:content_cca,fakeddit_real_full,0,9,0.11897989452476175,0.02334826929622902,0.02334826929622902,0.14480380102093035,0.20261111936812898,,,3.45
ceil:content_cca,fakeddit_real_full,1,9,0.12922196728309282,0.019040724918962804,0.019040724918962804,0.13959500186115553,0.17845274296553937,,,3.56
ceil:content_cca,fakeddit_real_full,2,9,0.12444423415936841,0.018965813648637364,0.018965813648637364,0.15776988027821315,0.1991526852463401,,,3.48
ceil:raw_text,fakeddit_real_full,0,9,0.1473722268482611,0.022947630055657142,0.022947630055657142,0.14913204716608794,0.21371129951033724,,,0.28
ceil:content_cca_weighted,fakeddit_real_full,0,9,0.10655268188628285,0.029372053132497467,0.029372053132497467,0.1065180918937919,0.15599243562401885,,,3.61
ceil:raw_text,fakeddit_real_full,1,9,0.17488845747015314,0.04610091707254116,0.04610091707254116,0.1544343567715734,0.23633846331376132,,,0.27
ceil:raw_text,fakeddit_real_full,2,9,0.13489981565788653,0.03565739144107605,0.03565739144107605,0.09225177454585255,0.1828463508968104,,,0.28
ceil:content_cca_weighted,fakeddit_real_full,1,9,0.1373923388652419,0.021491585634398902,0.021491585634398902,0.10496243639837019,0.15541380174201055,,,3.66
ceil:raw_image,fakeddit_real_full,0,9,0.09393237144265404,0.030255730231352196,0.030255730231352196,0.019604718790789795,0.1734294534147383,,,0.56
ceil:raw_image,fakeddit_real_full,1,9,0.11224865973431307,0.03870674648549888,0.03870674648549888,-0.03918517206662048,0.12576578484379133,,,0.53
ceil:raw_concat_pca16,fakeddit_real_full,0,9,0.22868097623564201,0.10158835341746186,0.10158835341746186,0.3634951332028506,0.17127957443311692,,,0.19
ceil:raw_concat_pca16,fakeddit_real_full,1,9,0.22134417920873134,0.11375846594885486,0.11375846594885486,0.24395756679932332,0.12623949168767948,,,0.2
ceil:raw_image,fakeddit_real_full,2,9,0.17132615275047913,0.04911663052795934,0.04911663052795934,0.006936364469174577,0.16154813297133291,,,0.67
ceil:raw_concat_pca16,fakeddit_real_full,2,9,0.22761873460537094,0.13878405670128968,0.13878405670128968,0.2656638376738794,0.12351761735549638,,,0.14
ceil:structure,fakeddit_real_full,1,9,0.8457128661362067,0.04318496964092122,0.023971856333143582,-0.02135959699929355,0.18065249426663887,,,0.16
ceil:structure,fakeddit_real_full,0,9,0.8476410214607334,0.022113523418697545,0.021398179247913096,0.004138790490161174,0.2331972584202906,,,0.2
ceil:structure,fakeddit_real_full,2,9,0.8372044046134324,0.015179308788927814,0.009121913892887967,-0.01570394952360982,0.22468009620831428,,,0.19
ceil:content_cca_weighted,fakeddit_real_full,2,9,0.12825463911976923,0.021375220148639462,0.021375220148639462,0.17510933424034544,0.1905791997175171,,,2.78
base:spectral_graph+content,fakeddit_real_full,0,9,0.6292848267937482,0.24965413182044371,0.24965413182044371,0.0974606915972587,0.2976106126086402,,,0.28
base:spectral_graph+content,fakeddit_real_full,1,9,0.6292848267937482,0.24965413182044371,0.24965413182044371,0.0974606915972587,0.2976106126086402,,,0.27
base:spectral_graph+content,fakeddit_real_full,2,9,0.6292848267937482,0.24965413182044371,0.24965413182044371,0.0974606915972587,0.2976106126086402,,,0.28
base:louvain,fakeddit_real_full,0,383,0.9411252369810245,0.10068204000507441,0.10068204000507441,0.04921779826510976,0.30641084085815645,,,2.19
base:louvain,fakeddit_real_full,1,382,0.9410351046897636,0.10079728807818,0.10079728807818,0.04820237389899618,0.30403253673415487,,,2.23
base:louvain,fakeddit_real_full,2,382,0.9410351046897636,0.10079728807818,0.10079728807818,0.04820237389899618,0.30403253673415487,,,2.17
base:kmeans_content,fakeddit_real_full,0,9,0.2548045752202146,0.1563447108197875,0.1563447108197875,0.21565111413863028,0.35314716392543993,,,0.62
base:nfmcd_structure_only,fakeddit_real_full,0,9,0.8476410214607334,0.022113523418697545,0.021398179247913096,0.004138790490161174,0.2331972584202906,,,0.19
base:nfmcd_structure_only,fakeddit_real_full,1,9,0.8457128661362067,0.04318496964092122,0.023971856333143582,-0.02135959699929355,0.18065249426663887,,,0.16
base:nfmcd_structure_only,fakeddit_real_full,2,9,0.8372044046134324,0.015179308788927814,0.009121913892887967,-0.01570394952360982,0.22468009620831428,,,0.19
base:kmeans_content,fakeddit_real_full,1,9,0.28458296833824565,0.15714842472300994,0.15714842472300994,0.21299703258944291,0.34982855575028804,,,0.56
base:kmeans_content,fakeddit_real_full,2,9,0.26634662724052355,0.12286513327155779,0.12286513327155779,0.2025915225501507,0.28689305293703626,,,0.58
var:default,fakeddit_real_lcc,0,6,0.5471847152793584,0.13624927109591334,0.12784230257056894,0.11301568001767856,0.29870584349690205,,,0.48
var:default,fakeddit_real_lcc,1,6,0.5522990132665555,0.1421476531269955,0.14040523805103078,0.10427817105147884,0.27249832332118,,,0.48
var:default,fakeddit_real_lcc,2,6,0.539708464837765,0.09889430041556457,0.09889430041556457,0.01709697066080231,0.22137966064493023,,,0.56
rem:raw_pca,fakeddit_real_lcc,0,6,0.5085650486629796,0.11812478002906523,0.11812478002906523,-0.01318450557097369,0.16884465489169356,,,0.61
rem:raw_pca,fakeddit_real_lcc,1,6,0.45642462948744067,0.09423757862367066,0.09423757862367066,0.04128573436051891,0.14618695777585478,,,0.47
rem:raw_pca,fakeddit_real_lcc,2,6,0.5425542097211089,0.12139828825537813,0.12139828825537813,-0.016901109382012686,0.1361277049536159,,,0.53
rem:std_blocks,fakeddit_real_lcc,0,6,0.5442619061668884,0.11684133591829238,0.11699286428937461,0.11859501692879676,0.29200705159296464,,,0.47
rem:std_blocks,fakeddit_real_lcc,1,6,0.5538895888739098,0.12764324889358047,0.12764324889358047,0.1134280390089723,0.25626735962306435,,,0.49
rem:std_blocks,fakeddit_real_lcc,2,6,0.6266982973381762,0.13486620143161987,0.1534168856781708,0.046476665249928016,0.3086125515974572,,,0.47
rem:raw_pca+std,fakeddit_real_lcc,0,6,0.45393426968674494,0.09462297183987967,0.09462297183987967,0.04417979913392745,0.14707207207207207,,,0.49
rem:raw_pca+std,fakeddit_real_lcc,1,6,0.4598207956729208,0.09386626725111835,0.09386626725111835,0.03849226085924526,0.14530006750550556,,,0.48
rem:raw_pca+std,fakeddit_real_lcc,2,6,0.5232060279373018,0.12363837268848088,0.12363837268848088,0.0026220639834904293,0.2004646661982148,,,0.5
ceil:content_cca,fakeddit_real_lcc,0,6,0.08873051982845302,0.04471532510438214,0.04496938781705051,0.04580252385383611,0.20249725581892364,,,0.5
ceil:content_cca,fakeddit_real_lcc,1,6,0.1058829278288102,0.0314642071106227,0.031505527047988036,0.12490865833452865,0.24675727589226693,,,0.48
ceil:content_cca,fakeddit_real_lcc,2,6,0.11338703309200612,0.05949040241176995,0.0578550020183447,0.049036243342315364,0.20119799182299183,,,0.47
ceil:raw_text,fakeddit_real_lcc,0,6,0.14782606875738266,0.03148655806257772,0.03148655806257772,0.08769780489603919,0.20214418257181413,,,0.09
ceil:raw_text,fakeddit_real_lcc,1,6,0.16189801215330704,0.08927333592782816,0.08927333592782816,0.09241687311314953,0.23558836601955913,,,0.08
ceil:content_cca_weighted,fakeddit_real_lcc,0,6,0.06764528851666265,0.018732044994210995,0.021660692244735547,0.1143487398244832,0.21439972418607764,,,0.51
ceil:content_cca_weighted,fakeddit_real_lcc,1,6,0.09259699992727898,0.03126341740571825,0.0325322664171781,0.08420840035366978,0.24027842778329614,,,0.48
ceil:raw_text,fakeddit_real_lcc,2,6,0.13235559528219776,0.05788972830320216,0.05788972830320216,0.04496381788974558,0.21855555326297835,,,0.11
ceil:raw_image,fakeddit_real_lcc,0,6,0.101350234785598,0.03066511888629253,0.03066511888629253,0.023435990852466976,0.17497034400948988,,,0.14
ceil:content_cca_weighted,fakeddit_real_lcc,2,6,0.10593447498925594,0.061760337803470566,0.06883043702300518,0.06606220619772489,0.20582610881044314,,,0.45
ceil:raw_image,fakeddit_real_lcc,1,6,0.10239744315823722,0.04846291094184463,0.04846291094184463,0.02859799791046973,0.16643273244346588,,,0.12
ceil:raw_concat_pca16,fakeddit_real_lcc,0,6,0.18387314613424105,0.13121698111130797,0.13121698111130797,0.166361626241418,0.17767685108725573,,,0.06
ceil:raw_image,fakeddit_real_lcc,2,6,0.10272043782882516,0.028916049514640996,0.028916049514640996,0.02779583623182008,0.16809066137656622,,,0.14
ceil:raw_concat_pca16,fakeddit_real_lcc,1,6,0.264659252806828,0.12112673888596359,0.12112673888596359,0.15130619836205436,0.18807019405423656,,,0.08
ceil:raw_concat_pca16,fakeddit_real_lcc,2,6,0.2673904361373648,0.1253491258649363,0.1253491258649363,0.15690353308328403,0.18868986576070357,,,0.08
ceil:structure,fakeddit_real_lcc,0,6,0.7686022433030404,0.21751675123407788,0.22509430730272495,0.0664015975374687,0.37281489798012674,,,0.08
ceil:structure,fakeddit_real_lcc,1,6,0.7662884450609583,0.21746408286671293,0.22504163893536,0.040527269821149674,0.33939209656766905,,,0.08
ceil:structure,fakeddit_real_lcc,2,6,0.7683001310039427,0.21121958670315366,0.21817244241166378,0.0673022249513289,0.3735586469402355,,,0.06
base:spectral_graph+content,fakeddit_real_lcc,0,6,0.6186289805504904,0.5227766958073978,0.5227766958073978,0.39044438104387214,0.6185039315384402,,,0.06
base:louvain,fakeddit_real_lcc,0,21,0.9112186617370746,0.3132431794118209,0.3132431794118209,0.09586488308368106,0.6275532403387196,,,0.11
base:louvain,fakeddit_real_lcc,1,21,0.9112186617370746,0.3132431794118209,0.3132431794118209,0.09586488308368106,0.6275532403387196,,,0.12
base:louvain,fakeddit_real_lcc,2,21,0.9112186617370746,0.3132431794118209,0.3132431794118209,0.09586488308368106,0.6275532403387196,,,0.12
base:spectral_graph+content,fakeddit_real_lcc,1,6,0.6186289805504904,0.5227766958073978,0.5227766958073978,0.39044438104387214,0.6185039315384402,,,0.08
base:spectral_graph+content,fakeddit_real_lcc,2,6,0.6186289805504904,0.5227766958073978,0.5227766958073978,0.39044438104387214,0.6185039315384402,,,0.08
base:nfmcd_structure_only,fakeddit_real_lcc,0,6,0.7686022433030404,0.21751675123407788,0.22509430730272495,0.0664015975374687,0.37281489798012674,,,0.08
base:kmeans_content,fakeddit_real_lcc,0,6,0.3670097485229628,0.24680504946879145,0.24680504946879145,0.1974444730562193,0.37684914024031957,,,0.14
base:kmeans_content,fakeddit_real_lcc,1,6,0.32670839806314667,0.25283335752573743,0.25283335752573743,0.13557227452571258,0.3550885832761748,,,0.16
base:nfmcd_structure_only,fakeddit_real_lcc,1,6,0.7662884450609583,0.21746408286671293,0.22504163893536,0.040527269821149674,0.33939209656766905,,,0.06
base:kmeans_content,fakeddit_real_lcc,2,6,0.3863484160604629,0.25830026244473203,0.25830026244473203,0.24325169630193114,0.35018573843733986,,,0.14
base:nfmcd_structure_only,fakeddit_real_lcc,2,6,0.7683001310039427,0.21121958670315366,0.21817244241166378,0.0673022249513289,0.3735586469402355,,,0.06
rem:raw_pca,pheme,0,9,0.8498241957512523,0.0,0.0,0.07629819959031553,0.2572961982867721,,,0.42
rem:raw_pca,pheme,1,9,0.7984236184606706,0.0,0.0,0.08078403202938284,0.2158794383872656,,,0.94
rem:raw_pca,pheme,2,9,0.8418834260127738,0.01269447332092355,0.013595595514209302,0.09946977209143416,0.29651992662278226,,,0.61
var:default,pheme,0,9,0.8651647650342359,0.0,0.0,0.0770812119977163,0.24983831226709954,,,3.12
rem:std_blocks,pheme,0,9,0.860140395558822,0.0,0.0,0.08376692774779292,0.2665962728542306,,,2.55
var:default,pheme,1,9,0.8570915188206584,0.0,0.0,0.0946990883193339,0.26870436471210807,,,4.75
rem:raw_pca+std,pheme,0,9,0.8552431916975901,0.0,0.0,0.07869507150294763,0.24644717791277737,,,0.45
rem:raw_pca+std,pheme,1,9,0.7957323396909255,0.0,0.0,0.08510703746367673,0.3255360893686882,,,1.03
rem:raw_pca+std,pheme,2,9,0.8331420439910412,0.013427062155355829,0.013427062155355829,0.09319367616982936,0.311493951266307,,,0.53
var:default,pheme,2,9,0.8543142336088391,0.015056576023737778,0.03856524998310895,0.10979081651543861,0.2816022363559687,,,7.03
rem:std_blocks,pheme,1,9,0.8582004560849337,0.0,0.0,0.09680666495118129,0.27473939156095173,,,4.47
rem:std_blocks,pheme,2,9,0.8596795308503485,0.014446648487851266,0.014446648487851266,0.09273162903943576,0.27789262643312035,,,3.41
ceil:content_cca,pheme,0,9,0.00519711997913423,0.006268118469139994,0.006268118469139994,-0.0004001188460260654,0.06913373584369308,,,3.84
ceil:content_cca_weighted,pheme,0,9,0.0011924357998053061,0.006286713375955433,0.006286713375955433,-0.0013535040558349443,0.06948161591935761,,,3.77
ceil:content_cca,pheme,1,9,0.004037582012232025,0.006876163891055942,0.006876163891055942,-0.0016032277076611157,0.07074545601967809,,,5.83
ceil:raw_text,pheme,0,9,0.00519711997913423,0.006268118469139994,0.006268118469139994,-0.0004001188460260654,0.06913373584369308,,,0.89
ceil:raw_text,pheme,1,9,0.004037582012232025,0.006876163891055942,0.006876163891055942,-0.0016032277076611157,0.07074545601967809,,,0.75
ceil:raw_text,pheme,2,9,0.010150677975653288,0.007278704664704705,0.007278704664704705,-0.00300210844692669,0.08517212856763581,,,0.81
ceil:raw_concat_pca16,pheme,0,9,0.043910640634400026,0.002163753968231319,0.002163753968231319,0.010633910959103831,0.09181791039293113,,,0.3
ceil:content_cca,pheme,2,9,0.010150677975653288,0.007278704664704705,0.007278704664704705,-0.00300210844692669,0.08517212856763581,,,8.05
ceil:raw_concat_pca16,pheme,1,9,0.04515603751946208,0.0022283526920204855,0.0022283526920204855,0.010742034626345534,0.09204016479063656,,,0.39
ceil:raw_concat_pca16,pheme,2,9,0.18156122198188937,0.04600850770899134,0.04600850770899134,0.057958097621755564,0.20125645740408596,,,0.53
ceil:content_cca_weighted,pheme,1,9,0.005998764929788914,0.007018686424605458,0.007018686424605458,-0.002103518276221599,0.07242483802868166,,,5.67
ceil:structure,pheme,0,9,0.8742463372024922,0.0,0.0,0.08151512615196249,0.22212180670056972,,,0.38
ceil:structure,pheme,2,9,0.8801347542443367,0.012861962632682689,0.013145452074176722,0.11054800373204045,0.2427673924662868,,,0.24
ceil:structure,pheme,1,9,0.8821977286628049,0.0,0.0,0.12843943777451589,0.25040085918184823,,,0.41
base:louvain,pheme,0,162,0.9842180391652389,0.0,0.0,0.12338648152900177,0.26626153478470876,,,0.89
base:louvain,pheme,2,163,0.9842457736611393,0.0,0.0,0.11869201032694426,0.26059781276312777,,,0.86
base:louvain,pheme,1,162,0.9842180391652389,0.0,0.0,0.12338648152900177,0.26626153478470876,,,1.01
base:spectral_graph+content,pheme,0,9,0.37161126504412,0.37173659969718553,0.37173659969718553,0.11701369294284118,0.5390407947339645,,,0.66
base:spectral_graph+content,pheme,1,9,0.37710874371289954,0.3730291283757452,0.3730291283757452,0.12121203814618103,0.5404408655323404,,,0.8
base:spectral_graph+content,pheme,2,9,0.37638218843465615,0.37283580231775326,0.37283580231775326,0.12061665947994372,0.5402358664438359,,,0.81
base:kmeans_content,pheme,0,9,0.26750039315123175,0.08652250524253047,0.08652250524253047,0.11842295818896308,0.3015546726246779,,,0.44
ceil:content_cca_weighted,pheme,2,9,0.025818602824610855,0.0003242119718765979,0.0003242119718765979,-0.0029150324850899093,0.0887977691798917,,,6.89
base:nfmcd_structure_only,pheme,0,9,0.8742463372024922,0.0,0.0,0.08151512615196249,0.22212180670056972,,,0.34
base:kmeans_content,pheme,1,9,0.29144765512213355,0.10975213170394671,0.10975213170394671,0.12162108922512128,0.31920040836886504,,,0.52
var:default,dblp,0,8,0.8475776772909762,0.6702689982017619,0.6738600022540828,0.7756101826944013,0.7331002190599035,,,0.14
base:kmeans_content,pheme,2,9,0.28892219323213386,0.13146933646532954,0.13146933646532954,0.11966885533858787,0.34248325346167974,,,0.53
var:default,dblp,2,8,0.8475776772909762,0.6702689982017619,0.6738600022540828,0.7756101826944013,0.7331002190599034,,,0.09
var:default,dblp,1,8,0.8475776772909762,0.6702689982017619,0.6738600022540828,0.7756101826944013,0.7331002190599035,,,0.11
base:nfmcd_structure_only,pheme,1,9,0.8821977286628049,0.0,0.0,0.12843943777451589,0.25040085918184823,,,0.39
base:nfmcd_structure_only,pheme,2,9,0.8801347542443367,0.012861962632682689,0.013145452074176722,0.11054800373204045,0.2427673924662868,,,0.3
rem:raw_pca,dblp,0,8,0.8475776772909762,0.6702689982017619,0.6738600022540828,0.7756101826944013,0.7331002190599035,,,0.09
rem:raw_pca,dblp,1,8,0.8475776772909762,0.6702689982017619,0.6738600022540828,0.7756101826944013,0.7331002190599035,,,0.09
rem:raw_pca,dblp,2,8,0.8475776772909762,0.6702689982017619,0.6738600022540828,0.7756101826944013,0.7331002190599034,,,0.09
rem:std_blocks,dblp,0,8,0.8475776772909762,0.6702689982017619,0.6738600022540828,0.7756101826944013,0.7331002190599035,,,0.08
rem:std_blocks,dblp,1,8,0.8475776772909762,0.6702689982017619,0.6738600022540828,0.7756101826944013,0.7331002190599035,,,0.09
rem:raw_pca+std,dblp,0,8,0.8475776772909762,0.6702689982017619,0.6738600022540828,0.7756101826944013,0.7331002190599035,,,0.08
rem:std_blocks,dblp,2,8,0.8475776772909762,0.6702689982017619,0.6738600022540828,0.7756101826944013,0.7331002190599034,,,0.08
rem:raw_pca+std,dblp,1,8,0.8475776772909762,0.6702689982017619,0.6738600022540828,0.7756101826944013,0.7331002190599035,,,0.09
rem:raw_pca+std,dblp,2,8,0.8475776772909762,0.6702689982017619,0.6738600022540828,0.7756101826944013,0.7331002190599034,,,0.09
ceil:structure,dblp,2,8,0.8475776772909762,0.6702689982017619,0.6738600022540828,0.7756101826944013,0.7331002190599034,,,0.08
ceil:structure,dblp,0,8,0.8475776772909762,0.6702689982017619,0.6738600022540828,0.7756101826944013,0.7331002190599035,,,0.11
ceil:structure,dblp,1,8,0.8475776772909762,0.6702689982017619,0.6738600022540828,0.7756101826944013,0.7331002190599035,,,0.12
base:louvain,dblp,0,26,0.9192617043335325,0.3618974797476211,0.3618974797476211,0.3979291384759904,0.6509460607901514,,,0.16
base:spectral_graph+content,dblp,0,8,0.825141855262408,0.6362767682313523,0.6362767682313523,0.7642879657938944,0.7375557084638132,,,0.14
base:louvain,dblp,1,28,0.9195997101462914,0.3524251782962686,0.3524251782962686,0.379667170418136,0.6461903795923227,,,0.19
base:louvain,dblp,2,28,0.9198209301146187,0.35058284694097175,0.35058284694097175,0.3765206567870009,0.629210873475371,,,0.2
base:nfmcd_structure_only,dblp,0,8,0.8475776772909762,0.6702689982017619,0.6738600022540828,0.7756101826944013,0.7331002190599035,,,0.08
base:spectral_graph+content,dblp,1,8,0.8291110055006329,0.6042176080907018,0.6042176080907018,0.7418186658117938,0.7235304577428769,,,0.14
base:spectral_graph+content,dblp,2,8,0.8237808132947907,0.6508921015717074,0.6508921015717074,0.7794282111183107,0.7482793850312857,,,0.14
var:default,amazon,0,4,0.7172353714661406,0.5535487568737809,0.526120191794379,0.8017822027844915,0.7972215846095807,,,0.02
base:nfmcd_structure_only,dblp,1,8,0.8475776772909762,0.6702689982017619,0.6738600022540828,0.7756101826944013,0.7331002190599035,,,0.09
var:default,amazon,1,4,0.7172353714661406,0.5535487568737809,0.526120191794379,0.8017822027844915,0.7972215846095806,,,0.02
var:default,amazon,2,4,0.7172353714661406,0.5535487568737809,0.526120191794379,0.8017822027844915,0.7972215846095806,,,0.02
rem:raw_pca,amazon,0,4,0.7172353714661406,0.5535487568737809,0.526120191794379,0.8017822027844915,0.7972215846095807,,,0.02
rem:raw_pca,amazon,1,4,0.7172353714661406,0.5535487568737809,0.526120191794379,0.8017822027844915,0.7972215846095806,,,0.02
rem:raw_pca,amazon,2,4,0.7172353714661406,0.5535487568737809,0.526120191794379,0.8017822027844915,0.7972215846095806,,,0.02
rem:std_blocks,amazon,0,4,0.7172353714661406,0.5535487568737809,0.526120191794379,0.8017822027844915,0.7972215846095807,,,0.02
base:nfmcd_structure_only,dblp,2,8,0.8475776772909762,0.6702689982017619,0.6738600022540828,0.7756101826944013,0.7331002190599034,,,0.09
rem:std_blocks,amazon,2,4,0.7172353714661406,0.5535487568737809,0.526120191794379,0.8017822027844915,0.7972215846095806,,,0.02
rem:std_blocks,amazon,1,4,0.7172353714661406,0.5535487568737809,0.526120191794379,0.8017822027844915,0.7972215846095806,,,0.02
rem:raw_pca+std,amazon,0,4,0.7172353714661406,0.5535487568737809,0.526120191794379,0.8017822027844915,0.7972215846095807,,,0.03
rem:raw_pca+std,amazon,1,4,0.7172353714661406,0.5535487568737809,0.526120191794379,0.8017822027844915,0.7972215846095806,,,0.02
rem:raw_pca+std,amazon,2,4,0.7172353714661406,0.5535487568737809,0.526120191794379,0.8017822027844915,0.7972215846095806,,,0.02
ceil:structure,amazon,0,4,0.7172353714661406,0.5535487568737809,0.526120191794379,0.8017822027844915,0.7972215846095807,,,0.03
ceil:structure,amazon,2,4,0.7172353714661406,0.5535487568737809,0.526120191794379,0.8017822027844915,0.7972215846095806,,,0.02
ceil:structure,amazon,1,4,0.7172353714661406,0.5535487568737809,0.526120191794379,0.8017822027844915,0.7972215846095806,,,0.03
base:louvain,amazon,0,8,0.7574490466798159,0.37321511147137953,0.37321511147137953,0.7248917605067882,0.6942280356141619,,,0.03
base:louvain,amazon,2,8,0.7574490466798159,0.37321511147137953,0.37321511147137953,0.7248917605067882,0.6942280356141619,,,0.03
base:spectral_graph+content,amazon,1,4,0.7144608809993426,0.6186401910049436,0.6186401910049436,0.9003811630303344,0.8343336843336844,,,0.02
base:spectral_graph+content,amazon,0,4,0.7144608809993426,0.6186401910049436,0.6186401910049436,0.9003811630303344,0.8343336843336844,,,0.03
base:louvain,amazon,1,8,0.7574490466798159,0.37321511147137953,0.37321511147137953,0.7248917605067882,0.6942280356141619,,,0.05
base:spectral_graph+content,amazon,2,4,0.7144608809993426,0.6186401910049436,0.6186401910049436,0.9003811630303344,0.8343336843336844,,,0.03
base:nfmcd_structure_only,amazon,0,4,0.7172353714661406,0.5535487568737809,0.526120191794379,0.8017822027844915,0.7972215846095807,,,0.03
base:nfmcd_structure_only,amazon,1,4,0.7172353714661406,0.5535487568737809,0.526120191794379,0.8017822027844915,0.7972215846095806,,,0.03
base:nfmcd_structure_only,amazon,2,4,0.7172353714661406,0.5535487568737809,0.526120191794379,0.8017822027844915,0.7972215846095806,,,0.03
ceil:fused_m1.1,crisismmd@r0.02,2,7,0.5534264889629321,0.7793674192462835,0.7323616535803752,0.8643034841642754,0.7835838958519064,,,3.06
ceil:fused_m1.1,crisismmd@r0.02,1,7,0.5100754668896667,0.6227416937127247,0.5909332801715557,0.7931597270506014,0.6384818682505703,,,3.12
ceil:fused_m1.2,crisismmd@r0.02,0,7,0.45811177214739873,0.5915408223816021,0.5567302994971137,0.7350992943789372,0.6347143103066546,,,3.14
ceil:fused_m1.1,crisismmd@r0.02,0,7,0.45923542483739044,0.5991658309003535,0.5586748899287983,0.7365663890449922,0.6048848406275312,,,3.16
kceil:fused,crisismmd@r0.02,1,7,0.5622855286251133,0.7452533718616847,0.7452533718616847,0.8819045425803155,0.770088512094535,,,0.92
ceil:fused_m1.2,crisismmd@r0.02,2,7,0.5553314452311536,0.7559605576847694,0.7372782462255998,0.8653793539613286,0.7662147078015666,,,0.97
ceil:fused_m1.2,crisismmd@r0.02,1,7,0.542981724323067,0.7518322961128928,0.7389733019273014,0.8528743311775533,0.7614492814958351,,,1.17
kceil:fused,crisismmd@r0.02,0,7,0.5499481919936465,0.7797979398612209,0.7797979398612209,0.870108755635184,0.7663842997766858,,,1.09
kceil:fused,crisismmd@r0.02,2,7,0.5704133069554352,0.7335867981437385,0.7335867981437385,0.8854782654255021,0.7724610054952166,,,0.81
kceil:raw_pca16,crisismmd@r0.02,0,7,0.23417885441841216,0.4073417545236391,0.4073417545236391,0.40695476208844933,0.5623395526697046,,,0.14
kceil:content_cca,crisismmd@r0.02,2,7,0.06705497709287797,0.16666191030680855,0.16666191030680855,0.12298396552116961,0.3643798127676146,,,0.83
kceil:raw_pca16,crisismmd@r0.02,1,7,0.24390555948706716,0.4094171703774807,0.4094171703774807,0.4070901636314026,0.5635065652556142,,,0.09
kceil:structure,crisismmd@r0.02,0,7,0.6541207278308016,0.879130885550479,0.879130885550479,0.9781153319441366,0.9481785819045515,,,0.06
kceil:raw_pca16,crisismmd@r0.02,2,7,0.251446876301541,0.4098778803429992,0.4098778803429992,0.41075967520990636,0.5638126576114345,,,0.12
kceil:structure,crisismmd@r0.02,1,7,0.6493922064417776,0.8763309997523667,0.8763309997523667,0.9680953569816191,0.9504636334534666,,,0.05
kceil:structure,crisismmd@r0.02,2,7,0.6575026655560183,0.8832504078417787,0.8832504078417787,0.9835329569700944,0.9498461673048502,,,0.06
kceil:content_cca,crisismmd@r0.02,0,7,0.06416196043038797,0.17341202802597966,0.17341202802597966,0.13008264984295714,0.37062955673417924,,,1.23
kceil:content_cca,crisismmd@r0.02,1,7,0.07272612332022663,0.1445102398067839,0.1445102398067839,0.1430653206205613,0.38956387086630845,,,1.23
ceil:fused_m1.1,crisismmd@r0.1,0,7,0.3327791676546915,0.5410976641819866,0.5605807848442093,0.7063629377639846,0.6253926948860996,,,0.86
ceil:fused_m1.1,crisismmd@r0.1,1,7,0.3211922357114905,0.5376255060258817,0.5460149371173643,0.6945723123242471,0.6115551106504898,,,0.91
ceil:fused_m1.1,crisismmd@r0.1,2,7,0.3334077530860384,0.5210509238707743,0.5478730699955019,0.700092562731095,0.6461178147875046,,,0.94
ceil:fused_m1.2,crisismmd@r0.1,0,7,0.3257992913122232,0.5520148013953985,0.5678237024544228,0.7080950424721959,0.6310053262989495,,,0.91
ceil:fused_m1.2,crisismmd@r0.1,1,7,0.3200502842227034,0.5254985830594956,0.5427118227464194,0.6829813732297472,0.6226075762978933,,,0.89
ceil:fused_m1.2,crisismmd@r0.1,2,7,0.32369069997279926,0.5308466536656735,0.5057264621520556,0.686210567854586,0.6287680856167367,,,0.88
kceil:fused,crisismmd@r0.1,0,7,0.3884831552563916,0.6382413138658763,0.6382413138658763,0.8215745628524925,0.7330554086003548,,,0.91
kceil:fused,crisismmd@r0.1,1,7,0.31644839909434125,0.5503862787913624,0.5503862787913624,0.6980378117977183,0.6191495244870523,,,0.83
kceil:fused,crisismmd@r0.1,2,7,0.3221087657659172,0.5410851596258237,0.5410851596258237,0.6930931248169877,0.6013415434502498,,,0.84
kceil:raw_pca16,crisismmd@r0.1,0,7,0.17627255104352027,0.4073417545236391,0.4073417545236391,0.40695476208844933,0.5623395526697046,,,0.11
kceil:content_cca,crisismmd@r0.1,0,7,0.048669520812950146,0.17341202802597966,0.17341202802597966,0.13008264984295714,0.37062955673417924,,,0.91
kceil:raw_pca16,crisismmd@r0.1,1,7,0.17982874625254314,0.4094171703774807,0.4094171703774807,0.4070901636314026,0.5635065652556142,,,0.11
kceil:content_cca,crisismmd@r0.1,2,7,0.04725646726095928,0.16666191030680855,0.16666191030680855,0.12298396552116961,0.3643798127676146,,,0.86
kceil:content_cca,crisismmd@r0.1,1,7,0.05008292990911077,0.1445102398067839,0.1445102398067839,0.1430653206205613,0.38956387086630845,,,0.89
kceil:raw_pca16,crisismmd@r0.1,2,7,0.1789431315950316,0.4098778803429992,0.4098778803429992,0.41075967520990636,0.5638126576114345,,,0.11
kceil:structure,crisismmd@r0.1,0,7,0.43880749308050526,0.4115364844809073,0.4115364844809073,0.7883781847384574,0.6808499841856441,,,0.06
kceil:structure,crisismmd@r0.1,2,7,0.4367257907616628,0.4670480403555437,0.4670480403555437,0.7892711816889187,0.6892211426555009,,,0.08
kceil:structure,crisismmd@r0.1,1,7,0.4186687198627918,0.4393291192752986,0.4393291192752986,0.7269324873261094,0.6156179752217029,,,0.08
ceil:fused_m1.1,crisismmd@r0.25,0,7,0.0960065933106154,0.26963079583114435,0.26398478585912977,0.29036650509171996,0.5096261607012894,,,0.86
ceil:fused_m1.1,crisismmd@r0.25,1,7,0.08315697167307351,0.28085215736948577,0.28840456508879475,0.3138435697955543,0.5247834731713671,,,0.89
ceil:fused_m1.2,crisismmd@r0.25,0,7,0.0984542415951313,0.28003149373182046,0.2661703401500386,0.29761124565136,0.5157601667250652,,,0.89
ceil:fused_m1.1,crisismmd@r0.25,2,7,0.11838026586854977,0.2891062540109317,0.3216965912710468,0.3452665763440302,0.5224484223287124,,,0.89
ceil:fused_m1.2,crisismmd@r0.25,1,7,0.09255801459925622,0.27993078056034437,0.2916524374307161,0.32365034427560835,0.5262457026591166,,,0.84
kceil:fused,crisismmd@r0.25,0,7,0.11499627004169605,0.2777980484169623,0.2777980484169623,0.3149918283220976,0.49865706132594284,,,0.84
ceil:fused_m1.2,crisismmd@r0.25,2,7,0.11812573774933455,0.2767928345645343,0.31421708170998675,0.3288756914853144,0.5261681403917212,,,0.95
kceil:fused,crisismmd@r0.25,1,7,0.0880501883770442,0.2883383029925969,0.2883383029925969,0.31287589446210595,0.5104667411685575,,,0.98
kceil:fused,crisismmd@r0.25,2,7,0.13445290005492397,0.3280445513684165,0.3280445513684165,0.35384127785064173,0.5192605856770502,,,0.81
kceil:raw_pca16,crisismmd@r0.25,0,7,0.10629806130163043,0.4073417545236391,0.4073417545236391,0.40695476208844933,0.5623395526697046,,,0.11
kceil:raw_pca16,crisismmd@r0.25,1,7,0.10214130519098066,0.4094171703774807,0.4094171703774807,0.4070901636314026,0.5635065652556142,,,0.09
kceil:content_cca,crisismmd@r0.25,0,7,0.0313542419184612,0.17341202802597966,0.17341202802597966,0.13008264984295714,0.37062955673417924,,,0.95
kceil:content_cca,crisismmd@r0.25,1,7,0.023861636830099148,0.1445102398067839,0.1445102398067839,0.1430653206205613,0.38956387086630845,,,0.92
kceil:raw_pca16,crisismmd@r0.25,2,7,0.11073982349446812,0.4098778803429992,0.4098778803429992,0.41075967520990636,0.5638126576114345,,,0.09
kceil:structure,crisismmd@r0.25,0,7,0.2740165051320027,0.1301374555903596,0.1301374555903596,0.2711543408061653,0.37927817246713996,,,0.08
kceil:content_cca,crisismmd@r0.25,2,7,0.029165022681678674,0.16666191030680855,0.16666191030680855,0.12298396552116961,0.3643798127676146,,,0.94
kceil:structure,crisismmd@r0.25,1,7,0.2670673950495677,0.10208236324327324,0.10208236324327324,0.22665934006279947,0.3480869545647168,,,0.08
kceil:structure,crisismmd@r0.25,2,7,0.2696739015087163,0.12149077446640233,0.12149077446640233,0.2643527031521993,0.3580879054224949,,,0.09
ceil:fused_m1.1,crisismmd@r0.5,0,7,0.020392882921021257,0.12811615510549512,0.17689118918103341,0.1398850845688259,0.38768888798186113,,,0.88
ceil:fused_m1.1,crisismmd@r0.5,2,7,0.029562212522193994,0.14785737358729945,0.1777504833695258,0.1347037989593949,0.3806593435925871,,,0.88
ceil:fused_m1.1,crisismmd@r0.5,1,7,0.013678746805939977,0.1541687463546635,0.14565076660507492,0.14812937389542027,0.4120657891751716,,,0.89
ceil:fused_m1.2,crisismmd@r0.5,0,7,0.021041704841652516,0.14287303279693997,0.1723437691920402,0.1319569150841279,0.40005269944244715,,,0.91
ceil:fused_m1.2,crisismmd@r0.5,2,7,0.03990211161245952,0.14853588281733332,0.13787639558200204,0.13644281733930255,0.3922286413081889,,,0.89
ceil:fused_m1.2,crisismmd@r0.5,1,7,0.008675127646162914,0.15817334983210363,0.1546636434112323,0.1411776518569818,0.407079171940906,,,0.95
kceil:fused,crisismmd@r0.5,0,7,0.02559592160265412,0.177855784347698,0.177855784347698,0.1413515477634703,0.37992752984584033,,,0.89
kceil:fused,crisismmd@r0.5,1,7,0.027873964898716685,0.16222579745895693,0.16222579745895693,0.1478798591558312,0.40063725744796885,,,0.89
kceil:fused,crisismmd@r0.5,2,7,0.04147056884805882,0.15104158327114892,0.15104158327114892,0.13904200284810206,0.38515198091323816,,,0.86
kceil:content_cca,crisismmd@r0.5,1,7,0.005622982021601719,0.1445102398067839,0.1445102398067839,0.1430653206205613,0.38956387086630845,,,0.86
kceil:content_cca,crisismmd@r0.5,0,7,0.010801652193935547,0.17341202802597966,0.17341202802597966,0.13008264984295714,0.37062955673417924,,,0.88
kceil:raw_pca16,crisismmd@r0.5,0,7,0.047726124161977426,0.4073417545236391,0.4073417545236391,0.40695476208844933,0.5623395526697046,,,0.09
kceil:raw_pca16,crisismmd@r0.5,1,7,0.041745750164892216,0.4094171703774807,0.4094171703774807,0.4070901636314026,0.5635065652556142,,,0.09
kceil:content_cca,crisismmd@r0.5,2,7,0.014175322134342914,0.16666191030680855,0.16666191030680855,0.12298396552116961,0.3643798127676146,,,0.91
kceil:raw_pca16,crisismmd@r0.5,2,7,0.056968716372012146,0.4098778803429992,0.4098778803429992,0.41075967520990636,0.5638126576114345,,,0.09
kceil:structure,crisismmd@r0.5,0,7,0.248441189235496,0.0,0.0,0.017597377700545185,0.18519145270580023,,,0.08
kceil:structure,crisismmd@r0.5,1,7,0.24417235569690124,0.0,0.0,0.024375314159529614,0.20983627566186366,,,0.06
kceil:structure,crisismmd@r0.5,2,7,0.24335394152193174,0.0,0.0,0.009589175846288454,0.1877329807808147,,,0.09
ceil:fused_m1.1,crisismmd@r1.0,0,7,0.006167016752447225,0.13575233607671078,0.14285818305166142,0.13220767139162945,0.3958259498363339,,,0.92
ceil:fused_m1.1,crisismmd@r1.0,2,7,0.02771436424439905,0.1386077170045159,0.17695047969317057,0.13412068711835295,0.3827939779808026,,,0.94
ceil:fused_m1.1,crisismmd@r1.0,1,7,0.0002119832375341614,0.15963009913334303,0.13685333015885992,0.13721862664836712,0.4094416417897712,,,0.94
ceil:fused_m1.2,crisismmd@r1.0,0,7,0.005669097854065037,0.13535166641163432,0.14026728324229187,0.1320891640641972,0.40086021965041246,,,0.97
ceil:fused_m1.2,crisismmd@r1.0,1,7,0.00473059245443189,0.1484453509670396,0.16139666934653119,0.1460284249694919,0.40727942608438433,,,0.88
kceil:fused,crisismmd@r1.0,0,7,0.0009008711786324709,0.17612569674429068,0.17612569674429068,0.13432950403212374,0.3736488984553065,,,0.91
ceil:fused_m1.2,crisismmd@r1.0,2,7,0.027708562547370447,0.14427378783710543,0.14275442009966577,0.13784076744941468,0.3817714405740756,,,0.94
kceil:fused,crisismmd@r1.0,1,7,0.006275573194789361,0.14814492118453637,0.14814492118453637,0.1401356232523555,0.39338892052162183,,,0.94
kceil:fused,crisismmd@r1.0,2,7,0.027181595212052823,0.17551626360673445,0.17551626360673445,0.12832959094306956,0.3649123931225972,,,0.86
kceil:content_cca,crisismmd@r1.0,0,7,-0.0006689427594113468,0.17341202802597966,0.17341202802597966,0.13008264984295714,0.37062955673417924,,,0.86
kceil:raw_pca16,crisismmd@r1.0,0,7,0.0020900211344273417,0.4073417545236391,0.4073417545236391,0.40695476208844933,0.5623395526697046,,,0.12
kceil:content_cca,crisismmd@r1.0,1,7,-0.009941235456504334,0.1445102398067839,0.1445102398067839,0.1430653206205613,0.38956387086630845,,,0.95
kceil:raw_pca16,crisismmd@r1.0,2,7,0.004340958643408509,0.4098778803429992,0.4098778803429992,0.41075967520990636,0.5638126576114345,,,0.11
kceil:content_cca,crisismmd@r1.0,2,7,9.564742184669552e-05,0.16666191030680855,0.16666191030680855,0.12298396552116961,0.3643798127676146,,,0.91
kceil:raw_pca16,crisismmd@r1.0,1,7,-0.004390913830320168,0.4094171703774807,0.4094171703774807,0.4070901636314026,0.5635065652556142,,,0.14
kceil:structure,crisismmd@r1.0,0,7,0.22666256746669902,0.0,0.0,0.0009852484135286007,0.16798876456101303,,,0.06
kceil:structure,crisismmd@r1.0,1,7,0.24619371309272767,0.0,0.0,0.0003806421398132974,0.16639651910286699,,,0.11
kceil:structure,crisismmd@r1.0,2,7,0.24184357947946206,0.0,0.0,-0.002656038269368809,0.15143486968602682,,,0.12
ceil:fused_m1.1,fakeddit@r0.02,0,10,0.43810800178439846,0.7502124804417467,0.7566491478066918,0.9112894506974115,0.7337263370117089,,,2.56
ceil:fused_m1.1,fakeddit@r0.02,1,10,0.3611414362726075,0.720087466295667,0.7258749013459833,0.6653194129322701,0.7114028024341457,,,2.53
ceil:fused_m1.1,fakeddit@r0.02,2,10,0.36966875315970443,0.691118341494988,0.7293233229526889,0.6668551226575619,0.719504571998253,,,2.53
ceil:fused_m1.2,fakeddit@r0.02,0,10,0.43278493144829905,0.7301305671334877,0.7348241438557286,0.9075139660786016,0.7230141816929024,,,2.59
ceil:fused_m1.2,fakeddit@r0.02,2,10,0.36528134930513795,0.6881776217966001,0.7175052323982002,0.6625480210008234,0.7157583619970819,,,2.41
kceil:fused,fakeddit@r0.02,0,10,0.41343994377213933,0.8418635733248737,0.8418635733248737,0.7677556544785923,0.837527384131298,,,2.53
ceil:fused_m1.2,fakeddit@r0.02,1,10,0.35995614337516973,0.690955548598829,0.678631883330026,0.6618736914617701,0.7105858444284058,,,2.78
kceil:fused,fakeddit@r0.02,1,10,0.4002653110433001,0.8378312542883317,0.8378312542883317,0.7690737365433998,0.8375020835375834,,,2.67
kceil:fused,fakeddit@r0.02,2,10,0.40284528129744507,0.7996134178648582,0.7996134178648582,0.761670073792906,0.8366101592462295,,,2.28
kceil:raw_pca16,fakeddit@r0.02,0,10,0.12916624052441453,0.13709826289505878,0.13709826289505878,0.24329120838799692,0.34969861142338965,,,0.2
kceil:content_cca,fakeddit@r0.02,0,10,0.05727151269192502,0.016355044039103594,0.016355044039103594,0.11011858602364376,0.26303910581836976,,,2.44
kceil:raw_pca16,fakeddit@r0.02,1,10,0.11364683989113197,0.0972672234750227,0.0972672234750227,0.24642340466717297,0.3514276570007543,,,0.2
kceil:content_cca,fakeddit@r0.02,2,10,0.05397490581664326,0.017498707023105187,0.017498707023105187,0.09451833124143404,0.22196260589042266,,,2.3
kceil:content_cca,fakeddit@r0.02,1,10,0.050970939605007856,0.013579060376377128,0.013579060376377128,0.10643578657259785,0.25426561151848726,,,2.41
kceil:structure,fakeddit@r0.02,0,10,0.5145871420970856,0.978780318989689,0.978780318989689,0.9972675027057382,0.9927177370473421,,,0.14
kceil:raw_pca16,fakeddit@r0.02,2,10,0.1147330168297631,0.09896144948587993,0.09896144948587993,0.24313732717188924,0.34770467043275743,,,0.2
kceil:structure,fakeddit@r0.02,1,10,0.5085408951926449,0.9536943094677447,0.9536943094677447,0.9949214192143276,0.9826011346548029,,,0.14
kceil:structure,fakeddit@r0.02,2,10,0.5098919165145529,0.95180868357103,0.95180868357103,0.9879739380619821,0.9816308346891531,,,0.12
ceil:fused_m1.1,fakeddit@r0.1,2,10,0.23084066010080445,0.45928791634855015,0.4355195226902109,0.5307455138077458,0.5421336042192563,,,2.59
ceil:fused_m1.1,fakeddit@r0.1,1,10,0.20189163977082566,0.4680779968079425,0.4575699372652636,0.510124572017878,0.5461541270474898,,,2.62
ceil:fused_m1.1,fakeddit@r0.1,0,10,0.2043084764918196,0.37262522405426923,0.3658760100272652,0.5606432955454298,0.5214478195306957,,,2.94
ceil:fused_m1.2,fakeddit@r0.1,0,10,0.20581286211962338,0.4072591130053542,0.41078508729614793,0.5506512564176651,0.5655866238788532,,,2.94
ceil:fused_m1.2,fakeddit@r0.1,2,10,0.21938451220915975,0.41669147774962056,0.4115717213121527,0.5099767108917851,0.5213187077990628,,,2.47
ceil:fused_m1.2,fakeddit@r0.1,1,10,0.225009115434985,0.43222869438344047,0.4563377734796116,0.5595011351388386,0.5668085294981162,,,2.75
kceil:fused,fakeddit@r0.1,1,10,0.2065581533486572,0.4697431017284588,0.4697431017284588,0.5237643239177563,0.5478982671357799,,,2.41
kceil:fused,fakeddit@r0.1,0,10,0.21599963999025004,0.4311072215836418,0.4311072215836418,0.5411065531725955,0.5572791349302443,,,2.55
kceil:fused,fakeddit@r0.1,2,10,0.23159623499115126,0.4213962258367182,0.4213962258367182,0.555499150685297,0.5596195133808471,,,2.5
kceil:raw_pca16,fakeddit@r0.1,0,10,0.09359166829844855,0.13709826289505878,0.13709826289505878,0.24329120838799692,0.34969861142338965,,,0.2
kceil:content_cca,fakeddit@r0.1,1,10,0.03552890491449527,0.013579060376377128,0.013579060376377128,0.10643578657259785,0.25426561151848726,,,2.44
kceil:content_cca,fakeddit@r0.1,2,10,0.03953547640547744,0.017498707023105187,0.017498707023105187,0.09451833124143404,0.22196260589042266,,,2.38
kceil:content_cca,fakeddit@r0.1,0,10,0.04025957265291283,0.016355044039103594,0.016355044039103594,0.11011858602364376,0.26303910581836976,,,2.59
kceil:raw_pca16,fakeddit@r0.1,1,10,0.07840176845252536,0.0972672234750227,0.0972672234750227,0.24642340466717297,0.3514276570007543,,,0.17
kceil:structure,fakeddit@r0.1,0,10,0.3489454938247226,0.5455219021449997,0.5455219021449997,0.8733725141241765,0.7265502805684456,,,0.12
kceil:raw_pca16,fakeddit@r0.1,2,10,0.08617485119207212,0.09896144948587993,0.09896144948587993,0.24313732717188924,0.34770467043275743,,,0.17
kceil:structure,fakeddit@r0.1,1,10,0.30110626342719526,0.5118601290329503,0.5118601290329503,0.6752463412530836,0.6704885532596659,,,0.14
kceil:structure,fakeddit@r0.1,2,10,0.341438031227986,0.5420652338994564,0.5420652338994564,0.8521900981777125,0.7065513801982088,,,0.14
ceil:fused_m1.1,fakeddit@r0.25,2,10,0.06710110982504269,0.08423618447733683,0.07618639678680161,0.24791625168993872,0.3210638433803274,,,2.48
ceil:fused_m1.1,fakeddit@r0.25,0,10,0.06059377212008857,0.07111305065514406,0.06462876544873186,0.22345841666231678,0.3089649686320838,,,2.67
ceil:fused_m1.2,fakeddit@r0.25,0,10,0.09615655998667515,0.11229306092959312,0.09995347745924243,0.31562233825984026,0.25969944704571646,,,2.67
ceil:fused_m1.1,fakeddit@r0.25,1,10,0.055265050561918945,0.07363530151408071,0.05776213285855614,0.22160032679245142,0.28445188879517225,,,2.84
ceil:fused_m1.2,fakeddit@r0.25,1,10,0.09501370362133031,0.10953918994484746,0.100606512494398,0.27658185403087254,0.21321380540635956,,,2.56
ceil:fused_m1.2,fakeddit@r0.25,2,10,0.09995647428424664,0.11725604757794739,0.10330556090574605,0.3193144227513888,0.2548835739655533,,,2.53
kceil:fused,fakeddit@r0.25,0,10,0.06624061087314259,0.06022606521344409,0.06022606521344409,0.17810852817660366,0.30247242813290287,,,2.42
kceil:fused,fakeddit@r0.25,1,10,0.06946583456904591,0.0731637402226869,0.0731637402226869,0.23148217013424072,0.30559892819231377,,,2.42
kceil:fused,fakeddit@r0.25,2,10,0.06566833940981191,0.07322149519898002,0.07322149519898002,0.2423170576115253,0.27198038877864816,,,2.28
kceil:content_cca,fakeddit@r0.25,0,10,0.02467440955356949,0.016355044039103594,0.016355044039103594,0.11011858602364376,0.26303910581836976,,,2.39
kceil:content_cca,fakeddit@r0.25,1,10,0.018278885955158208,0.013579060376377128,0.013579060376377128,0.10643578657259785,0.25426561151848726,,,2.41
kceil:raw_pca16,fakeddit@r0.25,0,10,0.0532476650906756,0.13709826289505878,0.13709826289505878,0.24329120838799692,0.34969861142338965,,,0.2
kceil:content_cca,fakeddit@r0.25,2,10,0.026903950310275614,0.017498707023105187,0.017498707023105187,0.09451833124143404,0.22196260589042266,,,2.38
kceil:raw_pca16,fakeddit@r0.25,1,10,0.04839356535283399,0.0972672234750227,0.0972672234750227,0.24642340466717297,0.3514276570007543,,,0.2
kceil:structure,fakeddit@r0.25,0,10,0.18841213495806275,0.0674259024353343,0.0674259024353343,0.21966223484557793,0.2970760762977917,,,0.16
kceil:structure,fakeddit@r0.25,1,10,0.19355637343212118,0.15606159073726156,0.15606159073726156,0.2902391302439175,0.3647797358292649,,,0.17
kceil:raw_pca16,fakeddit@r0.25,2,10,0.052338983869275144,0.09896144948587993,0.09896144948587993,0.24313732717188924,0.34770467043275743,,,0.25
kceil:structure,fakeddit@r0.25,2,10,0.18894288416633712,0.09174421920396325,0.09174421920396325,0.24901713586641064,0.27853394737658704,,,0.17
ceil:fused_m1.1,fakeddit@r0.5,1,10,0.018339029237333243,0.01802186899967695,0.014709171516964048,0.10649299425047457,0.2420520608804404,,,2.52
ceil:fused_m1.2,fakeddit@r0.5,0,10,0.04947676101548873,0.056565787561973946,0.056565787561973946,0.1895918647701315,0.16400732605953317,,,2.52
ceil:fused_m1.1,fakeddit@r0.5,2,10,0.025421281621072284,0.04014807224366146,0.032426160652501146,0.10177159078641608,0.25274592859137185,,,2.67
ceil:fused_m1.1,fakeddit@r0.5,0,10,0.022221394798673688,0.04210101602855443,0.021492825640915703,0.11155886047463427,0.26450507696565023,,,2.86
ceil:fused_m1.2,fakeddit@r0.5,1,10,0.033453087682772054,0.04920850557212819,0.04920850557212819,0.1890281315453712,0.18054259602627543,,,2.48
ceil:fused_m1.2,fakeddit@r0.5,2,10,0.04006485010695419,0.0424720336854405,0.0424720336854405,0.16135034468262785,0.14727966605465612,,,2.36
kceil:fused,fakeddit@r0.5,0,10,0.020995373453067165,0.021278631260033043,0.021278631260033043,0.10494478032177466,0.23960738207737386,,,2.38
kceil:fused,fakeddit@r0.5,1,10,0.020551159713933627,0.01439031362997567,0.01439031362997567,0.11788585048018634,0.23393202648493627,,,2.36
kceil:fused,fakeddit@r0.5,2,10,0.03269165390333574,0.017180532182344832,0.017180532182344832,0.11232548383999164,0.2371653523551184,,,2.31
kceil:content_cca,fakeddit@r0.5,1,10,0.006626044166544189,0.013579060376377128,0.013579060376377128,0.10643578657259785,0.25426561151848726,,,2.34
kceil:content_cca,fakeddit@r0.5,2,10,0.015220091554304004,0.017498707023105187,0.017498707023105187,0.09451833124143404,0.22196260589042266,,,2.31
kceil:content_cca,fakeddit@r0.5,0,10,0.012452714988540902,0.016355044039103594,0.016355044039103594,0.11011858602364376,0.26303910581836976,,,2.5
kceil:raw_pca16,fakeddit@r0.5,0,10,0.0240812269769633,0.13709826289505878,0.13709826289505878,0.24329120838799692,0.34969861142338965,,,0.19
kceil:raw_pca16,fakeddit@r0.5,1,10,0.022559344177939446,0.0972672234750227,0.0972672234750227,0.24642340466717297,0.3514276570007543,,,0.17
kceil:structure,fakeddit@r0.5,0,10,0.16712709836542353,0.0,0.0,0.012786598462021386,0.13752847109646751,,,0.14
kceil:structure,fakeddit@r0.5,1,10,0.16792110219983702,0.0,0.0,0.01361270517842449,0.1603011520424502,,,0.16
kceil:raw_pca16,fakeddit@r0.5,2,10,0.024961789774115478,0.09896144948587993,0.09896144948587993,0.24313732717188924,0.34770467043275743,,,0.19
kceil:structure,fakeddit@r0.5,2,10,0.16660065799270168,0.0,0.0,0.005846355269190286,0.13080470693565577,,,0.14
ceil:fused_m1.1,fakeddit@r1.0,2,10,0.00798676031472333,0.030107318849331488,0.010601410399393996,0.09010773283604982,0.2438747030195581,,,2.59
ceil:fused_m1.2,fakeddit@r1.0,0,10,0.008485794553902005,0.056413817599184846,0.056413817599184846,0.13374723002149008,0.11127170172286634,,,2.62
ceil:fused_m1.1,fakeddit@r1.0,0,10,0.013636632324368477,0.0376237638384046,0.012140685871051327,0.09525556422213693,0.26811235003330014,,,2.8
ceil:fused_m1.1,fakeddit@r1.0,1,10,0.01141120160422043,0.027443062766961512,0.008816849450558717,0.08192010600966385,0.23288306553708304,,,2.81
ceil:fused_m1.2,fakeddit@r1.0,2,10,0.006995489424265716,0.03523502480204965,0.03523502480204965,0.11413190093314138,0.11239275900339504,,,2.42
kceil:fused,fakeddit@r1.0,0,10,0.020797753824044994,0.011745521625084576,0.011745521625084576,0.09369294277549374,0.24677218840252163,,,2.39
kceil:fused,fakeddit@r1.0,1,10,0.009985833321889504,0.012162952059899368,0.012162952059899368,0.09434646967193087,0.22121003291042635,,,2.42
ceil:fused_m1.2,fakeddit@r1.0,1,10,0.011872383406660705,0.05122259950852781,0.05122259950852781,0.1021393278810893,0.1071475850039452,,,2.69
kceil:content_cca,fakeddit@r1.0,0,10,0.0032977967254080335,0.016355044039103594,0.016355044039103594,0.11011858602364376,0.26303910581836976,,,2.41
kceil:content_cca,fakeddit@r1.0,2,10,0.004356588224977097,0.017498707023105187,0.017498707023105187,0.09451833124143404,0.22196260589042266,,,2.31
kceil:content_cca,fakeddit@r1.0,1,10,-0.003916629533396181,0.013579060376377128,0.013579060376377128,0.10643578657259785,0.25426561151848726,,,2.42
kceil:fused,fakeddit@r1.0,2,10,0.0192904933762305,0.007157771888191111,0.007157771888191111,0.08132566561886002,0.22752903412699257,,,2.55
kceil:raw_pca16,fakeddit@r1.0,0,10,-8.158863354430909e-05,0.13709826289505878,0.13709826289505878,0.24329120838799692,0.34969861142338965,,,0.19
kceil:raw_pca16,fakeddit@r1.0,2,10,0.0016430296440575398,0.09896144948587993,0.09896144948587993,0.24313732717188924,0.34770467043275743,,,0.19
kceil:structure,fakeddit@r1.0,0,10,0.16896080490916304,0.0,0.0,-0.00011576562352726098,0.12693967330629616,,,0.16
kceil:raw_pca16,fakeddit@r1.0,1,10,0.0009284533033931124,0.0972672234750227,0.0972672234750227,0.24642340466717297,0.3514276570007543,,,0.27
kceil:structure,fakeddit@r1.0,1,10,0.16873272868846237,0.0,0.0,0.00025644076224194776,0.12520251566054316,,,0.16
kceil:structure,fakeddit@r1.0,2,10,0.1641627788907786,0.0,0.0,-0.0017739468562773925,0.12039009660971607,,,0.14
ceil:fused_m1.1,crisismmd,0,7,0.37175808156873136,0.5360382320889457,0.5287558403422402,0.7272809970883333,0.597651176999036,,,0.91
ceil:fused_m1.1,crisismmd,1,7,0.3626390926638463,0.5350918764789385,0.536139184015803,0.7160005666434651,0.5965817872149076,,,0.97
ceil:fused_m1.2,crisismmd,0,7,0.3714915802528131,0.5719958489755897,0.5324289748498389,0.7263752614510165,0.6263063651124648,,,0.86
ceil:fused_m1.1,crisismmd,2,7,0.3892016177006409,0.5427348127406528,0.5270843853723901,0.7289561815290622,0.6321102642913141,,,0.94
ceil:fused_m1.2,crisismmd,1,7,0.3644894987394739,0.5506819274100381,0.5343680597951801,0.7131750685274159,0.6149051371143522,,,0.88
ceil:fused_m1.2,crisismmd,2,7,0.3750542886609213,0.5629668220506421,0.5195839735350491,0.7030078310794915,0.6376535301595447,,,0.84
kceil:fused,crisismmd,0,7,0.36530404306761677,0.5216508366109764,0.5216508366109764,0.7040932511513025,0.5881111374800138,,,0.86
kceil:fused,crisismmd,1,7,0.3649959139951304,0.5324371094031602,0.5324371094031602,0.7112884418273155,0.5877360453124341,,,0.88
kceil:fused,crisismmd,2,7,0.4382521471450409,0.6841077809169102,0.6841077809169102,0.8296497289398653,0.733046238464035,,,0.86
kceil:content_cca,crisismmd,0,7,0.05485348054693098,0.17341202802597966,0.17341202802597966,0.13008264984295714,0.37062955673417924,,,0.92
kceil:content_cca,crisismmd,2,7,0.053458093044604325,0.16666191030680855,0.16666191030680855,0.12298396552116961,0.3643798127676146,,,0.88
kceil:raw_pca16,crisismmd,0,7,0.20801251895161144,0.4073417545236391,0.4073417545236391,0.40695476208844933,0.5623395526697046,,,0.12
kceil:content_cca,crisismmd,1,7,0.057444797934058364,0.1445102398067839,0.1445102398067839,0.1430653206205613,0.38956387086630845,,,0.92
kceil:structure,crisismmd,0,7,0.5146168859501133,0.5399027998534978,0.5399027998534978,0.8924982581179438,0.7790957929766494,,,0.06
kceil:structure,crisismmd,1,7,0.5140463137450124,0.5388942294922393,0.5388942294922393,0.8929182647781199,0.7805679445856433,,,0.06
kceil:raw_pca16,crisismmd,2,7,0.21083843698693527,0.4098778803429992,0.4098778803429992,0.41075967520990636,0.5638126576114345,,,0.11
kceil:raw_pca16,crisismmd,1,7,0.20661121152209444,0.4094171703774807,0.4094171703774807,0.4070901636314026,0.5635065652556142,,,0.11
kceil:structure,crisismmd,2,7,0.5169608842588969,0.5446718844334638,0.5446718844334638,0.899003473850293,0.7651461846675366,,,0.06
ceil:fused_m1.1,fakeddit,0,10,0.29895205339272557,0.6449246943508282,0.6680258388276068,0.6758907638537441,0.6938035897086067,,,2.42
ceil:fused_m1.1,fakeddit,2,10,0.3120996370390524,0.6781813542438158,0.6863452047128481,0.653768407695297,0.6977112050103271,,,2.58
ceil:fused_m1.1,fakeddit,1,10,0.30009619442013374,0.5655995889405244,0.5785564525144758,0.582577169585674,0.5789914904053448,,,2.7
ceil:fused_m1.2,fakeddit,0,10,0.2755947075958013,0.6033403478253354,0.5819672609651954,0.6556745718741819,0.6554406343090604,,,2.86
ceil:fused_m1.2,fakeddit,1,10,0.2941918368190173,0.5443623017454058,0.5414157385343553,0.5729207588981653,0.575722954402504,,,2.53
ceil:fused_m1.2,fakeddit,2,10,0.30681724775725205,0.6752449276068699,0.6597266465834155,0.6434016712072971,0.6873690282816078,,,2.53
kceil:fused,fakeddit,0,10,0.31710574495345434,0.6888496349971286,0.6888496349971286,0.6593126072684066,0.7069139505971378,,,2.39
kceil:fused,fakeddit,1,10,0.3187743552206865,0.7041740139954847,0.7041740139954847,0.6576611356955836,0.70261408547517,,,2.38
kceil:fused,fakeddit,2,10,0.3479309723844703,0.7597076504143607,0.7597076504143607,0.7638855179466781,0.8214070581952642,,,2.34
kceil:raw_pca16,fakeddit,0,10,0.115342503563972,0.13709826289505878,0.13709826289505878,0.24329120838799692,0.34969861142338965,,,0.16
kceil:content_cca,fakeddit,0,10,0.04368631476228244,0.016355044039103594,0.016355044039103594,0.11011858602364376,0.26303910581836976,,,2.33
kceil:content_cca,fakeddit,1,10,0.04847469172023739,0.013579060376377128,0.013579060376377128,0.10643578657259785,0.25426561151848726,,,2.44
kceil:content_cca,fakeddit,2,10,0.03677450277205394,0.017498707023105187,0.017498707023105187,0.09451833124143404,0.22196260589042266,,,2.3
kceil:raw_pca16,fakeddit,1,10,0.10269307300605576,0.0972672234750227,0.0972672234750227,0.24642340466717297,0.3514276570007543,,,0.16
kceil:raw_pca16,fakeddit,2,10,0.10262656595673217,0.09896144948587993,0.09896144948587993,0.24313732717188924,0.34770467043275743,,,0.16
kceil:structure,fakeddit,0,10,0.441974838663231,0.8588590855214195,0.8588590855214195,0.9641520121675685,0.9363785951052892,,,0.11
kceil:structure,fakeddit,1,10,0.441974838663231,0.8588590855214195,0.8588590855214195,0.9641520121675685,0.9363785951052892,,,0.11
kceil:structure,fakeddit,2,10,0.44001886570558335,0.8540236778365637,0.8540236778365637,0.9536722014134906,0.9320405184029731,,,0.11
rem:m1.2,crisismmd@r0.02,1,7,0.542981724323067,0.7518322961128928,0.7389733019273014,0.8528743311775533,0.7614492814958351,,,3.03
rem:m1.2,crisismmd@r0.02,0,7,0.45811177214739873,0.5915408223816021,0.5567302994971137,0.7350992943789372,0.6347143103066546,,,3.06
rem:m1.2,crisismmd@r0.02,2,7,0.5553314452311536,0.7559605576847694,0.7372782462255998,0.8653793539613286,0.7662147078015666,,,3.12
rem:raw_pca+m1.2,crisismmd@r0.02,0,7,0.5469750798374877,0.8036847463518122,0.7946803705592146,0.8706930979961387,0.7927468121112169,,,3.2
rem:raw_pca+m1.2,crisismmd@r0.02,2,7,0.5697933361099542,0.780536742927001,0.7790308402669738,0.8905384680819409,0.7795977582027368,,,0.95
rem:raw_pca+std+m1.2,crisismmd@r0.02,0,7,0.5469750798374877,0.8036847463518122,0.7946803705592146,0.8706930979961387,0.7927468121112169,,,1.03
rem:raw_pca+m1.2,crisismmd@r0.02,1,7,0.5554471505112861,0.7791143826716865,0.7674005406454787,0.8814559417313501,0.7681858179616735,,,1.12
rem:raw_pca+std+m1.2,crisismmd@r0.02,1,7,0.5554471505112861,0.7791143826716865,0.7674005406454787,0.8814559417313501,0.7681858179616735,,,1.23
rem:raw_pca+std+m1.2,crisismmd@r0.02,2,7,0.5697933361099542,0.7771659061649893,0.7790308402669738,0.8905384680819409,0.7787814316721245,,,0.97
rem:m1.2,crisismmd@r0.1,1,7,0.3200502842227034,0.5254985830594956,0.5427118227464194,0.6829813732297472,0.6226075762978933,,,1.03
rem:m1.2,crisismmd@r0.1,0,7,0.3257992913122232,0.5520148013953985,0.5678237024544228,0.7080950424721959,0.6310053262989495,,,1.03
rem:m1.2,crisismmd@r0.1,2,7,0.32369069997279926,0.5308466536656735,0.5057264621520556,0.686210567854586,0.6287680856167367,,,1.02
rem:raw_pca+m1.2,crisismmd@r0.1,0,7,0.33787583965503154,0.5699806458553025,0.5439175340795513,0.7372862961611845,0.6411224270883029,,,1.16
rem:raw_pca+m1.2,crisismmd@r0.1,2,7,0.3234931259562539,0.5495741081198368,0.5643051271807451,0.7127874816776597,0.6226646445834271,,,1.02
rem:raw_pca+m1.2,crisismmd@r0.1,1,7,0.33803440648795896,0.5926580511297883,0.5734489028502967,0.7421761416651814,0.6467696921111263,,,1.08
rem:raw_pca+std+m1.2,crisismmd@r0.1,0,7,0.33787583965503154,0.5699806458553025,0.5439175340795513,0.7372862961611845,0.6411224270883029,,,0.95
rem:raw_pca+std+m1.2,crisismmd@r0.1,2,7,0.3234931259562539,0.5495741081198368,0.5643051271807451,0.7127874816776597,0.6226646445834271,,,0.86
rem:m1.2,crisismmd@r0.25,1,7,0.09255801459925622,0.27993078056034437,0.2916524374307161,0.32365034427560835,0.5262457026591166,,,0.86
rem:raw_pca+std+m1.2,crisismmd@r0.1,1,7,0.33803440648795896,0.5926580511297883,0.5734489028502967,0.7421761416651814,0.6467696921111263,,,1.19
rem:m1.2,crisismmd@r0.25,0,7,0.0984542415951313,0.28003149373182046,0.2661703401500386,0.29761124565136,0.5157601667250652,,,1.09
rem:m1.2,crisismmd@r0.25,2,7,0.11812573774933455,0.2767928345645343,0.31421708170998675,0.3288756914853144,0.5261681403917212,,,1.09
rem:raw_pca+m1.2,crisismmd@r0.25,1,7,0.16778239241488282,0.5114052727382619,0.4756704829178129,0.6000303481554272,0.6413199464626915,,,0.89
rem:raw_pca+m1.2,crisismmd@r0.25,2,7,0.18810061318936797,0.5142387349950363,0.4749868598651128,0.5975995854950368,0.637703638854288,,,0.91
rem:raw_pca+m1.2,crisismmd@r0.25,0,7,0.18071620356343113,0.5197758944133184,0.49361243612470074,0.6117260856480649,0.6366849855955549,,,1.08
rem:raw_pca+std+m1.2,crisismmd@r0.25,2,7,0.18810061318936797,0.5142387349950363,0.4749868598651128,0.5975995854950368,0.637703638854288,,,0.99
rem:m1.2,crisismmd@r0.5,0,7,0.021041704841652516,0.14287303279693997,0.1723437691920402,0.1319569150841279,0.40005269944244715,,,0.91
rem:raw_pca+std+m1.2,crisismmd@r0.25,0,7,0.18071620356343113,0.5197758944133184,0.49361243612470074,0.6117260856480649,0.6366849855955549,,,1.16
rem:raw_pca+std+m1.2,crisismmd@r0.25,1,7,0.16778239241488282,0.5114052727382619,0.4756704829178129,0.6000303481554272,0.6413199464626915,,,1.19
rem:m1.2,crisismmd@r0.5,1,7,0.008675127646162914,0.15817334983210363,0.1546636434112323,0.1411776518569818,0.407079171940906,,,0.89
rem:m1.2,crisismmd@r0.5,2,7,0.03990211161245952,0.14853588281733332,0.13787639558200204,0.13644281733930255,0.3922286413081889,,,0.92
rem:raw_pca+m1.2,crisismmd@r0.5,0,7,0.005111085248918679,0.003435649770228033,0.003435649770228033,0.06576607974817353,0.2404189436604655,,,1.06
rem:raw_pca+m1.2,crisismmd@r0.5,1,7,0.01811404413332459,0.161395137662682,0.161395137662682,0.14816547887832454,0.31296184152613227,,,1.0
rem:raw_pca+m1.2,crisismmd@r0.5,2,7,0.036158935210651125,0.14321562236136187,0.14960565416306415,0.1352790197955314,0.359031104492502,,,0.89
rem:raw_pca+std+m1.2,crisismmd@r0.5,0,7,0.005111085248918679,0.003435649770228033,0.003435649770228033,0.06576607974817353,0.2404189436604655,,,0.97
rem:raw_pca+std+m1.2,crisismmd@r0.5,2,7,0.036158935210651125,0.14366142496990597,0.14960565416306415,0.1352790197955314,0.3594602826902495,,,0.89
rem:raw_pca+std+m1.2,crisismmd@r0.5,1,7,0.01811404413332459,0.161395137662682,0.161395137662682,0.14816547887832454,0.31296184152613227,,,0.98
rem:m1.2,crisismmd@r1.0,0,7,0.005669097854065037,0.13535166641163432,0.14026728324229187,0.1320891640641972,0.40086021965041246,,,0.88
rem:m1.2,crisismmd@r1.0,1,7,0.00473059245443189,0.1484453509670396,0.16139666934653119,0.1460284249694919,0.40727942608438433,,,0.84
rem:m1.2,crisismmd@r1.0,2,7,0.027708562547370447,0.14427378783710543,0.14275442009966577,0.13784076744941468,0.3817714405740756,,,1.12
rem:raw_pca+m1.2,crisismmd@r1.0,0,7,0.002412173087648306,0.00237022365634898,0.00237022365634898,0.0606532047187876,0.22233079951074552,,,1.22
rem:raw_pca+m1.2,crisismmd@r1.0,1,7,-0.004828628383740752,0.15623444361327565,0.15623444361327565,0.1457126855824469,0.3281339088392944,,,1.05
rem:raw_pca+m1.2,crisismmd@r1.0,2,7,0.016055793631058145,0.0027860160512316323,0.0027860160512316323,0.07000088146369317,0.2084703402791817,,,1.19
rem:raw_pca+std+m1.2,crisismmd@r1.0,0,7,0.002412173087648306,0.00237022365634898,0.00237022365634898,0.0606532047187876,0.22233079951074552,,,0.94
rem:raw_pca+std+m1.2,crisismmd@r1.0,1,7,-0.004828628383740752,0.15623444361327565,0.15623444361327565,0.1457126855824469,0.3281339088392944,,,0.91
rem:raw_pca+std+m1.2,crisismmd@r1.0,2,7,0.016055793631058145,0.0027860160512316323,0.0027860160512316323,0.07000088146369317,0.2084703402791817,,,0.97
rem:m1.2,fakeddit@r0.02,0,10,0.43278493144829905,0.7301305671334877,0.7348241438557286,0.9075139660786016,0.7230141816929024,,,2.62
rem:m1.2,fakeddit@r0.02,1,10,0.35995614337516973,0.690955548598829,0.678631883330026,0.6618736914617701,0.7105858444284058,,,2.53
rem:m1.2,fakeddit@r0.02,2,10,0.36528134930513795,0.6881776217966001,0.7175052323982002,0.6625480210008234,0.7157583619970819,,,2.55
rem:raw_pca+m1.2,fakeddit@r0.02,0,10,0.4515344710924659,0.8266101043517169,0.8248530765839494,0.9325041950083801,0.8694780122119857,,,2.88
rem:raw_pca+m1.2,fakeddit@r0.02,1,10,0.3003241176219839,0.6008270585630209,0.5668565925294182,0.5663672595436807,0.6080656496675954,,,2.42
rem:raw_pca+m1.2,fakeddit@r0.02,2,10,0.34263544368264426,0.5979759431770145,0.5899048138501239,0.5850705772822397,0.6038297447484537,,,2.39
rem:raw_pca+std+m1.2,fakeddit@r0.02,0,10,0.3403161932238148,0.7348139609980608,0.6919165832853487,0.6864260178629327,0.7331514793035903,,,2.81
rem:raw_pca+std+m1.2,fakeddit@r0.02,1,10,0.3611909578034211,0.7341604220454976,0.7120605692723916,0.6669022044398422,0.7235906931570659,,,2.69
rem:raw_pca+std+m1.2,fakeddit@r0.02,2,10,0.36085005598812414,0.7316292770845328,0.7082821414735787,0.6604467152054685,0.7280866172991295,,,2.58
rem:m1.2,fakeddit@r0.1,0,10,0.20581286211962338,0.4072591130053542,0.41078508729614793,0.5506512564176651,0.5655866238788532,,,2.89
rem:m1.2,fakeddit@r0.1,1,10,0.225009115434985,0.43222869438344047,0.4563377734796116,0.5595011351388386,0.5668085294981162,,,2.66
rem:m1.2,fakeddit@r0.1,2,10,0.21938451220915975,0.41669147774962056,0.4115717213121527,0.5099767108917851,0.5213187077990628,,,2.81
rem:raw_pca+m1.2,fakeddit@r0.1,1,10,0.24589126822851215,0.6086967767407693,0.5884553911799004,0.6150458186824083,0.6615986103341196,,,2.58
rem:raw_pca+m1.2,fakeddit@r0.1,0,10,0.23082658606357723,0.6488050633332636,0.5715300317156413,0.6343053754130219,0.6777609779879004,,,2.99
rem:raw_pca+m1.2,fakeddit@r0.1,2,10,0.2115869571256877,0.5957799543634659,0.48505024136913366,0.5337256723803914,0.5952699943870701,,,2.51
rem:raw_pca+std+m1.2,fakeddit@r0.1,0,10,0.23073796432033766,0.6490204328567752,0.5670892118834038,0.6338375455939448,0.677879015754226,,,2.72
rem:raw_pca+std+m1.2,fakeddit@r0.1,2,10,0.21042881666277008,0.5973174838536315,0.4872827977487555,0.5358712428454754,0.595224482952322,,,2.58
rem:raw_pca+std+m1.2,fakeddit@r0.1,1,10,0.24661281908576613,0.6144205536795575,0.5886065067125031,0.6152549495177551,0.6628158850533887,,,2.69
rem:m1.2,fakeddit@r0.25,0,10,0.09615655998667515,0.11229306092959312,0.09995347745924243,0.31562233825984026,0.25969944704571646,,,2.62
rem:m1.2,fakeddit@r0.25,1,10,0.09501370362133031,0.10953918994484746,0.100606512494398,0.27658185403087254,0.21321380540635956,,,2.36
rem:m1.2,fakeddit@r0.25,2,10,0.09995647428424664,0.11725604757794739,0.10330556090574605,0.3193144227513888,0.2548835739655533,,,2.7
rem:raw_pca+m1.2,fakeddit@r0.25,0,10,0.12395327128025359,0.2338349478890398,0.17299127454633356,0.40616824031391924,0.3010628057352226,,,3.02
rem:raw_pca+m1.2,fakeddit@r0.25,1,10,0.13109936942496497,0.23386025878227046,0.17531180867731788,0.4071999676112091,0.3265639657023839,,,3.11
rem:raw_pca+m1.2,fakeddit@r0.25,2,10,0.13732864846670068,0.22944289609618373,0.15436871753613324,0.4452157298458051,0.3047441918528658,,,2.81
rem:raw_pca+std+m1.2,fakeddit@r0.25,0,10,0.12395327128025359,0.2338349478890398,0.17299127454633356,0.40616824031391924,0.3010628057352226,,,3.19
rem:raw_pca+std+m1.2,fakeddit@r0.25,2,10,0.1374020151654575,0.24795441049141875,0.16517632251859116,0.4451196890394153,0.3044279992382727,,,2.58
rem:raw_pca+std+m1.2,fakeddit@r0.25,1,10,0.13139744817687804,0.23314282948510945,0.17459437938015698,0.4064518033072438,0.32580809038964176,,,3.0
rem:m1.2,fakeddit@r0.5,0,10,0.04947676101548873,0.056565787561973946,0.056565787561973946,0.1895918647701315,0.16400732605953317,,,2.5
rem:m1.2,fakeddit@r0.5,1,10,0.033453087682772054,0.04920850557212819,0.04920850557212819,0.1890281315453712,0.18054259602627543,,,2.44
rem:m1.2,fakeddit@r0.5,2,10,0.04006485010695419,0.0424720336854405,0.0424720336854405,0.16135034468262785,0.14727966605465612,,,2.44
rem:raw_pca+m1.2,fakeddit@r0.5,0,10,0.055873765199834925,0.09544098201419815,0.09544098201419815,0.3519880114850636,0.18352933345121394,,,2.66
rem:raw_pca+m1.2,fakeddit@r0.5,1,10,0.06571667307055018,0.11167548746601852,0.11167548746601852,0.35723751289635636,0.18682961767823272,,,2.64
rem:raw_pca+std+m1.2,fakeddit@r0.5,0,10,0.05578150559081238,0.09538493267749315,0.09538493267749315,0.3515109841608224,0.18345271303290786,,,2.53
rem:raw_pca+m1.2,fakeddit@r0.5,2,10,0.05540677145800387,0.08643163133435283,0.08643163133435283,0.3642483090089772,0.18721314430868063,,,2.67
rem:raw_pca+std+m1.2,fakeddit@r0.5,2,10,0.05521441391018036,0.09184461284448187,0.09184461284448187,0.36323483793275796,0.18203977913176358,,,2.61
rem:raw_pca+std+m1.2,fakeddit@r0.5,1,10,0.0655811789134481,0.10399164501389879,0.10399164501389879,0.3573593239048276,0.18741081827151604,,,3.03
rem:m1.2,fakeddit@r1.0,0,10,0.008485794553902005,0.056413817599184846,0.056413817599184846,0.13374723002149008,0.11127170172286634,,,2.52
rem:m1.2,fakeddit@r1.0,1,10,0.011872383406660705,0.05122259950852781,0.05122259950852781,0.1021393278810893,0.1071475850039452,,,2.59
rem:m1.2,fakeddit@r1.0,2,10,0.006995489424265716,0.03523502480204965,0.03523502480204965,0.11413190093314138,0.11239275900339504,,,2.5
rem:raw_pca+m1.2,fakeddit@r1.0,0,10,0.0030349070584110628,0.0864849539061765,0.0864849539061765,0.3196733893771545,0.17720241861152786,,,2.55
rem:raw_pca+m1.2,fakeddit@r1.0,1,10,0.0022250571363042803,0.08687242892960256,0.08687242892960256,0.3236831846841444,0.17618866438572114,,,2.41
rem:raw_pca+m1.2,fakeddit@r1.0,2,10,0.0013130290995619898,0.08262000086257948,0.08262000086257948,0.3295293647270246,0.17446110476703852,,,2.41
rem:raw_pca+std+m1.2,fakeddit@r1.0,0,10,0.00321378736502769,0.08667382743647079,0.08667382743647079,0.31972449684960325,0.17723863916773647,,,2.45
rem:raw_pca+std+m1.2,fakeddit@r1.0,1,10,0.0022250571363042803,0.08687242892960256,0.08687242892960256,0.3236831846841444,0.17618866438572114,,,2.33
rem:m1.2,crisismmd,0,7,0.3714915802528131,0.5719958489755897,0.5324289748498389,0.7263752614510165,0.6263063651124648,,,0.88
rem:m1.2,crisismmd,1,7,0.3644894987394739,0.5506819274100381,0.5343680597951801,0.7131750685274159,0.6149051371143522,,,0.95
rem:m1.2,crisismmd,2,7,0.3750542886609213,0.5629668220506421,0.5195839735350491,0.7030078310794915,0.6376535301595447,,,1.02
rem:raw_pca+m1.2,crisismmd,0,7,0.3788104092485412,0.5884826028181293,0.5413259961078741,0.7211482759414152,0.6107014450044945,,,0.94
rem:raw_pca+std+m1.2,fakeddit@r1.0,2,10,0.0012973310547047105,0.07788254313901266,0.07788254313901266,0.3303861732579939,0.1779975359286545,,,2.02
rem:raw_pca+m1.2,crisismmd,1,7,0.37868985610225886,0.5899461386672519,0.5438740226804666,0.7240887778920495,0.6089294007774174,,,1.05
rem:raw_pca+std+m1.2,crisismmd,0,7,0.3788104092485412,0.5884826028181293,0.5413259961078741,0.7211482759414152,0.6107014450044945,,,0.86
rem:raw_pca+m1.2,crisismmd,2,7,0.3813534886423791,0.5878780492071797,0.5412536624056596,0.7209182930119816,0.6083015981427017,,,1.01
rem:raw_pca+std+m1.2,crisismmd,1,7,0.37868985610225886,0.590204582873263,0.5438740226804666,0.7240887778920495,0.6094094402184959,,,1.02
rem:raw_pca+std+m1.2,crisismmd,2,7,0.3816746917590137,0.5895521575729216,0.5440305686631519,0.7242346799435836,0.6086052992323897,,,0.97
rem:m1.2,fakeddit,1,10,0.2941918368190173,0.5443623017454058,0.5414157385343553,0.5729207588981653,0.575722954402504,,,2.3
rem:m1.2,fakeddit,2,10,0.30681724775725205,0.6752449276068699,0.6597266465834155,0.6434016712072971,0.6873690282816078,,,2.36
rem:m1.2,fakeddit,0,10,0.2755947075958013,0.6033403478253354,0.5819672609651954,0.6556745718741819,0.6554406343090604,,,2.84
rem:raw_pca+m1.2,fakeddit,0,10,0.34846564701634564,0.813566225420853,0.7776461776202925,0.7494471446067813,0.8452510027903998,,,2.64
rem:raw_pca+m1.2,fakeddit,1,10,0.3947734543432069,0.7802336880730975,0.7963716801328922,0.9215654604369379,0.842875779811967,,,2.38
rem:raw_pca+m1.2,fakeddit,2,10,0.31353499803832874,0.6689174268180038,0.6485913529377055,0.642999520626007,0.6996246714736152,,,2.47
rem:raw_pca+std+m1.2,fakeddit,0,10,0.34898869884060696,0.8137174636453656,0.7815845468205382,0.7502432863475746,0.8452510027903998,,,2.36
rem:raw_pca+std+m1.2,fakeddit,1,10,0.3947734543432069,0.7806211492984501,0.7963716801328922,0.9215654604369379,0.8429511046503325,,,2.41
rem:raw_pca+std+m1.2,fakeddit,2,10,0.3133333651004297,0.6691304480800437,0.6479991520971023,0.6430760678718128,0.6994027033137569,,,2.8
rem:m1.2,fakeddit_real_full,0,9,0.5063905054546027,0.014293810337076107,0.01385678032976867,0.06745923404768717,0.2504033408822284,,,3.94
rem:m1.2,fakeddit_real_full,1,9,0.5078058498589545,0.04431774419603418,0.047557637983898005,0.04152305318198193,0.21700974625430824,,,4.09
rem:m1.2,fakeddit_real_full,2,9,0.3814537025284836,0.017915383629748205,0.016442553459328657,0.04905856260802917,0.22857675864944246,,,3.84
rem:raw_pca+m1.2,fakeddit_real_full,0,9,0.6495179387616542,0.14406001049592676,0.1346624916460648,0.13880958332235194,0.3467349921840241,,,3.84
rem:raw_pca+m1.2,fakeddit_real_full,1,9,0.6114087180382334,0.1010843540715467,0.10163642241313409,0.10515666697270165,0.3090456465961212,,,4.11
rem:raw_pca+m1.2,fakeddit_real_full,2,9,0.4198742642169292,0.04128791522576125,0.030703543898884855,0.08377671465829356,0.3044004998869456,,,3.95
rem:raw_pca+std+m1.2,fakeddit_real_full,0,9,0.6610742179079108,0.04437501716719727,0.05637272019365658,0.14127467785046077,0.3123771871959871,,,4.03
rem:m1.2,fakeddit_real_lcc,0,6,0.7546447040551129,0.19585250457433867,0.24251279941965476,0.15150654328751864,0.36553355773671187,,,0.56
rem:m1.2,fakeddit_real_lcc,1,6,0.7353823545313423,0.2397492389692879,0.2577632073261329,0.19574628655762497,0.4100783987708538,,,0.58
rem:m1.2,fakeddit_real_lcc,2,6,0.7625084326712175,0.21956635650289402,0.22312566176812543,0.06393539803018572,0.38735768266948356,,,0.62
rem:raw_pca+std+m1.2,fakeddit_real_full,1,9,0.6315069211170149,0.0496543221675525,0.026068345465195986,0.09841743609176182,0.26235649042442394,,,3.59
rem:raw_pca+m1.2,fakeddit_real_lcc,0,6,0.7643460638729365,0.2614434862177102,0.2799436111957292,0.19941089422037084,0.4470200819810248,,,0.67
rem:raw_pca+m1.2,fakeddit_real_lcc,1,6,0.7649346529266492,0.25826751210867793,0.2792289652710286,0.20082803210804406,0.4448600432136088,,,0.61
rem:raw_pca+std+m1.2,fakeddit_real_lcc,0,6,0.7615735005667331,0.26181931546496695,0.27627482167200657,0.20239363701507052,0.44505931246941605,,,0.55
rem:raw_pca+m1.2,fakeddit_real_lcc,2,6,0.7572088284137276,0.22231398042751305,0.22012237683192226,0.06709454138185576,0.3921601145497326,,,0.67
rem:raw_pca+std+m1.2,fakeddit_real_lcc,1,6,0.7657382569511334,0.2353409613493419,0.2785925025349285,0.20227168255543795,0.4422438954361707,,,0.59
rem:raw_pca+std+m1.2,fakeddit_real_lcc,2,6,0.7633732671668805,0.22102658002038833,0.22406517707242246,0.06621527546547509,0.3892605375600004,,,0.7
rem:raw_pca+std+m1.2,fakeddit_real_full,2,9,0.5879447011373506,0.03480504542195395,0.06431042406332643,0.18473561074679182,0.29198036702560043,,,3.39
rem:raw_pca+m1.2,pheme,0,9,0.8682823879164933,0.0,0.0,0.11658914342629483,0.24403567183897923,,,0.36
rem:raw_pca+m1.2,pheme,1,9,0.8645730466137214,0.0,0.0,0.09389712870413594,0.2308813608657527,,,0.45
rem:m1.2,pheme,0,9,0.8738967055254492,0.0,0.0,0.11566474198553969,0.244892062802347,,,2.09
rem:raw_pca+m1.2,pheme,2,9,0.8771341178261702,0.013772235389428955,0.0,0.10488509569830679,0.2513349051664694,,,0.48
rem:raw_pca+std+m1.2,pheme,0,9,0.8694264358723871,0.0,0.0,0.1167063481809437,0.24465778071556418,,,0.36
rem:raw_pca+std+m1.2,pheme,1,9,0.8645730466137214,0.0,0.0,0.09389712870413594,0.23067876579172308,,,0.44
rem:m1.2,dblp,0,8,0.8476222480497352,0.6747589549181847,0.6706127486771356,0.7739585671096472,0.7336848796640583,,,0.08
rem:m1.2,dblp,1,8,0.8476222480497352,0.6747589549181847,0.6706127486771356,0.7739585671096472,0.7336848796640583,,,0.11
rem:m1.2,dblp,2,8,0.8316578779927107,0.580829091827785,0.589768578412952,0.6549019353828266,0.6842486186638308,,,0.09
rem:raw_pca+m1.2,dblp,0,8,0.8476222480497352,0.6747589549181847,0.6706127486771356,0.7739585671096472,0.7336848796640583,,,0.08
rem:raw_pca+std+m1.2,pheme,2,9,0.8771341178261702,0.013772235389428955,0.0,0.10488509569830679,0.2513941811624804,,,0.61
rem:raw_pca+m1.2,dblp,1,8,0.8476222480497352,0.6747589549181847,0.6706127486771356,0.7739585671096472,0.7336848796640583,,,0.09
rem:raw_pca+std+m1.2,dblp,0,8,0.8476222480497352,0.6747589549181847,0.6706127486771356,0.7739585671096472,0.7336848796640583,,,0.08
rem:raw_pca+m1.2,dblp,2,8,0.8316578779927107,0.580829091827785,0.589768578412952,0.6549019353828266,0.6842486186638308,,,0.11
rem:raw_pca+std+m1.2,dblp,1,8,0.8476222480497352,0.6747589549181847,0.6706127486771356,0.7739585671096472,0.7336848796640583,,,0.09
rem:raw_pca+std+m1.2,dblp,2,8,0.8316578779927107,0.580829091827785,0.589768578412952,0.6549019353828266,0.6842486186638308,,,0.09
rem:m1.2,amazon,0,4,0.7180900723208414,0.535887821000959,0.5300285895686356,0.8093321956199417,0.7513584402324021,,,0.01
rem:m1.2,amazon,2,4,0.7021729125575279,0.4745067193291904,0.4644933490405937,0.7542794462058152,0.7222430977112624,,,0.03
rem:m1.2,amazon,1,4,0.7180900723208414,0.535887821000959,0.5300285895686356,0.8093321956199417,0.7513584402324021,,,0.05
rem:raw_pca+m1.2,amazon,0,4,0.7180900723208414,0.535887821000959,0.5300285895686356,0.8093321956199417,0.7513584402324021,,,0.02
rem:raw_pca+m1.2,amazon,1,4,0.7180900723208414,0.535887821000959,0.5300285895686356,0.8093321956199417,0.7513584402324021,,,0.02
rem:raw_pca+m1.2,amazon,2,4,0.7021729125575279,0.4745067193291904,0.4644933490405937,0.7542794462058152,0.7222430977112624,,,0.02
rem:raw_pca+std+m1.2,amazon,1,4,0.7180900723208414,0.535887821000959,0.5300285895686356,0.8093321956199417,0.7513584402324021,,,0.02
rem:raw_pca+std+m1.2,amazon,0,4,0.7180900723208414,0.535887821000959,0.5300285895686356,0.8093321956199417,0.7513584402324021,,,0.03
rem:raw_pca+std+m1.2,amazon,2,4,0.7021729125575279,0.4745067193291904,0.4644933490405937,0.7542794462058152,0.7222430977112624,,,0.02
rem:m1.2,pheme,2,9,0.8793817921854222,0.012546497684847724,0.0,0.10464265177488467,0.2494193273775462,,,2.89
rem:m1.2,pheme,1,9,0.8584900455288305,0.01185108396776724,0.012629759833628906,0.107409887941409,0.25245677131685296,,,4.3
