exp,dataset,variant,seed,cond,metric,value
E2,crisismmd,default,0,all,recon_maxabs,4.440892098500626e-16
E2,crisismmd,default,0,all,n_with_content,800
E2,crisismmd,default,0,all,n_nodes,800
E2,crisismmd,default,0,all,flip_content_mean,0.09375
E2,crisismmd,default,0,all,flip_structure_mean,0.74625
E2,crisismmd,default,0,all,spearman_alpha_delta_mean,0.5366247369136514
E2,crisismmd,default,0,all,spearman_alpha_delta,0.5472533550833674
E2,crisismmd,default,0,all,spearman_posthoc_delta,-0.17267764480882003
E2,crisismmd,default,0,all,spearman_normshare_delta,0.5517117839246625
E2,crisismmd,default,0,all,spearman_alpha_tvc,0.28258002746879296
E2,crisismmd,default,0,all,spearman_alpha_tvs,-0.5685808571575894
E2,crisismmd,default,0,all,mean_tv_content,0.31596515094824257
E2,crisismmd,default,0,all,mean_tv_structure,0.21353452024444933
E2,crisismmd,default,0,all,flip_content,0.08125
E2,crisismmd,default,0,all,flip_structure,0.75
E2,crisismmd,default,0,all,alpha_std,0.09507136611345839
E2,crisismmd,default,0,all,flip_content_T1,0.0299625468164794
E2,crisismmd,default,0,all,flip_structure_T1,0.8689138576779026
E2,crisismmd,default,0,all,alpha_mean_T1,0.49629329062108135
E2,crisismmd,default,0,all,flip_content_T2,0.10112359550561797
E2,crisismmd,default,0,all,flip_structure_T2,0.7078651685393258
E2,crisismmd,default,0,all,alpha_mean_T2,0.6358916106593805
E2,crisismmd,default,0,all,flip_content_T3,0.11278195488721804
E2,crisismmd,default,0,all,flip_structure_T3,0.6729323308270677
E2,crisismmd,default,0,all,alpha_mean_T3,0.6685782140691493
E1,crisismmd,default,0,rules,n_rules,5.0
E1,crisismmd,default,0,rules,fidelity,0.3
E1,crisismmd,default,0,rules,coverage,1.0
E1,crisismmd,default,0,rules,majority_covered,0.25875
E1,crisismmd,default,0,rules,majority_all,0.25875
E1,crisismmd,default,0,rules,lift_pts,0.04125000000000001
E1,crisismmd,default,0,tree_A_L2,fit_acc,0.27625
E1,crisismmd,default,0,tree_A_L2,cv_acc,0.24375
E1,crisismmd,default,0,tree_A_L3,fit_acc,0.27625
E1,crisismmd,default,0,tree_A_L3,cv_acc,0.24124999999999996
E1,crisismmd,default,0,tree_A_L4,fit_acc,0.2825
E1,crisismmd,default,0,tree_A_L4,cv_acc,0.2425
E1,crisismmd,default,0,tree_A_L6,fit_acc,0.2925
E1,crisismmd,default,0,tree_A_L6,cv_acc,0.2475
E1,crisismmd,default,0,tree_A_L8,fit_acc,0.29875
E1,crisismmd,default,0,tree_A_L8,cv_acc,0.24625
E1,crisismmd,default,0,tree_A_L12,fit_acc,0.31125
E1,crisismmd,default,0,tree_A_L12,cv_acc,0.24
E1,crisismmd,default,0,tree_A_L16,fit_acc,0.3225
E1,crisismmd,default,0,tree_A_L16,cv_acc,0.24625
E1,crisismmd,default,0,tree_A_L24,fit_acc,0.34
E1,crisismmd,default,0,tree_A_L24,cv_acc,0.22875
E1,crisismmd,default,0,tree_A_L32,fit_acc,0.36
E1,crisismmd,default,0,tree_A_L32,cv_acc,0.22749999999999998
E1,crisismmd,default,0,tree_B_L2,fit_acc,0.5
E1,crisismmd,default,0,tree_B_L2,cv_acc,0.47625
E1,crisismmd,default,0,tree_B_L3,fit_acc,0.73875
E1,crisismmd,default,0,tree_B_L3,cv_acc,0.7375
E1,crisismmd,default,0,tree_B_L4,fit_acc,0.84625
E1,crisismmd,default,0,tree_B_L4,cv_acc,0.845
E1,crisismmd,default,0,tree_B_L6,fit_acc,0.94125
E1,crisismmd,default,0,tree_B_L6,cv_acc,0.9325000000000001
E1,crisismmd,default,0,tree_B_L8,fit_acc,0.95
E1,crisismmd,default,0,tree_B_L8,cv_acc,0.9324999999999999
E1,crisismmd,default,0,tree_B_L12,fit_acc,0.96125
E1,crisismmd,default,0,tree_B_L12,cv_acc,0.93625
E1,crisismmd,default,0,tree_B_L16,fit_acc,0.96625
E1,crisismmd,default,0,tree_B_L16,cv_acc,0.93625
E1,crisismmd,default,0,tree_B_L24,fit_acc,0.97625
E1,crisismmd,default,0,tree_B_L24,cv_acc,0.9337500000000001
E1,crisismmd,default,0,tree_B_L32,fit_acc,0.985
E1,crisismmd,default,0,tree_B_L32,cv_acc,0.9299999999999999
E1,crisismmd,default,0,tree_C_L2,fit_acc,0.5
E1,crisismmd,default,0,tree_C_L2,cv_acc,0.47625
E1,crisismmd,default,0,tree_C_L3,fit_acc,0.73875
E1,crisismmd,default,0,tree_C_L3,cv_acc,0.7375
E1,crisismmd,default,0,tree_C_L4,fit_acc,0.84625
E1,crisismmd,default,0,tree_C_L4,cv_acc,0.845
E1,crisismmd,default,0,tree_C_L6,fit_acc,0.94125
E1,crisismmd,default,0,tree_C_L6,cv_acc,0.9325000000000001
E1,crisismmd,default,0,tree_C_L8,fit_acc,0.95
E1,crisismmd,default,0,tree_C_L8,cv_acc,0.9324999999999999
E1,crisismmd,default,0,tree_C_L12,fit_acc,0.96125
E1,crisismmd,default,0,tree_C_L12,cv_acc,0.93625
E1,crisismmd,default,0,tree_C_L16,fit_acc,0.96625
E1,crisismmd,default,0,tree_C_L16,cv_acc,0.93625
E1,crisismmd,default,0,tree_C_L24,fit_acc,0.97625
E1,crisismmd,default,0,tree_C_L24,cv_acc,0.9349999999999999
E1,crisismmd,default,0,tree_C_L32,fit_acc,0.98375
E1,crisismmd,default,0,tree_C_L32,cv_acc,0.9299999999999999
E1,crisismmd,default,0,tree,majority_all,0.25875
_,crisismmd,default,0,core|crisismmd|default|0,_done,2.72
E2,crisismmd,default,2,all,recon_maxabs,5.551115123125783e-16
E2,crisismmd,default,2,all,n_with_content,800
E2,crisismmd,default,2,all,n_nodes,800
E2,crisismmd,default,2,all,flip_content_mean,0.11125
E2,crisismmd,default,2,all,flip_structure_mean,0.725
E2,crisismmd,default,2,all,spearman_alpha_delta_mean,0.5015590883735755
E2,crisismmd,default,2,all,spearman_alpha_delta,0.5140851626330667
E2,crisismmd,default,2,all,spearman_posthoc_delta,-0.1817954324928633
E2,crisismmd,default,2,all,spearman_normshare_delta,0.5163847131011142
E2,crisismmd,default,2,all,spearman_alpha_tvc,0.2541110376734964
E2,crisismmd,default,2,all,spearman_alpha_tvs,-0.5774948788982484
E2,crisismmd,default,2,all,mean_tv_content,0.3085351969195205
E2,crisismmd,default,2,all,mean_tv_structure,0.2208298707077467
E2,crisismmd,default,2,all,flip_content,0.10625
E2,crisismmd,default,2,all,flip_structure,0.72625
E2,crisismmd,default,2,all,alpha_std,0.09373389219737364
E2,crisismmd,default,2,all,flip_content_T1,0.03745318352059925
E2,crisismmd,default,2,all,flip_structure_T1,0.846441947565543
E2,crisismmd,default,2,all,alpha_mean_T1,0.49708294522290836
E2,crisismmd,default,2,all,flip_content_T2,0.13857677902621723
E2,crisismmd,default,2,all,flip_structure_T2,0.6928838951310862
E2,crisismmd,default,2,all,alpha_mean_T2,0.6372262268322993
E2,crisismmd,default,2,all,flip_content_T3,0.14285714285714285
E2,crisismmd,default,2,all,flip_structure_T3,0.6390977443609023
E2,crisismmd,default,2,all,alpha_mean_T3,0.6688962309559988
E1,crisismmd,default,2,rules,n_rules,5.0
E1,crisismmd,default,2,rules,fidelity,0.2725
E1,crisismmd,default,2,rules,coverage,1.0
E1,crisismmd,default,2,rules,majority_covered,0.25875
E1,crisismmd,default,2,rules,majority_all,0.25875
E1,crisismmd,default,2,rules,lift_pts,0.01375000000000004
E1,crisismmd,default,2,tree_A_L2,fit_acc,0.265
E1,crisismmd,default,2,tree_A_L2,cv_acc,0.23999999999999994
E1,crisismmd,default,2,tree_A_L3,fit_acc,0.26875
E1,crisismmd,default,2,tree_A_L3,cv_acc,0.23500000000000001
E1,crisismmd,default,2,tree_A_L4,fit_acc,0.2775
E1,crisismmd,default,2,tree_A_L4,cv_acc,0.24749999999999997
E1,crisismmd,default,2,tree_A_L6,fit_acc,0.28375
E1,crisismmd,default,2,tree_A_L6,cv_acc,0.24874999999999997
E1,crisismmd,default,2,tree_A_L8,fit_acc,0.3025
E1,crisismmd,default,2,tree_A_L8,cv_acc,0.24
E1,crisismmd,default,2,tree_A_L12,fit_acc,0.32
E1,crisismmd,default,2,tree_A_L12,cv_acc,0.24
E1,crisismmd,default,2,tree_A_L16,fit_acc,0.3375
E1,crisismmd,default,2,tree_A_L16,cv_acc,0.2375
E1,crisismmd,default,2,tree_A_L24,fit_acc,0.36125
E1,crisismmd,default,2,tree_A_L24,cv_acc,0.25875000000000004
E1,crisismmd,default,2,tree_A_L32,fit_acc,0.375
E1,crisismmd,default,2,tree_A_L32,cv_acc,0.26625
E1,crisismmd,default,2,tree_B_L2,fit_acc,0.49875
E1,crisismmd,default,2,tree_B_L2,cv_acc,0.46624999999999994
E1,crisismmd,default,2,tree_B_L3,fit_acc,0.73625
E1,crisismmd,default,2,tree_B_L3,cv_acc,0.73625
E1,crisismmd,default,2,tree_B_L4,fit_acc,0.84375
E1,crisismmd,default,2,tree_B_L4,cv_acc,0.8425
E1,crisismmd,default,2,tree_B_L6,fit_acc,0.91875
E1,crisismmd,default,2,tree_B_L6,cv_acc,0.8949999999999999
E1,crisismmd,default,2,tree_B_L8,fit_acc,0.92625
E1,crisismmd,default,2,tree_B_L8,cv_acc,0.9025000000000001
E1,crisismmd,default,2,tree_B_L12,fit_acc,0.9375
E1,crisismmd,default,2,tree_B_L12,cv_acc,0.9
E1,crisismmd,default,2,tree_B_L16,fit_acc,0.94625
E1,crisismmd,default,2,tree_B_L16,cv_acc,0.8975000000000002
E1,crisismmd,default,2,tree_B_L24,fit_acc,0.9575
E1,crisismmd,default,2,tree_B_L24,cv_acc,0.8975
E1,crisismmd,default,2,tree_B_L32,fit_acc,0.96625
E1,crisismmd,default,2,tree_B_L32,cv_acc,0.8937500000000002
E1,crisismmd,default,2,tree_C_L2,fit_acc,0.49875
E1,crisismmd,default,2,tree_C_L2,cv_acc,0.46624999999999994
E1,crisismmd,default,2,tree_C_L3,fit_acc,0.73625
E1,crisismmd,default,2,tree_C_L3,cv_acc,0.73625
E1,crisismmd,default,2,tree_C_L4,fit_acc,0.84375
E1,crisismmd,default,2,tree_C_L4,cv_acc,0.8425
E1,crisismmd,default,2,tree_C_L6,fit_acc,0.91875
E1,crisismmd,default,2,tree_C_L6,cv_acc,0.8949999999999999
E1,crisismmd,default,2,tree_C_L8,fit_acc,0.92625
E1,crisismmd,default,2,tree_C_L8,cv_acc,0.9012499999999999
E1,crisismmd,default,2,tree_C_L12,fit_acc,0.9375
E1,crisismmd,default,2,tree_C_L12,cv_acc,0.8987499999999999
E1,crisismmd,default,2,tree_C_L16,fit_acc,0.94375
E1,crisismmd,default,2,tree_C_L16,cv_acc,0.89375
E1,crisismmd,default,2,tree_C_L24,fit_acc,0.955
E1,crisismmd,default,2,tree_C_L24,cv_acc,0.9037499999999999
E1,crisismmd,default,2,tree_C_L32,fit_acc,0.96625
E1,crisismmd,default,2,tree_C_L32,cv_acc,0.9
E1,crisismmd,default,2,tree,majority_all,0.25875
_,crisismmd,default,2,core|crisismmd|default|2,_done,2.76
E2,crisismmd,default,3,all,recon_maxabs,5.551115123125783e-16
E2,crisismmd,default,3,all,n_with_content,800
E2,crisismmd,default,3,all,n_nodes,800
E2,crisismmd,default,3,all,flip_content_mean,0.09625
E2,crisismmd,default,3,all,flip_structure_mean,0.74625
E2,crisismmd,default,3,all,spearman_alpha_delta_mean,0.5064994164053382
E2,crisismmd,default,3,all,spearman_alpha_delta,0.5149438670997925
E2,crisismmd,default,3,all,spearman_posthoc_delta,-0.19695000304687976
E2,crisismmd,default,3,all,spearman_normshare_delta,0.5199045623508788
E2,crisismmd,default,3,all,spearman_alpha_tvc,0.2693457646027572
E2,crisismmd,default,3,all,spearman_alpha_tvs,-0.5578351919299874
E2,crisismmd,default,3,all,mean_tv_content,0.2936748723913849
E2,crisismmd,default,3,all,mean_tv_structure,0.2186862086959544
E2,crisismmd,default,3,all,flip_content,0.0925
E2,crisismmd,default,3,all,flip_structure,0.74625
E2,crisismmd,default,3,all,alpha_std,0.09326019067451247
E2,crisismmd,default,3,all,flip_content_T1,0.04119850187265917
E2,crisismmd,default,3,all,flip_structure_T1,0.846441947565543
E2,crisismmd,default,3,all,alpha_mean_T1,0.5003920671398333
E2,crisismmd,default,3,all,flip_content_T2,0.09363295880149813
E2,crisismmd,default,3,all,flip_structure_T2,0.7228464419475655
E2,crisismmd,default,3,all,alpha_mean_T2,0.6361856634953265
E2,crisismmd,default,3,all,flip_content_T3,0.14285714285714285
E2,crisismmd,default,3,all,flip_structure_T3,0.6691729323308271
E2,crisismmd,default,3,all,alpha_mean_T3,0.6683963643764861
E1,crisismmd,default,3,rules,n_rules,5.0
E1,crisismmd,default,3,rules,fidelity,0.29
E1,crisismmd,default,3,rules,coverage,1.0
E1,crisismmd,default,3,rules,majority_covered,0.26
E1,crisismmd,default,3,rules,majority_all,0.26
E1,crisismmd,default,3,rules,lift_pts,0.02999999999999997
E1,crisismmd,default,3,tree_A_L2,fit_acc,0.2775
E1,crisismmd,default,3,tree_A_L2,cv_acc,0.26625
E1,crisismmd,default,3,tree_A_L3,fit_acc,0.295
E1,crisismmd,default,3,tree_A_L3,cv_acc,0.2625
E1,crisismmd,default,3,tree_A_L4,fit_acc,0.295
E1,crisismmd,default,3,tree_A_L4,cv_acc,0.25
E1,crisismmd,default,3,tree_A_L6,fit_acc,0.2975
E1,crisismmd,default,3,tree_A_L6,cv_acc,0.25625
E1,crisismmd,default,3,tree_A_L8,fit_acc,0.315
E1,crisismmd,default,3,tree_A_L8,cv_acc,0.25875
E1,crisismmd,default,3,tree_A_L12,fit_acc,0.3225
E1,crisismmd,default,3,tree_A_L12,cv_acc,0.24125000000000002
E1,crisismmd,default,3,tree_A_L16,fit_acc,0.34125
E1,crisismmd,default,3,tree_A_L16,cv_acc,0.24625
E1,crisismmd,default,3,tree_A_L24,fit_acc,0.3575
E1,crisismmd,default,3,tree_A_L24,cv_acc,0.24874999999999997
E1,crisismmd,default,3,tree_A_L32,fit_acc,0.37125
E1,crisismmd,default,3,tree_A_L32,cv_acc,0.24749999999999997
E1,crisismmd,default,3,tree_B_L2,fit_acc,0.50125
E1,crisismmd,default,3,tree_B_L2,cv_acc,0.48125
E1,crisismmd,default,3,tree_B_L3,fit_acc,0.73875
E1,crisismmd,default,3,tree_B_L3,cv_acc,0.7375
E1,crisismmd,default,3,tree_B_L4,fit_acc,0.84625
E1,crisismmd,default,3,tree_B_L4,cv_acc,0.845
E1,crisismmd,default,3,tree_B_L6,fit_acc,0.905
E1,crisismmd,default,3,tree_B_L6,cv_acc,0.89375
E1,crisismmd,default,3,tree_B_L8,fit_acc,0.925
E1,crisismmd,default,3,tree_B_L8,cv_acc,0.8975
E1,crisismmd,default,3,tree_B_L12,fit_acc,0.93625
E1,crisismmd,default,3,tree_B_L12,cv_acc,0.9024999999999999
E1,crisismmd,default,3,tree_B_L16,fit_acc,0.9425
E1,crisismmd,default,3,tree_B_L16,cv_acc,0.8987499999999999
E1,crisismmd,default,3,tree_B_L24,fit_acc,0.95875
E1,crisismmd,default,3,tree_B_L24,cv_acc,0.9049999999999999
E1,crisismmd,default,3,tree_B_L32,fit_acc,0.9675
E1,crisismmd,default,3,tree_B_L32,cv_acc,0.9
E1,crisismmd,default,3,tree_C_L2,fit_acc,0.50125
E1,crisismmd,default,3,tree_C_L2,cv_acc,0.48125
E1,crisismmd,default,3,tree_C_L3,fit_acc,0.73875
E1,crisismmd,default,3,tree_C_L3,cv_acc,0.7375
E1,crisismmd,default,3,tree_C_L4,fit_acc,0.84625
E1,crisismmd,default,3,tree_C_L4,cv_acc,0.845
E1,crisismmd,default,3,tree_C_L6,fit_acc,0.905
E1,crisismmd,default,3,tree_C_L6,cv_acc,0.89375
E1,crisismmd,default,3,tree_C_L8,fit_acc,0.925
E1,crisismmd,default,3,tree_C_L8,cv_acc,0.89625
E1,crisismmd,default,3,tree_C_L12,fit_acc,0.93625
E1,crisismmd,default,3,tree_C_L12,cv_acc,0.9037499999999999
E1,crisismmd,default,3,tree_C_L16,fit_acc,0.945
E1,crisismmd,default,3,tree_C_L16,cv_acc,0.905
E1,crisismmd,default,3,tree_C_L24,fit_acc,0.955
E1,crisismmd,default,3,tree_C_L24,cv_acc,0.90625
E1,crisismmd,default,3,tree_C_L32,fit_acc,0.965
E1,crisismmd,default,3,tree_C_L32,cv_acc,0.9037499999999999
E1,crisismmd,default,3,tree,majority_all,0.26
_,crisismmd,default,3,core|crisismmd|default|3,_done,2.78
E2,crisismmd,default,1,all,recon_maxabs,4.440892098500626e-16
E2,crisismmd,default,1,all,n_with_content,800
E2,crisismmd,default,1,all,n_nodes,800
E2,crisismmd,default,1,all,flip_content_mean,0.035
E2,crisismmd,default,1,all,flip_structure_mean,0.5375
E2,crisismmd,default,1,all,spearman_alpha_delta_mean,0.48064544632100986
E2,crisismmd,default,1,all,spearman_alpha_delta,0.48557642277566065
E2,crisismmd,default,1,all,spearman_posthoc_delta,-0.28425051445392885
E2,crisismmd,default,1,all,spearman_normshare_delta,0.48972641363502134
E2,crisismmd,default,1,all,spearman_alpha_tvc,0.145536555525868
E2,crisismmd,default,1,all,spearman_alpha_tvs,-0.31641262720723007
E2,crisismmd,default,1,all,mean_tv_content,0.1881420861597265
E2,crisismmd,default,1,all,mean_tv_structure,0.12403069737288376
E2,crisismmd,default,1,all,flip_content,0.03125
E2,crisismmd,default,1,all,flip_structure,0.54125
E2,crisismmd,default,1,all,alpha_std,0.09079683893403415
E2,crisismmd,default,1,all,flip_content_T1,0.02247191011235955
E2,crisismmd,default,1,all,flip_structure_T1,0.6554307116104869
E2,crisismmd,default,1,all,alpha_mean_T1,0.504212211892214
E2,crisismmd,default,1,all,flip_content_T2,0.033707865168539325
E2,crisismmd,default,1,all,flip_structure_T2,0.4868913857677903
E2,crisismmd,default,1,all,alpha_mean_T2,0.6366272022131488
E2,crisismmd,default,1,all,flip_content_T3,0.03759398496240601
E2,crisismmd,default,1,all,flip_structure_T3,0.48120300751879697
E2,crisismmd,default,1,all,alpha_mean_T3,0.6683934423990675
E1,crisismmd,default,1,rules,n_rules,5.0
E1,crisismmd,default,1,rules,fidelity,0.315
E1,crisismmd,default,1,rules,coverage,1.0
E1,crisismmd,default,1,rules,majority_covered,0.26
E1,crisismmd,default,1,rules,majority_all,0.26
E1,crisismmd,default,1,rules,lift_pts,0.05499999999999999
E1,crisismmd,default,1,tree_A_L2,fit_acc,0.32875
E1,crisismmd,default,1,tree_A_L2,cv_acc,0.3275
E1,crisismmd,default,1,tree_A_L3,fit_acc,0.32875
E1,crisismmd,default,1,tree_A_L3,cv_acc,0.31625000000000003
E1,crisismmd,default,1,tree_A_L4,fit_acc,0.34125
E1,crisismmd,default,1,tree_A_L4,cv_acc,0.32125
E1,crisismmd,default,1,tree_A_L6,fit_acc,0.34875
E1,crisismmd,default,1,tree_A_L6,cv_acc,0.2975
E1,crisismmd,default,1,tree_A_L8,fit_acc,0.34875
E1,crisismmd,default,1,tree_A_L8,cv_acc,0.29375
E1,crisismmd,default,1,tree_A_L12,fit_acc,0.35875
E1,crisismmd,default,1,tree_A_L12,cv_acc,0.29125
E1,crisismmd,default,1,tree_A_L16,fit_acc,0.3775
E1,crisismmd,default,1,tree_A_L16,cv_acc,0.28500000000000003
E1,crisismmd,default,1,tree_A_L24,fit_acc,0.38875
E1,crisismmd,default,1,tree_A_L24,cv_acc,0.27375
E1,crisismmd,default,1,tree_A_L32,fit_acc,0.4075
E1,crisismmd,default,1,tree_A_L32,cv_acc,0.2775
E1,crisismmd,default,1,tree_B_L2,fit_acc,0.51
E1,crisismmd,default,1,tree_B_L2,cv_acc,0.46875
E1,crisismmd,default,1,tree_B_L3,fit_acc,0.75375
E1,crisismmd,default,1,tree_B_L3,cv_acc,0.7462500000000001
E1,crisismmd,default,1,tree_B_L4,fit_acc,0.97125
E1,crisismmd,default,1,tree_B_L4,cv_acc,0.9637500000000001
E1,crisismmd,default,1,tree_B_L6,fit_acc,0.97875
E1,crisismmd,default,1,tree_B_L6,cv_acc,0.9675
E1,crisismmd,default,1,tree_B_L8,fit_acc,0.98
E1,crisismmd,default,1,tree_B_L8,cv_acc,0.9662499999999999
E1,crisismmd,default,1,tree_B_L12,fit_acc,0.98625
E1,crisismmd,default,1,tree_B_L12,cv_acc,0.9650000000000001
E1,crisismmd,default,1,tree_B_L16,fit_acc,0.9875
E1,crisismmd,default,1,tree_B_L16,cv_acc,0.96
E1,crisismmd,default,1,tree_B_L24,fit_acc,0.9925
E1,crisismmd,default,1,tree_B_L24,cv_acc,0.95625
E1,crisismmd,default,1,tree_B_L32,fit_acc,0.9975
E1,crisismmd,default,1,tree_B_L32,cv_acc,0.9550000000000001
E1,crisismmd,default,1,tree_C_L2,fit_acc,0.51
E1,crisismmd,default,1,tree_C_L2,cv_acc,0.46875
E1,crisismmd,default,1,tree_C_L3,fit_acc,0.75375
E1,crisismmd,default,1,tree_C_L3,cv_acc,0.7462500000000001
E1,crisismmd,default,1,tree_C_L4,fit_acc,0.97125
E1,crisismmd,default,1,tree_C_L4,cv_acc,0.9637500000000001
E1,crisismmd,default,1,tree_C_L6,fit_acc,0.97875
E1,crisismmd,default,1,tree_C_L6,cv_acc,0.9675
E1,crisismmd,default,1,tree_C_L8,fit_acc,0.98
E1,crisismmd,default,1,tree_C_L8,cv_acc,0.97
E1,crisismmd,default,1,tree_C_L12,fit_acc,0.985
E1,crisismmd,default,1,tree_C_L12,cv_acc,0.96875
E1,crisismmd,default,1,tree_C_L16,fit_acc,0.9875
E1,crisismmd,default,1,tree_C_L16,cv_acc,0.9662500000000002
E1,crisismmd,default,1,tree_C_L24,fit_acc,0.9925
E1,crisismmd,default,1,tree_C_L24,cv_acc,0.9637500000000001
E1,crisismmd,default,1,tree_C_L32,fit_acc,0.99375
E1,crisismmd,default,1,tree_C_L32,cv_acc,0.9637500000000001
E1,crisismmd,default,1,tree,majority_all,0.26
_,crisismmd,default,1,core|crisismmd|default|1,_done,2.89
E2,crisismmd,default,4,all,recon_maxabs,4.440892098500626e-16
E2,crisismmd,default,4,all,n_with_content,800
E2,crisismmd,default,4,all,n_nodes,800
E2,crisismmd,default,4,all,flip_content_mean,0.03375
E2,crisismmd,default,4,all,flip_structure_mean,0.5525
E2,crisismmd,default,4,all,spearman_alpha_delta_mean,0.496465525727384
E2,crisismmd,default,4,all,spearman_alpha_delta,0.5037062948535858
E2,crisismmd,default,4,all,spearman_posthoc_delta,-0.3079907937356152
E2,crisismmd,default,4,all,spearman_normshare_delta,0.5074714647991638
E2,crisismmd,default,4,all,spearman_alpha_tvc,0.1636124978320279
E2,crisismmd,default,4,all,spearman_alpha_tvs,-0.340271898862342
E2,crisismmd,default,4,all,mean_tv_content,0.2014062374768862
E2,crisismmd,default,4,all,mean_tv_structure,0.12457799336289282
E2,crisismmd,default,4,all,flip_content,0.03625
E2,crisismmd,default,4,all,flip_structure,0.5575
E2,crisismmd,default,4,all,alpha_std,0.09624256629562518
E2,crisismmd,default,4,all,flip_content_T1,0.026217228464419477
E2,crisismmd,default,4,all,flip_structure_T1,0.6591760299625468
E2,crisismmd,default,4,all,alpha_mean_T1,0.49342504631296974
E2,crisismmd,default,4,all,flip_content_T2,0.04119850187265917
E2,crisismmd,default,4,all,flip_structure_T2,0.5131086142322098
E2,crisismmd,default,4,all,alpha_mean_T2,0.6358229731574924
E2,crisismmd,default,4,all,flip_content_T3,0.041353383458646614
E2,crisismmd,default,4,all,flip_structure_T3,0.5
E2,crisismmd,default,4,all,alpha_mean_T3,0.6683478005992176
E1,crisismmd,default,4,rules,n_rules,5.0
E1,crisismmd,default,4,rules,fidelity,0.315
E1,crisismmd,default,4,rules,coverage,1.0
E1,crisismmd,default,4,rules,majority_covered,0.26125
E1,crisismmd,default,4,rules,majority_all,0.26125
E1,crisismmd,default,4,rules,lift_pts,0.05375000000000002
E1,crisismmd,default,4,tree_A_L2,fit_acc,0.32125
E1,crisismmd,default,4,tree_A_L2,cv_acc,0.30374999999999996
E1,crisismmd,default,4,tree_A_L3,fit_acc,0.32875
E1,crisismmd,default,4,tree_A_L3,cv_acc,0.31124999999999997
E1,crisismmd,default,4,tree_A_L4,fit_acc,0.32875
E1,crisismmd,default,4,tree_A_L4,cv_acc,0.29375
E1,crisismmd,default,4,tree_A_L6,fit_acc,0.33375
E1,crisismmd,default,4,tree_A_L6,cv_acc,0.29625
E1,crisismmd,default,4,tree_A_L8,fit_acc,0.35375
E1,crisismmd,default,4,tree_A_L8,cv_acc,0.30375
E1,crisismmd,default,4,tree_A_L12,fit_acc,0.36125
E1,crisismmd,default,4,tree_A_L12,cv_acc,0.31500000000000006
E1,crisismmd,default,4,tree_A_L16,fit_acc,0.37
E1,crisismmd,default,4,tree_A_L16,cv_acc,0.30375
E1,crisismmd,default,4,tree_A_L24,fit_acc,0.3875
E1,crisismmd,default,4,tree_A_L24,cv_acc,0.3037500000000001
E1,crisismmd,default,4,tree_A_L32,fit_acc,0.40875
E1,crisismmd,default,4,tree_A_L32,cv_acc,0.3075
E1,crisismmd,default,4,tree_B_L2,fit_acc,0.51875
E1,crisismmd,default,4,tree_B_L2,cv_acc,0.485
E1,crisismmd,default,4,tree_B_L3,fit_acc,0.76
E1,crisismmd,default,4,tree_B_L3,cv_acc,0.755
E1,crisismmd,default,4,tree_B_L4,fit_acc,0.96875
E1,crisismmd,default,4,tree_B_L4,cv_acc,0.9674999999999999
E1,crisismmd,default,4,tree_B_L6,fit_acc,0.97375
E1,crisismmd,default,4,tree_B_L6,cv_acc,0.96875
E1,crisismmd,default,4,tree_B_L8,fit_acc,0.9775
E1,crisismmd,default,4,tree_B_L8,cv_acc,0.9700000000000001
E1,crisismmd,default,4,tree_B_L12,fit_acc,0.98125
E1,crisismmd,default,4,tree_B_L12,cv_acc,0.9650000000000001
E1,crisismmd,default,4,tree_B_L16,fit_acc,0.98375
E1,crisismmd,default,4,tree_B_L16,cv_acc,0.9637500000000001
E1,crisismmd,default,4,tree_B_L24,fit_acc,0.99
E1,crisismmd,default,4,tree_B_L24,cv_acc,0.95875
E1,crisismmd,default,4,tree_B_L32,fit_acc,0.995
E1,crisismmd,default,4,tree_B_L32,cv_acc,0.95625
E1,crisismmd,default,4,tree_C_L2,fit_acc,0.51875
E1,crisismmd,default,4,tree_C_L2,cv_acc,0.485
E1,crisismmd,default,4,tree_C_L3,fit_acc,0.76
E1,crisismmd,default,4,tree_C_L3,cv_acc,0.755
E1,crisismmd,default,4,tree_C_L4,fit_acc,0.96875
E1,crisismmd,default,4,tree_C_L4,cv_acc,0.9674999999999999
E1,crisismmd,default,4,tree_C_L6,fit_acc,0.97375
E1,crisismmd,default,4,tree_C_L6,cv_acc,0.96875
E1,crisismmd,default,4,tree_C_L8,fit_acc,0.9775
E1,crisismmd,default,4,tree_C_L8,cv_acc,0.96875
E1,crisismmd,default,4,tree_C_L12,fit_acc,0.98125
E1,crisismmd,default,4,tree_C_L12,cv_acc,0.9675
E1,crisismmd,default,4,tree_C_L16,fit_acc,0.98375
E1,crisismmd,default,4,tree_C_L16,cv_acc,0.9637500000000001
E1,crisismmd,default,4,tree_C_L24,fit_acc,0.9875
E1,crisismmd,default,4,tree_C_L24,cv_acc,0.9574999999999999
E1,crisismmd,default,4,tree_C_L32,fit_acc,0.99
E1,crisismmd,default,4,tree_C_L32,cv_acc,0.9512499999999999
E1,crisismmd,default,4,tree,majority_all,0.26125
_,crisismmd,default,4,core|crisismmd|default|4,_done,1.2
E2,crisismmd,robust,1,all,recon_maxabs,0.0
E2,crisismmd,robust,1,all,n_with_content,800
E2,crisismmd,robust,1,all,n_nodes,800
E2,crisismmd,robust,1,all,flip_content_mean,0.10625
E2,crisismmd,robust,1,all,flip_structure_mean,0.625
E2,crisismmd,robust,1,all,spearman_alpha_delta_mean,0.4778202153440865
E2,crisismmd,robust,1,all,spearman_alpha_delta,0.4744762413691272
E2,crisismmd,robust,1,all,spearman_posthoc_delta,0.1619222061284471
E2,crisismmd,robust,1,all,spearman_normshare_delta,0.4804667819793469
E2,crisismmd,robust,1,all,spearman_alpha_tvc,0.26492755457430406
E2,crisismmd,robust,1,all,spearman_alpha_tvs,-0.5016768385575604
E2,crisismmd,robust,1,all,mean_tv_content,0.19279507857915676
E2,crisismmd,robust,1,all,mean_tv_structure,0.2540381406397668
E2,crisismmd,robust,1,all,flip_content,0.105
E2,crisismmd,robust,1,all,flip_structure,0.64
E2,crisismmd,robust,1,all,alpha_std,0.09079683893403415
E2,crisismmd,robust,1,all,flip_content_T1,0.0449438202247191
E2,crisismmd,robust,1,all,flip_structure_T1,0.7715355805243446
E2,crisismmd,robust,1,all,alpha_mean_T1,0.504212211892214
E2,crisismmd,robust,1,all,flip_content_T2,0.11235955056179775
E2,crisismmd,robust,1,all,flip_structure_T2,0.5842696629213483
E2,crisismmd,robust,1,all,alpha_mean_T2,0.6366272022131488
E2,crisismmd,robust,1,all,flip_content_T3,0.15789473684210525
E2,crisismmd,robust,1,all,flip_structure_T3,0.5639097744360902
E2,crisismmd,robust,1,all,alpha_mean_T3,0.6683934423990675
E1,crisismmd,robust,1,rules,n_rules,5.0
E1,crisismmd,robust,1,rules,fidelity,0.27375
E1,crisismmd,robust,1,rules,coverage,1.0
E1,crisismmd,robust,1,rules,majority_covered,0.25625
E1,crisismmd,robust,1,rules,majority_all,0.25625
E1,crisismmd,robust,1,rules,lift_pts,0.017500000000000016
E1,crisismmd,robust,1,tree_A_L2,fit_acc,0.2825
E1,crisismmd,robust,1,tree_A_L2,cv_acc,0.28250000000000003
E1,crisismmd,robust,1,tree_A_L3,fit_acc,0.2825
E1,crisismmd,robust,1,tree_A_L3,cv_acc,0.26875
E1,crisismmd,robust,1,tree_A_L4,fit_acc,0.295
E1,crisismmd,robust,1,tree_A_L4,cv_acc,0.26125000000000004
E1,crisismmd,robust,1,tree_A_L6,fit_acc,0.30375
E1,crisismmd,robust,1,tree_A_L6,cv_acc,0.2625
E1,crisismmd,robust,1,tree_A_L8,fit_acc,0.30875
E1,crisismmd,robust,1,tree_A_L8,cv_acc,0.265
E1,crisismmd,robust,1,tree_A_L12,fit_acc,0.31875
E1,crisismmd,robust,1,tree_A_L12,cv_acc,0.25
E1,crisismmd,robust,1,tree_A_L16,fit_acc,0.3275
E1,crisismmd,robust,1,tree_A_L16,cv_acc,0.24499999999999997
E1,crisismmd,robust,1,tree_A_L24,fit_acc,0.355
E1,crisismmd,robust,1,tree_A_L24,cv_acc,0.2375
E1,crisismmd,robust,1,tree_A_L32,fit_acc,0.375
E1,crisismmd,robust,1,tree_A_L32,cv_acc,0.23625000000000002
E1,crisismmd,robust,1,tree_B_L2,fit_acc,0.4925
E1,crisismmd,robust,1,tree_B_L2,cv_acc,0.46624999999999994
E1,crisismmd,robust,1,tree_B_L3,fit_acc,0.73
E1,crisismmd,robust,1,tree_B_L3,cv_acc,0.7275
E1,crisismmd,robust,1,tree_B_L4,fit_acc,0.83375
E1,crisismmd,robust,1,tree_B_L4,cv_acc,0.8237499999999999
E1,crisismmd,robust,1,tree_B_L6,fit_acc,0.93125
E1,crisismmd,robust,1,tree_B_L6,cv_acc,0.9199999999999999
E1,crisismmd,robust,1,tree_B_L8,fit_acc,0.93375
E1,crisismmd,robust,1,tree_B_L8,cv_acc,0.915
E1,crisismmd,robust,1,tree_B_L12,fit_acc,0.95
E1,crisismmd,robust,1,tree_B_L12,cv_acc,0.91375
E1,crisismmd,robust,1,tree_B_L16,fit_acc,0.95625
E1,crisismmd,robust,1,tree_B_L16,cv_acc,0.9125
E1,crisismmd,robust,1,tree_B_L24,fit_acc,0.96625
E1,crisismmd,robust,1,tree_B_L24,cv_acc,0.9049999999999999
E1,crisismmd,robust,1,tree_B_L32,fit_acc,0.9775
E1,crisismmd,robust,1,tree_B_L32,cv_acc,0.9049999999999999
E1,crisismmd,robust,1,tree_C_L2,fit_acc,0.4925
E1,crisismmd,robust,1,tree_C_L2,cv_acc,0.46624999999999994
E1,crisismmd,robust,1,tree_C_L3,fit_acc,0.73
E1,crisismmd,robust,1,tree_C_L3,cv_acc,0.7275
E1,crisismmd,robust,1,tree_C_L4,fit_acc,0.83375
E1,crisismmd,robust,1,tree_C_L4,cv_acc,0.8237499999999999
E1,crisismmd,robust,1,tree_C_L6,fit_acc,0.93125
E1,crisismmd,robust,1,tree_C_L6,cv_acc,0.9199999999999999
E1,crisismmd,robust,1,tree_C_L8,fit_acc,0.93375
E1,crisismmd,robust,1,tree_C_L8,cv_acc,0.915
E1,crisismmd,robust,1,tree_C_L12,fit_acc,0.95
E1,crisismmd,robust,1,tree_C_L12,cv_acc,0.9162500000000001
E1,crisismmd,robust,1,tree_C_L16,fit_acc,0.95625
E1,crisismmd,robust,1,tree_C_L16,cv_acc,0.915
E1,crisismmd,robust,1,tree_C_L24,fit_acc,0.9675
E1,crisismmd,robust,1,tree_C_L24,cv_acc,0.9087500000000001
E1,crisismmd,robust,1,tree_C_L32,fit_acc,0.97375
E1,crisismmd,robust,1,tree_C_L32,cv_acc,0.90625
E1,crisismmd,robust,1,tree,majority_all,0.25625
_,crisismmd,robust,1,core|crisismmd|robust|1,_done,1.28
E2,crisismmd,robust,0,all,recon_maxabs,0.0
E2,crisismmd,robust,0,all,n_with_content,800
E2,crisismmd,robust,0,all,n_nodes,800
E2,crisismmd,robust,0,all,flip_content_mean,0.10875
E2,crisismmd,robust,0,all,flip_structure_mean,0.63875
E2,crisismmd,robust,0,all,spearman_alpha_delta_mean,0.47750664454163216
E2,crisismmd,robust,0,all,spearman_alpha_delta,0.47605785321539573
E2,crisismmd,robust,0,all,spearman_posthoc_delta,0.1662877285745759
E2,crisismmd,robust,0,all,spearman_normshare_delta,0.48198689372952147
E2,crisismmd,robust,0,all,spearman_alpha_tvc,0.29608487669511985
E2,crisismmd,robust,0,all,spearman_alpha_tvs,-0.4976613557208684
E2,crisismmd,robust,0,all,mean_tv_content,0.19344923144090026
E2,crisismmd,robust,0,all,mean_tv_structure,0.2572664400899508
E2,crisismmd,robust,0,all,flip_content,0.1075
E2,crisismmd,robust,0,all,flip_structure,0.6525
E2,crisismmd,robust,0,all,alpha_std,0.09507136611345839
E2,crisismmd,robust,0,all,flip_content_T1,0.04868913857677903
E2,crisismmd,robust,0,all,flip_structure_T1,0.7453183520599251
E2,crisismmd,robust,0,all,alpha_mean_T1,0.49629329062108135
E2,crisismmd,robust,0,all,flip_content_T2,0.1198501872659176
E2,crisismmd,robust,0,all,flip_structure_T2,0.6329588014981273
E2,crisismmd,robust,0,all,alpha_mean_T2,0.6358916106593805
E2,crisismmd,robust,0,all,flip_content_T3,0.15413533834586465
E2,crisismmd,robust,0,all,flip_structure_T3,0.5789473684210527
E2,crisismmd,robust,0,all,alpha_mean_T3,0.6685782140691493
E1,crisismmd,robust,0,rules,n_rules,5.0
E1,crisismmd,robust,0,rules,fidelity,0.29875
E1,crisismmd,robust,0,rules,coverage,1.0
E1,crisismmd,robust,0,rules,majority_covered,0.255
E1,crisismmd,robust,0,rules,majority_all,0.255
E1,crisismmd,robust,0,rules,lift_pts,0.04375000000000001
E1,crisismmd,robust,0,tree_A_L2,fit_acc,0.27125
E1,crisismmd,robust,0,tree_A_L2,cv_acc,0.25625
E1,crisismmd,robust,0,tree_A_L3,fit_acc,0.28875
E1,crisismmd,robust,0,tree_A_L3,cv_acc,0.2475
E1,crisismmd,robust,0,tree_A_L4,fit_acc,0.28875
E1,crisismmd,robust,0,tree_A_L4,cv_acc,0.25125000000000003
E1,crisismmd,robust,0,tree_A_L6,fit_acc,0.3025
E1,crisismmd,robust,0,tree_A_L6,cv_acc,0.2425
E1,crisismmd,robust,0,tree_A_L8,fit_acc,0.31375
E1,crisismmd,robust,0,tree_A_L8,cv_acc,0.23625
E1,crisismmd,robust,0,tree_A_L12,fit_acc,0.325
E1,crisismmd,robust,0,tree_A_L12,cv_acc,0.23249999999999998
E1,crisismmd,robust,0,tree_A_L16,fit_acc,0.3275
E1,crisismmd,robust,0,tree_A_L16,cv_acc,0.23125
E1,crisismmd,robust,0,tree_A_L24,fit_acc,0.35375
E1,crisismmd,robust,0,tree_A_L24,cv_acc,0.2225
E1,crisismmd,robust,0,tree_A_L32,fit_acc,0.37125
E1,crisismmd,robust,0,tree_A_L32,cv_acc,0.22875
E1,crisismmd,robust,0,tree_B_L2,fit_acc,0.4925
E1,crisismmd,robust,0,tree_B_L2,cv_acc,0.46875
E1,crisismmd,robust,0,tree_B_L3,fit_acc,0.72875
E1,crisismmd,robust,0,tree_B_L3,cv_acc,0.725
E1,crisismmd,robust,0,tree_B_L4,fit_acc,0.83375
E1,crisismmd,robust,0,tree_B_L4,cv_acc,0.83125
E1,crisismmd,robust,0,tree_B_L6,fit_acc,0.93125
E1,crisismmd,robust,0,tree_B_L6,cv_acc,0.92125
E1,crisismmd,robust,0,tree_B_L8,fit_acc,0.935
E1,crisismmd,robust,0,tree_B_L8,cv_acc,0.92125
E1,crisismmd,robust,0,tree_B_L12,fit_acc,0.95125
E1,crisismmd,robust,0,tree_B_L12,cv_acc,0.9199999999999999
E1,crisismmd,robust,0,tree_B_L16,fit_acc,0.9575
E1,crisismmd,robust,0,tree_B_L16,cv_acc,0.9200000000000002
E1,crisismmd,robust,0,tree_B_L24,fit_acc,0.96625
E1,crisismmd,robust,0,tree_B_L24,cv_acc,0.91625
E1,crisismmd,robust,0,tree_B_L32,fit_acc,0.98
E1,crisismmd,robust,0,tree_B_L32,cv_acc,0.915
E1,crisismmd,robust,0,tree_C_L2,fit_acc,0.4925
E1,crisismmd,robust,0,tree_C_L2,cv_acc,0.46875
E1,crisismmd,robust,0,tree_C_L3,fit_acc,0.72875
E1,crisismmd,robust,0,tree_C_L3,cv_acc,0.725
E1,crisismmd,robust,0,tree_C_L4,fit_acc,0.83375
E1,crisismmd,robust,0,tree_C_L4,cv_acc,0.83125
E1,crisismmd,robust,0,tree_C_L6,fit_acc,0.93125
E1,crisismmd,robust,0,tree_C_L6,cv_acc,0.92125
E1,crisismmd,robust,0,tree_C_L8,fit_acc,0.935
E1,crisismmd,robust,0,tree_C_L8,cv_acc,0.92125
E1,crisismmd,robust,0,tree_C_L12,fit_acc,0.95125
E1,crisismmd,robust,0,tree_C_L12,cv_acc,0.9199999999999999
E1,crisismmd,robust,0,tree_C_L16,fit_acc,0.9575
E1,crisismmd,robust,0,tree_C_L16,cv_acc,0.915
E1,crisismmd,robust,0,tree_C_L24,fit_acc,0.96625
E1,crisismmd,robust,0,tree_C_L24,cv_acc,0.9137500000000001
E1,crisismmd,robust,0,tree_C_L32,fit_acc,0.97875
E1,crisismmd,robust,0,tree_C_L32,cv_acc,0.9099999999999999
E1,crisismmd,robust,0,tree,majority_all,0.255
_,crisismmd,robust,0,core|crisismmd|robust|0,_done,1.34
E2,crisismmd,robust,2,all,recon_maxabs,0.0
E2,crisismmd,robust,2,all,n_with_content,800
E2,crisismmd,robust,2,all,n_nodes,800
E2,crisismmd,robust,2,all,flip_content_mean,0.1925
E2,crisismmd,robust,2,all,flip_structure_mean,0.6625
E2,crisismmd,robust,2,all,spearman_alpha_delta_mean,0.5068521513314865
E2,crisismmd,robust,2,all,spearman_alpha_delta,0.5037108182981537
E2,crisismmd,robust,2,all,spearman_posthoc_delta,0.17313102051721957
E2,crisismmd,robust,2,all,spearman_normshare_delta,0.5109796187181542
E2,crisismmd,robust,2,all,spearman_alpha_tvc,0.32540921938940537
E2,crisismmd,robust,2,all,spearman_alpha_tvs,-0.48633999428124114
E2,crisismmd,robust,2,all,mean_tv_content,0.19797030985443115
E2,crisismmd,robust,2,all,mean_tv_structure,0.25745207323258157
E2,crisismmd,robust,2,all,flip_content,0.1875
E2,crisismmd,robust,2,all,flip_structure,0.67125
E2,crisismmd,robust,2,all,alpha_std,0.09373389219737364
E2,crisismmd,robust,2,all,flip_content_T1,0.08614232209737828
E2,crisismmd,robust,2,all,flip_structure_T1,0.7790262172284644
E2,crisismmd,robust,2,all,alpha_mean_T1,0.49708294522290836
E2,crisismmd,robust,2,all,flip_content_T2,0.23595505617977527
E2,crisismmd,robust,2,all,flip_structure_T2,0.651685393258427
E2,crisismmd,robust,2,all,alpha_mean_T2,0.6372262268322993
E2,crisismmd,robust,2,all,flip_content_T3,0.24060150375939848
E2,crisismmd,robust,2,all,flip_structure_T3,0.5827067669172933
E2,crisismmd,robust,2,all,alpha_mean_T3,0.6688962309559988
E1,crisismmd,robust,2,rules,n_rules,5.0
E1,crisismmd,robust,2,rules,fidelity,0.2575
E1,crisismmd,robust,2,rules,coverage,1.0
E1,crisismmd,robust,2,rules,majority_covered,0.2375
E1,crisismmd,robust,2,rules,majority_all,0.2375
E1,crisismmd,robust,2,rules,lift_pts,0.020000000000000018
E1,crisismmd,robust,2,tree_A_L2,fit_acc,0.2625
E1,crisismmd,robust,2,tree_A_L2,cv_acc,0.24499999999999997
E1,crisismmd,robust,2,tree_A_L3,fit_acc,0.2625
E1,crisismmd,robust,2,tree_A_L3,cv_acc,0.22625
E1,crisismmd,robust,2,tree_A_L4,fit_acc,0.2725
E1,crisismmd,robust,2,tree_A_L4,cv_acc,0.225
E1,crisismmd,robust,2,tree_A_L6,fit_acc,0.27625
E1,crisismmd,robust,2,tree_A_L6,cv_acc,0.21625
E1,crisismmd,robust,2,tree_A_L8,fit_acc,0.2925
E1,crisismmd,robust,2,tree_A_L8,cv_acc,0.22000000000000003
E1,crisismmd,robust,2,tree_A_L12,fit_acc,0.305
E1,crisismmd,robust,2,tree_A_L12,cv_acc,0.2225
E1,crisismmd,robust,2,tree_A_L16,fit_acc,0.3225
E1,crisismmd,robust,2,tree_A_L16,cv_acc,0.22375000000000003
E1,crisismmd,robust,2,tree_A_L24,fit_acc,0.35375
E1,crisismmd,robust,2,tree_A_L24,cv_acc,0.23500000000000001
E1,crisismmd,robust,2,tree_A_L32,fit_acc,0.37125
E1,crisismmd,robust,2,tree_A_L32,cv_acc,0.23500000000000001
E1,crisismmd,robust,2,tree_B_L2,fit_acc,0.47375
E1,crisismmd,robust,2,tree_B_L2,cv_acc,0.47125000000000006
E1,crisismmd,robust,2,tree_B_L3,fit_acc,0.65375
E1,crisismmd,robust,2,tree_B_L3,cv_acc,0.6525
E1,crisismmd,robust,2,tree_B_L4,fit_acc,0.7525
E1,crisismmd,robust,2,tree_B_L4,cv_acc,0.7374999999999999
E1,crisismmd,robust,2,tree_B_L6,fit_acc,0.85875
E1,crisismmd,robust,2,tree_B_L6,cv_acc,0.8487499999999999
E1,crisismmd,robust,2,tree_B_L8,fit_acc,0.86625
E1,crisismmd,robust,2,tree_B_L8,cv_acc,0.8462499999999998
E1,crisismmd,robust,2,tree_B_L12,fit_acc,0.9
E1,crisismmd,robust,2,tree_B_L12,cv_acc,0.8574999999999999
E1,crisismmd,robust,2,tree_B_L16,fit_acc,0.91
E1,crisismmd,robust,2,tree_B_L16,cv_acc,0.85875
E1,crisismmd,robust,2,tree_B_L24,fit_acc,0.9325
E1,crisismmd,robust,2,tree_B_L24,cv_acc,0.84375
E1,crisismmd,robust,2,tree_B_L32,fit_acc,0.94125
E1,crisismmd,robust,2,tree_B_L32,cv_acc,0.845
E1,crisismmd,robust,2,tree_C_L2,fit_acc,0.47375
E1,crisismmd,robust,2,tree_C_L2,cv_acc,0.47125000000000006
E1,crisismmd,robust,2,tree_C_L3,fit_acc,0.65375
E1,crisismmd,robust,2,tree_C_L3,cv_acc,0.6525
E1,crisismmd,robust,2,tree_C_L4,fit_acc,0.7525
E1,crisismmd,robust,2,tree_C_L4,cv_acc,0.7374999999999999
E1,crisismmd,robust,2,tree_C_L6,fit_acc,0.85875
E1,crisismmd,robust,2,tree_C_L6,cv_acc,0.8487499999999999
E1,crisismmd,robust,2,tree_C_L8,fit_acc,0.8725
E1,crisismmd,robust,2,tree_C_L8,cv_acc,0.85625
E1,crisismmd,robust,2,tree_C_L12,fit_acc,0.88875
E1,crisismmd,robust,2,tree_C_L12,cv_acc,0.85625
E1,crisismmd,robust,2,tree_C_L16,fit_acc,0.89875
E1,crisismmd,robust,2,tree_C_L16,cv_acc,0.85375
E1,crisismmd,robust,2,tree_C_L24,fit_acc,0.91125
E1,crisismmd,robust,2,tree_C_L24,cv_acc,0.85
E1,crisismmd,robust,2,tree_C_L32,fit_acc,0.92625
E1,crisismmd,robust,2,tree_C_L32,cv_acc,0.8400000000000001
E1,crisismmd,robust,2,tree,majority_all,0.2375
_,crisismmd,robust,2,core|crisismmd|robust|2,_done,1.38
E2,crisismmd,robust,3,all,recon_maxabs,0.0
E2,crisismmd,robust,3,all,n_with_content,800
E2,crisismmd,robust,3,all,n_nodes,800
E2,crisismmd,robust,3,all,flip_content_mean,0.1075
E2,crisismmd,robust,3,all,flip_structure_mean,0.63
E2,crisismmd,robust,3,all,spearman_alpha_delta_mean,0.4765928853013834
E2,crisismmd,robust,3,all,spearman_alpha_delta,0.4740234750366798
E2,crisismmd,robust,3,all,spearman_posthoc_delta,0.16506660947907734
E2,crisismmd,robust,3,all,spearman_normshare_delta,0.4795822024721914
E2,crisismmd,robust,3,all,spearman_alpha_tvc,0.28480910126422077
E2,crisismmd,robust,3,all,spearman_alpha_tvs,-0.49721965190570616
E2,crisismmd,robust,3,all,mean_tv_content,0.19329502886750063
E2,crisismmd,robust,3,all,mean_tv_structure,0.2550032614570421
E2,crisismmd,robust,3,all,flip_content,0.10625
E2,crisismmd,robust,3,all,flip_structure,0.6475
E2,crisismmd,robust,3,all,alpha_std,0.09326019067451247
E2,crisismmd,robust,3,all,flip_content_T1,0.056179775280898875
E2,crisismmd,robust,3,all,flip_structure_T1,0.7340823970037453
E2,crisismmd,robust,3,all,alpha_mean_T1,0.5003920671398333
E2,crisismmd,robust,3,all,flip_content_T2,0.10486891385767791
E2,crisismmd,robust,3,all,flip_structure_T2,0.6329588014981273
E2,crisismmd,robust,3,all,alpha_mean_T2,0.6361856634953265
E2,crisismmd,robust,3,all,flip_content_T3,0.15789473684210525
E2,crisismmd,robust,3,all,flip_structure_T3,0.575187969924812
E2,crisismmd,robust,3,all,alpha_mean_T3,0.6683963643764861
E1,crisismmd,robust,3,rules,n_rules,5.0
E1,crisismmd,robust,3,rules,fidelity,0.28875
E1,crisismmd,robust,3,rules,coverage,1.0
E1,crisismmd,robust,3,rules,majority_covered,0.255
E1,crisismmd,robust,3,rules,majority_all,0.255
E1,crisismmd,robust,3,rules,lift_pts,0.03375
E1,crisismmd,robust,3,tree_A_L2,fit_acc,0.27875
E1,crisismmd,robust,3,tree_A_L2,cv_acc,0.26999999999999996
E1,crisismmd,robust,3,tree_A_L3,fit_acc,0.295
E1,crisismmd,robust,3,tree_A_L3,cv_acc,0.27249999999999996
E1,crisismmd,robust,3,tree_A_L4,fit_acc,0.295
E1,crisismmd,robust,3,tree_A_L4,cv_acc,0.27249999999999996
E1,crisismmd,robust,3,tree_A_L6,fit_acc,0.29875
E1,crisismmd,robust,3,tree_A_L6,cv_acc,0.27749999999999997
E1,crisismmd,robust,3,tree_A_L8,fit_acc,0.30375
E1,crisismmd,robust,3,tree_A_L8,cv_acc,0.27375
E1,crisismmd,robust,3,tree_A_L12,fit_acc,0.32125
E1,crisismmd,robust,3,tree_A_L12,cv_acc,0.26999999999999996
E1,crisismmd,robust,3,tree_A_L16,fit_acc,0.33375
E1,crisismmd,robust,3,tree_A_L16,cv_acc,0.27625
E1,crisismmd,robust,3,tree_A_L24,fit_acc,0.35
E1,crisismmd,robust,3,tree_A_L24,cv_acc,0.27749999999999997
E1,crisismmd,robust,3,tree_A_L32,fit_acc,0.37125
E1,crisismmd,robust,3,tree_A_L32,cv_acc,0.2625
E1,crisismmd,robust,3,tree_B_L2,fit_acc,0.49125
E1,crisismmd,robust,3,tree_B_L2,cv_acc,0.4725
E1,crisismmd,robust,3,tree_B_L3,fit_acc,0.72875
E1,crisismmd,robust,3,tree_B_L3,cv_acc,0.7262500000000001
E1,crisismmd,robust,3,tree_B_L4,fit_acc,0.83375
E1,crisismmd,robust,3,tree_B_L4,cv_acc,0.8300000000000001
E1,crisismmd,robust,3,tree_B_L6,fit_acc,0.92875
E1,crisismmd,robust,3,tree_B_L6,cv_acc,0.9175000000000001
E1,crisismmd,robust,3,tree_B_L8,fit_acc,0.93375
E1,crisismmd,robust,3,tree_B_L8,cv_acc,0.9199999999999999
E1,crisismmd,robust,3,tree_B_L12,fit_acc,0.95125
E1,crisismmd,robust,3,tree_B_L12,cv_acc,0.9200000000000002
E1,crisismmd,robust,3,tree_B_L16,fit_acc,0.9575
E1,crisismmd,robust,3,tree_B_L16,cv_acc,0.91875
E1,crisismmd,robust,3,tree_B_L24,fit_acc,0.9675
E1,crisismmd,robust,3,tree_B_L24,cv_acc,0.9112500000000001
E1,crisismmd,robust,3,tree_B_L32,fit_acc,0.98
E1,crisismmd,robust,3,tree_B_L32,cv_acc,0.9125
E1,crisismmd,robust,3,tree_C_L2,fit_acc,0.49125
E1,crisismmd,robust,3,tree_C_L2,cv_acc,0.4725
E1,crisismmd,robust,3,tree_C_L3,fit_acc,0.72875
E1,crisismmd,robust,3,tree_C_L3,cv_acc,0.7262500000000001
E1,crisismmd,robust,3,tree_C_L4,fit_acc,0.83375
E1,crisismmd,robust,3,tree_C_L4,cv_acc,0.8300000000000001
E1,crisismmd,robust,3,tree_C_L6,fit_acc,0.92875
E1,crisismmd,robust,3,tree_C_L6,cv_acc,0.9175000000000001
E1,crisismmd,robust,3,tree_C_L8,fit_acc,0.93375
E1,crisismmd,robust,3,tree_C_L8,cv_acc,0.9174999999999999
E1,crisismmd,robust,3,tree_C_L12,fit_acc,0.95
E1,crisismmd,robust,3,tree_C_L12,cv_acc,0.9225
E1,crisismmd,robust,3,tree_C_L16,fit_acc,0.955
E1,crisismmd,robust,3,tree_C_L16,cv_acc,0.92125
E1,crisismmd,robust,3,tree_C_L24,fit_acc,0.965
E1,crisismmd,robust,3,tree_C_L24,cv_acc,0.91875
E1,crisismmd,robust,3,tree_C_L32,fit_acc,0.9725
E1,crisismmd,robust,3,tree_C_L32,cv_acc,0.91625
E1,crisismmd,robust,3,tree,majority_all,0.255
_,crisismmd,robust,3,core|crisismmd|robust|3,_done,1.39
E2,crisismmd,robust,4,all,recon_maxabs,0.0
E2,crisismmd,robust,4,all,n_with_content,800
E2,crisismmd,robust,4,all,n_nodes,800
E2,crisismmd,robust,4,all,flip_content_mean,0.1125
E2,crisismmd,robust,4,all,flip_structure_mean,0.645
E2,crisismmd,robust,4,all,spearman_alpha_delta_mean,0.4729443639755687
E2,crisismmd,robust,4,all,spearman_alpha_delta,0.4691377564652445
E2,crisismmd,robust,4,all,spearman_posthoc_delta,0.1463301505158602
E2,crisismmd,robust,4,all,spearman_normshare_delta,0.4755297586402479
E2,crisismmd,robust,4,all,spearman_alpha_tvc,0.28654751023048475
E2,crisismmd,robust,4,all,spearman_alpha_tvs,-0.48434562397753755
E2,crisismmd,robust,4,all,mean_tv_content,0.19292780811668897
E2,crisismmd,robust,4,all,mean_tv_structure,0.2571239656721253
E2,crisismmd,robust,4,all,flip_content,0.11
E2,crisismmd,robust,4,all,flip_structure,0.6525
E2,crisismmd,robust,4,all,alpha_std,0.09624256629562518
E2,crisismmd,robust,4,all,flip_content_T1,0.06367041198501873
E2,crisismmd,robust,4,all,flip_structure_T1,0.7677902621722846
E2,crisismmd,robust,4,all,alpha_mean_T1,0.49342504631296974
E2,crisismmd,robust,4,all,flip_content_T2,0.09737827715355805
E2,crisismmd,robust,4,all,flip_structure_T2,0.6179775280898876
E2,crisismmd,robust,4,all,alpha_mean_T2,0.6358229731574924
E2,crisismmd,robust,4,all,flip_content_T3,0.16917293233082706
E2,crisismmd,robust,4,all,flip_structure_T3,0.5714285714285714
E2,crisismmd,robust,4,all,alpha_mean_T3,0.6683478005992176
E1,crisismmd,robust,4,rules,n_rules,5.0
E1,crisismmd,robust,4,rules,fidelity,0.2875
E1,crisismmd,robust,4,rules,coverage,1.0
E1,crisismmd,robust,4,rules,majority_covered,0.25625
E1,crisismmd,robust,4,rules,majority_all,0.25625
E1,crisismmd,robust,4,rules,lift_pts,0.03125
E1,crisismmd,robust,4,tree_A_L2,fit_acc,0.27625
E1,crisismmd,robust,4,tree_A_L2,cv_acc,0.24625
E1,crisismmd,robust,4,tree_A_L3,fit_acc,0.28375
E1,crisismmd,robust,4,tree_A_L3,cv_acc,0.24874999999999997
E1,crisismmd,robust,4,tree_A_L4,fit_acc,0.29
E1,crisismmd,robust,4,tree_A_L4,cv_acc,0.25125000000000003
E1,crisismmd,robust,4,tree_A_L6,fit_acc,0.2975
E1,crisismmd,robust,4,tree_A_L6,cv_acc,0.24500000000000002
E1,crisismmd,robust,4,tree_A_L8,fit_acc,0.30375
E1,crisismmd,robust,4,tree_A_L8,cv_acc,0.25250000000000006
E1,crisismmd,robust,4,tree_A_L12,fit_acc,0.31
E1,crisismmd,robust,4,tree_A_L12,cv_acc,0.24500000000000002
E1,crisismmd,robust,4,tree_A_L16,fit_acc,0.31875
E1,crisismmd,robust,4,tree_A_L16,cv_acc,0.25
E1,crisismmd,robust,4,tree_A_L24,fit_acc,0.3425
E1,crisismmd,robust,4,tree_A_L24,cv_acc,0.24875000000000003
E1,crisismmd,robust,4,tree_A_L32,fit_acc,0.37375
E1,crisismmd,robust,4,tree_A_L32,cv_acc,0.24625
E1,crisismmd,robust,4,tree_B_L2,fit_acc,0.4925
E1,crisismmd,robust,4,tree_B_L2,cv_acc,0.47125000000000006
E1,crisismmd,robust,4,tree_B_L3,fit_acc,0.73
E1,crisismmd,robust,4,tree_B_L3,cv_acc,0.72625
E1,crisismmd,robust,4,tree_B_L4,fit_acc,0.835
E1,crisismmd,robust,4,tree_B_L4,cv_acc,0.82125
E1,crisismmd,robust,4,tree_B_L6,fit_acc,0.9275
E1,crisismmd,robust,4,tree_B_L6,cv_acc,0.9137500000000001
E1,crisismmd,robust,4,tree_B_L8,fit_acc,0.92875
E1,crisismmd,robust,4,tree_B_L8,cv_acc,0.91625
E1,crisismmd,robust,4,tree_B_L12,fit_acc,0.95
E1,crisismmd,robust,4,tree_B_L12,cv_acc,0.9112500000000001
E1,crisismmd,robust,4,tree_B_L16,fit_acc,0.9575
E1,crisismmd,robust,4,tree_B_L16,cv_acc,0.915
E1,crisismmd,robust,4,tree_B_L24,fit_acc,0.9675
E1,crisismmd,robust,4,tree_B_L24,cv_acc,0.9099999999999999
E1,crisismmd,robust,4,tree_B_L32,fit_acc,0.9775
E1,crisismmd,robust,4,tree_B_L32,cv_acc,0.9087500000000001
E1,crisismmd,robust,4,tree_C_L2,fit_acc,0.4925
E1,crisismmd,robust,4,tree_C_L2,cv_acc,0.47125000000000006
E1,crisismmd,robust,4,tree_C_L3,fit_acc,0.73
E1,crisismmd,robust,4,tree_C_L3,cv_acc,0.72625
E1,crisismmd,robust,4,tree_C_L4,fit_acc,0.835
E1,crisismmd,robust,4,tree_C_L4,cv_acc,0.82125
E1,crisismmd,robust,4,tree_C_L6,fit_acc,0.9275
E1,crisismmd,robust,4,tree_C_L6,cv_acc,0.9137500000000001
E1,crisismmd,robust,4,tree_C_L8,fit_acc,0.92875
E1,crisismmd,robust,4,tree_C_L8,cv_acc,0.91625
E1,crisismmd,robust,4,tree_C_L12,fit_acc,0.95
E1,crisismmd,robust,4,tree_C_L12,cv_acc,0.9112500000000001
E1,crisismmd,robust,4,tree_C_L16,fit_acc,0.95625
E1,crisismmd,robust,4,tree_C_L16,cv_acc,0.915
E1,crisismmd,robust,4,tree_C_L24,fit_acc,0.9675
E1,crisismmd,robust,4,tree_C_L24,cv_acc,0.91625
E1,crisismmd,robust,4,tree_C_L32,fit_acc,0.97625
E1,crisismmd,robust,4,tree_C_L32,cv_acc,0.91375
E1,crisismmd,robust,4,tree,majority_all,0.25625
_,crisismmd,robust,4,core|crisismmd|robust|4,_done,1.3
E2,fakeddit,default,0,all,recon_maxabs,6.106226635438361e-16
E2,fakeddit,default,0,all,n_with_content,1200
E2,fakeddit,default,0,all,n_nodes,1200
E2,fakeddit,default,0,all,flip_content_mean,0.2925
E2,fakeddit,default,0,all,flip_structure_mean,0.6383333333333333
E2,fakeddit,default,0,all,spearman_alpha_delta_mean,0.4931596885062012
E2,fakeddit,default,0,all,spearman_alpha_delta,0.4806928105115608
E2,fakeddit,default,0,all,spearman_posthoc_delta,-0.10233907106879936
E2,fakeddit,default,0,all,spearman_normshare_delta,0.48071277132831347
E2,fakeddit,default,0,all,spearman_alpha_tvc,0.3328996088836655
E2,fakeddit,default,0,all,spearman_alpha_tvs,-0.3850540366450012
E2,fakeddit,default,0,all,mean_tv_content,0.14285819288991572
E2,fakeddit,default,0,all,mean_tv_structure,0.17126333228474058
E2,fakeddit,default,0,all,flip_content,0.29083333333333333
E2,fakeddit,default,0,all,flip_structure,0.5908333333333333
E2,fakeddit,default,0,all,alpha_std,0.13009454779299062
E2,fakeddit,default,0,all,flip_content_T1,0.315
E2,fakeddit,default,0,all,flip_structure_T1,0.7225
E2,fakeddit,default,0,all,alpha_mean_T1,0.44356947854232937
E2,fakeddit,default,0,all,flip_content_T2,0.2875
E2,fakeddit,default,0,all,flip_structure_T2,0.5375
E2,fakeddit,default,0,all,alpha_mean_T2,0.6299986088845057
E2,fakeddit,default,0,all,flip_content_T3,0.27
E2,fakeddit,default,0,all,flip_structure_T3,0.5125
E2,fakeddit,default,0,all,alpha_mean_T3,0.6651626216208543
E1,fakeddit,default,0,rules,n_rules,5.0
E1,fakeddit,default,0,rules,fidelity,0.37
E1,fakeddit,default,0,rules,coverage,1.0
E1,fakeddit,default,0,rules,majority_covered,0.3616666666666667
E1,fakeddit,default,0,rules,majority_all,0.3616666666666667
E1,fakeddit,default,0,rules,lift_pts,0.008333333333333304
E1,fakeddit,default,0,tree_A_L2,fit_acc,0.37083333333333335
E1,fakeddit,default,0,tree_A_L2,cv_acc,0.36833333333333335
E1,fakeddit,default,0,tree_A_L3,fit_acc,0.3908333333333333
E1,fakeddit,default,0,tree_A_L3,cv_acc,0.385
E1,fakeddit,default,0,tree_A_L4,fit_acc,0.3908333333333333
E1,fakeddit,default,0,tree_A_L4,cv_acc,0.3816666666666667
E1,fakeddit,default,0,tree_A_L6,fit_acc,0.3925
E1,fakeddit,default,0,tree_A_L6,cv_acc,0.3816666666666667
E1,fakeddit,default,0,tree_A_L8,fit_acc,0.3958333333333333
E1,fakeddit,default,0,tree_A_L8,cv_acc,0.38166666666666665
E1,fakeddit,default,0,tree_A_L12,fit_acc,0.4058333333333333
E1,fakeddit,default,0,tree_A_L12,cv_acc,0.38
E1,fakeddit,default,0,tree_A_L16,fit_acc,0.4091666666666667
E1,fakeddit,default,0,tree_A_L16,cv_acc,0.37666666666666665
E1,fakeddit,default,0,tree_A_L24,fit_acc,0.4216666666666667
E1,fakeddit,default,0,tree_A_L24,cv_acc,0.37
E1,fakeddit,default,0,tree_A_L32,fit_acc,0.4325
E1,fakeddit,default,0,tree_A_L32,cv_acc,0.37333333333333335
E1,fakeddit,default,0,tree_B_L2,fit_acc,0.5266666666666666
E1,fakeddit,default,0,tree_B_L2,cv_acc,0.5266666666666666
E1,fakeddit,default,0,tree_B_L3,fit_acc,0.6925
E1,fakeddit,default,0,tree_B_L3,cv_acc,0.6891666666666666
E1,fakeddit,default,0,tree_B_L4,fit_acc,0.7091666666666666
E1,fakeddit,default,0,tree_B_L4,cv_acc,0.7033333333333334
E1,fakeddit,default,0,tree_B_L6,fit_acc,0.735
E1,fakeddit,default,0,tree_B_L6,cv_acc,0.7241666666666666
E1,fakeddit,default,0,tree_B_L8,fit_acc,0.7525
E1,fakeddit,default,0,tree_B_L8,cv_acc,0.7166666666666667
E1,fakeddit,default,0,tree_B_L12,fit_acc,0.7658333333333334
E1,fakeddit,default,0,tree_B_L12,cv_acc,0.7233333333333334
E1,fakeddit,default,0,tree_B_L16,fit_acc,0.7783333333333333
E1,fakeddit,default,0,tree_B_L16,cv_acc,0.7291666666666667
E1,fakeddit,default,0,tree_B_L24,fit_acc,0.8033333333333333
E1,fakeddit,default,0,tree_B_L24,cv_acc,0.7291666666666666
E1,fakeddit,default,0,tree_B_L32,fit_acc,0.8175
E1,fakeddit,default,0,tree_B_L32,cv_acc,0.7241666666666667
E1,fakeddit,default,0,tree_C_L2,fit_acc,0.5266666666666666
E1,fakeddit,default,0,tree_C_L2,cv_acc,0.5266666666666666
E1,fakeddit,default,0,tree_C_L3,fit_acc,0.6925
E1,fakeddit,default,0,tree_C_L3,cv_acc,0.6891666666666666
E1,fakeddit,default,0,tree_C_L4,fit_acc,0.7091666666666666
E1,fakeddit,default,0,tree_C_L4,cv_acc,0.7033333333333334
E1,fakeddit,default,0,tree_C_L6,fit_acc,0.7333333333333333
E1,fakeddit,default,0,tree_C_L6,cv_acc,0.7058333333333333
E1,fakeddit,default,0,tree_C_L8,fit_acc,0.7458333333333333
E1,fakeddit,default,0,tree_C_L8,cv_acc,0.7125
E1,fakeddit,default,0,tree_C_L12,fit_acc,0.7525
E1,fakeddit,default,0,tree_C_L12,cv_acc,0.7249999999999999
E1,fakeddit,default,0,tree_C_L16,fit_acc,0.7566666666666667
E1,fakeddit,default,0,tree_C_L16,cv_acc,0.7183333333333334
E1,fakeddit,default,0,tree_C_L24,fit_acc,0.7658333333333334
E1,fakeddit,default,0,tree_C_L24,cv_acc,0.7083333333333334
E1,fakeddit,default,0,tree_C_L32,fit_acc,0.7883333333333333
E1,fakeddit,default,0,tree_C_L32,cv_acc,0.7025
E1,fakeddit,default,0,tree,majority_all,0.3616666666666667
_,fakeddit,default,0,core|fakeddit|default|0,_done,2.81
E2,fakeddit,default,1,all,recon_maxabs,4.996003610813204e-16
E2,fakeddit,default,1,all,n_with_content,1200
E2,fakeddit,default,1,all,n_nodes,1200
E2,fakeddit,default,1,all,flip_content_mean,0.24583333333333332
E2,fakeddit,default,1,all,flip_structure_mean,0.42333333333333334
E2,fakeddit,default,1,all,spearman_alpha_delta_mean,0.5466696203893764
E2,fakeddit,default,1,all,spearman_alpha_delta,0.4968422216989652
E2,fakeddit,default,1,all,spearman_posthoc_delta,0.2251686077559776
E2,fakeddit,default,1,all,spearman_normshare_delta,0.4968573311509244
E2,fakeddit,default,1,all,spearman_alpha_tvc,0.32127647112516633
E2,fakeddit,default,1,all,spearman_alpha_tvs,-0.301779822720049
E2,fakeddit,default,1,all,mean_tv_content,0.11648332597086636
E2,fakeddit,default,1,all,mean_tv_structure,0.14021291304664849
E2,fakeddit,default,1,all,flip_content,0.2575
E2,fakeddit,default,1,all,flip_structure,0.415
E2,fakeddit,default,1,all,alpha_std,0.12829520518373322
E2,fakeddit,default,1,all,flip_content_T1,0.19
E2,fakeddit,default,1,all,flip_structure_T1,0.5425
E2,fakeddit,default,1,all,alpha_mean_T1,0.4489059778775231
E2,fakeddit,default,1,all,flip_content_T2,0.3
E2,fakeddit,default,1,all,flip_structure_T2,0.365
E2,fakeddit,default,1,all,alpha_mean_T2,0.6302969030956913
E2,fakeddit,default,1,all,flip_content_T3,0.2825
E2,fakeddit,default,1,all,flip_structure_T3,0.3375
E2,fakeddit,default,1,all,alpha_mean_T3,0.6649611078619635
E1,fakeddit,default,1,rules,n_rules,5.0
E1,fakeddit,default,1,rules,fidelity,0.3975
E1,fakeddit,default,1,rules,coverage,1.0
E1,fakeddit,default,1,rules,majority_covered,0.385
E1,fakeddit,default,1,rules,majority_all,0.385
E1,fakeddit,default,1,rules,lift_pts,0.012500000000000011
E1,fakeddit,default,1,tree_A_L2,fit_acc,0.4175
E1,fakeddit,default,1,tree_A_L2,cv_acc,0.41
E1,fakeddit,default,1,tree_A_L3,fit_acc,0.4375
E1,fakeddit,default,1,tree_A_L3,cv_acc,0.43
E1,fakeddit,default,1,tree_A_L4,fit_acc,0.4375
E1,fakeddit,default,1,tree_A_L4,cv_acc,0.43
E1,fakeddit,default,1,tree_A_L6,fit_acc,0.4375
E1,fakeddit,default,1,tree_A_L6,cv_acc,0.43
E1,fakeddit,default,1,tree_A_L8,fit_acc,0.445
E1,fakeddit,default,1,tree_A_L8,cv_acc,0.42250000000000004
E1,fakeddit,default,1,tree_A_L12,fit_acc,0.45
E1,fakeddit,default,1,tree_A_L12,cv_acc,0.4083333333333333
E1,fakeddit,default,1,tree_A_L16,fit_acc,0.4558333333333333
E1,fakeddit,default,1,tree_A_L16,cv_acc,0.41083333333333333
E1,fakeddit,default,1,tree_A_L24,fit_acc,0.46416666666666667
E1,fakeddit,default,1,tree_A_L24,cv_acc,0.40249999999999997
E1,fakeddit,default,1,tree_A_L32,fit_acc,0.47583333333333333
E1,fakeddit,default,1,tree_A_L32,cv_acc,0.3875
E1,fakeddit,default,1,tree_B_L2,fit_acc,0.6241666666666666
E1,fakeddit,default,1,tree_B_L2,cv_acc,0.6241666666666668
E1,fakeddit,default,1,tree_B_L3,fit_acc,0.8216666666666667
E1,fakeddit,default,1,tree_B_L3,cv_acc,0.8166666666666667
E1,fakeddit,default,1,tree_B_L4,fit_acc,0.8216666666666667
E1,fakeddit,default,1,tree_B_L4,cv_acc,0.8183333333333334
E1,fakeddit,default,1,tree_B_L6,fit_acc,0.8275
E1,fakeddit,default,1,tree_B_L6,cv_acc,0.8083333333333333
E1,fakeddit,default,1,tree_B_L8,fit_acc,0.8308333333333333
E1,fakeddit,default,1,tree_B_L8,cv_acc,0.8083333333333333
E1,fakeddit,default,1,tree_B_L12,fit_acc,0.8466666666666667
E1,fakeddit,default,1,tree_B_L12,cv_acc,0.8074999999999999
E1,fakeddit,default,1,tree_B_L16,fit_acc,0.8508333333333333
E1,fakeddit,default,1,tree_B_L16,cv_acc,0.8016666666666665
E1,fakeddit,default,1,tree_B_L24,fit_acc,0.8658333333333333
E1,fakeddit,default,1,tree_B_L24,cv_acc,0.8125
E1,fakeddit,default,1,tree_B_L32,fit_acc,0.8733333333333333
E1,fakeddit,default,1,tree_B_L32,cv_acc,0.7983333333333332
E1,fakeddit,default,1,tree_C_L2,fit_acc,0.6241666666666666
E1,fakeddit,default,1,tree_C_L2,cv_acc,0.6241666666666668
E1,fakeddit,default,1,tree_C_L3,fit_acc,0.8216666666666667
E1,fakeddit,default,1,tree_C_L3,cv_acc,0.8166666666666667
E1,fakeddit,default,1,tree_C_L4,fit_acc,0.8216666666666667
E1,fakeddit,default,1,tree_C_L4,cv_acc,0.8183333333333334
E1,fakeddit,default,1,tree_C_L6,fit_acc,0.8333333333333334
E1,fakeddit,default,1,tree_C_L6,cv_acc,0.8100000000000002
E1,fakeddit,default,1,tree_C_L8,fit_acc,0.8366666666666667
E1,fakeddit,default,1,tree_C_L8,cv_acc,0.8041666666666668
E1,fakeddit,default,1,tree_C_L12,fit_acc,0.8466666666666667
E1,fakeddit,default,1,tree_C_L12,cv_acc,0.8074999999999999
E1,fakeddit,default,1,tree_C_L16,fit_acc,0.8541666666666666
E1,fakeddit,default,1,tree_C_L16,cv_acc,0.8083333333333333
E1,fakeddit,default,1,tree_C_L24,fit_acc,0.8641666666666666
E1,fakeddit,default,1,tree_C_L24,cv_acc,0.7991666666666667
E1,fakeddit,default,1,tree_C_L32,fit_acc,0.8716666666666667
E1,fakeddit,default,1,tree_C_L32,cv_acc,0.8025
E1,fakeddit,default,1,tree,majority_all,0.385
_,fakeddit,default,1,core|fakeddit|default|1,_done,2.69
E2,fakeddit,default,2,all,recon_maxabs,5.551115123125783e-16
E2,fakeddit,default,2,all,n_with_content,1200
E2,fakeddit,default,2,all,n_nodes,1200
E2,fakeddit,default,2,all,flip_content_mean,0.34833333333333333
E2,fakeddit,default,2,all,flip_structure_mean,0.6866666666666666
E2,fakeddit,default,2,all,spearman_alpha_delta_mean,0.5397088328894251
E2,fakeddit,default,2,all,spearman_alpha_delta,0.5030823311971975
E2,fakeddit,default,2,all,spearman_posthoc_delta,0.11990348769735572
E2,fakeddit,default,2,all,spearman_normshare_delta,0.5030825854740176
E2,fakeddit,default,2,all,spearman_alpha_tvc,0.35672284626924883
E2,fakeddit,default,2,all,spearman_alpha_tvs,-0.3788817919410564
E2,fakeddit,default,2,all,mean_tv_content,0.15711259484854176
E2,fakeddit,default,2,all,mean_tv_structure,0.17498601857293997
E2,fakeddit,default,2,all,flip_content,0.365
E2,fakeddit,default,2,all,flip_structure,0.67
E2,fakeddit,default,2,all,alpha_std,0.12656469330961911
E2,fakeddit,default,2,all,flip_content_T1,0.2775
E2,fakeddit,default,2,all,flip_structure_T1,0.7975
E2,fakeddit,default,2,all,alpha_mean_T1,0.4552037033799526
E2,fakeddit,default,2,all,flip_content_T2,0.4075
E2,fakeddit,default,2,all,flip_structure_T2,0.615
E2,fakeddit,default,2,all,alpha_mean_T2,0.6322450691976751
E2,fakeddit,default,2,all,flip_content_T3,0.41
E2,fakeddit,default,2,all,flip_structure_T3,0.5975
E2,fakeddit,default,2,all,alpha_mean_T3,0.664702136051151
E1,fakeddit,default,2,rules,n_rules,5.0
E1,fakeddit,default,2,rules,fidelity,0.3625
E1,fakeddit,default,2,rules,coverage,1.0
E1,fakeddit,default,2,rules,majority_covered,0.3283333333333333
E1,fakeddit,default,2,rules,majority_all,0.3283333333333333
E1,fakeddit,default,2,rules,lift_pts,0.03416666666666668
E1,fakeddit,default,2,tree_A_L2,fit_acc,0.37
E1,fakeddit,default,2,tree_A_L2,cv_acc,0.355
E1,fakeddit,default,2,tree_A_L3,fit_acc,0.3875
E1,fakeddit,default,2,tree_A_L3,cv_acc,0.3725
E1,fakeddit,default,2,tree_A_L4,fit_acc,0.3875
E1,fakeddit,default,2,tree_A_L4,cv_acc,0.3725
E1,fakeddit,default,2,tree_A_L6,fit_acc,0.3875
E1,fakeddit,default,2,tree_A_L6,cv_acc,0.37416666666666665
E1,fakeddit,default,2,tree_A_L8,fit_acc,0.4041666666666667
E1,fakeddit,default,2,tree_A_L8,cv_acc,0.3825
E1,fakeddit,default,2,tree_A_L12,fit_acc,0.4091666666666667
E1,fakeddit,default,2,tree_A_L12,cv_acc,0.37833333333333335
E1,fakeddit,default,2,tree_A_L16,fit_acc,0.4166666666666667
E1,fakeddit,default,2,tree_A_L16,cv_acc,0.37666666666666665
E1,fakeddit,default,2,tree_A_L24,fit_acc,0.42333333333333334
E1,fakeddit,default,2,tree_A_L24,cv_acc,0.37249999999999994
E1,fakeddit,default,2,tree_A_L32,fit_acc,0.42833333333333334
E1,fakeddit,default,2,tree_A_L32,cv_acc,0.3675
E1,fakeddit,default,2,tree_B_L2,fit_acc,0.5808333333333333
E1,fakeddit,default,2,tree_B_L2,cv_acc,0.5808333333333333
E1,fakeddit,default,2,tree_B_L3,fit_acc,0.7466666666666667
E1,fakeddit,default,2,tree_B_L3,cv_acc,0.7466666666666667
E1,fakeddit,default,2,tree_B_L4,fit_acc,0.7466666666666667
E1,fakeddit,default,2,tree_B_L4,cv_acc,0.7466666666666667
E1,fakeddit,default,2,tree_B_L6,fit_acc,0.7508333333333334
E1,fakeddit,default,2,tree_B_L6,cv_acc,0.745
E1,fakeddit,default,2,tree_B_L8,fit_acc,0.76
E1,fakeddit,default,2,tree_B_L8,cv_acc,0.7433333333333334
E1,fakeddit,default,2,tree_B_L12,fit_acc,0.7683333333333333
E1,fakeddit,default,2,tree_B_L12,cv_acc,0.7391666666666666
E1,fakeddit,default,2,tree_B_L16,fit_acc,0.7733333333333333
E1,fakeddit,default,2,tree_B_L16,cv_acc,0.7341666666666666
E1,fakeddit,default,2,tree_B_L24,fit_acc,0.7783333333333333
E1,fakeddit,default,2,tree_B_L24,cv_acc,0.7175
E1,fakeddit,default,2,tree_B_L32,fit_acc,0.795
E1,fakeddit,default,2,tree_B_L32,cv_acc,0.7075
E1,fakeddit,default,2,tree_C_L2,fit_acc,0.5808333333333333
E1,fakeddit,default,2,tree_C_L2,cv_acc,0.5808333333333333
E1,fakeddit,default,2,tree_C_L3,fit_acc,0.7466666666666667
E1,fakeddit,default,2,tree_C_L3,cv_acc,0.7466666666666667
E1,fakeddit,default,2,tree_C_L4,fit_acc,0.7466666666666667
E1,fakeddit,default,2,tree_C_L4,cv_acc,0.7441666666666666
E1,fakeddit,default,2,tree_C_L6,fit_acc,0.7525
E1,fakeddit,default,2,tree_C_L6,cv_acc,0.7416666666666666
E1,fakeddit,default,2,tree_C_L8,fit_acc,0.7566666666666667
E1,fakeddit,default,2,tree_C_L8,cv_acc,0.7425
E1,fakeddit,default,2,tree_C_L12,fit_acc,0.7641666666666667
E1,fakeddit,default,2,tree_C_L12,cv_acc,0.7399999999999999
E1,fakeddit,default,2,tree_C_L16,fit_acc,0.7666666666666667
E1,fakeddit,default,2,tree_C_L16,cv_acc,0.7316666666666667
E1,fakeddit,default,2,tree_C_L24,fit_acc,0.78
E1,fakeddit,default,2,tree_C_L24,cv_acc,0.7166666666666667
E1,fakeddit,default,2,tree_C_L32,fit_acc,0.7916666666666666
E1,fakeddit,default,2,tree_C_L32,cv_acc,0.7033333333333334
E1,fakeddit,default,2,tree,majority_all,0.3283333333333333
_,fakeddit,default,2,core|fakeddit|default|2,_done,2.61
E2,fakeddit,default,3,all,recon_maxabs,6.106226635438361e-16
E2,fakeddit,default,3,all,n_with_content,1200
E2,fakeddit,default,3,all,n_nodes,1200
E2,fakeddit,default,3,all,flip_content_mean,0.24083333333333334
E2,fakeddit,default,3,all,flip_structure_mean,0.53
E2,fakeddit,default,3,all,spearman_alpha_delta_mean,0.5508887313145423
E2,fakeddit,default,3,all,spearman_alpha_delta,0.5025102654276682
E2,fakeddit,default,3,all,spearman_posthoc_delta,0.11293453348393737
E2,fakeddit,default,3,all,spearman_normshare_delta,0.5025104045211143
E2,fakeddit,default,3,all,spearman_alpha_tvc,0.3819780849839041
E2,fakeddit,default,3,all,spearman_alpha_tvs,-0.3676858857027144
E2,fakeddit,default,3,all,mean_tv_content,0.1557065115320465
E2,fakeddit,default,3,all,mean_tv_structure,0.178340183514846
E2,fakeddit,default,3,all,flip_content,0.255
E2,fakeddit,default,3,all,flip_structure,0.5316666666666666
E2,fakeddit,default,3,all,alpha_std,0.12873833417270766
E2,fakeddit,default,3,all,flip_content_T1,0.1875
E2,fakeddit,default,3,all,flip_structure_T1,0.61
E2,fakeddit,default,3,all,alpha_mean_T1,0.44757078829587277
E2,fakeddit,default,3,all,flip_content_T2,0.26
E2,fakeddit,default,3,all,flip_structure_T2,0.52
E2,fakeddit,default,3,all,alpha_mean_T2,0.6313659205100605
E2,fakeddit,default,3,all,flip_content_T3,0.3175
E2,fakeddit,default,3,all,flip_structure_T3,0.465
E2,fakeddit,default,3,all,alpha_mean_T3,0.6649766833523557
E1,fakeddit,default,3,rules,n_rules,5.0
E1,fakeddit,default,3,rules,fidelity,0.3516666666666667
E1,fakeddit,default,3,rules,coverage,1.0
E1,fakeddit,default,3,rules,majority_covered,0.32166666666666666
E1,fakeddit,default,3,rules,majority_all,0.32166666666666666
E1,fakeddit,default,3,rules,lift_pts,0.030000000000000027
E1,fakeddit,default,3,tree_A_L2,fit_acc,0.36666666666666664
E1,fakeddit,default,3,tree_A_L2,cv_acc,0.36083333333333334
E1,fakeddit,default,3,tree_A_L3,fit_acc,0.38416666666666666
E1,fakeddit,default,3,tree_A_L3,cv_acc,0.37833333333333335
E1,fakeddit,default,3,tree_A_L4,fit_acc,0.38416666666666666
E1,fakeddit,default,3,tree_A_L4,cv_acc,0.37833333333333335
E1,fakeddit,default,3,tree_A_L6,fit_acc,0.38416666666666666
E1,fakeddit,default,3,tree_A_L6,cv_acc,0.37833333333333335
E1,fakeddit,default,3,tree_A_L8,fit_acc,0.3883333333333333
E1,fakeddit,default,3,tree_A_L8,cv_acc,0.3808333333333333
E1,fakeddit,default,3,tree_A_L12,fit_acc,0.4
E1,fakeddit,default,3,tree_A_L12,cv_acc,0.3791666666666667
E1,fakeddit,default,3,tree_A_L16,fit_acc,0.41
E1,fakeddit,default,3,tree_A_L16,cv_acc,0.37333333333333335
E1,fakeddit,default,3,tree_A_L24,fit_acc,0.42
E1,fakeddit,default,3,tree_A_L24,cv_acc,0.3575
E1,fakeddit,default,3,tree_A_L32,fit_acc,0.43333333333333335
E1,fakeddit,default,3,tree_A_L32,cv_acc,0.35083333333333333
E1,fakeddit,default,3,tree_B_L2,fit_acc,0.5633333333333334
E1,fakeddit,default,3,tree_B_L2,cv_acc,0.5591666666666667
E1,fakeddit,default,3,tree_B_L3,fit_acc,0.7291666666666666
E1,fakeddit,default,3,tree_B_L3,cv_acc,0.725
E1,fakeddit,default,3,tree_B_L4,fit_acc,0.795
E1,fakeddit,default,3,tree_B_L4,cv_acc,0.7825
E1,fakeddit,default,3,tree_B_L6,fit_acc,0.8
E1,fakeddit,default,3,tree_B_L6,cv_acc,0.7883333333333333
E1,fakeddit,default,3,tree_B_L8,fit_acc,0.8
E1,fakeddit,default,3,tree_B_L8,cv_acc,0.7816666666666667
E1,fakeddit,default,3,tree_B_L12,fit_acc,0.8091666666666667
E1,fakeddit,default,3,tree_B_L12,cv_acc,0.775
E1,fakeddit,default,3,tree_B_L16,fit_acc,0.82
E1,fakeddit,default,3,tree_B_L16,cv_acc,0.7666666666666667
E1,fakeddit,default,3,tree_B_L24,fit_acc,0.8358333333333333
E1,fakeddit,default,3,tree_B_L24,cv_acc,0.7583333333333334
E1,fakeddit,default,3,tree_B_L32,fit_acc,0.855
E1,fakeddit,default,3,tree_B_L32,cv_acc,0.7541666666666667
E1,fakeddit,default,3,tree_C_L2,fit_acc,0.5633333333333334
E1,fakeddit,default,3,tree_C_L2,cv_acc,0.5591666666666667
E1,fakeddit,default,3,tree_C_L3,fit_acc,0.7291666666666666
E1,fakeddit,default,3,tree_C_L3,cv_acc,0.725
E1,fakeddit,default,3,tree_C_L4,fit_acc,0.795
E1,fakeddit,default,3,tree_C_L4,cv_acc,0.7825
E1,fakeddit,default,3,tree_C_L6,fit_acc,0.8025
E1,fakeddit,default,3,tree_C_L6,cv_acc,0.7791666666666666
E1,fakeddit,default,3,tree_C_L8,fit_acc,0.8025
E1,fakeddit,default,3,tree_C_L8,cv_acc,0.7825
E1,fakeddit,default,3,tree_C_L12,fit_acc,0.8158333333333333
E1,fakeddit,default,3,tree_C_L12,cv_acc,0.7783333333333333
E1,fakeddit,default,3,tree_C_L16,fit_acc,0.8208333333333333
E1,fakeddit,default,3,tree_C_L16,cv_acc,0.7783333333333333
E1,fakeddit,default,3,tree_C_L24,fit_acc,0.8366666666666667
E1,fakeddit,default,3,tree_C_L24,cv_acc,0.7675000000000001
E1,fakeddit,default,3,tree_C_L32,fit_acc,0.8458333333333333
E1,fakeddit,default,3,tree_C_L32,cv_acc,0.7641666666666668
E1,fakeddit,default,3,tree,majority_all,0.32166666666666666
_,fakeddit,default,3,core|fakeddit|default|3,_done,2.59
E2,fakeddit,default,4,all,recon_maxabs,8.326672684688674e-16
E2,fakeddit,default,4,all,n_with_content,1200
E2,fakeddit,default,4,all,n_nodes,1200
E2,fakeddit,default,4,all,flip_content_mean,0.2941666666666667
E2,fakeddit,default,4,all,flip_structure_mean,0.37833333333333335
E2,fakeddit,default,4,all,spearman_alpha_delta_mean,0.4527017774858085
E2,fakeddit,default,4,all,spearman_alpha_delta,0.46611630413371336
E2,fakeddit,default,4,all,spearman_posthoc_delta,-0.03056561150389688
E2,fakeddit,default,4,all,spearman_normshare_delta,0.4661350181493182
E2,fakeddit,default,4,all,spearman_alpha_tvc,0.24658466743153212
E2,fakeddit,default,4,all,spearman_alpha_tvs,-0.3558521531814264
E2,fakeddit,default,4,all,mean_tv_content,0.09997553645435306
E2,fakeddit,default,4,all,mean_tv_structure,0.128772149930552
E2,fakeddit,default,4,all,flip_content,0.2991666666666667
E2,fakeddit,default,4,all,flip_structure,0.38916666666666666
E2,fakeddit,default,4,all,alpha_std,0.1283427467719286
E2,fakeddit,default,4,all,flip_content_T1,0.35
E2,fakeddit,default,4,all,flip_structure_T1,0.5
E2,fakeddit,default,4,all,alpha_mean_T1,0.44875029115237175
E2,fakeddit,default,4,all,flip_content_T2,0.3125
E2,fakeddit,default,4,all,flip_structure_T2,0.3675
E2,fakeddit,default,4,all,alpha_mean_T2,0.6304836824515868
E2,fakeddit,default,4,all,flip_content_T3,0.235
E2,fakeddit,default,4,all,flip_structure_T3,0.3
E2,fakeddit,default,4,all,alpha_mean_T3,0.6646695874183649
E1,fakeddit,default,4,rules,n_rules,5.0
E1,fakeddit,default,4,rules,fidelity,0.36333333333333334
E1,fakeddit,default,4,rules,coverage,1.0
E1,fakeddit,default,4,rules,majority_covered,0.3475
E1,fakeddit,default,4,rules,majority_all,0.3475
E1,fakeddit,default,4,rules,lift_pts,0.015833333333333366
E1,fakeddit,default,4,tree_A_L2,fit_acc,0.3616666666666667
E1,fakeddit,default,4,tree_A_L2,cv_acc,0.35416666666666663
E1,fakeddit,default,4,tree_A_L3,fit_acc,0.385
E1,fakeddit,default,4,tree_A_L3,cv_acc,0.38166666666666665
E1,fakeddit,default,4,tree_A_L4,fit_acc,0.39166666666666666
E1,fakeddit,default,4,tree_A_L4,cv_acc,0.3833333333333333
E1,fakeddit,default,4,tree_A_L6,fit_acc,0.3925
E1,fakeddit,default,4,tree_A_L6,cv_acc,0.37333333333333335
E1,fakeddit,default,4,tree_A_L8,fit_acc,0.41333333333333333
E1,fakeddit,default,4,tree_A_L8,cv_acc,0.37333333333333335
E1,fakeddit,default,4,tree_A_L12,fit_acc,0.42083333333333334
E1,fakeddit,default,4,tree_A_L12,cv_acc,0.38
E1,fakeddit,default,4,tree_A_L16,fit_acc,0.4225
E1,fakeddit,default,4,tree_A_L16,cv_acc,0.3758333333333333
E1,fakeddit,default,4,tree_A_L24,fit_acc,0.43583333333333335
E1,fakeddit,default,4,tree_A_L24,cv_acc,0.37
E1,fakeddit,default,4,tree_A_L32,fit_acc,0.44416666666666665
E1,fakeddit,default,4,tree_A_L32,cv_acc,0.36833333333333335
E1,fakeddit,default,4,tree_B_L2,fit_acc,0.505
E1,fakeddit,default,4,tree_B_L2,cv_acc,0.49333333333333335
E1,fakeddit,default,4,tree_B_L3,fit_acc,0.7016666666666667
E1,fakeddit,default,4,tree_B_L3,cv_acc,0.6849999999999999
E1,fakeddit,default,4,tree_B_L4,fit_acc,0.7125
E1,fakeddit,default,4,tree_B_L4,cv_acc,0.6891666666666667
E1,fakeddit,default,4,tree_B_L6,fit_acc,0.7516666666666667
E1,fakeddit,default,4,tree_B_L6,cv_acc,0.73
E1,fakeddit,default,4,tree_B_L8,fit_acc,0.76
E1,fakeddit,default,4,tree_B_L8,cv_acc,0.7266666666666666
E1,fakeddit,default,4,tree_B_L12,fit_acc,0.7691666666666667
E1,fakeddit,default,4,tree_B_L12,cv_acc,0.7208333333333333
E1,fakeddit,default,4,tree_B_L16,fit_acc,0.78
E1,fakeddit,default,4,tree_B_L16,cv_acc,0.7166666666666666
E1,fakeddit,default,4,tree_B_L24,fit_acc,0.8008333333333333
E1,fakeddit,default,4,tree_B_L24,cv_acc,0.71
E1,fakeddit,default,4,tree_B_L32,fit_acc,0.8208333333333333
E1,fakeddit,default,4,tree_B_L32,cv_acc,0.7066666666666668
E1,fakeddit,default,4,tree_C_L2,fit_acc,0.505
E1,fakeddit,default,4,tree_C_L2,cv_acc,0.49333333333333335
E1,fakeddit,default,4,tree_C_L3,fit_acc,0.7016666666666667
E1,fakeddit,default,4,tree_C_L3,cv_acc,0.6849999999999999
E1,fakeddit,default,4,tree_C_L4,fit_acc,0.7125
E1,fakeddit,default,4,tree_C_L4,cv_acc,0.6958333333333333
E1,fakeddit,default,4,tree_C_L6,fit_acc,0.74
E1,fakeddit,default,4,tree_C_L6,cv_acc,0.7158333333333334
E1,fakeddit,default,4,tree_C_L8,fit_acc,0.74
E1,fakeddit,default,4,tree_C_L8,cv_acc,0.7175
E1,fakeddit,default,4,tree_C_L12,fit_acc,0.7483333333333333
E1,fakeddit,default,4,tree_C_L12,cv_acc,0.7133333333333333
E1,fakeddit,default,4,tree_C_L16,fit_acc,0.7625
E1,fakeddit,default,4,tree_C_L16,cv_acc,0.7125
E1,fakeddit,default,4,tree_C_L24,fit_acc,0.7783333333333333
E1,fakeddit,default,4,tree_C_L24,cv_acc,0.7016666666666667
E1,fakeddit,default,4,tree_C_L32,fit_acc,0.7983333333333333
E1,fakeddit,default,4,tree_C_L32,cv_acc,0.6900000000000001
E1,fakeddit,default,4,tree,majority_all,0.3475
_,fakeddit,default,4,core|fakeddit|default|4,_done,2.58
E2,fakeddit,robust,0,all,recon_maxabs,0.0
E2,fakeddit,robust,0,all,n_with_content,1200
E2,fakeddit,robust,0,all,n_nodes,1200
E2,fakeddit,robust,0,all,flip_content_mean,0.2125
E2,fakeddit,robust,0,all,flip_structure_mean,0.6708333333333333
E2,fakeddit,robust,0,all,spearman_alpha_delta_mean,0.4564903233765666
E2,fakeddit,robust,0,all,spearman_alpha_delta,0.4530871039539056
E2,fakeddit,robust,0,all,spearman_posthoc_delta,-0.010824979739569265
E2,fakeddit,robust,0,all,spearman_normshare_delta,0.45256274483523945
E2,fakeddit,robust,0,all,spearman_alpha_tvc,0.34665273029676524
E2,fakeddit,robust,0,all,spearman_alpha_tvs,-0.46068614137090563
E2,fakeddit,robust,0,all,mean_tv_content,0.18373121259385045
E2,fakeddit,robust,0,all,mean_tv_structure,0.4718854057745023
E2,fakeddit,robust,0,all,flip_content,0.21
E2,fakeddit,robust,0,all,flip_structure,0.7075
E2,fakeddit,robust,0,all,alpha_std,0.13009454779299062
E2,fakeddit,robust,0,all,flip_content_T1,0.1325
E2,fakeddit,robust,0,all,flip_structure_T1,0.8525
E2,fakeddit,robust,0,all,alpha_mean_T1,0.44356947854232937
E2,fakeddit,robust,0,all,flip_content_T2,0.235
E2,fakeddit,robust,0,all,flip_structure_T2,0.68
E2,fakeddit,robust,0,all,alpha_mean_T2,0.6299986088845057
E2,fakeddit,robust,0,all,flip_content_T3,0.2625
E2,fakeddit,robust,0,all,flip_structure_T3,0.59
E2,fakeddit,robust,0,all,alpha_mean_T3,0.6651626216208543
E1,fakeddit,robust,0,rules,n_rules,5.0
E1,fakeddit,robust,0,rules,fidelity,0.22666666666666666
E1,fakeddit,robust,0,rules,coverage,1.0
E1,fakeddit,robust,0,rules,majority_covered,0.175
E1,fakeddit,robust,0,rules,majority_all,0.175
E1,fakeddit,robust,0,rules,lift_pts,0.051666666666666666
E1,fakeddit,robust,0,tree_A_L2,fit_acc,0.22666666666666666
E1,fakeddit,robust,0,tree_A_L2,cv_acc,0.21333333333333332
E1,fakeddit,robust,0,tree_A_L3,fit_acc,0.24333333333333335
E1,fakeddit,robust,0,tree_A_L3,cv_acc,0.23000000000000004
E1,fakeddit,robust,0,tree_A_L4,fit_acc,0.24333333333333335
E1,fakeddit,robust,0,tree_A_L4,cv_acc,0.23000000000000004
E1,fakeddit,robust,0,tree_A_L6,fit_acc,0.24333333333333335
E1,fakeddit,robust,0,tree_A_L6,cv_acc,0.22166666666666668
E1,fakeddit,robust,0,tree_A_L8,fit_acc,0.24666666666666667
E1,fakeddit,robust,0,tree_A_L8,cv_acc,0.22333333333333333
E1,fakeddit,robust,0,tree_A_L12,fit_acc,0.25083333333333335
E1,fakeddit,robust,0,tree_A_L12,cv_acc,0.22166666666666668
E1,fakeddit,robust,0,tree_A_L16,fit_acc,0.26
E1,fakeddit,robust,0,tree_A_L16,cv_acc,0.21833333333333335
E1,fakeddit,robust,0,tree_A_L24,fit_acc,0.27416666666666667
E1,fakeddit,robust,0,tree_A_L24,cv_acc,0.2208333333333333
E1,fakeddit,robust,0,tree_A_L32,fit_acc,0.28583333333333333
E1,fakeddit,robust,0,tree_A_L32,cv_acc,0.2125
E1,fakeddit,robust,0,tree_B_L2,fit_acc,0.3408333333333333
E1,fakeddit,robust,0,tree_B_L2,cv_acc,0.3408333333333334
E1,fakeddit,robust,0,tree_B_L3,fit_acc,0.44333333333333336
E1,fakeddit,robust,0,tree_B_L3,cv_acc,0.43
E1,fakeddit,robust,0,tree_B_L4,fit_acc,0.5366666666666666
E1,fakeddit,robust,0,tree_B_L4,cv_acc,0.5216666666666667
E1,fakeddit,robust,0,tree_B_L6,fit_acc,0.705
E1,fakeddit,robust,0,tree_B_L6,cv_acc,0.7033333333333334
E1,fakeddit,robust,0,tree_B_L8,fit_acc,0.7908333333333334
E1,fakeddit,robust,0,tree_B_L8,cv_acc,0.7858333333333333
E1,fakeddit,robust,0,tree_B_L12,fit_acc,0.8508333333333333
E1,fakeddit,robust,0,tree_B_L12,cv_acc,0.8341666666666667
E1,fakeddit,robust,0,tree_B_L16,fit_acc,0.86
E1,fakeddit,robust,0,tree_B_L16,cv_acc,0.8324999999999999
E1,fakeddit,robust,0,tree_B_L24,fit_acc,0.8691666666666666
E1,fakeddit,robust,0,tree_B_L24,cv_acc,0.8275
E1,fakeddit,robust,0,tree_B_L32,fit_acc,0.8791666666666667
E1,fakeddit,robust,0,tree_B_L32,cv_acc,0.8241666666666667
E1,fakeddit,robust,0,tree_C_L2,fit_acc,0.3408333333333333
E1,fakeddit,robust,0,tree_C_L2,cv_acc,0.3408333333333334
E1,fakeddit,robust,0,tree_C_L3,fit_acc,0.44333333333333336
E1,fakeddit,robust,0,tree_C_L3,cv_acc,0.43
E1,fakeddit,robust,0,tree_C_L4,fit_acc,0.5366666666666666
E1,fakeddit,robust,0,tree_C_L4,cv_acc,0.5216666666666667
E1,fakeddit,robust,0,tree_C_L6,fit_acc,0.705
E1,fakeddit,robust,0,tree_C_L6,cv_acc,0.7033333333333334
E1,fakeddit,robust,0,tree_C_L8,fit_acc,0.7908333333333334
E1,fakeddit,robust,0,tree_C_L8,cv_acc,0.7858333333333333
E1,fakeddit,robust,0,tree_C_L12,fit_acc,0.8125
E1,fakeddit,robust,0,tree_C_L12,cv_acc,0.7849999999999999
E1,fakeddit,robust,0,tree_C_L16,fit_acc,0.8275
E1,fakeddit,robust,0,tree_C_L16,cv_acc,0.79
E1,fakeddit,robust,0,tree_C_L24,fit_acc,0.8558333333333333
E1,fakeddit,robust,0,tree_C_L24,cv_acc,0.7791666666666666
E1,fakeddit,robust,0,tree_C_L32,fit_acc,0.8716666666666667
E1,fakeddit,robust,0,tree_C_L32,cv_acc,0.7725000000000001
E1,fakeddit,robust,0,tree,majority_all,0.175
_,fakeddit,robust,0,core|fakeddit|robust|0,_done,2.78
E2,fakeddit,robust,1,all,recon_maxabs,0.0
E2,fakeddit,robust,1,all,n_with_content,1200
E2,fakeddit,robust,1,all,n_nodes,1200
E2,fakeddit,robust,1,all,flip_content_mean,0.21583333333333332
E2,fakeddit,robust,1,all,flip_structure_mean,0.6691666666666667
E2,fakeddit,robust,1,all,spearman_alpha_delta_mean,0.43768962246432075
E2,fakeddit,robust,1,all,spearman_alpha_delta,0.43576805984342465
E2,fakeddit,robust,1,all,spearman_posthoc_delta,0.04136540372597481
E2,fakeddit,robust,1,all,spearman_normshare_delta,0.43524557308720346
E2,fakeddit,robust,1,all,spearman_alpha_tvc,0.3355805668853383
E2,fakeddit,robust,1,all,spearman_alpha_tvs,-0.44175963501980214
E2,fakeddit,robust,1,all,mean_tv_content,0.18448269689506427
E2,fakeddit,robust,1,all,mean_tv_structure,0.46835073860169757
E2,fakeddit,robust,1,all,flip_content,0.21333333333333335
E2,fakeddit,robust,1,all,flip_structure,0.6941666666666667
E2,fakeddit,robust,1,all,alpha_std,0.12829520518373322
E2,fakeddit,robust,1,all,flip_content_T1,0.15
E2,fakeddit,robust,1,all,flip_structure_T1,0.8175
E2,fakeddit,robust,1,all,alpha_mean_T1,0.4489059778775231
E2,fakeddit,robust,1,all,flip_content_T2,0.235
E2,fakeddit,robust,1,all,flip_structure_T2,0.68
E2,fakeddit,robust,1,all,alpha_mean_T2,0.6302969030956913
E2,fakeddit,robust,1,all,flip_content_T3,0.255
E2,fakeddit,robust,1,all,flip_structure_T3,0.585
E2,fakeddit,robust,1,all,alpha_mean_T3,0.6649611078619635
E1,fakeddit,robust,1,rules,n_rules,5.0
E1,fakeddit,robust,1,rules,fidelity,0.23166666666666666
E1,fakeddit,robust,1,rules,coverage,1.0
E1,fakeddit,robust,1,rules,majority_covered,0.17333333333333334
E1,fakeddit,robust,1,rules,majority_all,0.17333333333333334
E1,fakeddit,robust,1,rules,lift_pts,0.05833333333333332
E1,fakeddit,robust,1,tree_A_L2,fit_acc,0.21166666666666667
E1,fakeddit,robust,1,tree_A_L2,cv_acc,0.19916666666666666
E1,fakeddit,robust,1,tree_A_L3,fit_acc,0.22833333333333333
E1,fakeddit,robust,1,tree_A_L3,cv_acc,0.21583333333333338
E1,fakeddit,robust,1,tree_A_L4,fit_acc,0.22833333333333333
E1,fakeddit,robust,1,tree_A_L4,cv_acc,0.22000000000000003
E1,fakeddit,robust,1,tree_A_L6,fit_acc,0.2525
E1,fakeddit,robust,1,tree_A_L6,cv_acc,0.22749999999999998
E1,fakeddit,robust,1,tree_A_L8,fit_acc,0.2525
E1,fakeddit,robust,1,tree_A_L8,cv_acc,0.22583333333333333
E1,fakeddit,robust,1,tree_A_L12,fit_acc,0.26
E1,fakeddit,robust,1,tree_A_L12,cv_acc,0.22916666666666669
E1,fakeddit,robust,1,tree_A_L16,fit_acc,0.2675
E1,fakeddit,robust,1,tree_A_L16,cv_acc,0.22166666666666668
E1,fakeddit,robust,1,tree_A_L24,fit_acc,0.27666666666666667
E1,fakeddit,robust,1,tree_A_L24,cv_acc,0.2208333333333333
E1,fakeddit,robust,1,tree_A_L32,fit_acc,0.2891666666666667
E1,fakeddit,robust,1,tree_A_L32,cv_acc,0.21000000000000002
E1,fakeddit,robust,1,tree_B_L2,fit_acc,0.3375
E1,fakeddit,robust,1,tree_B_L2,cv_acc,0.3375
E1,fakeddit,robust,1,tree_B_L3,fit_acc,0.44
E1,fakeddit,robust,1,tree_B_L3,cv_acc,0.4241666666666667
E1,fakeddit,robust,1,tree_B_L4,fit_acc,0.5333333333333333
E1,fakeddit,robust,1,tree_B_L4,cv_acc,0.5308333333333334
E1,fakeddit,robust,1,tree_B_L6,fit_acc,0.7016666666666667
E1,fakeddit,robust,1,tree_B_L6,cv_acc,0.6991666666666667
E1,fakeddit,robust,1,tree_B_L8,fit_acc,0.7716666666666666
E1,fakeddit,robust,1,tree_B_L8,cv_acc,0.76
E1,fakeddit,robust,1,tree_B_L12,fit_acc,0.8325
E1,fakeddit,robust,1,tree_B_L12,cv_acc,0.7975000000000001
E1,fakeddit,robust,1,tree_B_L16,fit_acc,0.8466666666666667
E1,fakeddit,robust,1,tree_B_L16,cv_acc,0.8066666666666666
E1,fakeddit,robust,1,tree_B_L24,fit_acc,0.8633333333333333
E1,fakeddit,robust,1,tree_B_L24,cv_acc,0.7825
E1,fakeddit,robust,1,tree_B_L32,fit_acc,0.87
E1,fakeddit,robust,1,tree_B_L32,cv_acc,0.7791666666666666
E1,fakeddit,robust,1,tree_C_L2,fit_acc,0.3375
E1,fakeddit,robust,1,tree_C_L2,cv_acc,0.3375
E1,fakeddit,robust,1,tree_C_L3,fit_acc,0.44
E1,fakeddit,robust,1,tree_C_L3,cv_acc,0.4241666666666667
E1,fakeddit,robust,1,tree_C_L4,fit_acc,0.5333333333333333
E1,fakeddit,robust,1,tree_C_L4,cv_acc,0.5308333333333334
E1,fakeddit,robust,1,tree_C_L6,fit_acc,0.7016666666666667
E1,fakeddit,robust,1,tree_C_L6,cv_acc,0.6991666666666667
E1,fakeddit,robust,1,tree_C_L8,fit_acc,0.7716666666666666
E1,fakeddit,robust,1,tree_C_L8,cv_acc,0.76
E1,fakeddit,robust,1,tree_C_L12,fit_acc,0.7875
E1,fakeddit,robust,1,tree_C_L12,cv_acc,0.7541666666666667
E1,fakeddit,robust,1,tree_C_L16,fit_acc,0.8033333333333333
E1,fakeddit,robust,1,tree_C_L16,cv_acc,0.7483333333333333
E1,fakeddit,robust,1,tree_C_L24,fit_acc,0.8216666666666667
E1,fakeddit,robust,1,tree_C_L24,cv_acc,0.7466666666666667
E1,fakeddit,robust,1,tree_C_L32,fit_acc,0.8408333333333333
E1,fakeddit,robust,1,tree_C_L32,cv_acc,0.7483333333333334
E1,fakeddit,robust,1,tree,majority_all,0.17333333333333334
_,fakeddit,robust,1,core|fakeddit|robust|1,_done,2.61
E2,fakeddit,robust,2,all,recon_maxabs,0.0
E2,fakeddit,robust,2,all,n_with_content,1200
E2,fakeddit,robust,2,all,n_nodes,1200
E2,fakeddit,robust,2,all,flip_content_mean,0.20666666666666667
E2,fakeddit,robust,2,all,flip_structure_mean,0.58
E2,fakeddit,robust,2,all,spearman_alpha_delta_mean,0.4531944847817068
E2,fakeddit,robust,2,all,spearman_alpha_delta,0.48787694346631
E2,fakeddit,robust,2,all,spearman_posthoc_delta,0.1332019883347141
E2,fakeddit,robust,2,all,spearman_normshare_delta,0.48744515794802634
E2,fakeddit,robust,2,all,spearman_alpha_tvc,0.37616588065350054
E2,fakeddit,robust,2,all,spearman_alpha_tvs,-0.46187823384624643
E2,fakeddit,robust,2,all,mean_tv_content,0.1707413826030469
E2,fakeddit,robust,2,all,mean_tv_structure,0.4458786593476423
E2,fakeddit,robust,2,all,flip_content,0.20666666666666667
E2,fakeddit,robust,2,all,flip_structure,0.6408333333333334
E2,fakeddit,robust,2,all,alpha_std,0.12656469330961911
E2,fakeddit,robust,2,all,flip_content_T1,0.1475
E2,fakeddit,robust,2,all,flip_structure_T1,0.7725
E2,fakeddit,robust,2,all,alpha_mean_T1,0.4552037033799526
E2,fakeddit,robust,2,all,flip_content_T2,0.22
E2,fakeddit,robust,2,all,flip_structure_T2,0.6
E2,fakeddit,robust,2,all,alpha_mean_T2,0.6322450691976751
E2,fakeddit,robust,2,all,flip_content_T3,0.2525
E2,fakeddit,robust,2,all,flip_structure_T3,0.55
E2,fakeddit,robust,2,all,alpha_mean_T3,0.664702136051151
E1,fakeddit,robust,2,rules,n_rules,5.0
E1,fakeddit,robust,2,rules,fidelity,0.22583333333333333
E1,fakeddit,robust,2,rules,coverage,1.0
E1,fakeddit,robust,2,rules,majority_covered,0.16666666666666666
E1,fakeddit,robust,2,rules,majority_all,0.16666666666666666
E1,fakeddit,robust,2,rules,lift_pts,0.05916666666666667
E1,fakeddit,robust,2,tree_A_L2,fit_acc,0.21916666666666668
E1,fakeddit,robust,2,tree_A_L2,cv_acc,0.21583333333333332
E1,fakeddit,robust,2,tree_A_L3,fit_acc,0.23583333333333334
E1,fakeddit,robust,2,tree_A_L3,cv_acc,0.2325
E1,fakeddit,robust,2,tree_A_L4,fit_acc,0.23583333333333334
E1,fakeddit,robust,2,tree_A_L4,cv_acc,0.2325
E1,fakeddit,robust,2,tree_A_L6,fit_acc,0.24333333333333335
E1,fakeddit,robust,2,tree_A_L6,cv_acc,0.22999999999999998
E1,fakeddit,robust,2,tree_A_L8,fit_acc,0.24833333333333332
E1,fakeddit,robust,2,tree_A_L8,cv_acc,0.22749999999999998
E1,fakeddit,robust,2,tree_A_L12,fit_acc,0.25666666666666665
E1,fakeddit,robust,2,tree_A_L12,cv_acc,0.2225
E1,fakeddit,robust,2,tree_A_L16,fit_acc,0.2658333333333333
E1,fakeddit,robust,2,tree_A_L16,cv_acc,0.21833333333333335
E1,fakeddit,robust,2,tree_A_L24,fit_acc,0.2725
E1,fakeddit,robust,2,tree_A_L24,cv_acc,0.22000000000000003
E1,fakeddit,robust,2,tree_A_L32,fit_acc,0.2833333333333333
E1,fakeddit,robust,2,tree_A_L32,cv_acc,0.2125
E1,fakeddit,robust,2,tree_B_L2,fit_acc,0.3308333333333333
E1,fakeddit,robust,2,tree_B_L2,cv_acc,0.32333333333333336
E1,fakeddit,robust,2,tree_B_L3,fit_acc,0.4325
E1,fakeddit,robust,2,tree_B_L3,cv_acc,0.41833333333333333
E1,fakeddit,robust,2,tree_B_L4,fit_acc,0.525
E1,fakeddit,robust,2,tree_B_L4,cv_acc,0.5033333333333333
E1,fakeddit,robust,2,tree_B_L6,fit_acc,0.6925
E1,fakeddit,robust,2,tree_B_L6,cv_acc,0.6833333333333333
E1,fakeddit,robust,2,tree_B_L8,fit_acc,0.7883333333333333
E1,fakeddit,robust,2,tree_B_L8,cv_acc,0.7716666666666667
E1,fakeddit,robust,2,tree_B_L12,fit_acc,0.8533333333333334
E1,fakeddit,robust,2,tree_B_L12,cv_acc,0.8324999999999999
E1,fakeddit,robust,2,tree_B_L16,fit_acc,0.8616666666666667
E1,fakeddit,robust,2,tree_B_L16,cv_acc,0.8241666666666667
E1,fakeddit,robust,2,tree_B_L24,fit_acc,0.8841666666666667
E1,fakeddit,robust,2,tree_B_L24,cv_acc,0.8208333333333334
E1,fakeddit,robust,2,tree_B_L32,fit_acc,0.9008333333333334
E1,fakeddit,robust,2,tree_B_L32,cv_acc,0.8191666666666666
E1,fakeddit,robust,2,tree_C_L2,fit_acc,0.3308333333333333
E1,fakeddit,robust,2,tree_C_L2,cv_acc,0.32333333333333336
E1,fakeddit,robust,2,tree_C_L3,fit_acc,0.4325
E1,fakeddit,robust,2,tree_C_L3,cv_acc,0.41833333333333333
E1,fakeddit,robust,2,tree_C_L4,fit_acc,0.525
E1,fakeddit,robust,2,tree_C_L4,cv_acc,0.5033333333333333
E1,fakeddit,robust,2,tree_C_L6,fit_acc,0.6925
E1,fakeddit,robust,2,tree_C_L6,cv_acc,0.6833333333333333
E1,fakeddit,robust,2,tree_C_L8,fit_acc,0.7883333333333333
E1,fakeddit,robust,2,tree_C_L8,cv_acc,0.7716666666666667
E1,fakeddit,robust,2,tree_C_L12,fit_acc,0.795
E1,fakeddit,robust,2,tree_C_L12,cv_acc,0.7766666666666666
E1,fakeddit,robust,2,tree_C_L16,fit_acc,0.8158333333333333
E1,fakeddit,robust,2,tree_C_L16,cv_acc,0.78
E1,fakeddit,robust,2,tree_C_L24,fit_acc,0.8258333333333333
E1,fakeddit,robust,2,tree_C_L24,cv_acc,0.7775000000000001
E1,fakeddit,robust,2,tree_C_L32,fit_acc,0.835
E1,fakeddit,robust,2,tree_C_L32,cv_acc,0.7775000000000001
E1,fakeddit,robust,2,tree,majority_all,0.16666666666666666
_,fakeddit,robust,2,core|fakeddit|robust|2,_done,2.73
E2,fakeddit_real_lcc,default,0,all,recon_maxabs,4.440892098500626e-16
E2,fakeddit_real_lcc,default,0,all,n_with_content,592
E2,fakeddit_real_lcc,default,0,all,n_nodes,592
E2,fakeddit_real_lcc,default,0,all,flip_content_mean,0.10135135135135136
E2,fakeddit_real_lcc,default,0,all,flip_structure_mean,0.6554054054054054
E2,fakeddit_real_lcc,default,0,all,spearman_alpha_delta_mean,0.6339279987234728
E2,fakeddit_real_lcc,default,0,all,spearman_alpha_delta,0.6251664377320283
E2,fakeddit_real_lcc,default,0,all,spearman_posthoc_delta,-0.171633860257909
E2,fakeddit_real_lcc,default,0,all,spearman_normshare_delta,0.6251720985929733
E2,fakeddit_real_lcc,default,0,all,spearman_alpha_tvc,0.5338762563334686
E2,fakeddit_real_lcc,default,0,all,spearman_alpha_tvs,-0.2686700175638767
E2,fakeddit_real_lcc,default,0,all,mean_tv_content,0.18353254044035855
E2,fakeddit_real_lcc,default,0,all,mean_tv_structure,0.13457459975205194
E2,fakeddit_real_lcc,default,0,all,flip_content,0.10472972972972973
E2,fakeddit_real_lcc,default,0,all,flip_structure,0.6351351351351351
E2,fakeddit_real_lcc,default,0,all,alpha_std,0.12477857352807845
E2,fakeddit_real_lcc,default,0,all,flip_content_T1,0.08080808080808081
E2,fakeddit_real_lcc,default,0,all,flip_structure_T1,0.5505050505050505
E2,fakeddit_real_lcc,default,0,all,alpha_mean_T1,0.4322611995255275
E2,fakeddit_real_lcc,default,0,all,flip_content_T2,0.1218274111675127
E2,fakeddit_real_lcc,default,0,all,flip_structure_T2,0.6395939086294417
E2,fakeddit_real_lcc,default,0,all,alpha_mean_T2,0.6229237646060919
E2,fakeddit_real_lcc,default,0,all,flip_content_T3,0.1116751269035533
E2,fakeddit_real_lcc,default,0,all,flip_structure_T3,0.7157360406091371
E2,fakeddit_real_lcc,default,0,all,alpha_mean_T3,0.6646357327303232
E1,fakeddit_real_lcc,default,0,rules,n_rules,5.0
E1,fakeddit_real_lcc,default,0,rules,fidelity,0.4358108108108108
E1,fakeddit_real_lcc,default,0,rules,coverage,1.0
E1,fakeddit_real_lcc,default,0,rules,majority_covered,0.41216216216216217
E1,fakeddit_real_lcc,default,0,rules,majority_all,0.41216216216216217
E1,fakeddit_real_lcc,default,0,rules,lift_pts,0.02364864864864863
E1,fakeddit_real_lcc,default,0,tree_A_L2,fit_acc,0.41216216216216217
E1,fakeddit_real_lcc,default,0,tree_A_L2,cv_acc,0.38850591083891184
E1,fakeddit_real_lcc,default,0,tree_A_L3,fit_acc,0.4155405405405405
E1,fakeddit_real_lcc,default,0,tree_A_L3,cv_acc,0.39359065660162373
E1,fakeddit_real_lcc,default,0,tree_A_L4,fit_acc,0.43243243243243246
E1,fakeddit_real_lcc,default,0,tree_A_L4,cv_acc,0.3901865831078194
E1,fakeddit_real_lcc,default,0,tree_A_L6,fit_acc,0.4358108108108108
E1,fakeddit_real_lcc,default,0,tree_A_L6,cv_acc,0.3919099843327162
E1,fakeddit_real_lcc,default,0,tree_A_L8,fit_acc,0.44256756756756754
E1,fakeddit_real_lcc,default,0,tree_A_L8,cv_acc,0.38853439680957125
E1,fakeddit_real_lcc,default,0,tree_A_L12,fit_acc,0.4543918918918919
E1,fakeddit_real_lcc,default,0,tree_A_L12,cv_acc,0.3715994872525281
E1,fakeddit_real_lcc,default,0,tree_A_L16,fit_acc,0.46621621621621623
E1,fakeddit_real_lcc,default,0,tree_A_L16,cv_acc,0.37668423301523996
E1,fakeddit_real_lcc,default,0,tree_A_L24,fit_acc,0.48986486486486486
E1,fakeddit_real_lcc,default,0,tree_A_L24,cv_acc,0.37330864549209514
E1,fakeddit_real_lcc,default,0,tree_A_L32,fit_acc,0.5050675675675675
E1,fakeddit_real_lcc,default,0,tree_A_L32,cv_acc,0.3682523857000427
E1,fakeddit_real_lcc,default,0,tree_B_L2,fit_acc,0.7533783783783784
E1,fakeddit_real_lcc,default,0,tree_B_L2,cv_acc,0.7534111949864692
E1,fakeddit_real_lcc,default,0,tree_B_L3,fit_acc,0.902027027027027
E1,fakeddit_real_lcc,default,0,tree_B_L3,cv_acc,0.9020367469021509
E1,fakeddit_real_lcc,default,0,tree_B_L4,fit_acc,0.902027027027027
E1,fakeddit_real_lcc,default,0,tree_B_L4,cv_acc,0.9020367469021509
E1,fakeddit_real_lcc,default,0,tree_B_L6,fit_acc,0.9290540540540541
E1,fakeddit_real_lcc,default,0,tree_B_L6,cv_acc,0.9156103119213788
E1,fakeddit_real_lcc,default,0,tree_B_L8,fit_acc,0.9459459459459459
E1,fakeddit_real_lcc,default,0,tree_B_L8,cv_acc,0.9291411479846176
E1,fakeddit_real_lcc,default,0,tree_B_L12,fit_acc,0.9628378378378378
E1,fakeddit_real_lcc,default,0,tree_B_L12,cv_acc,0.9291126620139583
E1,fakeddit_real_lcc,default,0,tree_B_L16,fit_acc,0.9695945945945946
E1,fakeddit_real_lcc,default,0,tree_B_L16,cv_acc,0.9375587523144852
E1,fakeddit_real_lcc,default,0,tree_B_L24,fit_acc,0.9831081081081081
E1,fakeddit_real_lcc,default,0,tree_B_L24,cv_acc,0.9460333285856717
E1,fakeddit_real_lcc,default,0,tree_B_L32,fit_acc,0.9932432432432432
E1,fakeddit_real_lcc,default,0,tree_B_L32,cv_acc,0.9443668993020937
E1,fakeddit_real_lcc,default,0,tree_C_L2,fit_acc,0.7533783783783784
E1,fakeddit_real_lcc,default,0,tree_C_L2,cv_acc,0.7534111949864692
E1,fakeddit_real_lcc,default,0,tree_C_L3,fit_acc,0.902027027027027
E1,fakeddit_real_lcc,default,0,tree_C_L3,cv_acc,0.9020367469021509
E1,fakeddit_real_lcc,default,0,tree_C_L4,fit_acc,0.902027027027027
E1,fakeddit_real_lcc,default,0,tree_C_L4,cv_acc,0.9020367469021509
E1,fakeddit_real_lcc,default,0,tree_C_L6,fit_acc,0.9290540540540541
E1,fakeddit_real_lcc,default,0,tree_C_L6,cv_acc,0.9156103119213788
E1,fakeddit_real_lcc,default,0,tree_C_L8,fit_acc,0.9459459459459459
E1,fakeddit_real_lcc,default,0,tree_C_L8,cv_acc,0.9291411479846176
E1,fakeddit_real_lcc,default,0,tree_C_L12,fit_acc,0.9628378378378378
E1,fakeddit_real_lcc,default,0,tree_C_L12,cv_acc,0.9307933342828658
E1,fakeddit_real_lcc,default,0,tree_C_L16,fit_acc,0.9695945945945946
E1,fakeddit_real_lcc,default,0,tree_C_L16,cv_acc,0.9510183734510754
E1,fakeddit_real_lcc,default,0,tree_C_L24,fit_acc,0.981418918918919
E1,fakeddit_real_lcc,default,0,tree_C_L24,cv_acc,0.9594929497222617
E1,fakeddit_real_lcc,default,0,tree_C_L32,fit_acc,0.9898648648648649
E1,fakeddit_real_lcc,default,0,tree_C_L32,cv_acc,0.9628827802307363
E1,fakeddit_real_lcc,default,0,tree,majority_all,0.41216216216216217
_,fakeddit_real_lcc,default,0,core|fakeddit_real_lcc|default|0,_done,0.83
E2,fakeddit_real_lcc,default,1,all,recon_maxabs,4.440892098500626e-16
E2,fakeddit_real_lcc,default,1,all,n_with_content,592
E2,fakeddit_real_lcc,default,1,all,n_nodes,592
E2,fakeddit_real_lcc,default,1,all,flip_content_mean,0.08108108108108109
E2,fakeddit_real_lcc,default,1,all,flip_structure_mean,0.6097972972972973
E2,fakeddit_real_lcc,default,1,all,spearman_alpha_delta_mean,0.6502895196674885
E2,fakeddit_real_lcc,default,1,all,spearman_alpha_delta,0.6644161002005642
E2,fakeddit_real_lcc,default,1,all,spearman_posthoc_delta,-0.17591078936427804
E2,fakeddit_real_lcc,default,1,all,spearman_normshare_delta,0.6644171713850967
E2,fakeddit_real_lcc,default,1,all,spearman_alpha_tvc,0.5288518192459619
E2,fakeddit_real_lcc,default,1,all,spearman_alpha_tvs,-0.31798555874873785
E2,fakeddit_real_lcc,default,1,all,mean_tv_content,0.16695746130120312
E2,fakeddit_real_lcc,default,1,all,mean_tv_structure,0.12646594908653822
E2,fakeddit_real_lcc,default,1,all,flip_content,0.07432432432432433
E2,fakeddit_real_lcc,default,1,all,flip_structure,0.597972972972973
E2,fakeddit_real_lcc,default,1,all,alpha_std,0.1253176152837179
E2,fakeddit_real_lcc,default,1,all,flip_content_T1,0.045454545454545456
E2,fakeddit_real_lcc,default,1,all,flip_structure_T1,0.5303030303030303
E2,fakeddit_real_lcc,default,1,all,alpha_mean_T1,0.4299687073802299
E2,fakeddit_real_lcc,default,1,all,flip_content_T2,0.07614213197969544
E2,fakeddit_real_lcc,default,1,all,flip_structure_T2,0.6700507614213198
E2,fakeddit_real_lcc,default,1,all,alpha_mean_T2,0.6235599607261891
E2,fakeddit_real_lcc,default,1,all,flip_content_T3,0.10152284263959391
E2,fakeddit_real_lcc,default,1,all,flip_structure_T3,0.5939086294416244
E2,fakeddit_real_lcc,default,1,all,alpha_mean_T3,0.664571111920956
E1,fakeddit_real_lcc,default,1,rules,n_rules,5.0
E1,fakeddit_real_lcc,default,1,rules,fidelity,0.42567567567567566
E1,fakeddit_real_lcc,default,1,rules,coverage,1.0
E1,fakeddit_real_lcc,default,1,rules,majority_covered,0.42567567567567566
E1,fakeddit_real_lcc,default,1,rules,majority_all,0.42567567567567566
E1,fakeddit_real_lcc,default,1,rules,lift_pts,0.0
E1,fakeddit_real_lcc,default,1,tree_A_L2,fit_acc,0.44425675675675674
E1,fakeddit_real_lcc,default,1,tree_A_L2,cv_acc,0.4357926221335992
E1,fakeddit_real_lcc,default,1,tree_A_L3,fit_acc,0.46452702702702703
E1,fakeddit_real_lcc,default,1,tree_A_L3,cv_acc,0.41562455490670847
E1,fakeddit_real_lcc,default,1,tree_A_L4,fit_acc,0.46452702702702703
E1,fakeddit_real_lcc,default,1,tree_A_L4,cv_acc,0.4054693063666145
E1,fakeddit_real_lcc,default,1,tree_A_L6,fit_acc,0.46621621621621623
E1,fakeddit_real_lcc,default,1,tree_A_L6,cv_acc,0.40552627830793336
E1,fakeddit_real_lcc,default,1,tree_A_L8,fit_acc,0.46959459459459457
E1,fakeddit_real_lcc,default,1,tree_A_L8,cv_acc,0.415596068936049
E1,fakeddit_real_lcc,default,1,tree_A_L12,fit_acc,0.48817567567567566
E1,fakeddit_real_lcc,default,1,tree_A_L12,cv_acc,0.40710724967953277
E1,fakeddit_real_lcc,default,1,tree_A_L16,fit_acc,0.49493243243243246
E1,fakeddit_real_lcc,default,1,tree_A_L16,cv_acc,0.4071072496795328
E1,fakeddit_real_lcc,default,1,tree_A_L24,fit_acc,0.5135135135135135
E1,fakeddit_real_lcc,default,1,tree_A_L24,cv_acc,0.39871813132032474
E1,fakeddit_real_lcc,default,1,tree_A_L32,fit_acc,0.5405405405405406
E1,fakeddit_real_lcc,default,1,tree_A_L32,cv_acc,0.3987181313203247
E1,fakeddit_real_lcc,default,1,tree_B_L2,fit_acc,0.7804054054054054
E1,fakeddit_real_lcc,default,1,tree_B_L2,cv_acc,0.7803589232303091
E1,fakeddit_real_lcc,default,1,tree_B_L3,fit_acc,0.9273648648648649
E1,fakeddit_real_lcc,default,1,tree_B_L3,cv_acc,0.9273750178037317
E1,fakeddit_real_lcc,default,1,tree_B_L4,fit_acc,0.9273648648648649
E1,fakeddit_real_lcc,default,1,tree_B_L4,cv_acc,0.9273750178037317
E1,fakeddit_real_lcc,default,1,tree_B_L6,fit_acc,0.9442567567567568
E1,fakeddit_real_lcc,default,1,tree_B_L6,cv_acc,0.9392109386127332
E1,fakeddit_real_lcc,default,1,tree_B_L8,fit_acc,0.9442567567567568
E1,fakeddit_real_lcc,default,1,tree_B_L8,cv_acc,0.9409058538669706
E1,fakeddit_real_lcc,default,1,tree_B_L12,fit_acc,0.9679054054054054
E1,fakeddit_real_lcc,default,1,tree_B_L12,cv_acc,0.9561031192137872
E1,fakeddit_real_lcc,default,1,tree_B_L16,fit_acc,0.9797297297297297
E1,fakeddit_real_lcc,default,1,tree_B_L16,cv_acc,0.9578122774533542
E1,fakeddit_real_lcc,default,1,tree_B_L24,fit_acc,0.9915540540540541
E1,fakeddit_real_lcc,default,1,tree_B_L24,cv_acc,0.956117362199117
E1,fakeddit_real_lcc,default,1,tree_B_L32,fit_acc,0.9983108108108109
E1,fakeddit_real_lcc,default,1,tree_B_L32,cv_acc,0.9476570289132603
E1,fakeddit_real_lcc,default,1,tree_C_L2,fit_acc,0.7804054054054054
E1,fakeddit_real_lcc,default,1,tree_C_L2,cv_acc,0.7803589232303091
E1,fakeddit_real_lcc,default,1,tree_C_L3,fit_acc,0.9273648648648649
E1,fakeddit_real_lcc,default,1,tree_C_L3,cv_acc,0.9273750178037317
E1,fakeddit_real_lcc,default,1,tree_C_L4,fit_acc,0.9273648648648649
E1,fakeddit_real_lcc,default,1,tree_C_L4,cv_acc,0.9273750178037317
E1,fakeddit_real_lcc,default,1,tree_C_L6,fit_acc,0.9442567567567568
E1,fakeddit_real_lcc,default,1,tree_C_L6,cv_acc,0.9392109386127332
E1,fakeddit_real_lcc,default,1,tree_C_L8,fit_acc,0.9442567567567568
E1,fakeddit_real_lcc,default,1,tree_C_L8,cv_acc,0.9409058538669706
E1,fakeddit_real_lcc,default,1,tree_C_L12,fit_acc,0.9679054054054054
E1,fakeddit_real_lcc,default,1,tree_C_L12,cv_acc,0.957826520438684
E1,fakeddit_real_lcc,default,1,tree_C_L16,fit_acc,0.9797297297297297
E1,fakeddit_real_lcc,default,1,tree_C_L16,cv_acc,0.9595214356929211
E1,fakeddit_real_lcc,default,1,tree_C_L24,fit_acc,0.9881756756756757
E1,fakeddit_real_lcc,default,1,tree_C_L24,cv_acc,0.956160091155106
E1,fakeddit_real_lcc,default,1,tree_C_L32,fit_acc,0.9915540540540541
E1,fakeddit_real_lcc,default,1,tree_C_L32,cv_acc,0.9595499216635807
E1,fakeddit_real_lcc,default,1,tree,majority_all,0.42567567567567566
_,fakeddit_real_lcc,default,1,core|fakeddit_real_lcc|default|1,_done,0.75
E2,fakeddit,robust,3,all,recon_maxabs,0.0
E2,fakeddit,robust,3,all,n_with_content,1200
E2,fakeddit,robust,3,all,n_nodes,1200
E2,fakeddit,robust,3,all,flip_content_mean,0.21166666666666667
E2,fakeddit,robust,3,all,flip_structure_mean,0.6608333333333334
E2,fakeddit,robust,3,all,spearman_alpha_delta_mean,0.4381209028153283
E2,fakeddit,robust,3,all,spearman_alpha_delta,0.4349190623775172
E2,fakeddit,robust,3,all,spearman_posthoc_delta,0.06004397225275851
E2,fakeddit,robust,3,all,spearman_normshare_delta,0.43439394749579685
E2,fakeddit,robust,3,all,spearman_alpha_tvc,0.3330773268621567
E2,fakeddit,robust,3,all,spearman_alpha_tvs,-0.44432512842161587
E2,fakeddit,robust,3,all,mean_tv_content,0.1837002617337017
E2,fakeddit,robust,3,all,mean_tv_structure,0.46949253605026553
E2,fakeddit,robust,3,all,flip_content,0.21083333333333334
E2,fakeddit,robust,3,all,flip_structure,0.6891666666666667
E2,fakeddit,robust,3,all,alpha_std,0.12873833417270766
E2,fakeddit,robust,3,all,flip_content_T1,0.1225
E2,fakeddit,robust,3,all,flip_structure_T1,0.82
E2,fakeddit,robust,3,all,alpha_mean_T1,0.44757078829587277
E2,fakeddit,robust,3,all,flip_content_T2,0.2475
E2,fakeddit,robust,3,all,flip_structure_T2,0.6725
E2,fakeddit,robust,3,all,alpha_mean_T2,0.6313659205100605
E2,fakeddit,robust,3,all,flip_content_T3,0.2625
E2,fakeddit,robust,3,all,flip_structure_T3,0.575
E2,fakeddit,robust,3,all,alpha_mean_T3,0.6649766833523557
E1,fakeddit,robust,3,rules,n_rules,5.0
E1,fakeddit,robust,3,rules,fidelity,0.22583333333333333
E1,fakeddit,robust,3,rules,coverage,1.0
E1,fakeddit,robust,3,rules,majority_covered,0.175
E1,fakeddit,robust,3,rules,majority_all,0.175
E1,fakeddit,robust,3,rules,lift_pts,0.05083333333333334
E1,fakeddit,robust,3,tree_A_L2,fit_acc,0.22083333333333333
E1,fakeddit,robust,3,tree_A_L2,cv_acc,0.20166666666666666
E1,fakeddit,robust,3,tree_A_L3,fit_acc,0.2375
E1,fakeddit,robust,3,tree_A_L3,cv_acc,0.21833333333333335
E1,fakeddit,robust,3,tree_A_L4,fit_acc,0.2375
E1,fakeddit,robust,3,tree_A_L4,cv_acc,0.225
E1,fakeddit,robust,3,tree_A_L6,fit_acc,0.24583333333333332
E1,fakeddit,robust,3,tree_A_L6,cv_acc,0.2316666666666667
E1,fakeddit,robust,3,tree_A_L8,fit_acc,0.25083333333333335
E1,fakeddit,robust,3,tree_A_L8,cv_acc,0.22749999999999998
E1,fakeddit,robust,3,tree_A_L12,fit_acc,0.25583333333333336
E1,fakeddit,robust,3,tree_A_L12,cv_acc,0.225
E1,fakeddit,robust,3,tree_A_L16,fit_acc,0.26
E1,fakeddit,robust,3,tree_A_L16,cv_acc,0.22916666666666666
E1,fakeddit,robust,3,tree_A_L24,fit_acc,0.2733333333333333
E1,fakeddit,robust,3,tree_A_L24,cv_acc,0.22749999999999998
E1,fakeddit,robust,3,tree_A_L32,fit_acc,0.285
E1,fakeddit,robust,3,tree_A_L32,cv_acc,0.22583333333333333
E1,fakeddit,robust,3,tree_B_L2,fit_acc,0.33916666666666667
E1,fakeddit,robust,3,tree_B_L2,cv_acc,0.33916666666666667
E1,fakeddit,robust,3,tree_B_L3,fit_acc,0.4425
E1,fakeddit,robust,3,tree_B_L3,cv_acc,0.4408333333333333
E1,fakeddit,robust,3,tree_B_L4,fit_acc,0.535
E1,fakeddit,robust,3,tree_B_L4,cv_acc,0.5208333333333333
E1,fakeddit,robust,3,tree_B_L6,fit_acc,0.7025
E1,fakeddit,robust,3,tree_B_L6,cv_acc,0.6991666666666667
E1,fakeddit,robust,3,tree_B_L8,fit_acc,0.765
E1,fakeddit,robust,3,tree_B_L8,cv_acc,0.7741666666666667
E1,fakeddit,robust,3,tree_B_L12,fit_acc,0.8325
E1,fakeddit,robust,3,tree_B_L12,cv_acc,0.8083333333333333
E1,fakeddit,robust,3,tree_B_L16,fit_acc,0.8391666666666666
E1,fakeddit,robust,3,tree_B_L16,cv_acc,0.8125
E1,fakeddit,robust,3,tree_B_L24,fit_acc,0.8608333333333333
E1,fakeddit,robust,3,tree_B_L24,cv_acc,0.8016666666666667
E1,fakeddit,robust,3,tree_B_L32,fit_acc,0.8841666666666667
E1,fakeddit,robust,3,tree_B_L32,cv_acc,0.8075000000000001
E1,fakeddit,robust,3,tree_C_L2,fit_acc,0.33916666666666667
E1,fakeddit,robust,3,tree_C_L2,cv_acc,0.33916666666666667
E1,fakeddit,robust,3,tree_C_L3,fit_acc,0.4425
E1,fakeddit,robust,3,tree_C_L3,cv_acc,0.4408333333333333
E1,fakeddit,robust,3,tree_C_L4,fit_acc,0.535
E1,fakeddit,robust,3,tree_C_L4,cv_acc,0.5208333333333333
E1,fakeddit,robust,3,tree_C_L6,fit_acc,0.7025
E1,fakeddit,robust,3,tree_C_L6,cv_acc,0.6991666666666667
E1,fakeddit,robust,3,tree_C_L8,fit_acc,0.765
E1,fakeddit,robust,3,tree_C_L8,cv_acc,0.7533333333333333
E1,fakeddit,robust,3,tree_C_L12,fit_acc,0.7933333333333333
E1,fakeddit,robust,3,tree_C_L12,cv_acc,0.7666666666666666
E1,fakeddit,robust,3,tree_C_L16,fit_acc,0.8033333333333333
E1,fakeddit,robust,3,tree_C_L16,cv_acc,0.7649999999999999
E1,fakeddit,robust,3,tree_C_L24,fit_acc,0.8233333333333334
E1,fakeddit,robust,3,tree_C_L24,cv_acc,0.7533333333333334
E1,fakeddit,robust,3,tree_C_L32,fit_acc,0.8425
E1,fakeddit,robust,3,tree_C_L32,cv_acc,0.7558333333333334
E1,fakeddit,robust,3,tree,majority_all,0.175
_,fakeddit,robust,3,core|fakeddit|robust|3,_done,2.53
E2,fakeddit,robust,4,all,recon_maxabs,0.0
E2,fakeddit,robust,4,all,n_with_content,1200
E2,fakeddit,robust,4,all,n_nodes,1200
E2,fakeddit,robust,4,all,flip_content_mean,0.28
E2,fakeddit,robust,4,all,flip_structure_mean,0.5866666666666667
E2,fakeddit,robust,4,all,spearman_alpha_delta_mean,0.5053284530993287
E2,fakeddit,robust,4,all,spearman_alpha_delta,0.5004234091136861
E2,fakeddit,robust,4,all,spearman_posthoc_delta,0.10245307809241536
E2,fakeddit,robust,4,all,spearman_normshare_delta,0.499969409700979
E2,fakeddit,robust,4,all,spearman_alpha_tvc,0.38944617779424334
E2,fakeddit,robust,4,all,spearman_alpha_tvs,-0.504143354059093
E2,fakeddit,robust,4,all,mean_tv_content,0.21547944413866552
E2,fakeddit,robust,4,all,mean_tv_structure,0.4653185643053077
E2,fakeddit,robust,4,all,flip_content,0.2791666666666667
E2,fakeddit,robust,4,all,flip_structure,0.6191666666666666
E2,fakeddit,robust,4,all,alpha_std,0.1283427467719286
E2,fakeddit,robust,4,all,flip_content_T1,0.185
E2,fakeddit,robust,4,all,flip_structure_T1,0.765
E2,fakeddit,robust,4,all,alpha_mean_T1,0.44875029115237175
E2,fakeddit,robust,4,all,flip_content_T2,0.3
E2,fakeddit,robust,4,all,flip_structure_T2,0.595
E2,fakeddit,robust,4,all,alpha_mean_T2,0.6304836824515868
E2,fakeddit,robust,4,all,flip_content_T3,0.3525
E2,fakeddit,robust,4,all,flip_structure_T3,0.4975
E2,fakeddit,robust,4,all,alpha_mean_T3,0.6646695874183649
E1,fakeddit,robust,4,rules,n_rules,5.0
E1,fakeddit,robust,4,rules,fidelity,0.2225
E1,fakeddit,robust,4,rules,coverage,1.0
E1,fakeddit,robust,4,rules,majority_covered,0.17166666666666666
E1,fakeddit,robust,4,rules,majority_all,0.17166666666666666
E1,fakeddit,robust,4,rules,lift_pts,0.05083333333333334
E1,fakeddit,robust,4,tree_A_L2,fit_acc,0.2125
E1,fakeddit,robust,4,tree_A_L2,cv_acc,0.20749999999999996
E1,fakeddit,robust,4,tree_A_L3,fit_acc,0.22916666666666666
E1,fakeddit,robust,4,tree_A_L3,cv_acc,0.22333333333333333
E1,fakeddit,robust,4,tree_A_L4,fit_acc,0.23916666666666667
E1,fakeddit,robust,4,tree_A_L4,cv_acc,0.22416666666666668
E1,fakeddit,robust,4,tree_A_L6,fit_acc,0.23916666666666667
E1,fakeddit,robust,4,tree_A_L6,cv_acc,0.21999999999999997
E1,fakeddit,robust,4,tree_A_L8,fit_acc,0.24333333333333335
E1,fakeddit,robust,4,tree_A_L8,cv_acc,0.2166666666666667
E1,fakeddit,robust,4,tree_A_L12,fit_acc,0.25
E1,fakeddit,robust,4,tree_A_L12,cv_acc,0.21500000000000002
E1,fakeddit,robust,4,tree_A_L16,fit_acc,0.25416666666666665
E1,fakeddit,robust,4,tree_A_L16,cv_acc,0.2166666666666667
E1,fakeddit,robust,4,tree_A_L24,fit_acc,0.27
E1,fakeddit,robust,4,tree_A_L24,cv_acc,0.21166666666666667
E1,fakeddit,robust,4,tree_A_L32,fit_acc,0.2816666666666667
E1,fakeddit,robust,4,tree_A_L32,cv_acc,0.20583333333333337
E1,fakeddit,robust,4,tree_B_L2,fit_acc,0.2733333333333333
E1,fakeddit,robust,4,tree_B_L2,cv_acc,0.2658333333333333
E1,fakeddit,robust,4,tree_B_L3,fit_acc,0.365
E1,fakeddit,robust,4,tree_B_L3,cv_acc,0.3433333333333333
E1,fakeddit,robust,4,tree_B_L4,fit_acc,0.4508333333333333
E1,fakeddit,robust,4,tree_B_L4,cv_acc,0.42250000000000004
E1,fakeddit,robust,4,tree_B_L6,fit_acc,0.6158333333333333
E1,fakeddit,robust,4,tree_B_L6,cv_acc,0.6108333333333333
E1,fakeddit,robust,4,tree_B_L8,fit_acc,0.7041666666666667
E1,fakeddit,robust,4,tree_B_L8,cv_acc,0.6933333333333334
E1,fakeddit,robust,4,tree_B_L12,fit_acc,0.775
E1,fakeddit,robust,4,tree_B_L12,cv_acc,0.7466666666666667
E1,fakeddit,robust,4,tree_B_L16,fit_acc,0.7916666666666666
E1,fakeddit,robust,4,tree_B_L16,cv_acc,0.7591666666666667
E1,fakeddit,robust,4,tree_B_L24,fit_acc,0.815
E1,fakeddit,robust,4,tree_B_L24,cv_acc,0.7716666666666666
E1,fakeddit,robust,4,tree_B_L32,fit_acc,0.835
E1,fakeddit,robust,4,tree_B_L32,cv_acc,0.765
E1,fakeddit,robust,4,tree_C_L2,fit_acc,0.2733333333333333
E1,fakeddit,robust,4,tree_C_L2,cv_acc,0.2658333333333333
E1,fakeddit,robust,4,tree_C_L3,fit_acc,0.365
E1,fakeddit,robust,4,tree_C_L3,cv_acc,0.3433333333333333
E1,fakeddit,robust,4,tree_C_L4,fit_acc,0.4508333333333333
E1,fakeddit,robust,4,tree_C_L4,cv_acc,0.42250000000000004
E1,fakeddit,robust,4,tree_C_L6,fit_acc,0.6158333333333333
E1,fakeddit,robust,4,tree_C_L6,cv_acc,0.6108333333333333
E1,fakeddit,robust,4,tree_C_L8,fit_acc,0.7041666666666667
E1,fakeddit,robust,4,tree_C_L8,cv_acc,0.6933333333333334
E1,fakeddit,robust,4,tree_C_L12,fit_acc,0.7183333333333334
E1,fakeddit,robust,4,tree_C_L12,cv_acc,0.6908333333333333
E1,fakeddit,robust,4,tree_C_L16,fit_acc,0.7241666666666666
E1,fakeddit,robust,4,tree_C_L16,cv_acc,0.6883333333333332
E1,fakeddit,robust,4,tree_C_L24,fit_acc,0.755
E1,fakeddit,robust,4,tree_C_L24,cv_acc,0.6933333333333334
E1,fakeddit,robust,4,tree_C_L32,fit_acc,0.7675
E1,fakeddit,robust,4,tree_C_L32,cv_acc,0.69
E1,fakeddit,robust,4,tree,majority_all,0.17166666666666666
_,fakeddit,robust,4,core|fakeddit|robust|4,_done,2.36
E2,fakeddit_real_lcc,default,2,all,recon_maxabs,3.3306690738754696e-16
E2,fakeddit_real_lcc,default,2,all,n_with_content,592
E2,fakeddit_real_lcc,default,2,all,n_nodes,592
E2,fakeddit_real_lcc,default,2,all,flip_content_mean,0.05067567567567568
E2,fakeddit_real_lcc,default,2,all,flip_structure_mean,0.5574324324324325
E2,fakeddit_real_lcc,default,2,all,spearman_alpha_delta_mean,0.5280562207153161
E2,fakeddit_real_lcc,default,2,all,spearman_alpha_delta,0.41837435543973717
E2,fakeddit_real_lcc,default,2,all,spearman_posthoc_delta,0.29304431334888187
E2,fakeddit_real_lcc,default,2,all,spearman_normshare_delta,0.41837616200530403
E2,fakeddit_real_lcc,default,2,all,spearman_alpha_tvc,0.22154959493045567
E2,fakeddit_real_lcc,default,2,all,spearman_alpha_tvs,-0.23982117700464087
E2,fakeddit_real_lcc,default,2,all,mean_tv_content,0.0477687653850718
E2,fakeddit_real_lcc,default,2,all,mean_tv_structure,0.08606009628250098
E2,fakeddit_real_lcc,default,2,all,flip_content,0.05067567567567568
E2,fakeddit_real_lcc,default,2,all,flip_structure,0.5641891891891891
E2,fakeddit_real_lcc,default,2,all,alpha_std,0.12846723303623298
E2,fakeddit_real_lcc,default,2,all,flip_content_T1,0.005050505050505051
E2,fakeddit_real_lcc,default,2,all,flip_structure_T1,0.601010101010101
E2,fakeddit_real_lcc,default,2,all,alpha_mean_T1,0.4251719633770721
E2,fakeddit_real_lcc,default,2,all,flip_content_T2,0.05583756345177665
E2,fakeddit_real_lcc,default,2,all,flip_structure_T2,0.5126903553299492
E2,fakeddit_real_lcc,default,2,all,alpha_mean_T2,0.6243895531918622
E2,fakeddit_real_lcc,default,2,all,flip_content_T3,0.09137055837563451
E2,fakeddit_real_lcc,default,2,all,flip_structure_T3,0.5786802030456852
E2,fakeddit_real_lcc,default,2,all,alpha_mean_T3,0.6648863845302354
E1,fakeddit_real_lcc,default,2,rules,n_rules,5.0
E1,fakeddit_real_lcc,default,2,rules,fidelity,0.46114864864864863
E1,fakeddit_real_lcc,default,2,rules,coverage,1.0
E1,fakeddit_real_lcc,default,2,rules,majority_covered,0.4560810810810811
E1,fakeddit_real_lcc,default,2,rules,majority_all,0.4560810810810811
E1,fakeddit_real_lcc,default,2,rules,lift_pts,0.0050675675675675436
E1,fakeddit_real_lcc,default,2,tree_A_L2,fit_acc,0.4560810810810811
E1,fakeddit_real_lcc,default,2,tree_A_L2,cv_acc,0.4560888762284575
E1,fakeddit_real_lcc,default,2,tree_A_L3,fit_acc,0.4594594594594595
E1,fakeddit_real_lcc,default,2,tree_A_L3,cv_acc,0.4375302663438257
E1,fakeddit_real_lcc,default,2,tree_A_L4,fit_acc,0.46283783783783783
E1,fakeddit_real_lcc,default,2,tree_A_L4,cv_acc,0.430779091297536
E1,fakeddit_real_lcc,default,2,tree_A_L6,fit_acc,0.46790540540540543
E1,fakeddit_real_lcc,default,2,tree_A_L6,cv_acc,0.42227602905569006
E1,fakeddit_real_lcc,default,2,tree_A_L8,fit_acc,0.47128378378378377
E1,fakeddit_real_lcc,default,2,tree_A_L8,cv_acc,0.42058111380145285
E1,fakeddit_real_lcc,default,2,tree_A_L12,fit_acc,0.4797297297297297
E1,fakeddit_real_lcc,default,2,tree_A_L12,cv_acc,0.42058111380145285
E1,fakeddit_real_lcc,default,2,tree_A_L16,fit_acc,0.5135135135135135
E1,fakeddit_real_lcc,default,2,tree_A_L16,cv_acc,0.42058111380145285
E1,fakeddit_real_lcc,default,2,tree_A_L24,fit_acc,0.5371621621621622
E1,fakeddit_real_lcc,default,2,tree_A_L24,cv_acc,0.42233300099700893
E1,fakeddit_real_lcc,default,2,tree_A_L32,fit_acc,0.5692567567567568
E1,fakeddit_real_lcc,default,2,tree_A_L32,cv_acc,0.4223472439823387
E1,fakeddit_real_lcc,default,2,tree_B_L2,fit_acc,0.8614864864864865
E1,fakeddit_real_lcc,default,2,tree_B_L2,cv_acc,0.8599202392821536
E1,fakeddit_real_lcc,default,2,tree_B_L3,fit_acc,0.9510135135135135
E1,fakeddit_real_lcc,default,2,tree_B_L3,cv_acc,0.949380430138157
E1,fakeddit_real_lcc,default,2,tree_B_L4,fit_acc,0.9510135135135135
E1,fakeddit_real_lcc,default,2,tree_B_L4,cv_acc,0.949380430138157
E1,fakeddit_real_lcc,default,2,tree_B_L6,fit_acc,0.9712837837837838
E1,fakeddit_real_lcc,default,2,tree_B_L6,cv_acc,0.9679532830081184
E1,fakeddit_real_lcc,default,2,tree_B_L8,fit_acc,0.9780405405405406
E1,fakeddit_real_lcc,default,2,tree_B_L8,cv_acc,0.9746902150690786
E1,fakeddit_real_lcc,default,2,tree_B_L12,fit_acc,0.9847972972972973
E1,fakeddit_real_lcc,default,2,tree_B_L12,cv_acc,0.9746759720837488
E1,fakeddit_real_lcc,default,2,tree_B_L16,fit_acc,0.9932432432432432
E1,fakeddit_real_lcc,default,2,tree_B_L16,cv_acc,0.9763708873379862
E1,fakeddit_real_lcc,default,2,tree_B_L24,fit_acc,1.0
E1,fakeddit_real_lcc,default,2,tree_B_L24,cv_acc,0.9696339552770261
E1,fakeddit_real_lcc,default,2,tree_B_L32,fit_acc,1.0
E1,fakeddit_real_lcc,default,2,tree_B_L32,cv_acc,0.9696339552770261
E1,fakeddit_real_lcc,default,2,tree_C_L2,fit_acc,0.8614864864864865
E1,fakeddit_real_lcc,default,2,tree_C_L2,cv_acc,0.8599202392821536
E1,fakeddit_real_lcc,default,2,tree_C_L3,fit_acc,0.9510135135135135
E1,fakeddit_real_lcc,default,2,tree_C_L3,cv_acc,0.949380430138157
E1,fakeddit_real_lcc,default,2,tree_C_L4,fit_acc,0.9510135135135135
E1,fakeddit_real_lcc,default,2,tree_C_L4,cv_acc,0.949380430138157
E1,fakeddit_real_lcc,default,2,tree_C_L6,fit_acc,0.9712837837837838
E1,fakeddit_real_lcc,default,2,tree_C_L6,cv_acc,0.9679532830081184
E1,fakeddit_real_lcc,default,2,tree_C_L8,fit_acc,0.9780405405405406
E1,fakeddit_real_lcc,default,2,tree_C_L8,cv_acc,0.9729952998148412
E1,fakeddit_real_lcc,default,2,tree_C_L12,fit_acc,0.9847972972972973
E1,fakeddit_real_lcc,default,2,tree_C_L12,cv_acc,0.9746759720837488
E1,fakeddit_real_lcc,default,2,tree_C_L16,fit_acc,0.9932432432432432
E1,fakeddit_real_lcc,default,2,tree_C_L16,cv_acc,0.9814556331006978
E1,fakeddit_real_lcc,default,2,tree_C_L24,fit_acc,0.9966216216216216
E1,fakeddit_real_lcc,default,2,tree_C_L24,cv_acc,0.9848312206238428
E1,fakeddit_real_lcc,default,2,tree_C_L32,fit_acc,0.9966216216216216
E1,fakeddit_real_lcc,default,2,tree_C_L32,cv_acc,0.9848312206238428
E1,fakeddit_real_lcc,default,2,tree,majority_all,0.4560810810810811
_,fakeddit_real_lcc,default,2,core|fakeddit_real_lcc|default|2,_done,0.84
E2,fakeddit_real_lcc,default,3,all,recon_maxabs,1.6653345369377348e-16
E2,fakeddit_real_lcc,default,3,all,n_with_content,592
E2,fakeddit_real_lcc,default,3,all,n_nodes,592
E2,fakeddit_real_lcc,default,3,all,flip_content_mean,0.05067567567567568
E2,fakeddit_real_lcc,default,3,all,flip_structure_mean,0.4206081081081081
E2,fakeddit_real_lcc,default,3,all,spearman_alpha_delta_mean,0.6614917528843113
E2,fakeddit_real_lcc,default,3,all,spearman_alpha_delta,0.6165521915933737
E2,fakeddit_real_lcc,default,3,all,spearman_posthoc_delta,-0.48660037058313044
E2,fakeddit_real_lcc,default,3,all,spearman_normshare_delta,0.6165512633442201
E2,fakeddit_real_lcc,default,3,all,spearman_alpha_tvc,0.45938904880940024
E2,fakeddit_real_lcc,default,3,all,spearman_alpha_tvs,-0.3241512087771172
E2,fakeddit_real_lcc,default,3,all,mean_tv_content,0.0018532397171640846
E2,fakeddit_real_lcc,default,3,all,mean_tv_structure,0.001458877007047184
E2,fakeddit_real_lcc,default,3,all,flip_content,0.05067567567567568
E2,fakeddit_real_lcc,default,3,all,flip_structure,0.4797297297297297
E2,fakeddit_real_lcc,default,3,all,alpha_std,0.12634567144542297
E2,fakeddit_real_lcc,default,3,all,flip_content_T1,0.020202020202020204
E2,fakeddit_real_lcc,default,3,all,flip_structure_T1,0.4696969696969697
E2,fakeddit_real_lcc,default,3,all,alpha_mean_T1,0.43266115146802964
E2,fakeddit_real_lcc,default,3,all,flip_content_T2,0.03553299492385787
E2,fakeddit_real_lcc,default,3,all,flip_structure_T2,0.5329949238578681
E2,fakeddit_real_lcc,default,3,all,alpha_mean_T2,0.6295409750901841
E2,fakeddit_real_lcc,default,3,all,flip_content_T3,0.09644670050761421
E2,fakeddit_real_lcc,default,3,all,flip_structure_T3,0.4365482233502538
E2,fakeddit_real_lcc,default,3,all,alpha_mean_T3,0.663707744334193
E1,fakeddit_real_lcc,default,3,rules,n_rules,5.0
E1,fakeddit_real_lcc,default,3,rules,fidelity,0.535472972972973
E1,fakeddit_real_lcc,default,3,rules,coverage,1.0
E1,fakeddit_real_lcc,default,3,rules,majority_covered,0.5101351351351351
E1,fakeddit_real_lcc,default,3,rules,majority_all,0.5101351351351351
E1,fakeddit_real_lcc,default,3,rules,lift_pts,0.02533783783783794
E1,fakeddit_real_lcc,default,3,tree_A_L2,fit_acc,0.535472972972973
E1,fakeddit_real_lcc,default,3,tree_A_L2,cv_acc,0.5219911693490955
E1,fakeddit_real_lcc,default,3,tree_A_L3,fit_acc,0.5371621621621622
E1,fakeddit_real_lcc,default,3,tree_A_L3,cv_acc,0.5050420168067227
E1,fakeddit_real_lcc,default,3,tree_A_L4,fit_acc,0.5371621621621622
E1,fakeddit_real_lcc,default,3,tree_A_L4,cv_acc,0.49155390969947305
E1,fakeddit_real_lcc,default,3,tree_A_L6,fit_acc,0.543918918918919
E1,fakeddit_real_lcc,default,3,tree_A_L6,cv_acc,0.4965959265061957
E1,fakeddit_real_lcc,default,3,tree_A_L8,fit_acc,0.5726351351351351
E1,fakeddit_real_lcc,default,3,tree_A_L8,cv_acc,0.5237003275886625
E1,fakeddit_real_lcc,default,3,tree_A_L12,fit_acc,0.6013513513513513
E1,fakeddit_real_lcc,default,3,tree_A_L12,cv_acc,0.5135593220338983
E1,fakeddit_real_lcc,default,3,tree_A_L16,fit_acc,0.6148648648648649
E1,fakeddit_real_lcc,default,3,tree_A_L16,cv_acc,0.5051417177040307
E1,fakeddit_real_lcc,default,3,tree_A_L24,fit_acc,0.6452702702702703
E1,fakeddit_real_lcc,default,3,tree_A_L24,cv_acc,0.49831932773109244
E1,fakeddit_real_lcc,default,3,tree_A_L32,fit_acc,0.6655405405405406
E1,fakeddit_real_lcc,default,3,tree_A_L32,cv_acc,0.520310497080188
E1,fakeddit_real_lcc,default,3,tree_B_L2,fit_acc,0.9476351351351351
E1,fakeddit_real_lcc,default,3,tree_B_L2,cv_acc,0.9459478706736931
E1,fakeddit_real_lcc,default,3,tree_B_L3,fit_acc,0.9476351351351351
E1,fakeddit_real_lcc,default,3,tree_B_L3,cv_acc,0.9459478706736931
E1,fakeddit_real_lcc,default,3,tree_B_L4,fit_acc,0.9577702702702703
E1,fakeddit_real_lcc,default,3,tree_B_L4,cv_acc,0.9510183734510754
E1,fakeddit_real_lcc,default,3,tree_B_L6,fit_acc,0.9763513513513513
E1,fakeddit_real_lcc,default,3,tree_B_L6,cv_acc,0.9644922375729955
E1,fakeddit_real_lcc,default,3,tree_B_L8,fit_acc,0.9780405405405406
E1,fakeddit_real_lcc,default,3,tree_B_L8,cv_acc,0.9627973223187581
E1,fakeddit_real_lcc,default,3,tree_B_L12,fit_acc,0.9864864864864865
E1,fakeddit_real_lcc,default,3,tree_B_L12,cv_acc,0.9678678250961402
E1,fakeddit_real_lcc,default,3,tree_B_L16,fit_acc,0.9898648648648649
E1,fakeddit_real_lcc,default,3,tree_B_L16,cv_acc,0.9678678250961402
E1,fakeddit_real_lcc,default,3,tree_B_L24,fit_acc,0.9983108108108109
E1,fakeddit_real_lcc,default,3,tree_B_L24,cv_acc,0.9678535821108106
E1,fakeddit_real_lcc,default,3,tree_B_L32,fit_acc,1.0
E1,fakeddit_real_lcc,default,3,tree_B_L32,cv_acc,0.9678535821108106
E1,fakeddit_real_lcc,default,3,tree_C_L2,fit_acc,0.9476351351351351
E1,fakeddit_real_lcc,default,3,tree_C_L2,cv_acc,0.9459478706736931
E1,fakeddit_real_lcc,default,3,tree_C_L3,fit_acc,0.9476351351351351
E1,fakeddit_real_lcc,default,3,tree_C_L3,cv_acc,0.9459478706736931
E1,fakeddit_real_lcc,default,3,tree_C_L4,fit_acc,0.9577702702702703
E1,fakeddit_real_lcc,default,3,tree_C_L4,cv_acc,0.9510183734510754
E1,fakeddit_real_lcc,default,3,tree_C_L6,fit_acc,0.9763513513513513
E1,fakeddit_real_lcc,default,3,tree_C_L6,cv_acc,0.9644922375729955
E1,fakeddit_real_lcc,default,3,tree_C_L8,fit_acc,0.981418918918919
E1,fakeddit_real_lcc,default,3,tree_C_L8,cv_acc,0.9678820680814699
E1,fakeddit_real_lcc,default,3,tree_C_L12,fit_acc,0.9847972972972973
E1,fakeddit_real_lcc,default,3,tree_C_L12,cv_acc,0.9729525708588522
E1,fakeddit_real_lcc,default,3,tree_C_L16,fit_acc,0.9915540540540541
E1,fakeddit_real_lcc,default,3,tree_C_L16,cv_acc,0.9729525708588522
E1,fakeddit_real_lcc,default,3,tree_C_L24,fit_acc,0.9949324324324325
E1,fakeddit_real_lcc,default,3,tree_C_L24,cv_acc,0.9763139153966673
E1,fakeddit_real_lcc,default,3,tree_C_L32,fit_acc,0.9949324324324325
E1,fakeddit_real_lcc,default,3,tree_C_L32,cv_acc,0.9763139153966673
E1,fakeddit_real_lcc,default,3,tree,majority_all,0.5101351351351351
_,fakeddit_real_lcc,default,3,core|fakeddit_real_lcc|default|3,_done,0.83
E2,fakeddit_real_lcc,default,4,all,recon_maxabs,3.3306690738754696e-16
E2,fakeddit_real_lcc,default,4,all,n_with_content,592
E2,fakeddit_real_lcc,default,4,all,n_nodes,592
E2,fakeddit_real_lcc,default,4,all,flip_content_mean,0.060810810810810814
E2,fakeddit_real_lcc,default,4,all,flip_structure_mean,0.625
E2,fakeddit_real_lcc,default,4,all,spearman_alpha_delta_mean,0.6314638729555714
E2,fakeddit_real_lcc,default,4,all,spearman_alpha_delta,0.6370050109607857
E2,fakeddit_real_lcc,default,4,all,spearman_posthoc_delta,-0.16680492007060002
E2,fakeddit_real_lcc,default,4,all,spearman_normshare_delta,0.6370018742002376
E2,fakeddit_real_lcc,default,4,all,spearman_alpha_tvc,0.4978444430345359
E2,fakeddit_real_lcc,default,4,all,spearman_alpha_tvs,-0.31646761424381015
E2,fakeddit_real_lcc,default,4,all,mean_tv_content,0.13855343879609183
E2,fakeddit_real_lcc,default,4,all,mean_tv_structure,0.10527132947085431
E2,fakeddit_real_lcc,default,4,all,flip_content,0.05574324324324324
E2,fakeddit_real_lcc,default,4,all,flip_structure,0.5709459459459459
E2,fakeddit_real_lcc,default,4,all,alpha_std,0.12629117107533408
E2,fakeddit_real_lcc,default,4,all,flip_content_T1,0.025252525252525252
E2,fakeddit_real_lcc,default,4,all,flip_structure_T1,0.494949494949495
E2,fakeddit_real_lcc,default,4,all,alpha_mean_T1,0.42891184559767326
E2,fakeddit_real_lcc,default,4,all,flip_content_T2,0.06598984771573604
E2,fakeddit_real_lcc,default,4,all,flip_structure_T2,0.6142131979695431
E2,fakeddit_real_lcc,default,4,all,alpha_mean_T2,0.6247356878767865
E2,fakeddit_real_lcc,default,4,all,flip_content_T3,0.07614213197969544
E2,fakeddit_real_lcc,default,4,all,flip_structure_T3,0.6040609137055838
E2,fakeddit_real_lcc,default,4,all,alpha_mean_T3,0.664688374804909
E1,fakeddit_real_lcc,default,4,rules,n_rules,5.0
E1,fakeddit_real_lcc,default,4,rules,fidelity,0.44594594594594594
E1,fakeddit_real_lcc,default,4,rules,coverage,1.0
E1,fakeddit_real_lcc,default,4,rules,majority_covered,0.4375
E1,fakeddit_real_lcc,default,4,rules,majority_all,0.4375
E1,fakeddit_real_lcc,default,4,rules,lift_pts,0.008445945945945943
E1,fakeddit_real_lcc,default,4,tree_A_L2,fit_acc,0.46452702702702703
E1,fakeddit_real_lcc,default,4,tree_A_L2,cv_acc,0.4476997578692495
E1,fakeddit_real_lcc,default,4,tree_A_L3,fit_acc,0.49493243243243246
E1,fakeddit_real_lcc,default,4,tree_A_L3,cv_acc,0.45786924939467316
E1,fakeddit_real_lcc,default,4,tree_A_L4,fit_acc,0.49493243243243246
E1,fakeddit_real_lcc,default,4,tree_A_L4,cv_acc,0.45279874661729097
E1,fakeddit_real_lcc,default,4,tree_A_L6,fit_acc,0.5016891891891891
E1,fakeddit_real_lcc,default,4,tree_A_L6,cv_acc,0.4629397521720552
E1,fakeddit_real_lcc,default,4,tree_A_L8,fit_acc,0.5050675675675675
E1,fakeddit_real_lcc,default,4,tree_A_L8,cv_acc,0.4578122774533543
E1,fakeddit_real_lcc,default,4,tree_A_L12,fit_acc,0.5084459459459459
E1,fakeddit_real_lcc,default,4,tree_A_L12,cv_acc,0.4410055547642786
E1,fakeddit_real_lcc,default,4,tree_A_L16,fit_acc,0.527027027027027
E1,fakeddit_real_lcc,default,4,tree_A_L16,cv_acc,0.43593505198689647
E1,fakeddit_real_lcc,default,4,tree_A_L24,fit_acc,0.5371621621621622
E1,fakeddit_real_lcc,default,4,tree_A_L24,cv_acc,0.4240706452072355
E1,fakeddit_real_lcc,default,4,tree_A_L32,fit_acc,0.5625
E1,fakeddit_real_lcc,default,4,tree_A_L32,cv_acc,0.4038313630536961
E1,fakeddit_real_lcc,default,4,tree_B_L2,fit_acc,0.8057432432432432
E1,fakeddit_real_lcc,default,4,tree_B_L2,cv_acc,0.8057826520438685
E1,fakeddit_real_lcc,default,4,tree_B_L3,fit_acc,0.9476351351351351
E1,fakeddit_real_lcc,default,4,tree_B_L3,cv_acc,0.947614299957271
E1,fakeddit_real_lcc,default,4,tree_B_L4,fit_acc,0.9476351351351351
E1,fakeddit_real_lcc,default,4,tree_B_L4,cv_acc,0.947614299957271
E1,fakeddit_real_lcc,default,4,tree_B_L6,fit_acc,0.9679054054054054
E1,fakeddit_real_lcc,default,4,tree_B_L6,cv_acc,0.9594217347956132
E1,fakeddit_real_lcc,default,4,tree_B_L8,fit_acc,0.9746621621621622
E1,fakeddit_real_lcc,default,4,tree_B_L8,cv_acc,0.9543654750035607
E1,fakeddit_real_lcc,default,4,tree_B_L12,fit_acc,0.9780405405405406
E1,fakeddit_real_lcc,default,4,tree_B_L12,cv_acc,0.9560461472724683
E1,fakeddit_real_lcc,default,4,tree_B_L16,fit_acc,0.9831081081081081
E1,fakeddit_real_lcc,default,4,tree_B_L16,cv_acc,0.9526705597493235
E1,fakeddit_real_lcc,default,4,tree_B_L24,fit_acc,0.9898648648648649
E1,fakeddit_real_lcc,default,4,tree_B_L24,cv_acc,0.9493377011821679
E1,fakeddit_real_lcc,default,4,tree_B_L32,fit_acc,0.9983108108108109
E1,fakeddit_real_lcc,default,4,tree_B_L32,cv_acc,0.9510468594217348
E1,fakeddit_real_lcc,default,4,tree_C_L2,fit_acc,0.8057432432432432
E1,fakeddit_real_lcc,default,4,tree_C_L2,cv_acc,0.8057826520438685
E1,fakeddit_real_lcc,default,4,tree_C_L3,fit_acc,0.9476351351351351
E1,fakeddit_real_lcc,default,4,tree_C_L3,cv_acc,0.947614299957271
E1,fakeddit_real_lcc,default,4,tree_C_L4,fit_acc,0.9476351351351351
E1,fakeddit_real_lcc,default,4,tree_C_L4,cv_acc,0.947614299957271
E1,fakeddit_real_lcc,default,4,tree_C_L6,fit_acc,0.9679054054054054
E1,fakeddit_real_lcc,default,4,tree_C_L6,cv_acc,0.9644922375729953
E1,fakeddit_real_lcc,default,4,tree_C_L8,fit_acc,0.9746621621621622
E1,fakeddit_real_lcc,default,4,tree_C_L8,cv_acc,0.9611308930351802
E1,fakeddit_real_lcc,default,4,tree_C_L12,fit_acc,0.9780405405405406
E1,fakeddit_real_lcc,default,4,tree_C_L12,cv_acc,0.9628115653040877
E1,fakeddit_real_lcc,default,4,tree_C_L16,fit_acc,0.981418918918919
E1,fakeddit_real_lcc,default,4,tree_C_L16,cv_acc,0.9662013958125624
E1,fakeddit_real_lcc,default,4,tree_C_L24,fit_acc,0.9881756756756757
E1,fakeddit_real_lcc,default,4,tree_C_L24,cv_acc,0.9696054693063667
E1,fakeddit_real_lcc,default,4,tree_C_L32,fit_acc,0.9915540540540541
E1,fakeddit_real_lcc,default,4,tree_C_L32,cv_acc,0.9696054693063667
E1,fakeddit_real_lcc,default,4,tree,majority_all,0.4375
_,fakeddit_real_lcc,default,4,core|fakeddit_real_lcc|default|4,_done,0.84
E2,fakeddit_real_lcc,robust,0,all,recon_maxabs,0.0
E2,fakeddit_real_lcc,robust,0,all,n_with_content,592
E2,fakeddit_real_lcc,robust,0,all,n_nodes,592
E2,fakeddit_real_lcc,robust,0,all,flip_content_mean,0.11655405405405406
E2,fakeddit_real_lcc,robust,0,all,flip_structure_mean,0.46114864864864863
E2,fakeddit_real_lcc,robust,0,all,spearman_alpha_delta_mean,0.5383297688383718
E2,fakeddit_real_lcc,robust,0,all,spearman_alpha_delta,0.4906291096116289
E2,fakeddit_real_lcc,robust,0,all,spearman_posthoc_delta,0.18065800368639756
E2,fakeddit_real_lcc,robust,0,all,spearman_normshare_delta,0.49063327886484687
E2,fakeddit_real_lcc,robust,0,all,spearman_alpha_tvc,0.5580232833815084
E2,fakeddit_real_lcc,robust,0,all,spearman_alpha_tvs,-0.3513426560249561
E2,fakeddit_real_lcc,robust,0,all,mean_tv_content,0.27430134900767833
E2,fakeddit_real_lcc,robust,0,all,mean_tv_structure,0.3972730459309316
E2,fakeddit_real_lcc,robust,0,all,flip_content,0.11317567567567567
E2,fakeddit_real_lcc,robust,0,all,flip_structure,0.5945945945945946
E2,fakeddit_real_lcc,robust,0,all,alpha_std,0.12477857352807845
E2,fakeddit_real_lcc,robust,0,all,flip_content_T1,0.020202020202020204
E2,fakeddit_real_lcc,robust,0,all,flip_structure_T1,0.6818181818181818
E2,fakeddit_real_lcc,robust,0,all,alpha_mean_T1,0.4322611995255275
E2,fakeddit_real_lcc,robust,0,all,flip_content_T2,0.1218274111675127
E2,fakeddit_real_lcc,robust,0,all,flip_structure_T2,0.5583756345177665
E2,fakeddit_real_lcc,robust,0,all,alpha_mean_T2,0.6229237646060919
E2,fakeddit_real_lcc,robust,0,all,flip_content_T3,0.19796954314720813
E2,fakeddit_real_lcc,robust,0,all,flip_structure_T3,0.5431472081218274
E2,fakeddit_real_lcc,robust,0,all,alpha_mean_T3,0.6646357327303232
E1,fakeddit_real_lcc,robust,0,rules,n_rules,5.0
E1,fakeddit_real_lcc,robust,0,rules,fidelity,0.31756756756756754
E1,fakeddit_real_lcc,robust,0,rules,coverage,1.0
E1,fakeddit_real_lcc,robust,0,rules,majority_covered,0.28716216216216217
E1,fakeddit_real_lcc,robust,0,rules,majority_all,0.28716216216216217
E1,fakeddit_real_lcc,robust,0,rules,lift_pts,0.030405405405405372
E1,fakeddit_real_lcc,robust,0,tree_A_L2,fit_acc,0.3108108108108108
E1,fakeddit_real_lcc,robust,0,tree_A_L2,cv_acc,0.28038740920096855
E1,fakeddit_real_lcc,robust,0,tree_A_L3,fit_acc,0.32263513513513514
E1,fakeddit_real_lcc,robust,0,tree_A_L3,cv_acc,0.28886198547215497
E1,fakeddit_real_lcc,robust,0,tree_A_L4,fit_acc,0.32263513513513514
E1,fakeddit_real_lcc,robust,0,tree_A_L4,cv_acc,0.2905569007263923
E1,fakeddit_real_lcc,robust,0,tree_A_L6,fit_acc,0.3277027027027027
E1,fakeddit_real_lcc,robust,0,tree_A_L6,cv_acc,0.2803731662156388
E1,fakeddit_real_lcc,robust,0,tree_A_L8,fit_acc,0.3344594594594595
E1,fakeddit_real_lcc,robust,0,tree_A_L8,cv_acc,0.27867825096140153
E1,fakeddit_real_lcc,robust,0,tree_A_L12,fit_acc,0.34290540540540543
E1,fakeddit_real_lcc,robust,0,tree_A_L12,cv_acc,0.2769833357071642
E1,fakeddit_real_lcc,robust,0,tree_A_L16,fit_acc,0.3547297297297297
E1,fakeddit_real_lcc,robust,0,tree_A_L16,cv_acc,0.2618430423016664
E1,fakeddit_real_lcc,robust,0,tree_A_L24,fit_acc,0.375
E1,fakeddit_real_lcc,robust,0,tree_A_L24,cv_acc,0.2600484261501211
E1,fakeddit_real_lcc,robust,0,tree_A_L32,fit_acc,0.40033783783783783
E1,fakeddit_real_lcc,robust,0,tree_A_L32,cv_acc,0.2600341831647913
E1,fakeddit_real_lcc,robust,0,tree_B_L2,fit_acc,0.543918918918919
E1,fakeddit_real_lcc,robust,0,tree_B_L2,cv_acc,0.5438399088448939
E1,fakeddit_real_lcc,robust,0,tree_B_L3,fit_acc,0.6908783783783784
E1,fakeddit_real_lcc,robust,0,tree_B_L3,cv_acc,0.6890898732374305
E1,fakeddit_real_lcc,robust,0,tree_B_L4,fit_acc,0.7888513513513513
E1,fakeddit_real_lcc,robust,0,tree_B_L4,cv_acc,0.7753026634382566
E1,fakeddit_real_lcc,robust,0,tree_B_L6,fit_acc,0.956081081081081
E1,fakeddit_real_lcc,robust,0,tree_B_L6,cv_acc,0.9544651759008689
E1,fakeddit_real_lcc,robust,0,tree_B_L8,fit_acc,0.9712837837837838
E1,fakeddit_real_lcc,robust,0,tree_B_L8,cv_acc,0.9662583677538812
E1,fakeddit_real_lcc,robust,0,tree_B_L12,fit_acc,0.981418918918919
E1,fakeddit_real_lcc,robust,0,tree_B_L12,cv_acc,0.9612163509471585
E1,fakeddit_real_lcc,robust,0,tree_B_L16,fit_acc,0.9932432432432432
E1,fakeddit_real_lcc,robust,0,tree_B_L16,cv_acc,0.9696481982623558
E1,fakeddit_real_lcc,robust,0,tree_B_L24,fit_acc,1.0
E1,fakeddit_real_lcc,robust,0,tree_B_L24,cv_acc,0.9730095428001709
E1,fakeddit_real_lcc,robust,0,tree_B_L32,fit_acc,1.0
E1,fakeddit_real_lcc,robust,0,tree_B_L32,cv_acc,0.9730095428001709
E1,fakeddit_real_lcc,robust,0,tree_C_L2,fit_acc,0.543918918918919
E1,fakeddit_real_lcc,robust,0,tree_C_L2,cv_acc,0.5438399088448939
E1,fakeddit_real_lcc,robust,0,tree_C_L3,fit_acc,0.6908783783783784
E1,fakeddit_real_lcc,robust,0,tree_C_L3,cv_acc,0.6890898732374305
E1,fakeddit_real_lcc,robust,0,tree_C_L4,fit_acc,0.7888513513513513
E1,fakeddit_real_lcc,robust,0,tree_C_L4,cv_acc,0.7753026634382566
E1,fakeddit_real_lcc,robust,0,tree_C_L6,fit_acc,0.956081081081081
E1,fakeddit_real_lcc,robust,0,tree_C_L6,cv_acc,0.9544651759008689
E1,fakeddit_real_lcc,robust,0,tree_C_L8,fit_acc,0.9712837837837838
E1,fakeddit_real_lcc,robust,0,tree_C_L8,cv_acc,0.9662583677538812
E1,fakeddit_real_lcc,robust,0,tree_C_L12,fit_acc,0.981418918918919
E1,fakeddit_real_lcc,robust,0,tree_C_L12,cv_acc,0.9628970232160661
E1,fakeddit_real_lcc,robust,0,tree_C_L16,fit_acc,0.9932432432432432
E1,fakeddit_real_lcc,robust,0,tree_C_L16,cv_acc,0.9763851303233156
E1,fakeddit_real_lcc,robust,0,tree_C_L24,fit_acc,0.9966216216216216
E1,fakeddit_real_lcc,robust,0,tree_C_L24,cv_acc,0.9746902150690785
E1,fakeddit_real_lcc,robust,0,tree_C_L32,fit_acc,0.9966216216216216
E1,fakeddit_real_lcc,robust,0,tree_C_L32,cv_acc,0.9746902150690785
E1,fakeddit_real_lcc,robust,0,tree,majority_all,0.28716216216216217
_,fakeddit_real_lcc,robust,0,core|fakeddit_real_lcc|robust|0,_done,0.83
E2,fakeddit_real_lcc,robust,2,all,recon_maxabs,0.0
E2,fakeddit_real_lcc,robust,2,all,n_with_content,592
E2,fakeddit_real_lcc,robust,2,all,n_nodes,592
E2,fakeddit_real_lcc,robust,2,all,flip_content_mean,0.11993243243243243
E2,fakeddit_real_lcc,robust,2,all,flip_structure_mean,0.46621621621621623
E2,fakeddit_real_lcc,robust,2,all,spearman_alpha_delta_mean,0.4900581561097374
E2,fakeddit_real_lcc,robust,2,all,spearman_alpha_delta,0.44475045228326404
E2,fakeddit_real_lcc,robust,2,all,spearman_posthoc_delta,0.1742543512516377
E2,fakeddit_real_lcc,robust,2,all,spearman_normshare_delta,0.4447510015900973
E2,fakeddit_real_lcc,robust,2,all,spearman_alpha_tvc,0.5296078272714114
E2,fakeddit_real_lcc,robust,2,all,spearman_alpha_tvs,-0.2974443041987912
E2,fakeddit_real_lcc,robust,2,all,mean_tv_content,0.273128071972309
E2,fakeddit_real_lcc,robust,2,all,mean_tv_structure,0.39564364845460653
E2,fakeddit_real_lcc,robust,2,all,flip_content,0.11993243243243243
E2,fakeddit_real_lcc,robust,2,all,flip_structure,0.5996621621621622
E2,fakeddit_real_lcc,robust,2,all,alpha_std,0.12846723303623298
E2,fakeddit_real_lcc,robust,2,all,flip_content_T1,0.06060606060606061
E2,fakeddit_real_lcc,robust,2,all,flip_structure_T1,0.6363636363636364
E2,fakeddit_real_lcc,robust,2,all,alpha_mean_T1,0.4251719633770721
E2,fakeddit_real_lcc,robust,2,all,flip_content_T2,0.10152284263959391
E2,fakeddit_real_lcc,robust,2,all,flip_structure_T2,0.6040609137055838
E2,fakeddit_real_lcc,robust,2,all,alpha_mean_T2,0.6243895531918622
E2,fakeddit_real_lcc,robust,2,all,flip_content_T3,0.19796954314720813
E2,fakeddit_real_lcc,robust,2,all,flip_structure_T3,0.5583756345177665
E2,fakeddit_real_lcc,robust,2,all,alpha_mean_T3,0.6648863845302354
E1,fakeddit_real_lcc,robust,2,rules,n_rules,5.0
E1,fakeddit_real_lcc,robust,2,rules,fidelity,0.3158783783783784
E1,fakeddit_real_lcc,robust,2,rules,coverage,1.0
E1,fakeddit_real_lcc,robust,2,rules,majority_covered,0.28716216216216217
E1,fakeddit_real_lcc,robust,2,rules,majority_all,0.28716216216216217
E1,fakeddit_real_lcc,robust,2,rules,lift_pts,0.028716216216216228
E1,fakeddit_real_lcc,robust,2,tree_A_L2,fit_acc,0.32094594594594594
E1,fakeddit_real_lcc,robust,2,tree_A_L2,cv_acc,0.3074775672981057
E1,fakeddit_real_lcc,robust,2,tree_A_L3,fit_acc,0.32094594594594594
E1,fakeddit_real_lcc,robust,2,tree_A_L3,cv_acc,0.287309500071215
E1,fakeddit_real_lcc,robust,2,tree_A_L4,fit_acc,0.3327702702702703
E1,fakeddit_real_lcc,robust,2,tree_A_L4,cv_acc,0.2890044153254522
E1,fakeddit_real_lcc,robust,2,tree_A_L6,fit_acc,0.33952702702702703
E1,fakeddit_real_lcc,robust,2,tree_A_L6,cv_acc,0.3041019797749608
E1,fakeddit_real_lcc,robust,2,tree_A_L8,fit_acc,0.3581081081081081
E1,fakeddit_real_lcc,robust,2,tree_A_L8,cv_acc,0.31589517162797326
E1,fakeddit_real_lcc,robust,2,tree_A_L12,fit_acc,0.3766891891891892
E1,fakeddit_real_lcc,robust,2,tree_A_L12,cv_acc,0.3108246688505911
E1,fakeddit_real_lcc,robust,2,tree_A_L16,fit_acc,0.3918918918918919
E1,fakeddit_real_lcc,robust,2,tree_A_L16,cv_acc,0.29726534681669275
E1,fakeddit_real_lcc,robust,2,tree_A_L24,fit_acc,0.41385135135135137
E1,fakeddit_real_lcc,robust,2,tree_A_L24,cv_acc,0.30578265204386834
E1,fakeddit_real_lcc,robust,2,tree_A_L32,fit_acc,0.44425675675675674
E1,fakeddit_real_lcc,robust,2,tree_A_L32,cv_acc,0.3176328158381997
E1,fakeddit_real_lcc,robust,2,tree_B_L2,fit_acc,0.5422297297297297
E1,fakeddit_real_lcc,robust,2,tree_B_L2,cv_acc,0.5424583392679105
E1,fakeddit_real_lcc,robust,2,tree_B_L3,fit_acc,0.6891891891891891
E1,fakeddit_real_lcc,robust,2,tree_B_L3,cv_acc,0.6876798176897878
E1,fakeddit_real_lcc,robust,2,tree_B_L4,fit_acc,0.7871621621621622
E1,fakeddit_real_lcc,robust,2,tree_B_L4,cv_acc,0.7754593362768836
E1,fakeddit_real_lcc,robust,2,tree_B_L6,fit_acc,0.956081081081081
E1,fakeddit_real_lcc,robust,2,tree_B_L6,cv_acc,0.9544224469448797
E1,fakeddit_real_lcc,robust,2,tree_B_L8,fit_acc,0.9712837837837838
E1,fakeddit_real_lcc,robust,2,tree_B_L8,cv_acc,0.9544224469448797
E1,fakeddit_real_lcc,robust,2,tree_B_L12,fit_acc,0.9831081081081081
E1,fakeddit_real_lcc,robust,2,tree_B_L12,cv_acc,0.9594644637516023
E1,fakeddit_real_lcc,robust,2,tree_B_L16,fit_acc,0.9881756756756757
E1,fakeddit_real_lcc,robust,2,tree_B_L16,cv_acc,0.9611308930351802
E1,fakeddit_real_lcc,robust,2,tree_B_L24,fit_acc,0.9983108108108109
E1,fakeddit_real_lcc,robust,2,tree_B_L24,cv_acc,0.957826520438684
E1,fakeddit_real_lcc,robust,2,tree_B_L32,fit_acc,1.0
E1,fakeddit_real_lcc,robust,2,tree_B_L32,cv_acc,0.957826520438684
E1,fakeddit_real_lcc,robust,2,tree_C_L2,fit_acc,0.5422297297297297
E1,fakeddit_real_lcc,robust,2,tree_C_L2,cv_acc,0.5424583392679105
E1,fakeddit_real_lcc,robust,2,tree_C_L3,fit_acc,0.6891891891891891
E1,fakeddit_real_lcc,robust,2,tree_C_L3,cv_acc,0.6876798176897878
E1,fakeddit_real_lcc,robust,2,tree_C_L4,fit_acc,0.7871621621621622
E1,fakeddit_real_lcc,robust,2,tree_C_L4,cv_acc,0.7754593362768836
E1,fakeddit_real_lcc,robust,2,tree_C_L6,fit_acc,0.956081081081081
E1,fakeddit_real_lcc,robust,2,tree_C_L6,cv_acc,0.9544224469448797
E1,fakeddit_real_lcc,robust,2,tree_C_L8,fit_acc,0.9712837837837838
E1,fakeddit_real_lcc,robust,2,tree_C_L8,cv_acc,0.9577695484973651
E1,fakeddit_real_lcc,robust,2,tree_C_L12,fit_acc,0.981418918918919
E1,fakeddit_real_lcc,robust,2,tree_C_L12,cv_acc,0.9695912263210369
E1,fakeddit_real_lcc,robust,2,tree_C_L16,fit_acc,0.9881756756756757
E1,fakeddit_real_lcc,robust,2,tree_C_L16,cv_acc,0.9678963110667995
E1,fakeddit_real_lcc,robust,2,tree_C_L24,fit_acc,0.9966216216216216
E1,fakeddit_real_lcc,robust,2,tree_C_L24,cv_acc,0.9713003845606039
E1,fakeddit_real_lcc,robust,2,tree_C_L32,fit_acc,0.9966216216216216
E1,fakeddit_real_lcc,robust,2,tree_C_L32,cv_acc,0.9713003845606039
E1,fakeddit_real_lcc,robust,2,tree,majority_all,0.28716216216216217
_,fakeddit_real_lcc,robust,2,core|fakeddit_real_lcc|robust|2,_done,0.75
E2,fakeddit_real_lcc,robust,1,all,recon_maxabs,0.0
E2,fakeddit_real_lcc,robust,1,all,n_with_content,592
E2,fakeddit_real_lcc,robust,1,all,n_nodes,592
E2,fakeddit_real_lcc,robust,1,all,flip_content_mean,0.11486486486486487
E2,fakeddit_real_lcc,robust,1,all,flip_structure_mean,0.4577702702702703
E2,fakeddit_real_lcc,robust,1,all,spearman_alpha_delta_mean,0.5235192471454047
E2,fakeddit_real_lcc,robust,1,all,spearman_alpha_delta,0.4945831860137277
E2,fakeddit_real_lcc,robust,1,all,spearman_posthoc_delta,0.16924379803057438
E2,fakeddit_real_lcc,robust,1,all,spearman_normshare_delta,0.49458168503117617
E2,fakeddit_real_lcc,robust,1,all,spearman_alpha_tvc,0.5458545097229988
E2,fakeddit_real_lcc,robust,1,all,spearman_alpha_tvs,-0.3739993854073433
E2,fakeddit_real_lcc,robust,1,all,mean_tv_content,0.27412112241504655
E2,fakeddit_real_lcc,robust,1,all,mean_tv_structure,0.39863352351584297
E2,fakeddit_real_lcc,robust,1,all,flip_content,0.11824324324324324
E2,fakeddit_real_lcc,robust,1,all,flip_structure,0.5929054054054054
E2,fakeddit_real_lcc,robust,1,all,alpha_std,0.1253176152837179
E2,fakeddit_real_lcc,robust,1,all,flip_content_T1,0.050505050505050504
E2,fakeddit_real_lcc,robust,1,all,flip_structure_T1,0.6717171717171717
E2,fakeddit_real_lcc,robust,1,all,alpha_mean_T1,0.4299687073802299
E2,fakeddit_real_lcc,robust,1,all,flip_content_T2,0.1218274111675127
E2,fakeddit_real_lcc,robust,1,all,flip_structure_T2,0.5989847715736041
E2,fakeddit_real_lcc,robust,1,all,alpha_mean_T2,0.6235599607261891
E2,fakeddit_real_lcc,robust,1,all,flip_content_T3,0.18274111675126903
E2,fakeddit_real_lcc,robust,1,all,flip_structure_T3,0.5076142131979695
E2,fakeddit_real_lcc,robust,1,all,alpha_mean_T3,0.664571111920956
E1,fakeddit_real_lcc,robust,1,rules,n_rules,5.0
E1,fakeddit_real_lcc,robust,1,rules,fidelity,0.30743243243243246
E1,fakeddit_real_lcc,robust,1,rules,coverage,1.0
E1,fakeddit_real_lcc,robust,1,rules,majority_covered,0.28716216216216217
E1,fakeddit_real_lcc,robust,1,rules,majority_all,0.28716216216216217
E1,fakeddit_real_lcc,robust,1,rules,lift_pts,0.020270270270270285
E1,fakeddit_real_lcc,robust,1,tree_A_L2,fit_acc,0.3141891891891892
E1,fakeddit_real_lcc,robust,1,tree_A_L2,cv_acc,0.278806437829369
E1,fakeddit_real_lcc,robust,1,tree_A_L3,fit_acc,0.32432432432432434
E1,fakeddit_real_lcc,robust,1,tree_A_L3,cv_acc,0.3056829511465603
E1,fakeddit_real_lcc,robust,1,tree_A_L4,fit_acc,0.32432432432432434
E1,fakeddit_real_lcc,robust,1,tree_A_L4,cv_acc,0.2855148839196696
E1,fakeddit_real_lcc,robust,1,tree_A_L6,fit_acc,0.3277027027027027
E1,fakeddit_real_lcc,robust,1,tree_A_L6,cv_acc,0.2720267768124199
E1,fakeddit_real_lcc,robust,1,tree_A_L8,fit_acc,0.3344594594594595
E1,fakeddit_real_lcc,robust,1,tree_A_L8,cv_acc,0.2635949294972226
E1,fakeddit_real_lcc,robust,1,tree_A_L12,fit_acc,0.34290540540540543
E1,fakeddit_real_lcc,robust,1,tree_A_L12,cv_acc,0.25346816692778806
E1,fakeddit_real_lcc,robust,1,tree_A_L16,fit_acc,0.3564189189189189
E1,fakeddit_real_lcc,robust,1,tree_A_L16,cv_acc,0.24668850591083893
E1,fakeddit_real_lcc,robust,1,tree_A_L24,fit_acc,0.38175675675675674
E1,fakeddit_real_lcc,robust,1,tree_A_L24,cv_acc,0.24502207662726105
E1,fakeddit_real_lcc,robust,1,tree_A_L32,fit_acc,0.40371621621621623
E1,fakeddit_real_lcc,robust,1,tree_A_L32,cv_acc,0.2501637943312919
E1,fakeddit_real_lcc,robust,1,tree_B_L2,fit_acc,0.543918918918919
E1,fakeddit_real_lcc,robust,1,tree_B_L2,cv_acc,0.543882637800883
E1,fakeddit_real_lcc,robust,1,tree_B_L3,fit_acc,0.6908783783783784
E1,fakeddit_real_lcc,robust,1,tree_B_L3,cv_acc,0.6875231448511607
E1,fakeddit_real_lcc,robust,1,tree_B_L4,fit_acc,0.7888513513513513
E1,fakeddit_real_lcc,robust,1,tree_B_L4,cv_acc,0.7634809856145848
E1,fakeddit_real_lcc,robust,1,tree_B_L6,fit_acc,0.956081081081081
E1,fakeddit_real_lcc,robust,1,tree_B_L6,cv_acc,0.9526848027346532
E1,fakeddit_real_lcc,robust,1,tree_B_L8,fit_acc,0.9712837837837838
E1,fakeddit_real_lcc,robust,1,tree_B_L8,cv_acc,0.9594217347956132
E1,fakeddit_real_lcc,robust,1,tree_B_L12,fit_acc,0.9831081081081081
E1,fakeddit_real_lcc,robust,1,tree_B_L12,cv_acc,0.9662013958125624
E1,fakeddit_real_lcc,robust,1,tree_B_L16,fit_acc,0.9915540540540541
E1,fakeddit_real_lcc,robust,1,tree_B_L16,cv_acc,0.971286141575274
E1,fakeddit_real_lcc,robust,1,tree_B_L24,fit_acc,1.0
E1,fakeddit_real_lcc,robust,1,tree_B_L24,cv_acc,0.9763566443526563
E1,fakeddit_real_lcc,robust,1,tree_B_L32,fit_acc,1.0
E1,fakeddit_real_lcc,robust,1,tree_B_L32,cv_acc,0.9763566443526563
E1,fakeddit_real_lcc,robust,1,tree_C_L2,fit_acc,0.543918918918919
E1,fakeddit_real_lcc,robust,1,tree_C_L2,cv_acc,0.543882637800883
E1,fakeddit_real_lcc,robust,1,tree_C_L3,fit_acc,0.6908783783783784
E1,fakeddit_real_lcc,robust,1,tree_C_L3,cv_acc,0.6875231448511607
E1,fakeddit_real_lcc,robust,1,tree_C_L4,fit_acc,0.7888513513513513
E1,fakeddit_real_lcc,robust,1,tree_C_L4,cv_acc,0.7634809856145848
E1,fakeddit_real_lcc,robust,1,tree_C_L6,fit_acc,0.956081081081081
E1,fakeddit_real_lcc,robust,1,tree_C_L6,cv_acc,0.9526848027346532
E1,fakeddit_real_lcc,robust,1,tree_C_L8,fit_acc,0.9712837837837838
E1,fakeddit_real_lcc,robust,1,tree_C_L8,cv_acc,0.9594074918102834
E1,fakeddit_real_lcc,robust,1,tree_C_L12,fit_acc,0.9831081081081081
E1,fakeddit_real_lcc,robust,1,tree_C_L12,cv_acc,0.9678535821108104
E1,fakeddit_real_lcc,robust,1,tree_C_L16,fit_acc,0.9915540540540541
E1,fakeddit_real_lcc,robust,1,tree_C_L16,cv_acc,0.9712576556046149
E1,fakeddit_real_lcc,robust,1,tree_C_L24,fit_acc,0.9983108108108109
E1,fakeddit_real_lcc,robust,1,tree_C_L24,cv_acc,0.9780230736362341
E1,fakeddit_real_lcc,robust,1,tree_C_L32,fit_acc,0.9983108108108109
E1,fakeddit_real_lcc,robust,1,tree_C_L32,cv_acc,0.9780230736362341
E1,fakeddit_real_lcc,robust,1,tree,majority_all,0.28716216216216217
_,fakeddit_real_lcc,robust,1,core|fakeddit_real_lcc|robust|1,_done,0.84
E2,fakeddit_real_lcc,robust,3,all,recon_maxabs,0.0
E2,fakeddit_real_lcc,robust,3,all,n_with_content,592
E2,fakeddit_real_lcc,robust,3,all,n_nodes,592
E2,fakeddit_real_lcc,robust,3,all,flip_content_mean,0.12162162162162163
E2,fakeddit_real_lcc,robust,3,all,flip_structure_mean,0.4560810810810811
E2,fakeddit_real_lcc,robust,3,all,spearman_alpha_delta_mean,0.5156787654749977
E2,fakeddit_real_lcc,robust,3,all,spearman_alpha_delta,0.49250160458675835
E2,fakeddit_real_lcc,robust,3,all,spearman_posthoc_delta,0.1720851744306431
E2,fakeddit_real_lcc,robust,3,all,spearman_normshare_delta,0.4925053969147069
E2,fakeddit_real_lcc,robust,3,all,spearman_alpha_tvc,0.5490478931750009
E2,fakeddit_real_lcc,robust,3,all,spearman_alpha_tvs,-0.3685939945397413
E2,fakeddit_real_lcc,robust,3,all,mean_tv_content,0.2719903239549001
E2,fakeddit_real_lcc,robust,3,all,mean_tv_structure,0.3959408602018359
E2,fakeddit_real_lcc,robust,3,all,flip_content,0.12331081081081081
E2,fakeddit_real_lcc,robust,3,all,flip_structure,0.5912162162162162
E2,fakeddit_real_lcc,robust,3,all,alpha_std,0.12634567144542297
E2,fakeddit_real_lcc,robust,3,all,flip_content_T1,0.06565656565656566
E2,fakeddit_real_lcc,robust,3,all,flip_structure_T1,0.6717171717171717
E2,fakeddit_real_lcc,robust,3,all,alpha_mean_T1,0.43266115146802964
E2,fakeddit_real_lcc,robust,3,all,flip_content_T2,0.1319796954314721
E2,fakeddit_real_lcc,robust,3,all,flip_structure_T2,0.583756345177665
E2,fakeddit_real_lcc,robust,3,all,alpha_mean_T2,0.6295409750901841
E2,fakeddit_real_lcc,robust,3,all,flip_content_T3,0.17258883248730963
E2,fakeddit_real_lcc,robust,3,all,flip_structure_T3,0.5177664974619289
E2,fakeddit_real_lcc,robust,3,all,alpha_mean_T3,0.663707744334193
E1,fakeddit_real_lcc,robust,3,rules,n_rules,5.0
E1,fakeddit_real_lcc,robust,3,rules,fidelity,0.3158783783783784
E1,fakeddit_real_lcc,robust,3,rules,coverage,1.0
E1,fakeddit_real_lcc,robust,3,rules,majority_covered,0.28209459459459457
E1,fakeddit_real_lcc,robust,3,rules,majority_all,0.28209459459459457
E1,fakeddit_real_lcc,robust,3,rules,lift_pts,0.03378378378378383
E1,fakeddit_real_lcc,robust,3,tree_A_L2,fit_acc,0.3125
E1,fakeddit_real_lcc,robust,3,tree_A_L2,cv_acc,0.30736362341546786
E1,fakeddit_real_lcc,robust,3,tree_A_L3,fit_acc,0.3310810810810811
E1,fakeddit_real_lcc,robust,3,tree_A_L3,cv_acc,0.3124626121635095
E1,fakeddit_real_lcc,robust,3,tree_A_L4,fit_acc,0.34459459459459457
E1,fakeddit_real_lcc,robust,3,tree_A_L4,cv_acc,0.3209514314200256
E1,fakeddit_real_lcc,robust,3,tree_A_L6,fit_acc,0.36655405405405406
E1,fakeddit_real_lcc,robust,3,tree_A_L6,cv_acc,0.32273180458624123
E1,fakeddit_real_lcc,robust,3,tree_A_L8,fit_acc,0.3783783783783784
E1,fakeddit_real_lcc,robust,3,tree_A_L8,cv_acc,0.31602335849594076
E1,fakeddit_real_lcc,robust,3,tree_A_L12,fit_acc,0.38682432432432434
E1,fakeddit_real_lcc,robust,3,tree_A_L12,cv_acc,0.32106537530266344
E1,fakeddit_real_lcc,robust,3,tree_A_L16,fit_acc,0.40371621621621623
E1,fakeddit_real_lcc,robust,3,tree_A_L16,cv_acc,0.31598062953995154
E1,fakeddit_real_lcc,robust,3,tree_A_L24,fit_acc,0.44425675675675674
E1,fakeddit_real_lcc,robust,3,tree_A_L24,cv_acc,0.33792906993305794
E1,fakeddit_real_lcc,robust,3,tree_A_L32,fit_acc,0.4847972972972973
E1,fakeddit_real_lcc,robust,3,tree_A_L32,cv_acc,0.3395670132459763
E1,fakeddit_real_lcc,robust,3,tree_B_L2,fit_acc,0.5371621621621622
E1,fakeddit_real_lcc,robust,3,tree_B_L2,cv_acc,0.5370744908132744
E1,fakeddit_real_lcc,robust,3,tree_B_L3,fit_acc,0.6841216216216216
E1,fakeddit_real_lcc,robust,3,tree_B_L3,cv_acc,0.684090585386697
E1,fakeddit_real_lcc,robust,3,tree_B_L4,fit_acc,0.7820945945945946
E1,fakeddit_real_lcc,robust,3,tree_B_L4,cv_acc,0.7702179176755447
E1,fakeddit_real_lcc,robust,3,tree_B_L6,fit_acc,0.9493243243243243
E1,fakeddit_real_lcc,robust,3,tree_B_L6,cv_acc,0.9493519441674975
E1,fakeddit_real_lcc,robust,3,tree_B_L8,fit_acc,0.964527027027027
E1,fakeddit_real_lcc,robust,3,tree_B_L8,cv_acc,0.9459763566443528
E1,fakeddit_real_lcc,robust,3,tree_B_L12,fit_acc,0.9695945945945946
E1,fakeddit_real_lcc,robust,3,tree_B_L12,cv_acc,0.9578122774533542
E1,fakeddit_real_lcc,robust,3,tree_B_L16,fit_acc,0.981418918918919
E1,fakeddit_real_lcc,robust,3,tree_B_L16,cv_acc,0.9560888762284575
E1,fakeddit_real_lcc,robust,3,tree_B_L24,fit_acc,0.9915540540540541
E1,fakeddit_real_lcc,robust,3,tree_B_L24,cv_acc,0.9561031192137872
E1,fakeddit_real_lcc,robust,3,tree_B_L32,fit_acc,0.9983108108108109
E1,fakeddit_real_lcc,robust,3,tree_B_L32,cv_acc,0.9577837914826948
E1,fakeddit_real_lcc,robust,3,tree_C_L2,fit_acc,0.5371621621621622
E1,fakeddit_real_lcc,robust,3,tree_C_L2,cv_acc,0.5370744908132744
E1,fakeddit_real_lcc,robust,3,tree_C_L3,fit_acc,0.6841216216216216
E1,fakeddit_real_lcc,robust,3,tree_C_L3,cv_acc,0.684090585386697
E1,fakeddit_real_lcc,robust,3,tree_C_L4,fit_acc,0.7820945945945946
E1,fakeddit_real_lcc,robust,3,tree_C_L4,cv_acc,0.7702179176755447
E1,fakeddit_real_lcc,robust,3,tree_C_L6,fit_acc,0.9493243243243243
E1,fakeddit_real_lcc,robust,3,tree_C_L6,cv_acc,0.9493519441674975
E1,fakeddit_real_lcc,robust,3,tree_C_L8,fit_acc,0.964527027027027
E1,fakeddit_real_lcc,robust,3,tree_C_L8,cv_acc,0.9459621136590229
E1,fakeddit_real_lcc,robust,3,tree_C_L12,fit_acc,0.9746621621621622
E1,fakeddit_real_lcc,robust,3,tree_C_L12,cv_acc,0.9611878649764991
E1,fakeddit_real_lcc,robust,3,tree_C_L16,fit_acc,0.9780405405405406
E1,fakeddit_real_lcc,robust,3,tree_C_L16,cv_acc,0.9679390400227887
E1,fakeddit_real_lcc,robust,3,tree_C_L24,fit_acc,0.9915540540540541
E1,fakeddit_real_lcc,robust,3,tree_C_L24,cv_acc,0.976370887337986
E1,fakeddit_real_lcc,robust,3,tree_C_L32,fit_acc,0.9915540540540541
E1,fakeddit_real_lcc,robust,3,tree_C_L32,cv_acc,0.976370887337986
E1,fakeddit_real_lcc,robust,3,tree,majority_all,0.28209459459459457
_,fakeddit_real_lcc,robust,3,core|fakeddit_real_lcc|robust|3,_done,0.8
E2,fakeddit_real_lcc,robust,4,all,recon_maxabs,0.0
E2,fakeddit_real_lcc,robust,4,all,n_with_content,592
E2,fakeddit_real_lcc,robust,4,all,n_nodes,592
E2,fakeddit_real_lcc,robust,4,all,flip_content_mean,0.11993243243243243
E2,fakeddit_real_lcc,robust,4,all,flip_structure_mean,0.44763513513513514
E2,fakeddit_real_lcc,robust,4,all,spearman_alpha_delta_mean,0.5345911700507487
E2,fakeddit_real_lcc,robust,4,all,spearman_alpha_delta,0.5228738264770555
E2,fakeddit_real_lcc,robust,4,all,spearman_posthoc_delta,0.1777620855376567
E2,fakeddit_real_lcc,robust,4,all,spearman_normshare_delta,0.5228715588667994
E2,fakeddit_real_lcc,robust,4,all,spearman_alpha_tvc,0.5740421975212436
E2,fakeddit_real_lcc,robust,4,all,spearman_alpha_tvs,-0.3884875727168792
E2,fakeddit_real_lcc,robust,4,all,mean_tv_content,0.27662034825219173
E2,fakeddit_real_lcc,robust,4,all,mean_tv_structure,0.3982568868201289
E2,fakeddit_real_lcc,robust,4,all,flip_content,0.12162162162162163
E2,fakeddit_real_lcc,robust,4,all,flip_structure,0.5929054054054054
E2,fakeddit_real_lcc,robust,4,all,alpha_std,0.12629117107533408
E2,fakeddit_real_lcc,robust,4,all,flip_content_T1,0.04040404040404041
E2,fakeddit_real_lcc,robust,4,all,flip_structure_T1,0.6717171717171717
E2,fakeddit_real_lcc,robust,4,all,alpha_mean_T1,0.42891184559767326
E2,fakeddit_real_lcc,robust,4,all,flip_content_T2,0.1319796954314721
E2,fakeddit_real_lcc,robust,4,all,flip_structure_T2,0.6243654822335025
E2,fakeddit_real_lcc,robust,4,all,alpha_mean_T2,0.6247356878767865
E2,fakeddit_real_lcc,robust,4,all,flip_content_T3,0.19289340101522842
E2,fakeddit_real_lcc,robust,4,all,flip_structure_T3,0.48223350253807107
E2,fakeddit_real_lcc,robust,4,all,alpha_mean_T3,0.664688374804909
E1,fakeddit_real_lcc,robust,4,rules,n_rules,5.0
E1,fakeddit_real_lcc,robust,4,rules,fidelity,0.32094594594594594
E1,fakeddit_real_lcc,robust,4,rules,coverage,1.0
E1,fakeddit_real_lcc,robust,4,rules,majority_covered,0.28547297297297297
E1,fakeddit_real_lcc,robust,4,rules,majority_all,0.28547297297297297
E1,fakeddit_real_lcc,robust,4,rules,lift_pts,0.03547297297297297
E1,fakeddit_real_lcc,robust,4,tree_A_L2,fit_acc,0.30236486486486486
E1,fakeddit_real_lcc,robust,4,tree_A_L2,cv_acc,0.2888762284574847
E1,fakeddit_real_lcc,robust,4,tree_A_L3,fit_acc,0.34459459459459457
E1,fakeddit_real_lcc,robust,4,tree_A_L3,cv_acc,0.3226463466742629
E1,fakeddit_real_lcc,robust,4,tree_A_L4,fit_acc,0.3597972972972973
E1,fakeddit_real_lcc,robust,4,tree_A_L4,cv_acc,0.3345107534539239
E1,fakeddit_real_lcc,robust,4,tree_A_L6,fit_acc,0.3716216216216216
E1,fakeddit_real_lcc,robust,4,tree_A_L6,cv_acc,0.3394957983193277
E1,fakeddit_real_lcc,robust,4,tree_A_L8,fit_acc,0.3783783783783784
E1,fakeddit_real_lcc,robust,4,tree_A_L8,cv_acc,0.332744623273038
E1,fakeddit_real_lcc,robust,4,tree_A_L12,fit_acc,0.38175675675675674
E1,fakeddit_real_lcc,robust,4,tree_A_L12,cv_acc,0.31420025637373594
E1,fakeddit_real_lcc,robust,4,tree_A_L16,fit_acc,0.38682432432432434
E1,fakeddit_real_lcc,robust,4,tree_A_L16,cv_acc,0.319270759151118
E1,fakeddit_real_lcc,robust,4,tree_A_L24,fit_acc,0.41216216216216217
E1,fakeddit_real_lcc,robust,4,tree_A_L24,cv_acc,0.30064093433983763
E1,fakeddit_real_lcc,robust,4,tree_A_L32,fit_acc,0.4358108108108108
E1,fakeddit_real_lcc,robust,4,tree_A_L32,cv_acc,0.2989745050562598
E1,fakeddit_real_lcc,robust,4,tree_B_L2,fit_acc,0.5405405405405406
E1,fakeddit_real_lcc,robust,4,tree_B_L2,cv_acc,0.5405070502777383
E1,fakeddit_real_lcc,robust,4,tree_B_L3,fit_acc,0.6875
E1,fakeddit_real_lcc,robust,4,tree_B_L3,cv_acc,0.685742771684945
E1,fakeddit_real_lcc,robust,4,tree_B_L4,fit_acc,0.785472972972973
E1,fakeddit_real_lcc,robust,4,tree_B_L4,cv_acc,0.7516165788349238
E1,fakeddit_real_lcc,robust,4,tree_B_L6,fit_acc,0.9527027027027027
E1,fakeddit_real_lcc,robust,4,tree_B_L6,cv_acc,0.9509898874804159
E1,fakeddit_real_lcc,robust,4,tree_B_L8,fit_acc,0.9679054054054054
E1,fakeddit_real_lcc,robust,4,tree_B_L8,cv_acc,0.9526848027346532
E1,fakeddit_real_lcc,robust,4,tree_B_L12,fit_acc,0.9746621621621622
E1,fakeddit_real_lcc,robust,4,tree_B_L12,cv_acc,0.9645349665289844
E1,fakeddit_real_lcc,robust,4,tree_B_L16,fit_acc,0.9763513513513513
E1,fakeddit_real_lcc,robust,4,tree_B_L16,cv_acc,0.9611736219911693
E1,fakeddit_real_lcc,robust,4,tree_B_L24,fit_acc,0.9898648648648649
E1,fakeddit_real_lcc,robust,4,tree_B_L24,cv_acc,0.9628542942600768
E1,fakeddit_real_lcc,robust,4,tree_B_L32,fit_acc,0.9966216216216216
E1,fakeddit_real_lcc,robust,4,tree_B_L32,cv_acc,0.9577837914826948
E1,fakeddit_real_lcc,robust,4,tree_C_L2,fit_acc,0.5405405405405406
E1,fakeddit_real_lcc,robust,4,tree_C_L2,cv_acc,0.5405070502777383
E1,fakeddit_real_lcc,robust,4,tree_C_L3,fit_acc,0.6875
E1,fakeddit_real_lcc,robust,4,tree_C_L3,cv_acc,0.685742771684945
E1,fakeddit_real_lcc,robust,4,tree_C_L4,fit_acc,0.785472972972973
E1,fakeddit_real_lcc,robust,4,tree_C_L4,cv_acc,0.7516165788349238
E1,fakeddit_real_lcc,robust,4,tree_C_L6,fit_acc,0.9527027027027027
E1,fakeddit_real_lcc,robust,4,tree_C_L6,cv_acc,0.9509898874804159
E1,fakeddit_real_lcc,robust,4,tree_C_L8,fit_acc,0.9679054054054054
E1,fakeddit_real_lcc,robust,4,tree_C_L8,cv_acc,0.9543654750035607
E1,fakeddit_real_lcc,robust,4,tree_C_L12,fit_acc,0.9746621621621622
E1,fakeddit_real_lcc,robust,4,tree_C_L12,cv_acc,0.9628400512747473
E1,fakeddit_real_lcc,robust,4,tree_C_L16,fit_acc,0.981418918918919
E1,fakeddit_real_lcc,robust,4,tree_C_L16,cv_acc,0.9594787067369321
E1,fakeddit_real_lcc,robust,4,tree_C_L24,fit_acc,0.9915540540540541
E1,fakeddit_real_lcc,robust,4,tree_C_L24,cv_acc,0.971286141575274
E1,fakeddit_real_lcc,robust,4,tree_C_L32,fit_acc,0.9915540540540541
E1,fakeddit_real_lcc,robust,4,tree_C_L32,cv_acc,0.971286141575274
E1,fakeddit_real_lcc,robust,4,tree,majority_all,0.28547297297297297
_,fakeddit_real_lcc,robust,4,core|fakeddit_real_lcc|robust|4,_done,0.75
E2,pheme,default,0,all,recon_maxabs,1.2212453270876722e-15
E2,pheme,default,0,all,n_with_content,2000
E2,pheme,default,0,all,n_nodes,2000
E2,pheme,default,0,all,flip_content_mean,0.0015
E2,pheme,default,0,all,flip_structure_mean,0.938
E2,pheme,default,0,all,spearman_alpha_delta_mean,nan
E2,pheme,default,0,all,spearman_alpha_delta,nan
E2,pheme,default,0,all,spearman_posthoc_delta,0.8138259899272364
E2,pheme,default,0,all,spearman_normshare_delta,-0.1305381650220476
E2,pheme,default,0,all,spearman_alpha_tvc,nan
E2,pheme,default,0,all,spearman_alpha_tvs,nan
E2,pheme,default,0,all,mean_tv_content,0.0481158389901754
E2,pheme,default,0,all,mean_tv_structure,0.5474514160177542
E2,pheme,default,0,all,flip_content,0.0015
E2,pheme,default,0,all,flip_structure,0.886
E2,pheme,default,0,all,alpha_std,5.551115123125783e-17
E2,pheme,default,0,all,flip_content_T1,0.0014992503748125937
E2,pheme,default,0,all,flip_structure_T1,0.8950524737631185
E2,pheme,default,0,all,alpha_mean_T1,0.14999999999999997
E2,pheme,default,0,all,flip_content_T2,0.0014992503748125937
E2,pheme,default,0,all,flip_structure_T2,0.8785607196401799
E2,pheme,default,0,all,alpha_mean_T2,0.14999999999999997
E2,pheme,default,0,all,flip_content_T3,0.0015015015015015015
E2,pheme,default,0,all,flip_structure_T3,0.8843843843843844
E2,pheme,default,0,all,alpha_mean_T3,0.14999999999999997
E1,pheme,default,0,rules,n_rules,1.0
E1,pheme,default,0,rules,fidelity,0.191
E1,pheme,default,0,rules,coverage,1.0
E1,pheme,default,0,rules,majority_covered,0.191
E1,pheme,default,0,rules,majority_all,0.191
E1,pheme,default,0,rules,lift_pts,0.0
E1,pheme,default,0,tree_A_L2,fit_acc,0.191
E1,pheme,default,0,tree_A_L2,cv_acc,0.191
E1,pheme,default,0,tree_A_L3,fit_acc,0.191
E1,pheme,default,0,tree_A_L3,cv_acc,0.191
E1,pheme,default,0,tree_A_L4,fit_acc,0.191
E1,pheme,default,0,tree_A_L4,cv_acc,0.191
E1,pheme,default,0,tree_A_L6,fit_acc,0.191
E1,pheme,default,0,tree_A_L6,cv_acc,0.191
E1,pheme,default,0,tree_A_L8,fit_acc,0.191
E1,pheme,default,0,tree_A_L8,cv_acc,0.191
E1,pheme,default,0,tree_A_L12,fit_acc,0.191
E1,pheme,default,0,tree_A_L12,cv_acc,0.191
E1,pheme,default,0,tree_A_L16,fit_acc,0.191
E1,pheme,default,0,tree_A_L16,cv_acc,0.191
E1,pheme,default,0,tree_A_L24,fit_acc,0.191
E1,pheme,default,0,tree_A_L24,cv_acc,0.191
E1,pheme,default,0,tree_A_L32,fit_acc,0.191
E1,pheme,default,0,tree_A_L32,cv_acc,0.191
E1,pheme,default,0,tree_B_L2,fit_acc,0.3315
E1,pheme,default,0,tree_B_L2,cv_acc,0.3315
E1,pheme,default,0,tree_B_L3,fit_acc,0.4505
E1,pheme,default,0,tree_B_L3,cv_acc,0.43150000000000005
E1,pheme,default,0,tree_B_L4,fit_acc,0.5665
E1,pheme,default,0,tree_B_L4,cv_acc,0.5395
E1,pheme,default,0,tree_B_L6,fit_acc,0.795
E1,pheme,default,0,tree_B_L6,cv_acc,0.7755000000000001
E1,pheme,default,0,tree_B_L8,fit_acc,0.9785
E1,pheme,default,0,tree_B_L8,cv_acc,0.9775
E1,pheme,default,0,tree_B_L12,fit_acc,0.998
E1,pheme,default,0,tree_B_L12,cv_acc,0.9960000000000001
E1,pheme,default,0,tree_B_L16,fit_acc,0.998
E1,pheme,default,0,tree_B_L16,cv_acc,0.9960000000000001
E1,pheme,default,0,tree_B_L24,fit_acc,0.998
E1,pheme,default,0,tree_B_L24,cv_acc,0.9960000000000001
E1,pheme,default,0,tree_B_L32,fit_acc,0.998
E1,pheme,default,0,tree_B_L32,cv_acc,0.9960000000000001
E1,pheme,default,0,tree_C_L2,fit_acc,0.3315
E1,pheme,default,0,tree_C_L2,cv_acc,0.3315
E1,pheme,default,0,tree_C_L3,fit_acc,0.4505
E1,pheme,default,0,tree_C_L3,cv_acc,0.43150000000000005
E1,pheme,default,0,tree_C_L4,fit_acc,0.5665
E1,pheme,default,0,tree_C_L4,cv_acc,0.5395
E1,pheme,default,0,tree_C_L6,fit_acc,0.795
E1,pheme,default,0,tree_C_L6,cv_acc,0.7755000000000001
E1,pheme,default,0,tree_C_L8,fit_acc,0.9785
E1,pheme,default,0,tree_C_L8,cv_acc,0.9775
E1,pheme,default,0,tree_C_L12,fit_acc,0.998
E1,pheme,default,0,tree_C_L12,cv_acc,0.994
E1,pheme,default,0,tree_C_L16,fit_acc,0.998
E1,pheme,default,0,tree_C_L16,cv_acc,0.994
E1,pheme,default,0,tree_C_L24,fit_acc,0.998
E1,pheme,default,0,tree_C_L24,cv_acc,0.994
E1,pheme,default,0,tree_C_L32,fit_acc,0.998
E1,pheme,default,0,tree_C_L32,cv_acc,0.994
E1,pheme,default,0,tree,majority_all,0.191
_,pheme,default,0,core|pheme|default|0,_done,2.98
E2,pheme,default,1,all,recon_maxabs,7.771561172376096e-16
E2,pheme,default,1,all,n_with_content,2000
E2,pheme,default,1,all,n_nodes,2000
E2,pheme,default,1,all,flip_content_mean,0.0045
E2,pheme,default,1,all,flip_structure_mean,0.8875
E2,pheme,default,1,all,spearman_alpha_delta_mean,nan
E2,pheme,default,1,all,spearman_alpha_delta,nan
E2,pheme,default,1,all,spearman_posthoc_delta,0.7118504579965025
E2,pheme,default,1,all,spearman_normshare_delta,-0.23495022749423908
E2,pheme,default,1,all,spearman_alpha_tvc,nan
E2,pheme,default,1,all,spearman_alpha_tvs,nan
E2,pheme,default,1,all,mean_tv_content,0.04635947082599849
E2,pheme,default,1,all,mean_tv_structure,0.5574091916218333
E2,pheme,default,1,all,flip_content,0.005
E2,pheme,default,1,all,flip_structure,0.8875
E2,pheme,default,1,all,alpha_std,5.551115123125783e-17
E2,pheme,default,1,all,flip_content_T1,0.0029985007496251873
E2,pheme,default,1,all,flip_structure_T1,0.9025487256371814
E2,pheme,default,1,all,alpha_mean_T1,0.14999999999999997
E2,pheme,default,1,all,flip_content_T2,0.005997001499250375
E2,pheme,default,1,all,flip_structure_T2,0.8770614692653673
E2,pheme,default,1,all,alpha_mean_T2,0.14999999999999997
E2,pheme,default,1,all,flip_content_T3,0.006006006006006006
E2,pheme,default,1,all,flip_structure_T3,0.8828828828828829
E2,pheme,default,1,all,alpha_mean_T3,0.14999999999999997
E1,pheme,default,1,rules,n_rules,1.0
E1,pheme,default,1,rules,fidelity,0.1945
E1,pheme,default,1,rules,coverage,1.0
E1,pheme,default,1,rules,majority_covered,0.1945
E1,pheme,default,1,rules,majority_all,0.1945
E1,pheme,default,1,rules,lift_pts,0.0
E1,pheme,default,1,tree_A_L2,fit_acc,0.1945
E1,pheme,default,1,tree_A_L2,cv_acc,0.1945
E1,pheme,default,1,tree_A_L3,fit_acc,0.1945
E1,pheme,default,1,tree_A_L3,cv_acc,0.1945
E1,pheme,default,1,tree_A_L4,fit_acc,0.1945
E1,pheme,default,1,tree_A_L4,cv_acc,0.1945
E1,pheme,default,1,tree_A_L6,fit_acc,0.1945
E1,pheme,default,1,tree_A_L6,cv_acc,0.1945
E1,pheme,default,1,tree_A_L8,fit_acc,0.1945
E1,pheme,default,1,tree_A_L8,cv_acc,0.1945
E1,pheme,default,1,tree_A_L12,fit_acc,0.1945
E1,pheme,default,1,tree_A_L12,cv_acc,0.1945
E1,pheme,default,1,tree_A_L16,fit_acc,0.1945
E1,pheme,default,1,tree_A_L16,cv_acc,0.1945
E1,pheme,default,1,tree_A_L24,fit_acc,0.1945
E1,pheme,default,1,tree_A_L24,cv_acc,0.1945
E1,pheme,default,1,tree_A_L32,fit_acc,0.1945
E1,pheme,default,1,tree_A_L32,cv_acc,0.1945
E1,pheme,default,1,tree_B_L2,fit_acc,0.3545
E1,pheme,default,1,tree_B_L2,cv_acc,0.35350000000000004
E1,pheme,default,1,tree_B_L3,fit_acc,0.479
E1,pheme,default,1,tree_B_L3,cv_acc,0.473
E1,pheme,default,1,tree_B_L4,fit_acc,0.6
E1,pheme,default,1,tree_B_L4,cv_acc,0.599
E1,pheme,default,1,tree_B_L6,fit_acc,0.8105
E1,pheme,default,1,tree_B_L6,cv_acc,0.8015000000000001
E1,pheme,default,1,tree_B_L8,fit_acc,0.997
E1,pheme,default,1,tree_B_L8,cv_acc,0.9935
E1,pheme,default,1,tree_B_L12,fit_acc,0.9975
E1,pheme,default,1,tree_B_L12,cv_acc,0.9935
E1,pheme,default,1,tree_B_L16,fit_acc,0.9975
E1,pheme,default,1,tree_B_L16,cv_acc,0.9935
E1,pheme,default,1,tree_B_L24,fit_acc,0.9975
E1,pheme,default,1,tree_B_L24,cv_acc,0.9935
E1,pheme,default,1,tree_B_L32,fit_acc,0.9975
E1,pheme,default,1,tree_B_L32,cv_acc,0.9935
E1,pheme,default,1,tree_C_L2,fit_acc,0.3545
E1,pheme,default,1,tree_C_L2,cv_acc,0.35350000000000004
E1,pheme,default,1,tree_C_L3,fit_acc,0.479
E1,pheme,default,1,tree_C_L3,cv_acc,0.473
E1,pheme,default,1,tree_C_L4,fit_acc,0.6
E1,pheme,default,1,tree_C_L4,cv_acc,0.599
E1,pheme,default,1,tree_C_L6,fit_acc,0.8105
E1,pheme,default,1,tree_C_L6,cv_acc,0.8015000000000001
E1,pheme,default,1,tree_C_L8,fit_acc,0.997
E1,pheme,default,1,tree_C_L8,cv_acc,0.9935
E1,pheme,default,1,tree_C_L12,fit_acc,0.9975
E1,pheme,default,1,tree_C_L12,cv_acc,0.9935
E1,pheme,default,1,tree_C_L16,fit_acc,0.9975
E1,pheme,default,1,tree_C_L16,cv_acc,0.9935
E1,pheme,default,1,tree_C_L24,fit_acc,0.9975
E1,pheme,default,1,tree_C_L24,cv_acc,0.9935
E1,pheme,default,1,tree_C_L32,fit_acc,0.9975
E1,pheme,default,1,tree_C_L32,cv_acc,0.9935
E1,pheme,default,1,tree,majority_all,0.1945
_,pheme,default,1,core|pheme|default|1,_done,5.02
E2,pheme,robust,0,all,recon_maxabs,0.0
E2,pheme,robust,0,all,n_with_content,2000
E2,pheme,robust,0,all,n_nodes,2000
E2,pheme,robust,0,all,flip_content_mean,0.0075
E2,pheme,robust,0,all,flip_structure_mean,0.869
E2,pheme,robust,0,all,spearman_alpha_delta_mean,nan
E2,pheme,robust,0,all,spearman_alpha_delta,nan
E2,pheme,robust,0,all,spearman_posthoc_delta,0.744203422829932
E2,pheme,robust,0,all,spearman_normshare_delta,-0.13467803260313096
E2,pheme,robust,0,all,spearman_alpha_tvc,nan
E2,pheme,robust,0,all,spearman_alpha_tvs,nan
E2,pheme,robust,0,all,mean_tv_content,0.08709138674679885
E2,pheme,robust,0,all,mean_tv_structure,0.5022619531985932
E2,pheme,robust,0,all,flip_content,0.008
E2,pheme,robust,0,all,flip_structure,0.869
E2,pheme,robust,0,all,alpha_std,5.551115123125783e-17
E2,pheme,robust,0,all,flip_content_T1,0.013493253373313344
E2,pheme,robust,0,all,flip_structure_T1,0.8755622188905547
E2,pheme,robust,0,all,alpha_mean_T1,0.14999999999999997
E2,pheme,robust,0,all,flip_content_T2,0.005997001499250375
E2,pheme,robust,0,all,flip_structure_T2,0.8665667166416792
E2,pheme,robust,0,all,alpha_mean_T2,0.14999999999999997
E2,pheme,robust,0,all,flip_content_T3,0.0045045045045045045
E2,pheme,robust,0,all,flip_structure_T3,0.8648648648648649
E2,pheme,robust,0,all,alpha_mean_T3,0.14999999999999997
E1,pheme,robust,0,rules,n_rules,1.0
E1,pheme,robust,0,rules,fidelity,0.191
E1,pheme,robust,0,rules,coverage,1.0
E1,pheme,robust,0,rules,majority_covered,0.191
E1,pheme,robust,0,rules,majority_all,0.191
E1,pheme,robust,0,rules,lift_pts,0.0
E1,pheme,robust,0,tree_A_L2,fit_acc,0.191
E1,pheme,robust,0,tree_A_L2,cv_acc,0.191
E1,pheme,robust,0,tree_A_L3,fit_acc,0.191
E1,pheme,robust,0,tree_A_L3,cv_acc,0.191
E1,pheme,robust,0,tree_A_L4,fit_acc,0.191
E1,pheme,robust,0,tree_A_L4,cv_acc,0.191
E1,pheme,robust,0,tree_A_L6,fit_acc,0.191
E1,pheme,robust,0,tree_A_L6,cv_acc,0.191
E1,pheme,robust,0,tree_A_L8,fit_acc,0.191
E1,pheme,robust,0,tree_A_L8,cv_acc,0.191
E1,pheme,robust,0,tree_A_L12,fit_acc,0.191
E1,pheme,robust,0,tree_A_L12,cv_acc,0.191
E1,pheme,robust,0,tree_A_L16,fit_acc,0.191
E1,pheme,robust,0,tree_A_L16,cv_acc,0.191
E1,pheme,robust,0,tree_A_L24,fit_acc,0.191
E1,pheme,robust,0,tree_A_L24,cv_acc,0.191
E1,pheme,robust,0,tree_A_L32,fit_acc,0.191
E1,pheme,robust,0,tree_A_L32,cv_acc,0.191
E1,pheme,robust,0,tree_B_L2,fit_acc,0.3385
E1,pheme,robust,0,tree_B_L2,cv_acc,0.33849999999999997
E1,pheme,robust,0,tree_B_L3,fit_acc,0.4695
E1,pheme,robust,0,tree_B_L3,cv_acc,0.46950000000000003
E1,pheme,robust,0,tree_B_L4,fit_acc,0.5885
E1,pheme,robust,0,tree_B_L4,cv_acc,0.576
E1,pheme,robust,0,tree_B_L6,fit_acc,0.8195
E1,pheme,robust,0,tree_B_L6,cv_acc,0.8180000000000002
E1,pheme,robust,0,tree_B_L8,fit_acc,0.9945
E1,pheme,robust,0,tree_B_L8,cv_acc,0.9925
E1,pheme,robust,0,tree_B_L12,fit_acc,0.997
E1,pheme,robust,0,tree_B_L12,cv_acc,0.9935
E1,pheme,robust,0,tree_B_L16,fit_acc,0.9975
E1,pheme,robust,0,tree_B_L16,cv_acc,0.994
E1,pheme,robust,0,tree_B_L24,fit_acc,0.9975
E1,pheme,robust,0,tree_B_L24,cv_acc,0.994
E1,pheme,robust,0,tree_B_L32,fit_acc,0.9975
E1,pheme,robust,0,tree_B_L32,cv_acc,0.994
E1,pheme,robust,0,tree_C_L2,fit_acc,0.3385
E1,pheme,robust,0,tree_C_L2,cv_acc,0.33849999999999997
E1,pheme,robust,0,tree_C_L3,fit_acc,0.4695
E1,pheme,robust,0,tree_C_L3,cv_acc,0.46950000000000003
E1,pheme,robust,0,tree_C_L4,fit_acc,0.5885
E1,pheme,robust,0,tree_C_L4,cv_acc,0.576
E1,pheme,robust,0,tree_C_L6,fit_acc,0.8195
E1,pheme,robust,0,tree_C_L6,cv_acc,0.8180000000000002
E1,pheme,robust,0,tree_C_L8,fit_acc,0.9945
E1,pheme,robust,0,tree_C_L8,cv_acc,0.9925
E1,pheme,robust,0,tree_C_L12,fit_acc,0.997
E1,pheme,robust,0,tree_C_L12,cv_acc,0.9935
E1,pheme,robust,0,tree_C_L16,fit_acc,0.9975
E1,pheme,robust,0,tree_C_L16,cv_acc,0.994
E1,pheme,robust,0,tree_C_L24,fit_acc,0.9975
E1,pheme,robust,0,tree_C_L24,cv_acc,0.994
E1,pheme,robust,0,tree_C_L32,fit_acc,0.9975
E1,pheme,robust,0,tree_C_L32,cv_acc,0.994
E1,pheme,robust,0,tree,majority_all,0.191
_,pheme,robust,0,core|pheme|robust|0,_done,0.61
E2,pheme,default,4,all,recon_maxabs,8.881784197001252e-16
E2,pheme,default,4,all,n_with_content,2000
E2,pheme,default,4,all,n_nodes,2000
E2,pheme,default,4,all,flip_content_mean,0.0105
E2,pheme,default,4,all,flip_structure_mean,0.927
E2,pheme,default,4,all,spearman_alpha_delta_mean,nan
E2,pheme,default,4,all,spearman_alpha_delta,nan
E2,pheme,default,4,all,spearman_posthoc_delta,0.8107857756626227
E2,pheme,default,4,all,spearman_normshare_delta,-0.2645320484229963
E2,pheme,default,4,all,spearman_alpha_tvc,nan
E2,pheme,default,4,all,spearman_alpha_tvs,nan
E2,pheme,default,4,all,mean_tv_content,0.04642980617122207
E2,pheme,default,4,all,mean_tv_structure,0.5619319388900162
E2,pheme,default,4,all,flip_content,0.011
E2,pheme,default,4,all,flip_structure,0.922
E2,pheme,default,4,all,alpha_std,5.551115123125783e-17
E2,pheme,default,4,all,flip_content_T1,0.0074962518740629685
E2,pheme,default,4,all,flip_structure_T1,0.9085457271364318
E2,pheme,default,4,all,alpha_mean_T1,0.14999999999999997
E2,pheme,default,4,all,flip_content_T2,0.013493253373313344
E2,pheme,default,4,all,flip_structure_T2,0.9205397301349325
E2,pheme,default,4,all,alpha_mean_T2,0.14999999999999997
E2,pheme,default,4,all,flip_content_T3,0.012012012012012012
E2,pheme,default,4,all,flip_structure_T3,0.9369369369369369
E2,pheme,default,4,all,alpha_mean_T3,0.14999999999999997
E1,pheme,default,4,rules,n_rules,1.0
E1,pheme,default,4,rules,fidelity,0.1975
E1,pheme,default,4,rules,coverage,1.0
E1,pheme,default,4,rules,majority_covered,0.1975
E1,pheme,default,4,rules,majority_all,0.1975
E1,pheme,default,4,rules,lift_pts,0.0
E1,pheme,default,4,tree_A_L2,fit_acc,0.1975
E1,pheme,default,4,tree_A_L2,cv_acc,0.1975
E1,pheme,default,4,tree_A_L3,fit_acc,0.1975
E1,pheme,default,4,tree_A_L3,cv_acc,0.1975
E1,pheme,default,4,tree_A_L4,fit_acc,0.1975
E1,pheme,default,4,tree_A_L4,cv_acc,0.1975
E1,pheme,default,4,tree_A_L6,fit_acc,0.1975
E1,pheme,default,4,tree_A_L6,cv_acc,0.1975
E1,pheme,default,4,tree_A_L8,fit_acc,0.1975
E1,pheme,default,4,tree_A_L8,cv_acc,0.1975
E1,pheme,default,4,tree_A_L12,fit_acc,0.1975
E1,pheme,default,4,tree_A_L12,cv_acc,0.1975
E1,pheme,default,4,tree_A_L16,fit_acc,0.1975
E1,pheme,default,4,tree_A_L16,cv_acc,0.1975
E1,pheme,default,4,tree_A_L24,fit_acc,0.1975
E1,pheme,default,4,tree_A_L24,cv_acc,0.1975
E1,pheme,default,4,tree_A_L32,fit_acc,0.1975
E1,pheme,default,4,tree_A_L32,cv_acc,0.1975
E1,pheme,default,4,tree_B_L2,fit_acc,0.3685
E1,pheme,default,4,tree_B_L2,cv_acc,0.368
E1,pheme,default,4,tree_B_L3,fit_acc,0.508
E1,pheme,default,4,tree_B_L3,cv_acc,0.5025000000000001
E1,pheme,default,4,tree_B_L4,fit_acc,0.643
E1,pheme,default,4,tree_B_L4,cv_acc,0.6420000000000001
E1,pheme,default,4,tree_B_L6,fit_acc,0.833
E1,pheme,default,4,tree_B_L6,cv_acc,0.8315000000000001
E1,pheme,default,4,tree_B_L8,fit_acc,0.982
E1,pheme,default,4,tree_B_L8,cv_acc,0.9785
E1,pheme,default,4,tree_B_L12,fit_acc,0.9915
E1,pheme,default,4,tree_B_L12,cv_acc,0.986
E1,pheme,default,4,tree_B_L16,fit_acc,0.9915
E1,pheme,default,4,tree_B_L16,cv_acc,0.986
E1,pheme,default,4,tree_B_L24,fit_acc,0.9915
E1,pheme,default,4,tree_B_L24,cv_acc,0.986
E1,pheme,default,4,tree_B_L32,fit_acc,0.9915
E1,pheme,default,4,tree_B_L32,cv_acc,0.986
E1,pheme,default,4,tree_C_L2,fit_acc,0.3685
E1,pheme,default,4,tree_C_L2,cv_acc,0.368
E1,pheme,default,4,tree_C_L3,fit_acc,0.508
E1,pheme,default,4,tree_C_L3,cv_acc,0.5025000000000001
E1,pheme,default,4,tree_C_L4,fit_acc,0.643
E1,pheme,default,4,tree_C_L4,cv_acc,0.6420000000000001
E1,pheme,default,4,tree_C_L6,fit_acc,0.833
E1,pheme,default,4,tree_C_L6,cv_acc,0.8315000000000001
E1,pheme,default,4,tree_C_L8,fit_acc,0.982
E1,pheme,default,4,tree_C_L8,cv_acc,0.9785
E1,pheme,default,4,tree_C_L12,fit_acc,0.9915
E1,pheme,default,4,tree_C_L12,cv_acc,0.986
E1,pheme,default,4,tree_C_L16,fit_acc,0.9915
E1,pheme,default,4,tree_C_L16,cv_acc,0.986
E1,pheme,default,4,tree_C_L24,fit_acc,0.9915
E1,pheme,default,4,tree_C_L24,cv_acc,0.986
E1,pheme,default,4,tree_C_L32,fit_acc,0.9915
E1,pheme,default,4,tree_C_L32,cv_acc,0.986
E1,pheme,default,4,tree,majority_all,0.1975
_,pheme,default,4,core|pheme|default|4,_done,2.78
E2,pheme,robust,1,all,recon_maxabs,0.0
E2,pheme,robust,1,all,n_with_content,2000
E2,pheme,robust,1,all,n_nodes,2000
E2,pheme,robust,1,all,flip_content_mean,0.024
E2,pheme,robust,1,all,flip_structure_mean,0.887
E2,pheme,robust,1,all,spearman_alpha_delta_mean,nan
E2,pheme,robust,1,all,spearman_alpha_delta,nan
E2,pheme,robust,1,all,spearman_posthoc_delta,0.6028206857583447
E2,pheme,robust,1,all,spearman_normshare_delta,-0.20901646431252807
E2,pheme,robust,1,all,spearman_alpha_tvc,nan
E2,pheme,robust,1,all,spearman_alpha_tvs,nan
E2,pheme,robust,1,all,mean_tv_content,0.07948884391670194
E2,pheme,robust,1,all,mean_tv_structure,0.4916132948949115
E2,pheme,robust,1,all,flip_content,0.024
E2,pheme,robust,1,all,flip_structure,0.887
E2,pheme,robust,1,all,alpha_std,5.551115123125783e-17
E2,pheme,robust,1,all,flip_content_T1,0.029985007496251874
E2,pheme,robust,1,all,flip_structure_T1,0.8995502248875562
E2,pheme,robust,1,all,alpha_mean_T1,0.14999999999999997
E2,pheme,robust,1,all,flip_content_T2,0.01649175412293853
E2,pheme,robust,1,all,flip_structure_T2,0.8740629685157422
E2,pheme,robust,1,all,alpha_mean_T2,0.14999999999999997
E2,pheme,robust,1,all,flip_content_T3,0.025525525525525526
E2,pheme,robust,1,all,flip_structure_T3,0.8873873873873874
E2,pheme,robust,1,all,alpha_mean_T3,0.14999999999999997
E1,pheme,robust,1,rules,n_rules,1.0
E1,pheme,robust,1,rules,fidelity,0.1905
E1,pheme,robust,1,rules,coverage,1.0
E1,pheme,robust,1,rules,majority_covered,0.1905
E1,pheme,robust,1,rules,majority_all,0.1905
E1,pheme,robust,1,rules,lift_pts,0.0
E1,pheme,robust,1,tree_A_L2,fit_acc,0.1905
E1,pheme,robust,1,tree_A_L2,cv_acc,0.1905
E1,pheme,robust,1,tree_A_L3,fit_acc,0.1905
E1,pheme,robust,1,tree_A_L3,cv_acc,0.1905
E1,pheme,robust,1,tree_A_L4,fit_acc,0.1905
E1,pheme,robust,1,tree_A_L4,cv_acc,0.1905
E1,pheme,robust,1,tree_A_L6,fit_acc,0.1905
E1,pheme,robust,1,tree_A_L6,cv_acc,0.1905
E1,pheme,robust,1,tree_A_L8,fit_acc,0.1905
E1,pheme,robust,1,tree_A_L8,cv_acc,0.1905
E1,pheme,robust,1,tree_A_L12,fit_acc,0.1905
E1,pheme,robust,1,tree_A_L12,cv_acc,0.1905
E1,pheme,robust,1,tree_A_L16,fit_acc,0.1905
E1,pheme,robust,1,tree_A_L16,cv_acc,0.1905
E1,pheme,robust,1,tree_A_L24,fit_acc,0.1905
E1,pheme,robust,1,tree_A_L24,cv_acc,0.1905
E1,pheme,robust,1,tree_A_L32,fit_acc,0.1905
E1,pheme,robust,1,tree_A_L32,cv_acc,0.1905
E1,pheme,robust,1,tree_B_L2,fit_acc,0.3305
E1,pheme,robust,1,tree_B_L2,cv_acc,0.3315
E1,pheme,robust,1,tree_B_L3,fit_acc,0.453
E1,pheme,robust,1,tree_B_L3,cv_acc,0.4465
E1,pheme,robust,1,tree_B_L4,fit_acc,0.575
E1,pheme,robust,1,tree_B_L4,cv_acc,0.5755000000000001
E1,pheme,robust,1,tree_B_L6,fit_acc,0.793
E1,pheme,robust,1,tree_B_L6,cv_acc,0.7775000000000001
E1,pheme,robust,1,tree_B_L8,fit_acc,0.979
E1,pheme,robust,1,tree_B_L8,cv_acc,0.974
E1,pheme,robust,1,tree_B_L12,fit_acc,0.981
E1,pheme,robust,1,tree_B_L12,cv_acc,0.975
E1,pheme,robust,1,tree_B_L16,fit_acc,0.982
E1,pheme,robust,1,tree_B_L16,cv_acc,0.974
E1,pheme,robust,1,tree_B_L24,fit_acc,0.982
E1,pheme,robust,1,tree_B_L24,cv_acc,0.9734999999999999
E1,pheme,robust,1,tree_B_L32,fit_acc,0.982
E1,pheme,robust,1,tree_B_L32,cv_acc,0.9734999999999999
E1,pheme,robust,1,tree_C_L2,fit_acc,0.3305
E1,pheme,robust,1,tree_C_L2,cv_acc,0.3315
E1,pheme,robust,1,tree_C_L3,fit_acc,0.453
E1,pheme,robust,1,tree_C_L3,cv_acc,0.4465
E1,pheme,robust,1,tree_C_L4,fit_acc,0.575
E1,pheme,robust,1,tree_C_L4,cv_acc,0.5755000000000001
E1,pheme,robust,1,tree_C_L6,fit_acc,0.793
E1,pheme,robust,1,tree_C_L6,cv_acc,0.7775000000000001
E1,pheme,robust,1,tree_C_L8,fit_acc,0.979
E1,pheme,robust,1,tree_C_L8,cv_acc,0.974
E1,pheme,robust,1,tree_C_L12,fit_acc,0.981
E1,pheme,robust,1,tree_C_L12,cv_acc,0.975
E1,pheme,robust,1,tree_C_L16,fit_acc,0.982
E1,pheme,robust,1,tree_C_L16,cv_acc,0.974
E1,pheme,robust,1,tree_C_L24,fit_acc,0.982
E1,pheme,robust,1,tree_C_L24,cv_acc,0.9734999999999999
E1,pheme,robust,1,tree_C_L32,fit_acc,0.982
E1,pheme,robust,1,tree_C_L32,cv_acc,0.9734999999999999
E1,pheme,robust,1,tree,majority_all,0.1905
_,pheme,robust,1,core|pheme|robust|1,_done,0.52
E2,pheme,robust,2,all,recon_maxabs,0.0
E2,pheme,robust,2,all,n_with_content,2000
E2,pheme,robust,2,all,n_nodes,2000
E2,pheme,robust,2,all,flip_content_mean,0.0185
E2,pheme,robust,2,all,flip_structure_mean,0.8525
E2,pheme,robust,2,all,spearman_alpha_delta_mean,nan
E2,pheme,robust,2,all,spearman_alpha_delta,nan
E2,pheme,robust,2,all,spearman_posthoc_delta,0.7912959158707149
E2,pheme,robust,2,all,spearman_normshare_delta,-0.16123594909516942
E2,pheme,robust,2,all,spearman_alpha_tvc,nan
E2,pheme,robust,2,all,spearman_alpha_tvs,nan
E2,pheme,robust,2,all,mean_tv_content,0.07596067197422912
E2,pheme,robust,2,all,mean_tv_structure,0.4389902101397871
E2,pheme,robust,2,all,flip_content,0.0185
E2,pheme,robust,2,all,flip_structure,0.8525
E2,pheme,robust,2,all,alpha_std,5.551115123125783e-17
E2,pheme,robust,2,all,flip_content_T1,0.017991004497751123
E2,pheme,robust,2,all,flip_structure_T1,0.8380809595202399
E2,pheme,robust,2,all,alpha_mean_T1,0.14999999999999997
E2,pheme,robust,2,all,flip_content_T2,0.014992503748125937
E2,pheme,robust,2,all,flip_structure_T2,0.8770614692653673
E2,pheme,robust,2,all,alpha_mean_T2,0.14999999999999997
E2,pheme,robust,2,all,flip_content_T3,0.02252252252252252
E2,pheme,robust,2,all,flip_structure_T3,0.8423423423423423
E2,pheme,robust,2,all,alpha_mean_T3,0.14999999999999997
E1,pheme,robust,2,rules,n_rules,1.0
E1,pheme,robust,2,rules,fidelity,0.185
E1,pheme,robust,2,rules,coverage,1.0
E1,pheme,robust,2,rules,majority_covered,0.185
E1,pheme,robust,2,rules,majority_all,0.185
E1,pheme,robust,2,rules,lift_pts,0.0
E1,pheme,robust,2,tree_A_L2,fit_acc,0.185
E1,pheme,robust,2,tree_A_L2,cv_acc,0.185
E1,pheme,robust,2,tree_A_L3,fit_acc,0.185
E1,pheme,robust,2,tree_A_L3,cv_acc,0.185
E1,pheme,robust,2,tree_A_L4,fit_acc,0.185
E1,pheme,robust,2,tree_A_L4,cv_acc,0.185
E1,pheme,robust,2,tree_A_L6,fit_acc,0.185
E1,pheme,robust,2,tree_A_L6,cv_acc,0.185
E1,pheme,robust,2,tree_A_L8,fit_acc,0.185
E1,pheme,robust,2,tree_A_L8,cv_acc,0.185
E1,pheme,robust,2,tree_A_L12,fit_acc,0.185
E1,pheme,robust,2,tree_A_L12,cv_acc,0.185
E1,pheme,robust,2,tree_A_L16,fit_acc,0.185
E1,pheme,robust,2,tree_A_L16,cv_acc,0.185
E1,pheme,robust,2,tree_A_L24,fit_acc,0.185
E1,pheme,robust,2,tree_A_L24,cv_acc,0.185
E1,pheme,robust,2,tree_A_L32,fit_acc,0.185
E1,pheme,robust,2,tree_A_L32,cv_acc,0.185
E1,pheme,robust,2,tree_B_L2,fit_acc,0.3375
E1,pheme,robust,2,tree_B_L2,cv_acc,0.3175
E1,pheme,robust,2,tree_B_L3,fit_acc,0.4875
E1,pheme,robust,2,tree_B_L3,cv_acc,0.48
E1,pheme,robust,2,tree_B_L4,fit_acc,0.614
E1,pheme,robust,2,tree_B_L4,cv_acc,0.6024999999999999
E1,pheme,robust,2,tree_B_L6,fit_acc,0.858
E1,pheme,robust,2,tree_B_L6,cv_acc,0.849
E1,pheme,robust,2,tree_B_L8,fit_acc,0.9785
E1,pheme,robust,2,tree_B_L8,cv_acc,0.9720000000000001
E1,pheme,robust,2,tree_B_L12,fit_acc,0.9785
E1,pheme,robust,2,tree_B_L12,cv_acc,0.9710000000000001
E1,pheme,robust,2,tree_B_L16,fit_acc,0.9795
E1,pheme,robust,2,tree_B_L16,cv_acc,0.9695
E1,pheme,robust,2,tree_B_L24,fit_acc,0.9805
E1,pheme,robust,2,tree_B_L24,cv_acc,0.9695
E1,pheme,robust,2,tree_B_L32,fit_acc,0.9805
E1,pheme,robust,2,tree_B_L32,cv_acc,0.9695
E1,pheme,robust,2,tree_C_L2,fit_acc,0.3375
E1,pheme,robust,2,tree_C_L2,cv_acc,0.3175
E1,pheme,robust,2,tree_C_L3,fit_acc,0.4875
E1,pheme,robust,2,tree_C_L3,cv_acc,0.48
E1,pheme,robust,2,tree_C_L4,fit_acc,0.614
E1,pheme,robust,2,tree_C_L4,cv_acc,0.6024999999999999
E1,pheme,robust,2,tree_C_L6,fit_acc,0.858
E1,pheme,robust,2,tree_C_L6,cv_acc,0.849
E1,pheme,robust,2,tree_C_L8,fit_acc,0.9785
E1,pheme,robust,2,tree_C_L8,cv_acc,0.9720000000000001
E1,pheme,robust,2,tree_C_L12,fit_acc,0.9785
E1,pheme,robust,2,tree_C_L12,cv_acc,0.9715
E1,pheme,robust,2,tree_C_L16,fit_acc,0.9795
E1,pheme,robust,2,tree_C_L16,cv_acc,0.97
E1,pheme,robust,2,tree_C_L24,fit_acc,0.9805
E1,pheme,robust,2,tree_C_L24,cv_acc,0.97
E1,pheme,robust,2,tree_C_L32,fit_acc,0.9805
E1,pheme,robust,2,tree_C_L32,cv_acc,0.97
E1,pheme,robust,2,tree,majority_all,0.185
_,pheme,robust,2,core|pheme|robust|2,_done,0.59
E2,pheme,default,3,all,recon_maxabs,8.881784197001252e-16
E2,pheme,default,3,all,n_with_content,2000
E2,pheme,default,3,all,n_nodes,2000
E2,pheme,default,3,all,flip_content_mean,0.0055
E2,pheme,default,3,all,flip_structure_mean,0.874
E2,pheme,default,3,all,spearman_alpha_delta_mean,nan
E2,pheme,default,3,all,spearman_alpha_delta,nan
E2,pheme,default,3,all,spearman_posthoc_delta,0.656055003243854
E2,pheme,default,3,all,spearman_normshare_delta,-0.23671207523494628
E2,pheme,default,3,all,spearman_alpha_tvc,nan
E2,pheme,default,3,all,spearman_alpha_tvs,nan
E2,pheme,default,3,all,mean_tv_content,0.048861813687829186
E2,pheme,default,3,all,mean_tv_structure,0.5672468343533521
E2,pheme,default,3,all,flip_content,0.013
E2,pheme,default,3,all,flip_structure,0.874
E2,pheme,default,3,all,alpha_std,5.551115123125783e-17
E2,pheme,default,3,all,flip_content_T1,0.01649175412293853
E2,pheme,default,3,all,flip_structure_T1,0.8785607196401799
E2,pheme,default,3,all,alpha_mean_T1,0.14999999999999997
E2,pheme,default,3,all,flip_content_T2,0.008995502248875561
E2,pheme,default,3,all,flip_structure_T2,0.8845577211394303
E2,pheme,default,3,all,alpha_mean_T2,0.14999999999999997
E2,pheme,default,3,all,flip_content_T3,0.013513513513513514
E2,pheme,default,3,all,flip_structure_T3,0.8588588588588588
E2,pheme,default,3,all,alpha_mean_T3,0.14999999999999997
E1,pheme,default,3,rules,n_rules,1.0
E1,pheme,default,3,rules,fidelity,0.167
E1,pheme,default,3,rules,coverage,1.0
E1,pheme,default,3,rules,majority_covered,0.167
E1,pheme,default,3,rules,majority_all,0.167
E1,pheme,default,3,rules,lift_pts,0.0
E1,pheme,default,3,tree_A_L2,fit_acc,0.167
E1,pheme,default,3,tree_A_L2,cv_acc,0.167
E1,pheme,default,3,tree_A_L3,fit_acc,0.167
E1,pheme,default,3,tree_A_L3,cv_acc,0.167
E1,pheme,default,3,tree_A_L4,fit_acc,0.167
E1,pheme,default,3,tree_A_L4,cv_acc,0.167
E1,pheme,default,3,tree_A_L6,fit_acc,0.167
E1,pheme,default,3,tree_A_L6,cv_acc,0.167
E1,pheme,default,3,tree_A_L8,fit_acc,0.167
E1,pheme,default,3,tree_A_L8,cv_acc,0.167
E1,pheme,default,3,tree_A_L12,fit_acc,0.167
E1,pheme,default,3,tree_A_L12,cv_acc,0.167
E1,pheme,default,3,tree_A_L16,fit_acc,0.167
E1,pheme,default,3,tree_A_L16,cv_acc,0.167
E1,pheme,default,3,tree_A_L24,fit_acc,0.167
E1,pheme,default,3,tree_A_L24,cv_acc,0.167
E1,pheme,default,3,tree_A_L32,fit_acc,0.167
E1,pheme,default,3,tree_A_L32,cv_acc,0.167
E1,pheme,default,3,tree_B_L2,fit_acc,0.293
E1,pheme,default,3,tree_B_L2,cv_acc,0.2815
E1,pheme,default,3,tree_B_L3,fit_acc,0.414
E1,pheme,default,3,tree_B_L3,cv_acc,0.3965
E1,pheme,default,3,tree_B_L4,fit_acc,0.5365
E1,pheme,default,3,tree_B_L4,cv_acc,0.522
E1,pheme,default,3,tree_B_L6,fit_acc,0.755
E1,pheme,default,3,tree_B_L6,cv_acc,0.7494999999999999
E1,pheme,default,3,tree_B_L8,fit_acc,0.93
E1,pheme,default,3,tree_B_L8,cv_acc,0.9260000000000002
E1,pheme,default,3,tree_B_L12,fit_acc,0.9945
E1,pheme,default,3,tree_B_L12,cv_acc,0.9905000000000002
E1,pheme,default,3,tree_B_L16,fit_acc,0.9945
E1,pheme,default,3,tree_B_L16,cv_acc,0.9905000000000002
E1,pheme,default,3,tree_B_L24,fit_acc,0.9945
E1,pheme,default,3,tree_B_L24,cv_acc,0.9905000000000002
E1,pheme,default,3,tree_B_L32,fit_acc,0.9945
E1,pheme,default,3,tree_B_L32,cv_acc,0.9905000000000002
E1,pheme,default,3,tree_C_L2,fit_acc,0.293
E1,pheme,default,3,tree_C_L2,cv_acc,0.2815
E1,pheme,default,3,tree_C_L3,fit_acc,0.414
E1,pheme,default,3,tree_C_L3,cv_acc,0.3965
E1,pheme,default,3,tree_C_L4,fit_acc,0.5365
E1,pheme,default,3,tree_C_L4,cv_acc,0.522
E1,pheme,default,3,tree_C_L6,fit_acc,0.755
E1,pheme,default,3,tree_C_L6,cv_acc,0.7494999999999999
E1,pheme,default,3,tree_C_L8,fit_acc,0.93
E1,pheme,default,3,tree_C_L8,cv_acc,0.9260000000000002
E1,pheme,default,3,tree_C_L12,fit_acc,0.9945
E1,pheme,default,3,tree_C_L12,cv_acc,0.9905000000000002
E1,pheme,default,3,tree_C_L16,fit_acc,0.9945
E1,pheme,default,3,tree_C_L16,cv_acc,0.9905000000000002
E1,pheme,default,3,tree_C_L24,fit_acc,0.9945
E1,pheme,default,3,tree_C_L24,cv_acc,0.9905000000000002
E1,pheme,default,3,tree_C_L32,fit_acc,0.9945
E1,pheme,default,3,tree_C_L32,cv_acc,0.9905000000000002
E1,pheme,default,3,tree,majority_all,0.167
_,pheme,default,3,core|pheme|default|3,_done,6.02
E2,pheme,robust,3,all,recon_maxabs,0.0
E2,pheme,robust,3,all,n_with_content,2000
E2,pheme,robust,3,all,n_nodes,2000
E2,pheme,robust,3,all,flip_content_mean,0.0105
E2,pheme,robust,3,all,flip_structure_mean,0.8445
E2,pheme,robust,3,all,spearman_alpha_delta_mean,nan
E2,pheme,robust,3,all,spearman_alpha_delta,nan
E2,pheme,robust,3,all,spearman_posthoc_delta,0.6297706446096452
E2,pheme,robust,3,all,spearman_normshare_delta,-0.19509890419442852
E2,pheme,robust,3,all,spearman_alpha_tvc,nan
E2,pheme,robust,3,all,spearman_alpha_tvs,nan
E2,pheme,robust,3,all,mean_tv_content,0.0768497298257469
E2,pheme,robust,3,all,mean_tv_structure,0.44331524168446196
E2,pheme,robust,3,all,flip_content,0.0105
E2,pheme,robust,3,all,flip_structure,0.8445
E2,pheme,robust,3,all,alpha_std,5.551115123125783e-17
E2,pheme,robust,3,all,flip_content_T1,0.0074962518740629685
E2,pheme,robust,3,all,flip_structure_T1,0.8515742128935532
E2,pheme,robust,3,all,alpha_mean_T1,0.14999999999999997
E2,pheme,robust,3,all,flip_content_T2,0.013493253373313344
E2,pheme,robust,3,all,flip_structure_T2,0.8515742128935532
E2,pheme,robust,3,all,alpha_mean_T2,0.14999999999999997
E2,pheme,robust,3,all,flip_content_T3,0.010510510510510511
E2,pheme,robust,3,all,flip_structure_T3,0.8303303303303303
E2,pheme,robust,3,all,alpha_mean_T3,0.14999999999999997
E1,pheme,robust,3,rules,n_rules,1.0
E1,pheme,robust,3,rules,fidelity,0.182
E1,pheme,robust,3,rules,coverage,1.0
E1,pheme,robust,3,rules,majority_covered,0.182
E1,pheme,robust,3,rules,majority_all,0.182
E1,pheme,robust,3,rules,lift_pts,0.0
E1,pheme,robust,3,tree_A_L2,fit_acc,0.182
E1,pheme,robust,3,tree_A_L2,cv_acc,0.182
E1,pheme,robust,3,tree_A_L3,fit_acc,0.182
E1,pheme,robust,3,tree_A_L3,cv_acc,0.182
E1,pheme,robust,3,tree_A_L4,fit_acc,0.182
E1,pheme,robust,3,tree_A_L4,cv_acc,0.182
E1,pheme,robust,3,tree_A_L6,fit_acc,0.182
E1,pheme,robust,3,tree_A_L6,cv_acc,0.182
E1,pheme,robust,3,tree_A_L8,fit_acc,0.182
E1,pheme,robust,3,tree_A_L8,cv_acc,0.182
E1,pheme,robust,3,tree_A_L12,fit_acc,0.182
E1,pheme,robust,3,tree_A_L12,cv_acc,0.182
E1,pheme,robust,3,tree_A_L16,fit_acc,0.182
E1,pheme,robust,3,tree_A_L16,cv_acc,0.182
E1,pheme,robust,3,tree_A_L24,fit_acc,0.182
E1,pheme,robust,3,tree_A_L24,cv_acc,0.182
E1,pheme,robust,3,tree_A_L32,fit_acc,0.182
E1,pheme,robust,3,tree_A_L32,cv_acc,0.182
E1,pheme,robust,3,tree_B_L2,fit_acc,0.3405
E1,pheme,robust,3,tree_B_L2,cv_acc,0.3345000000000001
E1,pheme,robust,3,tree_B_L3,fit_acc,0.495
E1,pheme,robust,3,tree_B_L3,cv_acc,0.49449999999999994
E1,pheme,robust,3,tree_B_L4,fit_acc,0.6355
E1,pheme,robust,3,tree_B_L4,cv_acc,0.6345
E1,pheme,robust,3,tree_B_L6,fit_acc,0.8605
E1,pheme,robust,3,tree_B_L6,cv_acc,0.859
E1,pheme,robust,3,tree_B_L8,fit_acc,0.9905
E1,pheme,robust,3,tree_B_L8,cv_acc,0.9880000000000001
E1,pheme,robust,3,tree_B_L12,fit_acc,0.991
E1,pheme,robust,3,tree_B_L12,cv_acc,0.9879999999999999
E1,pheme,robust,3,tree_B_L16,fit_acc,0.991
E1,pheme,robust,3,tree_B_L16,cv_acc,0.9879999999999999
E1,pheme,robust,3,tree_B_L24,fit_acc,0.991
E1,pheme,robust,3,tree_B_L24,cv_acc,0.9879999999999999
E1,pheme,robust,3,tree_B_L32,fit_acc,0.991
E1,pheme,robust,3,tree_B_L32,cv_acc,0.9879999999999999
E1,pheme,robust,3,tree_C_L2,fit_acc,0.3405
E1,pheme,robust,3,tree_C_L2,cv_acc,0.3345000000000001
E1,pheme,robust,3,tree_C_L3,fit_acc,0.495
E1,pheme,robust,3,tree_C_L3,cv_acc,0.49449999999999994
E1,pheme,robust,3,tree_C_L4,fit_acc,0.6355
E1,pheme,robust,3,tree_C_L4,cv_acc,0.6345
E1,pheme,robust,3,tree_C_L6,fit_acc,0.8605
E1,pheme,robust,3,tree_C_L6,cv_acc,0.859
E1,pheme,robust,3,tree_C_L8,fit_acc,0.9905
E1,pheme,robust,3,tree_C_L8,cv_acc,0.9880000000000001
E1,pheme,robust,3,tree_C_L12,fit_acc,0.991
E1,pheme,robust,3,tree_C_L12,cv_acc,0.9879999999999999
E1,pheme,robust,3,tree_C_L16,fit_acc,0.991
E1,pheme,robust,3,tree_C_L16,cv_acc,0.9879999999999999
E1,pheme,robust,3,tree_C_L24,fit_acc,0.991
E1,pheme,robust,3,tree_C_L24,cv_acc,0.9879999999999999
E1,pheme,robust,3,tree_C_L32,fit_acc,0.991
E1,pheme,robust,3,tree_C_L32,cv_acc,0.9879999999999999
E1,pheme,robust,3,tree,majority_all,0.182
_,pheme,robust,3,core|pheme|robust|3,_done,0.59
E2,pheme,robust,4,all,recon_maxabs,0.0
E2,pheme,robust,4,all,n_with_content,2000
E2,pheme,robust,4,all,n_nodes,2000
E2,pheme,robust,4,all,flip_content_mean,0.006
E2,pheme,robust,4,all,flip_structure_mean,0.8435
E2,pheme,robust,4,all,spearman_alpha_delta_mean,nan
E2,pheme,robust,4,all,spearman_alpha_delta,nan
E2,pheme,robust,4,all,spearman_posthoc_delta,0.8478193047944874
E2,pheme,robust,4,all,spearman_normshare_delta,-0.24837176333303093
E2,pheme,robust,4,all,spearman_alpha_tvc,nan
E2,pheme,robust,4,all,spearman_alpha_tvs,nan
E2,pheme,robust,4,all,mean_tv_content,0.07939009427325462
E2,pheme,robust,4,all,mean_tv_structure,0.46829381304733586
E2,pheme,robust,4,all,flip_content,0.006
E2,pheme,robust,4,all,flip_structure,0.8435
E2,pheme,robust,4,all,alpha_std,5.551115123125783e-17
E2,pheme,robust,4,all,flip_content_T1,0.010494752623688156
E2,pheme,robust,4,all,flip_structure_T1,0.8380809595202399
E2,pheme,robust,4,all,alpha_mean_T1,0.14999999999999997
E2,pheme,robust,4,all,flip_content_T2,0.004497751124437781
E2,pheme,robust,4,all,flip_structure_T2,0.8470764617691154
E2,pheme,robust,4,all,alpha_mean_T2,0.14999999999999997
E2,pheme,robust,4,all,flip_content_T3,0.003003003003003003
E2,pheme,robust,4,all,flip_structure_T3,0.8453453453453453
E2,pheme,robust,4,all,alpha_mean_T3,0.14999999999999997
E1,pheme,robust,4,rules,n_rules,1.0
E1,pheme,robust,4,rules,fidelity,0.201
E1,pheme,robust,4,rules,coverage,1.0
E1,pheme,robust,4,rules,majority_covered,0.201
E1,pheme,robust,4,rules,majority_all,0.201
E1,pheme,robust,4,rules,lift_pts,0.0
E1,pheme,robust,4,tree_A_L2,fit_acc,0.201
E1,pheme,robust,4,tree_A_L2,cv_acc,0.201
E1,pheme,robust,4,tree_A_L3,fit_acc,0.201
E1,pheme,robust,4,tree_A_L3,cv_acc,0.201
E1,pheme,robust,4,tree_A_L4,fit_acc,0.201
E1,pheme,robust,4,tree_A_L4,cv_acc,0.201
E1,pheme,robust,4,tree_A_L6,fit_acc,0.201
E1,pheme,robust,4,tree_A_L6,cv_acc,0.201
E1,pheme,robust,4,tree_A_L8,fit_acc,0.201
E1,pheme,robust,4,tree_A_L8,cv_acc,0.201
E1,pheme,robust,4,tree_A_L12,fit_acc,0.201
E1,pheme,robust,4,tree_A_L12,cv_acc,0.201
E1,pheme,robust,4,tree_A_L16,fit_acc,0.201
E1,pheme,robust,4,tree_A_L16,cv_acc,0.201
E1,pheme,robust,4,tree_A_L24,fit_acc,0.201
E1,pheme,robust,4,tree_A_L24,cv_acc,0.201
E1,pheme,robust,4,tree_A_L32,fit_acc,0.201
E1,pheme,robust,4,tree_A_L32,cv_acc,0.201
E1,pheme,robust,4,tree_B_L2,fit_acc,0.3775
E1,pheme,robust,4,tree_B_L2,cv_acc,0.37700000000000006
E1,pheme,robust,4,tree_B_L3,fit_acc,0.5325
E1,pheme,robust,4,tree_B_L3,cv_acc,0.5205
E1,pheme,robust,4,tree_B_L4,fit_acc,0.6865
E1,pheme,robust,4,tree_B_L4,cv_acc,0.6845000000000001
E1,pheme,robust,4,tree_B_L6,fit_acc,0.947
E1,pheme,robust,4,tree_B_L6,cv_acc,0.9445
E1,pheme,robust,4,tree_B_L8,fit_acc,0.9935
E1,pheme,robust,4,tree_B_L8,cv_acc,0.9895000000000002
E1,pheme,robust,4,tree_B_L12,fit_acc,0.9945
E1,pheme,robust,4,tree_B_L12,cv_acc,0.9894999999999999
E1,pheme,robust,4,tree_B_L16,fit_acc,0.9955
E1,pheme,robust,4,tree_B_L16,cv_acc,0.9894999999999999
E1,pheme,robust,4,tree_B_L24,fit_acc,0.9955
E1,pheme,robust,4,tree_B_L24,cv_acc,0.9894999999999999
E1,pheme,robust,4,tree_B_L32,fit_acc,0.9955
E1,pheme,robust,4,tree_B_L32,cv_acc,0.9894999999999999
E1,pheme,robust,4,tree_C_L2,fit_acc,0.3775
E1,pheme,robust,4,tree_C_L2,cv_acc,0.37700000000000006
E1,pheme,robust,4,tree_C_L3,fit_acc,0.5325
E1,pheme,robust,4,tree_C_L3,cv_acc,0.5205
E1,pheme,robust,4,tree_C_L4,fit_acc,0.6865
E1,pheme,robust,4,tree_C_L4,cv_acc,0.6845000000000001
E1,pheme,robust,4,tree_C_L6,fit_acc,0.947
E1,pheme,robust,4,tree_C_L6,cv_acc,0.9445
E1,pheme,robust,4,tree_C_L8,fit_acc,0.9935
E1,pheme,robust,4,tree_C_L8,cv_acc,0.9895000000000002
E1,pheme,robust,4,tree_C_L12,fit_acc,0.9945
E1,pheme,robust,4,tree_C_L12,cv_acc,0.9894999999999999
E1,pheme,robust,4,tree_C_L16,fit_acc,0.9955
E1,pheme,robust,4,tree_C_L16,cv_acc,0.9890000000000001
E1,pheme,robust,4,tree_C_L24,fit_acc,0.9955
E1,pheme,robust,4,tree_C_L24,cv_acc,0.9890000000000001
E1,pheme,robust,4,tree_C_L32,fit_acc,0.9955
E1,pheme,robust,4,tree_C_L32,cv_acc,0.9890000000000001
E1,pheme,robust,4,tree,majority_all,0.201
_,pheme,robust,4,core|pheme|robust|4,_done,0.49
E2,dblp,default,0,all,recon_maxabs,5.551115123125783e-16
E2,dblp,default,0,all,n_with_content,0
E2,dblp,default,0,all,n_nodes,1072
E1,dblp,default,0,rules,n_rules,1.0
E1,dblp,default,0,rules,fidelity,0.20988805970149255
E1,dblp,default,0,rules,coverage,1.0
E1,dblp,default,0,rules,majority_covered,0.20988805970149255
E1,dblp,default,0,rules,majority_all,0.20988805970149255
E1,dblp,default,0,rules,lift_pts,0.0
E1,dblp,default,0,tree_A_L2,fit_acc,0.20988805970149255
E1,dblp,default,0,tree_A_L2,cv_acc,0.20988805970149255
E1,dblp,default,0,tree_A_L3,fit_acc,0.20988805970149255
E1,dblp,default,0,tree_A_L3,cv_acc,0.20988805970149255
E1,dblp,default,0,tree_A_L4,fit_acc,0.20988805970149255
E1,dblp,default,0,tree_A_L4,cv_acc,0.20988805970149255
E1,dblp,default,0,tree_A_L6,fit_acc,0.20988805970149255
E1,dblp,default,0,tree_A_L6,cv_acc,0.20988805970149255
E1,dblp,default,0,tree_A_L8,fit_acc,0.20988805970149255
E1,dblp,default,0,tree_A_L8,cv_acc,0.20988805970149255
E1,dblp,default,0,tree_A_L12,fit_acc,0.20988805970149255
E1,dblp,default,0,tree_A_L12,cv_acc,0.20988805970149255
E1,dblp,default,0,tree_A_L16,fit_acc,0.20988805970149255
E1,dblp,default,0,tree_A_L16,cv_acc,0.20988805970149255
E1,dblp,default,0,tree_A_L24,fit_acc,0.20988805970149255
E1,dblp,default,0,tree_A_L24,cv_acc,0.20988805970149255
E1,dblp,default,0,tree_A_L32,fit_acc,0.20988805970149255
E1,dblp,default,0,tree_A_L32,cv_acc,0.20988805970149255
E1,dblp,default,0,tree_B_L2,fit_acc,0.37779850746268656
E1,dblp,default,0,tree_B_L2,cv_acc,0.3777787437513584
E1,dblp,default,0,tree_B_L3,fit_acc,0.5242537313432836
E1,dblp,default,0,tree_B_L3,cv_acc,0.5065203216692024
E1,dblp,default,0,tree_B_L4,fit_acc,0.6697761194029851
E1,dblp,default,0,tree_B_L4,cv_acc,0.6688415561834384
E1,dblp,default,0,tree_B_L6,fit_acc,0.8600746268656716
E1,dblp,default,0,tree_B_L6,cv_acc,0.8563529667463594
E1,dblp,default,0,tree_B_L8,fit_acc,0.9981343283582089
E1,dblp,default,0,tree_B_L8,cv_acc,0.9943968702455989
E1,dblp,default,0,tree_B_L12,fit_acc,1.0
E1,dblp,default,0,tree_B_L12,cv_acc,0.9943968702455989
E1,dblp,default,0,tree_B_L16,fit_acc,1.0
E1,dblp,default,0,tree_B_L16,cv_acc,0.9943968702455989
E1,dblp,default,0,tree_B_L24,fit_acc,1.0
E1,dblp,default,0,tree_B_L24,cv_acc,0.9943968702455989
E1,dblp,default,0,tree_B_L32,fit_acc,1.0
E1,dblp,default,0,tree_B_L32,cv_acc,0.9943968702455989
E1,dblp,default,0,tree_C_L2,fit_acc,0.37779850746268656
E1,dblp,default,0,tree_C_L2,cv_acc,0.3777787437513584
E1,dblp,default,0,tree_C_L3,fit_acc,0.5242537313432836
E1,dblp,default,0,tree_C_L3,cv_acc,0.5065203216692024
E1,dblp,default,0,tree_C_L4,fit_acc,0.6697761194029851
E1,dblp,default,0,tree_C_L4,cv_acc,0.6688415561834384
E1,dblp,default,0,tree_C_L6,fit_acc,0.8600746268656716
E1,dblp,default,0,tree_C_L6,cv_acc,0.8563529667463594
E1,dblp,default,0,tree_C_L8,fit_acc,0.9981343283582089
E1,dblp,default,0,tree_C_L8,cv_acc,0.9943968702455989
E1,dblp,default,0,tree_C_L12,fit_acc,1.0
E1,dblp,default,0,tree_C_L12,cv_acc,0.9943968702455989
E1,dblp,default,0,tree_C_L16,fit_acc,1.0
E1,dblp,default,0,tree_C_L16,cv_acc,0.9943968702455989
E1,dblp,default,0,tree_C_L24,fit_acc,1.0
E1,dblp,default,0,tree_C_L24,cv_acc,0.9943968702455989
E1,dblp,default,0,tree_C_L32,fit_acc,1.0
E1,dblp,default,0,tree_C_L32,cv_acc,0.9943968702455989
E1,dblp,default,0,tree,majority_all,0.20988805970149255
_,dblp,default,0,core|dblp|default|0,_done,0.23
E2,dblp,default,1,all,recon_maxabs,5.551115123125783e-16
E2,dblp,default,1,all,n_with_content,0
E2,dblp,default,1,all,n_nodes,1072
E1,dblp,default,1,rules,n_rules,1.0
E1,dblp,default,1,rules,fidelity,0.20988805970149255
E1,dblp,default,1,rules,coverage,1.0
E1,dblp,default,1,rules,majority_covered,0.20988805970149255
E1,dblp,default,1,rules,majority_all,0.20988805970149255
E1,dblp,default,1,rules,lift_pts,0.0
E1,dblp,default,1,tree_A_L2,fit_acc,0.20988805970149255
E1,dblp,default,1,tree_A_L2,cv_acc,0.20988805970149255
E1,dblp,default,1,tree_A_L3,fit_acc,0.20988805970149255
E1,dblp,default,1,tree_A_L3,cv_acc,0.20988805970149255
E1,dblp,default,1,tree_A_L4,fit_acc,0.20988805970149255
E1,dblp,default,1,tree_A_L4,cv_acc,0.20988805970149255
E1,dblp,default,1,tree_A_L6,fit_acc,0.20988805970149255
E1,dblp,default,1,tree_A_L6,cv_acc,0.20988805970149255
E1,dblp,default,1,tree_A_L8,fit_acc,0.20988805970149255
E1,dblp,default,1,tree_A_L8,cv_acc,0.20988805970149255
E1,dblp,default,1,tree_A_L12,fit_acc,0.20988805970149255
E1,dblp,default,1,tree_A_L12,cv_acc,0.20988805970149255
E1,dblp,default,1,tree_A_L16,fit_acc,0.20988805970149255
E1,dblp,default,1,tree_A_L16,cv_acc,0.20988805970149255
E1,dblp,default,1,tree_A_L24,fit_acc,0.20988805970149255
E1,dblp,default,1,tree_A_L24,cv_acc,0.20988805970149255
E1,dblp,default,1,tree_A_L32,fit_acc,0.20988805970149255
E1,dblp,default,1,tree_A_L32,cv_acc,0.20988805970149255
E1,dblp,default,1,tree_B_L2,fit_acc,0.37779850746268656
E1,dblp,default,1,tree_B_L2,cv_acc,0.37689632688545965
E1,dblp,default,1,tree_B_L3,fit_acc,0.5242537313432836
E1,dblp,default,1,tree_B_L3,cv_acc,0.5121625733536188
E1,dblp,default,1,tree_B_L4,fit_acc,0.6697761194029851
E1,dblp,default,1,tree_B_L4,cv_acc,0.6688980656379048
E1,dblp,default,1,tree_B_L6,fit_acc,0.8600746268656716
E1,dblp,default,1,tree_B_L6,cv_acc,0.8573136274722886
E1,dblp,default,1,tree_B_L8,fit_acc,0.9981343283582089
E1,dblp,default,1,tree_B_L8,cv_acc,0.9934666376874592
E1,dblp,default,1,tree_B_L12,fit_acc,1.0
E1,dblp,default,1,tree_B_L12,cv_acc,0.9953357965659639
E1,dblp,default,1,tree_B_L16,fit_acc,1.0
E1,dblp,default,1,tree_B_L16,cv_acc,0.9953357965659639
E1,dblp,default,1,tree_B_L24,fit_acc,1.0
E1,dblp,default,1,tree_B_L24,cv_acc,0.9953357965659639
E1,dblp,default,1,tree_B_L32,fit_acc,1.0
E1,dblp,default,1,tree_B_L32,cv_acc,0.9953357965659639
E1,dblp,default,1,tree_C_L2,fit_acc,0.37779850746268656
E1,dblp,default,1,tree_C_L2,cv_acc,0.37689632688545965
E1,dblp,default,1,tree_C_L3,fit_acc,0.5242537313432836
E1,dblp,default,1,tree_C_L3,cv_acc,0.5121625733536188
E1,dblp,default,1,tree_C_L4,fit_acc,0.6697761194029851
E1,dblp,default,1,tree_C_L4,cv_acc,0.6688980656379048
E1,dblp,default,1,tree_C_L6,fit_acc,0.8600746268656716
E1,dblp,default,1,tree_C_L6,cv_acc,0.8573136274722886
E1,dblp,default,1,tree_C_L8,fit_acc,0.9981343283582089
E1,dblp,default,1,tree_C_L8,cv_acc,0.9934666376874592
E1,dblp,default,1,tree_C_L12,fit_acc,1.0
E1,dblp,default,1,tree_C_L12,cv_acc,0.9953357965659639
E1,dblp,default,1,tree_C_L16,fit_acc,1.0
E1,dblp,default,1,tree_C_L16,cv_acc,0.9953357965659639
E1,dblp,default,1,tree_C_L24,fit_acc,1.0
E1,dblp,default,1,tree_C_L24,cv_acc,0.9953357965659639
E1,dblp,default,1,tree_C_L32,fit_acc,1.0
E1,dblp,default,1,tree_C_L32,cv_acc,0.9953357965659639
E1,dblp,default,1,tree,majority_all,0.20988805970149255
_,dblp,default,1,core|dblp|default|1,_done,0.23
E2,dblp,default,2,all,recon_maxabs,6.661338147750939e-16
E2,dblp,default,2,all,n_with_content,0
E2,dblp,default,2,all,n_nodes,1072
E1,dblp,default,2,rules,n_rules,1.0
E1,dblp,default,2,rules,fidelity,0.20988805970149255
E1,dblp,default,2,rules,coverage,1.0
E1,dblp,default,2,rules,majority_covered,0.20988805970149255
E1,dblp,default,2,rules,majority_all,0.20988805970149255
E1,dblp,default,2,rules,lift_pts,0.0
E1,dblp,default,2,tree_A_L2,fit_acc,0.20988805970149255
E1,dblp,default,2,tree_A_L2,cv_acc,0.20988805970149255
E1,dblp,default,2,tree_A_L3,fit_acc,0.20988805970149255
E1,dblp,default,2,tree_A_L3,cv_acc,0.20988805970149255
E1,dblp,default,2,tree_A_L4,fit_acc,0.20988805970149255
E1,dblp,default,2,tree_A_L4,cv_acc,0.20988805970149255
E1,dblp,default,2,tree_A_L6,fit_acc,0.20988805970149255
E1,dblp,default,2,tree_A_L6,cv_acc,0.20988805970149255
E1,dblp,default,2,tree_A_L8,fit_acc,0.20988805970149255
E1,dblp,default,2,tree_A_L8,cv_acc,0.20988805970149255
E1,dblp,default,2,tree_A_L12,fit_acc,0.20988805970149255
E1,dblp,default,2,tree_A_L12,cv_acc,0.20988805970149255
E1,dblp,default,2,tree_A_L16,fit_acc,0.20988805970149255
E1,dblp,default,2,tree_A_L16,cv_acc,0.20988805970149255
E1,dblp,default,2,tree_A_L24,fit_acc,0.20988805970149255
E1,dblp,default,2,tree_A_L24,cv_acc,0.20988805970149255
E1,dblp,default,2,tree_A_L32,fit_acc,0.20988805970149255
E1,dblp,default,2,tree_A_L32,cv_acc,0.20988805970149255
E1,dblp,default,2,tree_B_L2,fit_acc,0.37779850746268656
E1,dblp,default,2,tree_B_L2,cv_acc,0.37776570310802
E1,dblp,default,2,tree_B_L3,fit_acc,0.5242537313432836
E1,dblp,default,2,tree_B_L3,cv_acc,0.5055553140621604
E1,dblp,default,2,tree_B_L4,fit_acc,0.6697761194029851
E1,dblp,default,2,tree_B_L4,cv_acc,0.6678895892197347
E1,dblp,default,2,tree_B_L6,fit_acc,0.8600746268656716
E1,dblp,default,2,tree_B_L6,cv_acc,0.8563181916974572
E1,dblp,default,2,tree_B_L8,fit_acc,0.9981343283582089
E1,dblp,default,2,tree_B_L8,cv_acc,0.9943968702455986
E1,dblp,default,2,tree_B_L12,fit_acc,1.0
E1,dblp,default,2,tree_B_L12,cv_acc,0.9943968702455986
E1,dblp,default,2,tree_B_L16,fit_acc,1.0
E1,dblp,default,2,tree_B_L16,cv_acc,0.9943968702455986
E1,dblp,default,2,tree_B_L24,fit_acc,1.0
E1,dblp,default,2,tree_B_L24,cv_acc,0.9943968702455986
E1,dblp,default,2,tree_B_L32,fit_acc,1.0
E1,dblp,default,2,tree_B_L32,cv_acc,0.9943968702455986
E1,dblp,default,2,tree_C_L2,fit_acc,0.37779850746268656
E1,dblp,default,2,tree_C_L2,cv_acc,0.37776570310802
E1,dblp,default,2,tree_C_L3,fit_acc,0.5242537313432836
E1,dblp,default,2,tree_C_L3,cv_acc,0.5055553140621604
E1,dblp,default,2,tree_C_L4,fit_acc,0.6697761194029851
E1,dblp,default,2,tree_C_L4,cv_acc,0.6678895892197347
E1,dblp,default,2,tree_C_L6,fit_acc,0.8600746268656716
E1,dblp,default,2,tree_C_L6,cv_acc,0.8563181916974572
E1,dblp,default,2,tree_C_L8,fit_acc,0.9981343283582089
E1,dblp,default,2,tree_C_L8,cv_acc,0.9943968702455986
E1,dblp,default,2,tree_C_L12,fit_acc,1.0
E1,dblp,default,2,tree_C_L12,cv_acc,0.9943968702455986
E1,dblp,default,2,tree_C_L16,fit_acc,1.0
E1,dblp,default,2,tree_C_L16,cv_acc,0.9943968702455986
E1,dblp,default,2,tree_C_L24,fit_acc,1.0
E1,dblp,default,2,tree_C_L24,cv_acc,0.9943968702455986
E1,dblp,default,2,tree_C_L32,fit_acc,1.0
E1,dblp,default,2,tree_C_L32,cv_acc,0.9943968702455986
E1,dblp,default,2,tree,majority_all,0.20988805970149255
_,dblp,default,2,core|dblp|default|2,_done,0.26
E2,dblp,default,3,all,recon_maxabs,6.661338147750939e-16
E2,dblp,default,3,all,n_with_content,0
E2,dblp,default,3,all,n_nodes,1072
E1,dblp,default,3,rules,n_rules,1.0
E1,dblp,default,3,rules,fidelity,0.20988805970149255
E1,dblp,default,3,rules,coverage,1.0
E1,dblp,default,3,rules,majority_covered,0.20988805970149255
E1,dblp,default,3,rules,majority_all,0.20988805970149255
E1,dblp,default,3,rules,lift_pts,0.0
E1,dblp,default,3,tree_A_L2,fit_acc,0.20988805970149255
E1,dblp,default,3,tree_A_L2,cv_acc,0.20988805970149255
E1,dblp,default,3,tree_A_L3,fit_acc,0.20988805970149255
E1,dblp,default,3,tree_A_L3,cv_acc,0.20988805970149255
E1,dblp,default,3,tree_A_L4,fit_acc,0.20988805970149255
E1,dblp,default,3,tree_A_L4,cv_acc,0.20988805970149255
E1,dblp,default,3,tree_A_L6,fit_acc,0.20988805970149255
E1,dblp,default,3,tree_A_L6,cv_acc,0.20988805970149255
E1,dblp,default,3,tree_A_L8,fit_acc,0.20988805970149255
E1,dblp,default,3,tree_A_L8,cv_acc,0.20988805970149255
E1,dblp,default,3,tree_A_L12,fit_acc,0.20988805970149255
E1,dblp,default,3,tree_A_L12,cv_acc,0.20988805970149255
E1,dblp,default,3,tree_A_L16,fit_acc,0.20988805970149255
E1,dblp,default,3,tree_A_L16,cv_acc,0.20988805970149255
E1,dblp,default,3,tree_A_L24,fit_acc,0.20988805970149255
E1,dblp,default,3,tree_A_L24,cv_acc,0.20988805970149255
E1,dblp,default,3,tree_A_L32,fit_acc,0.20988805970149255
E1,dblp,default,3,tree_A_L32,cv_acc,0.20988805970149255
E1,dblp,default,3,tree_B_L2,fit_acc,0.3843283582089552
E1,dblp,default,3,tree_B_L2,cv_acc,0.38429906542056075
E1,dblp,default,3,tree_B_L3,fit_acc,0.5261194029850746
E1,dblp,default,3,tree_B_L3,cv_acc,0.5261247554879375
E1,dblp,default,3,tree_B_L4,fit_acc,0.6389925373134329
E1,dblp,default,3,tree_B_L4,cv_acc,0.6371354053466638
E1,dblp,default,3,tree_B_L6,fit_acc,0.835820895522388
E1,dblp,default,3,tree_B_L6,cv_acc,0.8227689632688546
E1,dblp,default,3,tree_B_L8,fit_acc,0.9944029850746269
E1,dblp,default,3,tree_B_L8,cv_acc,0.9888024342534232
E1,dblp,default,3,tree_B_L12,fit_acc,0.996268656716418
E1,dblp,default,3,tree_B_L12,cv_acc,0.9878722016952836
E1,dblp,default,3,tree_B_L16,fit_acc,0.9981343283582089
E1,dblp,default,3,tree_B_L16,cv_acc,0.9869463160182569
E1,dblp,default,3,tree_B_L24,fit_acc,0.9981343283582089
E1,dblp,default,3,tree_B_L24,cv_acc,0.9869463160182569
E1,dblp,default,3,tree_B_L32,fit_acc,0.9981343283582089
E1,dblp,default,3,tree_B_L32,cv_acc,0.9869463160182569
E1,dblp,default,3,tree_C_L2,fit_acc,0.3843283582089552
E1,dblp,default,3,tree_C_L2,cv_acc,0.38429906542056075
E1,dblp,default,3,tree_C_L3,fit_acc,0.5261194029850746
E1,dblp,default,3,tree_C_L3,cv_acc,0.5261247554879375
E1,dblp,default,3,tree_C_L4,fit_acc,0.6389925373134329
E1,dblp,default,3,tree_C_L4,cv_acc,0.6371354053466638
E1,dblp,default,3,tree_C_L6,fit_acc,0.835820895522388
E1,dblp,default,3,tree_C_L6,cv_acc,0.8227689632688546
E1,dblp,default,3,tree_C_L8,fit_acc,0.9944029850746269
E1,dblp,default,3,tree_C_L8,cv_acc,0.9888024342534232
E1,dblp,default,3,tree_C_L12,fit_acc,0.996268656716418
E1,dblp,default,3,tree_C_L12,cv_acc,0.9878722016952836
E1,dblp,default,3,tree_C_L16,fit_acc,0.9981343283582089
E1,dblp,default,3,tree_C_L16,cv_acc,0.9869463160182569
E1,dblp,default,3,tree_C_L24,fit_acc,0.9981343283582089
E1,dblp,default,3,tree_C_L24,cv_acc,0.9869463160182569
E1,dblp,default,3,tree_C_L32,fit_acc,0.9981343283582089
E1,dblp,default,3,tree_C_L32,cv_acc,0.9869463160182569
E1,dblp,default,3,tree,majority_all,0.20988805970149255
_,dblp,default,3,core|dblp|default|3,_done,0.25
E2,dblp,default,4,all,recon_maxabs,6.661338147750939e-16
E2,dblp,default,4,all,n_with_content,0
E2,dblp,default,4,all,n_nodes,1072
E1,dblp,default,4,rules,n_rules,1.0
E1,dblp,default,4,rules,fidelity,0.21548507462686567
E1,dblp,default,4,rules,coverage,1.0
E1,dblp,default,4,rules,majority_covered,0.21548507462686567
E1,dblp,default,4,rules,majority_all,0.21548507462686567
E1,dblp,default,4,rules,lift_pts,0.0
E1,dblp,default,4,tree_A_L2,fit_acc,0.21548507462686567
E1,dblp,default,4,tree_A_L2,cv_acc,0.21548507462686567
E1,dblp,default,4,tree_A_L3,fit_acc,0.21548507462686567
E1,dblp,default,4,tree_A_L3,cv_acc,0.21548507462686567
E1,dblp,default,4,tree_A_L4,fit_acc,0.21548507462686567
E1,dblp,default,4,tree_A_L4,cv_acc,0.21548507462686567
E1,dblp,default,4,tree_A_L6,fit_acc,0.21548507462686567
E1,dblp,default,4,tree_A_L6,cv_acc,0.21548507462686567
E1,dblp,default,4,tree_A_L8,fit_acc,0.21548507462686567
E1,dblp,default,4,tree_A_L8,cv_acc,0.21548507462686567
E1,dblp,default,4,tree_A_L12,fit_acc,0.21548507462686567
E1,dblp,default,4,tree_A_L12,cv_acc,0.21548507462686567
E1,dblp,default,4,tree_A_L16,fit_acc,0.21548507462686567
E1,dblp,default,4,tree_A_L16,cv_acc,0.21548507462686567
E1,dblp,default,4,tree_A_L24,fit_acc,0.21548507462686567
E1,dblp,default,4,tree_A_L24,cv_acc,0.21548507462686567
E1,dblp,default,4,tree_A_L32,fit_acc,0.21548507462686567
E1,dblp,default,4,tree_A_L32,cv_acc,0.21548507462686567
E1,dblp,default,4,tree_B_L2,fit_acc,0.4001865671641791
E1,dblp,default,4,tree_B_L2,cv_acc,0.39832645077157136
E1,dblp,default,4,tree_B_L3,fit_acc,0.5680970149253731
E1,dblp,default,4,tree_B_L3,cv_acc,0.5652727667898283
E1,dblp,default,4,tree_B_L4,fit_acc,0.6735074626865671
E1,dblp,default,4,tree_B_L4,cv_acc,0.6697804825038035
E1,dblp,default,4,tree_B_L6,fit_acc,0.8488805970149254
E1,dblp,default,4,tree_B_L6,cv_acc,0.845168441643121
E1,dblp,default,4,tree_B_L8,fit_acc,0.9944029850746269
E1,dblp,default,4,tree_B_L8,cv_acc,0.9887980873723103
E1,dblp,default,4,tree_B_L12,fit_acc,0.9981343283582089
E1,dblp,default,4,tree_B_L12,cv_acc,0.987863507933058
E1,dblp,default,4,tree_B_L16,fit_acc,0.9990671641791045
E1,dblp,default,4,tree_B_L16,cv_acc,0.9869332753749184
E1,dblp,default,4,tree_B_L24,fit_acc,0.9990671641791045
E1,dblp,default,4,tree_B_L24,cv_acc,0.9869332753749184
E1,dblp,default,4,tree_B_L32,fit_acc,0.9990671641791045
E1,dblp,default,4,tree_B_L32,cv_acc,0.9869332753749184
E1,dblp,default,4,tree_C_L2,fit_acc,0.4001865671641791
E1,dblp,default,4,tree_C_L2,cv_acc,0.39832645077157136
E1,dblp,default,4,tree_C_L3,fit_acc,0.5680970149253731
E1,dblp,default,4,tree_C_L3,cv_acc,0.5652727667898283
E1,dblp,default,4,tree_C_L4,fit_acc,0.6735074626865671
E1,dblp,default,4,tree_C_L4,cv_acc,0.6697804825038035
E1,dblp,default,4,tree_C_L6,fit_acc,0.8488805970149254
E1,dblp,default,4,tree_C_L6,cv_acc,0.845168441643121
E1,dblp,default,4,tree_C_L8,fit_acc,0.9944029850746269
E1,dblp,default,4,tree_C_L8,cv_acc,0.9887980873723103
E1,dblp,default,4,tree_C_L12,fit_acc,0.9981343283582089
E1,dblp,default,4,tree_C_L12,cv_acc,0.9887980873723103
E1,dblp,default,4,tree_C_L16,fit_acc,0.9990671641791045
E1,dblp,default,4,tree_C_L16,cv_acc,0.9878678548141708
E1,dblp,default,4,tree_C_L24,fit_acc,0.9990671641791045
E1,dblp,default,4,tree_C_L24,cv_acc,0.9878678548141708
E1,dblp,default,4,tree_C_L32,fit_acc,0.9990671641791045
E1,dblp,default,4,tree_C_L32,cv_acc,0.9878678548141708
E1,dblp,default,4,tree,majority_all,0.21548507462686567
_,dblp,default,4,core|dblp|default|4,_done,0.23
E2,pheme,default,2,all,recon_maxabs,9.992007221626409e-16
E2,pheme,default,2,all,n_with_content,2000
E2,pheme,default,2,all,n_nodes,2000
E2,pheme,default,2,all,flip_content_mean,0.006
E2,pheme,default,2,all,flip_structure_mean,0.8605
E2,pheme,default,2,all,spearman_alpha_delta_mean,nan
E2,pheme,default,2,all,spearman_alpha_delta,nan
E2,pheme,default,2,all,spearman_posthoc_delta,0.8106725245801377
E2,pheme,default,2,all,spearman_normshare_delta,-0.20223089513373776
E2,pheme,default,2,all,spearman_alpha_tvc,nan
E2,pheme,default,2,all,spearman_alpha_tvs,nan
E2,pheme,default,2,all,mean_tv_content,0.04641102655829932
E2,pheme,default,2,all,mean_tv_structure,0.522825761116152
E2,pheme,default,2,all,flip_content,0.0085
E2,pheme,default,2,all,flip_structure,0.8605
E2,pheme,default,2,all,alpha_std,5.551115123125783e-17
E2,pheme,default,2,all,flip_content_T1,0.008995502248875561
E2,pheme,default,2,all,flip_structure_T1,0.841079460269865
E2,pheme,default,2,all,alpha_mean_T1,0.14999999999999997
E2,pheme,default,2,all,flip_content_T2,0.005997001499250375
E2,pheme,default,2,all,flip_structure_T2,0.8980509745127436
E2,pheme,default,2,all,alpha_mean_T2,0.14999999999999997
E2,pheme,default,2,all,flip_content_T3,0.010510510510510511
E2,pheme,default,2,all,flip_structure_T3,0.8423423423423423
E2,pheme,default,2,all,alpha_mean_T3,0.14999999999999997
E1,pheme,default,2,rules,n_rules,1.0
E1,pheme,default,2,rules,fidelity,0.1695
E1,pheme,default,2,rules,coverage,1.0
E1,pheme,default,2,rules,majority_covered,0.1695
E1,pheme,default,2,rules,majority_all,0.1695
E1,pheme,default,2,rules,lift_pts,0.0
E1,pheme,default,2,tree_A_L2,fit_acc,0.1695
E1,pheme,default,2,tree_A_L2,cv_acc,0.1695
E1,pheme,default,2,tree_A_L3,fit_acc,0.1695
E1,pheme,default,2,tree_A_L3,cv_acc,0.1695
E1,pheme,default,2,tree_A_L4,fit_acc,0.1695
E1,pheme,default,2,tree_A_L4,cv_acc,0.1695
E1,pheme,default,2,tree_A_L6,fit_acc,0.1695
E1,pheme,default,2,tree_A_L6,cv_acc,0.1695
E1,pheme,default,2,tree_A_L8,fit_acc,0.1695
E1,pheme,default,2,tree_A_L8,cv_acc,0.1695
E1,pheme,default,2,tree_A_L12,fit_acc,0.1695
E1,pheme,default,2,tree_A_L12,cv_acc,0.1695
E1,pheme,default,2,tree_A_L16,fit_acc,0.1695
E1,pheme,default,2,tree_A_L16,cv_acc,0.1695
E1,pheme,default,2,tree_A_L24,fit_acc,0.1695
E1,pheme,default,2,tree_A_L24,cv_acc,0.1695
E1,pheme,default,2,tree_A_L32,fit_acc,0.1695
E1,pheme,default,2,tree_A_L32,cv_acc,0.1695
E1,pheme,default,2,tree_B_L2,fit_acc,0.3235
E1,pheme,default,2,tree_B_L2,cv_acc,0.3235
E1,pheme,default,2,tree_B_L3,fit_acc,0.462
E1,pheme,default,2,tree_B_L3,cv_acc,0.4615
E1,pheme,default,2,tree_B_L4,fit_acc,0.5945
E1,pheme,default,2,tree_B_L4,cv_acc,0.594
E1,pheme,default,2,tree_B_L6,fit_acc,0.824
E1,pheme,default,2,tree_B_L6,cv_acc,0.8234999999999999
E1,pheme,default,2,tree_B_L8,fit_acc,0.9915
E1,pheme,default,2,tree_B_L8,cv_acc,0.9904999999999999
E1,pheme,default,2,tree_B_L12,fit_acc,0.9935
E1,pheme,default,2,tree_B_L12,cv_acc,0.991
E1,pheme,default,2,tree_B_L16,fit_acc,0.9945
E1,pheme,default,2,tree_B_L16,cv_acc,0.991
E1,pheme,default,2,tree_B_L24,fit_acc,0.9945
E1,pheme,default,2,tree_B_L24,cv_acc,0.991
E1,pheme,default,2,tree_B_L32,fit_acc,0.9945
E1,pheme,default,2,tree_B_L32,cv_acc,0.991
E1,pheme,default,2,tree_C_L2,fit_acc,0.3235
E1,pheme,default,2,tree_C_L2,cv_acc,0.3235
E1,pheme,default,2,tree_C_L3,fit_acc,0.462
E1,pheme,default,2,tree_C_L3,cv_acc,0.4615
E1,pheme,default,2,tree_C_L4,fit_acc,0.5945
E1,pheme,default,2,tree_C_L4,cv_acc,0.594
E1,pheme,default,2,tree_C_L6,fit_acc,0.824
E1,pheme,default,2,tree_C_L6,cv_acc,0.8234999999999999
E1,pheme,default,2,tree_C_L8,fit_acc,0.9915
E1,pheme,default,2,tree_C_L8,cv_acc,0.9904999999999999
E1,pheme,default,2,tree_C_L12,fit_acc,0.9935
E1,pheme,default,2,tree_C_L12,cv_acc,0.991
E1,pheme,default,2,tree_C_L16,fit_acc,0.9945
E1,pheme,default,2,tree_C_L16,cv_acc,0.9904999999999999
E1,pheme,default,2,tree_C_L24,fit_acc,0.9945
E1,pheme,default,2,tree_C_L24,cv_acc,0.9904999999999999
E1,pheme,default,2,tree_C_L32,fit_acc,0.9945
E1,pheme,default,2,tree_C_L32,cv_acc,0.9904999999999999
E1,pheme,default,2,tree,majority_all,0.1695
_,pheme,default,2,core|pheme|default|2,_done,6.66
E2,dblp,robust,0,all,recon_maxabs,0.0
E2,dblp,robust,0,all,n_with_content,0
E2,dblp,robust,0,all,n_nodes,1072
E1,dblp,robust,0,rules,n_rules,1.0
E1,dblp,robust,0,rules,fidelity,0.20988805970149255
E1,dblp,robust,0,rules,coverage,1.0
E1,dblp,robust,0,rules,majority_covered,0.20988805970149255
E1,dblp,robust,0,rules,majority_all,0.20988805970149255
E1,dblp,robust,0,rules,lift_pts,0.0
E1,dblp,robust,0,tree_A_L2,fit_acc,0.20988805970149255
E1,dblp,robust,0,tree_A_L2,cv_acc,0.20988805970149255
E1,dblp,robust,0,tree_A_L3,fit_acc,0.20988805970149255
E1,dblp,robust,0,tree_A_L3,cv_acc,0.20988805970149255
E1,dblp,robust,0,tree_A_L4,fit_acc,0.20988805970149255
E1,dblp,robust,0,tree_A_L4,cv_acc,0.20988805970149255
E1,dblp,robust,0,tree_A_L6,fit_acc,0.20988805970149255
E1,dblp,robust,0,tree_A_L6,cv_acc,0.20988805970149255
E1,dblp,robust,0,tree_A_L8,fit_acc,0.20988805970149255
E1,dblp,robust,0,tree_A_L8,cv_acc,0.20988805970149255
E1,dblp,robust,0,tree_A_L12,fit_acc,0.20988805970149255
E1,dblp,robust,0,tree_A_L12,cv_acc,0.20988805970149255
E1,dblp,robust,0,tree_A_L16,fit_acc,0.20988805970149255
E1,dblp,robust,0,tree_A_L16,cv_acc,0.20988805970149255
E1,dblp,robust,0,tree_A_L24,fit_acc,0.20988805970149255
E1,dblp,robust,0,tree_A_L24,cv_acc,0.20988805970149255
E1,dblp,robust,0,tree_A_L32,fit_acc,0.20988805970149255
E1,dblp,robust,0,tree_A_L32,cv_acc,0.20988805970149255
E1,dblp,robust,0,tree_B_L2,fit_acc,0.37779850746268656
E1,dblp,robust,0,tree_B_L2,cv_acc,0.3777787437513584
E1,dblp,robust,0,tree_B_L3,fit_acc,0.5242537313432836
E1,dblp,robust,0,tree_B_L3,cv_acc,0.5065203216692024
E1,dblp,robust,0,tree_B_L4,fit_acc,0.6697761194029851
E1,dblp,robust,0,tree_B_L4,cv_acc,0.6688415561834384
E1,dblp,robust,0,tree_B_L6,fit_acc,0.8600746268656716
E1,dblp,robust,0,tree_B_L6,cv_acc,0.8563529667463594
E1,dblp,robust,0,tree_B_L8,fit_acc,0.9981343283582089
E1,dblp,robust,0,tree_B_L8,cv_acc,0.9943968702455989
E1,dblp,robust,0,tree_B_L12,fit_acc,1.0
E1,dblp,robust,0,tree_B_L12,cv_acc,0.9943968702455989
E1,dblp,robust,0,tree_B_L16,fit_acc,1.0
E1,dblp,robust,0,tree_B_L16,cv_acc,0.9943968702455989
E1,dblp,robust,0,tree_B_L24,fit_acc,1.0
E1,dblp,robust,0,tree_B_L24,cv_acc,0.9943968702455989
E1,dblp,robust,0,tree_B_L32,fit_acc,1.0
E1,dblp,robust,0,tree_B_L32,cv_acc,0.9943968702455989
E1,dblp,robust,0,tree_C_L2,fit_acc,0.37779850746268656
E1,dblp,robust,0,tree_C_L2,cv_acc,0.3777787437513584
E1,dblp,robust,0,tree_C_L3,fit_acc,0.5242537313432836
E1,dblp,robust,0,tree_C_L3,cv_acc,0.5065203216692024
E1,dblp,robust,0,tree_C_L4,fit_acc,0.6697761194029851
E1,dblp,robust,0,tree_C_L4,cv_acc,0.6688415561834384
E1,dblp,robust,0,tree_C_L6,fit_acc,0.8600746268656716
E1,dblp,robust,0,tree_C_L6,cv_acc,0.8563529667463594
E1,dblp,robust,0,tree_C_L8,fit_acc,0.9981343283582089
E1,dblp,robust,0,tree_C_L8,cv_acc,0.9943968702455989
E1,dblp,robust,0,tree_C_L12,fit_acc,1.0
E1,dblp,robust,0,tree_C_L12,cv_acc,0.9934622908063464
E1,dblp,robust,0,tree_C_L16,fit_acc,1.0
E1,dblp,robust,0,tree_C_L16,cv_acc,0.9934622908063464
E1,dblp,robust,0,tree_C_L24,fit_acc,1.0
E1,dblp,robust,0,tree_C_L24,cv_acc,0.9934622908063464
E1,dblp,robust,0,tree_C_L32,fit_acc,1.0
E1,dblp,robust,0,tree_C_L32,cv_acc,0.9934622908063464
E1,dblp,robust,0,tree,majority_all,0.20988805970149255
_,dblp,robust,0,core|dblp|robust|0,_done,0.22
E2,dblp,robust,1,all,recon_maxabs,0.0
E2,dblp,robust,1,all,n_with_content,0
E2,dblp,robust,1,all,n_nodes,1072
E1,dblp,robust,1,rules,n_rules,1.0
E1,dblp,robust,1,rules,fidelity,0.20988805970149255
E1,dblp,robust,1,rules,coverage,1.0
E1,dblp,robust,1,rules,majority_covered,0.20988805970149255
E1,dblp,robust,1,rules,majority_all,0.20988805970149255
E1,dblp,robust,1,rules,lift_pts,0.0
E1,dblp,robust,1,tree_A_L2,fit_acc,0.20988805970149255
E1,dblp,robust,1,tree_A_L2,cv_acc,0.20988805970149255
E1,dblp,robust,1,tree_A_L3,fit_acc,0.20988805970149255
E1,dblp,robust,1,tree_A_L3,cv_acc,0.20988805970149255
E1,dblp,robust,1,tree_A_L4,fit_acc,0.20988805970149255
E1,dblp,robust,1,tree_A_L4,cv_acc,0.20988805970149255
E1,dblp,robust,1,tree_A_L6,fit_acc,0.20988805970149255
E1,dblp,robust,1,tree_A_L6,cv_acc,0.20988805970149255
E1,dblp,robust,1,tree_A_L8,fit_acc,0.20988805970149255
E1,dblp,robust,1,tree_A_L8,cv_acc,0.20988805970149255
E1,dblp,robust,1,tree_A_L12,fit_acc,0.20988805970149255
E1,dblp,robust,1,tree_A_L12,cv_acc,0.20988805970149255
E1,dblp,robust,1,tree_A_L16,fit_acc,0.20988805970149255
E1,dblp,robust,1,tree_A_L16,cv_acc,0.20988805970149255
E1,dblp,robust,1,tree_A_L24,fit_acc,0.20988805970149255
E1,dblp,robust,1,tree_A_L24,cv_acc,0.20988805970149255
E1,dblp,robust,1,tree_A_L32,fit_acc,0.20988805970149255
E1,dblp,robust,1,tree_A_L32,cv_acc,0.20988805970149255
E1,dblp,robust,1,tree_B_L2,fit_acc,0.37779850746268656
E1,dblp,robust,1,tree_B_L2,cv_acc,0.37689632688545965
E1,dblp,robust,1,tree_B_L3,fit_acc,0.5242537313432836
E1,dblp,robust,1,tree_B_L3,cv_acc,0.5121625733536188
E1,dblp,robust,1,tree_B_L4,fit_acc,0.6697761194029851
E1,dblp,robust,1,tree_B_L4,cv_acc,0.6688980656379048
E1,dblp,robust,1,tree_B_L6,fit_acc,0.8600746268656716
E1,dblp,robust,1,tree_B_L6,cv_acc,0.8573136274722886
E1,dblp,robust,1,tree_B_L8,fit_acc,0.9981343283582089
E1,dblp,robust,1,tree_B_L8,cv_acc,0.9934666376874592
E1,dblp,robust,1,tree_B_L12,fit_acc,1.0
E1,dblp,robust,1,tree_B_L12,cv_acc,0.9953357965659639
E1,dblp,robust,1,tree_B_L16,fit_acc,1.0
E1,dblp,robust,1,tree_B_L16,cv_acc,0.9953357965659639
E1,dblp,robust,1,tree_B_L24,fit_acc,1.0
E1,dblp,robust,1,tree_B_L24,cv_acc,0.9953357965659639
E1,dblp,robust,1,tree_B_L32,fit_acc,1.0
E1,dblp,robust,1,tree_B_L32,cv_acc,0.9953357965659639
E1,dblp,robust,1,tree_C_L2,fit_acc,0.37779850746268656
E1,dblp,robust,1,tree_C_L2,cv_acc,0.37689632688545965
E1,dblp,robust,1,tree_C_L3,fit_acc,0.5242537313432836
E1,dblp,robust,1,tree_C_L3,cv_acc,0.5121625733536188
E1,dblp,robust,1,tree_C_L4,fit_acc,0.6697761194029851
E1,dblp,robust,1,tree_C_L4,cv_acc,0.6688980656379048
E1,dblp,robust,1,tree_C_L6,fit_acc,0.8600746268656716
E1,dblp,robust,1,tree_C_L6,cv_acc,0.8573136274722886
E1,dblp,robust,1,tree_C_L8,fit_acc,0.9981343283582089
E1,dblp,robust,1,tree_C_L8,cv_acc,0.9934666376874592
E1,dblp,robust,1,tree_C_L12,fit_acc,1.0
E1,dblp,robust,1,tree_C_L12,cv_acc,0.9953357965659639
E1,dblp,robust,1,tree_C_L16,fit_acc,1.0
E1,dblp,robust,1,tree_C_L16,cv_acc,0.9953357965659639
E1,dblp,robust,1,tree_C_L24,fit_acc,1.0
E1,dblp,robust,1,tree_C_L24,cv_acc,0.9953357965659639
E1,dblp,robust,1,tree_C_L32,fit_acc,1.0
E1,dblp,robust,1,tree_C_L32,cv_acc,0.9953357965659639
E1,dblp,robust,1,tree,majority_all,0.20988805970149255
_,dblp,robust,1,core|dblp|robust|1,_done,0.22
E2,dblp,robust,2,all,recon_maxabs,0.0
E2,dblp,robust,2,all,n_with_content,0
E2,dblp,robust,2,all,n_nodes,1072
E1,dblp,robust,2,rules,n_rules,1.0
E1,dblp,robust,2,rules,fidelity,0.20988805970149255
E1,dblp,robust,2,rules,coverage,1.0
E1,dblp,robust,2,rules,majority_covered,0.20988805970149255
E1,dblp,robust,2,rules,majority_all,0.20988805970149255
E1,dblp,robust,2,rules,lift_pts,0.0
E1,dblp,robust,2,tree_A_L2,fit_acc,0.20988805970149255
E1,dblp,robust,2,tree_A_L2,cv_acc,0.20988805970149255
E1,dblp,robust,2,tree_A_L3,fit_acc,0.20988805970149255
E1,dblp,robust,2,tree_A_L3,cv_acc,0.20988805970149255
E1,dblp,robust,2,tree_A_L4,fit_acc,0.20988805970149255
E1,dblp,robust,2,tree_A_L4,cv_acc,0.20988805970149255
E1,dblp,robust,2,tree_A_L6,fit_acc,0.20988805970149255
E1,dblp,robust,2,tree_A_L6,cv_acc,0.20988805970149255
E1,dblp,robust,2,tree_A_L8,fit_acc,0.20988805970149255
E1,dblp,robust,2,tree_A_L8,cv_acc,0.20988805970149255
E1,dblp,robust,2,tree_A_L12,fit_acc,0.20988805970149255
E1,dblp,robust,2,tree_A_L12,cv_acc,0.20988805970149255
E1,dblp,robust,2,tree_A_L16,fit_acc,0.20988805970149255
E1,dblp,robust,2,tree_A_L16,cv_acc,0.20988805970149255
E1,dblp,robust,2,tree_A_L24,fit_acc,0.20988805970149255
E1,dblp,robust,2,tree_A_L24,cv_acc,0.20988805970149255
E1,dblp,robust,2,tree_A_L32,fit_acc,0.20988805970149255
E1,dblp,robust,2,tree_A_L32,cv_acc,0.20988805970149255
E1,dblp,robust,2,tree_B_L2,fit_acc,0.37779850746268656
E1,dblp,robust,2,tree_B_L2,cv_acc,0.37776570310802
E1,dblp,robust,2,tree_B_L3,fit_acc,0.5242537313432836
E1,dblp,robust,2,tree_B_L3,cv_acc,0.5055553140621604
E1,dblp,robust,2,tree_B_L4,fit_acc,0.6697761194029851
E1,dblp,robust,2,tree_B_L4,cv_acc,0.6678895892197347
E1,dblp,robust,2,tree_B_L6,fit_acc,0.8600746268656716
E1,dblp,robust,2,tree_B_L6,cv_acc,0.8563181916974572
E1,dblp,robust,2,tree_B_L8,fit_acc,0.9981343283582089
E1,dblp,robust,2,tree_B_L8,cv_acc,0.9943968702455986
E1,dblp,robust,2,tree_B_L12,fit_acc,1.0
E1,dblp,robust,2,tree_B_L12,cv_acc,0.9943968702455986
E1,dblp,robust,2,tree_B_L16,fit_acc,1.0
E1,dblp,robust,2,tree_B_L16,cv_acc,0.9943968702455986
E1,dblp,robust,2,tree_B_L24,fit_acc,1.0
E1,dblp,robust,2,tree_B_L24,cv_acc,0.9943968702455986
E1,dblp,robust,2,tree_B_L32,fit_acc,1.0
E1,dblp,robust,2,tree_B_L32,cv_acc,0.9943968702455986
E1,dblp,robust,2,tree_C_L2,fit_acc,0.37779850746268656
E1,dblp,robust,2,tree_C_L2,cv_acc,0.37776570310802
E1,dblp,robust,2,tree_C_L3,fit_acc,0.5242537313432836
E1,dblp,robust,2,tree_C_L3,cv_acc,0.5055553140621604
E1,dblp,robust,2,tree_C_L4,fit_acc,0.6697761194029851
E1,dblp,robust,2,tree_C_L4,cv_acc,0.6678895892197347
E1,dblp,robust,2,tree_C_L6,fit_acc,0.8600746268656716
E1,dblp,robust,2,tree_C_L6,cv_acc,0.8563181916974572
E1,dblp,robust,2,tree_C_L8,fit_acc,0.9981343283582089
E1,dblp,robust,2,tree_C_L8,cv_acc,0.9943968702455986
E1,dblp,robust,2,tree_C_L12,fit_acc,1.0
E1,dblp,robust,2,tree_C_L12,cv_acc,0.9943968702455986
E1,dblp,robust,2,tree_C_L16,fit_acc,1.0
E1,dblp,robust,2,tree_C_L16,cv_acc,0.9943968702455986
E1,dblp,robust,2,tree_C_L24,fit_acc,1.0
E1,dblp,robust,2,tree_C_L24,cv_acc,0.9943968702455986
E1,dblp,robust,2,tree_C_L32,fit_acc,1.0
E1,dblp,robust,2,tree_C_L32,cv_acc,0.9943968702455986
E1,dblp,robust,2,tree,majority_all,0.20988805970149255
_,dblp,robust,2,core|dblp|robust|2,_done,0.2
E2,amazon,default,0,all,recon_maxabs,3.3306690738754696e-16
E2,amazon,default,0,all,n_with_content,0
E2,amazon,default,0,all,n_nodes,146
E1,amazon,default,0,rules,n_rules,1.0
E1,amazon,default,0,rules,fidelity,0.3561643835616438
E1,amazon,default,0,rules,coverage,1.0
E1,amazon,default,0,rules,majority_covered,0.3561643835616438
E1,amazon,default,0,rules,majority_all,0.3561643835616438
E1,amazon,default,0,rules,lift_pts,0.0
E1,amazon,default,0,tree_A_L2,fit_acc,0.3561643835616438
E1,amazon,default,0,tree_A_L2,cv_acc,0.3561643835616438
E1,amazon,default,0,tree_A_L3,fit_acc,0.3561643835616438
E1,amazon,default,0,tree_A_L3,cv_acc,0.3561643835616438
E1,amazon,default,0,tree_A_L4,fit_acc,0.3561643835616438
E1,amazon,default,0,tree_A_L4,cv_acc,0.3561643835616438
E1,amazon,default,0,tree_A_L6,fit_acc,0.3561643835616438
E1,amazon,default,0,tree_A_L6,cv_acc,0.3561643835616438
E1,amazon,default,0,tree_A_L8,fit_acc,0.3561643835616438
E1,amazon,default,0,tree_A_L8,cv_acc,0.3561643835616438
E1,amazon,default,0,tree_A_L12,fit_acc,0.3561643835616438
E1,amazon,default,0,tree_A_L12,cv_acc,0.3561643835616438
E1,amazon,default,0,tree_A_L16,fit_acc,0.3561643835616438
E1,amazon,default,0,tree_A_L16,cv_acc,0.3561643835616438
E1,amazon,default,0,tree_A_L24,fit_acc,0.3561643835616438
E1,amazon,default,0,tree_A_L24,cv_acc,0.3561643835616438
E1,amazon,default,0,tree_A_L32,fit_acc,0.3561643835616438
E1,amazon,default,0,tree_A_L32,cv_acc,0.3561643835616438
E1,amazon,default,0,tree_B_L2,fit_acc,0.6438356164383562
E1,amazon,default,0,tree_B_L2,cv_acc,0.6367816091954024
E1,amazon,default,0,tree_B_L3,fit_acc,0.8767123287671232
E1,amazon,default,0,tree_B_L3,cv_acc,0.863448275862069
E1,amazon,default,0,tree_B_L4,fit_acc,1.0
E1,amazon,default,0,tree_B_L4,cv_acc,0.9862068965517242
E1,amazon,default,0,tree_B_L6,fit_acc,1.0
E1,amazon,default,0,tree_B_L6,cv_acc,0.9862068965517242
E1,amazon,default,0,tree_B_L8,fit_acc,1.0
E1,amazon,default,0,tree_B_L8,cv_acc,0.9862068965517242
E1,amazon,default,0,tree_B_L12,fit_acc,1.0
E1,amazon,default,0,tree_B_L12,cv_acc,0.9862068965517242
E1,amazon,default,0,tree_B_L16,fit_acc,1.0
E1,amazon,default,0,tree_B_L16,cv_acc,0.9862068965517242
E1,amazon,default,0,tree_B_L24,fit_acc,1.0
E1,amazon,default,0,tree_B_L24,cv_acc,0.9862068965517242
E1,amazon,default,0,tree_B_L32,fit_acc,1.0
E1,amazon,default,0,tree_B_L32,cv_acc,0.9862068965517242
E1,amazon,default,0,tree_C_L2,fit_acc,0.6438356164383562
E1,amazon,default,0,tree_C_L2,cv_acc,0.6367816091954024
E1,amazon,default,0,tree_C_L3,fit_acc,0.8767123287671232
E1,amazon,default,0,tree_C_L3,cv_acc,0.863448275862069
E1,amazon,default,0,tree_C_L4,fit_acc,1.0
E1,amazon,default,0,tree_C_L4,cv_acc,0.9862068965517242
E1,amazon,default,0,tree_C_L6,fit_acc,1.0
E1,amazon,default,0,tree_C_L6,cv_acc,0.9862068965517242
E1,amazon,default,0,tree_C_L8,fit_acc,1.0
E1,amazon,default,0,tree_C_L8,cv_acc,0.9862068965517242
E1,amazon,default,0,tree_C_L12,fit_acc,1.0
E1,amazon,default,0,tree_C_L12,cv_acc,0.9862068965517242
E1,amazon,default,0,tree_C_L16,fit_acc,1.0
E1,amazon,default,0,tree_C_L16,cv_acc,0.9862068965517242
E1,amazon,default,0,tree_C_L24,fit_acc,1.0
E1,amazon,default,0,tree_C_L24,cv_acc,0.9862068965517242
E1,amazon,default,0,tree_C_L32,fit_acc,1.0
E1,amazon,default,0,tree_C_L32,cv_acc,0.9862068965517242
E1,amazon,default,0,tree,majority_all,0.3561643835616438
_,amazon,default,0,core|amazon|default|0,_done,0.14
E2,dblp,robust,3,all,recon_maxabs,0.0
E2,dblp,robust,3,all,n_with_content,0
E2,dblp,robust,3,all,n_nodes,1072
E1,dblp,robust,3,rules,n_rules,1.0
E1,dblp,robust,3,rules,fidelity,0.20988805970149255
E1,dblp,robust,3,rules,coverage,1.0
E1,dblp,robust,3,rules,majority_covered,0.20988805970149255
E1,dblp,robust,3,rules,majority_all,0.20988805970149255
E1,dblp,robust,3,rules,lift_pts,0.0
E1,dblp,robust,3,tree_A_L2,fit_acc,0.20988805970149255
E1,dblp,robust,3,tree_A_L2,cv_acc,0.20988805970149255
E1,dblp,robust,3,tree_A_L3,fit_acc,0.20988805970149255
E1,dblp,robust,3,tree_A_L3,cv_acc,0.20988805970149255
E1,dblp,robust,3,tree_A_L4,fit_acc,0.20988805970149255
E1,dblp,robust,3,tree_A_L4,cv_acc,0.20988805970149255
E1,dblp,robust,3,tree_A_L6,fit_acc,0.20988805970149255
E1,dblp,robust,3,tree_A_L6,cv_acc,0.20988805970149255
E1,dblp,robust,3,tree_A_L8,fit_acc,0.20988805970149255
E1,dblp,robust,3,tree_A_L8,cv_acc,0.20988805970149255
E1,dblp,robust,3,tree_A_L12,fit_acc,0.20988805970149255
E1,dblp,robust,3,tree_A_L12,cv_acc,0.20988805970149255
E1,dblp,robust,3,tree_A_L16,fit_acc,0.20988805970149255
E1,dblp,robust,3,tree_A_L16,cv_acc,0.20988805970149255
E1,dblp,robust,3,tree_A_L24,fit_acc,0.20988805970149255
E1,dblp,robust,3,tree_A_L24,cv_acc,0.20988805970149255
E1,dblp,robust,3,tree_A_L32,fit_acc,0.20988805970149255
E1,dblp,robust,3,tree_A_L32,cv_acc,0.20988805970149255
E1,dblp,robust,3,tree_B_L2,fit_acc,0.37779850746268656
E1,dblp,robust,3,tree_B_L2,cv_acc,0.3777700499891328
E1,dblp,robust,3,tree_B_L3,fit_acc,0.5242537313432836
E1,dblp,robust,3,tree_B_L3,cv_acc,0.50558574222995
E1,dblp,robust,3,tree_B_L4,fit_acc,0.6697761194029851
E1,dblp,robust,3,tree_B_L4,cv_acc,0.669810910671593
E1,dblp,robust,3,tree_B_L6,fit_acc,0.8600746268656716
E1,dblp,robust,3,tree_B_L6,cv_acc,0.8573092805911757
E1,dblp,robust,3,tree_B_L8,fit_acc,0.9981343283582089
E1,dblp,robust,3,tree_B_L8,cv_acc,0.9953444903281895
E1,dblp,robust,3,tree_B_L12,fit_acc,1.0
E1,dblp,robust,3,tree_B_L12,cv_acc,0.9953444903281895
E1,dblp,robust,3,tree_B_L16,fit_acc,1.0
E1,dblp,robust,3,tree_B_L16,cv_acc,0.9953444903281895
E1,dblp,robust,3,tree_B_L24,fit_acc,1.0
E1,dblp,robust,3,tree_B_L24,cv_acc,0.9953444903281895
E1,dblp,robust,3,tree_B_L32,fit_acc,1.0
E1,dblp,robust,3,tree_B_L32,cv_acc,0.9953444903281895
E1,dblp,robust,3,tree_C_L2,fit_acc,0.37779850746268656
E1,dblp,robust,3,tree_C_L2,cv_acc,0.3777700499891328
E1,dblp,robust,3,tree_C_L3,fit_acc,0.5242537313432836
E1,dblp,robust,3,tree_C_L3,cv_acc,0.50558574222995
E1,dblp,robust,3,tree_C_L4,fit_acc,0.6697761194029851
E1,dblp,robust,3,tree_C_L4,cv_acc,0.669810910671593
E1,dblp,robust,3,tree_C_L6,fit_acc,0.8600746268656716
E1,dblp,robust,3,tree_C_L6,cv_acc,0.8573092805911757
E1,dblp,robust,3,tree_C_L8,fit_acc,0.9981343283582089
E1,dblp,robust,3,tree_C_L8,cv_acc,0.9953444903281895
E1,dblp,robust,3,tree_C_L12,fit_acc,1.0
E1,dblp,robust,3,tree_C_L12,cv_acc,0.9953444903281895
E1,dblp,robust,3,tree_C_L16,fit_acc,1.0
E1,dblp,robust,3,tree_C_L16,cv_acc,0.9953444903281895
E1,dblp,robust,3,tree_C_L24,fit_acc,1.0
E1,dblp,robust,3,tree_C_L24,cv_acc,0.9953444903281895
E1,dblp,robust,3,tree_C_L32,fit_acc,1.0
E1,dblp,robust,3,tree_C_L32,cv_acc,0.9953444903281895
E1,dblp,robust,3,tree,majority_all,0.20988805970149255
_,dblp,robust,3,core|dblp|robust|3,_done,0.23
E2,dblp,robust,4,all,recon_maxabs,0.0
E2,dblp,robust,4,all,n_with_content,0
E2,dblp,robust,4,all,n_nodes,1072
E1,dblp,robust,4,rules,n_rules,1.0
E1,dblp,robust,4,rules,fidelity,0.20988805970149255
E1,dblp,robust,4,rules,coverage,1.0
E1,dblp,robust,4,rules,majority_covered,0.20988805970149255
E1,dblp,robust,4,rules,majority_all,0.20988805970149255
E1,dblp,robust,4,rules,lift_pts,0.0
E1,dblp,robust,4,tree_A_L2,fit_acc,0.20988805970149255
E1,dblp,robust,4,tree_A_L2,cv_acc,0.20988805970149255
E1,dblp,robust,4,tree_A_L3,fit_acc,0.20988805970149255
E1,dblp,robust,4,tree_A_L3,cv_acc,0.20988805970149255
E1,dblp,robust,4,tree_A_L4,fit_acc,0.20988805970149255
E1,dblp,robust,4,tree_A_L4,cv_acc,0.20988805970149255
E1,dblp,robust,4,tree_A_L6,fit_acc,0.20988805970149255
E1,dblp,robust,4,tree_A_L6,cv_acc,0.20988805970149255
E1,dblp,robust,4,tree_A_L8,fit_acc,0.20988805970149255
E1,dblp,robust,4,tree_A_L8,cv_acc,0.20988805970149255
E1,dblp,robust,4,tree_A_L12,fit_acc,0.20988805970149255
E1,dblp,robust,4,tree_A_L12,cv_acc,0.20988805970149255
E1,dblp,robust,4,tree_A_L16,fit_acc,0.20988805970149255
E1,dblp,robust,4,tree_A_L16,cv_acc,0.20988805970149255
E1,dblp,robust,4,tree_A_L24,fit_acc,0.20988805970149255
E1,dblp,robust,4,tree_A_L24,cv_acc,0.20988805970149255
E1,dblp,robust,4,tree_A_L32,fit_acc,0.20988805970149255
E1,dblp,robust,4,tree_A_L32,cv_acc,0.20988805970149255
E1,dblp,robust,4,tree_B_L2,fit_acc,0.37779850746268656
E1,dblp,robust,4,tree_B_L2,cv_acc,0.3778265594435992
E1,dblp,robust,4,tree_B_L3,fit_acc,0.5242537313432836
E1,dblp,robust,4,tree_B_L3,cv_acc,0.5149402303846988
E1,dblp,robust,4,tree_B_L4,fit_acc,0.6697761194029851
E1,dblp,robust,4,tree_B_L4,cv_acc,0.6697804825038034
E1,dblp,robust,4,tree_B_L6,fit_acc,0.8600746268656716
E1,dblp,robust,4,tree_B_L6,cv_acc,0.8591697457074549
E1,dblp,robust,4,tree_B_L8,fit_acc,0.9981343283582089
E1,dblp,robust,4,tree_B_L8,cv_acc,0.9972006085633558
E1,dblp,robust,4,tree_B_L12,fit_acc,1.0
E1,dblp,robust,4,tree_B_L12,cv_acc,0.9962703760052163
E1,dblp,robust,4,tree_B_L16,fit_acc,1.0
E1,dblp,robust,4,tree_B_L16,cv_acc,0.9962703760052163
E1,dblp,robust,4,tree_B_L24,fit_acc,1.0
E1,dblp,robust,4,tree_B_L24,cv_acc,0.9962703760052163
E1,dblp,robust,4,tree_B_L32,fit_acc,1.0
E1,dblp,robust,4,tree_B_L32,cv_acc,0.9962703760052163
E1,dblp,robust,4,tree_C_L2,fit_acc,0.37779850746268656
E1,dblp,robust,4,tree_C_L2,cv_acc,0.3778265594435992
E1,dblp,robust,4,tree_C_L3,fit_acc,0.5242537313432836
E1,dblp,robust,4,tree_C_L3,cv_acc,0.5149402303846988
E1,dblp,robust,4,tree_C_L4,fit_acc,0.6697761194029851
E1,dblp,robust,4,tree_C_L4,cv_acc,0.6697804825038034
E1,dblp,robust,4,tree_C_L6,fit_acc,0.8600746268656716
E1,dblp,robust,4,tree_C_L6,cv_acc,0.8591697457074549
E1,dblp,robust,4,tree_C_L8,fit_acc,0.9981343283582089
E1,dblp,robust,4,tree_C_L8,cv_acc,0.9972006085633558
E1,dblp,robust,4,tree_C_L12,fit_acc,1.0
E1,dblp,robust,4,tree_C_L12,cv_acc,0.9962703760052163
E1,dblp,robust,4,tree_C_L16,fit_acc,1.0
E1,dblp,robust,4,tree_C_L16,cv_acc,0.9962703760052163
E1,dblp,robust,4,tree_C_L24,fit_acc,1.0
E1,dblp,robust,4,tree_C_L24,cv_acc,0.9962703760052163
E1,dblp,robust,4,tree_C_L32,fit_acc,1.0
E1,dblp,robust,4,tree_C_L32,cv_acc,0.9962703760052163
E1,dblp,robust,4,tree,majority_all,0.20988805970149255
_,dblp,robust,4,core|dblp|robust|4,_done,0.25
E2,amazon,default,1,all,recon_maxabs,3.3306690738754696e-16
E2,amazon,default,1,all,n_with_content,0
E2,amazon,default,1,all,n_nodes,146
E1,amazon,default,1,rules,n_rules,1.0
E1,amazon,default,1,rules,fidelity,0.3561643835616438
E1,amazon,default,1,rules,coverage,1.0
E1,amazon,default,1,rules,majority_covered,0.3561643835616438
E1,amazon,default,1,rules,majority_all,0.3561643835616438
E1,amazon,default,1,rules,lift_pts,0.0
E1,amazon,default,1,tree_A_L2,fit_acc,0.3561643835616438
E1,amazon,default,1,tree_A_L2,cv_acc,0.3561643835616438
E1,amazon,default,1,tree_A_L3,fit_acc,0.3561643835616438
E1,amazon,default,1,tree_A_L3,cv_acc,0.3561643835616438
E1,amazon,default,1,tree_A_L4,fit_acc,0.3561643835616438
E1,amazon,default,1,tree_A_L4,cv_acc,0.3561643835616438
E1,amazon,default,1,tree_A_L6,fit_acc,0.3561643835616438
E1,amazon,default,1,tree_A_L6,cv_acc,0.3561643835616438
E1,amazon,default,1,tree_A_L8,fit_acc,0.3561643835616438
E1,amazon,default,1,tree_A_L8,cv_acc,0.3561643835616438
E1,amazon,default,1,tree_A_L12,fit_acc,0.3561643835616438
E1,amazon,default,1,tree_A_L12,cv_acc,0.3561643835616438
E1,amazon,default,1,tree_A_L16,fit_acc,0.3561643835616438
E1,amazon,default,1,tree_A_L16,cv_acc,0.3561643835616438
E1,amazon,default,1,tree_A_L24,fit_acc,0.3561643835616438
E1,amazon,default,1,tree_A_L24,cv_acc,0.3561643835616438
E1,amazon,default,1,tree_A_L32,fit_acc,0.3561643835616438
E1,amazon,default,1,tree_A_L32,cv_acc,0.3561643835616438
E1,amazon,default,1,tree_B_L2,fit_acc,0.6438356164383562
E1,amazon,default,1,tree_B_L2,cv_acc,0.636551724137931
E1,amazon,default,1,tree_B_L3,fit_acc,0.8767123287671232
E1,amazon,default,1,tree_B_L3,cv_acc,0.8632183908045976
E1,amazon,default,1,tree_B_L4,fit_acc,1.0
E1,amazon,default,1,tree_B_L4,cv_acc,0.9864367816091955
E1,amazon,default,1,tree_B_L6,fit_acc,1.0
E1,amazon,default,1,tree_B_L6,cv_acc,0.9864367816091955
E1,amazon,default,1,tree_B_L8,fit_acc,1.0
E1,amazon,default,1,tree_B_L8,cv_acc,0.9864367816091955
E1,amazon,default,1,tree_B_L12,fit_acc,1.0
E1,amazon,default,1,tree_B_L12,cv_acc,0.9864367816091955
E1,amazon,default,1,tree_B_L16,fit_acc,1.0
E1,amazon,default,1,tree_B_L16,cv_acc,0.9864367816091955
E1,amazon,default,1,tree_B_L24,fit_acc,1.0
E1,amazon,default,1,tree_B_L24,cv_acc,0.9864367816091955
E1,amazon,default,1,tree_B_L32,fit_acc,1.0
E1,amazon,default,1,tree_B_L32,cv_acc,0.9864367816091955
E1,amazon,default,1,tree_C_L2,fit_acc,0.6438356164383562
E1,amazon,default,1,tree_C_L2,cv_acc,0.636551724137931
E1,amazon,default,1,tree_C_L3,fit_acc,0.8767123287671232
E1,amazon,default,1,tree_C_L3,cv_acc,0.8632183908045976
E1,amazon,default,1,tree_C_L4,fit_acc,1.0
E1,amazon,default,1,tree_C_L4,cv_acc,0.9864367816091955
E1,amazon,default,1,tree_C_L6,fit_acc,1.0
E1,amazon,default,1,tree_C_L6,cv_acc,0.9864367816091955
E1,amazon,default,1,tree_C_L8,fit_acc,1.0
E1,amazon,default,1,tree_C_L8,cv_acc,0.9864367816091955
E1,amazon,default,1,tree_C_L12,fit_acc,1.0
E1,amazon,default,1,tree_C_L12,cv_acc,0.9864367816091955
E1,amazon,default,1,tree_C_L16,fit_acc,1.0
E1,amazon,default,1,tree_C_L16,cv_acc,0.9864367816091955
E1,amazon,default,1,tree_C_L24,fit_acc,1.0
E1,amazon,default,1,tree_C_L24,cv_acc,0.9864367816091955
E1,amazon,default,1,tree_C_L32,fit_acc,1.0
E1,amazon,default,1,tree_C_L32,cv_acc,0.9864367816091955
E1,amazon,default,1,tree,majority_all,0.3561643835616438
_,amazon,default,1,core|amazon|default|1,_done,0.16
E2,amazon,default,2,all,recon_maxabs,2.220446049250313e-16
E2,amazon,default,2,all,n_with_content,0
E2,amazon,default,2,all,n_nodes,146
E1,amazon,default,2,rules,n_rules,1.0
E1,amazon,default,2,rules,fidelity,0.3561643835616438
E1,amazon,default,2,rules,coverage,1.0
E1,amazon,default,2,rules,majority_covered,0.3561643835616438
E1,amazon,default,2,rules,majority_all,0.3561643835616438
E1,amazon,default,2,rules,lift_pts,0.0
E1,amazon,default,2,tree_A_L2,fit_acc,0.3561643835616438
E1,amazon,default,2,tree_A_L2,cv_acc,0.3561643835616438
E1,amazon,default,2,tree_A_L3,fit_acc,0.3561643835616438
E1,amazon,default,2,tree_A_L3,cv_acc,0.3561643835616438
E1,amazon,default,2,tree_A_L4,fit_acc,0.3561643835616438
E1,amazon,default,2,tree_A_L4,cv_acc,0.3561643835616438
E1,amazon,default,2,tree_A_L6,fit_acc,0.3561643835616438
E1,amazon,default,2,tree_A_L6,cv_acc,0.3561643835616438
E1,amazon,default,2,tree_A_L8,fit_acc,0.3561643835616438
E1,amazon,default,2,tree_A_L8,cv_acc,0.3561643835616438
E1,amazon,default,2,tree_A_L12,fit_acc,0.3561643835616438
E1,amazon,default,2,tree_A_L12,cv_acc,0.3561643835616438
E1,amazon,default,2,tree_A_L16,fit_acc,0.3561643835616438
E1,amazon,default,2,tree_A_L16,cv_acc,0.3561643835616438
E1,amazon,default,2,tree_A_L24,fit_acc,0.3561643835616438
E1,amazon,default,2,tree_A_L24,cv_acc,0.3561643835616438
E1,amazon,default,2,tree_A_L32,fit_acc,0.3561643835616438
E1,amazon,default,2,tree_A_L32,cv_acc,0.3561643835616438
E1,amazon,default,2,tree_B_L2,fit_acc,0.6438356164383562
E1,amazon,default,2,tree_B_L2,cv_acc,0.63816091954023
E1,amazon,default,2,tree_B_L3,fit_acc,0.8767123287671232
E1,amazon,default,2,tree_B_L3,cv_acc,0.8632183908045977
E1,amazon,default,2,tree_B_L4,fit_acc,1.0
E1,amazon,default,2,tree_B_L4,cv_acc,0.9864367816091955
E1,amazon,default,2,tree_B_L6,fit_acc,1.0
E1,amazon,default,2,tree_B_L6,cv_acc,0.9864367816091955
E1,amazon,default,2,tree_B_L8,fit_acc,1.0
E1,amazon,default,2,tree_B_L8,cv_acc,0.9864367816091955
E1,amazon,default,2,tree_B_L12,fit_acc,1.0
E1,amazon,default,2,tree_B_L12,cv_acc,0.9864367816091955
E1,amazon,default,2,tree_B_L16,fit_acc,1.0
E1,amazon,default,2,tree_B_L16,cv_acc,0.9864367816091955
E1,amazon,default,2,tree_B_L24,fit_acc,1.0
E1,amazon,default,2,tree_B_L24,cv_acc,0.9864367816091955
E1,amazon,default,2,tree_B_L32,fit_acc,1.0
E1,amazon,default,2,tree_B_L32,cv_acc,0.9864367816091955
E1,amazon,default,2,tree_C_L2,fit_acc,0.6438356164383562
E1,amazon,default,2,tree_C_L2,cv_acc,0.63816091954023
E1,amazon,default,2,tree_C_L3,fit_acc,0.8767123287671232
E1,amazon,default,2,tree_C_L3,cv_acc,0.8632183908045977
E1,amazon,default,2,tree_C_L4,fit_acc,1.0
E1,amazon,default,2,tree_C_L4,cv_acc,0.9864367816091955
E1,amazon,default,2,tree_C_L6,fit_acc,1.0
E1,amazon,default,2,tree_C_L6,cv_acc,0.9864367816091955
E1,amazon,default,2,tree_C_L8,fit_acc,1.0
E1,amazon,default,2,tree_C_L8,cv_acc,0.9864367816091955
E1,amazon,default,2,tree_C_L12,fit_acc,1.0
E1,amazon,default,2,tree_C_L12,cv_acc,0.9864367816091955
E1,amazon,default,2,tree_C_L16,fit_acc,1.0
E1,amazon,default,2,tree_C_L16,cv_acc,0.9864367816091955
E1,amazon,default,2,tree_C_L24,fit_acc,1.0
E1,amazon,default,2,tree_C_L24,cv_acc,0.9864367816091955
E1,amazon,default,2,tree_C_L32,fit_acc,1.0
E1,amazon,default,2,tree_C_L32,cv_acc,0.9864367816091955
E1,amazon,default,2,tree,majority_all,0.3561643835616438
_,amazon,default,2,core|amazon|default|2,_done,0.14
E2,amazon,default,4,all,recon_maxabs,2.220446049250313e-16
E2,amazon,default,4,all,n_with_content,0
E2,amazon,default,4,all,n_nodes,146
E1,amazon,default,4,rules,n_rules,1.0
E1,amazon,default,4,rules,fidelity,0.3561643835616438
E1,amazon,default,4,rules,coverage,1.0
E1,amazon,default,4,rules,majority_covered,0.3561643835616438
E1,amazon,default,4,rules,majority_all,0.3561643835616438
E1,amazon,default,4,rules,lift_pts,0.0
E1,amazon,default,4,tree_A_L2,fit_acc,0.3561643835616438
E1,amazon,default,4,tree_A_L2,cv_acc,0.3561643835616438
E1,amazon,default,4,tree_A_L3,fit_acc,0.3561643835616438
E1,amazon,default,4,tree_A_L3,cv_acc,0.3561643835616438
E1,amazon,default,4,tree_A_L4,fit_acc,0.3561643835616438
E1,amazon,default,4,tree_A_L4,cv_acc,0.3561643835616438
E1,amazon,default,4,tree_A_L6,fit_acc,0.3561643835616438
E1,amazon,default,4,tree_A_L6,cv_acc,0.3561643835616438
E1,amazon,default,4,tree_A_L8,fit_acc,0.3561643835616438
E1,amazon,default,4,tree_A_L8,cv_acc,0.3561643835616438
E1,amazon,default,4,tree_A_L12,fit_acc,0.3561643835616438
E1,amazon,default,4,tree_A_L12,cv_acc,0.3561643835616438
E1,amazon,default,4,tree_A_L16,fit_acc,0.3561643835616438
E1,amazon,default,4,tree_A_L16,cv_acc,0.3561643835616438
E1,amazon,default,4,tree_A_L24,fit_acc,0.3561643835616438
E1,amazon,default,4,tree_A_L24,cv_acc,0.3561643835616438
E1,amazon,default,4,tree_A_L32,fit_acc,0.3561643835616438
E1,amazon,default,4,tree_A_L32,cv_acc,0.3561643835616438
E1,amazon,default,4,tree_B_L2,fit_acc,0.6438356164383562
E1,amazon,default,4,tree_B_L2,cv_acc,0.5740229885057471
E1,amazon,default,4,tree_B_L3,fit_acc,0.8767123287671232
E1,amazon,default,4,tree_B_L3,cv_acc,0.862758620689655
E1,amazon,default,4,tree_B_L4,fit_acc,1.0
E1,amazon,default,4,tree_B_L4,cv_acc,0.9864367816091955
E1,amazon,default,4,tree_B_L6,fit_acc,1.0
E1,amazon,default,4,tree_B_L6,cv_acc,0.9864367816091955
E1,amazon,default,4,tree_B_L8,fit_acc,1.0
E1,amazon,default,4,tree_B_L8,cv_acc,0.9864367816091955
E1,amazon,default,4,tree_B_L12,fit_acc,1.0
E1,amazon,default,4,tree_B_L12,cv_acc,0.9864367816091955
E1,amazon,default,4,tree_B_L16,fit_acc,1.0
E1,amazon,default,4,tree_B_L16,cv_acc,0.9864367816091955
E1,amazon,default,4,tree_B_L24,fit_acc,1.0
E1,amazon,default,4,tree_B_L24,cv_acc,0.9864367816091955
E1,amazon,default,4,tree_B_L32,fit_acc,1.0
E1,amazon,default,4,tree_B_L32,cv_acc,0.9864367816091955
E1,amazon,default,4,tree_C_L2,fit_acc,0.6438356164383562
E1,amazon,default,4,tree_C_L2,cv_acc,0.5740229885057471
E1,amazon,default,4,tree_C_L3,fit_acc,0.8767123287671232
E1,amazon,default,4,tree_C_L3,cv_acc,0.862758620689655
E1,amazon,default,4,tree_C_L4,fit_acc,1.0
E1,amazon,default,4,tree_C_L4,cv_acc,0.9864367816091955
E1,amazon,default,4,tree_C_L6,fit_acc,1.0
E1,amazon,default,4,tree_C_L6,cv_acc,0.9864367816091955
E1,amazon,default,4,tree_C_L8,fit_acc,1.0
E1,amazon,default,4,tree_C_L8,cv_acc,0.9864367816091955
E1,amazon,default,4,tree_C_L12,fit_acc,1.0
E1,amazon,default,4,tree_C_L12,cv_acc,0.9864367816091955
E1,amazon,default,4,tree_C_L16,fit_acc,1.0
E1,amazon,default,4,tree_C_L16,cv_acc,0.9864367816091955
E1,amazon,default,4,tree_C_L24,fit_acc,1.0
E1,amazon,default,4,tree_C_L24,cv_acc,0.9864367816091955
E1,amazon,default,4,tree_C_L32,fit_acc,1.0
E1,amazon,default,4,tree_C_L32,cv_acc,0.9864367816091955
E1,amazon,default,4,tree,majority_all,0.3561643835616438
_,amazon,default,4,core|amazon|default|4,_done,0.14
E2,amazon,default,3,all,recon_maxabs,2.220446049250313e-16
E2,amazon,default,3,all,n_with_content,0
E2,amazon,default,3,all,n_nodes,146
E1,amazon,default,3,rules,n_rules,1.0
E1,amazon,default,3,rules,fidelity,0.3561643835616438
E1,amazon,default,3,rules,coverage,1.0
E1,amazon,default,3,rules,majority_covered,0.3561643835616438
E1,amazon,default,3,rules,majority_all,0.3561643835616438
E1,amazon,default,3,rules,lift_pts,0.0
E1,amazon,default,3,tree_A_L2,fit_acc,0.3561643835616438
E1,amazon,default,3,tree_A_L2,cv_acc,0.3561643835616438
E1,amazon,default,3,tree_A_L3,fit_acc,0.3561643835616438
E1,amazon,default,3,tree_A_L3,cv_acc,0.3561643835616438
E1,amazon,default,3,tree_A_L4,fit_acc,0.3561643835616438
E1,amazon,default,3,tree_A_L4,cv_acc,0.3561643835616438
E1,amazon,default,3,tree_A_L6,fit_acc,0.3561643835616438
E1,amazon,default,3,tree_A_L6,cv_acc,0.3561643835616438
E1,amazon,default,3,tree_A_L8,fit_acc,0.3561643835616438
E1,amazon,default,3,tree_A_L8,cv_acc,0.3561643835616438
E1,amazon,default,3,tree_A_L12,fit_acc,0.3561643835616438
E1,amazon,default,3,tree_A_L12,cv_acc,0.3561643835616438
E1,amazon,default,3,tree_A_L16,fit_acc,0.3561643835616438
E1,amazon,default,3,tree_A_L16,cv_acc,0.3561643835616438
E1,amazon,default,3,tree_A_L24,fit_acc,0.3561643835616438
E1,amazon,default,3,tree_A_L24,cv_acc,0.3561643835616438
E1,amazon,default,3,tree_A_L32,fit_acc,0.3561643835616438
E1,amazon,default,3,tree_A_L32,cv_acc,0.3561643835616438
E1,amazon,default,3,tree_B_L2,fit_acc,0.6438356164383562
E1,amazon,default,3,tree_B_L2,cv_acc,0.6377011494252873
E1,amazon,default,3,tree_B_L3,fit_acc,0.8767123287671232
E1,amazon,default,3,tree_B_L3,cv_acc,0.863448275862069
E1,amazon,default,3,tree_B_L4,fit_acc,1.0
E1,amazon,default,3,tree_B_L4,cv_acc,0.9864367816091955
E1,amazon,default,3,tree_B_L6,fit_acc,1.0
E1,amazon,default,3,tree_B_L6,cv_acc,0.9864367816091955
E1,amazon,default,3,tree_B_L8,fit_acc,1.0
E1,amazon,default,3,tree_B_L8,cv_acc,0.9864367816091955
E1,amazon,default,3,tree_B_L12,fit_acc,1.0
E1,amazon,default,3,tree_B_L12,cv_acc,0.9864367816091955
E1,amazon,default,3,tree_B_L16,fit_acc,1.0
E1,amazon,default,3,tree_B_L16,cv_acc,0.9864367816091955
E1,amazon,default,3,tree_B_L24,fit_acc,1.0
E1,amazon,default,3,tree_B_L24,cv_acc,0.9864367816091955
E1,amazon,default,3,tree_B_L32,fit_acc,1.0
E1,amazon,default,3,tree_B_L32,cv_acc,0.9864367816091955
E1,amazon,default,3,tree_C_L2,fit_acc,0.6438356164383562
E1,amazon,default,3,tree_C_L2,cv_acc,0.6377011494252873
E1,amazon,default,3,tree_C_L3,fit_acc,0.8767123287671232
E1,amazon,default,3,tree_C_L3,cv_acc,0.863448275862069
E1,amazon,default,3,tree_C_L4,fit_acc,1.0
E1,amazon,default,3,tree_C_L4,cv_acc,0.9864367816091955
E1,amazon,default,3,tree_C_L6,fit_acc,1.0
E1,amazon,default,3,tree_C_L6,cv_acc,0.9864367816091955
E1,amazon,default,3,tree_C_L8,fit_acc,1.0
E1,amazon,default,3,tree_C_L8,cv_acc,0.9864367816091955
E1,amazon,default,3,tree_C_L12,fit_acc,1.0
E1,amazon,default,3,tree_C_L12,cv_acc,0.9864367816091955
E1,amazon,default,3,tree_C_L16,fit_acc,1.0
E1,amazon,default,3,tree_C_L16,cv_acc,0.9864367816091955
E1,amazon,default,3,tree_C_L24,fit_acc,1.0
E1,amazon,default,3,tree_C_L24,cv_acc,0.9864367816091955
E1,amazon,default,3,tree_C_L32,fit_acc,1.0
E1,amazon,default,3,tree_C_L32,cv_acc,0.9864367816091955
E1,amazon,default,3,tree,majority_all,0.3561643835616438
_,amazon,default,3,core|amazon|default|3,_done,0.17
E2,amazon,robust,0,all,recon_maxabs,0.0
E2,amazon,robust,0,all,n_with_content,0
E2,amazon,robust,0,all,n_nodes,146
E1,amazon,robust,0,rules,n_rules,1.0
E1,amazon,robust,0,rules,fidelity,0.3561643835616438
E1,amazon,robust,0,rules,coverage,1.0
E1,amazon,robust,0,rules,majority_covered,0.3561643835616438
E1,amazon,robust,0,rules,majority_all,0.3561643835616438
E1,amazon,robust,0,rules,lift_pts,0.0
E1,amazon,robust,0,tree_A_L2,fit_acc,0.3561643835616438
E1,amazon,robust,0,tree_A_L2,cv_acc,0.3561643835616438
E1,amazon,robust,0,tree_A_L3,fit_acc,0.3561643835616438
E1,amazon,robust,0,tree_A_L3,cv_acc,0.3561643835616438
E1,amazon,robust,0,tree_A_L4,fit_acc,0.3561643835616438
E1,amazon,robust,0,tree_A_L4,cv_acc,0.3561643835616438
E1,amazon,robust,0,tree_A_L6,fit_acc,0.3561643835616438
E1,amazon,robust,0,tree_A_L6,cv_acc,0.3561643835616438
E1,amazon,robust,0,tree_A_L8,fit_acc,0.3561643835616438
E1,amazon,robust,0,tree_A_L8,cv_acc,0.3561643835616438
E1,amazon,robust,0,tree_A_L12,fit_acc,0.3561643835616438
E1,amazon,robust,0,tree_A_L12,cv_acc,0.3561643835616438
E1,amazon,robust,0,tree_A_L16,fit_acc,0.3561643835616438
E1,amazon,robust,0,tree_A_L16,cv_acc,0.3561643835616438
E1,amazon,robust,0,tree_A_L24,fit_acc,0.3561643835616438
E1,amazon,robust,0,tree_A_L24,cv_acc,0.3561643835616438
E1,amazon,robust,0,tree_A_L32,fit_acc,0.3561643835616438
E1,amazon,robust,0,tree_A_L32,cv_acc,0.3561643835616438
E1,amazon,robust,0,tree_B_L2,fit_acc,0.6438356164383562
E1,amazon,robust,0,tree_B_L2,cv_acc,0.6367816091954024
E1,amazon,robust,0,tree_B_L3,fit_acc,0.8767123287671232
E1,amazon,robust,0,tree_B_L3,cv_acc,0.863448275862069
E1,amazon,robust,0,tree_B_L4,fit_acc,1.0
E1,amazon,robust,0,tree_B_L4,cv_acc,0.9862068965517242
E1,amazon,robust,0,tree_B_L6,fit_acc,1.0
E1,amazon,robust,0,tree_B_L6,cv_acc,0.9862068965517242
E1,amazon,robust,0,tree_B_L8,fit_acc,1.0
E1,amazon,robust,0,tree_B_L8,cv_acc,0.9862068965517242
E1,amazon,robust,0,tree_B_L12,fit_acc,1.0
E1,amazon,robust,0,tree_B_L12,cv_acc,0.9862068965517242
E1,amazon,robust,0,tree_B_L16,fit_acc,1.0
E1,amazon,robust,0,tree_B_L16,cv_acc,0.9862068965517242
E1,amazon,robust,0,tree_B_L24,fit_acc,1.0
E1,amazon,robust,0,tree_B_L24,cv_acc,0.9862068965517242
E1,amazon,robust,0,tree_B_L32,fit_acc,1.0
E1,amazon,robust,0,tree_B_L32,cv_acc,0.9862068965517242
E1,amazon,robust,0,tree_C_L2,fit_acc,0.6438356164383562
E1,amazon,robust,0,tree_C_L2,cv_acc,0.6367816091954024
E1,amazon,robust,0,tree_C_L3,fit_acc,0.8767123287671232
E1,amazon,robust,0,tree_C_L3,cv_acc,0.863448275862069
E1,amazon,robust,0,tree_C_L4,fit_acc,1.0
E1,amazon,robust,0,tree_C_L4,cv_acc,0.9862068965517242
E1,amazon,robust,0,tree_C_L6,fit_acc,1.0
E1,amazon,robust,0,tree_C_L6,cv_acc,0.9862068965517242
E1,amazon,robust,0,tree_C_L8,fit_acc,1.0
E1,amazon,robust,0,tree_C_L8,cv_acc,0.9862068965517242
E1,amazon,robust,0,tree_C_L12,fit_acc,1.0
E1,amazon,robust,0,tree_C_L12,cv_acc,0.9862068965517242
E1,amazon,robust,0,tree_C_L16,fit_acc,1.0
E1,amazon,robust,0,tree_C_L16,cv_acc,0.9862068965517242
E1,amazon,robust,0,tree_C_L24,fit_acc,1.0
E1,amazon,robust,0,tree_C_L24,cv_acc,0.9862068965517242
E1,amazon,robust,0,tree_C_L32,fit_acc,1.0
E1,amazon,robust,0,tree_C_L32,cv_acc,0.9862068965517242
E1,amazon,robust,0,tree,majority_all,0.3561643835616438
_,amazon,robust,0,core|amazon|robust|0,_done,0.14
E2,amazon,robust,1,all,recon_maxabs,0.0
E2,amazon,robust,1,all,n_with_content,0
E2,amazon,robust,1,all,n_nodes,146
E1,amazon,robust,1,rules,n_rules,1.0
E1,amazon,robust,1,rules,fidelity,0.3561643835616438
E1,amazon,robust,1,rules,coverage,1.0
E1,amazon,robust,1,rules,majority_covered,0.3561643835616438
E1,amazon,robust,1,rules,majority_all,0.3561643835616438
E1,amazon,robust,1,rules,lift_pts,0.0
E1,amazon,robust,1,tree_A_L2,fit_acc,0.3561643835616438
E1,amazon,robust,1,tree_A_L2,cv_acc,0.3561643835616438
E1,amazon,robust,1,tree_A_L3,fit_acc,0.3561643835616438
E1,amazon,robust,1,tree_A_L3,cv_acc,0.3561643835616438
E1,amazon,robust,1,tree_A_L4,fit_acc,0.3561643835616438
E1,amazon,robust,1,tree_A_L4,cv_acc,0.3561643835616438
E1,amazon,robust,1,tree_A_L6,fit_acc,0.3561643835616438
E1,amazon,robust,1,tree_A_L6,cv_acc,0.3561643835616438
E1,amazon,robust,1,tree_A_L8,fit_acc,0.3561643835616438
E1,amazon,robust,1,tree_A_L8,cv_acc,0.3561643835616438
E1,amazon,robust,1,tree_A_L12,fit_acc,0.3561643835616438
E1,amazon,robust,1,tree_A_L12,cv_acc,0.3561643835616438
E1,amazon,robust,1,tree_A_L16,fit_acc,0.3561643835616438
E1,amazon,robust,1,tree_A_L16,cv_acc,0.3561643835616438
E1,amazon,robust,1,tree_A_L24,fit_acc,0.3561643835616438
E1,amazon,robust,1,tree_A_L24,cv_acc,0.3561643835616438
E1,amazon,robust,1,tree_A_L32,fit_acc,0.3561643835616438
E1,amazon,robust,1,tree_A_L32,cv_acc,0.3561643835616438
E1,amazon,robust,1,tree_B_L2,fit_acc,0.6438356164383562
E1,amazon,robust,1,tree_B_L2,cv_acc,0.636551724137931
E1,amazon,robust,1,tree_B_L3,fit_acc,0.8767123287671232
E1,amazon,robust,1,tree_B_L3,cv_acc,0.8632183908045976
E1,amazon,robust,1,tree_B_L4,fit_acc,1.0
E1,amazon,robust,1,tree_B_L4,cv_acc,0.9864367816091955
E1,amazon,robust,1,tree_B_L6,fit_acc,1.0
E1,amazon,robust,1,tree_B_L6,cv_acc,0.9864367816091955
E1,amazon,robust,1,tree_B_L8,fit_acc,1.0
E1,amazon,robust,1,tree_B_L8,cv_acc,0.9864367816091955
E1,amazon,robust,1,tree_B_L12,fit_acc,1.0
E1,amazon,robust,1,tree_B_L12,cv_acc,0.9864367816091955
E1,amazon,robust,1,tree_B_L16,fit_acc,1.0
E1,amazon,robust,1,tree_B_L16,cv_acc,0.9864367816091955
E1,amazon,robust,1,tree_B_L24,fit_acc,1.0
E1,amazon,robust,1,tree_B_L24,cv_acc,0.9864367816091955
E1,amazon,robust,1,tree_B_L32,fit_acc,1.0
E1,amazon,robust,1,tree_B_L32,cv_acc,0.9864367816091955
E1,amazon,robust,1,tree_C_L2,fit_acc,0.6438356164383562
E1,amazon,robust,1,tree_C_L2,cv_acc,0.636551724137931
E1,amazon,robust,1,tree_C_L3,fit_acc,0.8767123287671232
E1,amazon,robust,1,tree_C_L3,cv_acc,0.8632183908045976
E1,amazon,robust,1,tree_C_L4,fit_acc,1.0
E1,amazon,robust,1,tree_C_L4,cv_acc,0.9864367816091955
E1,amazon,robust,1,tree_C_L6,fit_acc,1.0
E1,amazon,robust,1,tree_C_L6,cv_acc,0.9864367816091955
E1,amazon,robust,1,tree_C_L8,fit_acc,1.0
E1,amazon,robust,1,tree_C_L8,cv_acc,0.9864367816091955
E1,amazon,robust,1,tree_C_L12,fit_acc,1.0
E1,amazon,robust,1,tree_C_L12,cv_acc,0.9864367816091955
E1,amazon,robust,1,tree_C_L16,fit_acc,1.0
E1,amazon,robust,1,tree_C_L16,cv_acc,0.9864367816091955
E1,amazon,robust,1,tree_C_L24,fit_acc,1.0
E1,amazon,robust,1,tree_C_L24,cv_acc,0.9864367816091955
E1,amazon,robust,1,tree_C_L32,fit_acc,1.0
E1,amazon,robust,1,tree_C_L32,cv_acc,0.9864367816091955
E1,amazon,robust,1,tree,majority_all,0.3561643835616438
_,amazon,robust,1,core|amazon|robust|1,_done,0.17
E2,amazon,robust,4,all,recon_maxabs,0.0
E2,amazon,robust,4,all,n_with_content,0
E2,amazon,robust,4,all,n_nodes,146
E1,amazon,robust,4,rules,n_rules,1.0
E1,amazon,robust,4,rules,fidelity,0.3561643835616438
E1,amazon,robust,4,rules,coverage,1.0
E1,amazon,robust,4,rules,majority_covered,0.3561643835616438
E1,amazon,robust,4,rules,majority_all,0.3561643835616438
E1,amazon,robust,4,rules,lift_pts,0.0
E1,amazon,robust,4,tree_A_L2,fit_acc,0.3561643835616438
E1,amazon,robust,4,tree_A_L2,cv_acc,0.3561643835616438
E1,amazon,robust,4,tree_A_L3,fit_acc,0.3561643835616438
E1,amazon,robust,4,tree_A_L3,cv_acc,0.3561643835616438
E1,amazon,robust,4,tree_A_L4,fit_acc,0.3561643835616438
E1,amazon,robust,4,tree_A_L4,cv_acc,0.3561643835616438
E1,amazon,robust,4,tree_A_L6,fit_acc,0.3561643835616438
E1,amazon,robust,4,tree_A_L6,cv_acc,0.3561643835616438
E1,amazon,robust,4,tree_A_L8,fit_acc,0.3561643835616438
E1,amazon,robust,4,tree_A_L8,cv_acc,0.3561643835616438
E1,amazon,robust,4,tree_A_L12,fit_acc,0.3561643835616438
E1,amazon,robust,4,tree_A_L12,cv_acc,0.3561643835616438
E1,amazon,robust,4,tree_A_L16,fit_acc,0.3561643835616438
E1,amazon,robust,4,tree_A_L16,cv_acc,0.3561643835616438
E1,amazon,robust,4,tree_A_L24,fit_acc,0.3561643835616438
E1,amazon,robust,4,tree_A_L24,cv_acc,0.3561643835616438
E1,amazon,robust,4,tree_A_L32,fit_acc,0.3561643835616438
E1,amazon,robust,4,tree_A_L32,cv_acc,0.3561643835616438
E1,amazon,robust,4,tree_B_L2,fit_acc,0.6438356164383562
E1,amazon,robust,4,tree_B_L2,cv_acc,0.5740229885057471
E1,amazon,robust,4,tree_B_L3,fit_acc,0.8767123287671232
E1,amazon,robust,4,tree_B_L3,cv_acc,0.862758620689655
E1,amazon,robust,4,tree_B_L4,fit_acc,1.0
E1,amazon,robust,4,tree_B_L4,cv_acc,0.9864367816091955
E1,amazon,robust,4,tree_B_L6,fit_acc,1.0
E1,amazon,robust,4,tree_B_L6,cv_acc,0.9864367816091955
E1,amazon,robust,4,tree_B_L8,fit_acc,1.0
E1,amazon,robust,4,tree_B_L8,cv_acc,0.9864367816091955
E1,amazon,robust,4,tree_B_L12,fit_acc,1.0
E1,amazon,robust,4,tree_B_L12,cv_acc,0.9864367816091955
E1,amazon,robust,4,tree_B_L16,fit_acc,1.0
E1,amazon,robust,4,tree_B_L16,cv_acc,0.9864367816091955
E1,amazon,robust,4,tree_B_L24,fit_acc,1.0
E1,amazon,robust,4,tree_B_L24,cv_acc,0.9864367816091955
E1,amazon,robust,4,tree_B_L32,fit_acc,1.0
E1,amazon,robust,4,tree_B_L32,cv_acc,0.9864367816091955
E1,amazon,robust,4,tree_C_L2,fit_acc,0.6438356164383562
E1,amazon,robust,4,tree_C_L2,cv_acc,0.5740229885057471
E1,amazon,robust,4,tree_C_L3,fit_acc,0.8767123287671232
E1,amazon,robust,4,tree_C_L3,cv_acc,0.862758620689655
E1,amazon,robust,4,tree_C_L4,fit_acc,1.0
E1,amazon,robust,4,tree_C_L4,cv_acc,0.9864367816091955
E1,amazon,robust,4,tree_C_L6,fit_acc,1.0
E1,amazon,robust,4,tree_C_L6,cv_acc,0.9864367816091955
E1,amazon,robust,4,tree_C_L8,fit_acc,1.0
E1,amazon,robust,4,tree_C_L8,cv_acc,0.9864367816091955
E1,amazon,robust,4,tree_C_L12,fit_acc,1.0
E1,amazon,robust,4,tree_C_L12,cv_acc,0.9864367816091955
E1,amazon,robust,4,tree_C_L16,fit_acc,1.0
E1,amazon,robust,4,tree_C_L16,cv_acc,0.9864367816091955
E1,amazon,robust,4,tree_C_L24,fit_acc,1.0
E1,amazon,robust,4,tree_C_L24,cv_acc,0.9864367816091955
E1,amazon,robust,4,tree_C_L32,fit_acc,1.0
E1,amazon,robust,4,tree_C_L32,cv_acc,0.9864367816091955
E1,amazon,robust,4,tree,majority_all,0.3561643835616438
_,amazon,robust,4,core|amazon|robust|4,_done,0.16
E2,amazon,robust,2,all,recon_maxabs,0.0
E2,amazon,robust,2,all,n_with_content,0
E2,amazon,robust,2,all,n_nodes,146
E1,amazon,robust,2,rules,n_rules,1.0
E1,amazon,robust,2,rules,fidelity,0.3561643835616438
E1,amazon,robust,2,rules,coverage,1.0
E1,amazon,robust,2,rules,majority_covered,0.3561643835616438
E1,amazon,robust,2,rules,majority_all,0.3561643835616438
E1,amazon,robust,2,rules,lift_pts,0.0
E1,amazon,robust,2,tree_A_L2,fit_acc,0.3561643835616438
E1,amazon,robust,2,tree_A_L2,cv_acc,0.3561643835616438
E1,amazon,robust,2,tree_A_L3,fit_acc,0.3561643835616438
E1,amazon,robust,2,tree_A_L3,cv_acc,0.3561643835616438
E1,amazon,robust,2,tree_A_L4,fit_acc,0.3561643835616438
E1,amazon,robust,2,tree_A_L4,cv_acc,0.3561643835616438
E1,amazon,robust,2,tree_A_L6,fit_acc,0.3561643835616438
E1,amazon,robust,2,tree_A_L6,cv_acc,0.3561643835616438
E1,amazon,robust,2,tree_A_L8,fit_acc,0.3561643835616438
E1,amazon,robust,2,tree_A_L8,cv_acc,0.3561643835616438
E1,amazon,robust,2,tree_A_L12,fit_acc,0.3561643835616438
E1,amazon,robust,2,tree_A_L12,cv_acc,0.3561643835616438
E1,amazon,robust,2,tree_A_L16,fit_acc,0.3561643835616438
E1,amazon,robust,2,tree_A_L16,cv_acc,0.3561643835616438
E1,amazon,robust,2,tree_A_L24,fit_acc,0.3561643835616438
E1,amazon,robust,2,tree_A_L24,cv_acc,0.3561643835616438
E1,amazon,robust,2,tree_A_L32,fit_acc,0.3561643835616438
E1,amazon,robust,2,tree_A_L32,cv_acc,0.3561643835616438
E1,amazon,robust,2,tree_B_L2,fit_acc,0.6438356164383562
E1,amazon,robust,2,tree_B_L2,cv_acc,0.63816091954023
E1,amazon,robust,2,tree_B_L3,fit_acc,0.8767123287671232
E1,amazon,robust,2,tree_B_L3,cv_acc,0.8632183908045977
E1,amazon,robust,2,tree_B_L4,fit_acc,1.0
E1,amazon,robust,2,tree_B_L4,cv_acc,0.9864367816091955
E1,amazon,robust,2,tree_B_L6,fit_acc,1.0
E1,amazon,robust,2,tree_B_L6,cv_acc,0.9864367816091955
E1,amazon,robust,2,tree_B_L8,fit_acc,1.0
E1,amazon,robust,2,tree_B_L8,cv_acc,0.9864367816091955
E1,amazon,robust,2,tree_B_L12,fit_acc,1.0
E1,amazon,robust,2,tree_B_L12,cv_acc,0.9864367816091955
E1,amazon,robust,2,tree_B_L16,fit_acc,1.0
E1,amazon,robust,2,tree_B_L16,cv_acc,0.9864367816091955
E1,amazon,robust,2,tree_B_L24,fit_acc,1.0
E1,amazon,robust,2,tree_B_L24,cv_acc,0.9864367816091955
E1,amazon,robust,2,tree_B_L32,fit_acc,1.0
E1,amazon,robust,2,tree_B_L32,cv_acc,0.9864367816091955
E1,amazon,robust,2,tree_C_L2,fit_acc,0.6438356164383562
E1,amazon,robust,2,tree_C_L2,cv_acc,0.63816091954023
E1,amazon,robust,2,tree_C_L3,fit_acc,0.8767123287671232
E1,amazon,robust,2,tree_C_L3,cv_acc,0.8632183908045977
E1,amazon,robust,2,tree_C_L4,fit_acc,1.0
E1,amazon,robust,2,tree_C_L4,cv_acc,0.9864367816091955
E1,amazon,robust,2,tree_C_L6,fit_acc,1.0
E1,amazon,robust,2,tree_C_L6,cv_acc,0.9864367816091955
E1,amazon,robust,2,tree_C_L8,fit_acc,1.0
E1,amazon,robust,2,tree_C_L8,cv_acc,0.9864367816091955
E1,amazon,robust,2,tree_C_L12,fit_acc,1.0
E1,amazon,robust,2,tree_C_L12,cv_acc,0.9864367816091955
E1,amazon,robust,2,tree_C_L16,fit_acc,1.0
E1,amazon,robust,2,tree_C_L16,cv_acc,0.9864367816091955
E1,amazon,robust,2,tree_C_L24,fit_acc,1.0
E1,amazon,robust,2,tree_C_L24,cv_acc,0.9864367816091955
E1,amazon,robust,2,tree_C_L32,fit_acc,1.0
E1,amazon,robust,2,tree_C_L32,cv_acc,0.9864367816091955
E1,amazon,robust,2,tree,majority_all,0.3561643835616438
_,amazon,robust,2,core|amazon|robust|2,_done,0.17
E2,amazon,robust,3,all,recon_maxabs,0.0
E2,amazon,robust,3,all,n_with_content,0
E2,amazon,robust,3,all,n_nodes,146
E1,amazon,robust,3,rules,n_rules,1.0
E1,amazon,robust,3,rules,fidelity,0.3561643835616438
E1,amazon,robust,3,rules,coverage,1.0
E1,amazon,robust,3,rules,majority_covered,0.3561643835616438
E1,amazon,robust,3,rules,majority_all,0.3561643835616438
E1,amazon,robust,3,rules,lift_pts,0.0
E1,amazon,robust,3,tree_A_L2,fit_acc,0.3561643835616438
E1,amazon,robust,3,tree_A_L2,cv_acc,0.3561643835616438
E1,amazon,robust,3,tree_A_L3,fit_acc,0.3561643835616438
E1,amazon,robust,3,tree_A_L3,cv_acc,0.3561643835616438
E1,amazon,robust,3,tree_A_L4,fit_acc,0.3561643835616438
E1,amazon,robust,3,tree_A_L4,cv_acc,0.3561643835616438
E1,amazon,robust,3,tree_A_L6,fit_acc,0.3561643835616438
E1,amazon,robust,3,tree_A_L6,cv_acc,0.3561643835616438
E1,amazon,robust,3,tree_A_L8,fit_acc,0.3561643835616438
E1,amazon,robust,3,tree_A_L8,cv_acc,0.3561643835616438
E1,amazon,robust,3,tree_A_L12,fit_acc,0.3561643835616438
E1,amazon,robust,3,tree_A_L12,cv_acc,0.3561643835616438
E1,amazon,robust,3,tree_A_L16,fit_acc,0.3561643835616438
E1,amazon,robust,3,tree_A_L16,cv_acc,0.3561643835616438
E1,amazon,robust,3,tree_A_L24,fit_acc,0.3561643835616438
E1,amazon,robust,3,tree_A_L24,cv_acc,0.3561643835616438
E1,amazon,robust,3,tree_A_L32,fit_acc,0.3561643835616438
E1,amazon,robust,3,tree_A_L32,cv_acc,0.3561643835616438
E1,amazon,robust,3,tree_B_L2,fit_acc,0.6438356164383562
E1,amazon,robust,3,tree_B_L2,cv_acc,0.6377011494252873
E1,amazon,robust,3,tree_B_L3,fit_acc,0.8767123287671232
E1,amazon,robust,3,tree_B_L3,cv_acc,0.863448275862069
E1,amazon,robust,3,tree_B_L4,fit_acc,1.0
E1,amazon,robust,3,tree_B_L4,cv_acc,0.9864367816091955
E1,amazon,robust,3,tree_B_L6,fit_acc,1.0
E1,amazon,robust,3,tree_B_L6,cv_acc,0.9864367816091955
E1,amazon,robust,3,tree_B_L8,fit_acc,1.0
E1,amazon,robust,3,tree_B_L8,cv_acc,0.9864367816091955
E1,amazon,robust,3,tree_B_L12,fit_acc,1.0
E1,amazon,robust,3,tree_B_L12,cv_acc,0.9864367816091955
E1,amazon,robust,3,tree_B_L16,fit_acc,1.0
E1,amazon,robust,3,tree_B_L16,cv_acc,0.9864367816091955
E1,amazon,robust,3,tree_B_L24,fit_acc,1.0
E1,amazon,robust,3,tree_B_L24,cv_acc,0.9864367816091955
E1,amazon,robust,3,tree_B_L32,fit_acc,1.0
E1,amazon,robust,3,tree_B_L32,cv_acc,0.9864367816091955
E1,amazon,robust,3,tree_C_L2,fit_acc,0.6438356164383562
E1,amazon,robust,3,tree_C_L2,cv_acc,0.6377011494252873
E1,amazon,robust,3,tree_C_L3,fit_acc,0.8767123287671232
E1,amazon,robust,3,tree_C_L3,cv_acc,0.863448275862069
E1,amazon,robust,3,tree_C_L4,fit_acc,1.0
E1,amazon,robust,3,tree_C_L4,cv_acc,0.9864367816091955
E1,amazon,robust,3,tree_C_L6,fit_acc,1.0
E1,amazon,robust,3,tree_C_L6,cv_acc,0.9864367816091955
E1,amazon,robust,3,tree_C_L8,fit_acc,1.0
E1,amazon,robust,3,tree_C_L8,cv_acc,0.9864367816091955
E1,amazon,robust,3,tree_C_L12,fit_acc,1.0
E1,amazon,robust,3,tree_C_L12,cv_acc,0.9864367816091955
E1,amazon,robust,3,tree_C_L16,fit_acc,1.0
E1,amazon,robust,3,tree_C_L16,cv_acc,0.9864367816091955
E1,amazon,robust,3,tree_C_L24,fit_acc,1.0
E1,amazon,robust,3,tree_C_L24,cv_acc,0.9864367816091955
E1,amazon,robust,3,tree_C_L32,fit_acc,1.0
E1,amazon,robust,3,tree_C_L32,cv_acc,0.9864367816091955
E1,amazon,robust,3,tree,majority_all,0.3561643835616438
_,amazon,robust,3,core|amazon|robust|3,_done,0.17
E4,crisismmd,default,0,p0.2,recon_maxabs,8.881784197001252e-16
E4,crisismmd,default,0,p0.2,n_with_content,762
E4,crisismmd,default,0,p0.2,n_nodes,800
E4,crisismmd,default,0,p0.2,flip_content_mean,0.030183727034120734
E4,crisismmd,default,0,p0.2,flip_structure_mean,0.8110236220472441
E4,crisismmd,default,0,p0.2,spearman_alpha_delta_mean,0.8284987941297298
E4,crisismmd,default,0,p0.2,spearman_alpha_delta,0.8282564762056359
E4,crisismmd,default,0,p0.2,spearman_posthoc_delta,0.4612949117053385
E4,crisismmd,default,0,p0.2,spearman_normshare_delta,0.8102697469751867
E4,crisismmd,default,0,p0.2,spearman_alpha_tvc,0.7051461663567602
E4,crisismmd,default,0,p0.2,spearman_alpha_tvs,-0.6379364022183186
E4,crisismmd,default,0,p0.2,mean_tv_content,0.2340793438908324
E4,crisismmd,default,0,p0.2,mean_tv_structure,0.39461645624119257
E4,crisismmd,default,0,p0.2,flip_content,0.030183727034120734
E4,crisismmd,default,0,p0.2,flip_structure,0.8149606299212598
E4,crisismmd,default,0,p0.2,alpha_std,0.22357960296912133
E4,crisismmd,default,0,p0.2,flip_content_T1,0.003937007874015748
E4,crisismmd,default,0,p0.2,flip_structure_T1,0.889763779527559
E4,crisismmd,default,0,p0.2,alpha_mean_T1,0.15228108128294277
E4,crisismmd,default,0,p0.2,flip_content_T2,0.027559055118110236
E4,crisismmd,default,0,p0.2,flip_structure_T2,0.84251968503937
E4,crisismmd,default,0,p0.2,alpha_mean_T2,0.5360870860505023
E4,crisismmd,default,0,p0.2,flip_content_T3,0.05905511811023622
E4,crisismmd,default,0,p0.2,flip_structure_T3,0.7125984251968503
E4,crisismmd,default,0,p0.2,alpha_mean_T3,0.6616378452403052
E4,crisismmd,default,0,p0.2,flag_consistency,1.0
E4,crisismmd,default,0,p0.2|both,n_nodes,515
E4,crisismmd,default,0,p0.2|both,mean_alpha,0.5938864605703544
E4,crisismmd,default,0,p0.2|both,mean_confidence,0.6341235151005064
E4,crisismmd,default,0,p0.2|both,frac_alpha_at_min,0.0
E4,crisismmd,default,0,p0.2|both,flag_match,1.0
E4,crisismmd,default,0,p0.2|text_only,n_nodes,110
E4,crisismmd,default,0,p0.2|text_only,mean_alpha,0.14999999999999994
E4,crisismmd,default,0,p0.2|text_only,mean_confidence,0.0
E4,crisismmd,default,0,p0.2|text_only,frac_alpha_at_min,1.0
E4,crisismmd,default,0,p0.2|text_only,flag_match,1.0
E4,crisismmd,default,0,p0.2|image_only,n_nodes,137
E4,crisismmd,default,0,p0.2|image_only,mean_alpha,0.14999999999999997
E4,crisismmd,default,0,p0.2|image_only,mean_confidence,0.0
E4,crisismmd,default,0,p0.2|image_only,frac_alpha_at_min,1.0
E4,crisismmd,default,0,p0.2|image_only,flag_match,1.0
E4,crisismmd,default,0,p0.2|none,n_nodes,38
E4,crisismmd,default,0,p0.2|none,mean_alpha,0.15000000000000005
E4,crisismmd,default,0,p0.2|none,mean_confidence,0.0
E4,crisismmd,default,0,p0.2|none,frac_alpha_at_min,1.0
E4,crisismmd,default,0,p0.2|none,flag_match,1.0
_,crisismmd,default,0,e4|crisismmd|default|p0.2|0,_done,0.34
E4,crisismmd,default,3,p0.2,recon_maxabs,7.771561172376096e-16
E4,crisismmd,default,3,p0.2,n_with_content,771
E4,crisismmd,default,3,p0.2,n_nodes,800
E4,crisismmd,default,3,p0.2,flip_content_mean,0.04539559014267185
E4,crisismmd,default,3,p0.2,flip_structure_mean,0.8651102464332037
E4,crisismmd,default,3,p0.2,spearman_alpha_delta_mean,0.858639036274962
E4,crisismmd,default,3,p0.2,spearman_alpha_delta,0.8597703252837723
E4,crisismmd,default,3,p0.2,spearman_posthoc_delta,0.5843320607539071
E4,crisismmd,default,3,p0.2,spearman_normshare_delta,0.8474492947225353
E4,crisismmd,default,3,p0.2,spearman_alpha_tvc,0.7472673558782635
E4,crisismmd,default,3,p0.2,spearman_alpha_tvs,-0.8261866342685628
E4,crisismmd,default,3,p0.2,mean_tv_content,0.2207510805735378
E4,crisismmd,default,3,p0.2,mean_tv_structure,0.4574733432973953
E4,crisismmd,default,3,p0.2,flip_content,0.04539559014267185
E4,crisismmd,default,3,p0.2,flip_structure,0.8612191958495461
E4,crisismmd,default,3,p0.2,alpha_std,0.22943467425756606
E4,crisismmd,default,3,p0.2,flip_content_T1,0.007782101167315175
E4,crisismmd,default,3,p0.2,flip_structure_T1,0.9844357976653697
E4,crisismmd,default,3,p0.2,alpha_mean_T1,0.15
E4,crisismmd,default,3,p0.2,flip_content_T2,0.042801556420233464
E4,crisismmd,default,3,p0.2,flip_structure_T2,0.8521400778210116
E4,crisismmd,default,3,p0.2,alpha_mean_T2,0.4976667220131348
E4,crisismmd,default,3,p0.2,flip_content_T3,0.08560311284046693
E4,crisismmd,default,3,p0.2,flip_structure_T3,0.7470817120622568
E4,crisismmd,default,3,p0.2,alpha_mean_T3,0.6591923579549944
E4,crisismmd,default,3,p0.2,flag_consistency,1.0
E4,crisismmd,default,3,p0.2|both,n_nodes,487
E4,crisismmd,default,3,p0.2|both,mean_alpha,0.6021823070879039
E4,crisismmd,default,3,p0.2|both,mean_confidence,0.6459747244112913
E4,crisismmd,default,3,p0.2|both,frac_alpha_at_min,0.0
E4,crisismmd,default,3,p0.2|both,flag_match,1.0
E4,crisismmd,default,3,p0.2|text_only,n_nodes,147
E4,crisismmd,default,3,p0.2|text_only,mean_alpha,0.15
E4,crisismmd,default,3,p0.2|text_only,mean_confidence,0.0
E4,crisismmd,default,3,p0.2|text_only,frac_alpha_at_min,1.0
E4,crisismmd,default,3,p0.2|text_only,flag_match,1.0
E4,crisismmd,default,3,p0.2|image_only,n_nodes,137
E4,crisismmd,default,3,p0.2|image_only,mean_alpha,0.14999999999999997
E4,crisismmd,default,3,p0.2|image_only,mean_confidence,0.0
E4,crisismmd,default,3,p0.2|image_only,frac_alpha_at_min,1.0
E4,crisismmd,default,3,p0.2|image_only,flag_match,1.0
E4,crisismmd,default,3,p0.2|none,n_nodes,29
E4,crisismmd,default,3,p0.2|none,mean_alpha,0.15000000000000002
E4,crisismmd,default,3,p0.2|none,mean_confidence,0.0
E4,crisismmd,default,3,p0.2|none,frac_alpha_at_min,1.0
E4,crisismmd,default,3,p0.2|none,flag_match,1.0
_,crisismmd,default,3,e4|crisismmd|default|p0.2|3,_done,0.31
E4,crisismmd,default,0,p0.6,recon_maxabs,5.551115123125783e-16
E4,crisismmd,default,0,p0.6,n_with_content,481
E4,crisismmd,default,0,p0.6,n_nodes,800
E4,crisismmd,default,0,p0.6,flip_content_mean,0.002079002079002079
E4,crisismmd,default,0,p0.6,flip_structure_mean,0.9501039501039501
E4,crisismmd,default,0,p0.6,spearman_alpha_delta_mean,0.7030195593644538
E4,crisismmd,default,0,p0.6,spearman_alpha_delta,0.7011985023232413
E4,crisismmd,default,0,p0.6,spearman_posthoc_delta,0.8383661070901735
E4,crisismmd,default,0,p0.6,spearman_normshare_delta,0.4970631938992935
E4,crisismmd,default,0,p0.6,spearman_alpha_tvc,0.7452951858896186
E4,crisismmd,default,0,p0.6,spearman_alpha_tvs,-0.5842050720974197
E4,crisismmd,default,0,p0.6,mean_tv_content,0.08352668412882876
E4,crisismmd,default,0,p0.6,mean_tv_structure,0.6844811130335615
E4,crisismmd,default,0,p0.6,flip_content,0.002079002079002079
E4,crisismmd,default,0,p0.6,flip_structure,0.9501039501039501
E4,crisismmd,default,0,p0.6,alpha_std,0.1802471033660103
E4,crisismmd,default,0,p0.6,flip_content_T1,0.0
E4,crisismmd,default,0,p0.6,flip_structure_T1,0.9565217391304348
E4,crisismmd,default,0,p0.6,alpha_mean_T1,0.15
E4,crisismmd,default,0,p0.6,flip_content_T2,0.0
E4,crisismmd,default,0,p0.6,flip_structure_T2,0.9375
E4,crisismmd,default,0,p0.6,alpha_mean_T2,0.14999999999999997
E4,crisismmd,default,0,p0.6,flip_content_T3,0.00625
E4,crisismmd,default,0,p0.6,flip_structure_T3,0.95625
E4,crisismmd,default,0,p0.6,alpha_mean_T3,0.4351863622642537
E4,crisismmd,default,0,p0.6,flag_consistency,1.0
E4,crisismmd,default,0,p0.6|both,n_nodes,116
E4,crisismmd,default,0,p0.6|both,mean_alpha,0.5433604996748327
E4,crisismmd,default,0,p0.6|both,mean_confidence,0.5619435709640469
E4,crisismmd,default,0,p0.6|both,frac_alpha_at_min,0.0
E4,crisismmd,default,0,p0.6|both,flag_match,1.0
E4,crisismmd,default,0,p0.6|text_only,n_nodes,197
E4,crisismmd,default,0,p0.6|text_only,mean_alpha,0.15
E4,crisismmd,default,0,p0.6|text_only,mean_confidence,0.0
E4,crisismmd,default,0,p0.6|text_only,frac_alpha_at_min,1.0
E4,crisismmd,default,0,p0.6|text_only,flag_match,1.0
E4,crisismmd,default,0,p0.6|image_only,n_nodes,168
E4,crisismmd,default,0,p0.6|image_only,mean_alpha,0.14999999999999997
E4,crisismmd,default,0,p0.6|image_only,mean_confidence,0.0
E4,crisismmd,default,0,p0.6|image_only,frac_alpha_at_min,1.0
E4,crisismmd,default,0,p0.6|image_only,flag_match,1.0
E4,crisismmd,default,0,p0.6|none,n_nodes,319
E4,crisismmd,default,0,p0.6|none,mean_alpha,0.15
E4,crisismmd,default,0,p0.6|none,mean_confidence,0.0
E4,crisismmd,default,0,p0.6|none,frac_alpha_at_min,1.0
E4,crisismmd,default,0,p0.6|none,flag_match,1.0
_,crisismmd,default,0,e4|crisismmd|default|p0.6|0,_done,0.08
E4,crisismmd,default,1,p0.6,recon_maxabs,5.551115123125783e-16
E4,crisismmd,default,1,p0.6,n_with_content,510
E4,crisismmd,default,1,p0.6,n_nodes,800
E4,crisismmd,default,1,p0.6,flip_content_mean,0.0
E4,crisismmd,default,1,p0.6,flip_structure_mean,0.9294117647058824
E4,crisismmd,default,1,p0.6,spearman_alpha_delta_mean,0.7074872650059155
E4,crisismmd,default,1,p0.6,spearman_alpha_delta,0.7069494627103641
E4,crisismmd,default,1,p0.6,spearman_posthoc_delta,0.8456054855130954
E4,crisismmd,default,1,p0.6,spearman_normshare_delta,0.5258028221380864
E4,crisismmd,default,1,p0.6,spearman_alpha_tvc,0.7261697749571018
E4,crisismmd,default,1,p0.6,spearman_alpha_tvs,-0.5712558855398736
E4,crisismmd,default,1,p0.6,mean_tv_content,0.08502676393945818
E4,crisismmd,default,1,p0.6,mean_tv_structure,0.6706221580706494
E4,crisismmd,default,1,p0.6,flip_content,0.0
E4,crisismmd,default,1,p0.6,flip_structure,0.9294117647058824
E4,crisismmd,default,1,p0.6,alpha_std,0.1829011643326948
E4,crisismmd,default,1,p0.6,flip_content_T1,0.0
E4,crisismmd,default,1,p0.6,flip_structure_T1,0.9176470588235294
E4,crisismmd,default,1,p0.6,alpha_mean_T1,0.14999999999999997
E4,crisismmd,default,1,p0.6,flip_content_T2,0.0
E4,crisismmd,default,1,p0.6,flip_structure_T2,0.9411764705882353
E4,crisismmd,default,1,p0.6,alpha_mean_T2,0.14999999999999997
E4,crisismmd,default,1,p0.6,flip_content_T3,0.0
E4,crisismmd,default,1,p0.6,flip_structure_T3,0.9294117647058824
E4,crisismmd,default,1,p0.6,alpha_mean_T3,0.4361530725145308
E4,crisismmd,default,1,p0.6,flag_consistency,1.0
E4,crisismmd,default,1,p0.6|both,n_nodes,115
E4,crisismmd,default,1,p0.6|both,mean_alpha,0.5730088898040891
E4,crisismmd,default,1,p0.6|both,mean_confidence,0.6042984140058416
E4,crisismmd,default,1,p0.6|both,frac_alpha_at_min,0.0
E4,crisismmd,default,1,p0.6|both,flag_match,1.0
E4,crisismmd,default,1,p0.6|text_only,n_nodes,192
E4,crisismmd,default,1,p0.6|text_only,mean_alpha,0.14999999999999997
E4,crisismmd,default,1,p0.6|text_only,mean_confidence,0.0
E4,crisismmd,default,1,p0.6|text_only,frac_alpha_at_min,1.0
E4,crisismmd,default,1,p0.6|text_only,flag_match,1.0
E4,crisismmd,default,1,p0.6|image_only,n_nodes,203
E4,crisismmd,default,1,p0.6|image_only,mean_alpha,0.14999999999999997
E4,crisismmd,default,1,p0.6|image_only,mean_confidence,0.0
E4,crisismmd,default,1,p0.6|image_only,frac_alpha_at_min,1.0
E4,crisismmd,default,1,p0.6|image_only,flag_match,1.0
E4,crisismmd,default,1,p0.6|none,n_nodes,290
E4,crisismmd,default,1,p0.6|none,mean_alpha,0.15
E4,crisismmd,default,1,p0.6|none,mean_confidence,0.0
E4,crisismmd,default,1,p0.6|none,frac_alpha_at_min,1.0
E4,crisismmd,default,1,p0.6|none,flag_match,1.0
_,crisismmd,default,1,e4|crisismmd|default|p0.6|1,_done,0.06
E4,crisismmd,default,2,p0.2,recon_maxabs,6.661338147750939e-16
E4,crisismmd,default,2,p0.2,n_with_content,769
E4,crisismmd,default,2,p0.2,n_nodes,800
E4,crisismmd,default,2,p0.2,flip_content_mean,0.018205461638491547
E4,crisismmd,default,2,p0.2,flip_structure_mean,0.7932379713914174
E4,crisismmd,default,2,p0.2,spearman_alpha_delta_mean,0.8451187708816964
E4,crisismmd,default,2,p0.2,spearman_alpha_delta,0.8442026995604701
E4,crisismmd,default,2,p0.2,spearman_posthoc_delta,0.4820228982655836
E4,crisismmd,default,2,p0.2,spearman_normshare_delta,0.8259387191157348
E4,crisismmd,default,2,p0.2,spearman_alpha_tvc,0.7277196693018791
E4,crisismmd,default,2,p0.2,spearman_alpha_tvs,-0.6349611025133769
E4,crisismmd,default,2,p0.2,mean_tv_content,0.21515614586790838
E4,crisismmd,default,2,p0.2,mean_tv_structure,0.3984130347628909
E4,crisismmd,default,2,p0.2,flip_content,0.02080624187256177
E4,crisismmd,default,2,p0.2,flip_structure,0.7958387516254877
E4,crisismmd,default,2,p0.2,alpha_std,0.22624991884055648
E4,crisismmd,default,2,p0.2,flip_content_T1,0.0038910505836575876
E4,crisismmd,default,2,p0.2,flip_structure_T1,0.9066147859922179
E4,crisismmd,default,2,p0.2,alpha_mean_T1,0.15
E4,crisismmd,default,2,p0.2,flip_content_T2,0.01953125
E4,crisismmd,default,2,p0.2,flip_structure_T2,0.8203125
E4,crisismmd,default,2,p0.2,alpha_mean_T2,0.530085631540131
E4,crisismmd,default,2,p0.2,flip_content_T3,0.0390625
E4,crisismmd,default,2,p0.2,flip_structure_T3,0.66015625
E4,crisismmd,default,2,p0.2,alpha_mean_T3,0.6599649208894798
E4,crisismmd,default,2,p0.2,flag_consistency,1.0
E4,crisismmd,default,2,p0.2|both,n_nodes,504
E4,crisismmd,default,2,p0.2|both,mean_alpha,0.6020891694880562
E4,crisismmd,default,2,p0.2|both,mean_confidence,0.6458416706972233
E4,crisismmd,default,2,p0.2|both,frac_alpha_at_min,0.0
E4,crisismmd,default,2,p0.2|both,flag_match,1.0
E4,crisismmd,default,2,p0.2|text_only,n_nodes,132
E4,crisismmd,default,2,p0.2|text_only,mean_alpha,0.15
E4,crisismmd,default,2,p0.2|text_only,mean_confidence,0.0
E4,crisismmd,default,2,p0.2|text_only,frac_alpha_at_min,1.0
E4,crisismmd,default,2,p0.2|text_only,flag_match,1.0
E4,crisismmd,default,2,p0.2|image_only,n_nodes,133
E4,crisismmd,default,2,p0.2|image_only,mean_alpha,0.15000000000000002
E4,crisismmd,default,2,p0.2|image_only,mean_confidence,0.0
E4,crisismmd,default,2,p0.2|image_only,frac_alpha_at_min,1.0
E4,crisismmd,default,2,p0.2|image_only,flag_match,1.0
E4,crisismmd,default,2,p0.2|none,n_nodes,31
E4,crisismmd,default,2,p0.2|none,mean_alpha,0.15000000000000005
E4,crisismmd,default,2,p0.2|none,mean_confidence,0.0
E4,crisismmd,default,2,p0.2|none,frac_alpha_at_min,1.0
E4,crisismmd,default,2,p0.2|none,flag_match,1.0
_,crisismmd,default,2,e4|crisismmd|default|p0.2|2,_done,0.47
E4,crisismmd,default,1,p0.2,recon_maxabs,7.771561172376096e-16
E4,crisismmd,default,1,p0.2,n_with_content,771
E4,crisismmd,default,1,p0.2,n_nodes,800
E4,crisismmd,default,1,p0.2,flip_content_mean,0.01297016861219196
E4,crisismmd,default,1,p0.2,flip_structure_mean,0.788586251621271
E4,crisismmd,default,1,p0.2,spearman_alpha_delta_mean,0.8287724509254242
E4,crisismmd,default,1,p0.2,spearman_alpha_delta,0.8292124943838212
E4,crisismmd,default,1,p0.2,spearman_posthoc_delta,0.4522665939129317
E4,crisismmd,default,1,p0.2,spearman_normshare_delta,0.8161111906782358
E4,crisismmd,default,1,p0.2,spearman_alpha_tvc,0.6976580997135485
E4,crisismmd,default,1,p0.2,spearman_alpha_tvs,-0.6622603420162781
E4,crisismmd,default,1,p0.2,mean_tv_content,0.23126289177018852
E4,crisismmd,default,1,p0.2,mean_tv_structure,0.38951252111915113
E4,crisismmd,default,1,p0.2,flip_content,0.018158236057068743
E4,crisismmd,default,1,p0.2,flip_structure,0.788586251621271
E4,crisismmd,default,1,p0.2,alpha_std,0.22420076919083406
E4,crisismmd,default,1,p0.2,flip_content_T1,0.011673151750972763
E4,crisismmd,default,1,p0.2,flip_structure_T1,0.9027237354085603
E4,crisismmd,default,1,p0.2,alpha_mean_T1,0.15207626833119858
E4,crisismmd,default,1,p0.2,flip_content_T2,0.019455252918287938
E4,crisismmd,default,1,p0.2,flip_structure_T2,0.8365758754863813
E4,crisismmd,default,1,p0.2,alpha_mean_T2,0.5464346848076523
E4,crisismmd,default,1,p0.2,flip_content_T3,0.023346303501945526
E4,crisismmd,default,1,p0.2,flip_structure_T3,0.6264591439688716
E4,crisismmd,default,1,p0.2,alpha_mean_T3,0.6617062496233416
E4,crisismmd,default,1,p0.2,flag_consistency,1.0
E4,crisismmd,default,1,p0.2|both,n_nodes,520
E4,crisismmd,default,1,p0.2|both,mean_alpha,0.5998573482882372
E4,crisismmd,default,1,p0.2|both,mean_confidence,0.6426533546974821
E4,crisismmd,default,1,p0.2|both,frac_alpha_at_min,0.0
E4,crisismmd,default,1,p0.2|both,flag_match,1.0
E4,crisismmd,default,1,p0.2|text_only,n_nodes,133
E4,crisismmd,default,1,p0.2|text_only,mean_alpha,0.15000000000000002
E4,crisismmd,default,1,p0.2|text_only,mean_confidence,0.0
E4,crisismmd,default,1,p0.2|text_only,frac_alpha_at_min,1.0
E4,crisismmd,default,1,p0.2|text_only,flag_match,1.0
E4,crisismmd,default,1,p0.2|image_only,n_nodes,118
E4,crisismmd,default,1,p0.2|image_only,mean_alpha,0.1499999999999999
E4,crisismmd,default,1,p0.2|image_only,mean_confidence,0.0
E4,crisismmd,default,1,p0.2|image_only,frac_alpha_at_min,1.0
E4,crisismmd,default,1,p0.2|image_only,flag_match,1.0
E4,crisismmd,default,1,p0.2|none,n_nodes,29
E4,crisismmd,default,1,p0.2|none,mean_alpha,0.15000000000000002
E4,crisismmd,default,1,p0.2|none,mean_confidence,0.0
E4,crisismmd,default,1,p0.2|none,frac_alpha_at_min,1.0
E4,crisismmd,default,1,p0.2|none,flag_match,1.0
_,crisismmd,default,1,e4|crisismmd|default|p0.2|1,_done,0.48
E4,crisismmd,default,2,p0.6,recon_maxabs,6.661338147750939e-16
E4,crisismmd,default,2,p0.6,n_with_content,507
E4,crisismmd,default,2,p0.6,n_nodes,800
E4,crisismmd,default,2,p0.6,flip_content_mean,0.0039447731755424065
E4,crisismmd,default,2,p0.6,flip_structure_mean,0.9329388560157791
E4,crisismmd,default,2,p0.6,spearman_alpha_delta_mean,0.7006367935661829
E4,crisismmd,default,2,p0.6,spearman_alpha_delta,0.7000634093798037
E4,crisismmd,default,2,p0.6,spearman_posthoc_delta,0.866812525425224
E4,crisismmd,default,2,p0.6,spearman_normshare_delta,0.531200306290502
E4,crisismmd,default,2,p0.6,spearman_alpha_tvc,0.7200499257583255
E4,crisismmd,default,2,p0.6,spearman_alpha_tvs,-0.586062939692118
E4,crisismmd,default,2,p0.6,mean_tv_content,0.07664110479764603
E4,crisismmd,default,2,p0.6,mean_tv_structure,0.6758703065133429
E4,crisismmd,default,2,p0.6,flip_content,0.0039447731755424065
E4,crisismmd,default,2,p0.6,flip_structure,0.9329388560157791
E4,crisismmd,default,2,p0.6,alpha_std,0.1817623945242248
E4,crisismmd,default,2,p0.6,flip_content_T1,0.0
E4,crisismmd,default,2,p0.6,flip_structure_T1,0.9408284023668639
E4,crisismmd,default,2,p0.6,alpha_mean_T1,0.14999999999999997
E4,crisismmd,default,2,p0.6,flip_content_T2,0.0
E4,crisismmd,default,2,p0.6,flip_structure_T2,0.9053254437869822
E4,crisismmd,default,2,p0.6,alpha_mean_T2,0.14999999999999997
E4,crisismmd,default,2,p0.6,flip_content_T3,0.011834319526627219
E4,crisismmd,default,2,p0.6,flip_structure_T3,0.9526627218934911
E4,crisismmd,default,2,p0.6,alpha_mean_T3,0.4283199787618966
E4,crisismmd,default,2,p0.6,flag_consistency,1.0
E4,crisismmd,default,2,p0.6|both,n_nodes,112
E4,crisismmd,default,2,p0.6|both,mean_alpha,0.5699649679532192
E4,crisismmd,default,2,p0.6|both,mean_confidence,0.5999499542188845
E4,crisismmd,default,2,p0.6|both,frac_alpha_at_min,0.0
E4,crisismmd,default,2,p0.6|both,flag_match,1.0
E4,crisismmd,default,2,p0.6|text_only,n_nodes,189
E4,crisismmd,default,2,p0.6|text_only,mean_alpha,0.14999999999999997
E4,crisismmd,default,2,p0.6|text_only,mean_confidence,0.0
E4,crisismmd,default,2,p0.6|text_only,frac_alpha_at_min,1.0
E4,crisismmd,default,2,p0.6|text_only,flag_match,1.0
E4,crisismmd,default,2,p0.6|image_only,n_nodes,206
E4,crisismmd,default,2,p0.6|image_only,mean_alpha,0.14999999999999997
E4,crisismmd,default,2,p0.6|image_only,mean_confidence,0.0
E4,crisismmd,default,2,p0.6|image_only,frac_alpha_at_min,1.0
E4,crisismmd,default,2,p0.6|image_only,flag_match,1.0
E4,crisismmd,default,2,p0.6|none,n_nodes,293
E4,crisismmd,default,2,p0.6|none,mean_alpha,0.15000000000000002
E4,crisismmd,default,2,p0.6|none,mean_confidence,0.0
E4,crisismmd,default,2,p0.6|none,frac_alpha_at_min,1.0
E4,crisismmd,default,2,p0.6|none,flag_match,1.0
_,crisismmd,default,2,e4|crisismmd|default|p0.6|2,_done,0.06
E4,crisismmd,default,3,p0.6,recon_maxabs,5.551115123125783e-16
E4,crisismmd,default,3,p0.6,n_with_content,510
E4,crisismmd,default,3,p0.6,n_nodes,800
E4,crisismmd,default,3,p0.6,flip_content_mean,0.00196078431372549
E4,crisismmd,default,3,p0.6,flip_structure_mean,0.9352941176470588
E4,crisismmd,default,3,p0.6,spearman_alpha_delta_mean,0.717822527211931
E4,crisismmd,default,3,p0.6,spearman_alpha_delta,0.7170605832098838
E4,crisismmd,default,3,p0.6,spearman_posthoc_delta,0.8564507677280349
E4,crisismmd,default,3,p0.6,spearman_normshare_delta,0.5879833990813002
E4,crisismmd,default,3,p0.6,spearman_alpha_tvc,0.7497639510719281
E4,crisismmd,default,3,p0.6,spearman_alpha_tvs,-0.6046029539752247
E4,crisismmd,default,3,p0.6,mean_tv_content,0.08678221666822235
E4,crisismmd,default,3,p0.6,mean_tv_structure,0.679966799818482
E4,crisismmd,default,3,p0.6,flip_content,0.00196078431372549
E4,crisismmd,default,3,p0.6,flip_structure,0.9352941176470588
E4,crisismmd,default,3,p0.6,alpha_std,0.18678215621673874
E4,crisismmd,default,3,p0.6,flip_content_T1,0.0
E4,crisismmd,default,3,p0.6,flip_structure_T1,0.9294117647058824
E4,crisismmd,default,3,p0.6,alpha_mean_T1,0.14999999999999997
E4,crisismmd,default,3,p0.6,flip_content_T2,0.0
E4,crisismmd,default,3,p0.6,flip_structure_T2,0.9529411764705882
E4,crisismmd,default,3,p0.6,alpha_mean_T2,0.14999999999999997
E4,crisismmd,default,3,p0.6,flip_content_T3,0.0058823529411764705
E4,crisismmd,default,3,p0.6,flip_structure_T3,0.9235294117647059
E4,crisismmd,default,3,p0.6,alpha_mean_T3,0.45373236929104455
E4,crisismmd,default,3,p0.6,flag_consistency,1.0
E4,crisismmd,default,3,p0.6|both,n_nodes,126
E4,crisismmd,default,3,p0.6|both,mean_alpha,0.5597976411069651
E4,crisismmd,default,3,p0.6|both,mean_confidence,0.5854252015813785
E4,crisismmd,default,3,p0.6|both,frac_alpha_at_min,0.0
E4,crisismmd,default,3,p0.6|both,flag_match,1.0
E4,crisismmd,default,3,p0.6|text_only,n_nodes,187
E4,crisismmd,default,3,p0.6|text_only,mean_alpha,0.15
E4,crisismmd,default,3,p0.6|text_only,mean_confidence,0.0
E4,crisismmd,default,3,p0.6|text_only,frac_alpha_at_min,1.0
E4,crisismmd,default,3,p0.6|text_only,flag_match,1.0
E4,crisismmd,default,3,p0.6|image_only,n_nodes,197
E4,crisismmd,default,3,p0.6|image_only,mean_alpha,0.15
E4,crisismmd,default,3,p0.6|image_only,mean_confidence,0.0
E4,crisismmd,default,3,p0.6|image_only,frac_alpha_at_min,1.0
E4,crisismmd,default,3,p0.6|image_only,flag_match,1.0
E4,crisismmd,default,3,p0.6|none,n_nodes,290
E4,crisismmd,default,3,p0.6|none,mean_alpha,0.15
E4,crisismmd,default,3,p0.6|none,mean_confidence,0.0
E4,crisismmd,default,3,p0.6|none,frac_alpha_at_min,1.0
E4,crisismmd,default,3,p0.6|none,flag_match,1.0
_,crisismmd,default,3,e4|crisismmd|default|p0.6|3,_done,0.11
E4,crisismmd,default,4,p0.6,recon_maxabs,5.551115123125783e-16
E4,crisismmd,default,4,p0.6,n_with_content,525
E4,crisismmd,default,4,p0.6,n_nodes,800
E4,crisismmd,default,4,p0.6,flip_content_mean,0.0
E4,crisismmd,default,4,p0.6,flip_structure_mean,0.9276190476190476
E4,crisismmd,default,4,p0.6,spearman_alpha_delta_mean,0.717498673581259
E4,crisismmd,default,4,p0.6,spearman_alpha_delta,0.7173609225027562
E4,crisismmd,default,4,p0.6,spearman_posthoc_delta,0.8565417898503551
E4,crisismmd,default,4,p0.6,spearman_normshare_delta,0.5259082559677574
E4,crisismmd,default,4,p0.6,spearman_alpha_tvc,0.7404961633910188
E4,crisismmd,default,4,p0.6,spearman_alpha_tvs,-0.6036632588443726
E4,crisismmd,default,4,p0.6,mean_tv_content,0.08840858214045695
E4,crisismmd,default,4,p0.6,mean_tv_structure,0.6727960279497303
E4,crisismmd,default,4,p0.6,flip_content,0.0
E4,crisismmd,default,4,p0.6,flip_structure,0.9276190476190476
E4,crisismmd,default,4,p0.6,alpha_std,0.18591105530035298
E4,crisismmd,default,4,p0.6,flip_content_T1,0.0
E4,crisismmd,default,4,p0.6,flip_structure_T1,0.9485714285714286
E4,crisismmd,default,4,p0.6,alpha_mean_T1,0.15
E4,crisismmd,default,4,p0.6,flip_content_T2,0.0
E4,crisismmd,default,4,p0.6,flip_structure_T2,0.9314285714285714
E4,crisismmd,default,4,p0.6,alpha_mean_T2,0.15
E4,crisismmd,default,4,p0.6,flip_content_T3,0.0
E4,crisismmd,default,4,p0.6,flip_structure_T3,0.9028571428571428
E4,crisismmd,default,4,p0.6,alpha_mean_T3,0.44786426787273886
E4,crisismmd,default,4,p0.6,flag_consistency,1.0
E4,crisismmd,default,4,p0.6|both,n_nodes,125
E4,crisismmd,default,4,p0.6|both,mean_alpha,0.5670099750218344
E4,crisismmd,default,4,p0.6|both,mean_confidence,0.5957285357454779
E4,crisismmd,default,4,p0.6|both,frac_alpha_at_min,0.0
E4,crisismmd,default,4,p0.6|both,flag_match,1.0
E4,crisismmd,default,4,p0.6|text_only,n_nodes,202
E4,crisismmd,default,4,p0.6|text_only,mean_alpha,0.14999999999999997
E4,crisismmd,default,4,p0.6|text_only,mean_confidence,0.0
E4,crisismmd,default,4,p0.6|text_only,frac_alpha_at_min,1.0
E4,crisismmd,default,4,p0.6|text_only,flag_match,1.0
E4,crisismmd,default,4,p0.6|image_only,n_nodes,198
E4,crisismmd,default,4,p0.6|image_only,mean_alpha,0.14999999999999997
E4,crisismmd,default,4,p0.6|image_only,mean_confidence,0.0
E4,crisismmd,default,4,p0.6|image_only,frac_alpha_at_min,1.0
E4,crisismmd,default,4,p0.6|image_only,flag_match,1.0
E4,crisismmd,default,4,p0.6|none,n_nodes,275
E4,crisismmd,default,4,p0.6|none,mean_alpha,0.15
E4,crisismmd,default,4,p0.6|none,mean_confidence,0.0
E4,crisismmd,default,4,p0.6|none,frac_alpha_at_min,1.0
E4,crisismmd,default,4,p0.6|none,flag_match,1.0
_,crisismmd,default,4,e4|crisismmd|default|p0.6|4,_done,0.09
E4,crisismmd,default,4,p0.2,recon_maxabs,8.881784197001252e-16
E4,crisismmd,default,4,p0.2,n_with_content,775
E4,crisismmd,default,4,p0.2,n_nodes,800
E4,crisismmd,default,4,p0.2,flip_content_mean,0.03870967741935484
E4,crisismmd,default,4,p0.2,flip_structure_mean,0.807741935483871
E4,crisismmd,default,4,p0.2,spearman_alpha_delta_mean,0.8408608962584073
E4,crisismmd,default,4,p0.2,spearman_alpha_delta,0.840662743969108
E4,crisismmd,default,4,p0.2,spearman_posthoc_delta,0.44293173808916136
E4,crisismmd,default,4,p0.2,spearman_normshare_delta,0.8258018370572023
E4,crisismmd,default,4,p0.2,spearman_alpha_tvc,0.7004666533173011
E4,crisismmd,default,4,p0.2,spearman_alpha_tvs,-0.6409141704188888
E4,crisismmd,default,4,p0.2,mean_tv_content,0.22745426093619792
E4,crisismmd,default,4,p0.2,mean_tv_structure,0.3877431159781432
E4,crisismmd,default,4,p0.2,flip_content,0.03870967741935484
E4,crisismmd,default,4,p0.2,flip_structure,0.807741935483871
E4,crisismmd,default,4,p0.2,alpha_std,0.22186638392344013
E4,crisismmd,default,4,p0.2,flip_content_T1,0.0
E4,crisismmd,default,4,p0.2,flip_structure_T1,0.8996138996138996
E4,crisismmd,default,4,p0.2,alpha_mean_T1,0.15734741218690804
E4,crisismmd,default,4,p0.2,flip_content_T2,0.04263565891472868
E4,crisismmd,default,4,p0.2,flip_structure_T2,0.8488372093023255
E4,crisismmd,default,4,p0.2,alpha_mean_T2,0.5542755265727689
E4,crisismmd,default,4,p0.2,flip_content_T3,0.07364341085271318
E4,crisismmd,default,4,p0.2,flip_structure_T3,0.6744186046511628
E4,crisismmd,default,4,p0.2,alpha_mean_T3,0.6598042332435693
E4,crisismmd,default,4,p0.2,flag_consistency,1.0
E4,crisismmd,default,4,p0.2|both,n_nodes,531
E4,crisismmd,default,4,p0.2|both,mean_alpha,0.5977129148569199
E4,crisismmd,default,4,p0.2|both,mean_confidence,0.6395898783670284
E4,crisismmd,default,4,p0.2|both,frac_alpha_at_min,0.0
E4,crisismmd,default,4,p0.2|both,flag_match,1.0
E4,crisismmd,default,4,p0.2|text_only,n_nodes,126
E4,crisismmd,default,4,p0.2|text_only,mean_alpha,0.1499999999999999
E4,crisismmd,default,4,p0.2|text_only,mean_confidence,0.0
E4,crisismmd,default,4,p0.2|text_only,frac_alpha_at_min,1.0
E4,crisismmd,default,4,p0.2|text_only,flag_match,1.0
E4,crisismmd,default,4,p0.2|image_only,n_nodes,118
E4,crisismmd,default,4,p0.2|image_only,mean_alpha,0.1499999999999999
E4,crisismmd,default,4,p0.2|image_only,mean_confidence,0.0
E4,crisismmd,default,4,p0.2|image_only,frac_alpha_at_min,1.0
E4,crisismmd,default,4,p0.2|image_only,flag_match,1.0
E4,crisismmd,default,4,p0.2|none,n_nodes,25
E4,crisismmd,default,4,p0.2|none,mean_alpha,0.15
E4,crisismmd,default,4,p0.2|none,mean_confidence,0.0
E4,crisismmd,default,4,p0.2|none,frac_alpha_at_min,1.0
E4,crisismmd,default,4,p0.2|none,flag_match,1.0
_,crisismmd,default,4,e4|crisismmd|default|p0.2|4,_done,0.38
E4,crisismmd,robust,0,p0.2,recon_maxabs,0.0
E4,crisismmd,robust,0,p0.2,n_with_content,762
E4,crisismmd,robust,0,p0.2,n_nodes,800
E4,crisismmd,robust,0,p0.2,flip_content_mean,0.04199475065616798
E4,crisismmd,robust,0,p0.2,flip_structure_mean,0.8346456692913385
E4,crisismmd,robust,0,p0.2,spearman_alpha_delta_mean,0.7986198433478656
E4,crisismmd,robust,0,p0.2,spearman_alpha_delta,0.7992817816288406
E4,crisismmd,robust,0,p0.2,spearman_posthoc_delta,0.45841106020109856
E4,crisismmd,robust,0,p0.2,spearman_normshare_delta,0.7665989650002596
E4,crisismmd,robust,0,p0.2,spearman_alpha_tvc,0.4903871389697092
E4,crisismmd,robust,0,p0.2,spearman_alpha_tvs,-0.5882158052414161
E4,crisismmd,robust,0,p0.2,mean_tv_content,0.23172052173645094
E4,crisismmd,robust,0,p0.2,mean_tv_structure,0.35554466433206594
E4,crisismmd,robust,0,p0.2,flip_content,0.04199475065616798
E4,crisismmd,robust,0,p0.2,flip_structure,0.8241469816272966
E4,crisismmd,robust,0,p0.2,alpha_std,0.22357960296912133
E4,crisismmd,robust,0,p0.2,flip_content_T1,0.0
E4,crisismmd,robust,0,p0.2,flip_structure_T1,0.8582677165354331
E4,crisismmd,robust,0,p0.2,alpha_mean_T1,0.15228108128294277
E4,crisismmd,robust,0,p0.2,flip_content_T2,0.031496062992125984
E4,crisismmd,robust,0,p0.2,flip_structure_T2,0.8582677165354331
E4,crisismmd,robust,0,p0.2,alpha_mean_T2,0.5360870860505023
E4,crisismmd,robust,0,p0.2,flip_content_T3,0.09448818897637795
E4,crisismmd,robust,0,p0.2,flip_structure_T3,0.7559055118110236
E4,crisismmd,robust,0,p0.2,alpha_mean_T3,0.6616378452403052
E4,crisismmd,robust,0,p0.2,flag_consistency,1.0
E4,crisismmd,robust,0,p0.2|both,n_nodes,515
E4,crisismmd,robust,0,p0.2|both,mean_alpha,0.5938864605703544
E4,crisismmd,robust,0,p0.2|both,mean_confidence,0.6341235151005064
E4,crisismmd,robust,0,p0.2|both,frac_alpha_at_min,0.0
E4,crisismmd,robust,0,p0.2|both,flag_match,1.0
E4,crisismmd,robust,0,p0.2|text_only,n_nodes,110
E4,crisismmd,robust,0,p0.2|text_only,mean_alpha,0.14999999999999994
E4,crisismmd,robust,0,p0.2|text_only,mean_confidence,0.0
E4,crisismmd,robust,0,p0.2|text_only,frac_alpha_at_min,1.0
E4,crisismmd,robust,0,p0.2|text_only,flag_match,1.0
E4,crisismmd,robust,0,p0.2|image_only,n_nodes,137
E4,crisismmd,robust,0,p0.2|image_only,mean_alpha,0.14999999999999997
E4,crisismmd,robust,0,p0.2|image_only,mean_confidence,0.0
E4,crisismmd,robust,0,p0.2|image_only,frac_alpha_at_min,1.0
E4,crisismmd,robust,0,p0.2|image_only,flag_match,1.0
E4,crisismmd,robust,0,p0.2|none,n_nodes,38
E4,crisismmd,robust,0,p0.2|none,mean_alpha,0.15000000000000005
E4,crisismmd,robust,0,p0.2|none,mean_confidence,0.0
E4,crisismmd,robust,0,p0.2|none,frac_alpha_at_min,1.0
E4,crisismmd,robust,0,p0.2|none,flag_match,1.0
_,crisismmd,robust,0,e4|crisismmd|robust|p0.2|0,_done,0.44
E4,crisismmd,robust,3,p0.2,recon_maxabs,0.0
E4,crisismmd,robust,3,p0.2,n_with_content,771
E4,crisismmd,robust,3,p0.2,n_nodes,800
E4,crisismmd,robust,3,p0.2,flip_content_mean,0.1297016861219196
E4,crisismmd,robust,3,p0.2,flip_structure_mean,0.7431906614785992
E4,crisismmd,robust,3,p0.2,spearman_alpha_delta_mean,0.8050797338609857
E4,crisismmd,robust,3,p0.2,spearman_alpha_delta,0.8030457050469926
E4,crisismmd,robust,3,p0.2,spearman_posthoc_delta,0.406918351300521
E4,crisismmd,robust,3,p0.2,spearman_normshare_delta,0.7695589505553015
E4,crisismmd,robust,3,p0.2,spearman_alpha_tvc,0.6317355991303737
E4,crisismmd,robust,3,p0.2,spearman_alpha_tvs,-0.6993798640636365
E4,crisismmd,robust,3,p0.2,mean_tv_content,0.2308360422537009
E4,crisismmd,robust,3,p0.2,mean_tv_structure,0.40689055588307865
E4,crisismmd,robust,3,p0.2,flip_content,0.13748378728923477
E4,crisismmd,robust,3,p0.2,flip_structure,0.7561608300907912
E4,crisismmd,robust,3,p0.2,alpha_std,0.22943467425756606
E4,crisismmd,robust,3,p0.2,flip_content_T1,0.023346303501945526
E4,crisismmd,robust,3,p0.2,flip_structure_T1,0.9105058365758755
E4,crisismmd,robust,3,p0.2,alpha_mean_T1,0.15
E4,crisismmd,robust,3,p0.2,flip_content_T2,0.20233463035019456
E4,crisismmd,robust,3,p0.2,flip_structure_T2,0.7042801556420234
E4,crisismmd,robust,3,p0.2,alpha_mean_T2,0.4976667220131348
E4,crisismmd,robust,3,p0.2,flip_content_T3,0.1867704280155642
E4,crisismmd,robust,3,p0.2,flip_structure_T3,0.6536964980544747
E4,crisismmd,robust,3,p0.2,alpha_mean_T3,0.6591923579549944
E4,crisismmd,robust,3,p0.2,flag_consistency,1.0
E4,crisismmd,robust,3,p0.2|both,n_nodes,487
E4,crisismmd,robust,3,p0.2|both,mean_alpha,0.6021823070879039
E4,crisismmd,robust,3,p0.2|both,mean_confidence,0.6459747244112913
E4,crisismmd,robust,3,p0.2|both,frac_alpha_at_min,0.0
E4,crisismmd,robust,3,p0.2|both,flag_match,1.0
E4,crisismmd,robust,3,p0.2|text_only,n_nodes,147
E4,crisismmd,robust,3,p0.2|text_only,mean_alpha,0.15
E4,crisismmd,robust,3,p0.2|text_only,mean_confidence,0.0
E4,crisismmd,robust,3,p0.2|text_only,frac_alpha_at_min,1.0
E4,crisismmd,robust,3,p0.2|text_only,flag_match,1.0
E4,crisismmd,robust,3,p0.2|image_only,n_nodes,137
E4,crisismmd,robust,3,p0.2|image_only,mean_alpha,0.14999999999999997
E4,crisismmd,robust,3,p0.2|image_only,mean_confidence,0.0
E4,crisismmd,robust,3,p0.2|image_only,frac_alpha_at_min,1.0
E4,crisismmd,robust,3,p0.2|image_only,flag_match,1.0
E4,crisismmd,robust,3,p0.2|none,n_nodes,29
E4,crisismmd,robust,3,p0.2|none,mean_alpha,0.15000000000000002
E4,crisismmd,robust,3,p0.2|none,mean_confidence,0.0
E4,crisismmd,robust,3,p0.2|none,frac_alpha_at_min,1.0
E4,crisismmd,robust,3,p0.2|none,flag_match,1.0
_,crisismmd,robust,3,e4|crisismmd|robust|p0.2|3,_done,0.38
E4,crisismmd,robust,1,p0.2,recon_maxabs,0.0
E4,crisismmd,robust,1,p0.2,n_with_content,771
E4,crisismmd,robust,1,p0.2,n_nodes,800
E4,crisismmd,robust,1,p0.2,flip_content_mean,0.13359273670557717
E4,crisismmd,robust,1,p0.2,flip_structure_mean,0.7600518806744487
E4,crisismmd,robust,1,p0.2,spearman_alpha_delta_mean,0.8176514010617364
E4,crisismmd,robust,1,p0.2,spearman_alpha_delta,0.8199228716059777
E4,crisismmd,robust,1,p0.2,spearman_posthoc_delta,0.3475875931491746
E4,crisismmd,robust,1,p0.2,spearman_normshare_delta,0.7959478456262795
E4,crisismmd,robust,1,p0.2,spearman_alpha_tvc,0.6114308992206771
E4,crisismmd,robust,1,p0.2,spearman_alpha_tvs,-0.7136232249229155
E4,crisismmd,robust,1,p0.2,mean_tv_content,0.23039290704558016
E4,crisismmd,robust,1,p0.2,mean_tv_structure,0.4013016279280455
E4,crisismmd,robust,1,p0.2,flip_content,0.14526588845654995
E4,crisismmd,robust,1,p0.2,flip_structure,0.767833981841764
E4,crisismmd,robust,1,p0.2,alpha_std,0.22420076919083406
E4,crisismmd,robust,1,p0.2,flip_content_T1,0.042801556420233464
E4,crisismmd,robust,1,p0.2,flip_structure_T1,0.9027237354085603
E4,crisismmd,robust,1,p0.2,alpha_mean_T1,0.15207626833119858
E4,crisismmd,robust,1,p0.2,flip_content_T2,0.19455252918287938
E4,crisismmd,robust,1,p0.2,flip_structure_T2,0.7976653696498055
E4,crisismmd,robust,1,p0.2,alpha_mean_T2,0.5464346848076523
E4,crisismmd,robust,1,p0.2,flip_content_T3,0.19844357976653695
E4,crisismmd,robust,1,p0.2,flip_structure_T3,0.603112840466926
E4,crisismmd,robust,1,p0.2,alpha_mean_T3,0.6617062496233416
E4,crisismmd,robust,1,p0.2,flag_consistency,1.0
E4,crisismmd,robust,1,p0.2|both,n_nodes,520
E4,crisismmd,robust,1,p0.2|both,mean_alpha,0.5998573482882372
E4,crisismmd,robust,1,p0.2|both,mean_confidence,0.6426533546974821
E4,crisismmd,robust,1,p0.2|both,frac_alpha_at_min,0.0
E4,crisismmd,robust,1,p0.2|both,flag_match,1.0
E4,crisismmd,robust,1,p0.2|text_only,n_nodes,133
E4,crisismmd,robust,1,p0.2|text_only,mean_alpha,0.15000000000000002
E4,crisismmd,robust,1,p0.2|text_only,mean_confidence,0.0
E4,crisismmd,robust,1,p0.2|text_only,frac_alpha_at_min,1.0
E4,crisismmd,robust,1,p0.2|text_only,flag_match,1.0
E4,crisismmd,robust,1,p0.2|image_only,n_nodes,118
E4,crisismmd,robust,1,p0.2|image_only,mean_alpha,0.1499999999999999
E4,crisismmd,robust,1,p0.2|image_only,mean_confidence,0.0
E4,crisismmd,robust,1,p0.2|image_only,frac_alpha_at_min,1.0
E4,crisismmd,robust,1,p0.2|image_only,flag_match,1.0
E4,crisismmd,robust,1,p0.2|none,n_nodes,29
E4,crisismmd,robust,1,p0.2|none,mean_alpha,0.15000000000000002
E4,crisismmd,robust,1,p0.2|none,mean_confidence,0.0
E4,crisismmd,robust,1,p0.2|none,frac_alpha_at_min,1.0
E4,crisismmd,robust,1,p0.2|none,flag_match,1.0
_,crisismmd,robust,1,e4|crisismmd|robust|p0.2|1,_done,0.48
E4,crisismmd,robust,2,p0.2,recon_maxabs,0.0
E4,crisismmd,robust,2,p0.2,n_with_content,769
E4,crisismmd,robust,2,p0.2,n_nodes,800
E4,crisismmd,robust,2,p0.2,flip_content_mean,0.13263979193758127
E4,crisismmd,robust,2,p0.2,flip_structure_mean,0.7490247074122237
E4,crisismmd,robust,2,p0.2,spearman_alpha_delta_mean,0.8113031343233338
E4,crisismmd,robust,2,p0.2,spearman_alpha_delta,0.8123539029954282
E4,crisismmd,robust,2,p0.2,spearman_posthoc_delta,0.3998170270886461
E4,crisismmd,robust,2,p0.2,spearman_normshare_delta,0.7865050748990932
E4,crisismmd,robust,2,p0.2,spearman_alpha_tvc,0.5847957026535939
E4,crisismmd,robust,2,p0.2,spearman_alpha_tvs,-0.6947361438836458
E4,crisismmd,robust,2,p0.2,mean_tv_content,0.23041500695578063
E4,crisismmd,robust,2,p0.2,mean_tv_structure,0.3979863802659417
E4,crisismmd,robust,2,p0.2,flip_content,0.13654096228868662
E4,crisismmd,robust,2,p0.2,flip_structure,0.7620286085825748
E4,crisismmd,robust,2,p0.2,alpha_std,0.22624991884055648
E4,crisismmd,robust,2,p0.2,flip_content_T1,0.023346303501945526
E4,crisismmd,robust,2,p0.2,flip_structure_T1,0.914396887159533
E4,crisismmd,robust,2,p0.2,alpha_mean_T1,0.15
E4,crisismmd,robust,2,p0.2,flip_content_T2,0.19140625
E4,crisismmd,robust,2,p0.2,flip_structure_T2,0.74609375
E4,crisismmd,robust,2,p0.2,alpha_mean_T2,0.530085631540131
E4,crisismmd,robust,2,p0.2,flip_content_T3,0.1953125
E4,crisismmd,robust,2,p0.2,flip_structure_T3,0.625
E4,crisismmd,robust,2,p0.2,alpha_mean_T3,0.6599649208894798
E4,crisismmd,robust,2,p0.2,flag_consistency,1.0
E4,crisismmd,robust,2,p0.2|both,n_nodes,504
E4,crisismmd,robust,2,p0.2|both,mean_alpha,0.6020891694880562
E4,crisismmd,robust,2,p0.2|both,mean_confidence,0.6458416706972233
E4,crisismmd,robust,2,p0.2|both,frac_alpha_at_min,0.0
E4,crisismmd,robust,2,p0.2|both,flag_match,1.0
E4,crisismmd,robust,2,p0.2|text_only,n_nodes,132
E4,crisismmd,robust,2,p0.2|text_only,mean_alpha,0.15
E4,crisismmd,robust,2,p0.2|text_only,mean_confidence,0.0
E4,crisismmd,robust,2,p0.2|text_only,frac_alpha_at_min,1.0
E4,crisismmd,robust,2,p0.2|text_only,flag_match,1.0
E4,crisismmd,robust,2,p0.2|image_only,n_nodes,133
E4,crisismmd,robust,2,p0.2|image_only,mean_alpha,0.15000000000000002
E4,crisismmd,robust,2,p0.2|image_only,mean_confidence,0.0
E4,crisismmd,robust,2,p0.2|image_only,frac_alpha_at_min,1.0
E4,crisismmd,robust,2,p0.2|image_only,flag_match,1.0
E4,crisismmd,robust,2,p0.2|none,n_nodes,31
E4,crisismmd,robust,2,p0.2|none,mean_alpha,0.15000000000000005
E4,crisismmd,robust,2,p0.2|none,mean_confidence,0.0
E4,crisismmd,robust,2,p0.2|none,frac_alpha_at_min,1.0
E4,crisismmd,robust,2,p0.2|none,flag_match,1.0
_,crisismmd,robust,2,e4|crisismmd|robust|p0.2|2,_done,0.5
E4,crisismmd,robust,0,p0.6,recon_maxabs,0.0
E4,crisismmd,robust,0,p0.6,n_with_content,481
E4,crisismmd,robust,0,p0.6,n_nodes,800
E4,crisismmd,robust,0,p0.6,flip_content_mean,0.008316008316008316
E4,crisismmd,robust,0,p0.6,flip_structure_mean,0.9480249480249481
E4,crisismmd,robust,0,p0.6,spearman_alpha_delta_mean,0.6844485714129208
E4,crisismmd,robust,0,p0.6,spearman_alpha_delta,0.6837547532788479
E4,crisismmd,robust,0,p0.6,spearman_posthoc_delta,0.8376374858740003
E4,crisismmd,robust,0,p0.6,spearman_normshare_delta,0.3583427506664021
E4,crisismmd,robust,0,p0.6,spearman_alpha_tvc,0.7199600459594844
E4,crisismmd,robust,0,p0.6,spearman_alpha_tvs,-0.529205326842532
E4,crisismmd,robust,0,p0.6,mean_tv_content,0.15140618437540188
E4,crisismmd,robust,0,p0.6,mean_tv_structure,0.6036399656054282
E4,crisismmd,robust,0,p0.6,flip_content,0.008316008316008316
E4,crisismmd,robust,0,p0.6,flip_structure,0.9480249480249481
E4,crisismmd,robust,0,p0.6,alpha_std,0.1802471033660103
E4,crisismmd,robust,0,p0.6,flip_content_T1,0.006211180124223602
E4,crisismmd,robust,0,p0.6,flip_structure_T1,0.9503105590062112
E4,crisismmd,robust,0,p0.6,alpha_mean_T1,0.15
E4,crisismmd,robust,0,p0.6,flip_content_T2,0.0
E4,crisismmd,robust,0,p0.6,flip_structure_T2,0.9375
E4,crisismmd,robust,0,p0.6,alpha_mean_T2,0.14999999999999997
E4,crisismmd,robust,0,p0.6,flip_content_T3,0.01875
E4,crisismmd,robust,0,p0.6,flip_structure_T3,0.95625
E4,crisismmd,robust,0,p0.6,alpha_mean_T3,0.4351863622642537
E4,crisismmd,robust,0,p0.6,flag_consistency,1.0
E4,crisismmd,robust,0,p0.6|both,n_nodes,116
E4,crisismmd,robust,0,p0.6|both,mean_alpha,0.5433604996748327
E4,crisismmd,robust,0,p0.6|both,mean_confidence,0.5619435709640469
E4,crisismmd,robust,0,p0.6|both,frac_alpha_at_min,0.0
E4,crisismmd,robust,0,p0.6|both,flag_match,1.0
E4,crisismmd,robust,0,p0.6|text_only,n_nodes,197
E4,crisismmd,robust,0,p0.6|text_only,mean_alpha,0.15
E4,crisismmd,robust,0,p0.6|text_only,mean_confidence,0.0
E4,crisismmd,robust,0,p0.6|text_only,frac_alpha_at_min,1.0
E4,crisismmd,robust,0,p0.6|text_only,flag_match,1.0
E4,crisismmd,robust,0,p0.6|image_only,n_nodes,168
E4,crisismmd,robust,0,p0.6|image_only,mean_alpha,0.14999999999999997
E4,crisismmd,robust,0,p0.6|image_only,mean_confidence,0.0
E4,crisismmd,robust,0,p0.6|image_only,frac_alpha_at_min,1.0
E4,crisismmd,robust,0,p0.6|image_only,flag_match,1.0
E4,crisismmd,robust,0,p0.6|none,n_nodes,319
E4,crisismmd,robust,0,p0.6|none,mean_alpha,0.15
E4,crisismmd,robust,0,p0.6|none,mean_confidence,0.0
E4,crisismmd,robust,0,p0.6|none,frac_alpha_at_min,1.0
E4,crisismmd,robust,0,p0.6|none,flag_match,1.0
_,crisismmd,robust,0,e4|crisismmd|robust|p0.6|0,_done,0.12
E4,crisismmd,robust,1,p0.6,recon_maxabs,0.0
E4,crisismmd,robust,1,p0.6,n_with_content,510
E4,crisismmd,robust,1,p0.6,n_nodes,800
E4,crisismmd,robust,1,p0.6,flip_content_mean,0.011764705882352941
E4,crisismmd,robust,1,p0.6,flip_structure_mean,0.9352941176470588
E4,crisismmd,robust,1,p0.6,spearman_alpha_delta_mean,0.6948538563689222
E4,crisismmd,robust,1,p0.6,spearman_alpha_delta,0.6953629758753774
E4,crisismmd,robust,1,p0.6,spearman_posthoc_delta,0.8591871918452773
E4,crisismmd,robust,1,p0.6,spearman_normshare_delta,0.3868650466349578
E4,crisismmd,robust,1,p0.6,spearman_alpha_tvc,0.7161855680647234
E4,crisismmd,robust,1,p0.6,spearman_alpha_tvs,-0.5421422364437992
E4,crisismmd,robust,1,p0.6,mean_tv_content,0.15257090558871308
E4,crisismmd,robust,1,p0.6,mean_tv_structure,0.5948938317605366
E4,crisismmd,robust,1,p0.6,flip_content,0.011764705882352941
E4,crisismmd,robust,1,p0.6,flip_structure,0.9352941176470588
E4,crisismmd,robust,1,p0.6,alpha_std,0.1829011643326948
E4,crisismmd,robust,1,p0.6,flip_content_T1,0.0058823529411764705
E4,crisismmd,robust,1,p0.6,flip_structure_T1,0.9352941176470588
E4,crisismmd,robust,1,p0.6,alpha_mean_T1,0.14999999999999997
E4,crisismmd,robust,1,p0.6,flip_content_T2,0.011764705882352941
E4,crisismmd,robust,1,p0.6,flip_structure_T2,0.9352941176470588
E4,crisismmd,robust,1,p0.6,alpha_mean_T2,0.14999999999999997
E4,crisismmd,robust,1,p0.6,flip_content_T3,0.01764705882352941
E4,crisismmd,robust,1,p0.6,flip_structure_T3,0.9352941176470588
E4,crisismmd,robust,1,p0.6,alpha_mean_T3,0.4361530725145308
E4,crisismmd,robust,1,p0.6,flag_consistency,1.0
E4,crisismmd,robust,1,p0.6|both,n_nodes,115
E4,crisismmd,robust,1,p0.6|both,mean_alpha,0.5730088898040891
E4,crisismmd,robust,1,p0.6|both,mean_confidence,0.6042984140058416
E4,crisismmd,robust,1,p0.6|both,frac_alpha_at_min,0.0
E4,crisismmd,robust,1,p0.6|both,flag_match,1.0
E4,crisismmd,robust,1,p0.6|text_only,n_nodes,192
E4,crisismmd,robust,1,p0.6|text_only,mean_alpha,0.14999999999999997
E4,crisismmd,robust,1,p0.6|text_only,mean_confidence,0.0
E4,crisismmd,robust,1,p0.6|text_only,frac_alpha_at_min,1.0
E4,crisismmd,robust,1,p0.6|text_only,flag_match,1.0
E4,crisismmd,robust,1,p0.6|image_only,n_nodes,203
E4,crisismmd,robust,1,p0.6|image_only,mean_alpha,0.14999999999999997
E4,crisismmd,robust,1,p0.6|image_only,mean_confidence,0.0
E4,crisismmd,robust,1,p0.6|image_only,frac_alpha_at_min,1.0
E4,crisismmd,robust,1,p0.6|image_only,flag_match,1.0
E4,crisismmd,robust,1,p0.6|none,n_nodes,290
E4,crisismmd,robust,1,p0.6|none,mean_alpha,0.15
E4,crisismmd,robust,1,p0.6|none,mean_confidence,0.0
E4,crisismmd,robust,1,p0.6|none,frac_alpha_at_min,1.0
E4,crisismmd,robust,1,p0.6|none,flag_match,1.0
_,crisismmd,robust,1,e4|crisismmd|robust|p0.6|1,_done,0.12
E4,crisismmd,robust,2,p0.6,recon_maxabs,0.0
E4,crisismmd,robust,2,p0.6,n_with_content,507
E4,crisismmd,robust,2,p0.6,n_nodes,800
E4,crisismmd,robust,2,p0.6,flip_content_mean,0.011834319526627219
E4,crisismmd,robust,2,p0.6,flip_structure_mean,0.9309664694280079
E4,crisismmd,robust,2,p0.6,spearman_alpha_delta_mean,0.6921088293820825
E4,crisismmd,robust,2,p0.6,spearman_alpha_delta,0.6927737825537671
E4,crisismmd,robust,2,p0.6,spearman_posthoc_delta,0.8685535489975487
E4,crisismmd,robust,2,p0.6,spearman_normshare_delta,0.38538393701265966
E4,crisismmd,robust,2,p0.6,spearman_alpha_tvc,0.6897771177548807
E4,crisismmd,robust,2,p0.6,spearman_alpha_tvs,-0.563951819931552
E4,crisismmd,robust,2,p0.6,mean_tv_content,0.14510604596334786
E4,crisismmd,robust,2,p0.6,mean_tv_structure,0.599584545668505
E4,crisismmd,robust,2,p0.6,flip_content,0.011834319526627219
E4,crisismmd,robust,2,p0.6,flip_structure,0.9309664694280079
E4,crisismmd,robust,2,p0.6,alpha_std,0.1817623945242248
E4,crisismmd,robust,2,p0.6,flip_content_T1,0.011834319526627219
E4,crisismmd,robust,2,p0.6,flip_structure_T1,0.9349112426035503
E4,crisismmd,robust,2,p0.6,alpha_mean_T1,0.14999999999999997
E4,crisismmd,robust,2,p0.6,flip_content_T2,0.005917159763313609
E4,crisismmd,robust,2,p0.6,flip_structure_T2,0.9230769230769231
E4,crisismmd,robust,2,p0.6,alpha_mean_T2,0.14999999999999997
E4,crisismmd,robust,2,p0.6,flip_content_T3,0.01775147928994083
E4,crisismmd,robust,2,p0.6,flip_structure_T3,0.9349112426035503
E4,crisismmd,robust,2,p0.6,alpha_mean_T3,0.4283199787618966
E4,crisismmd,robust,2,p0.6,flag_consistency,1.0
E4,crisismmd,robust,2,p0.6|both,n_nodes,112
E4,crisismmd,robust,2,p0.6|both,mean_alpha,0.5699649679532192
E4,crisismmd,robust,2,p0.6|both,mean_confidence,0.5999499542188845
E4,crisismmd,robust,2,p0.6|both,frac_alpha_at_min,0.0
E4,crisismmd,robust,2,p0.6|both,flag_match,1.0
E4,crisismmd,robust,2,p0.6|text_only,n_nodes,189
E4,crisismmd,robust,2,p0.6|text_only,mean_alpha,0.14999999999999997
E4,crisismmd,robust,2,p0.6|text_only,mean_confidence,0.0
E4,crisismmd,robust,2,p0.6|text_only,frac_alpha_at_min,1.0
E4,crisismmd,robust,2,p0.6|text_only,flag_match,1.0
E4,crisismmd,robust,2,p0.6|image_only,n_nodes,206
E4,crisismmd,robust,2,p0.6|image_only,mean_alpha,0.14999999999999997
E4,crisismmd,robust,2,p0.6|image_only,mean_confidence,0.0
E4,crisismmd,robust,2,p0.6|image_only,frac_alpha_at_min,1.0
E4,crisismmd,robust,2,p0.6|image_only,flag_match,1.0
E4,crisismmd,robust,2,p0.6|none,n_nodes,293
E4,crisismmd,robust,2,p0.6|none,mean_alpha,0.15000000000000002
E4,crisismmd,robust,2,p0.6|none,mean_confidence,0.0
E4,crisismmd,robust,2,p0.6|none,frac_alpha_at_min,1.0
E4,crisismmd,robust,2,p0.6|none,flag_match,1.0
_,crisismmd,robust,2,e4|crisismmd|robust|p0.6|2,_done,0.12
E4,crisismmd,robust,3,p0.6,recon_maxabs,0.0
E4,crisismmd,robust,3,p0.6,n_with_content,510
E4,crisismmd,robust,3,p0.6,n_nodes,800
E4,crisismmd,robust,3,p0.6,flip_content_mean,0.00980392156862745
E4,crisismmd,robust,3,p0.6,flip_structure_mean,0.9411764705882353
E4,crisismmd,robust,3,p0.6,spearman_alpha_delta_mean,0.7197817861830859
E4,crisismmd,robust,3,p0.6,spearman_alpha_delta,0.719980502230354
E4,crisismmd,robust,3,p0.6,spearman_posthoc_delta,0.8581523822490216
E4,crisismmd,robust,3,p0.6,spearman_normshare_delta,0.42968494123165324
E4,crisismmd,robust,3,p0.6,spearman_alpha_tvc,0.7225541319513756
E4,crisismmd,robust,3,p0.6,spearman_alpha_tvs,-0.6187235633436771
E4,crisismmd,robust,3,p0.6,mean_tv_content,0.15354986646944013
E4,crisismmd,robust,3,p0.6,mean_tv_structure,0.6063851414916438
E4,crisismmd,robust,3,p0.6,flip_content,0.00784313725490196
E4,crisismmd,robust,3,p0.6,flip_structure,0.9411764705882353
E4,crisismmd,robust,3,p0.6,alpha_std,0.18678215621673874
E4,crisismmd,robust,3,p0.6,flip_content_T1,0.0058823529411764705
E4,crisismmd,robust,3,p0.6,flip_structure_T1,0.9529411764705882
E4,crisismmd,robust,3,p0.6,alpha_mean_T1,0.14999999999999997
E4,crisismmd,robust,3,p0.6,flip_content_T2,0.0058823529411764705
E4,crisismmd,robust,3,p0.6,flip_structure_T2,0.9588235294117647
E4,crisismmd,robust,3,p0.6,alpha_mean_T2,0.14999999999999997
E4,crisismmd,robust,3,p0.6,flip_content_T3,0.011764705882352941
E4,crisismmd,robust,3,p0.6,flip_structure_T3,0.9117647058823529
E4,crisismmd,robust,3,p0.6,alpha_mean_T3,0.45373236929104455
E4,crisismmd,robust,3,p0.6,flag_consistency,1.0
E4,crisismmd,robust,3,p0.6|both,n_nodes,126
E4,crisismmd,robust,3,p0.6|both,mean_alpha,0.5597976411069651
E4,crisismmd,robust,3,p0.6|both,mean_confidence,0.5854252015813785
E4,crisismmd,robust,3,p0.6|both,frac_alpha_at_min,0.0
E4,crisismmd,robust,3,p0.6|both,flag_match,1.0
E4,crisismmd,robust,3,p0.6|text_only,n_nodes,187
E4,crisismmd,robust,3,p0.6|text_only,mean_alpha,0.15
E4,crisismmd,robust,3,p0.6|text_only,mean_confidence,0.0
E4,crisismmd,robust,3,p0.6|text_only,frac_alpha_at_min,1.0
E4,crisismmd,robust,3,p0.6|text_only,flag_match,1.0
E4,crisismmd,robust,3,p0.6|image_only,n_nodes,197
E4,crisismmd,robust,3,p0.6|image_only,mean_alpha,0.15
E4,crisismmd,robust,3,p0.6|image_only,mean_confidence,0.0
E4,crisismmd,robust,3,p0.6|image_only,frac_alpha_at_min,1.0
E4,crisismmd,robust,3,p0.6|image_only,flag_match,1.0
E4,crisismmd,robust,3,p0.6|none,n_nodes,290
E4,crisismmd,robust,3,p0.6|none,mean_alpha,0.15
E4,crisismmd,robust,3,p0.6|none,mean_confidence,0.0
E4,crisismmd,robust,3,p0.6|none,frac_alpha_at_min,1.0
E4,crisismmd,robust,3,p0.6|none,flag_match,1.0
_,crisismmd,robust,3,e4|crisismmd|robust|p0.6|3,_done,0.14
E4,crisismmd,robust,4,p0.6,recon_maxabs,0.0
E4,crisismmd,robust,4,p0.6,n_with_content,525
E4,crisismmd,robust,4,p0.6,n_nodes,800
E4,crisismmd,robust,4,p0.6,flip_content_mean,0.0038095238095238095
E4,crisismmd,robust,4,p0.6,flip_structure_mean,0.9752380952380952
E4,crisismmd,robust,4,p0.6,spearman_alpha_delta_mean,0.7175159965705749
E4,crisismmd,robust,4,p0.6,spearman_alpha_delta,0.7183023603451961
E4,crisismmd,robust,4,p0.6,spearman_posthoc_delta,0.8632799134224265
E4,crisismmd,robust,4,p0.6,spearman_normshare_delta,0.39121867886271566
E4,crisismmd,robust,4,p0.6,spearman_alpha_tvc,0.7285630112156004
E4,crisismmd,robust,4,p0.6,spearman_alpha_tvs,-0.6267584680810427
E4,crisismmd,robust,4,p0.6,mean_tv_content,0.15295259955248927
E4,crisismmd,robust,4,p0.6,mean_tv_structure,0.6015949183395958
E4,crisismmd,robust,4,p0.6,flip_content,0.0038095238095238095
E4,crisismmd,robust,4,p0.6,flip_structure,0.9752380952380952
E4,crisismmd,robust,4,p0.6,alpha_std,0.18591105530035298
E4,crisismmd,robust,4,p0.6,flip_content_T1,0.005714285714285714
E4,crisismmd,robust,4,p0.6,flip_structure_T1,0.9828571428571429
E4,crisismmd,robust,4,p0.6,alpha_mean_T1,0.15
E4,crisismmd,robust,4,p0.6,flip_content_T2,0.005714285714285714
E4,crisismmd,robust,4,p0.6,flip_structure_T2,0.9714285714285714
E4,crisismmd,robust,4,p0.6,alpha_mean_T2,0.15
E4,crisismmd,robust,4,p0.6,flip_content_T3,0.0
E4,crisismmd,robust,4,p0.6,flip_structure_T3,0.9714285714285714
E4,crisismmd,robust,4,p0.6,alpha_mean_T3,0.44786426787273886
E4,crisismmd,robust,4,p0.6,flag_consistency,1.0
E4,crisismmd,robust,4,p0.6|both,n_nodes,125
E4,crisismmd,robust,4,p0.6|both,mean_alpha,0.5670099750218344
E4,crisismmd,robust,4,p0.6|both,mean_confidence,0.5957285357454779
E4,crisismmd,robust,4,p0.6|both,frac_alpha_at_min,0.0
E4,crisismmd,robust,4,p0.6|both,flag_match,1.0
E4,crisismmd,robust,4,p0.6|text_only,n_nodes,202
E4,crisismmd,robust,4,p0.6|text_only,mean_alpha,0.14999999999999997
E4,crisismmd,robust,4,p0.6|text_only,mean_confidence,0.0
E4,crisismmd,robust,4,p0.6|text_only,frac_alpha_at_min,1.0
E4,crisismmd,robust,4,p0.6|text_only,flag_match,1.0
E4,crisismmd,robust,4,p0.6|image_only,n_nodes,198
E4,crisismmd,robust,4,p0.6|image_only,mean_alpha,0.14999999999999997
E4,crisismmd,robust,4,p0.6|image_only,mean_confidence,0.0
E4,crisismmd,robust,4,p0.6|image_only,frac_alpha_at_min,1.0
E4,crisismmd,robust,4,p0.6|image_only,flag_match,1.0
E4,crisismmd,robust,4,p0.6|none,n_nodes,275
E4,crisismmd,robust,4,p0.6|none,mean_alpha,0.15
E4,crisismmd,robust,4,p0.6|none,mean_confidence,0.0
E4,crisismmd,robust,4,p0.6|none,frac_alpha_at_min,1.0
E4,crisismmd,robust,4,p0.6|none,flag_match,1.0
_,crisismmd,robust,4,e4|crisismmd|robust|p0.6|4,_done,0.16
E4,crisismmd,robust,4,p0.2,recon_maxabs,0.0
E4,crisismmd,robust,4,p0.2,n_with_content,775
E4,crisismmd,robust,4,p0.2,n_nodes,800
E4,crisismmd,robust,4,p0.2,flip_content_mean,0.07741935483870968
E4,crisismmd,robust,4,p0.2,flip_structure_mean,0.8232258064516129
E4,crisismmd,robust,4,p0.2,spearman_alpha_delta_mean,0.8040520688528805
E4,crisismmd,robust,4,p0.2,spearman_alpha_delta,0.8045689332077853
E4,crisismmd,robust,4,p0.2,spearman_posthoc_delta,0.42204064070272806
E4,crisismmd,robust,4,p0.2,spearman_normshare_delta,0.7726968340023149
E4,crisismmd,robust,4,p0.2,spearman_alpha_tvc,0.4729886502359373
E4,crisismmd,robust,4,p0.2,spearman_alpha_tvs,-0.5999778403871773
E4,crisismmd,robust,4,p0.2,mean_tv_content,0.22961674421523318
E4,crisismmd,robust,4,p0.2,mean_tv_structure,0.34895100393663186
E4,crisismmd,robust,4,p0.2,flip_content,0.06838709677419355
E4,crisismmd,robust,4,p0.2,flip_structure,0.8180645161290323
E4,crisismmd,robust,4,p0.2,alpha_std,0.22186638392344013
E4,crisismmd,robust,4,p0.2,flip_content_T1,0.03088803088803089
E4,crisismmd,robust,4,p0.2,flip_structure_T1,0.8416988416988417
E4,crisismmd,robust,4,p0.2,alpha_mean_T1,0.15734741218690804
E4,crisismmd,robust,4,p0.2,flip_content_T2,0.046511627906976744
E4,crisismmd,robust,4,p0.2,flip_structure_T2,0.8682170542635659
E4,crisismmd,robust,4,p0.2,alpha_mean_T2,0.5542755265727689
E4,crisismmd,robust,4,p0.2,flip_content_T3,0.12790697674418605
E4,crisismmd,robust,4,p0.2,flip_structure_T3,0.7441860465116279
E4,crisismmd,robust,4,p0.2,alpha_mean_T3,0.6598042332435693
E4,crisismmd,robust,4,p0.2,flag_consistency,1.0
E4,crisismmd,robust,4,p0.2|both,n_nodes,531
E4,crisismmd,robust,4,p0.2|both,mean_alpha,0.5977129148569199
E4,crisismmd,robust,4,p0.2|both,mean_confidence,0.6395898783670284
E4,crisismmd,robust,4,p0.2|both,frac_alpha_at_min,0.0
E4,crisismmd,robust,4,p0.2|both,flag_match,1.0
E4,crisismmd,robust,4,p0.2|text_only,n_nodes,126
E4,crisismmd,robust,4,p0.2|text_only,mean_alpha,0.1499999999999999
E4,crisismmd,robust,4,p0.2|text_only,mean_confidence,0.0
E4,crisismmd,robust,4,p0.2|text_only,frac_alpha_at_min,1.0
E4,crisismmd,robust,4,p0.2|text_only,flag_match,1.0
E4,crisismmd,robust,4,p0.2|image_only,n_nodes,118
E4,crisismmd,robust,4,p0.2|image_only,mean_alpha,0.1499999999999999
E4,crisismmd,robust,4,p0.2|image_only,mean_confidence,0.0
E4,crisismmd,robust,4,p0.2|image_only,frac_alpha_at_min,1.0
E4,crisismmd,robust,4,p0.2|image_only,flag_match,1.0
E4,crisismmd,robust,4,p0.2|none,n_nodes,25
E4,crisismmd,robust,4,p0.2|none,mean_alpha,0.15
E4,crisismmd,robust,4,p0.2|none,mean_confidence,0.0
E4,crisismmd,robust,4,p0.2|none,frac_alpha_at_min,1.0
E4,crisismmd,robust,4,p0.2|none,flag_match,1.0
_,crisismmd,robust,4,e4|crisismmd|robust|p0.2|4,_done,0.47
E4,fakeddit_real_lcc,default,0,p0.2,recon_maxabs,4.440892098500626e-16
E4,fakeddit_real_lcc,default,0,p0.2,n_with_content,562
E4,fakeddit_real_lcc,default,0,p0.2,n_nodes,592
E4,fakeddit_real_lcc,default,0,p0.2,flip_content_mean,0.019572953736654804
E4,fakeddit_real_lcc,default,0,p0.2,flip_structure_mean,0.7704626334519573
E4,fakeddit_real_lcc,default,0,p0.2,spearman_alpha_delta_mean,0.8745342317543714
E4,fakeddit_real_lcc,default,0,p0.2,spearman_alpha_delta,0.890962679676139
E4,fakeddit_real_lcc,default,0,p0.2,spearman_posthoc_delta,0.42194136541540844
E4,fakeddit_real_lcc,default,0,p0.2,spearman_normshare_delta,0.8764270660273641
E4,fakeddit_real_lcc,default,0,p0.2,spearman_alpha_tvc,0.8741769464456056
E4,fakeddit_real_lcc,default,0,p0.2,spearman_alpha_tvs,-0.6660475516454084
E4,fakeddit_real_lcc,default,0,p0.2,mean_tv_content,0.23251574245968146
E4,fakeddit_real_lcc,default,0,p0.2,mean_tv_structure,0.49341647765982566
E4,fakeddit_real_lcc,default,0,p0.2,flip_content,0.019572953736654804
E4,fakeddit_real_lcc,default,0,p0.2,flip_structure,0.7455516014234875
E4,fakeddit_real_lcc,default,0,p0.2,alpha_std,0.22060804908073983
E4,fakeddit_real_lcc,default,0,p0.2,flip_content_T1,0.0
E4,fakeddit_real_lcc,default,0,p0.2,flip_structure_T1,0.8670212765957447
E4,fakeddit_real_lcc,default,0,p0.2,alpha_mean_T1,0.15227072062212998
E4,fakeddit_real_lcc,default,0,p0.2,flip_content_T2,0.016042780748663103
E4,fakeddit_real_lcc,default,0,p0.2,flip_structure_T2,0.6256684491978609
E4,fakeddit_real_lcc,default,0,p0.2,alpha_mean_T2,0.5097845038630306
E4,fakeddit_real_lcc,default,0,p0.2,flip_content_T3,0.0427807486631016
E4,fakeddit_real_lcc,default,0,p0.2,flip_structure_T3,0.7433155080213903
E4,fakeddit_real_lcc,default,0,p0.2,alpha_mean_T3,0.6553516217723344
E4,fakeddit_real_lcc,default,0,p0.2,flag_consistency,1.0
E4,fakeddit_real_lcc,default,0,p0.2|both,n_nodes,380
E4,fakeddit_real_lcc,default,0,p0.2|both,mean_alpha,0.5768614499230889
E4,fakeddit_real_lcc,default,0,p0.2|both,mean_confidence,0.6098020713186982
E4,fakeddit_real_lcc,default,0,p0.2|both,frac_alpha_at_min,0.0
E4,fakeddit_real_lcc,default,0,p0.2|both,flag_match,1.0
E4,fakeddit_real_lcc,default,0,p0.2|text_only,n_nodes,89
E4,fakeddit_real_lcc,default,0,p0.2|text_only,mean_alpha,0.14999999999999997
E4,fakeddit_real_lcc,default,0,p0.2|text_only,mean_confidence,0.0
E4,fakeddit_real_lcc,default,0,p0.2|text_only,frac_alpha_at_min,1.0
E4,fakeddit_real_lcc,default,0,p0.2|text_only,flag_match,1.0
E4,fakeddit_real_lcc,default,0,p0.2|image_only,n_nodes,93
E4,fakeddit_real_lcc,default,0,p0.2|image_only,mean_alpha,0.15
E4,fakeddit_real_lcc,default,0,p0.2|image_only,mean_confidence,0.0
E4,fakeddit_real_lcc,default,0,p0.2|image_only,frac_alpha_at_min,1.0
E4,fakeddit_real_lcc,default,0,p0.2|image_only,flag_match,1.0
E4,fakeddit_real_lcc,default,0,p0.2|none,n_nodes,30
E4,fakeddit_real_lcc,default,0,p0.2|none,mean_alpha,0.15000000000000002
E4,fakeddit_real_lcc,default,0,p0.2|none,mean_confidence,0.0
E4,fakeddit_real_lcc,default,0,p0.2|none,frac_alpha_at_min,1.0
E4,fakeddit_real_lcc,default,0,p0.2|none,flag_match,1.0
_,fakeddit_real_lcc,default,0,e4|fakeddit_real_lcc|default|p0.2|0,_done,0.28
E4,fakeddit_real_lcc,default,2,p0.2,recon_maxabs,4.440892098500626e-16
E4,fakeddit_real_lcc,default,2,p0.2,n_with_content,568
E4,fakeddit_real_lcc,default,2,p0.2,n_nodes,592
E4,fakeddit_real_lcc,default,2,p0.2,flip_content_mean,0.03697183098591549
E4,fakeddit_real_lcc,default,2,p0.2,flip_structure_mean,0.5721830985915493
E4,fakeddit_real_lcc,default,2,p0.2,spearman_alpha_delta_mean,0.8724440260319968
E4,fakeddit_real_lcc,default,2,p0.2,spearman_alpha_delta,0.8940980028760025
E4,fakeddit_real_lcc,default,2,p0.2,spearman_posthoc_delta,0.5604041107170962
E4,fakeddit_real_lcc,default,2,p0.2,spearman_normshare_delta,0.8819611913955442
E4,fakeddit_real_lcc,default,2,p0.2,spearman_alpha_tvc,0.8617028159797682
E4,fakeddit_real_lcc,default,2,p0.2,spearman_alpha_tvs,-0.7653369539891132
E4,fakeddit_real_lcc,default,2,p0.2,mean_tv_content,0.2037351093080228
E4,fakeddit_real_lcc,default,2,p0.2,mean_tv_structure,0.5222417398826364
E4,fakeddit_real_lcc,default,2,p0.2,flip_content,0.03697183098591549
E4,fakeddit_real_lcc,default,2,p0.2,flip_structure,0.7869718309859155
E4,fakeddit_real_lcc,default,2,p0.2,alpha_std,0.22509301355643413
E4,fakeddit_real_lcc,default,2,p0.2,flip_content_T1,0.0
E4,fakeddit_real_lcc,default,2,p0.2,flip_structure_T1,0.8736842105263158
E4,fakeddit_real_lcc,default,2,p0.2,alpha_mean_T1,0.15
E4,fakeddit_real_lcc,default,2,p0.2,flip_content_T2,0.037037037037037035
E4,fakeddit_real_lcc,default,2,p0.2,flip_structure_T2,0.8201058201058201
E4,fakeddit_real_lcc,default,2,p0.2,alpha_mean_T2,0.4622641318160835
E4,fakeddit_real_lcc,default,2,p0.2,flip_content_T3,0.07407407407407407
E4,fakeddit_real_lcc,default,2,p0.2,flip_structure_T3,0.6666666666666666
E4,fakeddit_real_lcc,default,2,p0.2,alpha_mean_T3,0.6547813378002975
E4,fakeddit_real_lcc,default,2,p0.2,flag_consistency,1.0
E4,fakeddit_real_lcc,default,2,p0.2|both,n_nodes,366
E4,fakeddit_real_lcc,default,2,p0.2|both,mean_alpha,0.5719169228346886
E4,fakeddit_real_lcc,default,2,p0.2|both,mean_confidence,0.6027384611924123
E4,fakeddit_real_lcc,default,2,p0.2|both,frac_alpha_at_min,0.0
E4,fakeddit_real_lcc,default,2,p0.2|both,flag_match,1.0
E4,fakeddit_real_lcc,default,2,p0.2|text_only,n_nodes,101
E4,fakeddit_real_lcc,default,2,p0.2|text_only,mean_alpha,0.15
E4,fakeddit_real_lcc,default,2,p0.2|text_only,mean_confidence,0.0
E4,fakeddit_real_lcc,default,2,p0.2|text_only,frac_alpha_at_min,1.0
E4,fakeddit_real_lcc,default,2,p0.2|text_only,flag_match,1.0
E4,fakeddit_real_lcc,default,2,p0.2|image_only,n_nodes,101
E4,fakeddit_real_lcc,default,2,p0.2|image_only,mean_alpha,0.15
E4,fakeddit_real_lcc,default,2,p0.2|image_only,mean_confidence,0.0
E4,fakeddit_real_lcc,default,2,p0.2|image_only,frac_alpha_at_min,1.0
E4,fakeddit_real_lcc,default,2,p0.2|image_only,flag_match,1.0
E4,fakeddit_real_lcc,default,2,p0.2|none,n_nodes,24
E4,fakeddit_real_lcc,default,2,p0.2|none,mean_alpha,0.15
E4,fakeddit_real_lcc,default,2,p0.2|none,mean_confidence,0.0
E4,fakeddit_real_lcc,default,2,p0.2|none,frac_alpha_at_min,1.0
E4,fakeddit_real_lcc,default,2,p0.2|none,flag_match,1.0
_,fakeddit_real_lcc,default,2,e4|fakeddit_real_lcc|default|p0.2|2,_done,0.24
E4,fakeddit_real_lcc,default,1,p0.2,recon_maxabs,4.440892098500626e-16
E4,fakeddit_real_lcc,default,1,p0.2,n_with_content,573
E4,fakeddit_real_lcc,default,1,p0.2,n_nodes,592
E4,fakeddit_real_lcc,default,1,p0.2,flip_content_mean,0.017452006980802792
E4,fakeddit_real_lcc,default,1,p0.2,flip_structure_mean,0.8115183246073299
E4,fakeddit_real_lcc,default,1,p0.2,spearman_alpha_delta_mean,0.8836266531488666
E4,fakeddit_real_lcc,default,1,p0.2,spearman_alpha_delta,0.8962894257316915
E4,fakeddit_real_lcc,default,1,p0.2,spearman_posthoc_delta,0.5552413841613064
E4,fakeddit_real_lcc,default,1,p0.2,spearman_normshare_delta,0.8860192109670454
E4,fakeddit_real_lcc,default,1,p0.2,spearman_alpha_tvc,0.8761135950618278
E4,fakeddit_real_lcc,default,1,p0.2,spearman_alpha_tvs,-0.6870326792173675
E4,fakeddit_real_lcc,default,1,p0.2,mean_tv_content,0.2350498046304311
E4,fakeddit_real_lcc,default,1,p0.2,mean_tv_structure,0.500409664906671
E4,fakeddit_real_lcc,default,1,p0.2,flip_content,0.017452006980802792
E4,fakeddit_real_lcc,default,1,p0.2,flip_structure,0.7853403141361257
E4,fakeddit_real_lcc,default,1,p0.2,alpha_std,0.22412404386325754
E4,fakeddit_real_lcc,default,1,p0.2,flip_content_T1,0.0
E4,fakeddit_real_lcc,default,1,p0.2,flip_structure_T1,0.8691099476439791
E4,fakeddit_real_lcc,default,1,p0.2,alpha_mean_T1,0.15
E4,fakeddit_real_lcc,default,1,p0.2,flip_content_T2,0.010471204188481676
E4,fakeddit_real_lcc,default,1,p0.2,flip_structure_T2,0.7486910994764397
E4,fakeddit_real_lcc,default,1,p0.2,alpha_mean_T2,0.48853469020746787
E4,fakeddit_real_lcc,default,1,p0.2,flip_content_T3,0.041884816753926704
E4,fakeddit_real_lcc,default,1,p0.2,flip_structure_T3,0.7382198952879581
E4,fakeddit_real_lcc,default,1,p0.2,alpha_mean_T3,0.6571353208560906
E4,fakeddit_real_lcc,default,1,p0.2,flag_consistency,1.0
E4,fakeddit_real_lcc,default,1,p0.2|both,n_nodes,380
E4,fakeddit_real_lcc,default,1,p0.2|both,mean_alpha,0.5750604529293148
E4,fakeddit_real_lcc,default,1,p0.2|both,mean_confidence,0.6072292184704499
E4,fakeddit_real_lcc,default,1,p0.2|both,frac_alpha_at_min,0.0
E4,fakeddit_real_lcc,default,1,p0.2|both,flag_match,1.0
E4,fakeddit_real_lcc,default,1,p0.2|text_only,n_nodes,97
E4,fakeddit_real_lcc,default,1,p0.2|text_only,mean_alpha,0.14999999999999997
E4,fakeddit_real_lcc,default,1,p0.2|text_only,mean_confidence,0.0
E4,fakeddit_real_lcc,default,1,p0.2|text_only,frac_alpha_at_min,1.0
E4,fakeddit_real_lcc,default,1,p0.2|text_only,flag_match,1.0
E4,fakeddit_real_lcc,default,1,p0.2|image_only,n_nodes,96
E4,fakeddit_real_lcc,default,1,p0.2|image_only,mean_alpha,0.14999999999999997
E4,fakeddit_real_lcc,default,1,p0.2|image_only,mean_confidence,0.0
E4,fakeddit_real_lcc,default,1,p0.2|image_only,frac_alpha_at_min,1.0
E4,fakeddit_real_lcc,default,1,p0.2|image_only,flag_match,1.0
E4,fakeddit_real_lcc,default,1,p0.2|none,n_nodes,19
E4,fakeddit_real_lcc,default,1,p0.2|none,mean_alpha,0.15
E4,fakeddit_real_lcc,default,1,p0.2|none,mean_confidence,0.0
E4,fakeddit_real_lcc,default,1,p0.2|none,frac_alpha_at_min,1.0
E4,fakeddit_real_lcc,default,1,p0.2|none,flag_match,1.0
_,fakeddit_real_lcc,default,1,e4|fakeddit_real_lcc|default|p0.2|1,_done,0.31
E4,fakeddit_real_lcc,default,0,p0.6,recon_maxabs,5.551115123125783e-16
E4,fakeddit_real_lcc,default,0,p0.6,n_with_content,351
E4,fakeddit_real_lcc,default,0,p0.6,n_nodes,592
E4,fakeddit_real_lcc,default,0,p0.6,flip_content_mean,0.005698005698005698
E4,fakeddit_real_lcc,default,0,p0.6,flip_structure_mean,0.6182336182336182
E4,fakeddit_real_lcc,default,0,p0.6,spearman_alpha_delta_mean,0.6129858307794162
E4,fakeddit_real_lcc,default,0,p0.6,spearman_alpha_delta,0.6575123118277123
E4,fakeddit_real_lcc,default,0,p0.6,spearman_posthoc_delta,0.43492186650432746
E4,fakeddit_real_lcc,default,0,p0.6,spearman_normshare_delta,0.5544507032800121
E4,fakeddit_real_lcc,default,0,p0.6,spearman_alpha_tvc,0.7602986154090603
E4,fakeddit_real_lcc,default,0,p0.6,spearman_alpha_tvs,-0.5465548557561979
E4,fakeddit_real_lcc,default,0,p0.6,mean_tv_content,0.06356163243888634
E4,fakeddit_real_lcc,default,0,p0.6,mean_tv_structure,0.6747100942506367
E4,fakeddit_real_lcc,default,0,p0.6,flip_content,0.005698005698005698
E4,fakeddit_real_lcc,default,0,p0.6,flip_structure,0.8148148148148148
E4,fakeddit_real_lcc,default,0,p0.6,alpha_std,0.17171305038379245
E4,fakeddit_real_lcc,default,0,p0.6,flip_content_T1,0.0
E4,fakeddit_real_lcc,default,0,p0.6,flip_structure_T1,0.8461538461538461
E4,fakeddit_real_lcc,default,0,p0.6,alpha_mean_T1,0.1499999999999999
E4,fakeddit_real_lcc,default,0,p0.6,flip_content_T2,0.0
E4,fakeddit_real_lcc,default,0,p0.6,flip_structure_T2,0.7948717948717948
E4,fakeddit_real_lcc,default,0,p0.6,alpha_mean_T2,0.1499999999999999
E4,fakeddit_real_lcc,default,0,p0.6,flip_content_T3,0.017094017094017096
E4,fakeddit_real_lcc,default,0,p0.6,flip_structure_T3,0.8034188034188035
E4,fakeddit_real_lcc,default,0,p0.6,alpha_mean_T3,0.4224848582657651
E4,fakeddit_real_lcc,default,0,p0.6,flag_consistency,1.0
E4,fakeddit_real_lcc,default,0,p0.6|both,n_nodes,89
E4,fakeddit_real_lcc,default,0,p0.6|both,mean_alpha,0.5082104316527474
E4,fakeddit_real_lcc,default,0,p0.6|both,mean_confidence,0.5117291880753534
E4,fakeddit_real_lcc,default,0,p0.6|both,frac_alpha_at_min,0.0
E4,fakeddit_real_lcc,default,0,p0.6|both,flag_match,1.0
E4,fakeddit_real_lcc,default,0,p0.6|text_only,n_nodes,145
E4,fakeddit_real_lcc,default,0,p0.6|text_only,mean_alpha,0.15
E4,fakeddit_real_lcc,default,0,p0.6|text_only,mean_confidence,0.0
E4,fakeddit_real_lcc,default,0,p0.6|text_only,frac_alpha_at_min,1.0
E4,fakeddit_real_lcc,default,0,p0.6|text_only,flag_match,1.0
E4,fakeddit_real_lcc,default,0,p0.6|image_only,n_nodes,117
E4,fakeddit_real_lcc,default,0,p0.6|image_only,mean_alpha,0.1499999999999999
E4,fakeddit_real_lcc,default,0,p0.6|image_only,mean_confidence,0.0
E4,fakeddit_real_lcc,default,0,p0.6|image_only,frac_alpha_at_min,1.0
E4,fakeddit_real_lcc,default,0,p0.6|image_only,flag_match,1.0
E4,fakeddit_real_lcc,default,0,p0.6|none,n_nodes,241
E4,fakeddit_real_lcc,default,0,p0.6|none,mean_alpha,0.14999999999999997
E4,fakeddit_real_lcc,default,0,p0.6|none,mean_confidence,0.0
E4,fakeddit_real_lcc,default,0,p0.6|none,frac_alpha_at_min,1.0
E4,fakeddit_real_lcc,default,0,p0.6|none,flag_match,1.0
_,fakeddit_real_lcc,default,0,e4|fakeddit_real_lcc|default|p0.6|0,_done,0.06
E4,fakeddit_real_lcc,default,3,p0.2,recon_maxabs,3.3306690738754696e-16
E4,fakeddit_real_lcc,default,3,p0.2,n_with_content,556
E4,fakeddit_real_lcc,default,3,p0.2,n_nodes,592
E4,fakeddit_real_lcc,default,3,p0.2,flip_content_mean,0.04136690647482014
E4,fakeddit_real_lcc,default,3,p0.2,flip_structure_mean,0.6115107913669064
E4,fakeddit_real_lcc,default,3,p0.2,spearman_alpha_delta_mean,0.8558396649187396
E4,fakeddit_real_lcc,default,3,p0.2,spearman_alpha_delta,0.8811573658906927
E4,fakeddit_real_lcc,default,3,p0.2,spearman_posthoc_delta,0.5338447512047977
E4,fakeddit_real_lcc,default,3,p0.2,spearman_normshare_delta,0.8673547192242959
E4,fakeddit_real_lcc,default,3,p0.2,spearman_alpha_tvc,0.8414936548221722
E4,fakeddit_real_lcc,default,3,p0.2,spearman_alpha_tvs,-0.7223321966052464
E4,fakeddit_real_lcc,default,3,p0.2,mean_tv_content,0.22465114491791624
E4,fakeddit_real_lcc,default,3,p0.2,mean_tv_structure,0.502154019476542
E4,fakeddit_real_lcc,default,3,p0.2,flip_content,0.04316546762589928
E4,fakeddit_real_lcc,default,3,p0.2,flip_structure,0.8165467625899281
E4,fakeddit_real_lcc,default,3,p0.2,alpha_std,0.2219051195157513
E4,fakeddit_real_lcc,default,3,p0.2,flip_content_T1,0.016129032258064516
E4,fakeddit_real_lcc,default,3,p0.2,flip_structure_T1,0.8924731182795699
E4,fakeddit_real_lcc,default,3,p0.2,alpha_mean_T1,0.15158404535124628
E4,fakeddit_real_lcc,default,3,p0.2,flip_content_T2,0.05405405405405406
E4,fakeddit_real_lcc,default,3,p0.2,flip_structure_T2,0.7567567567567568
E4,fakeddit_real_lcc,default,3,p0.2,alpha_mean_T2,0.508584616155958
E4,fakeddit_real_lcc,default,3,p0.2,flip_content_T3,0.05945945945945946
E4,fakeddit_real_lcc,default,3,p0.2,flip_structure_T3,0.8
E4,fakeddit_real_lcc,default,3,p0.2,alpha_mean_T3,0.6548687233470766
E4,fakeddit_real_lcc,default,3,p0.2,flag_consistency,1.0
E4,fakeddit_real_lcc,default,3,p0.2|both,n_nodes,374
E4,fakeddit_real_lcc,default,3,p0.2|both,mean_alpha,0.5778970594743134
E4,fakeddit_real_lcc,default,3,p0.2|both,mean_confidence,0.6112815135347334
E4,fakeddit_real_lcc,default,3,p0.2|both,frac_alpha_at_min,0.0
E4,fakeddit_real_lcc,default,3,p0.2|both,flag_match,1.0
E4,fakeddit_real_lcc,default,3,p0.2|text_only,n_nodes,94
E4,fakeddit_real_lcc,default,3,p0.2|text_only,mean_alpha,0.15
E4,fakeddit_real_lcc,default,3,p0.2|text_only,mean_confidence,0.0
E4,fakeddit_real_lcc,default,3,p0.2|text_only,frac_alpha_at_min,1.0
E4,fakeddit_real_lcc,default,3,p0.2|text_only,flag_match,1.0
E4,fakeddit_real_lcc,default,3,p0.2|image_only,n_nodes,88
E4,fakeddit_real_lcc,default,3,p0.2|image_only,mean_alpha,0.14999999999999997
E4,fakeddit_real_lcc,default,3,p0.2|image_only,mean_confidence,0.0
E4,fakeddit_real_lcc,default,3,p0.2|image_only,frac_alpha_at_min,1.0
E4,fakeddit_real_lcc,default,3,p0.2|image_only,flag_match,1.0
E4,fakeddit_real_lcc,default,3,p0.2|none,n_nodes,36
E4,fakeddit_real_lcc,default,3,p0.2|none,mean_alpha,0.15000000000000002
E4,fakeddit_real_lcc,default,3,p0.2|none,mean_confidence,0.0
E4,fakeddit_real_lcc,default,3,p0.2|none,frac_alpha_at_min,1.0
E4,fakeddit_real_lcc,default,3,p0.2|none,flag_match,1.0
_,fakeddit_real_lcc,default,3,e4|fakeddit_real_lcc|default|p0.2|3,_done,0.23
E4,fakeddit_real_lcc,default,1,p0.6,recon_maxabs,4.440892098500626e-16
E4,fakeddit_real_lcc,default,1,p0.6,n_with_content,363
E4,fakeddit_real_lcc,default,1,p0.6,n_nodes,592
E4,fakeddit_real_lcc,default,1,p0.6,flip_content_mean,0.0
E4,fakeddit_real_lcc,default,1,p0.6,flip_structure_mean,0.6253443526170799
E4,fakeddit_real_lcc,default,1,p0.6,spearman_alpha_delta_mean,0.6484726122032789
E4,fakeddit_real_lcc,default,1,p0.6,spearman_alpha_delta,0.6359276837650988
E4,fakeddit_real_lcc,default,1,p0.6,spearman_posthoc_delta,0.5086587440667931
E4,fakeddit_real_lcc,default,1,p0.6,spearman_normshare_delta,0.48611392830108613
E4,fakeddit_real_lcc,default,1,p0.6,spearman_alpha_tvc,0.7598921920547335
E4,fakeddit_real_lcc,default,1,p0.6,spearman_alpha_tvs,-0.508732990044566
E4,fakeddit_real_lcc,default,1,p0.6,mean_tv_content,0.062293695888540335
E4,fakeddit_real_lcc,default,1,p0.6,mean_tv_structure,0.6420205947989799
E4,fakeddit_real_lcc,default,1,p0.6,flip_content,0.0
E4,fakeddit_real_lcc,default,1,p0.6,flip_structure,0.8071625344352618
E4,fakeddit_real_lcc,default,1,p0.6,alpha_std,0.1730426367470556
E4,fakeddit_real_lcc,default,1,p0.6,flip_content_T1,0.0
E4,fakeddit_real_lcc,default,1,p0.6,flip_structure_T1,0.7933884297520661
E4,fakeddit_real_lcc,default,1,p0.6,alpha_mean_T1,0.14999999999999997
E4,fakeddit_real_lcc,default,1,p0.6,flip_content_T2,0.0
E4,fakeddit_real_lcc,default,1,p0.6,flip_structure_T2,0.8264462809917356
E4,fakeddit_real_lcc,default,1,p0.6,alpha_mean_T2,0.14999999999999997
E4,fakeddit_real_lcc,default,1,p0.6,flip_content_T3,0.0
E4,fakeddit_real_lcc,default,1,p0.6,flip_structure_T3,0.8016528925619835
E4,fakeddit_real_lcc,default,1,p0.6,alpha_mean_T3,0.4334401911618602
E4,fakeddit_real_lcc,default,1,p0.6,flag_consistency,1.0
E4,fakeddit_real_lcc,default,1,p0.6|both,n_nodes,93
E4,fakeddit_real_lcc,default,1,p0.6|both,mean_alpha,0.5187770229095172
E4,fakeddit_real_lcc,default,1,p0.6|both,mean_confidence,0.5268243184421673
E4,fakeddit_real_lcc,default,1,p0.6|both,frac_alpha_at_min,0.0
E4,fakeddit_real_lcc,default,1,p0.6|both,flag_match,1.0
E4,fakeddit_real_lcc,default,1,p0.6|text_only,n_nodes,130
E4,fakeddit_real_lcc,default,1,p0.6|text_only,mean_alpha,0.15
E4,fakeddit_real_lcc,default,1,p0.6|text_only,mean_confidence,0.0
E4,fakeddit_real_lcc,default,1,p0.6|text_only,frac_alpha_at_min,1.0
E4,fakeddit_real_lcc,default,1,p0.6|text_only,flag_match,1.0
E4,fakeddit_real_lcc,default,1,p0.6|image_only,n_nodes,140
E4,fakeddit_real_lcc,default,1,p0.6|image_only,mean_alpha,0.15
E4,fakeddit_real_lcc,default,1,p0.6|image_only,mean_confidence,0.0
E4,fakeddit_real_lcc,default,1,p0.6|image_only,frac_alpha_at_min,1.0
E4,fakeddit_real_lcc,default,1,p0.6|image_only,flag_match,1.0
E4,fakeddit_real_lcc,default,1,p0.6|none,n_nodes,229
E4,fakeddit_real_lcc,default,1,p0.6|none,mean_alpha,0.14999999999999994
E4,fakeddit_real_lcc,default,1,p0.6|none,mean_confidence,0.0
E4,fakeddit_real_lcc,default,1,p0.6|none,frac_alpha_at_min,1.0
E4,fakeddit_real_lcc,default,1,p0.6|none,flag_match,1.0
_,fakeddit_real_lcc,default,1,e4|fakeddit_real_lcc|default|p0.6|1,_done,0.06
E4,fakeddit_real_lcc,default,2,p0.6,recon_maxabs,7.771561172376096e-16
E4,fakeddit_real_lcc,default,2,p0.6,n_with_content,371
E4,fakeddit_real_lcc,default,2,p0.6,n_nodes,592
E4,fakeddit_real_lcc,default,2,p0.6,flip_content_mean,0.0
E4,fakeddit_real_lcc,default,2,p0.6,flip_structure_mean,0.6172506738544474
E4,fakeddit_real_lcc,default,2,p0.6,spearman_alpha_delta_mean,0.5956501827353563
E4,fakeddit_real_lcc,default,2,p0.6,spearman_alpha_delta,0.6261451792027038
E4,fakeddit_real_lcc,default,2,p0.6,spearman_posthoc_delta,0.42235553971607215
E4,fakeddit_real_lcc,default,2,p0.6,spearman_normshare_delta,0.4590006023089243
E4,fakeddit_real_lcc,default,2,p0.6,spearman_alpha_tvc,0.7294394460165012
E4,fakeddit_real_lcc,default,2,p0.6,spearman_alpha_tvs,-0.5093173306664179
E4,fakeddit_real_lcc,default,2,p0.6,mean_tv_content,0.05620143173141198
E4,fakeddit_real_lcc,default,2,p0.6,mean_tv_structure,0.6668829510033948
E4,fakeddit_real_lcc,default,2,p0.6,flip_content,0.0
E4,fakeddit_real_lcc,default,2,p0.6,flip_structure,0.8409703504043127
E4,fakeddit_real_lcc,default,2,p0.6,alpha_std,0.16664450224312774
E4,fakeddit_real_lcc,default,2,p0.6,flip_content_T1,0.0
E4,fakeddit_real_lcc,default,2,p0.6,flip_structure_T1,0.8548387096774194
E4,fakeddit_real_lcc,default,2,p0.6,alpha_mean_T1,0.14999999999999994
E4,fakeddit_real_lcc,default,2,p0.6,flip_content_T2,0.0
E4,fakeddit_real_lcc,default,2,p0.6,flip_structure_T2,0.8306451612903226
E4,fakeddit_real_lcc,default,2,p0.6,alpha_mean_T2,0.14999999999999994
E4,fakeddit_real_lcc,default,2,p0.6,flip_content_T3,0.0
E4,fakeddit_real_lcc,default,2,p0.6,flip_structure_T3,0.8373983739837398
E4,fakeddit_real_lcc,default,2,p0.6,alpha_mean_T3,0.4013884079464751
E4,fakeddit_real_lcc,default,2,p0.6,flag_consistency,1.0
E4,fakeddit_real_lcc,default,2,p0.6|both,n_nodes,84
E4,fakeddit_real_lcc,default,2,p0.6|both,mean_alpha,0.5181044544930528
E4,fakeddit_real_lcc,default,2,p0.6|both,mean_confidence,0.525863506418647
E4,fakeddit_real_lcc,default,2,p0.6|both,frac_alpha_at_min,0.0
E4,fakeddit_real_lcc,default,2,p0.6|both,flag_match,1.0
E4,fakeddit_real_lcc,default,2,p0.6|text_only,n_nodes,142
E4,fakeddit_real_lcc,default,2,p0.6|text_only,mean_alpha,0.15
E4,fakeddit_real_lcc,default,2,p0.6|text_only,mean_confidence,0.0
E4,fakeddit_real_lcc,default,2,p0.6|text_only,frac_alpha_at_min,1.0
E4,fakeddit_real_lcc,default,2,p0.6|text_only,flag_match,1.0
E4,fakeddit_real_lcc,default,2,p0.6|image_only,n_nodes,145
E4,fakeddit_real_lcc,default,2,p0.6|image_only,mean_alpha,0.15
E4,fakeddit_real_lcc,default,2,p0.6|image_only,mean_confidence,0.0
E4,fakeddit_real_lcc,default,2,p0.6|image_only,frac_alpha_at_min,1.0
E4,fakeddit_real_lcc,default,2,p0.6|image_only,flag_match,1.0
E4,fakeddit_real_lcc,default,2,p0.6|none,n_nodes,221
E4,fakeddit_real_lcc,default,2,p0.6|none,mean_alpha,0.14999999999999994
E4,fakeddit_real_lcc,default,2,p0.6|none,mean_confidence,0.0
E4,fakeddit_real_lcc,default,2,p0.6|none,frac_alpha_at_min,1.0
E4,fakeddit_real_lcc,default,2,p0.6|none,flag_match,1.0
_,fakeddit_real_lcc,default,2,e4|fakeddit_real_lcc|default|p0.6|2,_done,0.06
E4,fakeddit_real_lcc,default,3,p0.6,recon_maxabs,3.885780586188048e-16
E4,fakeddit_real_lcc,default,3,p0.6,n_with_content,371
E4,fakeddit_real_lcc,default,3,p0.6,n_nodes,592
E4,fakeddit_real_lcc,default,3,p0.6,flip_content_mean,0.0
E4,fakeddit_real_lcc,default,3,p0.6,flip_structure_mean,0.6307277628032345
E4,fakeddit_real_lcc,default,3,p0.6,spearman_alpha_delta_mean,0.627802824486176
E4,fakeddit_real_lcc,default,3,p0.6,spearman_alpha_delta,0.6441401976785981
E4,fakeddit_real_lcc,default,3,p0.6,spearman_posthoc_delta,0.5161801859731606
E4,fakeddit_real_lcc,default,3,p0.6,spearman_normshare_delta,0.5600171642370445
E4,fakeddit_real_lcc,default,3,p0.6,spearman_alpha_tvc,0.7661479347414832
E4,fakeddit_real_lcc,default,3,p0.6,spearman_alpha_tvs,-0.5271363711813537
E4,fakeddit_real_lcc,default,3,p0.6,mean_tv_content,0.055647079543744975
E4,fakeddit_real_lcc,default,3,p0.6,mean_tv_structure,0.6427989629584352
E4,fakeddit_real_lcc,default,3,p0.6,flip_content,0.0
E4,fakeddit_real_lcc,default,3,p0.6,flip_structure,0.7951482479784366
E4,fakeddit_real_lcc,default,3,p0.6,alpha_std,0.17211375511841626
E4,fakeddit_real_lcc,default,3,p0.6,flip_content_T1,0.0
E4,fakeddit_real_lcc,default,3,p0.6,flip_structure_T1,0.8548387096774194
E4,fakeddit_real_lcc,default,3,p0.6,alpha_mean_T1,0.14999999999999994
E4,fakeddit_real_lcc,default,3,p0.6,flip_content_T2,0.0
E4,fakeddit_real_lcc,default,3,p0.6,flip_structure_T2,0.7983870967741935
E4,fakeddit_real_lcc,default,3,p0.6,alpha_mean_T2,0.14999999999999994
E4,fakeddit_real_lcc,default,3,p0.6,flip_content_T3,0.0
E4,fakeddit_real_lcc,default,3,p0.6,flip_structure_T3,0.7317073170731707
E4,fakeddit_real_lcc,default,3,p0.6,alpha_mean_T3,0.4342087720396944
E4,fakeddit_real_lcc,default,3,p0.6,flag_consistency,1.0
E4,fakeddit_real_lcc,default,3,p0.6|both,n_nodes,98
E4,fakeddit_real_lcc,default,3,p0.6|both,mean_alpha,0.5067110098049226
E4,fakeddit_real_lcc,default,3,p0.6|both,mean_confidence,0.509587156864175
E4,fakeddit_real_lcc,default,3,p0.6|both,frac_alpha_at_min,0.0
E4,fakeddit_real_lcc,default,3,p0.6|both,flag_match,1.0
E4,fakeddit_real_lcc,default,3,p0.6|text_only,n_nodes,135
E4,fakeddit_real_lcc,default,3,p0.6|text_only,mean_alpha,0.15
E4,fakeddit_real_lcc,default,3,p0.6|text_only,mean_confidence,0.0
E4,fakeddit_real_lcc,default,3,p0.6|text_only,frac_alpha_at_min,1.0
E4,fakeddit_real_lcc,default,3,p0.6|text_only,flag_match,1.0
E4,fakeddit_real_lcc,default,3,p0.6|image_only,n_nodes,138
E4,fakeddit_real_lcc,default,3,p0.6|image_only,mean_alpha,0.15
E4,fakeddit_real_lcc,default,3,p0.6|image_only,mean_confidence,0.0
E4,fakeddit_real_lcc,default,3,p0.6|image_only,frac_alpha_at_min,1.0
E4,fakeddit_real_lcc,default,3,p0.6|image_only,flag_match,1.0
E4,fakeddit_real_lcc,default,3,p0.6|none,n_nodes,221
E4,fakeddit_real_lcc,default,3,p0.6|none,mean_alpha,0.14999999999999994
E4,fakeddit_real_lcc,default,3,p0.6|none,mean_confidence,0.0
E4,fakeddit_real_lcc,default,3,p0.6|none,frac_alpha_at_min,1.0
E4,fakeddit_real_lcc,default,3,p0.6|none,flag_match,1.0
_,fakeddit_real_lcc,default,3,e4|fakeddit_real_lcc|default|p0.6|3,_done,0.08
E4,fakeddit_real_lcc,default,4,p0.6,recon_maxabs,4.440892098500626e-16
E4,fakeddit_real_lcc,default,4,p0.6,n_with_content,384
E4,fakeddit_real_lcc,default,4,p0.6,n_nodes,592
E4,fakeddit_real_lcc,default,4,p0.6,flip_content_mean,0.0
E4,fakeddit_real_lcc,default,4,p0.6,flip_structure_mean,0.6744791666666666
E4,fakeddit_real_lcc,default,4,p0.6,spearman_alpha_delta_mean,0.6754241836191954
E4,fakeddit_real_lcc,default,4,p0.6,spearman_alpha_delta,0.6280477515757671
E4,fakeddit_real_lcc,default,4,p0.6,spearman_posthoc_delta,0.5254451121036252
E4,fakeddit_real_lcc,default,4,p0.6,spearman_normshare_delta,0.5239340271079574
E4,fakeddit_real_lcc,default,4,p0.6,spearman_alpha_tvc,0.7415148159295093
E4,fakeddit_real_lcc,default,4,p0.6,spearman_alpha_tvs,-0.48007160367701185
E4,fakeddit_real_lcc,default,4,p0.6,mean_tv_content,0.06815583045439398
E4,fakeddit_real_lcc,default,4,p0.6,mean_tv_structure,0.6260623199978308
E4,fakeddit_real_lcc,default,4,p0.6,flip_content,0.0
E4,fakeddit_real_lcc,default,4,p0.6,flip_structure,0.734375
E4,fakeddit_real_lcc,default,4,p0.6,alpha_std,0.1732468332836407
E4,fakeddit_real_lcc,default,4,p0.6,flip_content_T1,0.0
E4,fakeddit_real_lcc,default,4,p0.6,flip_structure_T1,0.7578125
E4,fakeddit_real_lcc,default,4,p0.6,alpha_mean_T1,0.14999999999999997
E4,fakeddit_real_lcc,default,4,p0.6,flip_content_T2,0.0
E4,fakeddit_real_lcc,default,4,p0.6,flip_structure_T2,0.71875
E4,fakeddit_real_lcc,default,4,p0.6,alpha_mean_T2,0.14999999999999997
E4,fakeddit_real_lcc,default,4,p0.6,flip_content_T3,0.0
E4,fakeddit_real_lcc,default,4,p0.6,flip_structure_T3,0.7265625
E4,fakeddit_real_lcc,default,4,p0.6,alpha_mean_T3,0.4185883596163086
E4,fakeddit_real_lcc,default,4,p0.6,flag_consistency,1.0
E4,fakeddit_real_lcc,default,4,p0.6|both,n_nodes,91
E4,fakeddit_real_lcc,default,4,p0.6|both,mean_alpha,0.5277946157240384
E4,fakeddit_real_lcc,default,4,p0.6|both,mean_confidence,0.5397065938914835
E4,fakeddit_real_lcc,default,4,p0.6|both,frac_alpha_at_min,0.0
E4,fakeddit_real_lcc,default,4,p0.6|both,flag_match,1.0
E4,fakeddit_real_lcc,default,4,p0.6|text_only,n_nodes,142
E4,fakeddit_real_lcc,default,4,p0.6|text_only,mean_alpha,0.15
E4,fakeddit_real_lcc,default,4,p0.6|text_only,mean_confidence,0.0
E4,fakeddit_real_lcc,default,4,p0.6|text_only,frac_alpha_at_min,1.0
E4,fakeddit_real_lcc,default,4,p0.6|text_only,flag_match,1.0
E4,fakeddit_real_lcc,default,4,p0.6|image_only,n_nodes,151
E4,fakeddit_real_lcc,default,4,p0.6|image_only,mean_alpha,0.15
E4,fakeddit_real_lcc,default,4,p0.6|image_only,mean_confidence,0.0
E4,fakeddit_real_lcc,default,4,p0.6|image_only,frac_alpha_at_min,1.0
E4,fakeddit_real_lcc,default,4,p0.6|image_only,flag_match,1.0
E4,fakeddit_real_lcc,default,4,p0.6|none,n_nodes,208
E4,fakeddit_real_lcc,default,4,p0.6|none,mean_alpha,0.14999999999999997
E4,fakeddit_real_lcc,default,4,p0.6|none,mean_confidence,0.0
E4,fakeddit_real_lcc,default,4,p0.6|none,frac_alpha_at_min,1.0
E4,fakeddit_real_lcc,default,4,p0.6|none,flag_match,1.0
_,fakeddit_real_lcc,default,4,e4|fakeddit_real_lcc|default|p0.6|4,_done,0.11
E4,fakeddit_real_lcc,default,4,p0.2,recon_maxabs,5.551115123125783e-16
E4,fakeddit_real_lcc,default,4,p0.2,n_with_content,569
E4,fakeddit_real_lcc,default,4,p0.2,n_nodes,592
E4,fakeddit_real_lcc,default,4,p0.2,flip_content_mean,0.02460456942003515
E4,fakeddit_real_lcc,default,4,p0.2,flip_structure_mean,0.8312829525483304
E4,fakeddit_real_lcc,default,4,p0.2,spearman_alpha_delta_mean,0.8521081184240608
E4,fakeddit_real_lcc,default,4,p0.2,spearman_alpha_delta,0.8514232153496731
E4,fakeddit_real_lcc,default,4,p0.2,spearman_posthoc_delta,0.16806680676698718
E4,fakeddit_real_lcc,default,4,p0.2,spearman_normshare_delta,0.8423379593493694
E4,fakeddit_real_lcc,default,4,p0.2,spearman_alpha_tvc,0.8139413637896453
E4,fakeddit_real_lcc,default,4,p0.2,spearman_alpha_tvs,-0.3685981667311397
E4,fakeddit_real_lcc,default,4,p0.2,mean_tv_content,0.1950751775231831
E4,fakeddit_real_lcc,default,4,p0.2,mean_tv_structure,0.30274392004939377
E4,fakeddit_real_lcc,default,4,p0.2,flip_content,0.029876977152899824
E4,fakeddit_real_lcc,default,4,p0.2,flip_structure,0.7926186291739895
E4,fakeddit_real_lcc,default,4,p0.2,alpha_std,0.22052247835134617
E4,fakeddit_real_lcc,default,4,p0.2,flip_content_T1,0.0
E4,fakeddit_real_lcc,default,4,p0.2,flip_structure_T1,0.8105263157894737
E4,fakeddit_real_lcc,default,4,p0.2,alpha_mean_T1,0.15522558107997983
E4,fakeddit_real_lcc,default,4,p0.2,flip_content_T2,0.042105263157894736
E4,fakeddit_real_lcc,default,4,p0.2,flip_structure_T2,0.7578947368421053
E4,fakeddit_real_lcc,default,4,p0.2,alpha_mean_T2,0.5221157163090121
E4,fakeddit_real_lcc,default,4,p0.2,flip_content_T3,0.047619047619047616
E4,fakeddit_real_lcc,default,4,p0.2,flip_structure_T3,0.8095238095238095
E4,fakeddit_real_lcc,default,4,p0.2,alpha_mean_T3,0.6550972152520684
E4,fakeddit_real_lcc,default,4,p0.2,flag_consistency,1.0
E4,fakeddit_real_lcc,default,4,p0.2|both,n_nodes,392
E4,fakeddit_real_lcc,default,4,p0.2|both,mean_alpha,0.5764240310881362
E4,fakeddit_real_lcc,default,4,p0.2|both,mean_confidence,0.609177187268766
E4,fakeddit_real_lcc,default,4,p0.2|both,frac_alpha_at_min,0.0
E4,fakeddit_real_lcc,default,4,p0.2|both,flag_match,1.0
E4,fakeddit_real_lcc,default,4,p0.2|text_only,n_nodes,91
E4,fakeddit_real_lcc,default,4,p0.2|text_only,mean_alpha,0.15
E4,fakeddit_real_lcc,default,4,p0.2|text_only,mean_confidence,0.0
E4,fakeddit_real_lcc,default,4,p0.2|text_only,frac_alpha_at_min,1.0
E4,fakeddit_real_lcc,default,4,p0.2|text_only,flag_match,1.0
E4,fakeddit_real_lcc,default,4,p0.2|image_only,n_nodes,86
E4,fakeddit_real_lcc,default,4,p0.2|image_only,mean_alpha,0.15
E4,fakeddit_real_lcc,default,4,p0.2|image_only,mean_confidence,0.0
E4,fakeddit_real_lcc,default,4,p0.2|image_only,frac_alpha_at_min,1.0
E4,fakeddit_real_lcc,default,4,p0.2|image_only,flag_match,1.0
E4,fakeddit_real_lcc,default,4,p0.2|none,n_nodes,23
E4,fakeddit_real_lcc,default,4,p0.2|none,mean_alpha,0.14999999999999997
E4,fakeddit_real_lcc,default,4,p0.2|none,mean_confidence,0.0
E4,fakeddit_real_lcc,default,4,p0.2|none,frac_alpha_at_min,1.0
E4,fakeddit_real_lcc,default,4,p0.2|none,flag_match,1.0
_,fakeddit_real_lcc,default,4,e4|fakeddit_real_lcc|default|p0.2|4,_done,0.3
E4,fakeddit_real_lcc,robust,0,p0.2,recon_maxabs,0.0
E4,fakeddit_real_lcc,robust,0,p0.2,n_with_content,562
E4,fakeddit_real_lcc,robust,0,p0.2,n_nodes,592
E4,fakeddit_real_lcc,robust,0,p0.2,flip_content_mean,0.014234875444839857
E4,fakeddit_real_lcc,robust,0,p0.2,flip_structure_mean,0.9341637010676157
E4,fakeddit_real_lcc,robust,0,p0.2,spearman_alpha_delta_mean,0.7904590670907841
E4,fakeddit_real_lcc,robust,0,p0.2,spearman_alpha_delta,0.8173482420469957
E4,fakeddit_real_lcc,robust,0,p0.2,spearman_posthoc_delta,0.4075270900213625
E4,fakeddit_real_lcc,robust,0,p0.2,spearman_normshare_delta,0.7824278815492435
E4,fakeddit_real_lcc,robust,0,p0.2,spearman_alpha_tvc,0.6667192806866353
E4,fakeddit_real_lcc,robust,0,p0.2,spearman_alpha_tvs,-0.5030775135960791
E4,fakeddit_real_lcc,robust,0,p0.2,mean_tv_content,0.24822386698669482
E4,fakeddit_real_lcc,robust,0,p0.2,mean_tv_structure,0.37541820848193175
E4,fakeddit_real_lcc,robust,0,p0.2,flip_content,0.014234875444839857
E4,fakeddit_real_lcc,robust,0,p0.2,flip_structure,0.6886120996441281
E4,fakeddit_real_lcc,robust,0,p0.2,alpha_std,0.22060804908073983
E4,fakeddit_real_lcc,robust,0,p0.2,flip_content_T1,0.03723404255319149
E4,fakeddit_real_lcc,robust,0,p0.2,flip_structure_T1,0.7712765957446809
E4,fakeddit_real_lcc,robust,0,p0.2,alpha_mean_T1,0.15227072062212998
E4,fakeddit_real_lcc,robust,0,p0.2,flip_content_T2,0.0
E4,fakeddit_real_lcc,robust,0,p0.2,flip_structure_T2,0.6363636363636364
E4,fakeddit_real_lcc,robust,0,p0.2,alpha_mean_T2,0.5097845038630306
E4,fakeddit_real_lcc,robust,0,p0.2,flip_content_T3,0.0053475935828877
E4,fakeddit_real_lcc,robust,0,p0.2,flip_structure_T3,0.6577540106951871
E4,fakeddit_real_lcc,robust,0,p0.2,alpha_mean_T3,0.6553516217723344
E4,fakeddit_real_lcc,robust,0,p0.2,flag_consistency,1.0
E4,fakeddit_real_lcc,robust,0,p0.2|both,n_nodes,380
E4,fakeddit_real_lcc,robust,0,p0.2|both,mean_alpha,0.5768614499230889
E4,fakeddit_real_lcc,robust,0,p0.2|both,mean_confidence,0.6098020713186982
E4,fakeddit_real_lcc,robust,0,p0.2|both,frac_alpha_at_min,0.0
E4,fakeddit_real_lcc,robust,0,p0.2|both,flag_match,1.0
E4,fakeddit_real_lcc,robust,0,p0.2|text_only,n_nodes,89
E4,fakeddit_real_lcc,robust,0,p0.2|text_only,mean_alpha,0.14999999999999997
E4,fakeddit_real_lcc,robust,0,p0.2|text_only,mean_confidence,0.0
E4,fakeddit_real_lcc,robust,0,p0.2|text_only,frac_alpha_at_min,1.0
E4,fakeddit_real_lcc,robust,0,p0.2|text_only,flag_match,1.0
E4,fakeddit_real_lcc,robust,0,p0.2|image_only,n_nodes,93
E4,fakeddit_real_lcc,robust,0,p0.2|image_only,mean_alpha,0.15
E4,fakeddit_real_lcc,robust,0,p0.2|image_only,mean_confidence,0.0
E4,fakeddit_real_lcc,robust,0,p0.2|image_only,frac_alpha_at_min,1.0
E4,fakeddit_real_lcc,robust,0,p0.2|image_only,flag_match,1.0
E4,fakeddit_real_lcc,robust,0,p0.2|none,n_nodes,30
E4,fakeddit_real_lcc,robust,0,p0.2|none,mean_alpha,0.15000000000000002
E4,fakeddit_real_lcc,robust,0,p0.2|none,mean_confidence,0.0
E4,fakeddit_real_lcc,robust,0,p0.2|none,frac_alpha_at_min,1.0
E4,fakeddit_real_lcc,robust,0,p0.2|none,flag_match,1.0
_,fakeddit_real_lcc,robust,0,e4|fakeddit_real_lcc|robust|p0.2|0,_done,0.31
E4,fakeddit_real_lcc,robust,1,p0.2,recon_maxabs,0.0
E4,fakeddit_real_lcc,robust,1,p0.2,n_with_content,573
E4,fakeddit_real_lcc,robust,1,p0.2,n_nodes,592
E4,fakeddit_real_lcc,robust,1,p0.2,flip_content_mean,0.07329842931937172
E4,fakeddit_real_lcc,robust,1,p0.2,flip_structure_mean,0.8568935427574171
E4,fakeddit_real_lcc,robust,1,p0.2,spearman_alpha_delta_mean,0.8199131467634174
E4,fakeddit_real_lcc,robust,1,p0.2,spearman_alpha_delta,0.8324187750036814
E4,fakeddit_real_lcc,robust,1,p0.2,spearman_posthoc_delta,0.36771374795178585
E4,fakeddit_real_lcc,robust,1,p0.2,spearman_normshare_delta,0.791107179543223
E4,fakeddit_real_lcc,robust,1,p0.2,spearman_alpha_tvc,0.639977216669065
E4,fakeddit_real_lcc,robust,1,p0.2,spearman_alpha_tvs,-0.535400822352973
E4,fakeddit_real_lcc,robust,1,p0.2,mean_tv_content,0.2227792945795792
E4,fakeddit_real_lcc,robust,1,p0.2,mean_tv_structure,0.3567469786761698
E4,fakeddit_real_lcc,robust,1,p0.2,flip_content,0.07155322862129145
E4,fakeddit_real_lcc,robust,1,p0.2,flip_structure,0.7085514834205934
E4,fakeddit_real_lcc,robust,1,p0.2,alpha_std,0.22412404386325754
E4,fakeddit_real_lcc,robust,1,p0.2,flip_content_T1,0.015706806282722512
E4,fakeddit_real_lcc,robust,1,p0.2,flip_structure_T1,0.7015706806282722
E4,fakeddit_real_lcc,robust,1,p0.2,alpha_mean_T1,0.15
E4,fakeddit_real_lcc,robust,1,p0.2,flip_content_T2,0.1099476439790576
E4,fakeddit_real_lcc,robust,1,p0.2,flip_structure_T2,0.7120418848167539
E4,fakeddit_real_lcc,robust,1,p0.2,alpha_mean_T2,0.48853469020746787
E4,fakeddit_real_lcc,robust,1,p0.2,flip_content_T3,0.08900523560209424
E4,fakeddit_real_lcc,robust,1,p0.2,flip_structure_T3,0.7120418848167539
E4,fakeddit_real_lcc,robust,1,p0.2,alpha_mean_T3,0.6571353208560906
E4,fakeddit_real_lcc,robust,1,p0.2,flag_consistency,1.0
E4,fakeddit_real_lcc,robust,1,p0.2|both,n_nodes,380
E4,fakeddit_real_lcc,robust,1,p0.2|both,mean_alpha,0.5750604529293148
E4,fakeddit_real_lcc,robust,1,p0.2|both,mean_confidence,0.6072292184704499
E4,fakeddit_real_lcc,robust,1,p0.2|both,frac_alpha_at_min,0.0
E4,fakeddit_real_lcc,robust,1,p0.2|both,flag_match,1.0
E4,fakeddit_real_lcc,robust,1,p0.2|text_only,n_nodes,97
E4,fakeddit_real_lcc,robust,1,p0.2|text_only,mean_alpha,0.14999999999999997
E4,fakeddit_real_lcc,robust,1,p0.2|text_only,mean_confidence,0.0
E4,fakeddit_real_lcc,robust,1,p0.2|text_only,frac_alpha_at_min,1.0
E4,fakeddit_real_lcc,robust,1,p0.2|text_only,flag_match,1.0
E4,fakeddit_real_lcc,robust,1,p0.2|image_only,n_nodes,96
E4,fakeddit_real_lcc,robust,1,p0.2|image_only,mean_alpha,0.14999999999999997
E4,fakeddit_real_lcc,robust,1,p0.2|image_only,mean_confidence,0.0
E4,fakeddit_real_lcc,robust,1,p0.2|image_only,frac_alpha_at_min,1.0
E4,fakeddit_real_lcc,robust,1,p0.2|image_only,flag_match,1.0
E4,fakeddit_real_lcc,robust,1,p0.2|none,n_nodes,19
E4,fakeddit_real_lcc,robust,1,p0.2|none,mean_alpha,0.15
E4,fakeddit_real_lcc,robust,1,p0.2|none,mean_confidence,0.0
E4,fakeddit_real_lcc,robust,1,p0.2|none,frac_alpha_at_min,1.0
E4,fakeddit_real_lcc,robust,1,p0.2|none,flag_match,1.0
_,fakeddit_real_lcc,robust,1,e4|fakeddit_real_lcc|robust|p0.2|1,_done,0.3
E4,fakeddit_real_lcc,robust,2,p0.2,recon_maxabs,0.0
E4,fakeddit_real_lcc,robust,2,p0.2,n_with_content,568
E4,fakeddit_real_lcc,robust,2,p0.2,n_nodes,592
E4,fakeddit_real_lcc,robust,2,p0.2,flip_content_mean,0.00528169014084507
E4,fakeddit_real_lcc,robust,2,p0.2,flip_structure_mean,0.7552816901408451
E4,fakeddit_real_lcc,robust,2,p0.2,spearman_alpha_delta_mean,0.8104977424262709
E4,fakeddit_real_lcc,robust,2,p0.2,spearman_alpha_delta,0.8250844582586564
E4,fakeddit_real_lcc,robust,2,p0.2,spearman_posthoc_delta,0.6120394817275912
E4,fakeddit_real_lcc,robust,2,p0.2,spearman_normshare_delta,0.7843887587322913
E4,fakeddit_real_lcc,robust,2,p0.2,spearman_alpha_tvc,0.7270324528810358
E4,fakeddit_real_lcc,robust,2,p0.2,spearman_alpha_tvs,-0.6271537952816015
E4,fakeddit_real_lcc,robust,2,p0.2,mean_tv_content,0.2607396423565389
E4,fakeddit_real_lcc,robust,2,p0.2,mean_tv_structure,0.4304429724210175
E4,fakeddit_real_lcc,robust,2,p0.2,flip_content,0.00528169014084507
E4,fakeddit_real_lcc,robust,2,p0.2,flip_structure,0.727112676056338
E4,fakeddit_real_lcc,robust,2,p0.2,alpha_std,0.22509301355643413
E4,fakeddit_real_lcc,robust,2,p0.2,flip_content_T1,0.0
E4,fakeddit_real_lcc,robust,2,p0.2,flip_structure_T1,0.8105263157894737
E4,fakeddit_real_lcc,robust,2,p0.2,alpha_mean_T1,0.15
E4,fakeddit_real_lcc,robust,2,p0.2,flip_content_T2,0.0
E4,fakeddit_real_lcc,robust,2,p0.2,flip_structure_T2,0.7566137566137566
E4,fakeddit_real_lcc,robust,2,p0.2,alpha_mean_T2,0.4622641318160835
E4,fakeddit_real_lcc,robust,2,p0.2,flip_content_T3,0.015873015873015872
E4,fakeddit_real_lcc,robust,2,p0.2,flip_structure_T3,0.6137566137566137
E4,fakeddit_real_lcc,robust,2,p0.2,alpha_mean_T3,0.6547813378002975
E4,fakeddit_real_lcc,robust,2,p0.2,flag_consistency,1.0
E4,fakeddit_real_lcc,robust,2,p0.2|both,n_nodes,366
E4,fakeddit_real_lcc,robust,2,p0.2|both,mean_alpha,0.5719169228346886
E4,fakeddit_real_lcc,robust,2,p0.2|both,mean_confidence,0.6027384611924123
E4,fakeddit_real_lcc,robust,2,p0.2|both,frac_alpha_at_min,0.0
E4,fakeddit_real_lcc,robust,2,p0.2|both,flag_match,1.0
E4,fakeddit_real_lcc,robust,2,p0.2|text_only,n_nodes,101
E4,fakeddit_real_lcc,robust,2,p0.2|text_only,mean_alpha,0.15
E4,fakeddit_real_lcc,robust,2,p0.2|text_only,mean_confidence,0.0
E4,fakeddit_real_lcc,robust,2,p0.2|text_only,frac_alpha_at_min,1.0
E4,fakeddit_real_lcc,robust,2,p0.2|text_only,flag_match,1.0
E4,fakeddit_real_lcc,robust,2,p0.2|image_only,n_nodes,101
E4,fakeddit_real_lcc,robust,2,p0.2|image_only,mean_alpha,0.15
E4,fakeddit_real_lcc,robust,2,p0.2|image_only,mean_confidence,0.0
E4,fakeddit_real_lcc,robust,2,p0.2|image_only,frac_alpha_at_min,1.0
E4,fakeddit_real_lcc,robust,2,p0.2|image_only,flag_match,1.0
E4,fakeddit_real_lcc,robust,2,p0.2|none,n_nodes,24
E4,fakeddit_real_lcc,robust,2,p0.2|none,mean_alpha,0.15
E4,fakeddit_real_lcc,robust,2,p0.2|none,mean_confidence,0.0
E4,fakeddit_real_lcc,robust,2,p0.2|none,frac_alpha_at_min,1.0
E4,fakeddit_real_lcc,robust,2,p0.2|none,flag_match,1.0
_,fakeddit_real_lcc,robust,2,e4|fakeddit_real_lcc|robust|p0.2|2,_done,0.33
E4,fakeddit_real_lcc,robust,0,p0.6,recon_maxabs,0.0
E4,fakeddit_real_lcc,robust,0,p0.6,n_with_content,351
E4,fakeddit_real_lcc,robust,0,p0.6,n_nodes,592
E4,fakeddit_real_lcc,robust,0,p0.6,flip_content_mean,0.019943019943019943
E4,fakeddit_real_lcc,robust,0,p0.6,flip_structure_mean,0.6182336182336182
E4,fakeddit_real_lcc,robust,0,p0.6,spearman_alpha_delta_mean,0.6138798130662654
E4,fakeddit_real_lcc,robust,0,p0.6,spearman_alpha_delta,0.6496497172223935
E4,fakeddit_real_lcc,robust,0,p0.6,spearman_posthoc_delta,0.6003363169979888
E4,fakeddit_real_lcc,robust,0,p0.6,spearman_normshare_delta,0.43874064343618074
E4,fakeddit_real_lcc,robust,0,p0.6,spearman_alpha_tvc,0.6571718974976043
E4,fakeddit_real_lcc,robust,0,p0.6,spearman_alpha_tvs,-0.5389520032938291
E4,fakeddit_real_lcc,robust,0,p0.6,mean_tv_content,0.10208605178544698
E4,fakeddit_real_lcc,robust,0,p0.6,mean_tv_structure,0.6330813394798174
E4,fakeddit_real_lcc,robust,0,p0.6,flip_content,0.019943019943019943
E4,fakeddit_real_lcc,robust,0,p0.6,flip_structure,0.7749287749287749
E4,fakeddit_real_lcc,robust,0,p0.6,alpha_std,0.17171305038379245
E4,fakeddit_real_lcc,robust,0,p0.6,flip_content_T1,0.02564102564102564
E4,fakeddit_real_lcc,robust,0,p0.6,flip_structure_T1,0.8461538461538461
E4,fakeddit_real_lcc,robust,0,p0.6,alpha_mean_T1,0.1499999999999999
E4,fakeddit_real_lcc,robust,0,p0.6,flip_content_T2,0.02564102564102564
E4,fakeddit_real_lcc,robust,0,p0.6,flip_structure_T2,0.7606837606837606
E4,fakeddit_real_lcc,robust,0,p0.6,alpha_mean_T2,0.1499999999999999
E4,fakeddit_real_lcc,robust,0,p0.6,flip_content_T3,0.008547008547008548
E4,fakeddit_real_lcc,robust,0,p0.6,flip_structure_T3,0.717948717948718
E4,fakeddit_real_lcc,robust,0,p0.6,alpha_mean_T3,0.4224848582657651
E4,fakeddit_real_lcc,robust,0,p0.6,flag_consistency,1.0
E4,fakeddit_real_lcc,robust,0,p0.6|both,n_nodes,89
E4,fakeddit_real_lcc,robust,0,p0.6|both,mean_alpha,0.5082104316527474
E4,fakeddit_real_lcc,robust,0,p0.6|both,mean_confidence,0.5117291880753534
E4,fakeddit_real_lcc,robust,0,p0.6|both,frac_alpha_at_min,0.0
E4,fakeddit_real_lcc,robust,0,p0.6|both,flag_match,1.0
E4,fakeddit_real_lcc,robust,0,p0.6|text_only,n_nodes,145
E4,fakeddit_real_lcc,robust,0,p0.6|text_only,mean_alpha,0.15
E4,fakeddit_real_lcc,robust,0,p0.6|text_only,mean_confidence,0.0
E4,fakeddit_real_lcc,robust,0,p0.6|text_only,frac_alpha_at_min,1.0
E4,fakeddit_real_lcc,robust,0,p0.6|text_only,flag_match,1.0
E4,fakeddit_real_lcc,robust,0,p0.6|image_only,n_nodes,117
E4,fakeddit_real_lcc,robust,0,p0.6|image_only,mean_alpha,0.1499999999999999
E4,fakeddit_real_lcc,robust,0,p0.6|image_only,mean_confidence,0.0
E4,fakeddit_real_lcc,robust,0,p0.6|image_only,frac_alpha_at_min,1.0
E4,fakeddit_real_lcc,robust,0,p0.6|image_only,flag_match,1.0
E4,fakeddit_real_lcc,robust,0,p0.6|none,n_nodes,241
E4,fakeddit_real_lcc,robust,0,p0.6|none,mean_alpha,0.14999999999999997
E4,fakeddit_real_lcc,robust,0,p0.6|none,mean_confidence,0.0
E4,fakeddit_real_lcc,robust,0,p0.6|none,frac_alpha_at_min,1.0
E4,fakeddit_real_lcc,robust,0,p0.6|none,flag_match,1.0
_,fakeddit_real_lcc,robust,0,e4|fakeddit_real_lcc|robust|p0.6|0,_done,0.09
E4,fakeddit_real_lcc,robust,3,p0.2,recon_maxabs,0.0
E4,fakeddit_real_lcc,robust,3,p0.2,n_with_content,556
E4,fakeddit_real_lcc,robust,3,p0.2,n_nodes,592
E4,fakeddit_real_lcc,robust,3,p0.2,flip_content_mean,0.019784172661870502
E4,fakeddit_real_lcc,robust,3,p0.2,flip_structure_mean,0.9064748201438849
E4,fakeddit_real_lcc,robust,3,p0.2,spearman_alpha_delta_mean,0.793394920886921
E4,fakeddit_real_lcc,robust,3,p0.2,spearman_alpha_delta,0.8151251482530226
E4,fakeddit_real_lcc,robust,3,p0.2,spearman_posthoc_delta,0.46891835713163943
E4,fakeddit_real_lcc,robust,3,p0.2,spearman_normshare_delta,0.7933978477725054
E4,fakeddit_real_lcc,robust,3,p0.2,spearman_alpha_tvc,0.700369417470761
E4,fakeddit_real_lcc,robust,3,p0.2,spearman_alpha_tvs,-0.5432934875295277
E4,fakeddit_real_lcc,robust,3,p0.2,mean_tv_content,0.2572750171110362
E4,fakeddit_real_lcc,robust,3,p0.2,mean_tv_structure,0.3917723944922203
E4,fakeddit_real_lcc,robust,3,p0.2,flip_content,0.019784172661870502
E4,fakeddit_real_lcc,robust,3,p0.2,flip_structure,0.7823741007194245
E4,fakeddit_real_lcc,robust,3,p0.2,alpha_std,0.2219051195157513
E4,fakeddit_real_lcc,robust,3,p0.2,flip_content_T1,0.043010752688172046
E4,fakeddit_real_lcc,robust,3,p0.2,flip_structure_T1,0.8010752688172043
E4,fakeddit_real_lcc,robust,3,p0.2,alpha_mean_T1,0.15158404535124628
E4,fakeddit_real_lcc,robust,3,p0.2,flip_content_T2,0.005405405405405406
E4,fakeddit_real_lcc,robust,3,p0.2,flip_structure_T2,0.772972972972973
E4,fakeddit_real_lcc,robust,3,p0.2,alpha_mean_T2,0.508584616155958
E4,fakeddit_real_lcc,robust,3,p0.2,flip_content_T3,0.010810810810810811
E4,fakeddit_real_lcc,robust,3,p0.2,flip_structure_T3,0.772972972972973
E4,fakeddit_real_lcc,robust,3,p0.2,alpha_mean_T3,0.6548687233470766
E4,fakeddit_real_lcc,robust,3,p0.2,flag_consistency,1.0
E4,fakeddit_real_lcc,robust,3,p0.2|both,n_nodes,374
E4,fakeddit_real_lcc,robust,3,p0.2|both,mean_alpha,0.5778970594743134
E4,fakeddit_real_lcc,robust,3,p0.2|both,mean_confidence,0.6112815135347334
E4,fakeddit_real_lcc,robust,3,p0.2|both,frac_alpha_at_min,0.0
E4,fakeddit_real_lcc,robust,3,p0.2|both,flag_match,1.0
E4,fakeddit_real_lcc,robust,3,p0.2|text_only,n_nodes,94
E4,fakeddit_real_lcc,robust,3,p0.2|text_only,mean_alpha,0.15
E4,fakeddit_real_lcc,robust,3,p0.2|text_only,mean_confidence,0.0
E4,fakeddit_real_lcc,robust,3,p0.2|text_only,frac_alpha_at_min,1.0
E4,fakeddit_real_lcc,robust,3,p0.2|text_only,flag_match,1.0
E4,fakeddit_real_lcc,robust,3,p0.2|image_only,n_nodes,88
E4,fakeddit_real_lcc,robust,3,p0.2|image_only,mean_alpha,0.14999999999999997
E4,fakeddit_real_lcc,robust,3,p0.2|image_only,mean_confidence,0.0
E4,fakeddit_real_lcc,robust,3,p0.2|image_only,frac_alpha_at_min,1.0
E4,fakeddit_real_lcc,robust,3,p0.2|image_only,flag_match,1.0
E4,fakeddit_real_lcc,robust,3,p0.2|none,n_nodes,36
E4,fakeddit_real_lcc,robust,3,p0.2|none,mean_alpha,0.15000000000000002
E4,fakeddit_real_lcc,robust,3,p0.2|none,mean_confidence,0.0
E4,fakeddit_real_lcc,robust,3,p0.2|none,frac_alpha_at_min,1.0
E4,fakeddit_real_lcc,robust,3,p0.2|none,flag_match,1.0
_,fakeddit_real_lcc,robust,3,e4|fakeddit_real_lcc|robust|p0.2|3,_done,0.36
E4,fakeddit_real_lcc,robust,1,p0.6,recon_maxabs,0.0
E4,fakeddit_real_lcc,robust,1,p0.6,n_with_content,363
E4,fakeddit_real_lcc,robust,1,p0.6,n_nodes,592
E4,fakeddit_real_lcc,robust,1,p0.6,flip_content_mean,0.03305785123966942
E4,fakeddit_real_lcc,robust,1,p0.6,flip_structure_mean,0.6253443526170799
E4,fakeddit_real_lcc,robust,1,p0.6,spearman_alpha_delta_mean,0.6509893865624651
E4,fakeddit_real_lcc,robust,1,p0.6,spearman_alpha_delta,0.6527265052827522
E4,fakeddit_real_lcc,robust,1,p0.6,spearman_posthoc_delta,0.5986571744340727
E4,fakeddit_real_lcc,robust,1,p0.6,spearman_normshare_delta,0.4398817275338545
E4,fakeddit_real_lcc,robust,1,p0.6,spearman_alpha_tvc,0.6709233352803199
E4,fakeddit_real_lcc,robust,1,p0.6,spearman_alpha_tvs,-0.5462782792146803
E4,fakeddit_real_lcc,robust,1,p0.6,mean_tv_content,0.1039399447448783
E4,fakeddit_real_lcc,robust,1,p0.6,mean_tv_structure,0.6249967167624235
E4,fakeddit_real_lcc,robust,1,p0.6,flip_content,0.03581267217630854
E4,fakeddit_real_lcc,robust,1,p0.6,flip_structure,0.768595041322314
E4,fakeddit_real_lcc,robust,1,p0.6,alpha_std,0.1730426367470556
E4,fakeddit_real_lcc,robust,1,p0.6,flip_content_T1,0.04132231404958678
E4,fakeddit_real_lcc,robust,1,p0.6,flip_structure_T1,0.768595041322314
E4,fakeddit_real_lcc,robust,1,p0.6,alpha_mean_T1,0.14999999999999997
E4,fakeddit_real_lcc,robust,1,p0.6,flip_content_T2,0.03305785123966942
E4,fakeddit_real_lcc,robust,1,p0.6,flip_structure_T2,0.7933884297520661
E4,fakeddit_real_lcc,robust,1,p0.6,alpha_mean_T2,0.14999999999999997
E4,fakeddit_real_lcc,robust,1,p0.6,flip_content_T3,0.03305785123966942
E4,fakeddit_real_lcc,robust,1,p0.6,flip_structure_T3,0.743801652892562
E4,fakeddit_real_lcc,robust,1,p0.6,alpha_mean_T3,0.4334401911618602
E4,fakeddit_real_lcc,robust,1,p0.6,flag_consistency,1.0
E4,fakeddit_real_lcc,robust,1,p0.6|both,n_nodes,93
E4,fakeddit_real_lcc,robust,1,p0.6|both,mean_alpha,0.5187770229095172
E4,fakeddit_real_lcc,robust,1,p0.6|both,mean_confidence,0.5268243184421673
E4,fakeddit_real_lcc,robust,1,p0.6|both,frac_alpha_at_min,0.0
E4,fakeddit_real_lcc,robust,1,p0.6|both,flag_match,1.0
E4,fakeddit_real_lcc,robust,1,p0.6|text_only,n_nodes,130
E4,fakeddit_real_lcc,robust,1,p0.6|text_only,mean_alpha,0.15
E4,fakeddit_real_lcc,robust,1,p0.6|text_only,mean_confidence,0.0
E4,fakeddit_real_lcc,robust,1,p0.6|text_only,frac_alpha_at_min,1.0
E4,fakeddit_real_lcc,robust,1,p0.6|text_only,flag_match,1.0
E4,fakeddit_real_lcc,robust,1,p0.6|image_only,n_nodes,140
E4,fakeddit_real_lcc,robust,1,p0.6|image_only,mean_alpha,0.15
E4,fakeddit_real_lcc,robust,1,p0.6|image_only,mean_confidence,0.0
E4,fakeddit_real_lcc,robust,1,p0.6|image_only,frac_alpha_at_min,1.0
E4,fakeddit_real_lcc,robust,1,p0.6|image_only,flag_match,1.0
E4,fakeddit_real_lcc,robust,1,p0.6|none,n_nodes,229
E4,fakeddit_real_lcc,robust,1,p0.6|none,mean_alpha,0.14999999999999994
E4,fakeddit_real_lcc,robust,1,p0.6|none,mean_confidence,0.0
E4,fakeddit_real_lcc,robust,1,p0.6|none,frac_alpha_at_min,1.0
E4,fakeddit_real_lcc,robust,1,p0.6|none,flag_match,1.0
_,fakeddit_real_lcc,robust,1,e4|fakeddit_real_lcc|robust|p0.6|1,_done,0.11
E4,fakeddit_real_lcc,robust,2,p0.6,recon_maxabs,0.0
E4,fakeddit_real_lcc,robust,2,p0.6,n_with_content,371
E4,fakeddit_real_lcc,robust,2,p0.6,n_nodes,592
E4,fakeddit_real_lcc,robust,2,p0.6,flip_content_mean,0.03504043126684636
E4,fakeddit_real_lcc,robust,2,p0.6,flip_structure_mean,0.6172506738544474
E4,fakeddit_real_lcc,robust,2,p0.6,spearman_alpha_delta_mean,0.5978812711314151
E4,fakeddit_real_lcc,robust,2,p0.6,spearman_alpha_delta,0.6220741111752733
E4,fakeddit_real_lcc,robust,2,p0.6,spearman_posthoc_delta,0.6260142813095426
E4,fakeddit_real_lcc,robust,2,p0.6,spearman_normshare_delta,0.4357107913715119
E4,fakeddit_real_lcc,robust,2,p0.6,spearman_alpha_tvc,0.6568158897332679
E4,fakeddit_real_lcc,robust,2,p0.6,spearman_alpha_tvs,-0.5046367148337849
E4,fakeddit_real_lcc,robust,2,p0.6,mean_tv_content,0.09477384290847811
E4,fakeddit_real_lcc,robust,2,p0.6,mean_tv_structure,0.6254721827599125
E4,fakeddit_real_lcc,robust,2,p0.6,flip_content,0.03504043126684636
E4,fakeddit_real_lcc,robust,2,p0.6,flip_structure,0.7978436657681941
E4,fakeddit_real_lcc,robust,2,p0.6,alpha_std,0.16664450224312774
E4,fakeddit_real_lcc,robust,2,p0.6,flip_content_T1,0.024193548387096774
E4,fakeddit_real_lcc,robust,2,p0.6,flip_structure_T1,0.8064516129032258
E4,fakeddit_real_lcc,robust,2,p0.6,alpha_mean_T1,0.14999999999999994
E4,fakeddit_real_lcc,robust,2,p0.6,flip_content_T2,0.056451612903225805
E4,fakeddit_real_lcc,robust,2,p0.6,flip_structure_T2,0.782258064516129
E4,fakeddit_real_lcc,robust,2,p0.6,alpha_mean_T2,0.14999999999999994
E4,fakeddit_real_lcc,robust,2,p0.6,flip_content_T3,0.024390243902439025
E4,fakeddit_real_lcc,robust,2,p0.6,flip_structure_T3,0.8048780487804879
E4,fakeddit_real_lcc,robust,2,p0.6,alpha_mean_T3,0.4013884079464751
E4,fakeddit_real_lcc,robust,2,p0.6,flag_consistency,1.0
E4,fakeddit_real_lcc,robust,2,p0.6|both,n_nodes,84
E4,fakeddit_real_lcc,robust,2,p0.6|both,mean_alpha,0.5181044544930528
E4,fakeddit_real_lcc,robust,2,p0.6|both,mean_confidence,0.525863506418647
E4,fakeddit_real_lcc,robust,2,p0.6|both,frac_alpha_at_min,0.0
E4,fakeddit_real_lcc,robust,2,p0.6|both,flag_match,1.0
E4,fakeddit_real_lcc,robust,2,p0.6|text_only,n_nodes,142
E4,fakeddit_real_lcc,robust,2,p0.6|text_only,mean_alpha,0.15
E4,fakeddit_real_lcc,robust,2,p0.6|text_only,mean_confidence,0.0
E4,fakeddit_real_lcc,robust,2,p0.6|text_only,frac_alpha_at_min,1.0
E4,fakeddit_real_lcc,robust,2,p0.6|text_only,flag_match,1.0
E4,fakeddit_real_lcc,robust,2,p0.6|image_only,n_nodes,145
E4,fakeddit_real_lcc,robust,2,p0.6|image_only,mean_alpha,0.15
E4,fakeddit_real_lcc,robust,2,p0.6|image_only,mean_confidence,0.0
E4,fakeddit_real_lcc,robust,2,p0.6|image_only,frac_alpha_at_min,1.0
E4,fakeddit_real_lcc,robust,2,p0.6|image_only,flag_match,1.0
E4,fakeddit_real_lcc,robust,2,p0.6|none,n_nodes,221
E4,fakeddit_real_lcc,robust,2,p0.6|none,mean_alpha,0.14999999999999994
E4,fakeddit_real_lcc,robust,2,p0.6|none,mean_confidence,0.0
E4,fakeddit_real_lcc,robust,2,p0.6|none,frac_alpha_at_min,1.0
E4,fakeddit_real_lcc,robust,2,p0.6|none,flag_match,1.0
_,fakeddit_real_lcc,robust,2,e4|fakeddit_real_lcc|robust|p0.6|2,_done,0.11
E4,fakeddit_real_lcc,robust,4,p0.6,recon_maxabs,0.0
E4,fakeddit_real_lcc,robust,4,p0.6,n_with_content,384
E4,fakeddit_real_lcc,robust,4,p0.6,n_nodes,592
E4,fakeddit_real_lcc,robust,4,p0.6,flip_content_mean,0.03125
E4,fakeddit_real_lcc,robust,4,p0.6,flip_structure_mean,0.609375
E4,fakeddit_real_lcc,robust,4,p0.6,spearman_alpha_delta_mean,0.629029930797238
E4,fakeddit_real_lcc,robust,4,p0.6,spearman_alpha_delta,0.647673745107179
E4,fakeddit_real_lcc,robust,4,p0.6,spearman_posthoc_delta,0.6532773564980363
E4,fakeddit_real_lcc,robust,4,p0.6,spearman_normshare_delta,0.4897901541106442
E4,fakeddit_real_lcc,robust,4,p0.6,spearman_alpha_tvc,0.6437503269663761
E4,fakeddit_real_lcc,robust,4,p0.6,spearman_alpha_tvs,-0.5271911923724266
E4,fakeddit_real_lcc,robust,4,p0.6,mean_tv_content,0.10357413042881236
E4,fakeddit_real_lcc,robust,4,p0.6,mean_tv_structure,0.62714348502231
E4,fakeddit_real_lcc,robust,4,p0.6,flip_content,0.03125
E4,fakeddit_real_lcc,robust,4,p0.6,flip_structure,0.7734375
E4,fakeddit_real_lcc,robust,4,p0.6,alpha_std,0.1732468332836407
E4,fakeddit_real_lcc,robust,4,p0.6,flip_content_T1,0.03125
E4,fakeddit_real_lcc,robust,4,p0.6,flip_structure_T1,0.7734375
E4,fakeddit_real_lcc,robust,4,p0.6,alpha_mean_T1,0.14999999999999997
E4,fakeddit_real_lcc,robust,4,p0.6,flip_content_T2,0.0390625
E4,fakeddit_real_lcc,robust,4,p0.6,flip_structure_T2,0.8046875
E4,fakeddit_real_lcc,robust,4,p0.6,alpha_mean_T2,0.14999999999999997
E4,fakeddit_real_lcc,robust,4,p0.6,flip_content_T3,0.0234375
E4,fakeddit_real_lcc,robust,4,p0.6,flip_structure_T3,0.7421875
E4,fakeddit_real_lcc,robust,4,p0.6,alpha_mean_T3,0.4185883596163086
E4,fakeddit_real_lcc,robust,4,p0.6,flag_consistency,1.0
E4,fakeddit_real_lcc,robust,4,p0.6|both,n_nodes,91
E4,fakeddit_real_lcc,robust,4,p0.6|both,mean_alpha,0.5277946157240384
E4,fakeddit_real_lcc,robust,4,p0.6|both,mean_confidence,0.5397065938914835
E4,fakeddit_real_lcc,robust,4,p0.6|both,frac_alpha_at_min,0.0
E4,fakeddit_real_lcc,robust,4,p0.6|both,flag_match,1.0
E4,fakeddit_real_lcc,robust,4,p0.6|text_only,n_nodes,142
E4,fakeddit_real_lcc,robust,4,p0.6|text_only,mean_alpha,0.15
E4,fakeddit_real_lcc,robust,4,p0.6|text_only,mean_confidence,0.0
E4,fakeddit_real_lcc,robust,4,p0.6|text_only,frac_alpha_at_min,1.0
E4,fakeddit_real_lcc,robust,4,p0.6|text_only,flag_match,1.0
E4,fakeddit_real_lcc,robust,4,p0.6|image_only,n_nodes,151
E4,fakeddit_real_lcc,robust,4,p0.6|image_only,mean_alpha,0.15
E4,fakeddit_real_lcc,robust,4,p0.6|image_only,mean_confidence,0.0
E4,fakeddit_real_lcc,robust,4,p0.6|image_only,frac_alpha_at_min,1.0
E4,fakeddit_real_lcc,robust,4,p0.6|image_only,flag_match,1.0
E4,fakeddit_real_lcc,robust,4,p0.6|none,n_nodes,208
E4,fakeddit_real_lcc,robust,4,p0.6|none,mean_alpha,0.14999999999999997
E4,fakeddit_real_lcc,robust,4,p0.6|none,mean_confidence,0.0
E4,fakeddit_real_lcc,robust,4,p0.6|none,frac_alpha_at_min,1.0
E4,fakeddit_real_lcc,robust,4,p0.6|none,flag_match,1.0
_,fakeddit_real_lcc,robust,4,e4|fakeddit_real_lcc|robust|p0.6|4,_done,0.12
E4,fakeddit_real_lcc,robust,3,p0.6,recon_maxabs,0.0
E4,fakeddit_real_lcc,robust,3,p0.6,n_with_content,371
E4,fakeddit_real_lcc,robust,3,p0.6,n_nodes,592
E4,fakeddit_real_lcc,robust,3,p0.6,flip_content_mean,0.0026954177897574125
E4,fakeddit_real_lcc,robust,3,p0.6,flip_structure_mean,0.6307277628032345
E4,fakeddit_real_lcc,robust,3,p0.6,spearman_alpha_delta_mean,0.5938246032447513
E4,fakeddit_real_lcc,robust,3,p0.6,spearman_alpha_delta,0.6201913965489502
E4,fakeddit_real_lcc,robust,3,p0.6,spearman_posthoc_delta,0.5659657334736122
E4,fakeddit_real_lcc,robust,3,p0.6,spearman_normshare_delta,0.36479078903657325
E4,fakeddit_real_lcc,robust,3,p0.6,spearman_alpha_tvc,0.669245065461154
E4,fakeddit_real_lcc,robust,3,p0.6,spearman_alpha_tvs,-0.5088212890418978
E4,fakeddit_real_lcc,robust,3,p0.6,mean_tv_content,0.10467899424409992
E4,fakeddit_real_lcc,robust,3,p0.6,mean_tv_structure,0.6189102568369614
E4,fakeddit_real_lcc,robust,3,p0.6,flip_content,0.0026954177897574125
E4,fakeddit_real_lcc,robust,3,p0.6,flip_structure,0.7601078167115903
E4,fakeddit_real_lcc,robust,3,p0.6,alpha_std,0.17211375511841626
E4,fakeddit_real_lcc,robust,3,p0.6,flip_content_T1,0.0
E4,fakeddit_real_lcc,robust,3,p0.6,flip_structure_T1,0.8225806451612904
E4,fakeddit_real_lcc,robust,3,p0.6,alpha_mean_T1,0.14999999999999994
E4,fakeddit_real_lcc,robust,3,p0.6,flip_content_T2,0.008064516129032258
E4,fakeddit_real_lcc,robust,3,p0.6,flip_structure_T2,0.782258064516129
E4,fakeddit_real_lcc,robust,3,p0.6,alpha_mean_T2,0.14999999999999994
E4,fakeddit_real_lcc,robust,3,p0.6,flip_content_T3,0.0
E4,fakeddit_real_lcc,robust,3,p0.6,flip_structure_T3,0.6747967479674797
E4,fakeddit_real_lcc,robust,3,p0.6,alpha_mean_T3,0.4342087720396944
E4,fakeddit_real_lcc,robust,3,p0.6,flag_consistency,1.0
E4,fakeddit_real_lcc,robust,3,p0.6|both,n_nodes,98
E4,fakeddit_real_lcc,robust,3,p0.6|both,mean_alpha,0.5067110098049226
E4,fakeddit_real_lcc,robust,3,p0.6|both,mean_confidence,0.509587156864175
E4,fakeddit_real_lcc,robust,3,p0.6|both,frac_alpha_at_min,0.0
E4,fakeddit_real_lcc,robust,3,p0.6|both,flag_match,1.0
E4,fakeddit_real_lcc,robust,3,p0.6|text_only,n_nodes,135
E4,fakeddit_real_lcc,robust,3,p0.6|text_only,mean_alpha,0.15
E4,fakeddit_real_lcc,robust,3,p0.6|text_only,mean_confidence,0.0
E4,fakeddit_real_lcc,robust,3,p0.6|text_only,frac_alpha_at_min,1.0
E4,fakeddit_real_lcc,robust,3,p0.6|text_only,flag_match,1.0
E4,fakeddit_real_lcc,robust,3,p0.6|image_only,n_nodes,138
E4,fakeddit_real_lcc,robust,3,p0.6|image_only,mean_alpha,0.15
E4,fakeddit_real_lcc,robust,3,p0.6|image_only,mean_confidence,0.0
E4,fakeddit_real_lcc,robust,3,p0.6|image_only,frac_alpha_at_min,1.0
E4,fakeddit_real_lcc,robust,3,p0.6|image_only,flag_match,1.0
E4,fakeddit_real_lcc,robust,3,p0.6|none,n_nodes,221
E4,fakeddit_real_lcc,robust,3,p0.6|none,mean_alpha,0.14999999999999994
E4,fakeddit_real_lcc,robust,3,p0.6|none,mean_confidence,0.0
E4,fakeddit_real_lcc,robust,3,p0.6|none,frac_alpha_at_min,1.0
E4,fakeddit_real_lcc,robust,3,p0.6|none,flag_match,1.0
_,fakeddit_real_lcc,robust,3,e4|fakeddit_real_lcc|robust|p0.6|3,_done,0.17
E4,fakeddit_real_lcc,robust,4,p0.2,recon_maxabs,0.0
E4,fakeddit_real_lcc,robust,4,p0.2,n_with_content,569
E4,fakeddit_real_lcc,robust,4,p0.2,n_nodes,592
E4,fakeddit_real_lcc,robust,4,p0.2,flip_content_mean,0.012302284710017574
E4,fakeddit_real_lcc,robust,4,p0.2,flip_structure_mean,0.9349736379613357
E4,fakeddit_real_lcc,robust,4,p0.2,spearman_alpha_delta_mean,0.8022887587059667
E4,fakeddit_real_lcc,robust,4,p0.2,spearman_alpha_delta,0.8174038850151886
E4,fakeddit_real_lcc,robust,4,p0.2,spearman_posthoc_delta,0.4087882995510128
E4,fakeddit_real_lcc,robust,4,p0.2,spearman_normshare_delta,0.7925309302510184
E4,fakeddit_real_lcc,robust,4,p0.2,spearman_alpha_tvc,0.6697578397533913
E4,fakeddit_real_lcc,robust,4,p0.2,spearman_alpha_tvs,-0.4896869768461871
E4,fakeddit_real_lcc,robust,4,p0.2,mean_tv_content,0.2697955272825817
E4,fakeddit_real_lcc,robust,4,p0.2,mean_tv_structure,0.3608251685106383
E4,fakeddit_real_lcc,robust,4,p0.2,flip_content,0.012302284710017574
E4,fakeddit_real_lcc,robust,4,p0.2,flip_structure,0.7047451669595782
E4,fakeddit_real_lcc,robust,4,p0.2,alpha_std,0.22052247835134617
E4,fakeddit_real_lcc,robust,4,p0.2,flip_content_T1,0.021052631578947368
E4,fakeddit_real_lcc,robust,4,p0.2,flip_structure_T1,0.7315789473684211
E4,fakeddit_real_lcc,robust,4,p0.2,alpha_mean_T1,0.15522558107997983
E4,fakeddit_real_lcc,robust,4,p0.2,flip_content_T2,0.0
E4,fakeddit_real_lcc,robust,4,p0.2,flip_structure_T2,0.7157894736842105
E4,fakeddit_real_lcc,robust,4,p0.2,alpha_mean_T2,0.5221157163090121
E4,fakeddit_real_lcc,robust,4,p0.2,flip_content_T3,0.015873015873015872
E4,fakeddit_real_lcc,robust,4,p0.2,flip_structure_T3,0.6666666666666666
E4,fakeddit_real_lcc,robust,4,p0.2,alpha_mean_T3,0.6550972152520684
E4,fakeddit_real_lcc,robust,4,p0.2,flag_consistency,1.0
E4,fakeddit_real_lcc,robust,4,p0.2|both,n_nodes,392
E4,fakeddit_real_lcc,robust,4,p0.2|both,mean_alpha,0.5764240310881362
E4,fakeddit_real_lcc,robust,4,p0.2|both,mean_confidence,0.609177187268766
E4,fakeddit_real_lcc,robust,4,p0.2|both,frac_alpha_at_min,0.0
E4,fakeddit_real_lcc,robust,4,p0.2|both,flag_match,1.0
E4,fakeddit_real_lcc,robust,4,p0.2|text_only,n_nodes,91
E4,fakeddit_real_lcc,robust,4,p0.2|text_only,mean_alpha,0.15
E4,fakeddit_real_lcc,robust,4,p0.2|text_only,mean_confidence,0.0
E4,fakeddit_real_lcc,robust,4,p0.2|text_only,frac_alpha_at_min,1.0
E4,fakeddit_real_lcc,robust,4,p0.2|text_only,flag_match,1.0
E4,fakeddit_real_lcc,robust,4,p0.2|image_only,n_nodes,86
E4,fakeddit_real_lcc,robust,4,p0.2|image_only,mean_alpha,0.15
E4,fakeddit_real_lcc,robust,4,p0.2|image_only,mean_confidence,0.0
E4,fakeddit_real_lcc,robust,4,p0.2|image_only,frac_alpha_at_min,1.0
E4,fakeddit_real_lcc,robust,4,p0.2|image_only,flag_match,1.0
E4,fakeddit_real_lcc,robust,4,p0.2|none,n_nodes,23
E4,fakeddit_real_lcc,robust,4,p0.2|none,mean_alpha,0.14999999999999997
E4,fakeddit_real_lcc,robust,4,p0.2|none,mean_confidence,0.0
E4,fakeddit_real_lcc,robust,4,p0.2|none,frac_alpha_at_min,1.0
E4,fakeddit_real_lcc,robust,4,p0.2|none,flag_match,1.0
_,fakeddit_real_lcc,robust,4,e4|fakeddit_real_lcc|robust|p0.2|4,_done,0.42
E3,crisismmd,default,-1,pair0-1,ari,0.8609498934447081
E3,crisismmd,default,-1,pair0-1,nmi,0.8569155867489062
E3,crisismmd,default,-1,pair0-1,same_alpha_bin,0.8525
E3,crisismmd,default,-1,pair0-1,same_term,0.855
E3,crisismmd,default,-1,pair0-1,same_flag,1.0
E3,crisismmd,default,-1,pair0-1,same_explanation,0.72875
E3,crisismmd,default,-1,pair0-1,rule_same_dominant,0.4
E3,crisismmd,default,-1,pair0-1,rule_same_dominant_weighted,0.34478371501272265
E3,crisismmd,default,-1,pair0-1,rule_bins_common,5.0
E3,crisismmd,default,-1,pair0-2,ari,0.9482668890648472
E3,crisismmd,default,-1,pair0-2,nmi,0.9007150031429403
E3,crisismmd,default,-1,pair0-2,same_alpha_bin,0.81125
E3,crisismmd,default,-1,pair0-2,same_term,0.83
E3,crisismmd,default,-1,pair0-2,same_flag,1.0
E3,crisismmd,default,-1,pair0-2,same_explanation,0.6725
E3,crisismmd,default,-1,pair0-2,rule_same_dominant,0.2
E3,crisismmd,default,-1,pair0-2,rule_same_dominant_weighted,0.3333333333333333
E3,crisismmd,default,-1,pair0-2,rule_bins_common,5.0
E3,crisismmd,default,-1,pair0-3,ari,0.9582983699663916
E3,crisismmd,default,-1,pair0-3,nmi,0.9088954949540619
E3,crisismmd,default,-1,pair0-3,same_alpha_bin,0.8525
E3,crisismmd,default,-1,pair0-3,same_term,0.85375
E3,crisismmd,default,-1,pair0-3,same_flag,1.0
E3,crisismmd,default,-1,pair0-3,same_explanation,0.7325
E3,crisismmd,default,-1,pair0-3,rule_same_dominant,1.0
E3,crisismmd,default,-1,pair0-3,rule_same_dominant_weighted,1.0
E3,crisismmd,default,-1,pair0-3,rule_bins_common,5.0
E3,crisismmd,default,-1,pair0-4,ari,0.8614462871813249
E3,crisismmd,default,-1,pair0-4,nmi,0.8557109081709562
E3,crisismmd,default,-1,pair0-4,same_alpha_bin,0.8125
E3,crisismmd,default,-1,pair0-4,same_term,0.83375
E3,crisismmd,default,-1,pair0-4,same_flag,1.0
E3,crisismmd,default,-1,pair0-4,same_explanation,0.6825
E3,crisismmd,default,-1,pair0-4,rule_same_dominant,0.4
E3,crisismmd,default,-1,pair0-4,rule_same_dominant_weighted,0.7484116899618806
E3,crisismmd,default,-1,pair0-4,rule_bins_common,5.0
E3,crisismmd,default,-1,pair1-2,ari,0.8602205397001148
E3,crisismmd,default,-1,pair1-2,nmi,0.8599740212068947
E3,crisismmd,default,-1,pair1-2,same_alpha_bin,0.82625
E3,crisismmd,default,-1,pair1-2,same_term,0.82875
E3,crisismmd,default,-1,pair1-2,same_flag,1.0
E3,crisismmd,default,-1,pair1-2,same_explanation,0.675
E3,crisismmd,default,-1,pair1-2,rule_same_dominant,0.2
E3,crisismmd,default,-1,pair1-2,rule_same_dominant_weighted,0.33121827411167515
E3,crisismmd,default,-1,pair1-2,rule_bins_common,5.0
E3,crisismmd,default,-1,pair1-3,ari,0.8530377006169627
E3,crisismmd,default,-1,pair1-3,nmi,0.8451511262144334
E3,crisismmd,default,-1,pair1-3,same_alpha_bin,0.8675
E3,crisismmd,default,-1,pair1-3,same_term,0.86125
E3,crisismmd,default,-1,pair1-3,same_flag,1.0
E3,crisismmd,default,-1,pair1-3,same_explanation,0.755
E3,crisismmd,default,-1,pair1-3,rule_same_dominant,0.4
E3,crisismmd,default,-1,pair1-3,rule_same_dominant_weighted,0.3413400758533502
E3,crisismmd,default,-1,pair1-3,rule_bins_common,5.0
E3,crisismmd,default,-1,pair1-4,ari,0.9477223297533595
E3,crisismmd,default,-1,pair1-4,nmi,0.9345143412592325
E3,crisismmd,default,-1,pair1-4,same_alpha_bin,0.845
E3,crisismmd,default,-1,pair1-4,same_term,0.83875
E3,crisismmd,default,-1,pair1-4,same_flag,1.0
E3,crisismmd,default,-1,pair1-4,same_explanation,0.70375
E3,crisismmd,default,-1,pair1-4,rule_same_dominant,0.4
E3,crisismmd,default,-1,pair1-4,rule_same_dominant_weighted,0.5324015247776366
E3,crisismmd,default,-1,pair1-4,rule_bins_common,5.0
E3,crisismmd,default,-1,pair2-3,ari,0.9497269927133954
E3,crisismmd,default,-1,pair2-3,nmi,0.8924286962800505
E3,crisismmd,default,-1,pair2-3,same_alpha_bin,0.81875
E3,crisismmd,default,-1,pair2-3,same_term,0.81375
E3,crisismmd,default,-1,pair2-3,same_flag,1.0
E3,crisismmd,default,-1,pair2-3,same_explanation,0.66
E3,crisismmd,default,-1,pair2-3,rule_same_dominant,0.2
E3,crisismmd,default,-1,pair2-3,rule_same_dominant_weighted,0.3291139240506329
E3,crisismmd,default,-1,pair2-3,rule_bins_common,5.0
E3,crisismmd,default,-1,pair2-4,ari,0.8576422781726529
E3,crisismmd,default,-1,pair2-4,nmi,0.8525832957626407
E3,crisismmd,default,-1,pair2-4,same_alpha_bin,0.84375
E3,crisismmd,default,-1,pair2-4,same_term,0.84125
E3,crisismmd,default,-1,pair2-4,same_flag,1.0
E3,crisismmd,default,-1,pair2-4,same_explanation,0.7025
E3,crisismmd,default,-1,pair2-4,rule_same_dominant,0.4
E3,crisismmd,default,-1,pair2-4,rule_same_dominant_weighted,0.3531645569620253
E3,crisismmd,default,-1,pair2-4,rule_bins_common,5.0
E3,crisismmd,default,-1,pair3-4,ari,0.8555638176165169
E3,crisismmd,default,-1,pair3-4,nmi,0.8520640939870939
E3,crisismmd,default,-1,pair3-4,same_alpha_bin,0.83
E3,crisismmd,default,-1,pair3-4,same_term,0.81375
E3,crisismmd,default,-1,pair3-4,same_flag,1.0
E3,crisismmd,default,-1,pair3-4,same_explanation,0.675
E3,crisismmd,default,-1,pair3-4,rule_same_dominant,0.4
E3,crisismmd,default,-1,pair3-4,rule_same_dominant_weighted,0.7481108312342569
E3,crisismmd,default,-1,pair3-4,rule_bins_common,5.0
E3,crisismmd,default,-1,e3|crisismmd|default,_done,5
E3,crisismmd,robust,-1,pair0-1,ari,0.98831377341655
E3,crisismmd,robust,-1,pair0-1,nmi,0.9740316246732765
E3,crisismmd,robust,-1,pair0-1,same_alpha_bin,0.8525
E3,crisismmd,robust,-1,pair0-1,same_term,0.855
E3,crisismmd,robust,-1,pair0-1,same_flag,1.0
E3,crisismmd,robust,-1,pair0-1,same_explanation,0.72875
E3,crisismmd,robust,-1,pair0-1,rule_same_dominant,0.8
E3,crisismmd,robust,-1,pair0-1,rule_same_dominant_weighted,0.9720101781170484
E3,crisismmd,robust,-1,pair0-1,rule_bins_common,5.0
E3,crisismmd,robust,-1,pair0-2,ari,0.8775355454701033
E3,crisismmd,robust,-1,pair0-2,nmi,0.886943232899318
E3,crisismmd,robust,-1,pair0-2,same_alpha_bin,0.81125
E3,crisismmd,robust,-1,pair0-2,same_term,0.83
E3,crisismmd,robust,-1,pair0-2,same_flag,1.0
E3,crisismmd,robust,-1,pair0-2,same_explanation,0.6725
E3,crisismmd,robust,-1,pair0-2,rule_same_dominant,0.4
E3,crisismmd,robust,-1,pair0-2,rule_same_dominant_weighted,0.541191381495564
E3,crisismmd,robust,-1,pair0-2,rule_bins_common,5.0
E3,crisismmd,robust,-1,pair0-3,ari,0.9917271152953901
E3,crisismmd,robust,-1,pair0-3,nmi,0.9817044143248389
E3,crisismmd,robust,-1,pair0-3,same_alpha_bin,0.8525
E3,crisismmd,robust,-1,pair0-3,same_term,0.85375
E3,crisismmd,robust,-1,pair0-3,same_flag,1.0
E3,crisismmd,robust,-1,pair0-3,same_explanation,0.7325
E3,crisismmd,robust,-1,pair0-3,rule_same_dominant,1.0
E3,crisismmd,robust,-1,pair0-3,rule_same_dominant_weighted,1.0
E3,crisismmd,robust,-1,pair0-3,rule_bins_common,5.0
E3,crisismmd,robust,-1,pair0-4,ari,0.9915079578410338
E3,crisismmd,robust,-1,pair0-4,nmi,0.9805454398631841
E3,crisismmd,robust,-1,pair0-4,same_alpha_bin,0.8125
E3,crisismmd,robust,-1,pair0-4,same_term,0.83375
E3,crisismmd,robust,-1,pair0-4,same_flag,1.0
E3,crisismmd,robust,-1,pair0-4,same_explanation,0.6825
E3,crisismmd,robust,-1,pair0-4,rule_same_dominant,0.6
E3,crisismmd,robust,-1,pair0-4,rule_same_dominant_weighted,0.9529860228716646
E3,crisismmd,robust,-1,pair0-4,rule_bins_common,5.0
E3,crisismmd,robust,-1,pair1-2,ari,0.8701490529850714
E3,crisismmd,robust,-1,pair1-2,nmi,0.877258678022713
E3,crisismmd,robust,-1,pair1-2,same_alpha_bin,0.82625
E3,crisismmd,robust,-1,pair1-2,same_term,0.82875
E3,crisismmd,robust,-1,pair1-2,same_flag,1.0
E3,crisismmd,robust,-1,pair1-2,same_explanation,0.675
E3,crisismmd,robust,-1,pair1-2,rule_same_dominant,0.6
E3,crisismmd,robust,-1,pair1-2,rule_same_dominant_weighted,0.5634517766497462
E3,crisismmd,robust,-1,pair1-2,rule_bins_common,5.0
E3,crisismmd,robust,-1,pair1-3,ari,0.9965850787944766
E3,crisismmd,robust,-1,pair1-3,nmi,0.9923169130526249
E3,crisismmd,robust,-1,pair1-3,same_alpha_bin,0.8675
E3,crisismmd,robust,-1,pair1-3,same_term,0.86125
E3,crisismmd,robust,-1,pair1-3,same_flag,1.0
E3,crisismmd,robust,-1,pair1-3,same_explanation,0.755
E3,crisismmd,robust,-1,pair1-3,rule_same_dominant,0.8
E3,crisismmd,robust,-1,pair1-3,rule_same_dominant_weighted,0.9721871049304678
E3,crisismmd,robust,-1,pair1-3,rule_bins_common,5.0
E3,crisismmd,robust,-1,pair1-4,ari,0.9936283190645979
E3,crisismmd,robust,-1,pair1-4,nmi,0.9800047538525457
E3,crisismmd,robust,-1,pair1-4,same_alpha_bin,0.845
E3,crisismmd,robust,-1,pair1-4,same_term,0.83875
E3,crisismmd,robust,-1,pair1-4,same_flag,1.0
E3,crisismmd,robust,-1,pair1-4,same_explanation,0.70375
E3,crisismmd,robust,-1,pair1-4,rule_same_dominant,0.6
E3,crisismmd,robust,-1,pair1-4,rule_same_dominant_weighted,0.9593392630241423
E3,crisismmd,robust,-1,pair1-4,rule_bins_common,5.0
E3,crisismmd,robust,-1,pair2-3,ari,0.8719362820586389
E3,crisismmd,robust,-1,pair2-3,nmi,0.8791193589417511
E3,crisismmd,robust,-1,pair2-3,same_alpha_bin,0.81875
E3,crisismmd,robust,-1,pair2-3,same_term,0.81375
E3,crisismmd,robust,-1,pair2-3,same_flag,1.0
E3,crisismmd,robust,-1,pair2-3,same_explanation,0.66
E3,crisismmd,robust,-1,pair2-3,rule_same_dominant,0.4
E3,crisismmd,robust,-1,pair2-3,rule_same_dominant_weighted,0.5303797468354431
E3,crisismmd,robust,-1,pair2-3,rule_bins_common,5.0
E3,crisismmd,robust,-1,pair2-4,ari,0.8727784561708064
E3,crisismmd,robust,-1,pair2-4,nmi,0.8806241281736328
E3,crisismmd,robust,-1,pair2-4,same_alpha_bin,0.84375
E3,crisismmd,robust,-1,pair2-4,same_term,0.84125
E3,crisismmd,robust,-1,pair2-4,same_flag,1.0
E3,crisismmd,robust,-1,pair2-4,same_explanation,0.7025
E3,crisismmd,robust,-1,pair2-4,rule_same_dominant,0.4
E3,crisismmd,robust,-1,pair2-4,rule_same_dominant_weighted,0.5303797468354431
E3,crisismmd,robust,-1,pair2-4,rule_bins_common,5.0
E3,crisismmd,robust,-1,pair3-4,ari,0.9924840546730441
E3,crisismmd,robust,-1,pair3-4,nmi,0.9796931823726687
E3,crisismmd,robust,-1,pair3-4,same_alpha_bin,0.83
E3,crisismmd,robust,-1,pair3-4,same_term,0.81375
E3,crisismmd,robust,-1,pair3-4,same_flag,1.0
E3,crisismmd,robust,-1,pair3-4,same_explanation,0.675
E3,crisismmd,robust,-1,pair3-4,rule_same_dominant,0.6
E3,crisismmd,robust,-1,pair3-4,rule_same_dominant_weighted,0.9483627204030227
E3,crisismmd,robust,-1,pair3-4,rule_bins_common,5.0
E3,crisismmd,robust,-1,e3|crisismmd|robust,_done,5
E3,fakeddit,default,-1,pair0-1,ari,0.497137433544869
E3,fakeddit,default,-1,pair0-1,nmi,0.6256541834724125
E3,fakeddit,default,-1,pair0-1,same_alpha_bin,0.8808333333333334
E3,fakeddit,default,-1,pair0-1,same_term,0.8508333333333333
E3,fakeddit,default,-1,pair0-1,same_flag,1.0
E3,fakeddit,default,-1,pair0-1,same_explanation,0.7533333333333333
E3,fakeddit,default,-1,pair0-1,rule_same_dominant,0.8
E3,fakeddit,default,-1,pair0-1,rule_same_dominant_weighted,0.9291139240506329
E3,fakeddit,default,-1,pair0-1,rule_bins_common,5.0
E3,fakeddit,default,-1,pair0-2,ari,0.5119342217091302
E3,fakeddit,default,-1,pair0-2,nmi,0.6452325354859906
E3,fakeddit,default,-1,pair0-2,same_alpha_bin,0.8766666666666667
E3,fakeddit,default,-1,pair0-2,same_term,0.8625
E3,fakeddit,default,-1,pair0-2,same_flag,1.0
E3,fakeddit,default,-1,pair0-2,same_explanation,0.7566666666666667
E3,fakeddit,default,-1,pair0-2,rule_same_dominant,0.6
E3,fakeddit,default,-1,pair0-2,rule_same_dominant_weighted,0.6159110350727117
E3,fakeddit,default,-1,pair0-2,rule_bins_common,5.0
E3,fakeddit,default,-1,pair0-3,ari,0.5384251247158446
E3,fakeddit,default,-1,pair0-3,nmi,0.682801133236212
E3,fakeddit,default,-1,pair0-3,same_alpha_bin,0.8708333333333333
E3,fakeddit,default,-1,pair0-3,same_term,0.8775
E3,fakeddit,default,-1,pair0-3,same_flag,1.0
E3,fakeddit,default,-1,pair0-3,same_explanation,0.7616666666666667
E3,fakeddit,default,-1,pair0-3,rule_same_dominant,0.2
E3,fakeddit,default,-1,pair0-3,rule_same_dominant_weighted,0.01343408900083963
E3,fakeddit,default,-1,pair0-3,rule_bins_common,5.0
E3,fakeddit,default,-1,pair0-4,ari,0.4886027773230912
E3,fakeddit,default,-1,pair0-4,nmi,0.6460747180868578
E3,fakeddit,default,-1,pair0-4,same_alpha_bin,0.8916666666666667
E3,fakeddit,default,-1,pair0-4,same_term,0.88
E3,fakeddit,default,-1,pair0-4,same_flag,1.0
E3,fakeddit,default,-1,pair0-4,same_explanation,0.785
E3,fakeddit,default,-1,pair0-4,rule_same_dominant,0.8
E3,fakeddit,default,-1,pair0-4,rule_same_dominant_weighted,0.9289340101522843
E3,fakeddit,default,-1,pair0-4,rule_bins_common,5.0
E3,fakeddit,default,-1,pair1-2,ari,0.569997089656415
E3,fakeddit,default,-1,pair1-2,nmi,0.6071011224840901
E3,fakeddit,default,-1,pair1-2,same_alpha_bin,0.8791666666666667
E3,fakeddit,default,-1,pair1-2,same_term,0.8591666666666666
E3,fakeddit,default,-1,pair1-2,same_flag,1.0
E3,fakeddit,default,-1,pair1-2,same_explanation,0.755
E3,fakeddit,default,-1,pair1-2,rule_same_dominant,0.8
E3,fakeddit,default,-1,pair1-2,rule_same_dominant_weighted,0.6866554054054054
E3,fakeddit,default,-1,pair1-2,rule_bins_common,5.0
E3,fakeddit,default,-1,pair1-3,ari,0.6956082005452168
E3,fakeddit,default,-1,pair1-3,nmi,0.726476508977217
E3,fakeddit,default,-1,pair1-3,same_alpha_bin,0.875
E3,fakeddit,default,-1,pair1-3,same_term,0.8683333333333333
E3,fakeddit,default,-1,pair1-3,same_flag,1.0
E3,fakeddit,default,-1,pair1-3,same_explanation,0.7533333333333333
E3,fakeddit,default,-1,pair1-3,rule_same_dominant,0.8
E3,fakeddit,default,-1,pair1-3,rule_same_dominant_weighted,0.6809403862300588
E3,fakeddit,default,-1,pair1-3,rule_bins_common,5.0
E3,fakeddit,default,-1,pair1-4,ari,0.7501425083103257
E3,fakeddit,default,-1,pair1-4,nmi,0.7545456879282801
E3,fakeddit,default,-1,pair1-4,same_alpha_bin,0.8875
E3,fakeddit,default,-1,pair1-4,same_term,0.8741666666666666
E3,fakeddit,default,-1,pair1-4,same_flag,1.0
E3,fakeddit,default,-1,pair1-4,same_explanation,0.775
E3,fakeddit,default,-1,pair1-4,rule_same_dominant,1.0
E3,fakeddit,default,-1,pair1-4,rule_same_dominant_weighted,1.0
E3,fakeddit,default,-1,pair1-4,rule_bins_common,5.0
E3,fakeddit,default,-1,pair2-3,ari,0.6272470895095758
E3,fakeddit,default,-1,pair2-3,nmi,0.6737341841949153
E3,fakeddit,default,-1,pair2-3,same_alpha_bin,0.8758333333333334
E3,fakeddit,default,-1,pair2-3,same_term,0.8666666666666667
E3,fakeddit,default,-1,pair2-3,same_flag,1.0
E3,fakeddit,default,-1,pair2-3,same_explanation,0.7566666666666667
E3,fakeddit,default,-1,pair2-3,rule_same_dominant,1.0
E3,fakeddit,default,-1,pair2-3,rule_same_dominant_weighted,1.0
E3,fakeddit,default,-1,pair2-3,rule_bins_common,5.0
E3,fakeddit,default,-1,pair2-4,ari,0.46280376900282677
E3,fakeddit,default,-1,pair2-4,nmi,0.5695320521521499
E3,fakeddit,default,-1,pair2-4,same_alpha_bin,0.9033333333333333
E3,fakeddit,default,-1,pair2-4,same_term,0.8866666666666667
E3,fakeddit,default,-1,pair2-4,same_flag,1.0
E3,fakeddit,default,-1,pair2-4,same_explanation,0.8008333333333333
E3,fakeddit,default,-1,pair2-4,rule_same_dominant,0.8
E3,fakeddit,default,-1,pair2-4,rule_same_dominant_weighted,0.6798964624676446
E3,fakeddit,default,-1,pair2-4,rule_bins_common,5.0
E3,fakeddit,default,-1,pair3-4,ari,0.6201779398144359
E3,fakeddit,default,-1,pair3-4,nmi,0.6844970675672649
E3,fakeddit,default,-1,pair3-4,same_alpha_bin,0.8891666666666667
E3,fakeddit,default,-1,pair3-4,same_term,0.8783333333333333
E3,fakeddit,default,-1,pair3-4,same_flag,1.0
E3,fakeddit,default,-1,pair3-4,same_explanation,0.7775
E3,fakeddit,default,-1,pair3-4,rule_same_dominant,0.8
E3,fakeddit,default,-1,pair3-4,rule_same_dominant_weighted,0.674831081081081
E3,fakeddit,default,-1,pair3-4,rule_bins_common,5.0
E3,fakeddit,default,-1,e3|fakeddit|default,_done,5
E3,fakeddit,robust,-1,pair0-1,ari,0.9611925715705356
E3,fakeddit,robust,-1,pair0-1,nmi,0.9570558360433513
E3,fakeddit,robust,-1,pair0-1,same_alpha_bin,0.8808333333333334
E3,fakeddit,robust,-1,pair0-1,same_term,0.8508333333333333
E3,fakeddit,robust,-1,pair0-1,same_flag,1.0
E3,fakeddit,robust,-1,pair0-1,same_explanation,0.7533333333333333
E3,fakeddit,robust,-1,pair0-1,rule_same_dominant,0.6
E3,fakeddit,robust,-1,pair0-1,rule_same_dominant_weighted,0.790717299578059
E3,fakeddit,robust,-1,pair0-1,rule_bins_common,5.0
E3,fakeddit,robust,-1,pair0-2,ari,0.9393710792111644
E3,fakeddit,robust,-1,pair0-2,nmi,0.9381870682226935
E3,fakeddit,robust,-1,pair0-2,same_alpha_bin,0.8766666666666667
E3,fakeddit,robust,-1,pair0-2,same_term,0.8625
E3,fakeddit,robust,-1,pair0-2,same_flag,1.0
E3,fakeddit,robust,-1,pair0-2,same_explanation,0.7566666666666667
E3,fakeddit,robust,-1,pair0-2,rule_same_dominant,0.6
E3,fakeddit,robust,-1,pair0-2,rule_same_dominant_weighted,0.7938408896492729
E3,fakeddit,robust,-1,pair0-2,rule_bins_common,5.0
E3,fakeddit,robust,-1,pair0-3,ari,0.9612055154005388
E3,fakeddit,robust,-1,pair0-3,nmi,0.9566490549663587
E3,fakeddit,robust,-1,pair0-3,same_alpha_bin,0.8708333333333333
E3,fakeddit,robust,-1,pair0-3,same_term,0.8775
E3,fakeddit,robust,-1,pair0-3,same_flag,1.0
E3,fakeddit,robust,-1,pair0-3,same_explanation,0.7616666666666667
E3,fakeddit,robust,-1,pair0-3,rule_same_dominant,0.6
E3,fakeddit,robust,-1,pair0-3,rule_same_dominant_weighted,0.47523089840470195
E3,fakeddit,robust,-1,pair0-3,rule_bins_common,5.0
E3,fakeddit,robust,-1,pair0-4,ari,0.8894194450379114
E3,fakeddit,robust,-1,pair0-4,nmi,0.9221414007514566
E3,fakeddit,robust,-1,pair0-4,same_alpha_bin,0.8916666666666667
E3,fakeddit,robust,-1,pair0-4,same_term,0.88
E3,fakeddit,robust,-1,pair0-4,same_flag,1.0
E3,fakeddit,robust,-1,pair0-4,same_explanation,0.785
E3,fakeddit,robust,-1,pair0-4,rule_same_dominant,0.8
E3,fakeddit,robust,-1,pair0-4,rule_same_dominant_weighted,0.9289340101522843
E3,fakeddit,robust,-1,pair0-4,rule_bins_common,5.0
E3,fakeddit,robust,-1,pair1-2,ari,0.9344618706090183
E3,fakeddit,robust,-1,pair1-2,nmi,0.9370204985033449
E3,fakeddit,robust,-1,pair1-2,same_alpha_bin,0.8791666666666667
E3,fakeddit,robust,-1,pair1-2,same_term,0.8591666666666666
E3,fakeddit,robust,-1,pair1-2,same_flag,1.0
E3,fakeddit,robust,-1,pair1-2,same_explanation,0.755
E3,fakeddit,robust,-1,pair1-2,rule_same_dominant,1.0
E3,fakeddit,robust,-1,pair1-2,rule_same_dominant_weighted,1.0
E3,fakeddit,robust,-1,pair1-2,rule_bins_common,5.0
E3,fakeddit,robust,-1,pair1-3,ari,0.9667689446693118
E3,fakeddit,robust,-1,pair1-3,nmi,0.9648929672651683
E3,fakeddit,robust,-1,pair1-3,same_alpha_bin,0.875
E3,fakeddit,robust,-1,pair1-3,same_term,0.8683333333333333
E3,fakeddit,robust,-1,pair1-3,same_flag,1.0
E3,fakeddit,robust,-1,pair1-3,same_explanation,0.7533333333333333
E3,fakeddit,robust,-1,pair1-3,rule_same_dominant,0.6
E3,fakeddit,robust,-1,pair1-3,rule_same_dominant_weighted,0.40302267002518893
E3,fakeddit,robust,-1,pair1-3,rule_bins_common,5.0
E3,fakeddit,robust,-1,pair1-4,ari,0.8887555604378176
E3,fakeddit,robust,-1,pair1-4,nmi,0.9246917452760792
E3,fakeddit,robust,-1,pair1-4,same_alpha_bin,0.8875
E3,fakeddit,robust,-1,pair1-4,same_term,0.8741666666666666
E3,fakeddit,robust,-1,pair1-4,same_flag,1.0
E3,fakeddit,robust,-1,pair1-4,same_explanation,0.775
E3,fakeddit,robust,-1,pair1-4,rule_same_dominant,0.8
E3,fakeddit,robust,-1,pair1-4,rule_same_dominant_weighted,0.8604255319148936
E3,fakeddit,robust,-1,pair1-4,rule_bins_common,5.0
E3,fakeddit,robust,-1,pair2-3,ari,0.9372477880110666
E3,fakeddit,robust,-1,pair2-3,nmi,0.9377602556656165
E3,fakeddit,robust,-1,pair2-3,same_alpha_bin,0.8758333333333334
E3,fakeddit,robust,-1,pair2-3,same_term,0.8666666666666667
E3,fakeddit,robust,-1,pair2-3,same_flag,1.0
E3,fakeddit,robust,-1,pair2-3,same_explanation,0.7566666666666667
E3,fakeddit,robust,-1,pair2-3,rule_same_dominant,0.6
E3,fakeddit,robust,-1,pair2-3,rule_same_dominant_weighted,0.39574468085106385
E3,fakeddit,robust,-1,pair2-3,rule_bins_common,5.0
E3,fakeddit,robust,-1,pair2-4,ari,0.8810858405153185
E3,fakeddit,robust,-1,pair2-4,nmi,0.9172844092536468
E3,fakeddit,robust,-1,pair2-4,same_alpha_bin,0.9033333333333333
E3,fakeddit,robust,-1,pair2-4,same_term,0.8866666666666667
E3,fakeddit,robust,-1,pair2-4,same_flag,1.0
E3,fakeddit,robust,-1,pair2-4,same_explanation,0.8008333333333333
E3,fakeddit,robust,-1,pair2-4,rule_same_dominant,0.8
E3,fakeddit,robust,-1,pair2-4,rule_same_dominant_weighted,0.8593615185504746
E3,fakeddit,robust,-1,pair2-4,rule_bins_common,5.0
E3,fakeddit,robust,-1,pair3-4,ari,0.8887960023894909
E3,fakeddit,robust,-1,pair3-4,nmi,0.9211227642094565
E3,fakeddit,robust,-1,pair3-4,same_alpha_bin,0.8891666666666667
E3,fakeddit,robust,-1,pair3-4,same_term,0.8783333333333333
E3,fakeddit,robust,-1,pair3-4,same_flag,1.0
E3,fakeddit,robust,-1,pair3-4,same_explanation,0.7775
E3,fakeddit,robust,-1,pair3-4,rule_same_dominant,0.8
E3,fakeddit,robust,-1,pair3-4,rule_same_dominant_weighted,0.5515202702702703
E3,fakeddit,robust,-1,pair3-4,rule_bins_common,5.0
E3,fakeddit,robust,-1,e3|fakeddit|robust,_done,5
E3,fakeddit_real_lcc,default,-1,pair0-1,ari,0.8731242094588253
E3,fakeddit_real_lcc,default,-1,pair0-1,nmi,0.7987639930793429
E3,fakeddit_real_lcc,default,-1,pair0-1,same_alpha_bin,0.8293918918918919
E3,fakeddit_real_lcc,default,-1,pair0-1,same_term,0.7736486486486487
E3,fakeddit_real_lcc,default,-1,pair0-1,same_flag,1.0
E3,fakeddit_real_lcc,default,-1,pair0-1,same_explanation,0.6469594594594594
E3,fakeddit_real_lcc,default,-1,pair0-1,rule_same_dominant,0.8
E3,fakeddit_real_lcc,default,-1,pair0-1,rule_same_dominant_weighted,0.8578856152512998
E3,fakeddit_real_lcc,default,-1,pair0-1,rule_bins_common,5.0
E3,fakeddit_real_lcc,default,-1,pair0-2,ari,0.45006271521255603
E3,fakeddit_real_lcc,default,-1,pair0-2,nmi,0.5315329809389366
E3,fakeddit_real_lcc,default,-1,pair0-2,same_alpha_bin,0.8006756756756757
E3,fakeddit_real_lcc,default,-1,pair0-2,same_term,0.7753378378378378
E3,fakeddit_real_lcc,default,-1,pair0-2,same_flag,1.0
E3,fakeddit_real_lcc,default,-1,pair0-2,same_explanation,0.6368243243243243
E3,fakeddit_real_lcc,default,-1,pair0-2,rule_same_dominant,0.2
E3,fakeddit_real_lcc,default,-1,pair0-2,rule_same_dominant_weighted,0.15061295971978983
E3,fakeddit_real_lcc,default,-1,pair0-2,rule_bins_common,5.0
E3,fakeddit_real_lcc,default,-1,pair0-3,ari,0.6093793732021039
E3,fakeddit_real_lcc,default,-1,pair0-3,nmi,0.5933963269321298
E3,fakeddit_real_lcc,default,-1,pair0-3,same_alpha_bin,0.8209459459459459
E3,fakeddit_real_lcc,default,-1,pair0-3,same_term,0.8023648648648649
E3,fakeddit_real_lcc,default,-1,pair0-3,same_flag,1.0
E3,fakeddit_real_lcc,default,-1,pair0-3,same_explanation,0.652027027027027
E3,fakeddit_real_lcc,default,-1,pair0-3,rule_same_dominant,0.6
E3,fakeddit_real_lcc,default,-1,pair0-3,rule_same_dominant_weighted,0.6338797814207651
E3,fakeddit_real_lcc,default,-1,pair0-3,rule_bins_common,5.0
E3,fakeddit_real_lcc,default,-1,pair0-4,ari,0.8414078219135105
E3,fakeddit_real_lcc,default,-1,pair0-4,nmi,0.7845906112030825
E3,fakeddit_real_lcc,default,-1,pair0-4,same_alpha_bin,0.7787162162162162
E3,fakeddit_real_lcc,default,-1,pair0-4,same_term,0.7516891891891891
E3,fakeddit_real_lcc,default,-1,pair0-4,same_flag,1.0
E3,fakeddit_real_lcc,default,-1,pair0-4,same_explanation,0.5962837837837838
E3,fakeddit_real_lcc,default,-1,pair0-4,rule_same_dominant,0.8
E3,fakeddit_real_lcc,default,-1,pair0-4,rule_same_dominant_weighted,0.8558875219683656
E3,fakeddit_real_lcc,default,-1,pair0-4,rule_bins_common,5.0
E3,fakeddit_real_lcc,default,-1,pair1-2,ari,0.44731824026744643
E3,fakeddit_real_lcc,default,-1,pair1-2,nmi,0.5246329313556364
E3,fakeddit_real_lcc,default,-1,pair1-2,same_alpha_bin,0.839527027027027
E3,fakeddit_real_lcc,default,-1,pair1-2,same_term,0.8023648648648649
E3,fakeddit_real_lcc,default,-1,pair1-2,same_flag,1.0
E3,fakeddit_real_lcc,default,-1,pair1-2,same_explanation,0.6875
E3,fakeddit_real_lcc,default,-1,pair1-2,rule_same_dominant,0.0
E3,fakeddit_real_lcc,default,-1,pair1-2,rule_same_dominant_weighted,0.0
E3,fakeddit_real_lcc,default,-1,pair1-2,rule_bins_common,5.0
E3,fakeddit_real_lcc,default,-1,pair1-3,ari,0.6339593150978394
E3,fakeddit_real_lcc,default,-1,pair1-3,nmi,0.5990929526978812
E3,fakeddit_real_lcc,default,-1,pair1-3,same_alpha_bin,0.8125
E3,fakeddit_real_lcc,default,-1,pair1-3,same_term,0.8006756756756757
E3,fakeddit_real_lcc,default,-1,pair1-3,same_flag,1.0
E3,fakeddit_real_lcc,default,-1,pair1-3,same_explanation,0.6486486486486487
E3,fakeddit_real_lcc,default,-1,pair1-3,rule_same_dominant,0.4
E3,fakeddit_real_lcc,default,-1,pair1-3,rule_same_dominant_weighted,0.5197841726618705
E3,fakeddit_real_lcc,default,-1,pair1-3,rule_bins_common,5.0
E3,fakeddit_real_lcc,default,-1,pair1-4,ari,0.8915957018070382
E3,fakeddit_real_lcc,default,-1,pair1-4,nmi,0.8156574902393342
E3,fakeddit_real_lcc,default,-1,pair1-4,same_alpha_bin,0.8175675675675675
E3,fakeddit_real_lcc,default,-1,pair1-4,same_term,0.8006756756756757
E3,fakeddit_real_lcc,default,-1,pair1-4,same_flag,1.0
E3,fakeddit_real_lcc,default,-1,pair1-4,same_explanation,0.6706081081081081
E3,fakeddit_real_lcc,default,-1,pair1-4,rule_same_dominant,1.0
E3,fakeddit_real_lcc,default,-1,pair1-4,rule_same_dominant_weighted,1.0
E3,fakeddit_real_lcc,default,-1,pair1-4,rule_bins_common,5.0
E3,fakeddit_real_lcc,default,-1,pair2-3,ari,0.5953235693578168
E3,fakeddit_real_lcc,default,-1,pair2-3,nmi,0.5298355539698558
E3,fakeddit_real_lcc,default,-1,pair2-3,same_alpha_bin,0.7972972972972973
E3,fakeddit_real_lcc,default,-1,pair2-3,same_term,0.7989864864864865
E3,fakeddit_real_lcc,default,-1,pair2-3,same_flag,1.0
E3,fakeddit_real_lcc,default,-1,pair2-3,same_explanation,0.6452702702702703
E3,fakeddit_real_lcc,default,-1,pair2-3,rule_same_dominant,0.6
E3,fakeddit_real_lcc,default,-1,pair2-3,rule_same_dominant_weighted,0.48080438756855576
E3,fakeddit_real_lcc,default,-1,pair2-3,rule_bins_common,5.0
E3,fakeddit_real_lcc,default,-1,pair2-4,ari,0.46603691902644134
E3,fakeddit_real_lcc,default,-1,pair2-4,nmi,0.5267825663015715
E3,fakeddit_real_lcc,default,-1,pair2-4,same_alpha_bin,0.785472972972973
E3,fakeddit_real_lcc,default,-1,pair2-4,same_term,0.7820945945945946
E3,fakeddit_real_lcc,default,-1,pair2-4,same_flag,1.0
E3,fakeddit_real_lcc,default,-1,pair2-4,same_explanation,0.6402027027027027
E3,fakeddit_real_lcc,default,-1,pair2-4,rule_same_dominant,0.0
E3,fakeddit_real_lcc,default,-1,pair2-4,rule_same_dominant_weighted,0.0
E3,fakeddit_real_lcc,default,-1,pair2-4,rule_bins_common,5.0
E3,fakeddit_real_lcc,default,-1,pair3-4,ari,0.652189440106779
E3,fakeddit_real_lcc,default,-1,pair3-4,nmi,0.5981288051566918
E3,fakeddit_real_lcc,default,-1,pair3-4,same_alpha_bin,0.8192567567567568
E3,fakeddit_real_lcc,default,-1,pair3-4,same_term,0.8209459459459459
E3,fakeddit_real_lcc,default,-1,pair3-4,same_flag,1.0
E3,fakeddit_real_lcc,default,-1,pair3-4,same_explanation,0.6773648648648649
E3,fakeddit_real_lcc,default,-1,pair3-4,rule_same_dominant,0.4
E3,fakeddit_real_lcc,default,-1,pair3-4,rule_same_dominant_weighted,0.5277280858676208
E3,fakeddit_real_lcc,default,-1,pair3-4,rule_bins_common,5.0
E3,fakeddit_real_lcc,default,-1,e3|fakeddit_real_lcc|default,_done,5
E3,fakeddit_real_lcc,robust,-1,pair0-1,ari,0.9912873129620549
E3,fakeddit_real_lcc,robust,-1,pair0-1,nmi,0.9884846075863738
E3,fakeddit_real_lcc,robust,-1,pair0-1,same_alpha_bin,0.8293918918918919
E3,fakeddit_real_lcc,robust,-1,pair0-1,same_term,0.7736486486486487
E3,fakeddit_real_lcc,robust,-1,pair0-1,same_flag,1.0
E3,fakeddit_real_lcc,robust,-1,pair0-1,same_explanation,0.6469594594594594
E3,fakeddit_real_lcc,robust,-1,pair0-1,rule_same_dominant,0.6
E3,fakeddit_real_lcc,robust,-1,pair0-1,rule_same_dominant_weighted,0.830155979202773
E3,fakeddit_real_lcc,robust,-1,pair0-1,rule_bins_common,5.0
E3,fakeddit_real_lcc,robust,-1,pair0-2,ari,0.9836389046906966
E3,fakeddit_real_lcc,robust,-1,pair0-2,nmi,0.9772973366916239
E3,fakeddit_real_lcc,robust,-1,pair0-2,same_alpha_bin,0.8006756756756757
E3,fakeddit_real_lcc,robust,-1,pair0-2,same_term,0.7753378378378378
E3,fakeddit_real_lcc,robust,-1,pair0-2,same_flag,1.0
E3,fakeddit_real_lcc,robust,-1,pair0-2,same_explanation,0.6368243243243243
E3,fakeddit_real_lcc,robust,-1,pair0-2,rule_same_dominant,0.6
E3,fakeddit_real_lcc,robust,-1,pair0-2,rule_same_dominant_weighted,0.7688266199649737
E3,fakeddit_real_lcc,robust,-1,pair0-2,rule_bins_common,5.0
E3,fakeddit_real_lcc,robust,-1,pair0-3,ari,0.9838893366977073
E3,fakeddit_real_lcc,robust,-1,pair0-3,nmi,0.9807232717426365
E3,fakeddit_real_lcc,robust,-1,pair0-3,same_alpha_bin,0.8209459459459459
E3,fakeddit_real_lcc,robust,-1,pair0-3,same_term,0.8023648648648649
E3,fakeddit_real_lcc,robust,-1,pair0-3,same_flag,1.0
E3,fakeddit_real_lcc,robust,-1,pair0-3,same_explanation,0.652027027027027
E3,fakeddit_real_lcc,robust,-1,pair0-3,rule_same_dominant,0.6
E3,fakeddit_real_lcc,robust,-1,pair0-3,rule_same_dominant_weighted,0.44808743169398907
E3,fakeddit_real_lcc,robust,-1,pair0-3,rule_bins_common,5.0
E3,fakeddit_real_lcc,robust,-1,pair0-4,ari,0.9834236330477995
E3,fakeddit_real_lcc,robust,-1,pair0-4,nmi,0.9786443574593932
E3,fakeddit_real_lcc,robust,-1,pair0-4,same_alpha_bin,0.7787162162162162
E3,fakeddit_real_lcc,robust,-1,pair0-4,same_term,0.7516891891891891
E3,fakeddit_real_lcc,robust,-1,pair0-4,same_flag,1.0
E3,fakeddit_real_lcc,robust,-1,pair0-4,same_explanation,0.5962837837837838
E3,fakeddit_real_lcc,robust,-1,pair0-4,rule_same_dominant,1.0
E3,fakeddit_real_lcc,robust,-1,pair0-4,rule_same_dominant_weighted,1.0
E3,fakeddit_real_lcc,robust,-1,pair0-4,rule_bins_common,5.0
E3,fakeddit_real_lcc,robust,-1,pair1-2,ari,0.9923663480441638
E3,fakeddit_real_lcc,robust,-1,pair1-2,nmi,0.9888041095614272
E3,fakeddit_real_lcc,robust,-1,pair1-2,same_alpha_bin,0.839527027027027
E3,fakeddit_real_lcc,robust,-1,pair1-2,same_term,0.8023648648648649
E3,fakeddit_real_lcc,robust,-1,pair1-2,same_flag,1.0
E3,fakeddit_real_lcc,robust,-1,pair1-2,same_explanation,0.6875
E3,fakeddit_real_lcc,robust,-1,pair1-2,rule_same_dominant,0.6
E3,fakeddit_real_lcc,robust,-1,pair1-2,rule_same_dominant_weighted,0.8942807625649913
E3,fakeddit_real_lcc,robust,-1,pair1-2,rule_bins_common,5.0
E3,fakeddit_real_lcc,robust,-1,pair1-3,ari,0.983370373034023
E3,fakeddit_real_lcc,robust,-1,pair1-3,nmi,0.9786521003074998
E3,fakeddit_real_lcc,robust,-1,pair1-3,same_alpha_bin,0.8125
E3,fakeddit_real_lcc,robust,-1,pair1-3,same_term,0.8006756756756757
E3,fakeddit_real_lcc,robust,-1,pair1-3,same_flag,1.0
E3,fakeddit_real_lcc,robust,-1,pair1-3,same_explanation,0.6486486486486487
E3,fakeddit_real_lcc,robust,-1,pair1-3,rule_same_dominant,0.6
E3,fakeddit_real_lcc,robust,-1,pair1-3,rule_same_dominant_weighted,0.5323741007194245
E3,fakeddit_real_lcc,robust,-1,pair1-3,rule_bins_common,5.0
E3,fakeddit_real_lcc,robust,-1,pair1-4,ari,0.9920816305182639
E3,fakeddit_real_lcc,robust,-1,pair1-4,nmi,0.9887549773070449
E3,fakeddit_real_lcc,robust,-1,pair1-4,same_alpha_bin,0.8175675675675675
E3,fakeddit_real_lcc,robust,-1,pair1-4,same_term,0.8006756756756757
E3,fakeddit_real_lcc,robust,-1,pair1-4,same_flag,1.0
E3,fakeddit_real_lcc,robust,-1,pair1-4,same_explanation,0.6706081081081081
E3,fakeddit_real_lcc,robust,-1,pair1-4,rule_same_dominant,0.6
E3,fakeddit_real_lcc,robust,-1,pair1-4,rule_same_dominant_weighted,0.8373287671232876
E3,fakeddit_real_lcc,robust,-1,pair1-4,rule_bins_common,5.0
E3,fakeddit_real_lcc,robust,-1,pair2-3,ari,0.983213499823892
E3,fakeddit_real_lcc,robust,-1,pair2-3,nmi,0.978610528734183
E3,fakeddit_real_lcc,robust,-1,pair2-3,same_alpha_bin,0.7972972972972973
E3,fakeddit_real_lcc,robust,-1,pair2-3,same_term,0.7989864864864865
E3,fakeddit_real_lcc,robust,-1,pair2-3,same_flag,1.0
E3,fakeddit_real_lcc,robust,-1,pair2-3,same_explanation,0.6452702702702703
E3,fakeddit_real_lcc,robust,-1,pair2-3,rule_same_dominant,0.6
E3,fakeddit_real_lcc,robust,-1,pair2-3,rule_same_dominant_weighted,0.48080438756855576
E3,fakeddit_real_lcc,robust,-1,pair2-3,rule_bins_common,5.0
E3,fakeddit_real_lcc,robust,-1,pair2-4,ari,0.9919420441267639
E3,fakeddit_real_lcc,robust,-1,pair2-4,nmi,0.9887042300871353
E3,fakeddit_real_lcc,robust,-1,pair2-4,same_alpha_bin,0.785472972972973
E3,fakeddit_real_lcc,robust,-1,pair2-4,same_term,0.7820945945945946
E3,fakeddit_real_lcc,robust,-1,pair2-4,same_flag,1.0
E3,fakeddit_real_lcc,robust,-1,pair2-4,same_explanation,0.6402027027027027
E3,fakeddit_real_lcc,robust,-1,pair2-4,rule_same_dominant,0.6
E3,fakeddit_real_lcc,robust,-1,pair2-4,rule_same_dominant_weighted,0.770293609671848
E3,fakeddit_real_lcc,robust,-1,pair2-4,rule_bins_common,5.0
E3,fakeddit_real_lcc,robust,-1,pair3-4,ari,0.9912496132662768
E3,fakeddit_real_lcc,robust,-1,pair3-4,nmi,0.9885111076288954
E3,fakeddit_real_lcc,robust,-1,pair3-4,same_alpha_bin,0.8192567567567568
E3,fakeddit_real_lcc,robust,-1,pair3-4,same_term,0.8209459459459459
E3,fakeddit_real_lcc,robust,-1,pair3-4,same_flag,1.0
E3,fakeddit_real_lcc,robust,-1,pair3-4,same_explanation,0.6773648648648649
E3,fakeddit_real_lcc,robust,-1,pair3-4,rule_same_dominant,0.6
E3,fakeddit_real_lcc,robust,-1,pair3-4,rule_same_dominant_weighted,0.4257602862254025
E3,fakeddit_real_lcc,robust,-1,pair3-4,rule_bins_common,5.0
E3,fakeddit_real_lcc,robust,-1,e3|fakeddit_real_lcc|robust,_done,5
E3,pheme,default,-1,pair0-1,ari,0.16654576881833322
E3,pheme,default,-1,pair0-1,nmi,0.29404442272905706
E3,pheme,default,-1,pair0-1,same_alpha_bin,1.0
E3,pheme,default,-1,pair0-1,same_term,1.0
E3,pheme,default,-1,pair0-1,same_flag,1.0
E3,pheme,default,-1,pair0-1,same_explanation,1.0
E3,pheme,default,-1,pair0-1,rule_same_dominant,0.0
E3,pheme,default,-1,pair0-1,rule_same_dominant_weighted,0.0
E3,pheme,default,-1,pair0-1,rule_bins_common,1.0
E3,pheme,default,-1,pair0-2,ari,0.14562911098301076
E3,pheme,default,-1,pair0-2,nmi,0.2601583958906796
E3,pheme,default,-1,pair0-2,same_alpha_bin,1.0
E3,pheme,default,-1,pair0-2,same_term,1.0
E3,pheme,default,-1,pair0-2,same_flag,1.0
E3,pheme,default,-1,pair0-2,same_explanation,1.0
E3,pheme,default,-1,pair0-2,rule_same_dominant,0.0
E3,pheme,default,-1,pair0-2,rule_same_dominant_weighted,0.0
E3,pheme,default,-1,pair0-2,rule_bins_common,1.0
E3,pheme,default,-1,pair0-3,ari,0.12128849431475963
E3,pheme,default,-1,pair0-3,nmi,0.2646251762018453
E3,pheme,default,-1,pair0-3,same_alpha_bin,1.0
E3,pheme,default,-1,pair0-3,same_term,1.0
E3,pheme,default,-1,pair0-3,same_flag,1.0
E3,pheme,default,-1,pair0-3,same_explanation,1.0
E3,pheme,default,-1,pair0-3,rule_same_dominant,0.0
E3,pheme,default,-1,pair0-3,rule_same_dominant_weighted,0.0
E3,pheme,default,-1,pair0-3,rule_bins_common,1.0
E3,pheme,default,-1,pair0-4,ari,0.14416842934629315
E3,pheme,default,-1,pair0-4,nmi,0.29540739636393987
E3,pheme,default,-1,pair0-4,same_alpha_bin,1.0
E3,pheme,default,-1,pair0-4,same_term,1.0
E3,pheme,default,-1,pair0-4,same_flag,1.0
E3,pheme,default,-1,pair0-4,same_explanation,1.0
E3,pheme,default,-1,pair0-4,rule_same_dominant,0.0
E3,pheme,default,-1,pair0-4,rule_same_dominant_weighted,0.0
E3,pheme,default,-1,pair0-4,rule_bins_common,1.0
E3,pheme,default,-1,pair1-2,ari,0.17376205879477893
E3,pheme,default,-1,pair1-2,nmi,0.275581876691138
E3,pheme,default,-1,pair1-2,same_alpha_bin,1.0
E3,pheme,default,-1,pair1-2,same_term,1.0
E3,pheme,default,-1,pair1-2,same_flag,1.0
E3,pheme,default,-1,pair1-2,same_explanation,1.0
E3,pheme,default,-1,pair1-2,rule_same_dominant,0.0
E3,pheme,default,-1,pair1-2,rule_same_dominant_weighted,0.0
E3,pheme,default,-1,pair1-2,rule_bins_common,1.0
E3,pheme,default,-1,pair1-3,ari,0.13316008357205758
E3,pheme,default,-1,pair1-3,nmi,0.26675021085526884
E3,pheme,default,-1,pair1-3,same_alpha_bin,1.0
E3,pheme,default,-1,pair1-3,same_term,1.0
E3,pheme,default,-1,pair1-3,same_flag,1.0
E3,pheme,default,-1,pair1-3,same_explanation,1.0
E3,pheme,default,-1,pair1-3,rule_same_dominant,0.0
E3,pheme,default,-1,pair1-3,rule_same_dominant_weighted,0.0
E3,pheme,default,-1,pair1-3,rule_bins_common,1.0
E3,pheme,default,-1,pair1-4,ari,0.11993156079866145
E3,pheme,default,-1,pair1-4,nmi,0.26344110034779084
E3,pheme,default,-1,pair1-4,same_alpha_bin,1.0
E3,pheme,default,-1,pair1-4,same_term,1.0
E3,pheme,default,-1,pair1-4,same_flag,1.0
E3,pheme,default,-1,pair1-4,same_explanation,1.0
E3,pheme,default,-1,pair1-4,rule_same_dominant,0.0
E3,pheme,default,-1,pair1-4,rule_same_dominant_weighted,0.0
E3,pheme,default,-1,pair1-4,rule_bins_common,1.0
E3,pheme,default,-1,pair2-3,ari,0.15480466953048883
E3,pheme,default,-1,pair2-3,nmi,0.2584444574606617
E3,pheme,default,-1,pair2-3,same_alpha_bin,1.0
E3,pheme,default,-1,pair2-3,same_term,1.0
E3,pheme,default,-1,pair2-3,same_flag,1.0
E3,pheme,default,-1,pair2-3,same_explanation,1.0
E3,pheme,default,-1,pair2-3,rule_same_dominant,1.0
E3,pheme,default,-1,pair2-3,rule_same_dominant_weighted,1.0
E3,pheme,default,-1,pair2-3,rule_bins_common,1.0
E3,pheme,default,-1,pair2-4,ari,0.14912431844060392
E3,pheme,default,-1,pair2-4,nmi,0.29805053902025447
E3,pheme,default,-1,pair2-4,same_alpha_bin,1.0
E3,pheme,default,-1,pair2-4,same_term,1.0
E3,pheme,default,-1,pair2-4,same_flag,1.0
E3,pheme,default,-1,pair2-4,same_explanation,1.0
E3,pheme,default,-1,pair2-4,rule_same_dominant,0.0
E3,pheme,default,-1,pair2-4,rule_same_dominant_weighted,0.0
E3,pheme,default,-1,pair2-4,rule_bins_common,1.0
E3,pheme,default,-1,pair3-4,ari,0.13033874872045983
E3,pheme,default,-1,pair3-4,nmi,0.27753513667193624
E3,pheme,default,-1,pair3-4,same_alpha_bin,1.0
E3,pheme,default,-1,pair3-4,same_term,1.0
E3,pheme,default,-1,pair3-4,same_flag,1.0
E3,pheme,default,-1,pair3-4,same_explanation,1.0
E3,pheme,default,-1,pair3-4,rule_same_dominant,0.0
E3,pheme,default,-1,pair3-4,rule_same_dominant_weighted,0.0
E3,pheme,default,-1,pair3-4,rule_bins_common,1.0
E3,pheme,default,-1,e3|pheme|default,_done,5
E3,pheme,robust,-1,pair0-1,ari,0.14715987694526775
E3,pheme,robust,-1,pair0-1,nmi,0.25492921735623536
E3,pheme,robust,-1,pair0-1,same_alpha_bin,1.0
E3,pheme,robust,-1,pair0-1,same_term,1.0
E3,pheme,robust,-1,pair0-1,same_flag,1.0
E3,pheme,robust,-1,pair0-1,same_explanation,1.0
E3,pheme,robust,-1,pair0-1,rule_same_dominant,0.0
E3,pheme,robust,-1,pair0-1,rule_same_dominant_weighted,0.0
E3,pheme,robust,-1,pair0-1,rule_bins_common,1.0
E3,pheme,robust,-1,pair0-2,ari,0.18120306503290493
E3,pheme,robust,-1,pair0-2,nmi,0.26538819211981557
E3,pheme,robust,-1,pair0-2,same_alpha_bin,1.0
E3,pheme,robust,-1,pair0-2,same_term,1.0
E3,pheme,robust,-1,pair0-2,same_flag,1.0
E3,pheme,robust,-1,pair0-2,same_explanation,1.0
E3,pheme,robust,-1,pair0-2,rule_same_dominant,0.0
E3,pheme,robust,-1,pair0-2,rule_same_dominant_weighted,0.0
E3,pheme,robust,-1,pair0-2,rule_bins_common,1.0
E3,pheme,robust,-1,pair0-3,ari,0.16074383642168927
E3,pheme,robust,-1,pair0-3,nmi,0.264442718071147
E3,pheme,robust,-1,pair0-3,same_alpha_bin,1.0
E3,pheme,robust,-1,pair0-3,same_term,1.0
E3,pheme,robust,-1,pair0-3,same_flag,1.0
E3,pheme,robust,-1,pair0-3,same_explanation,1.0
E3,pheme,robust,-1,pair0-3,rule_same_dominant,0.0
E3,pheme,robust,-1,pair0-3,rule_same_dominant_weighted,0.0
E3,pheme,robust,-1,pair0-3,rule_bins_common,1.0
E3,pheme,robust,-1,pair0-4,ari,0.16405702641388445
E3,pheme,robust,-1,pair0-4,nmi,0.25676749895837236
E3,pheme,robust,-1,pair0-4,same_alpha_bin,1.0
E3,pheme,robust,-1,pair0-4,same_term,1.0
E3,pheme,robust,-1,pair0-4,same_flag,1.0
E3,pheme,robust,-1,pair0-4,same_explanation,1.0
E3,pheme,robust,-1,pair0-4,rule_same_dominant,0.0
E3,pheme,robust,-1,pair0-4,rule_same_dominant_weighted,0.0
E3,pheme,robust,-1,pair0-4,rule_bins_common,1.0
E3,pheme,robust,-1,pair1-2,ari,0.1584864398698077
E3,pheme,robust,-1,pair1-2,nmi,0.252840666285964
E3,pheme,robust,-1,pair1-2,same_alpha_bin,1.0
E3,pheme,robust,-1,pair1-2,same_term,1.0
E3,pheme,robust,-1,pair1-2,same_flag,1.0
E3,pheme,robust,-1,pair1-2,same_explanation,1.0
E3,pheme,robust,-1,pair1-2,rule_same_dominant,0.0
E3,pheme,robust,-1,pair1-2,rule_same_dominant_weighted,0.0
E3,pheme,robust,-1,pair1-2,rule_bins_common,1.0
E3,pheme,robust,-1,pair1-3,ari,0.11716263829716757
E3,pheme,robust,-1,pair1-3,nmi,0.20285685320815586
E3,pheme,robust,-1,pair1-3,same_alpha_bin,1.0
E3,pheme,robust,-1,pair1-3,same_term,1.0
E3,pheme,robust,-1,pair1-3,same_flag,1.0
E3,pheme,robust,-1,pair1-3,same_explanation,1.0
E3,pheme,robust,-1,pair1-3,rule_same_dominant,0.0
E3,pheme,robust,-1,pair1-3,rule_same_dominant_weighted,0.0
E3,pheme,robust,-1,pair1-3,rule_bins_common,1.0
E3,pheme,robust,-1,pair1-4,ari,0.13554679565092556
E3,pheme,robust,-1,pair1-4,nmi,0.22563454682485293
E3,pheme,robust,-1,pair1-4,same_alpha_bin,1.0
E3,pheme,robust,-1,pair1-4,same_term,1.0
E3,pheme,robust,-1,pair1-4,same_flag,1.0
E3,pheme,robust,-1,pair1-4,same_explanation,1.0
E3,pheme,robust,-1,pair1-4,rule_same_dominant,0.0
E3,pheme,robust,-1,pair1-4,rule_same_dominant_weighted,0.0
E3,pheme,robust,-1,pair1-4,rule_bins_common,1.0
E3,pheme,robust,-1,pair2-3,ari,0.1309823449183914
E3,pheme,robust,-1,pair2-3,nmi,0.19328450114286055
E3,pheme,robust,-1,pair2-3,same_alpha_bin,1.0
E3,pheme,robust,-1,pair2-3,same_term,1.0
E3,pheme,robust,-1,pair2-3,same_flag,1.0
E3,pheme,robust,-1,pair2-3,same_explanation,1.0
E3,pheme,robust,-1,pair2-3,rule_same_dominant,0.0
E3,pheme,robust,-1,pair2-3,rule_same_dominant_weighted,0.0
E3,pheme,robust,-1,pair2-3,rule_bins_common,1.0
E3,pheme,robust,-1,pair2-4,ari,0.15778113072699432
E3,pheme,robust,-1,pair2-4,nmi,0.23440704175725152
E3,pheme,robust,-1,pair2-4,same_alpha_bin,1.0
E3,pheme,robust,-1,pair2-4,same_term,1.0
E3,pheme,robust,-1,pair2-4,same_flag,1.0
E3,pheme,robust,-1,pair2-4,same_explanation,1.0
E3,pheme,robust,-1,pair2-4,rule_same_dominant,0.0
E3,pheme,robust,-1,pair2-4,rule_same_dominant_weighted,0.0
E3,pheme,robust,-1,pair2-4,rule_bins_common,1.0
E3,pheme,robust,-1,pair3-4,ari,0.12996581417584707
E3,pheme,robust,-1,pair3-4,nmi,0.2167359626318848
E3,pheme,robust,-1,pair3-4,same_alpha_bin,1.0
E3,pheme,robust,-1,pair3-4,same_term,1.0
E3,pheme,robust,-1,pair3-4,same_flag,1.0
E3,pheme,robust,-1,pair3-4,same_explanation,1.0
E3,pheme,robust,-1,pair3-4,rule_same_dominant,0.0
E3,pheme,robust,-1,pair3-4,rule_same_dominant_weighted,0.0
E3,pheme,robust,-1,pair3-4,rule_bins_common,1.0
E3,pheme,robust,-1,e3|pheme|robust,_done,5
E3,dblp,default,-1,pair0-1,ari,1.0
E3,dblp,default,-1,pair0-1,nmi,1.0
E3,dblp,default,-1,pair0-1,same_alpha_bin,1.0
E3,dblp,default,-1,pair0-1,same_term,1.0
E3,dblp,default,-1,pair0-1,same_flag,1.0
E3,dblp,default,-1,pair0-1,same_explanation,1.0
E3,dblp,default,-1,pair0-1,rule_same_dominant,1.0
E3,dblp,default,-1,pair0-1,rule_same_dominant_weighted,1.0
E3,dblp,default,-1,pair0-1,rule_bins_common,1.0
E3,dblp,default,-1,pair0-2,ari,1.0
E3,dblp,default,-1,pair0-2,nmi,1.0
E3,dblp,default,-1,pair0-2,same_alpha_bin,1.0
E3,dblp,default,-1,pair0-2,same_term,1.0
E3,dblp,default,-1,pair0-2,same_flag,1.0
E3,dblp,default,-1,pair0-2,same_explanation,1.0
E3,dblp,default,-1,pair0-2,rule_same_dominant,1.0
E3,dblp,default,-1,pair0-2,rule_same_dominant_weighted,1.0
E3,dblp,default,-1,pair0-2,rule_bins_common,1.0
E3,dblp,default,-1,pair0-3,ari,0.9101109114703035
E3,dblp,default,-1,pair0-3,nmi,0.930328254912871
E3,dblp,default,-1,pair0-3,same_alpha_bin,1.0
E3,dblp,default,-1,pair0-3,same_term,1.0
E3,dblp,default,-1,pair0-3,same_flag,1.0
E3,dblp,default,-1,pair0-3,same_explanation,1.0
E3,dblp,default,-1,pair0-3,rule_same_dominant,1.0
E3,dblp,default,-1,pair0-3,rule_same_dominant_weighted,1.0
E3,dblp,default,-1,pair0-3,rule_bins_common,1.0
E3,dblp,default,-1,pair0-4,ari,0.8628547426954557
E3,dblp,default,-1,pair0-4,nmi,0.8950390012071114
E3,dblp,default,-1,pair0-4,same_alpha_bin,1.0
E3,dblp,default,-1,pair0-4,same_term,1.0
E3,dblp,default,-1,pair0-4,same_flag,1.0
E3,dblp,default,-1,pair0-4,same_explanation,1.0
E3,dblp,default,-1,pair0-4,rule_same_dominant,1.0
E3,dblp,default,-1,pair0-4,rule_same_dominant_weighted,1.0
E3,dblp,default,-1,pair0-4,rule_bins_common,1.0
E3,dblp,default,-1,pair1-2,ari,1.0
E3,dblp,default,-1,pair1-2,nmi,1.0
E3,dblp,default,-1,pair1-2,same_alpha_bin,1.0
E3,dblp,default,-1,pair1-2,same_term,1.0
E3,dblp,default,-1,pair1-2,same_flag,1.0
E3,dblp,default,-1,pair1-2,same_explanation,1.0
E3,dblp,default,-1,pair1-2,rule_same_dominant,1.0
E3,dblp,default,-1,pair1-2,rule_same_dominant_weighted,1.0
E3,dblp,default,-1,pair1-2,rule_bins_common,1.0
E3,dblp,default,-1,pair1-3,ari,0.9101109114703035
E3,dblp,default,-1,pair1-3,nmi,0.9303282549128707
E3,dblp,default,-1,pair1-3,same_alpha_bin,1.0
E3,dblp,default,-1,pair1-3,same_term,1.0
E3,dblp,default,-1,pair1-3,same_flag,1.0
E3,dblp,default,-1,pair1-3,same_explanation,1.0
E3,dblp,default,-1,pair1-3,rule_same_dominant,1.0
E3,dblp,default,-1,pair1-3,rule_same_dominant_weighted,1.0
E3,dblp,default,-1,pair1-3,rule_bins_common,1.0
E3,dblp,default,-1,pair1-4,ari,0.8628547426954557
E3,dblp,default,-1,pair1-4,nmi,0.8950390012071113
E3,dblp,default,-1,pair1-4,same_alpha_bin,1.0
E3,dblp,default,-1,pair1-4,same_term,1.0
E3,dblp,default,-1,pair1-4,same_flag,1.0
E3,dblp,default,-1,pair1-4,same_explanation,1.0
E3,dblp,default,-1,pair1-4,rule_same_dominant,1.0
E3,dblp,default,-1,pair1-4,rule_same_dominant_weighted,1.0
E3,dblp,default,-1,pair1-4,rule_bins_common,1.0
E3,dblp,default,-1,pair2-3,ari,0.9101109114703035
E3,dblp,default,-1,pair2-3,nmi,0.9303282549128706
E3,dblp,default,-1,pair2-3,same_alpha_bin,1.0
E3,dblp,default,-1,pair2-3,same_term,1.0
E3,dblp,default,-1,pair2-3,same_flag,1.0
E3,dblp,default,-1,pair2-3,same_explanation,1.0
E3,dblp,default,-1,pair2-3,rule_same_dominant,1.0
E3,dblp,default,-1,pair2-3,rule_same_dominant_weighted,1.0
E3,dblp,default,-1,pair2-3,rule_bins_common,1.0
E3,dblp,default,-1,pair2-4,ari,0.8628547426954557
E3,dblp,default,-1,pair2-4,nmi,0.8950390012071112
E3,dblp,default,-1,pair2-4,same_alpha_bin,1.0
E3,dblp,default,-1,pair2-4,same_term,1.0
E3,dblp,default,-1,pair2-4,same_flag,1.0
E3,dblp,default,-1,pair2-4,same_explanation,1.0
E3,dblp,default,-1,pair2-4,rule_same_dominant,1.0
E3,dblp,default,-1,pair2-4,rule_same_dominant_weighted,1.0
E3,dblp,default,-1,pair2-4,rule_bins_common,1.0
E3,dblp,default,-1,pair3-4,ari,0.8567484137151887
E3,dblp,default,-1,pair3-4,nmi,0.8810665457209829
E3,dblp,default,-1,pair3-4,same_alpha_bin,1.0
E3,dblp,default,-1,pair3-4,same_term,1.0
E3,dblp,default,-1,pair3-4,same_flag,1.0
E3,dblp,default,-1,pair3-4,same_explanation,1.0
E3,dblp,default,-1,pair3-4,rule_same_dominant,1.0
E3,dblp,default,-1,pair3-4,rule_same_dominant_weighted,1.0
E3,dblp,default,-1,pair3-4,rule_bins_common,1.0
E3,dblp,default,-1,e3|dblp|default,_done,5
E3,dblp,robust,-1,pair0-1,ari,1.0
E3,dblp,robust,-1,pair0-1,nmi,1.0
E3,dblp,robust,-1,pair0-1,same_alpha_bin,1.0
E3,dblp,robust,-1,pair0-1,same_term,1.0
E3,dblp,robust,-1,pair0-1,same_flag,1.0
E3,dblp,robust,-1,pair0-1,same_explanation,1.0
E3,dblp,robust,-1,pair0-1,rule_same_dominant,1.0
E3,dblp,robust,-1,pair0-1,rule_same_dominant_weighted,1.0
E3,dblp,robust,-1,pair0-1,rule_bins_common,1.0
E3,dblp,robust,-1,pair0-2,ari,1.0
E3,dblp,robust,-1,pair0-2,nmi,1.0000000000000002
E3,dblp,robust,-1,pair0-2,same_alpha_bin,1.0
E3,dblp,robust,-1,pair0-2,same_term,1.0
E3,dblp,robust,-1,pair0-2,same_flag,1.0
E3,dblp,robust,-1,pair0-2,same_explanation,1.0
E3,dblp,robust,-1,pair0-2,rule_same_dominant,1.0
E3,dblp,robust,-1,pair0-2,rule_same_dominant_weighted,1.0
E3,dblp,robust,-1,pair0-2,rule_bins_common,1.0
E3,dblp,robust,-1,pair0-3,ari,1.0
E3,dblp,robust,-1,pair0-3,nmi,1.0
E3,dblp,robust,-1,pair0-3,same_alpha_bin,1.0
E3,dblp,robust,-1,pair0-3,same_term,1.0
E3,dblp,robust,-1,pair0-3,same_flag,1.0
E3,dblp,robust,-1,pair0-3,same_explanation,1.0
E3,dblp,robust,-1,pair0-3,rule_same_dominant,1.0
E3,dblp,robust,-1,pair0-3,rule_same_dominant_weighted,1.0
E3,dblp,robust,-1,pair0-3,rule_bins_common,1.0
E3,dblp,robust,-1,pair0-4,ari,1.0
E3,dblp,robust,-1,pair0-4,nmi,1.0
E3,dblp,robust,-1,pair0-4,same_alpha_bin,1.0
E3,dblp,robust,-1,pair0-4,same_term,1.0
E3,dblp,robust,-1,pair0-4,same_flag,1.0
E3,dblp,robust,-1,pair0-4,same_explanation,1.0
E3,dblp,robust,-1,pair0-4,rule_same_dominant,1.0
E3,dblp,robust,-1,pair0-4,rule_same_dominant_weighted,1.0
E3,dblp,robust,-1,pair0-4,rule_bins_common,1.0
E3,dblp,robust,-1,pair1-2,ari,1.0
E3,dblp,robust,-1,pair1-2,nmi,1.0000000000000002
E3,dblp,robust,-1,pair1-2,same_alpha_bin,1.0
E3,dblp,robust,-1,pair1-2,same_term,1.0
E3,dblp,robust,-1,pair1-2,same_flag,1.0
E3,dblp,robust,-1,pair1-2,same_explanation,1.0
E3,dblp,robust,-1,pair1-2,rule_same_dominant,1.0
E3,dblp,robust,-1,pair1-2,rule_same_dominant_weighted,1.0
E3,dblp,robust,-1,pair1-2,rule_bins_common,1.0
E3,dblp,robust,-1,pair1-3,ari,1.0
E3,dblp,robust,-1,pair1-3,nmi,1.0
E3,dblp,robust,-1,pair1-3,same_alpha_bin,1.0
E3,dblp,robust,-1,pair1-3,same_term,1.0
E3,dblp,robust,-1,pair1-3,same_flag,1.0
E3,dblp,robust,-1,pair1-3,same_explanation,1.0
E3,dblp,robust,-1,pair1-3,rule_same_dominant,1.0
E3,dblp,robust,-1,pair1-3,rule_same_dominant_weighted,1.0
E3,dblp,robust,-1,pair1-3,rule_bins_common,1.0
E3,dblp,robust,-1,pair1-4,ari,1.0
E3,dblp,robust,-1,pair1-4,nmi,1.0
E3,dblp,robust,-1,pair1-4,same_alpha_bin,1.0
E3,dblp,robust,-1,pair1-4,same_term,1.0
E3,dblp,robust,-1,pair1-4,same_flag,1.0
E3,dblp,robust,-1,pair1-4,same_explanation,1.0
E3,dblp,robust,-1,pair1-4,rule_same_dominant,1.0
E3,dblp,robust,-1,pair1-4,rule_same_dominant_weighted,1.0
E3,dblp,robust,-1,pair1-4,rule_bins_common,1.0
E3,dblp,robust,-1,pair2-3,ari,1.0
E3,dblp,robust,-1,pair2-3,nmi,1.0
E3,dblp,robust,-1,pair2-3,same_alpha_bin,1.0
E3,dblp,robust,-1,pair2-3,same_term,1.0
E3,dblp,robust,-1,pair2-3,same_flag,1.0
E3,dblp,robust,-1,pair2-3,same_explanation,1.0
E3,dblp,robust,-1,pair2-3,rule_same_dominant,1.0
E3,dblp,robust,-1,pair2-3,rule_same_dominant_weighted,1.0
E3,dblp,robust,-1,pair2-3,rule_bins_common,1.0
E3,dblp,robust,-1,pair2-4,ari,1.0
E3,dblp,robust,-1,pair2-4,nmi,1.0
E3,dblp,robust,-1,pair2-4,same_alpha_bin,1.0
E3,dblp,robust,-1,pair2-4,same_term,1.0
E3,dblp,robust,-1,pair2-4,same_flag,1.0
E3,dblp,robust,-1,pair2-4,same_explanation,1.0
E3,dblp,robust,-1,pair2-4,rule_same_dominant,1.0
E3,dblp,robust,-1,pair2-4,rule_same_dominant_weighted,1.0
E3,dblp,robust,-1,pair2-4,rule_bins_common,1.0
E3,dblp,robust,-1,pair3-4,ari,1.0
E3,dblp,robust,-1,pair3-4,nmi,1.0
E3,dblp,robust,-1,pair3-4,same_alpha_bin,1.0
E3,dblp,robust,-1,pair3-4,same_term,1.0
E3,dblp,robust,-1,pair3-4,same_flag,1.0
E3,dblp,robust,-1,pair3-4,same_explanation,1.0
E3,dblp,robust,-1,pair3-4,rule_same_dominant,1.0
E3,dblp,robust,-1,pair3-4,rule_same_dominant_weighted,1.0
E3,dblp,robust,-1,pair3-4,rule_bins_common,1.0
E3,dblp,robust,-1,e3|dblp|robust,_done,5
E3,amazon,default,-1,pair0-1,ari,1.0
E3,amazon,default,-1,pair0-1,nmi,1.0
E3,amazon,default,-1,pair0-1,same_alpha_bin,1.0
E3,amazon,default,-1,pair0-1,same_term,1.0
E3,amazon,default,-1,pair0-1,same_flag,1.0
E3,amazon,default,-1,pair0-1,same_explanation,1.0
E3,amazon,default,-1,pair0-1,rule_same_dominant,1.0
E3,amazon,default,-1,pair0-1,rule_same_dominant_weighted,1.0
E3,amazon,default,-1,pair0-1,rule_bins_common,1.0
E3,amazon,default,-1,pair0-2,ari,1.0
E3,amazon,default,-1,pair0-2,nmi,1.0
E3,amazon,default,-1,pair0-2,same_alpha_bin,1.0
E3,amazon,default,-1,pair0-2,same_term,1.0
E3,amazon,default,-1,pair0-2,same_flag,1.0
E3,amazon,default,-1,pair0-2,same_explanation,1.0
E3,amazon,default,-1,pair0-2,rule_same_dominant,1.0
E3,amazon,default,-1,pair0-2,rule_same_dominant_weighted,1.0
E3,amazon,default,-1,pair0-2,rule_bins_common,1.0
E3,amazon,default,-1,pair0-3,ari,1.0
E3,amazon,default,-1,pair0-3,nmi,1.0
E3,amazon,default,-1,pair0-3,same_alpha_bin,1.0
E3,amazon,default,-1,pair0-3,same_term,1.0
E3,amazon,default,-1,pair0-3,same_flag,1.0
E3,amazon,default,-1,pair0-3,same_explanation,1.0
E3,amazon,default,-1,pair0-3,rule_same_dominant,1.0
E3,amazon,default,-1,pair0-3,rule_same_dominant_weighted,1.0
E3,amazon,default,-1,pair0-3,rule_bins_common,1.0
E3,amazon,default,-1,pair0-4,ari,1.0
E3,amazon,default,-1,pair0-4,nmi,1.0
E3,amazon,default,-1,pair0-4,same_alpha_bin,1.0
E3,amazon,default,-1,pair0-4,same_term,1.0
E3,amazon,default,-1,pair0-4,same_flag,1.0
E3,amazon,default,-1,pair0-4,same_explanation,1.0
E3,amazon,default,-1,pair0-4,rule_same_dominant,1.0
E3,amazon,default,-1,pair0-4,rule_same_dominant_weighted,1.0
E3,amazon,default,-1,pair0-4,rule_bins_common,1.0
E3,amazon,default,-1,pair1-2,ari,1.0
E3,amazon,default,-1,pair1-2,nmi,1.0
E3,amazon,default,-1,pair1-2,same_alpha_bin,1.0
E3,amazon,default,-1,pair1-2,same_term,1.0
E3,amazon,default,-1,pair1-2,same_flag,1.0
E3,amazon,default,-1,pair1-2,same_explanation,1.0
E3,amazon,default,-1,pair1-2,rule_same_dominant,1.0
E3,amazon,default,-1,pair1-2,rule_same_dominant_weighted,1.0
E3,amazon,default,-1,pair1-2,rule_bins_common,1.0
E3,amazon,default,-1,pair1-3,ari,1.0
E3,amazon,default,-1,pair1-3,nmi,1.0
E3,amazon,default,-1,pair1-3,same_alpha_bin,1.0
E3,amazon,default,-1,pair1-3,same_term,1.0
E3,amazon,default,-1,pair1-3,same_flag,1.0
E3,amazon,default,-1,pair1-3,same_explanation,1.0
E3,amazon,default,-1,pair1-3,rule_same_dominant,1.0
E3,amazon,default,-1,pair1-3,rule_same_dominant_weighted,1.0
E3,amazon,default,-1,pair1-3,rule_bins_common,1.0
E3,amazon,default,-1,pair1-4,ari,1.0
E3,amazon,default,-1,pair1-4,nmi,1.0
E3,amazon,default,-1,pair1-4,same_alpha_bin,1.0
E3,amazon,default,-1,pair1-4,same_term,1.0
E3,amazon,default,-1,pair1-4,same_flag,1.0
E3,amazon,default,-1,pair1-4,same_explanation,1.0
E3,amazon,default,-1,pair1-4,rule_same_dominant,1.0
E3,amazon,default,-1,pair1-4,rule_same_dominant_weighted,1.0
E3,amazon,default,-1,pair1-4,rule_bins_common,1.0
E3,amazon,default,-1,pair2-3,ari,1.0
E3,amazon,default,-1,pair2-3,nmi,1.0
E3,amazon,default,-1,pair2-3,same_alpha_bin,1.0
E3,amazon,default,-1,pair2-3,same_term,1.0
E3,amazon,default,-1,pair2-3,same_flag,1.0
E3,amazon,default,-1,pair2-3,same_explanation,1.0
E3,amazon,default,-1,pair2-3,rule_same_dominant,1.0
E3,amazon,default,-1,pair2-3,rule_same_dominant_weighted,1.0
E3,amazon,default,-1,pair2-3,rule_bins_common,1.0
E3,amazon,default,-1,pair2-4,ari,1.0
E3,amazon,default,-1,pair2-4,nmi,1.0
E3,amazon,default,-1,pair2-4,same_alpha_bin,1.0
E3,amazon,default,-1,pair2-4,same_term,1.0
E3,amazon,default,-1,pair2-4,same_flag,1.0
E3,amazon,default,-1,pair2-4,same_explanation,1.0
E3,amazon,default,-1,pair2-4,rule_same_dominant,1.0
E3,amazon,default,-1,pair2-4,rule_same_dominant_weighted,1.0
E3,amazon,default,-1,pair2-4,rule_bins_common,1.0
E3,amazon,default,-1,pair3-4,ari,1.0
E3,amazon,default,-1,pair3-4,nmi,1.0
E3,amazon,default,-1,pair3-4,same_alpha_bin,1.0
E3,amazon,default,-1,pair3-4,same_term,1.0
E3,amazon,default,-1,pair3-4,same_flag,1.0
E3,amazon,default,-1,pair3-4,same_explanation,1.0
E3,amazon,default,-1,pair3-4,rule_same_dominant,1.0
E3,amazon,default,-1,pair3-4,rule_same_dominant_weighted,1.0
E3,amazon,default,-1,pair3-4,rule_bins_common,1.0
E3,amazon,default,-1,e3|amazon|default,_done,5
E3,amazon,robust,-1,pair0-1,ari,1.0
E3,amazon,robust,-1,pair0-1,nmi,1.0
E3,amazon,robust,-1,pair0-1,same_alpha_bin,1.0
E3,amazon,robust,-1,pair0-1,same_term,1.0
E3,amazon,robust,-1,pair0-1,same_flag,1.0
E3,amazon,robust,-1,pair0-1,same_explanation,1.0
E3,amazon,robust,-1,pair0-1,rule_same_dominant,1.0
E3,amazon,robust,-1,pair0-1,rule_same_dominant_weighted,1.0
E3,amazon,robust,-1,pair0-1,rule_bins_common,1.0
E3,amazon,robust,-1,pair0-2,ari,1.0
E3,amazon,robust,-1,pair0-2,nmi,1.0
E3,amazon,robust,-1,pair0-2,same_alpha_bin,1.0
E3,amazon,robust,-1,pair0-2,same_term,1.0
E3,amazon,robust,-1,pair0-2,same_flag,1.0
E3,amazon,robust,-1,pair0-2,same_explanation,1.0
E3,amazon,robust,-1,pair0-2,rule_same_dominant,1.0
E3,amazon,robust,-1,pair0-2,rule_same_dominant_weighted,1.0
E3,amazon,robust,-1,pair0-2,rule_bins_common,1.0
E3,amazon,robust,-1,pair0-3,ari,1.0
E3,amazon,robust,-1,pair0-3,nmi,1.0
E3,amazon,robust,-1,pair0-3,same_alpha_bin,1.0
E3,amazon,robust,-1,pair0-3,same_term,1.0
E3,amazon,robust,-1,pair0-3,same_flag,1.0
E3,amazon,robust,-1,pair0-3,same_explanation,1.0
E3,amazon,robust,-1,pair0-3,rule_same_dominant,1.0
E3,amazon,robust,-1,pair0-3,rule_same_dominant_weighted,1.0
E3,amazon,robust,-1,pair0-3,rule_bins_common,1.0
E3,amazon,robust,-1,pair0-4,ari,1.0
E3,amazon,robust,-1,pair0-4,nmi,1.0
E3,amazon,robust,-1,pair0-4,same_alpha_bin,1.0
E3,amazon,robust,-1,pair0-4,same_term,1.0
E3,amazon,robust,-1,pair0-4,same_flag,1.0
E3,amazon,robust,-1,pair0-4,same_explanation,1.0
E3,amazon,robust,-1,pair0-4,rule_same_dominant,1.0
E3,amazon,robust,-1,pair0-4,rule_same_dominant_weighted,1.0
E3,amazon,robust,-1,pair0-4,rule_bins_common,1.0
E3,amazon,robust,-1,pair1-2,ari,1.0
E3,amazon,robust,-1,pair1-2,nmi,1.0
E3,amazon,robust,-1,pair1-2,same_alpha_bin,1.0
E3,amazon,robust,-1,pair1-2,same_term,1.0
E3,amazon,robust,-1,pair1-2,same_flag,1.0
E3,amazon,robust,-1,pair1-2,same_explanation,1.0
E3,amazon,robust,-1,pair1-2,rule_same_dominant,1.0
E3,amazon,robust,-1,pair1-2,rule_same_dominant_weighted,1.0
E3,amazon,robust,-1,pair1-2,rule_bins_common,1.0
E3,amazon,robust,-1,pair1-3,ari,1.0
E3,amazon,robust,-1,pair1-3,nmi,1.0
E3,amazon,robust,-1,pair1-3,same_alpha_bin,1.0
E3,amazon,robust,-1,pair1-3,same_term,1.0
E3,amazon,robust,-1,pair1-3,same_flag,1.0
E3,amazon,robust,-1,pair1-3,same_explanation,1.0
E3,amazon,robust,-1,pair1-3,rule_same_dominant,1.0
E3,amazon,robust,-1,pair1-3,rule_same_dominant_weighted,1.0
E3,amazon,robust,-1,pair1-3,rule_bins_common,1.0
E3,amazon,robust,-1,pair1-4,ari,1.0
E3,amazon,robust,-1,pair1-4,nmi,1.0
E3,amazon,robust,-1,pair1-4,same_alpha_bin,1.0
E3,amazon,robust,-1,pair1-4,same_term,1.0
E3,amazon,robust,-1,pair1-4,same_flag,1.0
E3,amazon,robust,-1,pair1-4,same_explanation,1.0
E3,amazon,robust,-1,pair1-4,rule_same_dominant,1.0
E3,amazon,robust,-1,pair1-4,rule_same_dominant_weighted,1.0
E3,amazon,robust,-1,pair1-4,rule_bins_common,1.0
E3,amazon,robust,-1,pair2-3,ari,1.0
E3,amazon,robust,-1,pair2-3,nmi,1.0
E3,amazon,robust,-1,pair2-3,same_alpha_bin,1.0
E3,amazon,robust,-1,pair2-3,same_term,1.0
E3,amazon,robust,-1,pair2-3,same_flag,1.0
E3,amazon,robust,-1,pair2-3,same_explanation,1.0
E3,amazon,robust,-1,pair2-3,rule_same_dominant,1.0
E3,amazon,robust,-1,pair2-3,rule_same_dominant_weighted,1.0
E3,amazon,robust,-1,pair2-3,rule_bins_common,1.0
E3,amazon,robust,-1,pair2-4,ari,1.0
E3,amazon,robust,-1,pair2-4,nmi,1.0
E3,amazon,robust,-1,pair2-4,same_alpha_bin,1.0
E3,amazon,robust,-1,pair2-4,same_term,1.0
E3,amazon,robust,-1,pair2-4,same_flag,1.0
E3,amazon,robust,-1,pair2-4,same_explanation,1.0
E3,amazon,robust,-1,pair2-4,rule_same_dominant,1.0
E3,amazon,robust,-1,pair2-4,rule_same_dominant_weighted,1.0
E3,amazon,robust,-1,pair2-4,rule_bins_common,1.0
E3,amazon,robust,-1,pair3-4,ari,1.0
E3,amazon,robust,-1,pair3-4,nmi,1.0
E3,amazon,robust,-1,pair3-4,same_alpha_bin,1.0
E3,amazon,robust,-1,pair3-4,same_term,1.0
E3,amazon,robust,-1,pair3-4,same_flag,1.0
E3,amazon,robust,-1,pair3-4,same_explanation,1.0
E3,amazon,robust,-1,pair3-4,rule_same_dominant,1.0
E3,amazon,robust,-1,pair3-4,rule_same_dominant_weighted,1.0
E3,amazon,robust,-1,pair3-4,rule_bins_common,1.0
E3,amazon,robust,-1,e3|amazon|robust,_done,5
