regime,agreement,missingness,seed,method,onmi,modularity,f1,k_used,error,secs
strong_struct_weak_content,0.90,0.00,0,structure_only,1.0,0.5304506412584253,1.0,4,,1.47
strong_struct_weak_content,0.90,0.00,0,content_only,0.0,0.3210986817381798,0.4,4,,1.51
strong_struct_weak_content,0.90,0.00,0,nfmcd_alpha_fixed,0.991783851595459,0.5304506412584253,0.9984472049689441,4,,0.2
strong_struct_weak_content,0.90,0.00,0,simple_concat,0.0,0.2633203391406783,0.4,4,,1.63
strong_struct_weak_content,0.90,0.00,1,structure_only,0.9835677031909179,0.5249446749096074,0.9968944099378882,4,,0.03
strong_struct_weak_content,0.90,0.00,0,nfmcd_adaptive,0.9628424098727559,0.5304506412584253,0.9922743654627713,4,,0.18
strong_struct_weak_content,0.90,0.00,1,content_only,0.0,0.37462922908057844,0.4,4,,0.08
strong_struct_weak_content,0.90,0.00,1,spectral_content,1.0,0.5249446749096074,1.0,4,,0.14
strong_struct_weak_content,0.90,0.00,1,simple_concat,0.0,0.45767372320506194,0.4,4,,0.2
strong_struct_weak_content,0.90,0.00,2,structure_only,0.9835677031909179,0.5346922881996901,0.9968944099378882,4,,0.02
strong_struct_weak_content,0.90,0.00,1,nfmcd_alpha_fixed,1.0,0.5249446749096074,1.0,4,,0.18
strong_struct_weak_content,0.90,0.00,2,content_only,0.0,0.38790020910668316,0.4,4,,0.08
strong_struct_weak_content,0.90,0.00,1,nfmcd_adaptive,0.9773131307341074,0.5249446749096074,0.9953607852158577,4,,0.16
strong_struct_weak_content,0.90,0.00,2,spectral_content,0.9835232749786152,0.5335633829244373,0.996874877924919,4,,0.1
strong_struct_weak_content,0.90,0.00,2,simple_concat,0.0,0.5284070171637706,0.4,4,,0.2
strong_struct_weak_content,0.90,0.00,3,structure_only,0.9855292791386485,0.5202194714878272,0.9969135802469136,4,,0.03
strong_struct_weak_content,0.90,0.00,0,spectral_content,0.9835232749786152,0.5281753790548397,0.9968748779249189,4,,2.11
strong_struct_weak_content,0.90,0.00,2,nfmcd_alpha_fixed,0.9773131307341074,0.5346922881996901,0.9953607852158577,4,,0.17
strong_struct_weak_content,0.90,0.00,3,spectral_content,1.0,0.5202194714878272,1.0,4,,0.03
strong_struct_weak_content,0.90,0.00,3,content_only,0.0,0.3534693522398289,0.4,4,,0.1
strong_struct_weak_content,0.90,0.00,2,nfmcd_adaptive,0.9573424036314738,0.5346922881996901,0.9907595582219927,4,,0.18
strong_struct_weak_content,0.90,0.00,4,structure_only,0.9773131307341074,0.53762600933793,0.9953607852158577,4,,0.02
strong_struct_weak_content,0.90,0.00,3,simple_concat,0.0,0.4364368367076392,0.4,4,,0.21
strong_struct_weak_content,0.90,0.00,3,nfmcd_alpha_fixed,0.9573424036314738,0.5202194714878272,0.9907595582219926,4,,0.17
strong_struct_weak_content,0.90,0.00,4,content_only,0.0,0.4792986009019637,0.4,4,,0.09
strong_struct_weak_content,0.90,0.00,4,spectral_content,1.0,0.53762600933793,1.0,4,,0.03
strong_struct_weak_content,0.90,0.00,3,nfmcd_adaptive,0.9573424036314738,0.5202194714878272,0.9907595582219926,4,,0.16
strong_struct_weak_content,0.90,0.20,0,structure_only,1.0,0.5304506412584253,1.0,4,,0.03
strong_struct_weak_content,0.90,0.20,0,content_only,0.0,0.3830831080029507,0.4,4,,0.08
strong_struct_weak_content,0.90,0.00,4,nfmcd_alpha_fixed,1.0,0.53762600933793,1.0,4,,0.17
strong_struct_weak_content,0.90,0.20,0,spectral_content,1.0,0.5304506412584253,1.0,4,,0.03
strong_struct_weak_content,0.90,0.00,4,nfmcd_adaptive,0.991783851595459,0.53762600933793,0.9984472049689441,4,,0.17
strong_struct_weak_content,0.90,0.00,4,simple_concat,0.0,0.53762600933793,0.4,4,,0.23
strong_struct_weak_content,0.90,0.20,1,structure_only,0.9835677031909179,0.5249446749096074,0.9968944099378882,4,,0.02
strong_struct_weak_content,0.90,0.20,1,content_only,0.0,0.3591356614798553,0.4,4,,0.08
strong_struct_weak_content,0.90,0.20,0,nfmcd_alpha_fixed,0.991783851595459,0.5304506412584253,0.9984472049689441,4,,0.15
strong_struct_weak_content,0.90,0.20,0,nfmcd_adaptive,0.9800292728973664,0.5304506412584253,0.995398773006135,4,,0.15
strong_struct_weak_content,0.90,0.20,1,spectral_content,1.0,0.5249446749096074,1.0,4,,0.03
strong_struct_weak_content,0.90,0.20,0,simple_concat,0.0,0.4042283530995633,0.4,4,,0.24
strong_struct_weak_content,0.90,0.20,2,structure_only,0.9835677031909179,0.5346922881996901,0.9968944099378882,4,,0.03
strong_struct_weak_content,0.90,0.20,1,nfmcd_adaptive,0.991783851595459,0.5249446749096074,0.9984472049689441,4,,0.13
strong_struct_weak_content,0.90,0.20,2,content_only,0.0,0.3607855524884856,0.4,4,,0.1
strong_struct_weak_content,0.90,0.20,1,nfmcd_alpha_fixed,1.0,0.5249446749096074,1.0,4,,0.17
strong_struct_weak_content,0.90,0.20,1,simple_concat,0.0,0.40328621352014465,0.4,4,,0.27
strong_struct_weak_content,0.90,0.20,2,spectral_content,0.9835232749786152,0.5318900652080137,0.996874877924919,4,,0.13
strong_struct_weak_content,0.90,0.20,3,structure_only,0.9855292791386485,0.5202194714878272,0.9969135802469136,4,,0.02
strong_struct_weak_content,0.90,0.20,2,nfmcd_alpha_fixed,0.9753515547863769,0.5346922881996901,0.9953416149068324,4,,0.15
strong_struct_weak_content,0.90,0.20,2,nfmcd_adaptive,0.9690969823295664,0.5346922881996901,0.9938079901848018,4,,0.13
strong_struct_weak_content,0.90,0.20,3,spectral_content,1.0,0.5202194714878272,1.0,4,,0.03
strong_struct_weak_content,0.90,0.20,3,content_only,0.0,0.30337333119795606,0.4,4,,0.09
strong_struct_weak_content,0.90,0.20,2,simple_concat,0.0,0.529011937070688,0.4,4,,0.29
strong_struct_weak_content,0.90,0.20,4,structure_only,0.9773131307341074,0.53762600933793,0.9953607852158577,4,,0.02
strong_struct_weak_content,0.90,0.20,3,nfmcd_alpha_fixed,0.991783851595459,0.5202194714878272,0.9984472049689441,4,,0.12
strong_struct_weak_content,0.90,0.20,3,nfmcd_adaptive,0.9835677031909179,0.5202194714878272,0.9968944099378882,4,,0.13
strong_struct_weak_content,0.90,0.20,4,content_only,0.0,0.4556824308060181,0.4,4,,0.08
strong_struct_weak_content,0.90,0.20,3,simple_concat,0.0,0.4199965730978408,0.4,4,,0.23
strong_struct_weak_content,0.90,0.20,4,spectral_content,1.0,0.53762600933793,1.0,4,,0.03
strong_struct_weak_content,0.90,0.40,0,structure_only,1.0,0.5304506412584253,1.0,4,,0.02
strong_struct_weak_content,0.90,0.20,4,nfmcd_alpha_fixed,1.0,0.53762600933793,1.0,4,,0.12
strong_struct_weak_content,0.90,0.40,0,content_only,0.0,0.3069995055806438,0.4,4,,0.08
strong_struct_weak_content,0.90,0.20,4,nfmcd_adaptive,0.9855292791386485,0.53762600933793,0.9969135802469136,4,,0.12
strong_struct_weak_content,0.90,0.40,0,spectral_content,0.9835232749786152,0.527902230549359,0.9968748779249189,4,,0.03
strong_struct_weak_content,0.90,0.40,0,nfmcd_alpha_fixed,0.9855292791386485,0.5304506412584253,0.9969135802469136,4,,0.1
strong_struct_weak_content,0.90,0.20,4,simple_concat,0.0,0.5361804006914922,0.4,4,,0.26
strong_struct_weak_content,0.90,0.40,1,structure_only,0.9835677031909179,0.5249446749096074,0.9968944099378882,4,,0.02
strong_struct_weak_content,0.90,0.40,0,nfmcd_adaptive,1.0,0.5304506412584253,1.0,4,,0.09
strong_struct_weak_content,0.90,0.40,1,spectral_content,1.0,0.5249446749096074,1.0,4,,0.04
strong_struct_weak_content,0.90,0.40,1,content_only,0.0,0.33344472333419417,0.4,4,,0.09
strong_struct_weak_content,0.90,0.40,0,simple_concat,0.0,0.3810323194625981,0.4,4,,0.27
strong_struct_weak_content,0.90,0.40,1,nfmcd_alpha_fixed,0.991783851595459,0.5249446749096074,0.9984472049689441,4,,0.11
strong_struct_weak_content,0.90,0.40,2,structure_only,0.9835677031909179,0.5346922881996901,0.9968944099378882,4,,0.02
strong_struct_weak_content,0.90,0.40,1,nfmcd_adaptive,0.991783851595459,0.5249446749096074,0.9984472049689441,4,,0.1
strong_struct_weak_content,0.90,0.40,2,spectral_content,0.9835232749786152,0.5324472445697064,0.9968748779249189,4,,0.04
strong_struct_weak_content,0.90,0.40,2,content_only,0.0,0.4429179377167716,0.4,4,,0.09
strong_struct_weak_content,0.90,0.40,1,simple_concat,0.0,0.40665329610020656,0.4,4,,0.31
strong_struct_weak_content,0.90,0.40,2,nfmcd_alpha_fixed,0.9835677031909179,0.5346922881996901,0.9968944099378882,4,,0.1
strong_struct_weak_content,0.90,0.40,2,nfmcd_adaptive,0.9835677031909179,0.5346922881996901,0.9968944099378882,4,,0.1
strong_struct_weak_content,0.90,0.40,3,structure_only,0.9855292791386485,0.5202194714878272,0.9969135802469136,4,,0.04
strong_struct_weak_content,0.90,0.40,3,spectral_content,1.0,0.5202194714878272,1.0,4,,0.04
strong_struct_weak_content,0.90,0.40,3,content_only,0.0,0.4367770048244603,0.4,4,,0.09
strong_struct_weak_content,0.90,0.40,3,nfmcd_alpha_fixed,0.9855292791386485,0.5202194714878272,0.9969135802469136,4,,0.13
strong_struct_weak_content,0.90,0.40,3,nfmcd_adaptive,0.9855292791386485,0.5202194714878272,0.9969135802469136,4,,0.12
strong_struct_weak_content,0.90,0.40,2,simple_concat,0.0,0.5281528780701059,0.4,4,,0.37
strong_struct_weak_content,0.90,0.40,4,structure_only,0.9773131307341074,0.53762600933793,0.9953607852158577,4,,0.03
strong_struct_weak_content,0.90,0.40,4,spectral_content,1.0,0.53762600933793,1.0,4,,0.03
strong_struct_weak_content,0.90,0.40,4,content_only,0.0,0.3854743266604467,0.4,4,,0.11
strong_struct_weak_content,0.90,0.40,4,nfmcd_alpha_fixed,0.9773131307341074,0.53762600933793,0.9953607852158577,4,,0.1
strong_struct_weak_content,0.90,0.40,3,simple_concat,0.0,0.421092464566872,0.4,4,,0.33
strong_struct_weak_content,0.90,0.60,0,structure_only,1.0,0.5304506412584253,1.0,4,,0.09
strong_struct_weak_content,0.90,0.40,4,nfmcd_adaptive,0.9773131307341074,0.53762600933793,0.9953607852158577,4,,0.14
strong_struct_weak_content,0.90,0.60,0,spectral_content,1.0,0.5304506412584253,1.0,4,,0.03
strong_struct_weak_content,0.90,0.60,0,content_only,0.0,0.35798828102758246,0.4,4,,0.14
strong_struct_weak_content,0.90,0.60,0,nfmcd_alpha_fixed,1.0,0.5304506412584253,1.0,4,,0.08
strong_struct_weak_content,0.90,0.40,4,simple_concat,0.0,0.53762600933793,0.4,4,,0.35
strong_struct_weak_content,0.90,0.60,0,nfmcd_adaptive,1.0,0.5304506412584253,1.0,4,,0.08
strong_struct_weak_content,0.90,0.60,1,structure_only,0.9835677031909179,0.5249446749096074,0.9968944099378882,4,,0.02
strong_struct_weak_content,0.90,0.60,1,spectral_content,0.9709046892534007,0.5200396678073347,0.9937490232848882,4,,0.04
strong_struct_weak_content,0.90,0.60,1,content_only,0.0,0.36812302266270663,0.4,4,,0.09
strong_struct_weak_content,0.90,0.60,1,nfmcd_alpha_fixed,0.9835677031909179,0.5249446749096074,0.9968944099378882,4,,0.1
strong_struct_weak_content,0.90,0.60,2,structure_only,0.9835677031909179,0.5346922881996901,0.9968944099378882,4,,0.03
strong_struct_weak_content,0.90,0.60,1,nfmcd_adaptive,0.9835677031909179,0.5249446749096074,0.9968944099378882,4,,0.14
strong_struct_weak_content,0.90,0.60,0,simple_concat,0.0,0.37682635441801504,0.4,4,,0.36
strong_struct_weak_content,0.90,0.60,2,spectral_content,0.9690081259049611,0.5294023340251972,0.9937689261588633,4,,0.04
strong_struct_weak_content,0.90,0.60,2,content_only,0.0,0.33882830619717924,0.4,4,,0.15
strong_struct_weak_content,0.90,0.60,2,nfmcd_alpha_fixed,0.9773131307341074,0.5346922881996901,0.9953607852158577,4,,0.07
strong_struct_weak_content,0.90,0.60,3,structure_only,0.9855292791386485,0.5202194714878272,0.9969135802469136,4,,0.02
strong_struct_weak_content,0.90,0.60,2,nfmcd_adaptive,0.9773131307341074,0.5346922881996901,0.9953607852158577,4,,0.08
strong_struct_weak_content,0.90,0.60,1,simple_concat,0.0,0.4089544728176653,0.4,4,,0.43
strong_struct_weak_content,0.90,0.60,3,spectral_content,0.9142423392937096,0.5036881364556499,0.9812472953990771,4,,0.04
strong_struct_weak_content,0.90,0.60,3,content_only,0.0,0.32925479695368254,0.4,4,,0.12
strong_struct_weak_content,0.90,0.60,2,simple_concat,0.736911071048215,0.5346922881996901,0.9119936493742901,4,,0.28
strong_struct_weak_content,0.90,0.60,4,structure_only,0.9773131307341074,0.53762600933793,0.9953607852158577,4,,0.03
strong_struct_weak_content,0.90,0.60,3,nfmcd_adaptive,0.9773131307341074,0.5202194714878272,0.9953607852158577,4,,0.08
strong_struct_weak_content,0.90,0.60,3,nfmcd_alpha_fixed,0.9773131307341074,0.5202194714878272,0.9953607852158577,4,,0.09
strong_struct_weak_content,0.90,0.60,4,spectral_content,0.9689431133056702,0.531875125576658,0.9937298529758629,4,,0.04
strong_struct_weak_content,0.90,0.60,4,content_only,0.0,0.44977976092193656,0.4,4,,0.1
strong_struct_weak_content,0.90,0.60,4,nfmcd_alpha_fixed,0.9773131307341074,0.53762600933793,0.9953607852158577,4,,0.08
strong_struct_weak_content,0.90,0.60,4,nfmcd_adaptive,0.9835677031909179,0.53762600933793,0.9968944099378882,4,,0.09
strong_struct_weak_content,0.90,0.80,0,structure_only,1.0,0.5304506412584253,1.0,4,,0.03
strong_struct_weak_content,0.90,0.80,0,content_only,0.0,0.32046140112688387,0.4,4,,0.09
strong_struct_weak_content,0.90,0.60,3,simple_concat,0.0,0.37850516604712353,0.4,4,,0.4
strong_struct_weak_content,0.90,0.80,0,spectral_content,1.0,0.5304506412584253,1.0,4,,0.03
strong_struct_weak_content,0.90,0.80,0,nfmcd_alpha_fixed,1.0,0.5304506412584253,1.0,4,,0.05
strong_struct_weak_content,0.90,0.80,0,nfmcd_adaptive,1.0,0.5304506412584253,1.0,4,,0.06
strong_struct_weak_content,0.90,0.80,1,structure_only,0.9835677031909179,0.5249446749096074,0.9968944099378882,4,,0.02
strong_struct_weak_content,0.90,0.80,1,content_only,0.0,0.3295012671100206,0.4,4,,0.1
strong_struct_weak_content,0.90,0.80,1,spectral_content,0.9670617267986759,0.5195396839488636,0.99375,4,,0.04
strong_struct_weak_content,0.90,0.80,1,nfmcd_alpha_fixed,0.9753515547863769,0.5249446749096074,0.9953416149068324,4,,0.07
strong_struct_weak_content,0.90,0.80,1,nfmcd_adaptive,0.9753515547863769,0.5249446749096074,0.9953416149068324,4,,0.07
strong_struct_weak_content,0.90,0.80,2,structure_only,0.9835677031909179,0.5346922881996901,0.9968944099378882,4,,0.03
strong_struct_weak_content,0.90,0.80,2,content_only,0.0,0.3170067761397862,0.4,4,,0.13
strong_struct_weak_content,0.90,0.80,0,simple_concat,0.0,0.387288993965743,0.4,4,,0.74
strong_struct_weak_content,0.90,0.80,2,spectral_content,0.9835232749786152,0.5321881534583847,0.9968748779249189,4,,0.06
strong_struct_weak_content,0.90,0.80,1,simple_concat,0.8409089598850604,0.5249446749096074,0.954226944813547,4,,0.65
strong_struct_weak_content,0.90,0.60,4,simple_concat,0.0,0.5361804006914922,0.4,4,,0.99
strong_struct_weak_content,0.90,0.80,2,simple_concat,0.8949729455921943,0.5346922881996901,0.9729011828099832,4,,0.25
strong_struct_weak_content,0.90,0.80,2,nfmcd_alpha_fixed,0.9773131307341074,0.5346922881996901,0.9953607852158577,4,,0.07
strong_struct_weak_content,0.90,0.80,3,structure_only,0.9855292791386485,0.5202194714878272,0.9969135802469136,4,,0.03
strong_struct_weak_content,0.90,0.80,2,nfmcd_adaptive,0.9773131307341074,0.5346922881996901,0.9953607852158577,4,,0.04
strong_struct_weak_content,0.90,0.80,3,spectral_content,0.9398670632124605,0.5115318646729894,0.9874796179827626,4,,0.04
strong_struct_weak_content,0.90,0.80,3,nfmcd_alpha_fixed,0.9773131307341074,0.5202194714878272,0.9953607852158577,4,,0.06
strong_struct_weak_content,0.90,0.80,3,content_only,0.0,0.2861545665284031,0.4,4,,0.1
strong_struct_weak_content,0.90,0.80,4,structure_only,0.9773131307341074,0.53762600933793,0.9953607852158577,4,,0.04
strong_struct_weak_content,0.90,0.80,3,nfmcd_adaptive,0.9773131307341074,0.5202194714878272,0.9953607852158577,4,,0.06
strong_struct_weak_content,0.90,0.80,4,spectral_content,0.9835232749786152,0.5334052013105727,0.9968748779249189,4,,0.04
strong_struct_weak_content,0.90,0.80,4,content_only,0.0,0.3409797863854015,0.4,4,,0.09
strong_struct_weak_content,0.90,0.80,3,simple_concat,0.8819105792231794,0.5202194714878272,0.9685197018694253,4,,0.2
strong_struct_weak_content,0.90,0.80,4,nfmcd_alpha_fixed,0.9773131307341074,0.53762600933793,0.9953607852158577,4,,0.06
strong_struct_weak_content,0.70,0.00,0,structure_only,1.0,0.5304506412584253,1.0,4,,0.03
strong_struct_weak_content,0.90,0.80,4,nfmcd_adaptive,0.9835677031909179,0.53762600933793,0.9968944099378882,4,,0.06
strong_struct_weak_content,0.70,0.00,0,spectral_content,1.0,0.5304506412584253,1.0,4,,0.03
strong_struct_weak_content,0.70,0.00,0,content_only,0.0,0.27708203375590423,0.4,4,,0.09
strong_struct_weak_content,0.90,0.80,4,simple_concat,0.9057866079610367,0.53762600933793,0.9758802657353383,4,,0.23
strong_struct_weak_content,0.70,0.00,1,structure_only,0.9835677031909179,0.5249446749096074,0.9968944099378882,4,,0.03
strong_struct_weak_content,0.70,0.00,0,simple_concat,0.0,0.3963398653838124,0.4,4,,0.19
strong_struct_weak_content,0.70,0.00,1,content_only,0.0,0.3350948718362603,0.4,4,,0.08
strong_struct_weak_content,0.70,0.00,0,nfmcd_alpha_fixed,0.9394870206442228,0.5304506412584253,0.9862322326090442,4,,0.17
strong_struct_weak_content,0.70,0.00,1,spectral_content,1.0,0.5249446749096074,1.0,4,,0.03
strong_struct_weak_content,0.70,0.00,0,nfmcd_adaptive,0.8848386382376308,0.5304506412584253,0.9699081789690567,4,,0.17
strong_struct_weak_content,0.70,0.00,2,structure_only,0.9835677031909179,0.5346922881996901,0.9968944099378882,4,,0.02
strong_struct_weak_content,0.70,0.00,2,content_only,0.0,0.28726669903532376,0.4,4,,0.09
strong_struct_weak_content,0.70,0.00,1,simple_concat,0.0,0.5047397581998967,0.4,4,,0.19
strong_struct_weak_content,0.70,0.00,1,nfmcd_alpha_fixed,0.9546262614682149,0.5249446749096074,0.9907215704317154,4,,0.18
strong_struct_weak_content,0.70,0.00,1,nfmcd_adaptive,0.8700940908270718,0.5249446749096074,0.9654210742278508,4,,0.17
strong_struct_weak_content,0.70,0.00,2,spectral_content,1.0,0.5346922881996901,1.0,4,,0.04
strong_struct_weak_content,0.70,0.00,3,structure_only,0.9855292791386485,0.5202194714878272,0.9969135802469136,4,,0.03
strong_struct_weak_content,0.70,0.00,3,content_only,0.0,0.2227246015950385,0.4,4,,0.08
strong_struct_weak_content,0.70,0.00,2,simple_concat,0.0,0.5284689560721215,0.4,4,,0.19
strong_struct_weak_content,0.70,0.00,2,nfmcd_alpha_fixed,0.9311171040720297,0.5346922881996901,0.9846247065060971,4,,0.16
strong_struct_weak_content,0.70,0.00,3,spectral_content,1.0,0.5202194714878272,1.0,4,,0.03
strong_struct_weak_content,0.70,0.00,2,nfmcd_adaptive,0.8327040543743289,0.5346922881996901,0.9524146972327534,4,,0.17
strong_struct_weak_content,0.70,0.00,4,structure_only,0.9773131307341074,0.53762600933793,0.9953607852158577,4,,0.03
strong_struct_weak_content,0.70,0.00,4,content_only,0.0,0.31446714715694446,0.4,4,,0.1
strong_struct_weak_content,0.70,0.00,3,simple_concat,0.0,0.4879935866172377,0.4,4,,0.2
strong_struct_weak_content,0.70,0.00,4,spectral_content,1.0,0.53762600933793,1.0,4,,0.03
strong_struct_weak_content,0.70,0.00,3,nfmcd_alpha_fixed,0.9311171040720297,0.5202194714878272,0.9846247065060971,4,,0.21
strong_struct_weak_content,0.70,0.00,3,nfmcd_adaptive,0.817583525535525,0.5202194714878272,0.945742632609492,4,,0.21
strong_struct_weak_content,0.70,0.20,0,structure_only,1.0,0.5304506412584253,1.0,4,,0.03
strong_struct_weak_content,0.70,0.20,0,content_only,0.0,0.3424819234842551,0.4,4,,0.08
strong_struct_weak_content,0.70,0.00,4,simple_concat,0.0,0.53762600933793,0.4,4,,0.2
strong_struct_weak_content,0.70,0.00,4,nfmcd_alpha_fixed,0.9373716765288402,0.53762600933793,0.9861583312281277,4,,0.18
strong_struct_weak_content,0.70,0.20,0,spectral_content,1.0,0.5304506412584253,1.0,4,,0.03
strong_struct_weak_content,0.70,0.00,4,nfmcd_adaptive,0.86491588545162,0.5356501240349247,0.9639075783654096,4,,0.18
strong_struct_weak_content,0.70,0.20,1,structure_only,0.9835677031909179,0.5249446749096074,0.9968944099378882,4,,0.02
strong_struct_weak_content,0.70,0.20,1,content_only,0.0,0.2657706369447314,0.4,4,,0.07
strong_struct_weak_content,0.70,0.20,0,nfmcd_adaptive,0.9523374701620454,0.5304506412584253,0.9892632242402479,4,,0.15
strong_struct_weak_content,0.70,0.20,0,nfmcd_alpha_fixed,0.9753515547863769,0.5304506412584253,0.9953416149068324,4,,0.15
strong_struct_weak_content,0.70,0.20,0,simple_concat,0.0,0.38694680705687945,0.4,4,,0.2
strong_struct_weak_content,0.70,0.20,1,spectral_content,1.0,0.5249446749096074,1.0,4,,0.03
strong_struct_weak_content,0.70,0.20,2,structure_only,0.9835677031909179,0.5346922881996901,0.9968944099378882,4,,0.03
strong_struct_weak_content,0.70,0.20,2,content_only,0.0,0.32328369064590945,0.4,4,,0.08
strong_struct_weak_content,0.70,0.20,1,nfmcd_alpha_fixed,0.9491262552269328,0.5249446749096074,0.9892067631909368,4,,0.14
strong_struct_weak_content,0.70,0.20,1,nfmcd_adaptive,0.9218618033487014,0.5249446749096074,0.9816508560238596,4,,0.14
strong_struct_weak_content,0.70,0.20,2,spectral_content,1.0,0.5346922881996901,1.0,4,,0.03
strong_struct_weak_content,0.70,0.20,1,simple_concat,0.0,0.4776288497546487,0.4,4,,0.2
strong_struct_weak_content,0.70,0.20,3,structure_only,0.9855292791386485,0.5202194714878272,0.9969135802469136,4,,0.02
strong_struct_weak_content,0.70,0.20,3,content_only,0.0,0.2213887166330229,0.4,4,,0.07
strong_struct_weak_content,0.70,0.20,2,nfmcd_alpha_fixed,0.9628424098727559,0.5346922881996901,0.9922743654627713,4,,0.14
strong_struct_weak_content,0.70,0.20,3,spectral_content,1.0,0.5202194714878272,1.0,4,,0.04
strong_struct_weak_content,0.70,0.20,2,nfmcd_adaptive,0.9468374639207634,0.5346922881996901,0.9877484169994694,4,,0.16
strong_struct_weak_content,0.70,0.20,2,simple_concat,0.0,0.5344016666634427,0.4,4,,0.23
strong_struct_weak_content,0.70,0.20,4,structure_only,0.9773131307341074,0.53762600933793,0.9953607852158577,4,,0.02
strong_struct_weak_content,0.70,0.20,4,content_only,0.0,0.3082511572945864,0.4,4,,0.08
strong_struct_weak_content,0.70,0.20,3,nfmcd_adaptive,0.9226402073259797,0.5202194714878272,0.9817045961624274,4,,0.13
strong_struct_weak_content,0.70,0.20,3,nfmcd_alpha_fixed,0.9585920426188559,0.5202194714878272,0.9907968489622785,4,,0.13
strong_struct_weak_content,0.70,0.20,4,spectral_content,0.9835232749786152,0.5356501240349247,0.996874877924919,4,,0.03
strong_struct_weak_content,0.70,0.20,3,simple_concat,0.0,0.5187802592780932,0.4,4,,0.23
strong_struct_weak_content,0.70,0.40,0,structure_only,1.0,0.5304506412584253,1.0,4,,0.03
strong_struct_weak_content,0.70,0.20,4,nfmcd_alpha_fixed,0.9608808339250254,0.53762600933793,0.9922551951537459,4,,0.15
strong_struct_weak_content,0.70,0.40,0,content_only,0.0,0.24420844504954317,0.4,4,,0.09
strong_struct_weak_content,0.70,0.20,4,nfmcd_adaptive,0.9311171040720297,0.53762600933793,0.9846247065060971,4,,0.16
strong_struct_weak_content,0.70,0.40,0,spectral_content,0.9835232749786152,0.5278947968610223,0.9968748779249189,4,,0.04
strong_struct_weak_content,0.70,0.20,4,simple_concat,0.0,0.5361804006914922,0.4,4,,0.23
strong_struct_weak_content,0.70,0.40,1,structure_only,0.9835677031909179,0.5249446749096074,0.9968944099378882,4,,0.03
strong_struct_weak_content,0.70,0.40,0,nfmcd_alpha_fixed,0.9835677031909179,0.5304506412584253,0.9968944099378882,4,,0.12
strong_struct_weak_content,0.70,0.40,0,nfmcd_adaptive,0.991783851595459,0.5304506412584253,0.9984472049689441,4,,0.11
strong_struct_weak_content,0.70,0.40,1,content_only,0.0,0.20395645015495867,0.4,4,,0.09
strong_struct_weak_content,0.70,0.40,1,spectral_content,1.0,0.5249446749096074,1.0,4,,0.04
strong_struct_weak_content,0.70,0.40,0,simple_concat,0.0,0.4023367562041246,0.4,4,,0.26
strong_struct_weak_content,0.70,0.40,2,structure_only,0.9835677031909179,0.5346922881996901,0.9968944099378882,4,,0.03
strong_struct_weak_content,0.70,0.40,1,nfmcd_adaptive,0.9690969823295664,0.5249446749096074,0.9938079901848018,4,,0.11
strong_struct_weak_content,0.70,0.40,1,nfmcd_alpha_fixed,0.9690969823295664,0.5249446749096074,0.9938079901848018,4,,0.15
strong_struct_weak_content,0.70,0.40,2,content_only,0.0,0.3512902133816671,0.4,4,,0.08
strong_struct_weak_content,0.70,0.40,2,spectral_content,0.9835232749786152,0.5324342455233567,0.996874877924919,4,,0.04
strong_struct_weak_content,0.70,0.40,1,simple_concat,0.0,0.41397707095816116,0.4,4,,0.29
strong_struct_weak_content,0.70,0.40,2,nfmcd_alpha_fixed,0.9483716890114045,0.5346922881996901,0.9891879457096848,4,,0.09
strong_struct_weak_content,0.70,0.40,3,structure_only,0.9855292791386485,0.5202194714878272,0.9969135802469136,4,,0.02
strong_struct_weak_content,0.70,0.40,2,nfmcd_adaptive,0.9546262614682149,0.5346922881996901,0.9907215704317154,4,,0.1
strong_struct_weak_content,0.70,0.40,3,spectral_content,0.9835232749786152,0.517600941499596,0.9968748779249189,4,,0.04
strong_struct_weak_content,0.70,0.40,3,content_only,0.0,0.3101599846278059,0.4,4,,0.09
strong_struct_weak_content,0.70,0.40,2,simple_concat,0.0,0.4723919212474442,0.4,4,,0.29
strong_struct_weak_content,0.70,0.40,3,nfmcd_alpha_fixed,0.9690969823295664,0.5202194714878272,0.9938079901848018,4,,0.11
strong_struct_weak_content,0.70,0.40,4,structure_only,0.9773131307341074,0.53762600933793,0.9953607852158577,4,,0.02
strong_struct_weak_content,0.70,0.40,3,nfmcd_adaptive,0.9608808339250254,0.5202194714878272,0.9922551951537459,4,,0.11
strong_struct_weak_content,0.70,0.40,4,spectral_content,1.0,0.53762600933793,1.0,4,,0.04
strong_struct_weak_content,0.70,0.40,4,content_only,0.0,0.252920918037483,0.4,4,,0.09
strong_struct_weak_content,0.70,0.40,3,simple_concat,0.0,0.47975578041470246,0.4,4,,0.29
strong_struct_weak_content,0.70,0.60,0,structure_only,1.0,0.5304506412584253,1.0,4,,0.02
strong_struct_weak_content,0.70,0.40,4,nfmcd_alpha_fixed,0.966808191023397,0.53762600933793,0.9923496439933344,4,,0.1
strong_struct_weak_content,0.70,0.40,4,nfmcd_adaptive,0.9718131244928254,0.53762600933793,0.9938459779750791,4,,0.11
strong_struct_weak_content,0.70,0.60,0,spectral_content,0.9690081259049611,0.5246768797109023,0.9937689261588633,4,,0.03
strong_struct_weak_content,0.70,0.60,0,content_only,0.0,0.23007261448196367,0.4,4,,0.08
strong_struct_weak_content,0.70,0.40,4,simple_concat,0.0,0.5361804006914922,0.4,4,,0.28
strong_struct_weak_content,0.70,0.60,1,structure_only,0.9835677031909179,0.5249446749096074,0.9968944099378882,4,,0.03
strong_struct_weak_content,0.70,0.60,0,nfmcd_alpha_fixed,0.991783851595459,0.5304506412584253,0.9984472049689441,4,,0.09
strong_struct_weak_content,0.70,0.60,0,nfmcd_adaptive,0.991783851595459,0.5304506412584253,0.9984472049689441,4,,0.08
strong_struct_weak_content,0.70,0.60,1,spectral_content,0.9835232749786152,0.5220546955707644,0.996874877924919,4,,0.06
strong_struct_weak_content,0.70,0.60,1,content_only,0.0,0.18181717297262398,0.4,4,,0.09
strong_struct_weak_content,0.70,0.60,1,nfmcd_alpha_fixed,0.9718131244928254,0.5249446749096074,0.9938459779750791,4,,0.09
strong_struct_weak_content,0.70,0.60,1,nfmcd_adaptive,0.9718131244928254,0.5249446749096074,0.9938459779750791,4,,0.1
strong_struct_weak_content,0.70,0.60,2,structure_only,0.9835677031909179,0.5346922881996901,0.9968944099378882,4,,0.03
strong_struct_weak_content,0.70,0.60,0,simple_concat,0.0,0.38645638133113003,0.4,4,,0.34
strong_struct_weak_content,0.70,0.60,2,spectral_content,0.9670541383779532,0.5296599163186391,0.993749877924919,4,,0.04
strong_struct_weak_content,0.70,0.60,2,content_only,0.0,0.353078472070427,0.4,4,,0.1
strong_struct_weak_content,0.70,0.60,2,nfmcd_alpha_fixed,0.9835677031909179,0.5346922881996901,0.9968944099378882,4,,0.1
strong_struct_weak_content,0.70,0.60,3,structure_only,0.9855292791386485,0.5202194714878272,0.9969135802469136,4,,0.03
strong_struct_weak_content,0.70,0.60,2,nfmcd_adaptive,0.9835677031909179,0.5346922881996901,0.9968944099378882,4,,0.09
strong_struct_weak_content,0.70,0.60,1,simple_concat,0.0,0.3883685756714876,0.4,4,,0.4
strong_struct_weak_content,0.70,0.60,3,spectral_content,0.9690081259049611,0.5143440051753474,0.9937689261588634,4,,0.05
strong_struct_weak_content,0.70,0.60,3,content_only,0.0,0.22962928138145453,0.4,4,,0.1
strong_struct_weak_content,0.70,0.60,3,nfmcd_alpha_fixed,0.9773131307341074,0.5202194714878272,0.9953607852158577,4,,0.07
strong_struct_weak_content,0.70,0.60,3,nfmcd_adaptive,0.9773131307341074,0.5202194714878272,0.9953607852158577,4,,0.07
strong_struct_weak_content,0.70,0.60,4,structure_only,0.9773131307341074,0.53762600933793,0.9953607852158577,4,,0.04
strong_struct_weak_content,0.70,0.60,2,simple_concat,0.0,0.41956677583028507,0.4,4,,0.47
strong_struct_weak_content,0.70,0.60,4,content_only,0.0,0.37101469918298086,0.4,4,,0.13
strong_struct_weak_content,0.70,0.60,4,spectral_content,0.9835232749786152,0.5342530551184548,0.9968748779249189,4,,0.04
strong_struct_weak_content,0.70,0.60,4,nfmcd_alpha_fixed,0.9773131307341074,0.53762600933793,0.9953607852158577,4,,0.09
strong_struct_weak_content,0.70,0.60,4,nfmcd_adaptive,0.9835677031909179,0.53762600933793,0.9968944099378882,4,,0.07
strong_struct_weak_content,0.70,0.80,0,structure_only,1.0,0.5304506412584253,1.0,4,,0.03
strong_struct_weak_content,0.70,0.60,3,simple_concat,0.0,0.44278669409869786,0.4,4,,0.43
strong_struct_weak_content,0.70,0.80,0,spectral_content,1.0,0.5304506412584253,1.0,4,,0.03
strong_struct_weak_content,0.70,0.80,0,content_only,0.0,0.19134167477518627,0.4,4,,0.08
strong_struct_weak_content,0.70,0.80,0,nfmcd_alpha_fixed,0.9800292728973664,0.5304506412584253,0.995398773006135,4,,0.06
strong_struct_weak_content,0.70,0.80,0,nfmcd_adaptive,0.975024339427938,0.5304506412584253,0.9939024390243902,4,,0.05
strong_struct_weak_content,0.70,0.80,1,structure_only,0.9835677031909179,0.5249446749096074,0.9968944099378882,4,,0.02
strong_struct_weak_content,0.70,0.80,1,content_only,0.0,0.23659571119576445,0.4,4,,0.1
strong_struct_weak_content,0.70,0.80,1,spectral_content,0.9835232749786152,0.5212547213972107,0.9968748779249189,4,,0.04
strong_struct_weak_content,0.70,0.80,1,nfmcd_alpha_fixed,0.9835677031909179,0.5249446749096074,0.9968944099378882,4,,0.05
strong_struct_weak_content,0.70,0.80,1,nfmcd_adaptive,0.9835677031909179,0.5249446749096074,0.9968944099378882,4,,0.05
strong_struct_weak_content,0.70,0.60,4,simple_concat,0.0,0.5361804006914922,0.4,4,,0.6
strong_struct_weak_content,0.70,0.80,2,structure_only,0.9835677031909179,0.5346922881996901,0.9968944099378882,4,,0.03
strong_struct_weak_content,0.70,0.80,2,content_only,0.0,0.2313640293948673,0.4,4,,0.11
strong_struct_weak_content,0.70,0.80,2,spectral_content,0.9670541383779532,0.5288102197264397,0.993749877924919,4,,0.05
strong_struct_weak_content,0.70,0.80,2,simple_concat,0.8914437961040846,0.5346922881996901,0.9715089099244977,4,,0.19
strong_struct_weak_content,0.70,0.80,2,nfmcd_alpha_fixed,0.9835677031909179,0.5346922881996901,0.9968944099378882,4,,0.06
strong_struct_weak_content,0.70,0.80,0,simple_concat,0.0,0.37848972126515684,0.4,4,,0.58
strong_struct_weak_content,0.70,0.80,3,structure_only,0.9855292791386485,0.5202194714878272,0.9969135802469136,4,,0.03
strong_struct_weak_content,0.70,0.80,2,nfmcd_adaptive,0.9835677031909179,0.5346922881996901,0.9968944099378882,4,,0.06
strong_struct_weak_content,0.70,0.80,3,spectral_content,0.9544279642320159,0.5108067611802288,0.9906239012098073,4,,0.05
strong_struct_weak_content,0.70,0.80,3,content_only,0.0,0.2075538208067501,0.4,4,,0.1
strong_struct_weak_content,0.70,0.80,3,nfmcd_alpha_fixed,0.9855292791386485,0.5202194714878272,0.9969135802469136,4,,0.07
strong_struct_weak_content,0.70,0.80,3,nfmcd_adaptive,0.9855292791386485,0.5202194714878272,0.9969135802469136,4,,0.06
strong_struct_weak_content,0.70,0.80,4,structure_only,0.9773131307341074,0.53762600933793,0.9953607852158577,4,,0.03
strong_struct_weak_content,0.70,0.80,1,simple_concat,0.0,0.35346126840134295,0.4,4,,0.68
strong_struct_weak_content,0.70,0.80,4,content_only,0.0,0.23367419894525557,0.4,4,,0.1
strong_struct_weak_content,0.70,0.80,3,simple_concat,0.8301952865071928,0.5202194714878272,0.9511077158135981,4,,0.24
strong_struct_weak_content,0.70,0.80,4,spectral_content,0.9234888693933319,0.5233305814224131,0.9843939216375639,4,,0.05
strong_struct_weak_content,0.50,0.00,0,structure_only,1.0,0.5304506412584253,1.0,4,,0.03
strong_struct_weak_content,0.70,0.80,4,nfmcd_adaptive,0.9773131307341074,0.53762600933793,0.9953607852158577,4,,0.05
strong_struct_weak_content,0.70,0.80,4,nfmcd_alpha_fixed,0.9773131307341074,0.53762600933793,0.9953607852158577,4,,0.06
strong_struct_weak_content,0.50,0.00,0,spectral_content,1.0,0.5304506412584253,1.0,4,,0.05
strong_struct_weak_content,0.50,0.00,0,content_only,0.0,0.26303940107880214,0.4,4,,0.08
strong_struct_weak_content,0.70,0.80,4,simple_concat,0.8874978324684523,0.53762600933793,0.9686840676521726,4,,0.24
strong_struct_weak_content,0.50,0.00,1,structure_only,0.9835677031909179,0.5249446749096074,0.9968944099378882,4,,0.02
strong_struct_weak_content,0.50,0.00,1,content_only,0.0,0.31528049941890496,0.4,4,,0.08
strong_struct_weak_content,0.50,0.00,0,simple_concat,0.0,0.3713187030965899,0.4,4,,0.19
strong_struct_weak_content,0.50,0.00,1,spectral_content,1.0,0.5249446749096074,1.0,4,,0.03
strong_struct_weak_content,0.50,0.00,0,nfmcd_alpha_fixed,0.9225155916255094,0.5304506412584253,0.9803369773551361,4,,0.18
strong_struct_weak_content,0.50,0.00,0,nfmcd_adaptive,0.0,0.38627955444686396,0.4,4,,0.2
strong_struct_weak_content,0.50,0.00,2,structure_only,0.9835677031909179,0.5346922881996901,0.9968944099378882,4,,0.03
strong_struct_weak_content,0.50,0.00,1,simple_concat,0.0,0.4240117348915289,0.4,4,,0.18
strong_struct_weak_content,0.50,0.00,2,content_only,0.0,0.2794305566570786,0.4,4,,0.07
strong_struct_weak_content,0.50,0.00,1,nfmcd_adaptive,0.718100595391003,0.5232140608858471,0.9006041585909421,4,,0.16
strong_struct_weak_content,0.50,0.00,1,nfmcd_alpha_fixed,0.9000746848685622,0.5232140608858471,0.9730149691852055,4,,0.18
strong_struct_weak_content,0.50,0.00,2,spectral_content,1.0,0.5346922881996901,1.0,4,,0.03
strong_struct_weak_content,0.50,0.00,3,structure_only,0.9855292791386485,0.5202194714878272,0.9969135802469136,4,,0.03
strong_struct_weak_content,0.50,0.00,3,content_only,0.0,0.18065118076798548,0.4,4,,0.09
strong_struct_weak_content,0.50,0.00,2,simple_concat,0.0,0.5321508972630431,0.4,4,,0.19
strong_struct_weak_content,0.50,0.00,2,nfmcd_alpha_fixed,0.9156072308918909,0.5346922881996901,0.980117231301829,4,,0.18
strong_struct_weak_content,0.50,0.00,2,nfmcd_adaptive,0.7908202235568541,0.5346922881996901,0.9357836943058383,4,,0.17
strong_struct_weak_content,0.50,0.00,3,spectral_content,1.0,0.5202194714878272,1.0,4,,0.04
strong_struct_weak_content,0.50,0.00,4,structure_only,0.9773131307341074,0.53762600933793,0.9953607852158577,4,,0.03
strong_struct_weak_content,0.50,0.00,3,simple_concat,0.0,0.3924369262421574,0.4,4,,0.2
strong_struct_weak_content,0.50,0.00,4,content_only,0.0,0.2542094091481476,0.4,4,,0.1
strong_struct_weak_content,0.50,0.00,4,spectral_content,1.0,0.53762600933793,1.0,4,,0.03
strong_struct_weak_content,0.50,0.00,3,nfmcd_alpha_fixed,0.9183898400720798,0.5202194714878272,0.9802270796619347,4,,0.2
strong_struct_weak_content,0.50,0.00,3,nfmcd_adaptive,0.0,0.2779404838205766,0.4,4,,0.22
strong_struct_weak_content,0.50,0.20,0,structure_only,1.0,0.5304506412584253,1.0,4,,0.03
strong_struct_weak_content,0.50,0.20,0,content_only,0.0,0.23153875134280882,0.4,4,,0.09
strong_struct_weak_content,0.50,0.00,4,simple_concat,0.0,0.53762600933793,0.4,4,,0.19
strong_struct_weak_content,0.50,0.00,4,nfmcd_alpha_fixed,0.9218618033487014,0.53762600933793,0.9816508560238596,4,,0.16
strong_struct_weak_content,0.50,0.20,0,spectral_content,1.0,0.5304506412584253,1.0,4,,0.03
strong_struct_weak_content,0.50,0.00,4,nfmcd_adaptive,0.7593223976916298,0.53762600933793,0.921432895895413,4,,0.19
strong_struct_weak_content,0.50,0.20,1,structure_only,0.9835677031909179,0.5249446749096074,0.9968944099378882,4,,0.09
strong_struct_weak_content,0.50,0.20,0,nfmcd_adaptive,0.8871861708216252,0.5304506412584253,0.9675765012601917,4,,0.14
strong_struct_weak_content,0.50,0.20,0,nfmcd_alpha_fixed,0.9323667430594118,0.5304506412584253,0.9846619972463829,4,,0.16
strong_struct_weak_content,0.50,0.20,1,spectral_content,1.0,0.5249446749096074,1.0,4,,0.03
strong_struct_weak_content,0.50,0.20,0,simple_concat,0.0,0.29330166951150227,0.4,4,,0.21
strong_struct_weak_content,0.50,0.20,1,content_only,0.0,0.23985412093233469,0.4,4,,0.08
strong_struct_weak_content,0.50,0.20,2,structure_only,0.9835677031909179,0.5346922881996901,0.9968944099378882,4,,0.02
strong_struct_weak_content,0.50,0.20,2,content_only,0.0,0.2275443989004973,0.4,4,,0.08
strong_struct_weak_content,0.50,0.20,1,nfmcd_alpha_fixed,0.9311171040720297,0.5249446749096074,0.9846247065060971,4,,0.14
strong_struct_weak_content,0.50,0.20,1,nfmcd_adaptive,0.8885679615355438,0.5249446749096074,0.9713008327768229,4,,0.13
strong_struct_weak_content,0.50,0.20,1,simple_concat,0.0,0.42019365799328506,0.4,4,,0.19
strong_struct_weak_content,0.50,0.20,2,spectral_content,1.0,0.5346922881996901,1.0,4,,0.03
strong_struct_weak_content,0.50,0.20,3,structure_only,0.9855292791386485,0.5202194714878272,0.9969135802469136,4,,0.02
strong_struct_weak_content,0.50,0.20,2,nfmcd_alpha_fixed,0.9573424036314738,0.5346922881996901,0.9907595582219926,4,,0.13
strong_struct_weak_content,0.50,0.20,3,content_only,0.0,0.23514046200441932,0.4,4,,0.08
strong_struct_weak_content,0.50,0.20,3,spectral_content,1.0,0.5202194714878272,1.0,4,,0.03
strong_struct_weak_content,0.50,0.20,2,nfmcd_adaptive,0.9378667493006939,0.5346922881996901,0.9861768044871615,4,,0.14
strong_struct_weak_content,0.50,0.20,2,simple_concat,0.0,0.5171182352247075,0.4,4,,0.21
strong_struct_weak_content,0.50,0.20,4,structure_only,0.9773131307341074,0.53762600933793,0.9953607852158577,4,,0.02
strong_struct_weak_content,0.50,0.20,4,content_only,0.0,0.3309438391345605,0.4,4,,0.08
strong_struct_weak_content,0.50,0.20,3,nfmcd_alpha_fixed,0.9386213155162224,0.5202194714878272,0.9861956219684134,4,,0.15
strong_struct_weak_content,0.50,0.20,3,nfmcd_adaptive,0.9082555327175161,0.5202194714878272,0.9772340758210083,4,,0.16
strong_struct_weak_content,0.50,0.20,4,spectral_content,1.0,0.53762600933793,1.0,4,,0.04
strong_struct_weak_content,0.50,0.20,3,simple_concat,0.0,0.4890894386784705,0.4,4,,0.22
strong_struct_weak_content,0.50,0.40,0,structure_only,1.0,0.5304506412584253,1.0,4,,0.03
strong_struct_weak_content,0.50,0.40,0,content_only,0.0,0.3529378015388684,0.4,4,,0.09
strong_struct_weak_content,0.50,0.20,4,nfmcd_alpha_fixed,0.9773131307341074,0.53762600933793,0.9953607852158577,4,,0.17
strong_struct_weak_content,0.50,0.20,4,nfmcd_adaptive,0.9539577415055744,0.53762600933793,0.9893186523621307,4,,0.17
strong_struct_weak_content,0.50,0.40,0,spectral_content,0.9835232749786152,0.5278051181102361,0.9968748779249189,4,,0.05
strong_struct_weak_content,0.50,0.20,4,simple_concat,0.0,0.53762600933793,0.4,4,,0.25
strong_struct_weak_content,0.50,0.40,1,structure_only,0.9835677031909179,0.5249446749096074,0.9968944099378882,4,,0.03
strong_struct_weak_content,0.50,0.40,0,nfmcd_alpha_fixed,0.966808191023397,0.5304506412584253,0.9923496439933344,4,,0.12
strong_struct_weak_content,0.50,0.40,1,content_only,0.0,0.17678432496126026,0.4,4,,0.09
strong_struct_weak_content,0.50,0.40,0,nfmcd_adaptive,0.9578362215054933,0.5304506412584253,0.9894110603906309,4,,0.13
strong_struct_weak_content,0.50,0.40,1,spectral_content,1.0,0.5249446749096074,1.0,4,,0.03
strong_struct_weak_content,0.50,0.40,0,simple_concat,0.0,0.37976614090983285,0.4,4,,0.24
strong_struct_weak_content,0.50,0.40,2,structure_only,0.9835677031909179,0.5346922881996901,0.9968944099378882,4,,0.04
strong_struct_weak_content,0.50,0.40,1,nfmcd_alpha_fixed,0.9690969823295664,0.5249446749096074,0.9938079901848018,4,,0.1
strong_struct_weak_content,0.50,0.40,1,nfmcd_adaptive,0.9773131307341074,0.5249446749096074,0.9953607852158577,4,,0.09
strong_struct_weak_content,0.50,0.40,2,spectral_content,1.0,0.5346922881996901,1.0,4,,0.03
strong_struct_weak_content,0.50,0.40,2,content_only,0.0,0.23854573168962456,0.4,4,,0.09
strong_struct_weak_content,0.50,0.40,1,simple_concat,0.0,0.42528929655216935,0.4,4,,0.28
strong_struct_weak_content,0.50,0.40,2,nfmcd_alpha_fixed,0.9546262614682149,0.5346922881996901,0.9907215704317154,4,,0.09
strong_struct_weak_content,0.50,0.40,2,nfmcd_adaptive,0.9546262614682149,0.5346922881996901,0.9907215704317154,4,,0.1
strong_struct_weak_content,0.50,0.40,3,structure_only,0.9855292791386485,0.5202194714878272,0.9969135802469136,4,,0.03
strong_struct_weak_content,0.50,0.40,3,spectral_content,1.0,0.5202194714878272,1.0,4,,0.03
strong_struct_weak_content,0.50,0.40,3,content_only,0.0,0.16735148225340726,0.4,4,,0.08
strong_struct_weak_content,0.50,0.40,3,nfmcd_alpha_fixed,0.9635969760882844,0.5202194714878272,0.9922931829440231,4,,0.11
strong_struct_weak_content,0.50,0.40,2,simple_concat,0.0,0.5249381287950154,0.4,4,,0.31
strong_struct_weak_content,0.50,0.40,3,nfmcd_adaptive,0.9405828914639529,0.5202194714878272,0.9862147922774388,4,,0.1
strong_struct_weak_content,0.50,0.40,4,structure_only,0.9773131307341074,0.53762600933793,0.9953607852158577,4,,0.04
strong_struct_weak_content,0.50,0.40,4,spectral_content,1.0,0.53762600933793,1.0,4,,0.03
strong_struct_weak_content,0.50,0.40,4,content_only,0.0,0.25617884901159976,0.4,4,,0.11
strong_struct_weak_content,0.50,0.40,3,simple_concat,0.0,0.41018162739075287,0.4,4,,0.3
strong_struct_weak_content,0.50,0.60,0,structure_only,1.0,0.5304506412584253,1.0,4,,0.03
strong_struct_weak_content,0.50,0.40,4,nfmcd_alpha_fixed,0.9605536185665864,0.53762600933793,0.9908160192713038,4,,0.12
strong_struct_weak_content,0.50,0.40,4,nfmcd_adaptive,0.9573424036314738,0.53762600933793,0.9907595582219927,4,,0.12
strong_struct_weak_content,0.50,0.60,0,spectral_content,1.0,0.5304506412584253,1.0,4,,0.03
strong_struct_weak_content,0.50,0.60,0,content_only,0.0,0.11269348941759108,0.4,4,,0.09
strong_struct_weak_content,0.50,0.40,4,simple_concat,0.0,0.534173322643983,0.4,4,,0.3
strong_struct_weak_content,0.50,0.60,1,structure_only,0.9835677031909179,0.5249446749096074,0.9968944099378882,4,,0.03
strong_struct_weak_content,0.50,0.60,0,nfmcd_alpha_fixed,1.0,0.5304506412584253,1.0,4,,0.09
strong_struct_weak_content,0.50,0.60,0,nfmcd_adaptive,1.0,0.5304506412584253,1.0,4,,0.08
strong_struct_weak_content,0.50,0.60,1,spectral_content,0.9835232749786152,0.5220592151988637,0.996874877924919,4,,0.04
strong_struct_weak_content,0.50,0.60,1,content_only,0.0,0.22594371448863637,0.4,4,,0.09
strong_struct_weak_content,0.50,0.60,1,nfmcd_alpha_fixed,0.9690969823295664,0.5249446749096074,0.9938079901848018,4,,0.09
strong_struct_weak_content,0.50,0.60,0,simple_concat,0.0,0.3993195090982019,0.4,4,,0.3
strong_struct_weak_content,0.50,0.60,2,structure_only,0.9835677031909179,0.5346922881996901,0.9968944099378882,4,,0.03
strong_struct_weak_content,0.50,0.60,1,nfmcd_adaptive,0.9753515547863769,0.5249446749096074,0.9953416149068324,4,,0.08
strong_struct_weak_content,0.50,0.60,2,spectral_content,1.0,0.5346922881996901,1.0,4,,0.03
strong_struct_weak_content,0.50,0.60,2,content_only,0.0,0.19393637044187084,0.4,4,,0.1
strong_struct_weak_content,0.50,0.60,2,nfmcd_alpha_fixed,0.9773131307341074,0.5346922881996901,0.9953607852158577,4,,0.08
strong_struct_weak_content,0.50,0.60,2,nfmcd_adaptive,0.966808191023397,0.5346922881996901,0.9923496439933344,4,,0.08
strong_struct_weak_content,0.50,0.60,3,structure_only,0.9855292791386485,0.5202194714878272,0.9969135802469136,4,,0.04
strong_struct_weak_content,0.50,0.60,1,simple_concat,0.0,0.42676414805010326,0.4,4,,0.4
strong_struct_weak_content,0.50,0.60,3,content_only,0.0,0.217656522258628,0.4,4,,0.1
strong_struct_weak_content,0.50,0.60,3,spectral_content,1.0,0.5202194714878272,1.0,4,,0.03
strong_struct_weak_content,0.50,0.60,3,nfmcd_alpha_fixed,0.9773131307341074,0.5202194714878272,0.9953607852158577,4,,0.07
strong_struct_weak_content,0.50,0.60,3,nfmcd_adaptive,0.9690969823295664,0.5202194714878272,0.9938079901848018,4,,0.07
strong_struct_weak_content,0.50,0.60,4,structure_only,0.9773131307341074,0.53762600933793,0.9953607852158577,4,,0.02
strong_struct_weak_content,0.50,0.60,2,simple_concat,0.0,0.42188873048450465,0.4,4,,0.35
strong_struct_weak_content,0.50,0.60,4,spectral_content,1.0,0.53762600933793,1.0,4,,0.03
strong_struct_weak_content,0.50,0.60,4,content_only,0.0,0.1680174106441262,0.4,4,,0.09
strong_struct_weak_content,0.50,0.60,4,nfmcd_alpha_fixed,0.9753515547863769,0.53762600933793,0.9953416149068323,4,,0.07
strong_struct_weak_content,0.50,0.80,0,structure_only,1.0,0.5304506412584253,1.0,4,,0.02
strong_struct_weak_content,0.50,0.60,4,nfmcd_adaptive,0.9690969823295664,0.53762600933793,0.9938079901848018,4,,0.07
strong_struct_weak_content,0.50,0.80,0,content_only,0.0,0.08194565878927673,0.4,4,,0.1
strong_struct_weak_content,0.50,0.80,0,spectral_content,0.9835232749786152,0.5282648205602534,0.996874877924919,4,,0.04
strong_struct_weak_content,0.50,0.80,0,nfmcd_alpha_fixed,0.991783851595459,0.5304506412584253,0.9984472049689441,4,,0.05
strong_struct_weak_content,0.50,0.60,3,simple_concat,0.0,0.4065719124541569,0.4,4,,0.51
strong_struct_weak_content,0.50,0.80,0,nfmcd_adaptive,0.9855292791386485,0.5304506412584253,0.9969135802469136,4,,0.05
strong_struct_weak_content,0.50,0.80,1,structure_only,0.9835677031909179,0.5249446749096074,0.9968944099378882,4,,0.04
strong_struct_weak_content,0.50,0.80,1,content_only,0.0,0.18185966554752064,0.4,4,,0.11
strong_struct_weak_content,0.50,0.60,4,simple_concat,0.0,0.5361804006914922,0.4,4,,0.5
strong_struct_weak_content,0.50,0.80,1,spectral_content,1.0,0.5249446749096074,1.0,4,,0.04
strong_struct_weak_content,0.50,0.80,1,nfmcd_adaptive,0.9835677031909179,0.5249446749096074,0.9968944099378882,4,,0.06
strong_struct_weak_content,0.50,0.80,1,nfmcd_alpha_fixed,0.9773131307341074,0.5249446749096074,0.9953607852158577,4,,0.07
strong_struct_weak_content,0.50,0.80,2,structure_only,0.9835677031909179,0.5346922881996901,0.9968944099378882,4,,0.04
strong_struct_weak_content,0.50,0.80,2,content_only,0.0,0.06061435969057628,0.4,4,,0.09
strong_struct_weak_content,0.50,0.80,2,spectral_content,0.9835232749786152,0.5332929563351974,0.996874877924919,4,,0.05
strong_struct_weak_content,0.50,0.80,0,simple_concat,0.0,0.3658253655793026,0.4,4,,0.6
strong_struct_weak_content,0.50,0.80,2,simple_concat,0.8183920444520376,0.5346922881996901,0.9458107467265622,4,,0.16
strong_struct_weak_content,0.50,0.80,2,nfmcd_alpha_fixed,0.9773131307341074,0.5346922881996901,0.9953607852158577,4,,0.09
strong_struct_weak_content,0.50,0.80,3,structure_only,0.9855292791386485,0.5202194714878272,0.9969135802469136,4,,0.04
strong_struct_weak_content,0.50,0.80,2,nfmcd_adaptive,0.9690969823295664,0.5346922881996901,0.9938079901848018,4,,0.06
strong_struct_weak_content,0.50,0.80,3,content_only,0.0,0.18728922738961798,0.4,4,,0.11
strong_struct_weak_content,0.50,0.80,3,spectral_content,0.9835232749786152,0.5187802592780932,0.996874877924919,4,,0.14
strong_struct_weak_content,0.50,0.80,3,nfmcd_alpha_fixed,0.9855292791386485,0.5202194714878272,0.9969135802469136,4,,0.05
strong_struct_weak_content,0.50,0.80,1,simple_concat,0.0,0.4197720412577479,0.4,4,,0.61
strong_struct_weak_content,0.50,0.80,4,structure_only,0.9773131307341074,0.53762600933793,0.9953607852158577,4,,0.03
strong_struct_weak_content,0.50,0.80,3,nfmcd_adaptive,0.9855292791386485,0.5202194714878272,0.9969135802469136,4,,0.07
strong_struct_weak_content,0.50,0.80,4,spectral_content,0.9709046892534007,0.5313885744637254,0.9937490232848882,4,,0.04
strong_struct_weak_content,0.50,0.80,4,content_only,0.0,0.08897065932470095,0.4,4,,0.1
strong_struct_weak_content,0.50,0.80,4,nfmcd_alpha_fixed,0.9718131244928254,0.53762600933793,0.9938459779750791,4,,0.05
strong_struct_weak_content,0.50,0.80,4,nfmcd_adaptive,0.9835677031909179,0.53762600933793,0.9968944099378882,4,,0.05
strong_struct_weak_content,0.30,0.00,0,structure_only,1.0,0.5304506412584253,1.0,4,,0.03
strong_struct_weak_content,0.50,0.80,4,simple_concat,0.9031632980973656,0.53762600933793,0.9757548713372006,4,,0.17
strong_struct_weak_content,0.30,0.00,0,spectral_content,1.0,0.5304506412584253,1.0,4,,0.05
strong_struct_weak_content,0.30,0.00,0,content_only,0.0,0.2769562541676104,0.4,4,,0.1
strong_struct_weak_content,0.30,0.00,0,simple_concat,0.0,0.39252290366825626,0.4,4,,0.21
strong_struct_weak_content,0.30,0.00,1,structure_only,0.9835677031909179,0.5249446749096074,0.9968944099378882,4,,0.03
strong_struct_weak_content,0.30,0.00,0,nfmcd_alpha_fixed,0.9171402010846976,0.5304506412584253,0.9801897889216489,4,,0.2
strong_struct_weak_content,0.30,0.00,0,nfmcd_adaptive,0.0,0.40542149961850943,0.4,4,,0.21
strong_struct_weak_content,0.50,0.80,3,simple_concat,0.0,0.29815605393635036,0.4,4,,0.65
strong_struct_weak_content,0.30,0.00,1,spectral_content,1.0,0.5249446749096074,1.0,4,,0.03
strong_struct_weak_content,0.30,0.00,1,content_only,0.0,0.09679659252324375,0.4,4,,0.08
strong_struct_weak_content,0.30,0.00,2,structure_only,0.9835677031909179,0.5346922881996901,0.9968944099378882,4,,0.02
strong_struct_weak_content,0.30,0.00,2,content_only,0.0,0.13960434152673024,0.4,4,,0.08
strong_struct_weak_content,0.30,0.00,1,simple_concat,0.0,0.4928981308109504,0.4,4,,0.2
strong_struct_weak_content,0.30,0.00,1,nfmcd_alpha_fixed,0.9289820809335124,0.5249446749096074,0.9832210913865209,4,,0.18
strong_struct_weak_content,0.30,0.00,2,spectral_content,1.0,0.5346922881996901,1.0,4,,0.03
strong_struct_weak_content,0.30,0.00,1,nfmcd_adaptive,0.6138553663952525,0.5249446749096074,0.8373383134395407,4,,0.18
strong_struct_weak_content,0.30,0.00,3,structure_only,0.9855292791386485,0.5202194714878272,0.9969135802469136,4,,0.03
strong_struct_weak_content,0.30,0.00,2,simple_concat,0.0,0.5321508972630431,0.4,4,,0.17
strong_struct_weak_content,0.30,0.00,3,content_only,0.0,0.14238746945501535,0.4,4,,0.08
strong_struct_weak_content,0.30,0.00,3,spectral_content,1.0,0.5202194714878272,1.0,4,,0.03
strong_struct_weak_content,0.30,0.00,2,nfmcd_alpha_fixed,0.9138043704491149,0.5346922881996901,0.9787657090650465,4,,0.18
strong_struct_weak_content,0.30,0.00,2,nfmcd_adaptive,0.764772392107256,0.5346922881996901,0.9213435520835901,4,,0.19
strong_struct_weak_content,0.30,0.00,4,structure_only,0.9773131307341074,0.53762600933793,0.9953607852158577,4,,0.03
strong_struct_weak_content,0.30,0.00,3,simple_concat,0.0,0.3951852261109137,0.4,4,,0.19
strong_struct_weak_content,0.30,0.00,4,content_only,0.0,0.18987755654182276,0.4,4,,0.08
strong_struct_weak_content,0.30,0.00,4,spectral_content,1.0,0.53762600933793,1.0,4,,0.03
strong_struct_weak_content,0.30,0.00,3,nfmcd_alpha_fixed,0.9011352551327051,0.5202194714878272,0.975663840458347,4,,0.18
strong_struct_weak_content,0.30,0.00,3,nfmcd_adaptive,0.0,0.24908723657068918,0.4,4,,0.19
strong_struct_weak_content,0.30,0.20,0,structure_only,1.0,0.5304506412584253,1.0,4,,0.03
strong_struct_weak_content,0.30,0.00,4,simple_concat,0.0,0.5361804006914922,0.4,4,,0.18
strong_struct_weak_content,0.30,0.20,0,content_only,0.0,0.16361124941637636,0.4,4,,0.08
strong_struct_weak_content,0.30,0.00,4,nfmcd_alpha_fixed,0.9378667493006939,0.53762600933793,0.9861768044871615,4,,0.18
strong_struct_weak_content,0.30,0.00,4,nfmcd_adaptive,0.7654500609557543,0.53762600933793,0.9249951143247996,4,,0.18
strong_struct_weak_content,0.30,0.20,0,spectral_content,1.0,0.5304506412584253,1.0,4,,0.03
strong_struct_weak_content,0.30,0.20,1,structure_only,0.9835677031909179,0.5249446749096074,0.9968944099378882,4,,0.03
strong_struct_weak_content,0.30,0.20,1,content_only,0.0,0.167420462616219,0.4,4,,0.08
strong_struct_weak_content,0.30,0.20,0,nfmcd_adaptive,0.9125932011221383,0.5304506412584253,0.978694462823564,4,,0.15
strong_struct_weak_content,0.30,0.20,0,simple_concat,0.0,0.39258087062092495,0.4,4,,0.19
strong_struct_weak_content,0.30,0.20,0,nfmcd_alpha_fixed,0.9378667493006939,0.5304506412584253,0.9861768044871615,4,,0.16
strong_struct_weak_content,0.30,0.20,1,spectral_content,1.0,0.5249446749096074,1.0,4,,0.03
strong_struct_weak_content,0.30,0.20,2,structure_only,0.9835677031909179,0.5346922881996901,0.9968944099378882,4,,0.02
strong_struct_weak_content,0.30,0.20,2,content_only,0.0,0.10789034375900698,0.4,4,,0.09
strong_struct_weak_content,0.30,0.20,1,nfmcd_adaptive,0.8930669700302996,0.5249446749096074,0.9716292549141543,4,,0.14
strong_struct_weak_content,0.30,0.20,1,simple_concat,0.0,0.4112085969783057,0.4,4,,0.2
strong_struct_weak_content,0.30,0.20,1,nfmcd_alpha_fixed,0.9483716890114043,0.5249446749096074,0.9891879457096848,4,,0.16
strong_struct_weak_content,0.30,0.20,2,spectral_content,1.0,0.5346922881996901,1.0,4,,0.03
strong_struct_weak_content,0.30,0.20,3,structure_only,0.9855292791386485,0.5202194714878272,0.9969135802469136,4,,0.03
strong_struct_weak_content,0.30,0.20,3,content_only,0.0,0.24624156003179104,0.4,4,,0.07
strong_struct_weak_content,0.30,0.20,2,nfmcd_alpha_fixed,0.9400878186920992,0.5346922881996901,0.986196319018405,4,,0.13
strong_struct_weak_content,0.30,0.20,2,nfmcd_adaptive,0.867332585762189,0.5346922881996901,0.9640809884991229,4,,0.15
strong_struct_weak_content,0.30,0.20,3,spectral_content,1.0,0.5202194714878272,1.0,4,,0.03
strong_struct_weak_content,0.30,0.20,2,simple_concat,0.0,0.48496772483804385,0.4,4,,0.22
strong_struct_weak_content,0.30,0.20,4,structure_only,0.9773131307341074,0.53762600933793,0.9953607852158577,4,,0.03
strong_struct_weak_content,0.30,0.20,4,content_only,0.0,0.18134279990689922,0.4,4,,0.08
strong_struct_weak_content,0.30,0.20,3,nfmcd_adaptive,0.8544647389968036,0.5202194714878272,0.9597013597177497,4,,0.15
strong_struct_weak_content,0.30,0.20,3,nfmcd_alpha_fixed,0.9366171103133119,0.5202194714878272,0.9861395137468757,4,,0.17
strong_struct_weak_content,0.30,0.20,3,simple_concat,0.0,0.3978802466360715,0.4,4,,0.21
strong_struct_weak_content,0.30,0.20,4,spectral_content,1.0,0.53762600933793,1.0,4,,0.03
strong_struct_weak_content,0.30,0.40,0,structure_only,1.0,0.5304506412584253,1.0,4,,0.03
strong_struct_weak_content,0.30,0.40,0,content_only,0.0,0.11944501822677113,0.4,4,,0.09
strong_struct_weak_content,0.30,0.20,4,nfmcd_adaptive,0.9539577415055744,0.53762600933793,0.9893186523621307,4,,0.16
strong_struct_weak_content,0.30,0.20,4,nfmcd_alpha_fixed,0.9635969760882844,0.53762600933793,0.9922931829440231,4,,0.18
strong_struct_weak_content,0.30,0.20,4,simple_concat,0.0,0.53762600933793,0.4,4,,0.21
strong_struct_weak_content,0.30,0.40,0,spectral_content,1.0,0.5304506412584253,1.0,4,,0.04
strong_struct_weak_content,0.30,0.40,1,structure_only,0.9835677031909179,0.5249446749096074,0.9968944099378882,4,,0.03
strong_struct_weak_content,0.30,0.40,0,nfmcd_alpha_fixed,0.9523374701620454,0.5304506412584253,0.9892632242402479,4,,0.11
strong_struct_weak_content,0.30,0.40,1,content_only,0.0,0.141865880036157,0.4,4,,0.08
strong_struct_weak_content,0.30,0.40,0,nfmcd_adaptive,0.9605536185665864,0.5304506412584253,0.9908160192713038,4,,0.12
strong_struct_weak_content,0.30,0.40,1,spectral_content,1.0,0.5249446749096074,1.0,4,,0.03
strong_struct_weak_content,0.30,0.40,0,simple_concat,0.0,0.3738491622391408,0.4,4,,0.25
strong_struct_weak_content,0.30,0.40,1,nfmcd_alpha_fixed,0.9635969760882844,0.5249446749096074,0.9922931829440231,4,,0.11
strong_struct_weak_content,0.30,0.40,2,structure_only,0.9835677031909179,0.5346922881996901,0.9968944099378882,4,,0.03
strong_struct_weak_content,0.30,0.40,1,nfmcd_adaptive,0.9386213155162224,0.5249446749096074,0.9861956219684135,4,,0.1
strong_struct_weak_content,0.30,0.40,2,spectral_content,1.0,0.5346922881996901,1.0,4,,0.03
strong_struct_weak_content,0.30,0.40,2,content_only,0.0,0.19727689322792244,0.4,4,,0.09
strong_struct_weak_content,0.30,0.40,1,simple_concat,0.0,0.3967783525955579,0.4,4,,0.25
strong_struct_weak_content,0.30,0.40,2,nfmcd_alpha_fixed,0.9628424098727559,0.5346922881996901,0.9922743654627713,4,,0.1
strong_struct_weak_content,0.30,0.40,3,structure_only,0.9855292791386485,0.5202194714878272,0.9969135802469136,4,,0.03
strong_struct_weak_content,0.30,0.40,2,nfmcd_adaptive,0.9428716827701223,0.5346922881996901,0.9876731384689063,4,,0.11
strong_struct_weak_content,0.30,0.40,3,spectral_content,1.0,0.5202194714878272,1.0,4,,0.03
strong_struct_weak_content,0.30,0.40,3,content_only,0.0,0.14126288910866175,0.4,4,,0.1
strong_struct_weak_content,0.30,0.40,2,simple_concat,0.0,0.5344016666634427,0.4,4,,0.29
strong_struct_weak_content,0.30,0.40,4,structure_only,0.9773131307341074,0.53762600933793,0.9953607852158577,4,,0.02
strong_struct_weak_content,0.30,0.40,3,nfmcd_alpha_fixed,0.9635969760882844,0.5202194714878272,0.9922931829440232,4,,0.11
strong_struct_weak_content,0.30,0.40,3,nfmcd_adaptive,0.9441213217575044,0.5202194714878272,0.987710429209192,4,,0.1
strong_struct_weak_content,0.30,0.40,4,spectral_content,1.0,0.53762600933793,1.0,4,,0.03
strong_struct_weak_content,0.30,0.40,3,simple_concat,0.0,0.4487327791861249,0.4,4,,0.26
strong_struct_weak_content,0.30,0.40,4,content_only,0.0,0.2647638562030393,0.4,4,,0.1
strong_struct_weak_content,0.30,0.60,0,structure_only,1.0,0.5304506412584253,1.0,4,,0.03
strong_struct_weak_content,0.30,0.40,4,nfmcd_alpha_fixed,0.9573424036314738,0.53762600933793,0.9907595582219926,4,,0.12
strong_struct_weak_content,0.30,0.40,4,nfmcd_adaptive,0.9573424036314738,0.53762600933793,0.9907595582219926,4,,0.11
strong_struct_weak_content,0.30,0.60,0,content_only,0.0,0.09498217338271409,0.4,4,,0.08
strong_struct_weak_content,0.30,0.60,0,spectral_content,1.0,0.5304506412584253,1.0,4,,0.03
strong_struct_weak_content,0.30,0.60,0,nfmcd_alpha_fixed,0.9773131307341074,0.5304506412584253,0.9953607852158577,4,,0.08
strong_struct_weak_content,0.30,0.60,0,nfmcd_adaptive,0.9835677031909179,0.5304506412584253,0.9968944099378882,4,,0.08
strong_struct_weak_content,0.30,0.40,4,simple_concat,0.0,0.5361804006914922,0.4,4,,0.3
strong_struct_weak_content,0.30,0.60,1,structure_only,0.9835677031909179,0.5249446749096074,0.9968944099378882,4,,0.04
strong_struct_weak_content,0.30,0.60,1,spectral_content,1.0,0.5249446749096074,1.0,4,,0.04
strong_struct_weak_content,0.30,0.60,1,content_only,0.0,0.12836470170454545,0.4,4,,0.12
strong_struct_weak_content,0.30,0.60,1,nfmcd_alpha_fixed,0.9753515547863769,0.5249446749096074,0.9953416149068324,4,,0.08
strong_struct_weak_content,0.30,0.60,0,simple_concat,0.0,0.38187082369062697,0.4,4,,0.31
strong_struct_weak_content,0.30,0.60,2,structure_only,0.9835677031909179,0.5346922881996901,0.9968944099378882,4,,0.03
strong_struct_weak_content,0.30,0.60,1,nfmcd_adaptive,0.9671354063818359,0.5249446749096074,0.9937888198757764,4,,0.08
strong_struct_weak_content,0.30,0.60,2,spectral_content,1.0,0.5346922881996901,1.0,4,,0.04
strong_struct_weak_content,0.30,0.60,2,content_only,0.0,0.07265143792278336,0.4,4,,0.09
strong_struct_weak_content,0.30,0.60,2,nfmcd_alpha_fixed,0.9773131307341074,0.5346922881996901,0.9953607852158577,4,,0.08
strong_struct_weak_content,0.30,0.60,1,simple_concat,0.0,0.428482736634814,0.4,4,,0.33
strong_struct_weak_content,0.30,0.60,3,structure_only,0.9855292791386485,0.5202194714878272,0.9969135802469136,4,,0.03
strong_struct_weak_content,0.30,0.60,2,nfmcd_adaptive,0.9718131244928254,0.5346922881996901,0.9938459779750791,4,,0.09
strong_struct_weak_content,0.30,0.60,3,spectral_content,1.0,0.5202194714878272,1.0,4,,0.03
strong_struct_weak_content,0.30,0.60,3,content_only,0.0,0.1384812502423579,0.4,4,,0.08
strong_struct_weak_content,0.30,0.60,3,nfmcd_alpha_fixed,0.9773131307341074,0.5202194714878272,0.9953607852158577,4,,0.07
strong_struct_weak_content,0.30,0.60,3,nfmcd_adaptive,0.9546262614682149,0.5202194714878272,0.9907215704317154,4,,0.07
strong_struct_weak_content,0.30,0.60,4,structure_only,0.9773131307341074,0.53762600933793,0.9953607852158577,4,,0.03
strong_struct_weak_content,0.30,0.60,4,content_only,0.0,0.13426435453100474,0.4,4,,0.1
strong_struct_weak_content,0.30,0.60,4,spectral_content,1.0,0.53762600933793,1.0,4,,0.03
strong_struct_weak_content,0.30,0.60,4,nfmcd_alpha_fixed,0.9835677031909179,0.53762600933793,0.9968944099378882,4,,0.09
strong_struct_weak_content,0.30,0.60,3,simple_concat,0.0,0.5151243189938338,0.4,4,,0.38
strong_struct_weak_content,0.30,0.80,0,structure_only,1.0,0.5304506412584253,1.0,4,,0.04
strong_struct_weak_content,0.30,0.60,4,nfmcd_adaptive,0.9773131307341074,0.53762600933793,0.9953607852158577,4,,0.09
strong_struct_weak_content,0.30,0.80,0,content_only,0.0,0.07121659268828742,0.4,4,,0.11
strong_struct_weak_content,0.30,0.80,0,spectral_content,1.0,0.5304506412584253,1.0,4,,0.03
strong_struct_weak_content,0.30,0.80,0,nfmcd_alpha_fixed,0.991783851595459,0.5304506412584253,0.9984472049689441,4,,0.05
strong_struct_weak_content,0.30,0.80,0,nfmcd_adaptive,1.0,0.5304506412584253,1.0,4,,0.05
strong_struct_weak_content,0.30,0.80,1,structure_only,0.9835677031909179,0.5249446749096074,0.9968944099378882,4,,0.03
strong_struct_weak_content,0.30,0.60,4,simple_concat,0.0,0.534173322643983,0.4,4,,0.55
strong_struct_weak_content,0.30,0.60,2,simple_concat,0.0,0.4622557214180567,0.4,4,,0.96
strong_struct_weak_content,0.30,0.80,1,content_only,0.0,0.13936951188016528,0.4,4,,0.11
strong_struct_weak_content,0.30,0.80,1,spectral_content,1.0,0.5249446749096074,1.0,4,,0.04
strong_struct_weak_content,0.30,0.80,1,nfmcd_alpha_fixed,0.9835677031909179,0.5249446749096074,0.9968944099378882,4,,0.05
strong_struct_weak_content,0.30,0.80,2,structure_only,0.9835677031909179,0.5346922881996901,0.9968944099378882,4,,0.03
strong_struct_weak_content,0.30,0.80,1,nfmcd_adaptive,0.9835677031909179,0.5249446749096074,0.9968944099378882,4,,0.05
strong_struct_weak_content,0.30,0.80,2,content_only,0.0,0.17554105628857886,0.4,4,,0.11
strong_struct_weak_content,0.30,0.80,0,simple_concat,0.0,0.39419627436193644,0.4,4,,0.56
strong_struct_weak_content,0.30,0.80,2,spectral_content,1.0,0.5346922881996901,1.0,4,,0.04
strong_struct_weak_content,0.30,0.80,2,nfmcd_alpha_fixed,0.9835677031909179,0.5346922881996901,0.9968944099378882,4,,0.05
strong_struct_weak_content,0.30,0.80,3,structure_only,0.9855292791386485,0.5202194714878272,0.9969135802469136,4,,0.03
strong_struct_weak_content,0.30,0.80,2,nfmcd_adaptive,0.9835677031909179,0.5346922881996901,0.9968944099378882,4,,0.07
strong_struct_weak_content,0.30,0.80,2,simple_concat,0.8294931128708288,0.5346922881996901,0.9500375871633356,4,,0.25
strong_struct_weak_content,0.30,0.80,3,spectral_content,0.9835232749786152,0.5182258309607212,0.996874877924919,4,,0.04
strong_struct_weak_content,0.30,0.80,3,content_only,0.0,0.076759337520228,0.4,4,,0.11
strong_struct_weak_content,0.30,0.80,3,nfmcd_alpha_fixed,0.9855292791386485,0.5202194714878272,0.9969135802469136,4,,0.05
strong_struct_weak_content,0.30,0.80,4,structure_only,0.9773131307341074,0.53762600933793,0.9953607852158577,4,,0.03
strong_struct_weak_content,0.30,0.80,3,simple_concat,0.7345267949886285,0.5202194714878272,0.9090819754920637,4,,0.16
strong_struct_weak_content,0.30,0.80,3,nfmcd_adaptive,0.9855292791386485,0.5202194714878272,0.9969135802469136,4,,0.07
strong_struct_weak_content,0.30,0.80,4,spectral_content,1.0,0.53762600933793,1.0,4,,0.03
strong_struct_weak_content,0.30,0.80,4,content_only,0.0,0.12138990731696642,0.4,4,,0.1
strong_struct_weak_content,0.30,0.80,4,nfmcd_alpha_fixed,0.9773131307341074,0.53762600933793,0.9953607852158577,4,,0.08
strong_struct_weak_content,0.10,0.00,0,structure_only,1.0,0.5304506412584253,1.0,4,,0.03
strong_struct_weak_content,0.30,0.80,4,nfmcd_adaptive,0.9773131307341074,0.53762600933793,0.9953607852158577,4,,0.07
strong_struct_weak_content,0.30,0.80,4,simple_concat,0.8527945116993298,0.53762600933793,0.9572473177005724,4,,0.25
strong_struct_weak_content,0.10,0.00,0,content_only,0.0,0.23672782166992906,0.4,4,,0.11
strong_struct_weak_content,0.10,0.00,0,spectral_content,1.0,0.5304506412584253,1.0,4,,0.04
strong_struct_weak_content,0.30,0.80,1,simple_concat,0.0,0.3702252953899793,0.4,4,,0.94
strong_struct_weak_content,0.10,0.00,0,simple_concat,0.0,0.3766481040615143,0.4,4,,0.22
strong_struct_weak_content,0.10,0.00,1,structure_only,0.9835677031909179,0.5249446749096074,0.9968944099378882,4,,0.02
strong_struct_weak_content,0.10,0.00,0,nfmcd_alpha_fixed,0.9180932073634204,0.5304506412584253,0.9802092700643426,4,,0.18
strong_struct_weak_content,0.10,0.00,1,spectral_content,1.0,0.5249446749096074,1.0,4,,0.03
strong_struct_weak_content,0.10,0.00,1,content_only,0.0,0.25846199477014464,0.4,4,,0.08
strong_struct_weak_content,0.10,0.00,0,nfmcd_adaptive,0.0,0.2650206371841315,0.4,4,,0.2
strong_struct_weak_content,0.10,0.00,2,structure_only,0.9835677031909179,0.5346922881996901,0.9968944099378882,4,,0.03
strong_struct_weak_content,0.10,0.00,1,simple_concat,0.0,0.44936535543646694,0.4,4,,0.18
strong_struct_weak_content,0.10,0.00,1,nfmcd_alpha_fixed,0.9172275022354198,0.5249446749096074,0.9801726594237118,4,,0.16
strong_struct_weak_content,0.10,0.00,1,nfmcd_adaptive,0.752961807012064,0.5249446749096074,0.9162460333359125,4,,0.18
strong_struct_weak_content,0.10,0.00,2,content_only,0.0,0.15694793224247092,0.4,4,,0.14
strong_struct_weak_content,0.10,0.00,2,spectral_content,1.0,0.5346922881996901,1.0,4,,0.03
strong_struct_weak_content,0.10,0.00,3,structure_only,0.9855292791386485,0.5202194714878272,0.9969135802469136,4,,0.02
strong_struct_weak_content,0.10,0.00,2,simple_concat,0.0,0.5214328740465914,0.4,4,,0.18
strong_struct_weak_content,0.10,0.00,3,content_only,0.0,0.14296735521023113,0.4,4,,0.08
strong_struct_weak_content,0.10,0.00,3,spectral_content,1.0,0.5202194714878272,1.0,4,,0.03
strong_struct_weak_content,0.10,0.00,2,nfmcd_alpha_fixed,0.9121352676152692,0.5324676716425417,0.9786934549399041,4,,0.2
strong_struct_weak_content,0.10,0.00,2,nfmcd_adaptive,0.753042064756816,0.5324676716425417,0.9187781500115797,4,,0.21
strong_struct_weak_content,0.10,0.00,4,structure_only,0.9773131307341074,0.53762600933793,0.9953607852158577,4,,0.03
strong_struct_weak_content,0.10,0.00,3,simple_concat,0.0,0.4034346182062138,0.4,4,,0.17
strong_struct_weak_content,0.10,0.00,3,nfmcd_alpha_fixed,0.9032505992480877,0.5202194714878272,0.9757377418392635,4,,0.18
strong_struct_weak_content,0.10,0.00,4,content_only,0.0,0.18470143092736743,0.4,4,,0.08
strong_struct_weak_content,0.10,0.00,4,spectral_content,1.0,0.53762600933793,1.0,4,,0.03
strong_struct_weak_content,0.10,0.00,3,nfmcd_adaptive,0.6287633173544045,0.5202194714878272,0.850974606417717,4,,0.19
strong_struct_weak_content,0.10,0.20,0,structure_only,1.0,0.5304506412584253,1.0,4,,0.03
strong_struct_weak_content,0.10,0.00,4,simple_concat,0.0,0.53762600933793,0.4,4,,0.19
strong_struct_weak_content,0.10,0.20,0,content_only,0.0,0.16067241190604828,0.4,4,,0.08
strong_struct_weak_content,0.10,0.20,0,spectral_content,1.0,0.5304506412584253,1.0,4,,0.03
strong_struct_weak_content,0.10,0.00,4,nfmcd_alpha_fixed,0.9181419847070056,0.53762600933793,0.978892784107508,4,,0.19
strong_struct_weak_content,0.10,0.00,4,nfmcd_adaptive,0.5910003891344995,0.53762600933793,0.8329677433897815,4,,0.18
strong_struct_weak_content,0.10,0.20,1,structure_only,0.9835677031909179,0.5249446749096074,0.9968944099378882,4,,0.03
strong_struct_weak_content,0.10,0.20,1,content_only,0.0,0.1715479322701446,0.4,4,,0.08
strong_struct_weak_content,0.10,0.20,0,nfmcd_alpha_fixed,0.9441213217575044,0.5304506412584253,0.987710429209192,4,,0.13
strong_struct_weak_content,0.10,0.20,0,simple_concat,0.0,0.39804107286786,0.4,4,,0.19
strong_struct_weak_content,0.10,0.20,0,nfmcd_adaptive,0.9137555389587982,0.5304506412584253,0.9787488830617869,4,,0.14
strong_struct_weak_content,0.10,0.20,1,spectral_content,1.0,0.5249446749096074,1.0,4,,0.03
strong_struct_weak_content,0.10,0.20,2,structure_only,0.9835677031909179,0.5346922881996901,0.9968944099378882,4,,0.03
strong_struct_weak_content,0.10,0.20,2,content_only,0.0,0.18355206679033814,0.4,4,,0.09
strong_struct_weak_content,0.10,0.20,1,nfmcd_alpha_fixed,0.9546262614682149,0.5249446749096074,0.9907215704317154,4,,0.14
strong_struct_weak_content,0.10,0.20,1,nfmcd_adaptive,0.9183898400720798,0.5249446749096074,0.9802270796619347,4,,0.15
strong_struct_weak_content,0.10,0.20,2,spectral_content,1.0,0.5346922881996901,1.0,4,,0.03
strong_struct_weak_content,0.10,0.20,1,simple_concat,0.0,0.4177550765108471,0.4,4,,0.19
strong_struct_weak_content,0.10,0.20,3,structure_only,0.9855292791386485,0.5202194714878272,0.9969135802469136,4,,0.02
strong_struct_weak_content,0.10,0.20,3,content_only,0.0,0.0786450006793904,0.4,4,,0.08
strong_struct_weak_content,0.10,0.20,2,nfmcd_adaptive,0.9109729297786093,0.5346922881996901,0.9786390347016812,4,,0.13
strong_struct_weak_content,0.10,0.20,2,nfmcd_alpha_fixed,0.9386213155162224,0.5346922881996901,0.9861956219684135,4,,0.14
strong_struct_weak_content,0.10,0.20,3,spectral_content,1.0,0.5202194714878272,1.0,4,,0.03
strong_struct_weak_content,0.10,0.20,2,simple_concat,0.0,0.47230011548259926,0.4,4,,0.21
strong_struct_weak_content,0.10,0.20,4,structure_only,0.9773131307341074,0.53762600933793,0.9953607852158577,4,,0.03
strong_struct_weak_content,0.10,0.20,3,nfmcd_alpha_fixed,0.9436262489856508,0.5202194714878272,0.9876919559501581,4,,0.14
strong_struct_weak_content,0.10,0.20,4,content_only,0.0,0.14255501998285194,0.4,4,,0.08
strong_struct_weak_content,0.10,0.20,3,nfmcd_adaptive,0.8853337110094843,0.5202194714878272,0.9699266522280906,4,,0.14
strong_struct_weak_content,0.10,0.20,3,simple_concat,0.0,0.41606371421338406,0.4,4,,0.2
strong_struct_weak_content,0.10,0.20,4,spectral_content,1.0,0.53762600933793,1.0,4,,0.03
strong_struct_weak_content,0.10,0.40,0,structure_only,1.0,0.5304506412584253,1.0,4,,0.03
strong_struct_weak_content,0.10,0.40,0,content_only,0.0,0.174099313759852,0.4,4,,0.09
strong_struct_weak_content,0.10,0.20,4,nfmcd_alpha_fixed,0.9518423973901918,0.53762600933793,0.9892447509812141,4,,0.18
strong_struct_weak_content,0.10,0.20,4,simple_concat,0.0,0.5361804006914922,0.4,4,,0.22
strong_struct_weak_content,0.10,0.40,0,spectral_content,1.0,0.5304506412584253,1.0,4,,0.04
strong_struct_weak_content,0.10,0.20,4,nfmcd_adaptive,0.9109729297786093,0.53762600933793,0.9786390347016812,4,,0.23
strong_struct_weak_content,0.10,0.40,1,structure_only,0.9835677031909179,0.5249446749096074,0.9968944099378882,4,,0.03
strong_struct_weak_content,0.10,0.40,0,nfmcd_alpha_fixed,0.9635969760882844,0.5304506412584253,0.9922931829440232,4,,0.1
strong_struct_weak_content,0.10,0.40,0,nfmcd_adaptive,0.9518423973901918,0.5304506412584253,0.9892447509812141,4,,0.12
strong_struct_weak_content,0.10,0.40,1,content_only,0.0,0.14185341070506194,0.4,4,,0.1
strong_struct_weak_content,0.10,0.40,0,simple_concat,0.0,0.38573246661799443,0.4,4,,0.23
strong_struct_weak_content,0.10,0.40,1,spectral_content,1.0,0.5249446749096074,1.0,4,,0.03
strong_struct_weak_content,0.10,0.40,2,structure_only,0.9835677031909179,0.5346922881996901,0.9968944099378882,4,,0.04
strong_struct_weak_content,0.10,0.40,1,nfmcd_alpha_fixed,0.9835677031909179,0.5249446749096074,0.9968944099378882,4,,0.14
strong_struct_weak_content,0.10,0.40,1,nfmcd_adaptive,0.9635969760882844,0.5249446749096074,0.9922931829440232,4,,0.14
strong_struct_weak_content,0.10,0.40,2,content_only,0.0,0.19623445482347796,0.4,4,,0.1
strong_struct_weak_content,0.10,0.40,2,spectral_content,1.0,0.5346922881996901,1.0,4,,0.03
strong_struct_weak_content,0.10,0.40,1,simple_concat,0.0,0.43064993866219003,0.4,4,,0.25
strong_struct_weak_content,0.10,0.40,3,structure_only,0.9855292791386485,0.5202194714878272,0.9969135802469136,4,,0.02
strong_struct_weak_content,0.10,0.40,2,nfmcd_alpha_fixed,0.9546262614682149,0.5346922881996901,0.9907215704317154,4,,0.15
strong_struct_weak_content,0.10,0.40,3,content_only,0.0,0.07739443360116972,0.4,4,,0.11
strong_struct_weak_content,0.10,0.40,2,nfmcd_adaptive,0.9373716765288402,0.5346922881996901,0.9861583312281277,4,,0.17
strong_struct_weak_content,0.10,0.40,3,spectral_content,1.0,0.5202194714878272,1.0,4,,0.04
strong_struct_weak_content,0.10,0.40,2,simple_concat,0.0,0.47957760836890984,0.4,4,,0.27
strong_struct_weak_content,0.10,0.40,4,structure_only,0.9773131307341074,0.53762600933793,0.9953607852158577,4,,0.03
strong_struct_weak_content,0.10,0.40,3,nfmcd_alpha_fixed,0.9373716765288402,0.5202194714878272,0.9861583312281277,4,,0.14
strong_struct_weak_content,0.10,0.40,3,nfmcd_adaptive,0.9359485903506714,0.5202194714878272,0.984736595677291,4,,0.14
strong_struct_weak_content,0.10,0.40,4,content_only,0.0,0.21912031686099137,0.4,4,,0.09
strong_struct_weak_content,0.10,0.40,4,spectral_content,1.0,0.53762600933793,1.0,4,,0.04
strong_struct_weak_content,0.10,0.40,3,simple_concat,0.0,0.48441527969606185,0.4,4,,0.26
strong_struct_weak_content,0.10,0.60,0,structure_only,1.0,0.5304506412584253,1.0,4,,0.03
strong_struct_weak_content,0.10,0.40,4,nfmcd_alpha_fixed,0.9690969823295664,0.53762600933793,0.9938079901848018,4,,0.14
strong_struct_weak_content,0.10,0.40,4,nfmcd_adaptive,0.9518423973901918,0.53762600933793,0.989244750981214,4,,0.14
strong_struct_weak_content,0.10,0.60,0,content_only,0.0,0.08803369137350521,0.4,4,,0.08
strong_struct_weak_content,0.10,0.60,0,spectral_content,1.0,0.5304506412584253,1.0,4,,0.03
strong_struct_weak_content,0.10,0.60,0,nfmcd_alpha_fixed,0.991783851595459,0.5304506412584253,0.9984472049689441,4,,0.08
strong_struct_weak_content,0.10,0.40,4,simple_concat,0.0,0.5361804006914922,0.4,4,,0.29
strong_struct_weak_content,0.10,0.60,0,nfmcd_adaptive,0.991783851595459,0.5304506412584253,0.9984472049689441,4,,0.07
strong_struct_weak_content,0.10,0.60,1,structure_only,0.9835677031909179,0.5249446749096074,0.9968944099378882,4,,0.03
strong_struct_weak_content,0.10,0.60,1,spectral_content,1.0,0.5249446749096074,1.0,4,,0.04
strong_struct_weak_content,0.10,0.60,1,content_only,0.0,0.1260981485666322,0.4,4,,0.1
strong_struct_weak_content,0.10,0.60,1,nfmcd_alpha_fixed,0.9635969760882844,0.5249446749096074,0.9922931829440232,4,,0.08
strong_struct_weak_content,0.10,0.60,2,structure_only,0.9835677031909179,0.5346922881996901,0.9968944099378882,4,,0.04
strong_struct_weak_content,0.10,0.60,1,nfmcd_adaptive,0.9718131244928254,0.5249446749096074,0.9938459779750791,4,,0.08
strong_struct_weak_content,0.10,0.60,0,simple_concat,0.0,0.3951380594087719,0.4,4,,0.32
strong_struct_weak_content,0.10,0.60,2,spectral_content,1.0,0.5346922881996901,1.0,4,,0.04
strong_struct_weak_content,0.10,0.60,2,content_only,0.0,0.11859443942579809,0.4,4,,0.09
strong_struct_weak_content,0.10,0.60,2,nfmcd_alpha_fixed,0.9710585582772969,0.5346922881996901,0.9938271604938271,4,,0.08
strong_struct_weak_content,0.10,0.60,3,structure_only,0.9855292791386485,0.5202194714878272,0.9969135802469136,4,,0.03
strong_struct_weak_content,0.10,0.60,1,simple_concat,0.0,0.30861921326188013,0.4,4,,0.34
strong_struct_weak_content,0.10,0.60,2,nfmcd_adaptive,0.9655585520360149,0.5346922881996901,0.9923123532530486,4,,0.08
strong_struct_weak_content,0.10,0.60,3,spectral_content,1.0,0.5202194714878272,1.0,4,,0.03
strong_struct_weak_content,0.10,0.60,3,content_only,0.0,0.1151336271158441,0.4,4,,0.1
strong_struct_weak_content,0.10,0.60,3,nfmcd_alpha_fixed,0.9855292791386485,0.5202194714878272,0.9969135802469136,4,,0.08
strong_struct_weak_content,0.10,0.60,4,structure_only,0.9773131307341074,0.53762600933793,0.9953607852158577,4,,0.02
strong_struct_weak_content,0.10,0.60,3,nfmcd_adaptive,0.9773131307341074,0.5202194714878272,0.9953607852158577,4,,0.08
strong_struct_weak_content,0.10,0.60,2,simple_concat,0.0,0.4295429249014916,0.4,4,,0.36
strong_struct_weak_content,0.10,0.60,4,content_only,0.0,0.17671513345441744,0.4,4,,0.09
strong_struct_weak_content,0.10,0.60,4,spectral_content,1.0,0.53762600933793,1.0,4,,0.03
strong_struct_weak_content,0.10,0.60,4,nfmcd_alpha_fixed,0.9690969823295664,0.53762600933793,0.9938079901848018,4,,0.06
strong_struct_weak_content,0.10,0.60,4,nfmcd_adaptive,0.9690969823295664,0.53762600933793,0.9938079901848018,4,,0.07
strong_struct_weak_content,0.10,0.80,0,structure_only,1.0,0.5304506412584253,1.0,4,,0.02
strong_struct_weak_content,0.10,0.80,0,content_only,0.0,0.12858086302907298,0.4,4,,0.1
strong_struct_weak_content,0.10,0.60,3,simple_concat,0.0,0.45270279962458554,0.4,4,,0.42
strong_struct_weak_content,0.10,0.80,0,spectral_content,1.0,0.5304506412584253,1.0,4,,0.03
strong_struct_weak_content,0.10,0.80,0,nfmcd_adaptive,1.0,0.5304506412584253,1.0,4,,0.07
strong_struct_weak_content,0.10,0.80,0,nfmcd_alpha_fixed,1.0,0.5304506412584253,1.0,4,,0.08
strong_struct_weak_content,0.10,0.80,1,structure_only,0.9835677031909179,0.5249446749096074,0.9968944099378882,4,,0.03
strong_struct_weak_content,0.10,0.80,1,content_only,0.0,0.08518510298295454,0.4,4,,0.1
strong_struct_weak_content,0.10,0.80,1,spectral_content,0.9835232749786152,0.5237872465779958,0.9968748779249189,4,,0.05
strong_struct_weak_content,0.10,0.80,1,nfmcd_alpha_fixed,0.9753515547863769,0.5249446749096074,0.9953416149068324,4,,0.07
strong_struct_weak_content,0.10,0.80,1,nfmcd_adaptive,0.9835677031909179,0.5249446749096074,0.9968944099378882,4,,0.06
strong_struct_weak_content,0.10,0.60,4,simple_concat,0.0,0.534173322643983,0.4,4,,0.62
strong_struct_weak_content,0.10,0.80,0,simple_concat,0.0,0.37605459522143536,0.4,4,,0.48
strong_struct_weak_content,0.10,0.80,2,structure_only,0.9835677031909179,0.5346922881996901,0.9968944099378882,4,,0.03
strong_struct_weak_content,0.10,0.80,2,spectral_content,1.0,0.5346922881996901,1.0,4,,0.04
strong_struct_weak_content,0.10,0.80,2,content_only,0.0,0.13124506490818455,0.4,4,,0.1
strong_struct_weak_content,0.10,0.80,2,nfmcd_alpha_fixed,0.9835677031909179,0.5346922881996901,0.9968944099378882,4,,0.05
strong_struct_weak_content,0.10,0.80,3,structure_only,0.9855292791386485,0.5202194714878272,0.9969135802469136,4,,0.03
strong_struct_weak_content,0.10,0.80,2,nfmcd_adaptive,0.9835677031909179,0.5346922881996901,0.9968944099378882,4,,0.08
strong_struct_weak_content,0.10,0.80,3,content_only,0.0,0.12965059311889393,0.4,4,,0.1
strong_struct_weak_content,0.10,0.80,3,spectral_content,1.0,0.5202194714878272,1.0,4,,0.04
strong_struct_weak_content,0.10,0.80,3,nfmcd_alpha_fixed,0.9855292791386485,0.5202194714878272,0.9969135802469136,4,,0.05
strong_struct_weak_content,0.10,0.80,3,nfmcd_adaptive,0.9855292791386485,0.5202194714878272,0.9969135802469136,4,,0.06
strong_struct_weak_content,0.10,0.80,1,simple_concat,0.0,0.4008953706095041,0.4,4,,0.68
strong_struct_weak_content,0.10,0.80,4,structure_only,0.9773131307341074,0.53762600933793,0.9953607852158577,4,,0.03
strong_struct_weak_content,0.10,0.80,3,simple_concat,0.815255729074221,0.5202194714878272,0.9434857146270511,4,,0.27
strong_struct_weak_content,0.10,0.80,4,spectral_content,1.0,0.53762600933793,1.0,4,,0.03
strong_struct_weak_content,0.10,0.80,4,content_only,0.0,0.16569749005830736,0.4,4,,0.1
strong_struct_weak_content,0.10,0.80,4,nfmcd_alpha_fixed,0.9773131307341074,0.53762600933793,0.9953607852158577,4,,0.07
strong_struct_weak_content,0.10,0.80,2,simple_concat,0.8460310353976861,0.5346922881996901,0.9568289930280881,4,,0.56
strong_struct_weak_content,0.10,0.80,4,nfmcd_adaptive,0.9773131307341074,0.53762600933793,0.9953607852158577,4,,0.06
weak_struct_strong_content,0.90,0.00,0,structure_only,0.007795620252694535,0.2054888214534163,0.34977649939402783,4,,0.03
weak_struct_strong_content,0.90,0.00,0,spectral_content,0.8413687315056657,0.05030428222178235,0.9595439286954508,4,,0.04
weak_struct_strong_content,0.90,0.00,0,content_only,0.8120050786292679,0.04057601392627367,0.9441102302506881,4,,0.1
weak_struct_strong_content,0.90,0.00,0,simple_concat,0.8120050786292679,0.05044715398580183,0.9441102302506881,4,,0.16
strong_struct_weak_content,0.10,0.80,4,simple_concat,0.8603045710936776,0.53762600933793,0.9612817202101284,4,,0.32
weak_struct_strong_content,0.90,0.00,1,structure_only,0.007764230776857617,0.2120144706938934,0.3675350047009466,4,,0.03
weak_struct_strong_content,0.90,0.00,0,nfmcd_alpha_fixed,0.0,0.18065060857310244,0.4,4,,0.19
weak_struct_strong_content,0.90,0.00,0,nfmcd_adaptive,0.0,0.15105398665040873,0.4,4,,0.16
weak_struct_strong_content,0.90,0.00,1,content_only,0.8214178365929188,0.022175832423293088,0.9481709843700794,4,,0.08
weak_struct_strong_content,0.90,0.00,1,spectral_content,0.7959287304545787,0.027440517099620934,0.9468635445586409,4,,0.04
weak_struct_strong_content,0.90,0.00,2,structure_only,0.0,0.20358147260504839,0.35666197665093013,4,,0.03
weak_struct_strong_content,0.90,0.00,1,simple_concat,0.8214178365929188,0.03430018257023472,0.9481709843700794,4,,0.11
weak_struct_strong_content,0.90,0.00,2,content_only,0.8265019017231614,0.030810003072857785,0.9496988682509044,4,,0.09
weak_struct_strong_content,0.90,0.00,2,simple_concat,0.8265019017231614,0.0336109633929602,0.9496988682509044,4,,0.1
weak_struct_strong_content,0.90,0.00,1,nfmcd_alpha_fixed,0.0,0.16914706390801498,0.4,4,,0.17
weak_struct_strong_content,0.90,0.00,2,spectral_content,0.8437330884294146,0.03624202782353436,0.9594880361398177,4,,0.03
weak_struct_strong_content,0.90,0.00,1,nfmcd_adaptive,0.0,0.15443417984643862,0.4,4,,0.19
weak_struct_strong_content,0.90,0.00,3,structure_only,0.0,0.2087782180900608,0.3383477989588974,4,,0.03
weak_struct_strong_content,0.90,0.00,3,content_only,0.8227567623895186,0.03345551999187115,0.9483036235843529,4,,0.07
weak_struct_strong_content,0.90,0.00,3,spectral_content,0.749130117366542,0.03767709868075666,0.9313657951758536,4,,0.05
weak_struct_strong_content,0.90,0.00,3,simple_concat,0.8227567623895186,0.052146522379718556,0.9483036235843529,4,,0.1
weak_struct_strong_content,0.90,0.00,2,nfmcd_adaptive,0.0,0.13843904908902332,0.4,4,,0.16
weak_struct_strong_content,0.90,0.00,2,nfmcd_alpha_fixed,0.0,0.17049757077701025,0.4,4,,0.18
weak_struct_strong_content,0.90,0.00,4,structure_only,0.0,0.19347056190156073,0.32244721260824816,4,,0.03
weak_struct_strong_content,0.90,0.00,4,content_only,0.8601190827890259,0.031058515630267333,0.9624125243488926,4,,0.06
weak_struct_strong_content,0.90,0.00,4,spectral_content,0.8851889815862789,0.03273684001587283,0.9749980465697765,4,,0.04
weak_struct_strong_content,0.90,0.00,4,simple_concat,0.8601190827890259,0.03138102425524049,0.9624125243488926,4,,0.11
weak_struct_strong_content,0.90,0.00,3,nfmcd_alpha_fixed,0.0,0.190136581483175,0.4,4,,0.18
weak_struct_strong_content,0.90,0.00,3,nfmcd_adaptive,0.0,0.1439248759504818,0.4,4,,0.18
weak_struct_strong_content,0.90,0.20,0,structure_only,0.007795620252694535,0.2054888214534163,0.34977649939402783,4,,0.03
weak_struct_strong_content,0.90,0.20,0,content_only,0.8499355851985718,0.047911829591565105,0.9595385947681356,4,,0.1
weak_struct_strong_content,0.90,0.00,4,nfmcd_alpha_fixed,0.0,0.1592453593453108,0.4,4,,0.18
weak_struct_strong_content,0.90,0.20,0,spectral_content,0.9298876876955019,0.047412297951184255,0.9843125820232808,4,,0.03
weak_struct_strong_content,0.90,0.00,4,nfmcd_adaptive,0.0,0.14235696389789895,0.4,4,,0.17
weak_struct_strong_content,0.90,0.20,0,simple_concat,0.8138543018096263,0.047072263152817886,0.9456057015571195,4,,0.14
weak_struct_strong_content,0.90,0.20,1,structure_only,0.007764230776857617,0.2120144706938934,0.3675350047009466,4,,0.03
weak_struct_strong_content,0.90,0.20,1,content_only,0.838566828617029,0.031003293010469307,0.956682104660046,4,,0.11
weak_struct_strong_content,0.90,0.20,0,nfmcd_alpha_fixed,0.008459487002668187,0.1935589425688412,0.4064598846128363,4,,0.15
weak_struct_strong_content,0.90,0.20,0,nfmcd_adaptive,0.0,0.15723392645030865,0.4,4,,0.15
weak_struct_strong_content,0.90,0.20,1,spectral_content,0.8467931089158146,0.02995517963983487,0.9626117336172872,4,,0.03
weak_struct_strong_content,0.90,0.20,2,structure_only,0.0,0.20358147260504839,0.35666197665093013,4,,0.03
weak_struct_strong_content,0.90,0.20,1,simple_concat,0.7951197853134151,0.03593800201544047,0.9388905993431856,4,,0.16
weak_struct_strong_content,0.90,0.20,1,nfmcd_adaptive,0.0,0.180092086233867,0.4,4,,0.12
weak_struct_strong_content,0.90,0.20,1,nfmcd_alpha_fixed,0.022527637185302707,0.19676998258625703,0.41861437782017247,4,,0.14
weak_struct_strong_content,0.90,0.20,2,content_only,0.8225577882503207,0.02558854674322708,0.9520305241400098,4,,0.1
weak_struct_strong_content,0.90,0.20,2,spectral_content,0.8792875554988246,0.03427565503992711,0.9719245324936475,4,,0.04
weak_struct_strong_content,0.90,0.20,2,simple_concat,0.7918517573981068,0.032730499162450064,0.9406633258427073,4,,0.12
weak_struct_strong_content,0.90,0.20,3,structure_only,0.0,0.2087782180900608,0.3383477989588974,4,,0.05
weak_struct_strong_content,0.90,0.20,3,content_only,0.7811561201481025,0.0361361750410676,0.9387483152906395,4,,0.09
weak_struct_strong_content,0.90,0.20,2,nfmcd_adaptive,0.0,0.14939253012129217,0.4,4,,0.13
weak_struct_strong_content,0.90,0.20,2,nfmcd_alpha_fixed,0.029453257284628886,0.19451502089431208,0.41074750521871084,4,,0.15
weak_struct_strong_content,0.90,0.20,3,spectral_content,0.6763739408804995,0.035368507510711446,0.9031508686865426,4,,0.03
weak_struct_strong_content,0.90,0.20,4,structure_only,0.0,0.19347056190156073,0.32244721260824816,4,,0.03
weak_struct_strong_content,0.90,0.20,3,simple_concat,0.7668557340826977,0.04051931446764553,0.9331671182337004,4,,0.12
weak_struct_strong_content,0.90,0.20,3,nfmcd_alpha_fixed,0.0,0.16335136920184934,0.4,4,,0.13
weak_struct_strong_content,0.90,0.20,4,content_only,0.7944475890090033,0.03048116613606946,0.9411729389599416,4,,0.09
weak_struct_strong_content,0.90,0.20,3,nfmcd_adaptive,0.0,0.17149257396399603,0.4,4,,0.13
weak_struct_strong_content,0.90,0.20,4,spectral_content,0.8479511656024746,0.033804760233866346,0.959604495767147,4,,0.03
weak_struct_strong_content,0.90,0.20,4,simple_concat,0.7497441216768891,0.026698825665059225,0.9243781473398955,4,,0.12
weak_struct_strong_content,0.90,0.40,0,structure_only,0.007795620252694535,0.2054888214534163,0.34977649939402783,4,,0.03
weak_struct_strong_content,0.90,0.20,4,nfmcd_adaptive,0.0,0.1780505977646511,0.4,4,,0.14
weak_struct_strong_content,0.90,0.20,4,nfmcd_alpha_fixed,0.0,0.16171912845242942,0.4,4,,0.15
weak_struct_strong_content,0.90,0.40,0,content_only,0.7308256474213044,0.03771459555428096,0.9247895950456462,4,,0.12
weak_struct_strong_content,0.90,0.40,0,spectral_content,0.7719059023920891,0.04072105041399041,0.9378027065527066,4,,0.03
weak_struct_strong_content,0.90,0.40,1,structure_only,0.007764230776857617,0.2120144706938934,0.3675350047009466,4,,0.03
weak_struct_strong_content,0.90,0.40,0,nfmcd_alpha_fixed,0.009254396155112365,0.2079601566151618,0.37854521860985696,4,,0.09
weak_struct_strong_content,0.90,0.40,0,nfmcd_adaptive,0.01134926927591895,0.20911750449266756,0.37835924204413407,4,,0.1
weak_struct_strong_content,0.90,0.40,1,spectral_content,0.9463182900309743,0.031088801656202952,0.9874357215648227,4,,0.05
weak_struct_strong_content,0.90,0.40,1,content_only,0.8652694188510294,0.02166075667561948,0.9652490968258975,4,,0.14
weak_struct_strong_content,0.90,0.40,1,simple_concat,0.6408831579018651,0.03160843111873812,0.8674696301814946,4,,0.21
weak_struct_strong_content,0.90,0.40,0,simple_concat,0.5020380085799179,0.03827240155659219,0.795577800260941,4,,0.41
weak_struct_strong_content,0.90,0.40,1,nfmcd_alpha_fixed,0.013398265654321229,0.2073489368340719,0.39409305303607556,4,,0.15
weak_struct_strong_content,0.90,0.40,1,nfmcd_adaptive,0.012575898192084267,0.20847808946363142,0.4094847302017718,4,,0.12
weak_struct_strong_content,0.90,0.40,2,structure_only,0.0,0.20358147260504839,0.35666197665093013,4,,0.03
weak_struct_strong_content,0.90,0.40,2,spectral_content,0.8357089003237124,0.03627069074928891,0.9592476458783575,4,,0.03
weak_struct_strong_content,0.90,0.40,2,content_only,0.8529639266934775,0.03325403790968166,0.9635427416957697,4,,0.1
weak_struct_strong_content,0.90,0.40,2,nfmcd_alpha_fixed,0.005487575954059909,0.20475497121617753,0.3654635032597968,4,,0.12
weak_struct_strong_content,0.90,0.40,3,structure_only,0.0,0.2087782180900608,0.3383477989588974,4,,0.04
weak_struct_strong_content,0.90,0.40,2,nfmcd_adaptive,0.00375126879277643,0.19612270678579552,0.3681357798822542,4,,0.14
weak_struct_strong_content,0.90,0.40,3,spectral_content,0.7471246077956442,0.051889363071347526,0.9312807060730073,4,,0.04
weak_struct_strong_content,0.90,0.40,2,simple_concat,0.7261576277145836,0.03292417407138924,0.9105389141163178,4,,0.23
weak_struct_strong_content,0.90,0.40,3,content_only,0.8016762384874832,0.04777659232163118,0.9485024354624707,4,,0.13
weak_struct_strong_content,0.90,0.40,4,structure_only,0.0,0.19347056190156073,0.32244721260824816,4,,0.03
weak_struct_strong_content,0.90,0.40,3,nfmcd_adaptive,0.00947899837694055,0.19940549374248506,0.379606640249858,4,,0.09
weak_struct_strong_content,0.90,0.40,3,simple_concat,0.5340034389731934,0.05189512100120239,0.8141390753199463,4,,0.2
weak_struct_strong_content,0.90,0.40,3,nfmcd_alpha_fixed,0.006804740201466153,0.20405671560907043,0.3696224262508829,4,,0.11
weak_struct_strong_content,0.90,0.40,4,spectral_content,0.9253974206773236,0.031745691942583,0.9843748779249188,4,,0.04
weak_struct_strong_content,0.90,0.40,4,content_only,0.847588207571065,0.027577686274567713,0.960692828544093,4,,0.13
weak_struct_strong_content,0.90,0.40,4,nfmcd_alpha_fixed,0.005303671086023698,0.19516299398897075,0.3651439249703714,4,,0.11
weak_struct_strong_content,0.90,0.60,0,structure_only,0.007795620252694535,0.2054888214534163,0.34977649939402783,4,,0.03
weak_struct_strong_content,0.90,0.40,4,nfmcd_adaptive,0.005516877685498356,0.19555267824055964,0.3722479952951851,4,,0.11
weak_struct_strong_content,0.90,0.40,4,simple_concat,0.6523907132670557,0.027764039172822802,0.8755802290826663,4,,0.18
weak_struct_strong_content,0.90,0.60,0,spectral_content,0.8516692575288508,0.037938341395630265,0.9656634536505333,4,,0.04
weak_struct_strong_content,0.90,0.60,0,nfmcd_alpha_fixed,0.008153588949373125,0.20379185125265634,0.3654119870962971,4,,0.09
weak_struct_strong_content,0.90,0.60,0,nfmcd_adaptive,0.005875107203966445,0.20660010401064421,0.3622974465266381,4,,0.09
weak_struct_strong_content,0.90,0.60,1,structure_only,0.007764230776857617,0.2120144706938934,0.3675350047009466,4,,0.03
weak_struct_strong_content,0.90,0.60,0,content_only,0.8105861343969676,0.039078891017245224,0.9526018785032571,4,,0.19
weak_struct_strong_content,0.90,0.60,1,spectral_content,0.7847564895324093,0.017111258216714664,0.9437923406957105,4,,0.04
weak_struct_strong_content,0.90,0.60,1,nfmcd_alpha_fixed,0.017841602896246922,0.20755343236257692,0.38021031806887584,4,,0.09
weak_struct_strong_content,0.90,0.60,1,content_only,0.774090893475462,0.019531810649789823,0.9396289187019808,4,,0.2
weak_struct_strong_content,0.90,0.60,2,structure_only,0.0,0.20358147260504839,0.35666197665093013,4,,0.04
weak_struct_strong_content,0.90,0.60,1,nfmcd_adaptive,0.01893009897346931,0.21076658416572147,0.3863072288642477,4,,0.12
weak_struct_strong_content,0.90,0.60,0,simple_concat,0.0,0.12159287643116379,0.4,4,,0.48
weak_struct_strong_content,0.90,0.60,2,spectral_content,0.7709890262809991,0.034202796764964474,0.9405815361775278,4,,0.04
weak_struct_strong_content,0.90,0.60,1,simple_concat,0.0,0.1311536499289536,0.4,4,,0.41
weak_struct_strong_content,0.90,0.60,2,content_only,0.7737045136877048,0.03389951418742767,0.9413313823187012,4,,0.19
weak_struct_strong_content,0.90,0.60,2,nfmcd_alpha_fixed,0.006422741583184344,0.2038916406898894,0.3642659109947871,4,,0.09
weak_struct_strong_content,0.90,0.60,3,structure_only,0.0,0.2087782180900608,0.3383477989588974,4,,0.04
weak_struct_strong_content,0.90,0.60,2,nfmcd_adaptive,0.002068638247181398,0.1976729867617315,0.34965051247233003,4,,0.1
weak_struct_strong_content,0.90,0.60,3,spectral_content,0.7538755976837218,0.04367516808074651,0.9342285287654761,4,,0.05
weak_struct_strong_content,0.90,0.60,2,simple_concat,0.0,0.14117043375973837,0.4,4,,0.31
weak_struct_strong_content,0.90,0.60,3,content_only,0.7959988592735487,0.045362749580856586,0.9477908705462611,4,,0.17
weak_struct_strong_content,0.90,0.60,3,nfmcd_alpha_fixed,0.005547902656468873,0.1942333485749124,0.3678425730312523,4,,0.07
weak_struct_strong_content,0.90,0.60,3,nfmcd_adaptive,0.005885848520180259,0.19284475605006013,0.36722164786298195,4,,0.08
weak_struct_strong_content,0.90,0.60,4,structure_only,0.0,0.19347056190156073,0.32244721260824816,4,,0.05
weak_struct_strong_content,0.90,0.60,4,spectral_content,0.821611116719539,0.031228546245620686,0.9563078635884215,4,,0.04
weak_struct_strong_content,0.90,0.60,4,nfmcd_alpha_fixed,0.003674215990792651,0.20353452064407895,0.3584244656766816,4,,0.07
weak_struct_strong_content,0.90,0.60,3,simple_concat,0.0,0.13961836779623704,0.4,4,,0.33
weak_struct_strong_content,0.90,0.80,0,structure_only,0.007795620252694535,0.2054888214534163,0.34977649939402783,4,,0.03
weak_struct_strong_content,0.90,0.60,4,content_only,0.7720898949348669,0.030034887034218256,0.9393039260792884,4,,0.19
weak_struct_strong_content,0.90,0.60,4,nfmcd_adaptive,0.0038268728524107898,0.2040310789389893,0.3595122666467006,4,,0.08
weak_struct_strong_content,0.90,0.80,0,spectral_content,0.8404209243829588,0.04695987069845586,0.9593367604370795,4,,0.04
weak_struct_strong_content,0.90,0.80,0,nfmcd_alpha_fixed,0.010414704061564528,0.2053007502585979,0.3672979999004926,4,,0.06
weak_struct_strong_content,0.90,0.60,4,simple_concat,0.0,0.10490413242473173,0.4,4,,0.31
weak_struct_strong_content,0.90,0.80,1,structure_only,0.007764230776857617,0.2120144706938934,0.3675350047009466,4,,0.04
weak_struct_strong_content,0.90,0.80,0,nfmcd_adaptive,0.01182281515353889,0.20454586781088765,0.36779256246338426,4,,0.06
weak_struct_strong_content,0.90,0.80,0,content_only,0.5131238047871036,0.0468398584166795,0.7975703585038773,4,,0.29
weak_struct_strong_content,0.90,0.80,1,spectral_content,0.8218389864205525,0.028654672406596117,0.9562788538482057,4,,0.04
weak_struct_strong_content,0.90,0.80,0,simple_concat,0.0,0.16943006634964722,0.4,4,,0.39
weak_struct_strong_content,0.90,0.80,1,nfmcd_alpha_fixed,0.006834705611801883,0.20598939996373894,0.389383340398875,4,,0.09
weak_struct_strong_content,0.90,0.80,2,structure_only,0.0,0.20358147260504839,0.35666197665093013,4,,0.04
weak_struct_strong_content,0.90,0.80,1,nfmcd_adaptive,0.005701778851323724,0.2035310685629235,0.38194520758935346,4,,0.09
weak_struct_strong_content,0.90,0.80,1,simple_concat,0.0,0.13688610231522672,0.4,4,,0.44
weak_struct_strong_content,0.90,0.80,2,spectral_content,0.7540901702257138,0.03234523100957068,0.9344593867383889,4,,0.04
weak_struct_strong_content,0.90,0.80,2,nfmcd_alpha_fixed,0.0047860132012824685,0.20159620470837394,0.35564638613419103,4,,0.09
weak_struct_strong_content,0.90,0.80,1,content_only,0.6055063865772903,0.028341899658049743,0.8424185044658613,4,,0.59
weak_struct_strong_content,0.90,0.80,3,structure_only,0.0,0.2087782180900608,0.3383477989588974,4,,0.03
weak_struct_strong_content,0.90,0.80,2,nfmcd_adaptive,0.0,0.19917570869884565,0.3423202272786139,4,,0.06
weak_struct_strong_content,0.90,0.80,2,simple_concat,0.0,0.18792591066038258,0.4,4,,0.35
weak_struct_strong_content,0.90,0.80,3,spectral_content,0.7746978077050435,0.04033717759826587,0.9403094963590422,4,,0.05
weak_struct_strong_content,0.90,0.80,3,nfmcd_alpha_fixed,0.0,0.19580238446036347,0.35454785399032873,4,,0.06
weak_struct_strong_content,0.90,0.80,3,nfmcd_adaptive,0.0,0.19454622432217314,0.3519058437898863,4,,0.09
weak_struct_strong_content,0.90,0.80,4,structure_only,0.0,0.19347056190156073,0.32244721260824816,4,,0.05
weak_struct_strong_content,0.90,0.80,3,simple_concat,0.0,0.16320217107825705,0.4,4,,0.35
weak_struct_strong_content,0.90,0.80,2,content_only,0.56710182300057,0.022014888388328505,0.8176969624002879,4,,0.93
weak_struct_strong_content,0.90,0.80,4,spectral_content,0.8005032550297184,0.025142877390455773,0.9466770381072761,4,,0.04
weak_struct_strong_content,0.90,0.80,4,nfmcd_alpha_fixed,0.0,0.20401483867760967,0.3378750901117386,4,,0.07
weak_struct_strong_content,0.90,0.80,4,simple_concat,0.0,0.14271178900258713,0.4,4,,0.35
weak_struct_strong_content,0.90,0.80,4,content_only,0.6313608771871724,0.022670010520080455,0.8702205293443408,4,,0.48
weak_struct_strong_content,0.70,0.00,0,structure_only,0.007795620252694535,0.2054888214534163,0.34977649939402783,4,,0.04
weak_struct_strong_content,0.90,0.80,4,nfmcd_adaptive,0.0,0.20457488163064036,0.33629297114301265,4,,0.08
weak_struct_strong_content,0.70,0.00,0,spectral_content,0.7212372510455084,0.06479407676179502,0.9192963681123001,4,,0.05
weak_struct_strong_content,0.70,0.00,0,content_only,0.6626118272786645,0.03376908355469795,0.8756996756485295,4,,0.17
weak_struct_strong_content,0.90,0.80,3,content_only,0.5608907182605849,0.03483352808684316,0.8252987362362363,4,,1.02
weak_struct_strong_content,0.70,0.00,0,simple_concat,0.6626118272786645,0.04325576868559189,0.8756996756485294,4,,0.26
weak_struct_strong_content,0.70,0.00,0,nfmcd_alpha_fixed,0.0,0.15479272424242896,0.4,4,,0.21
weak_struct_strong_content,0.70,0.00,1,structure_only,0.007764230776857617,0.2120144706938934,0.3675350047009466,4,,0.03
weak_struct_strong_content,0.70,0.00,1,spectral_content,0.7136791588832304,0.0484811252735391,0.9082639590947974,4,,0.04
weak_struct_strong_content,0.70,0.00,1,content_only,0.6856309061887826,0.01730740526797346,0.887716018264159,4,,0.12
weak_struct_strong_content,0.70,0.00,0,nfmcd_adaptive,0.0,0.18209750989235435,0.4,4,,0.22
weak_struct_strong_content,0.70,0.00,2,structure_only,0.0,0.20358147260504839,0.35666197665093013,4,,0.05
weak_struct_strong_content,0.70,0.00,1,simple_concat,0.681105476855014,0.03494765336110536,0.8853271028317654,4,,0.17
weak_struct_strong_content,0.70,0.00,1,nfmcd_alpha_fixed,0.0,0.1706233108036885,0.4,4,,0.2
weak_struct_strong_content,0.70,0.00,2,content_only,0.6435820895834403,0.025603838974565404,0.8652693735566664,4,,0.11
weak_struct_strong_content,0.70,0.00,2,spectral_content,0.5994808868273737,0.05138373876961748,0.8530047094097337,4,,0.03
weak_struct_strong_content,0.70,0.00,1,nfmcd_adaptive,0.0,0.1561395460620907,0.4,4,,0.2
weak_struct_strong_content,0.70,0.00,2,simple_concat,0.6435820895834403,0.023771493391274053,0.8652693735566664,4,,0.14
weak_struct_strong_content,0.70,0.00,3,structure_only,0.0,0.2087782180900608,0.3383477989588974,4,,0.03
weak_struct_strong_content,0.70,0.00,3,content_only,0.636403043723915,0.028742485054785022,0.8615921935347014,4,,0.11
weak_struct_strong_content,0.70,0.00,3,spectral_content,0.45404538743310807,0.054555623295906804,0.7683148612365766,4,,0.04
weak_struct_strong_content,0.70,0.00,2,nfmcd_alpha_fixed,0.0,0.171557138261467,0.4,4,,0.19
weak_struct_strong_content,0.70,0.00,2,nfmcd_adaptive,0.0,0.156454098245941,0.4,4,,0.19
weak_struct_strong_content,0.70,0.00,4,structure_only,0.0,0.19347056190156073,0.32244721260824816,4,,0.03
weak_struct_strong_content,0.70,0.00,3,simple_concat,0.636403043723915,0.059575691374959786,0.8615921935347014,4,,0.26
weak_struct_strong_content,0.70,0.00,4,content_only,0.6639511694561507,0.028593112718404867,0.8759883669580808,4,,0.09
weak_struct_strong_content,0.70,0.00,3,nfmcd_adaptive,0.0,0.16823654930650817,0.4,4,,0.17
weak_struct_strong_content,0.70,0.00,3,nfmcd_alpha_fixed,0.0,0.1726349303121137,0.4,4,,0.19
weak_struct_strong_content,0.70,0.00,4,spectral_content,0.7253576398675763,0.041280037716776755,0.9137136206698139,4,,0.05
weak_struct_strong_content,0.70,0.20,0,structure_only,0.007795620252694535,0.2054888214534163,0.34977649939402783,4,,0.03
weak_struct_strong_content,0.70,0.00,4,simple_concat,0.6613091749385306,0.027813416129138624,0.8747187675167045,4,,0.19
weak_struct_strong_content,0.70,0.20,0,content_only,0.6774230607007041,0.03522845368244612,0.8898522670544347,4,,0.15
weak_struct_strong_content,0.70,0.00,4,nfmcd_alpha_fixed,0.0,0.1575415262663262,0.4,4,,0.2
weak_struct_strong_content,0.70,0.00,4,nfmcd_adaptive,0.0,0.14335697029557767,0.4,4,,0.2
weak_struct_strong_content,0.70,0.20,0,spectral_content,0.8156569611097723,0.054466266591091814,0.9530048582100751,4,,0.03
weak_struct_strong_content,0.70,0.20,1,structure_only,0.007764230776857617,0.2120144706938934,0.3675350047009466,4,,0.03
weak_struct_strong_content,0.70,0.20,0,nfmcd_alpha_fixed,0.009917129773165279,0.1641658046736904,0.3992108121909219,4,,0.15
weak_struct_strong_content,0.70,0.20,0,nfmcd_adaptive,0.0,0.15478302628026513,0.4,4,,0.14
weak_struct_strong_content,0.70,0.20,1,content_only,0.5808157805121692,0.012350770969224475,0.8536036042229005,4,,0.13
weak_struct_strong_content,0.70,0.20,1,spectral_content,0.5802978885759136,0.05131640307122769,0.8581836509118441,4,,0.05
weak_struct_strong_content,0.70,0.20,0,simple_concat,0.6277182037057956,0.043597968207655526,0.8643451005392196,4,,0.31
weak_struct_strong_content,0.70,0.20,2,structure_only,0.0,0.20358147260504839,0.35666197665093013,4,,0.03
weak_struct_strong_content,0.70,0.20,1,nfmcd_alpha_fixed,0.020556237142574707,0.18853905864594445,0.399070159069984,4,,0.17
weak_struct_strong_content,0.70,0.20,1,nfmcd_adaptive,0.0,0.1541143235414409,0.4,4,,0.14
weak_struct_strong_content,0.70,0.20,2,spectral_content,0.7185635671188327,0.04837653348654386,0.9187914993766648,4,,0.04
weak_struct_strong_content,0.70,0.20,2,content_only,0.5782403607924508,0.02553098069960274,0.8512489523176962,4,,0.15
weak_struct_strong_content,0.70,0.20,2,nfmcd_alpha_fixed,0.005034289635584499,0.1904306340383292,0.3867415545190497,4,,0.16
weak_struct_strong_content,0.70,0.20,2,nfmcd_adaptive,0.0,0.17668427915383839,0.4,4,,0.13
weak_struct_strong_content,0.70,0.20,3,structure_only,0.0,0.2087782180900608,0.3383477989588974,4,,0.03
weak_struct_strong_content,0.70,0.20,3,content_only,0.5899013095550736,0.03470041829666886,0.8615406188988235,4,,0.19
weak_struct_strong_content,0.70,0.20,3,spectral_content,0.47441357085418523,0.05253645277650765,0.8063976014050998,4,,0.05
weak_struct_strong_content,0.70,0.20,1,simple_concat,0.0,0.03947716607145117,0.4,4,,0.65
weak_struct_strong_content,0.70,0.20,2,simple_concat,0.50235003524064,0.028734182748729742,0.8005205118529405,4,,0.49
weak_struct_strong_content,0.70,0.20,4,structure_only,0.0,0.19347056190156073,0.32244721260824816,4,,0.03
weak_struct_strong_content,0.70,0.20,3,simple_concat,0.5156960044762209,0.036749902623245116,0.8160504438279409,4,,0.33
weak_struct_strong_content,0.70,0.20,4,content_only,0.6083505174419895,0.013138125391550272,0.8656374973288152,4,,0.12
weak_struct_strong_content,0.70,0.20,3,nfmcd_alpha_fixed,0.009765533709880536,0.18670781893004115,0.3982106185863913,4,,0.22
weak_struct_strong_content,0.70,0.20,3,nfmcd_adaptive,0.0,0.15731519585429052,0.4,4,,0.22
weak_struct_strong_content,0.70,0.20,4,spectral_content,0.7096525455318704,0.031340177537225074,0.9122744258893111,4,,0.04
weak_struct_strong_content,0.70,0.40,0,structure_only,0.007795620252694535,0.2054888214534163,0.34977649939402783,4,,0.04
weak_struct_strong_content,0.70,0.20,4,nfmcd_alpha_fixed,0.0,0.15345332753933305,0.4,4,,0.17
weak_struct_strong_content,0.70,0.40,0,content_only,0.550509313595397,0.03452015608870102,0.8460114912131479,4,,0.15
weak_struct_strong_content,0.70,0.20,4,nfmcd_adaptive,0.0,0.1505527184311055,0.4,4,,0.21
weak_struct_strong_content,0.70,0.40,0,spectral_content,0.6735282107146103,0.035380330697046235,0.9028130085323482,4,,0.04
weak_struct_strong_content,0.70,0.20,4,simple_concat,0.0,0.03610890883324223,0.4,4,,0.4
weak_struct_strong_content,0.70,0.40,1,structure_only,0.007764230776857617,0.2120144706938934,0.3675350047009466,4,,0.04
weak_struct_strong_content,0.70,0.40,0,nfmcd_alpha_fixed,0.012384075006951933,0.20402893179198078,0.3761478375820897,4,,0.14
weak_struct_strong_content,0.70,0.40,0,nfmcd_adaptive,0.01033160621656104,0.20385402211724177,0.37324480197493026,4,,0.13
weak_struct_strong_content,0.70,0.40,1,spectral_content,0.6400633896849895,0.03665470613781733,0.8907500781738585,4,,0.05
weak_struct_strong_content,0.70,0.40,0,simple_concat,0.0,0.10465365373322191,0.4,4,,0.33
weak_struct_strong_content,0.70,0.40,1,content_only,0.5826624472258691,0.011961428348561565,0.8604111190491653,4,,0.2
weak_struct_strong_content,0.70,0.40,1,nfmcd_alpha_fixed,0.012416577311824328,0.20010600036261064,0.40195031946488957,4,,0.13
weak_struct_strong_content,0.70,0.40,2,structure_only,0.0,0.20358147260504839,0.35666197665093013,4,,0.04
weak_struct_strong_content,0.70,0.40,1,nfmcd_adaptive,0.011616423090256234,0.20110208332454915,0.40195890498983017,4,,0.13
weak_struct_strong_content,0.70,0.40,2,spectral_content,0.7042418593441989,0.03981176304055035,0.9159079900659565,4,,0.04
weak_struct_strong_content,0.70,0.40,2,content_only,0.5996057429944193,0.027560203753370087,0.869066203644705,4,,0.13
weak_struct_strong_content,0.70,0.40,1,simple_concat,0.0,0.0958890917447052,0.4,4,,0.47
weak_struct_strong_content,0.70,0.40,2,nfmcd_adaptive,0.004425681694721351,0.20382774958722982,0.3662820888571086,4,,0.15
weak_struct_strong_content,0.70,0.40,2,nfmcd_alpha_fixed,0.0031410947926215904,0.19740853524282861,0.3606003419304502,4,,0.17
weak_struct_strong_content,0.70,0.40,3,structure_only,0.0,0.2087782180900608,0.3383477989588974,4,,0.04
weak_struct_strong_content,0.70,0.40,3,spectral_content,0.5469473666740614,0.03332334163152638,0.844942718748195,4,,0.04
weak_struct_strong_content,0.70,0.40,2,simple_concat,0.0,0.046957158213425415,0.4,4,,0.38
weak_struct_strong_content,0.70,0.40,3,nfmcd_alpha_fixed,0.01285312516872339,0.1996767938491761,0.39255327366296866,4,,0.12
weak_struct_strong_content,0.70,0.40,3,content_only,0.5765402336929397,0.03331589019289067,0.8577149595529099,4,,0.2
weak_struct_strong_content,0.70,0.40,4,structure_only,0.0,0.19347056190156073,0.32244721260824816,4,,0.03
weak_struct_strong_content,0.70,0.40,3,nfmcd_adaptive,0.015451363512519967,0.1987723754847669,0.39292559035427277,4,,0.15
weak_struct_strong_content,0.70,0.40,4,spectral_content,0.5642321167829178,0.04263183442282523,0.8565347413795376,4,,0.04
weak_struct_strong_content,0.70,0.40,3,simple_concat,0.0,0.10493928771020677,0.4,4,,0.34
weak_struct_strong_content,0.70,0.40,4,content_only,0.5200357812083075,0.016328844623513854,0.832747313937428,4,,0.16
weak_struct_strong_content,0.70,0.60,0,structure_only,0.007795620252694535,0.2054888214534163,0.34977649939402783,4,,0.04
weak_struct_strong_content,0.70,0.40,4,nfmcd_alpha_fixed,0.0026459633954014627,0.20284923082677203,0.3507462013719836,4,,0.13
weak_struct_strong_content,0.70,0.40,4,nfmcd_adaptive,0.002584997305813186,0.20247020937305865,0.35886851930937375,4,,0.13
weak_struct_strong_content,0.70,0.60,0,spectral_content,0.590805588828543,0.023740524787904678,0.8687157522941836,4,,0.04
weak_struct_strong_content,0.70,0.40,4,simple_concat,0.0,0.016210159481007208,0.4,4,,0.32
weak_struct_strong_content,0.70,0.60,0,nfmcd_alpha_fixed,0.008409681387535617,0.2092131852800867,0.3577033500723431,4,,0.08
weak_struct_strong_content,0.70,0.60,0,content_only,0.5246681445740561,0.027891425771884165,0.8384324571458206,4,,0.22
weak_struct_strong_content,0.70,0.60,1,structure_only,0.007764230776857617,0.2120144706938934,0.3675350047009466,4,,0.03
weak_struct_strong_content,0.70,0.60,0,nfmcd_adaptive,0.008153588949373125,0.20797288519050175,0.35318882605093477,4,,0.12
weak_struct_strong_content,0.70,0.60,1,spectral_content,0.6239216692860077,0.023445222604977882,0.8815302912957261,4,,0.04
weak_struct_strong_content,0.70,0.60,0,simple_concat,0.0,0.1330071181310503,0.4,4,,0.35
weak_struct_strong_content,0.70,0.60,1,nfmcd_alpha_fixed,0.013901128866279922,0.20344387335613,0.39852343949196656,4,,0.09
weak_struct_strong_content,0.70,0.60,2,structure_only,0.0,0.20358147260504839,0.35666197665093013,4,,0.03
weak_struct_strong_content,0.70,0.60,1,content_only,0.6140401770876244,0.018264360013323835,0.8776950235052015,4,,0.23
weak_struct_strong_content,0.70,0.60,1,nfmcd_adaptive,0.015888375347140937,0.2129002525625187,0.3914593004494717,4,,0.11
weak_struct_strong_content,0.70,0.60,1,simple_concat,0.0,0.1390261796440513,0.4,4,,0.29
weak_struct_strong_content,0.70,0.60,2,spectral_content,0.6337606448481514,0.03935091443540199,0.8875963473486772,4,,0.03
weak_struct_strong_content,0.70,0.60,2,content_only,0.5784624244841824,0.03546884940450769,0.8638776581174689,4,,0.15
weak_struct_strong_content,0.70,0.60,2,nfmcd_alpha_fixed,0.006244454374822794,0.20342847022762683,0.354147465437788,4,,0.08
weak_struct_strong_content,0.70,0.60,2,nfmcd_adaptive,0.002724530587555174,0.20123303423009858,0.351408531052819,4,,0.07
weak_struct_strong_content,0.70,0.60,3,structure_only,0.0,0.2087782180900608,0.3383477989588974,4,,0.03
weak_struct_strong_content,0.70,0.60,3,spectral_content,0.4831364455534146,0.02253137225016514,0.815717286755665,4,,0.04
weak_struct_strong_content,0.70,0.60,3,nfmcd_alpha_fixed,0.0036461053485427053,0.2090734813460008,0.3538088178191959,4,,0.08
weak_struct_strong_content,0.70,0.60,2,simple_concat,0.0,0.15320165681318543,0.4,4,,0.28
weak_struct_strong_content,0.70,0.60,4,structure_only,0.0,0.19347056190156073,0.32244721260824816,4,,0.03
weak_struct_strong_content,0.70,0.60,3,nfmcd_adaptive,0.0,0.20966595539297872,0.3450565849996976,4,,0.08
weak_struct_strong_content,0.70,0.60,3,content_only,0.5751480931921003,0.016423055428542402,0.8604606080675675,4,,0.22
weak_struct_strong_content,0.70,0.60,4,spectral_content,0.6088244661489012,0.038799870930932796,0.8752062544951608,4,,0.03
weak_struct_strong_content,0.70,0.60,3,simple_concat,0.0,0.12098460600518213,0.4,4,,0.28
weak_struct_strong_content,0.70,0.60,4,nfmcd_alpha_fixed,0.00255707892308199,0.19751692965227305,0.3436689886386037,4,,0.07
weak_struct_strong_content,0.70,0.80,0,structure_only,0.007795620252694535,0.2054888214534163,0.34977649939402783,4,,0.03
weak_struct_strong_content,0.70,0.60,4,nfmcd_adaptive,0.0025702383840301435,0.19385868774422935,0.3499487665682916,4,,0.08
weak_struct_strong_content,0.70,0.60,4,content_only,0.49965253396543363,0.02352533095274069,0.8131955016744652,4,,0.28
weak_struct_strong_content,0.70,0.80,0,spectral_content,0.5767705305747531,0.034858285930213805,0.8622269705603038,4,,0.03
weak_struct_strong_content,0.70,0.60,4,simple_concat,0.0,0.15913643476393635,0.4,4,,0.27
weak_struct_strong_content,0.70,0.80,0,nfmcd_adaptive,0.008197841069802037,0.2081126397523972,0.3532129021702094,4,,0.07
weak_struct_strong_content,0.70,0.80,0,nfmcd_alpha_fixed,0.00754952201347503,0.20659880517642587,0.35496204809447723,4,,0.08
weak_struct_strong_content,0.70,0.80,1,structure_only,0.007764230776857617,0.2120144706938934,0.3675350047009466,4,,0.03
weak_struct_strong_content,0.70,0.80,0,simple_concat,0.0,0.1550694625198873,0.4,4,,0.38
weak_struct_strong_content,0.70,0.80,1,spectral_content,0.5482682400335825,0.014537734695512484,0.850052680578291,4,,0.05
weak_struct_strong_content,0.70,0.80,1,nfmcd_alpha_fixed,0.01076836505678258,0.20764931335882852,0.3764571229209387,4,,0.07
weak_struct_strong_content,0.70,0.80,1,nfmcd_adaptive,0.008362100869934608,0.20117283456100923,0.3757586597015309,4,,0.06
weak_struct_strong_content,0.70,0.80,2,structure_only,0.0,0.20358147260504839,0.35666197665093013,4,,0.04
weak_struct_strong_content,0.70,0.80,1,simple_concat,0.0,0.1517181419156803,0.4,4,,0.44
weak_struct_strong_content,0.70,0.80,0,content_only,0.45204372122506986,0.024371065506444002,0.7681707695962864,4,,0.8
weak_struct_strong_content,0.70,0.80,2,spectral_content,0.5818044713068963,0.032349234211491704,0.8624536383157073,4,,0.04
weak_struct_strong_content,0.70,0.80,1,content_only,0.41449252875587117,0.005029409408480869,0.7444639044828768,4,,0.71
weak_struct_strong_content,0.70,0.80,2,nfmcd_alpha_fixed,0.003747110700656253,0.2042319128531765,0.3583618772799867,4,,0.07
weak_struct_strong_content,0.70,0.80,3,structure_only,0.0,0.2087782180900608,0.3383477989588974,4,,0.04
weak_struct_strong_content,0.70,0.80,2,nfmcd_adaptive,0.0,0.2049673811101071,0.3568970672650018,4,,0.07
weak_struct_strong_content,0.70,0.80,2,simple_concat,0.0,0.1612209509654202,0.4,4,,0.38
weak_struct_strong_content,0.70,0.80,3,spectral_content,0.5231316523478108,0.04227023319615913,0.8373299275147039,4,,0.04
weak_struct_strong_content,0.70,0.80,3,nfmcd_alpha_fixed,0.0,0.19672636285119138,0.34727603737599055,4,,0.09
weak_struct_strong_content,0.70,0.80,3,nfmcd_adaptive,0.0,0.197792257277854,0.3467066167072295,4,,0.09
weak_struct_strong_content,0.70,0.80,3,simple_concat,0.0,0.15939160697048213,0.4,4,,0.32
weak_struct_strong_content,0.70,0.80,4,structure_only,0.0,0.19347056190156073,0.32244721260824816,4,,0.05
weak_struct_strong_content,0.70,0.80,2,content_only,0.2893954656707116,0.029240908047893005,0.6804934039821922,4,,0.84
weak_struct_strong_content,0.70,0.80,4,spectral_content,0.5305672014662943,0.01897969819688807,0.8401989591943637,4,,0.05
weak_struct_strong_content,0.70,0.80,4,nfmcd_alpha_fixed,0.0,0.19950693582193196,0.3401734929314073,4,,0.07
weak_struct_strong_content,0.70,0.80,4,nfmcd_adaptive,0.0,0.2054424232700964,0.3288751553628072,4,,0.09
weak_struct_strong_content,0.50,0.00,0,structure_only,0.007795620252694535,0.2054888214534163,0.34977649939402783,4,,0.03
weak_struct_strong_content,0.70,0.80,4,simple_concat,0.0,0.15527272894298375,0.4,4,,0.37
weak_struct_strong_content,0.70,0.80,3,content_only,0.40066125716284273,0.03409846060051823,0.7400958805743046,4,,0.89
weak_struct_strong_content,0.50,0.00,0,content_only,0.5573467509907205,0.03378034011792371,0.8150008345568653,4,,0.2
weak_struct_strong_content,0.50,0.00,0,spectral_content,0.5424096499077393,0.06668812340795395,0.7898825117756122,4,,0.04
weak_struct_strong_content,0.50,0.00,0,nfmcd_adaptive,0.0,0.16463563630494477,0.4,4,,0.25
weak_struct_strong_content,0.50,0.00,0,nfmcd_alpha_fixed,0.0,0.15776073360927498,0.4,4,,0.26
weak_struct_strong_content,0.50,0.00,1,structure_only,0.007764230776857617,0.2120144706938934,0.3675350047009466,4,,0.04
weak_struct_strong_content,0.50,0.00,1,content_only,0.5375697644532114,0.02387689790824262,0.8031766280319966,4,,0.23
weak_struct_strong_content,0.50,0.00,1,spectral_content,0.574602984268224,0.05771386648339369,0.8204755126007498,4,,0.06
weak_struct_strong_content,0.50,0.00,0,simple_concat,0.5090240703801678,0.058782898821333925,0.7841277486676612,4,,0.86
weak_struct_strong_content,0.50,0.00,1,nfmcd_alpha_fixed,0.0,0.16925458217557943,0.4,4,,0.28
weak_struct_strong_content,0.50,0.00,2,structure_only,0.0,0.20358147260504839,0.35666197665093013,4,,0.03
weak_struct_strong_content,0.70,0.80,4,content_only,0.41944131191599965,0.017388316624729096,0.7730742553350928,4,,1.44
weak_struct_strong_content,0.50,0.00,1,simple_concat,0.0,0.04091285117363563,0.4,4,,0.58
weak_struct_strong_content,0.50,0.00,1,nfmcd_adaptive,0.0,0.1577168179652484,0.4,4,,0.23
weak_struct_strong_content,0.50,0.00,2,spectral_content,0.6688017765887218,0.055849710832712424,0.8796448838991213,4,,0.06
weak_struct_strong_content,0.50,0.00,2,content_only,0.5576053598109341,0.029210003329062706,0.8155922030888636,4,,0.16
weak_struct_strong_content,0.50,0.00,3,structure_only,0.0,0.2087782180900608,0.3383477989588974,4,,0.05
weak_struct_strong_content,0.50,0.00,2,nfmcd_alpha_fixed,0.0,0.15311518765169127,0.4,4,,0.2
weak_struct_strong_content,0.50,0.00,2,simple_concat,0.5419057674587966,0.029856760631423424,0.806060606060606,4,,0.29
weak_struct_strong_content,0.50,0.00,2,nfmcd_adaptive,0.0,0.15270798195228472,0.4,4,,0.24
weak_struct_strong_content,0.50,0.00,3,spectral_content,0.5370312108772319,0.06043328422157872,0.8214279323540273,4,,0.04
weak_struct_strong_content,0.50,0.00,3,nfmcd_alpha_fixed,0.0,0.1786412132296906,0.4,4,,0.18
weak_struct_strong_content,0.50,0.00,3,nfmcd_adaptive,0.0,0.16917890226760826,0.4,4,,0.17
weak_struct_strong_content,0.50,0.00,3,content_only,0.5362910578027869,-0.0008603871361073032,0.80227212376014,4,,0.29
weak_struct_strong_content,0.50,0.00,4,structure_only,0.0,0.19347056190156073,0.32244721260824816,4,,0.03
weak_struct_strong_content,0.50,0.00,4,spectral_content,0.4436973255068215,0.05218684962059307,0.752740614230583,4,,0.04
weak_struct_strong_content,0.50,0.00,4,content_only,0.5440919718707639,0.02531422035016303,0.8072638862603689,4,,0.2
weak_struct_strong_content,0.50,0.00,4,simple_concat,0.4960067146916207,0.02602058969865459,0.7755475292099236,4,,0.2
weak_struct_strong_content,0.50,0.20,0,structure_only,0.007795620252694535,0.2054888214534163,0.34977649939402783,4,,0.02
weak_struct_strong_content,0.50,0.00,4,nfmcd_alpha_fixed,0.0,0.1679222521272692,0.4,4,,0.18
weak_struct_strong_content,0.50,0.00,4,nfmcd_adaptive,0.0,0.16498719397975153,0.4,4,,0.23
weak_struct_strong_content,0.50,0.20,0,spectral_content,0.5574915448250986,0.06090588664571557,0.8020062767922502,4,,0.04
weak_struct_strong_content,0.50,0.00,3,simple_concat,0.0,0.03988153906078008,0.4,4,,0.8
weak_struct_strong_content,0.50,0.20,0,content_only,0.4705152900400644,0.047169069596559594,0.7898303390141165,4,,0.36
weak_struct_strong_content,0.50,0.20,0,simple_concat,0.0,0.07171521795563841,0.4,4,,0.37
weak_struct_strong_content,0.50,0.20,0,nfmcd_alpha_fixed,0.013356449685792193,0.15656762449629044,0.40280418838627385,4,,0.16
weak_struct_strong_content,0.50,0.20,1,structure_only,0.007764230776857617,0.2120144706938934,0.3675350047009466,4,,0.04
weak_struct_strong_content,0.50,0.20,1,spectral_content,0.5061759866074083,0.03900155585257771,0.7920308163479826,4,,0.05
weak_struct_strong_content,0.50,0.20,0,nfmcd_adaptive,0.0,0.15854393064294547,0.4,4,,0.19
weak_struct_strong_content,0.50,0.20,1,content_only,0.47638213887880954,0.02085609839397224,0.7968147482455101,4,,0.26
weak_struct_strong_content,0.50,0.20,1,nfmcd_alpha_fixed,0.005148722284649021,0.18258794361826375,0.40206718346253234,4,,0.2
weak_struct_strong_content,0.50,0.20,2,structure_only,0.0,0.20358147260504839,0.35666197665093013,4,,0.03
weak_struct_strong_content,0.50,0.20,1,nfmcd_adaptive,0.0,0.1712641196783728,0.4,4,,0.18
weak_struct_strong_content,0.50,0.20,1,simple_concat,0.0,0.05971623610168277,0.4,4,,0.32
weak_struct_strong_content,0.50,0.20,2,spectral_content,0.5863631787064065,0.052652273394351724,0.8536374760913029,4,,0.04
weak_struct_strong_content,0.50,0.20,2,content_only,0.4846035984933723,0.02416212583472762,0.7998871153293068,4,,0.15
weak_struct_strong_content,0.50,0.20,3,structure_only,0.0,0.2087782180900608,0.3383477989588974,4,,0.03
weak_struct_strong_content,0.50,0.20,2,nfmcd_alpha_fixed,0.017199577503643648,0.19282983301363762,0.3998821644938242,4,,0.14
weak_struct_strong_content,0.50,0.20,2,nfmcd_adaptive,0.0,0.1647670672911021,0.4,4,,0.14
weak_struct_strong_content,0.50,0.20,3,spectral_content,0.4777283438188704,0.0697535097969483,0.7881838700162864,4,,0.04
weak_struct_strong_content,0.50,0.20,3,content_only,0.4871491532462221,0.005770207793527424,0.7984466513878279,4,,0.26
weak_struct_strong_content,0.50,0.20,3,nfmcd_alpha_fixed,0.0027535190437080193,0.17911539568832668,0.4004488752022548,4,,0.19
weak_struct_strong_content,0.50,0.20,2,simple_concat,0.0,0.022788867447739333,0.4,4,,0.46
weak_struct_strong_content,0.50,0.20,3,simple_concat,0.0,0.10920836932039493,0.4,4,,0.28
weak_struct_strong_content,0.50,0.20,4,structure_only,0.0,0.19347056190156073,0.32244721260824816,4,,0.03
weak_struct_strong_content,0.50,0.20,4,spectral_content,0.6004998603612897,0.05431030480674009,0.8652950360472058,4,,0.04
weak_struct_strong_content,0.50,0.20,3,nfmcd_adaptive,0.0,0.16122770919067214,0.4,4,,0.18
weak_struct_strong_content,0.50,0.20,4,content_only,0.5155533985519689,0.023098819037720243,0.8121365931836044,4,,0.19
weak_struct_strong_content,0.50,0.40,0,structure_only,0.007795620252694535,0.2054888214534163,0.34977649939402783,4,,0.03
weak_struct_strong_content,0.50,0.20,4,nfmcd_alpha_fixed,0.0,0.16156935715303955,0.4,4,,0.2
weak_struct_strong_content,0.50,0.20,4,nfmcd_adaptive,0.0,0.17920644505435654,0.4,4,,0.17
weak_struct_strong_content,0.50,0.20,4,simple_concat,0.0,0.01630710892015222,0.4,4,,0.33
weak_struct_strong_content,0.50,0.40,0,spectral_content,0.5970589233542334,0.04829005011595125,0.869030140215422,4,,0.06
weak_struct_strong_content,0.50,0.40,0,nfmcd_alpha_fixed,0.008176863243093857,0.20735134972254304,0.36542907523510976,4,,0.13
weak_struct_strong_content,0.50,0.40,1,structure_only,0.007764230776857617,0.2120144706938934,0.3675350047009466,4,,0.04
weak_struct_strong_content,0.50,0.40,0,nfmcd_adaptive,0.0095162463144427,0.2071260452801317,0.3675834538699339,4,,0.14
weak_struct_strong_content,0.50,0.40,0,simple_concat,0.0,0.13058184828958252,0.4,4,,0.28
weak_struct_strong_content,0.50,0.40,0,content_only,0.4602369978126182,0.03437139627622499,0.793761780238067,4,,0.33
weak_struct_strong_content,0.50,0.40,1,spectral_content,0.42100107740005765,0.058023519093979375,0.7808851280978202,4,,0.04
weak_struct_strong_content,0.50,0.40,1,nfmcd_adaptive,0.011604615126986184,0.20343864501684453,0.3790476190476191,4,,0.14
weak_struct_strong_content,0.50,0.40,1,nfmcd_alpha_fixed,0.011990270634591793,0.20565495490557367,0.37987696108036073,4,,0.17
weak_struct_strong_content,0.50,0.40,2,structure_only,0.0,0.20358147260504839,0.35666197665093013,4,,0.04
weak_struct_strong_content,0.50,0.40,1,simple_concat,0.0,0.14565832802769332,0.4,4,,0.29
weak_struct_strong_content,0.50,0.40,2,spectral_content,0.5982692583865737,0.029765327499547217,0.8691383601950555,4,,0.04
weak_struct_strong_content,0.50,0.40,1,content_only,0.42376230024558104,0.037318789555127366,0.7797918566179692,4,,0.35
weak_struct_strong_content,0.50,0.40,2,nfmcd_alpha_fixed,0.003183703001106264,0.20332342620921917,0.35785686204157247,4,,0.14
weak_struct_strong_content,0.50,0.40,2,content_only,0.44257164732488985,0.019996393915709523,0.7907498352371686,4,,0.27
weak_struct_strong_content,0.50,0.40,3,structure_only,0.0,0.2087782180900608,0.3383477989588974,4,,0.03
weak_struct_strong_content,0.50,0.40,2,nfmcd_adaptive,0.0020742114637850584,0.20181574030172292,0.34742086533620203,4,,0.16
weak_struct_strong_content,0.50,0.40,2,simple_concat,0.0,0.11971583351227642,0.4,4,,0.28
weak_struct_strong_content,0.50,0.40,3,spectral_content,0.4280662607164234,0.04550974614303377,0.7825471835915753,4,,0.04
weak_struct_strong_content,0.50,0.40,3,nfmcd_alpha_fixed,0.005884849793887259,0.20892758556453117,0.37131004207972845,4,,0.14
weak_struct_strong_content,0.50,0.40,3,nfmcd_adaptive,0.004407316191837651,0.19944512184795676,0.37319890543967427,4,,0.14
weak_struct_strong_content,0.50,0.40,4,structure_only,0.0,0.19347056190156073,0.32244721260824816,4,,0.03
weak_struct_strong_content,0.50,0.40,3,content_only,0.5013046826727445,0.02896467340683162,0.8195209072596478,4,,0.21
weak_struct_strong_content,0.50,0.40,4,spectral_content,0.5342253005929445,0.05018093127564302,0.8401031870402467,4,,0.05
weak_struct_strong_content,0.50,0.40,3,simple_concat,0.0,0.07218979152906908,0.4,4,,0.28
weak_struct_strong_content,0.50,0.40,4,nfmcd_alpha_fixed,0.003942505241508187,0.2077803647365854,0.3576605404893563,4,,0.12
weak_struct_strong_content,0.50,0.60,0,structure_only,0.007795620252694535,0.2054888214534163,0.34977649939402783,4,,0.03
weak_struct_strong_content,0.50,0.40,4,nfmcd_adaptive,0.00544376106615041,0.19051475230894685,0.3742776654949228,4,,0.15
weak_struct_strong_content,0.50,0.40,4,simple_concat,0.0,0.11515493619463774,0.4,4,,0.26
weak_struct_strong_content,0.50,0.60,0,spectral_content,0.5032133710393271,0.05046949393435758,0.8250273112864779,4,,0.07
weak_struct_strong_content,0.50,0.40,4,content_only,0.44155756530671586,0.02716593823352873,0.7905433291146253,4,,0.46
weak_struct_strong_content,0.50,0.60,0,nfmcd_alpha_fixed,0.0065616616253600935,0.20812303042614405,0.35737696869722324,4,,0.14
weak_struct_strong_content,0.50,0.60,1,structure_only,0.007764230776857617,0.2120144706938934,0.3675350047009466,4,,0.03
weak_struct_strong_content,0.50,0.60,0,nfmcd_adaptive,0.006352145589931579,0.2075699002270189,0.34892840857273144,4,,0.09
weak_struct_strong_content,0.50,0.60,0,simple_concat,0.0,0.1629702710701649,0.4,4,,0.36
weak_struct_strong_content,0.50,0.60,1,spectral_content,0.44682475710935987,0.03152022397530872,0.7897930179700553,4,,0.04
weak_struct_strong_content,0.50,0.60,1,nfmcd_alpha_fixed,0.008453550860884729,0.20835159738414377,0.3930776777904309,4,,0.09
weak_struct_strong_content,0.50,0.60,1,nfmcd_adaptive,0.009950638483515295,0.2063197972753606,0.3931664285111746,4,,0.12
weak_struct_strong_content,0.50,0.60,2,structure_only,0.0,0.20358147260504839,0.35666197665093013,4,,0.05
weak_struct_strong_content,0.50,0.60,1,content_only,0.38961960199657864,0.020334951026483215,0.7234495047124471,4,,0.42
weak_struct_strong_content,0.50,0.60,1,simple_concat,0.0,0.14766297450341315,0.4,4,,0.4
weak_struct_strong_content,0.50,0.60,2,spectral_content,0.5630984144377423,0.039328496504644254,0.8534727138463463,4,,0.04
weak_struct_strong_content,0.50,0.60,2,nfmcd_alpha_fixed,0.005433897155541989,0.20178787801635256,0.3625405086895397,4,,0.08
weak_struct_strong_content,0.50,0.60,2,nfmcd_adaptive,0.003590413480958121,0.20175248971137072,0.353455273611469,4,,0.09
weak_struct_strong_content,0.50,0.60,2,simple_concat,0.0,0.1665207899886645,0.4,4,,0.24
weak_struct_strong_content,0.50,0.60,0,content_only,0.19570422129040932,0.0016400812619958016,0.6193977115025099,4,,0.98
weak_struct_strong_content,0.50,0.60,3,structure_only,0.0,0.2087782180900608,0.3383477989588974,4,,0.04
weak_struct_strong_content,0.50,0.60,3,spectral_content,0.39410222581885423,0.05012337211468441,0.7659683181770145,4,,0.04
weak_struct_strong_content,0.50,0.60,2,content_only,0.2686810600720164,0.019975657329758617,0.6692546342464893,4,,0.54
weak_struct_strong_content,0.50,0.60,3,nfmcd_alpha_fixed,0.0,0.2158553912852038,0.3601578575107486,4,,0.2
weak_struct_strong_content,0.50,0.60,4,structure_only,0.0,0.19347056190156073,0.32244721260824816,4,,0.05
weak_struct_strong_content,0.50,0.60,3,simple_concat,0.0,0.1631755829903978,0.4,4,,0.31
weak_struct_strong_content,0.50,0.60,3,nfmcd_adaptive,0.005758909856338201,0.20021363613270335,0.36779326057079453,4,,0.09
weak_struct_strong_content,0.50,0.60,4,spectral_content,0.42313537112062094,0.04895298706799472,0.7629287738123944,4,,0.06
weak_struct_strong_content,0.50,0.60,4,nfmcd_alpha_fixed,0.0,0.2052760016017163,0.3452123415876523,4,,0.09
weak_struct_strong_content,0.50,0.60,4,nfmcd_adaptive,0.0,0.20646465750026946,0.34832821099415745,4,,0.09
weak_struct_strong_content,0.50,0.60,4,content_only,0.43633730643623103,0.025835385101709157,0.7683761868213088,4,,0.28
weak_struct_strong_content,0.50,0.60,4,simple_concat,0.0,0.14137943139728093,0.4,4,,0.29
weak_struct_strong_content,0.50,0.80,0,structure_only,0.007795620252694535,0.2054888214534163,0.34977649939402783,4,,0.03
weak_struct_strong_content,0.50,0.80,0,spectral_content,0.40269158970711283,0.037748711599749823,0.726907462748845,4,,0.05
weak_struct_strong_content,0.50,0.80,0,nfmcd_alpha_fixed,0.0073442847135147815,0.20570564017893433,0.3478228066823354,4,,0.06
weak_struct_strong_content,0.50,0.80,0,nfmcd_adaptive,0.006837796437116683,0.20570564017893433,0.34327497898926473,4,,0.08
weak_struct_strong_content,0.50,0.80,1,structure_only,0.007764230776857617,0.2120144706938934,0.3675350047009466,4,,0.03
weak_struct_strong_content,0.50,0.60,3,content_only,0.45737234856300724,0.03930591542617149,0.7967699405689646,4,,0.94
weak_struct_strong_content,0.50,0.80,0,simple_concat,0.0,0.16981573352355192,0.4,4,,0.41
weak_struct_strong_content,0.50,0.80,1,spectral_content,0.38002580418715937,0.01218624693783757,0.7563231969829495,4,,0.05
weak_struct_strong_content,0.50,0.80,1,nfmcd_alpha_fixed,0.004321095653499807,0.2068326804936564,0.3861787109071802,4,,0.08
weak_struct_strong_content,0.50,0.80,0,content_only,0.24221705392922865,0.004233593429215001,0.6226778645512536,4,,0.57
weak_struct_strong_content,0.50,0.80,2,structure_only,0.0,0.20358147260504839,0.35666197665093013,4,,0.05
weak_struct_strong_content,0.50,0.80,1,nfmcd_adaptive,0.0,0.20635201059160344,0.3796415720900847,4,,0.09
weak_struct_strong_content,0.50,0.80,1,simple_concat,0.0,0.15550303791810902,0.4,4,,0.35
weak_struct_strong_content,0.50,0.80,2,spectral_content,0.41905867908912087,0.03711024225616616,0.7759786675334774,4,,0.04
weak_struct_strong_content,0.50,0.80,2,nfmcd_alpha_fixed,0.0,0.2063076531132661,0.3362833447771204,4,,0.1
weak_struct_strong_content,0.50,0.80,1,content_only,0.23303792585521854,-0.0006688057882775697,0.6126376456762638,4,,0.67
weak_struct_strong_content,0.50,0.80,2,nfmcd_adaptive,0.0,0.20692454652929598,0.3409691922281334,4,,0.1
weak_struct_strong_content,0.50,0.80,3,structure_only,0.0,0.2087782180900608,0.3383477989588974,4,,0.03
weak_struct_strong_content,0.50,0.80,2,simple_concat,0.0,0.1836608993337231,0.4,4,,0.32
weak_struct_strong_content,0.50,0.80,3,spectral_content,0.3874598248474591,0.028929109722433913,0.7569295398339517,4,,0.04
weak_struct_strong_content,0.50,0.80,3,nfmcd_alpha_fixed,0.003707121659467516,0.21482345170959713,0.3503670801755957,4,,0.08
weak_struct_strong_content,0.50,0.80,3,nfmcd_adaptive,0.0,0.21522726887838917,0.34245350579348294,4,,0.07
weak_struct_strong_content,0.50,0.80,4,structure_only,0.0,0.19347056190156073,0.32244721260824816,4,,0.03
weak_struct_strong_content,0.50,0.80,3,simple_concat,0.0,0.17606462429507697,0.4,4,,0.32
weak_struct_strong_content,0.50,0.80,2,content_only,0.20566108058082389,0.011873336769681827,0.6283634874543965,4,,0.96
weak_struct_strong_content,0.50,0.80,4,simple_concat,0.0,0.15084168025353187,0.4,4,,0.34
weak_struct_strong_content,0.50,0.80,4,spectral_content,0.3035570494432256,0.033492832385246564,0.6899279448621555,4,,0.04
weak_struct_strong_content,0.50,0.80,4,nfmcd_alpha_fixed,0.0,0.20721548251374972,0.34376864344985925,4,,0.06
weak_struct_strong_content,0.30,0.00,0,structure_only,0.007795620252694535,0.2054888214534163,0.34977649939402783,4,,0.03
weak_struct_strong_content,0.50,0.80,4,nfmcd_adaptive,0.0,0.20787969279987192,0.3483981887018516,4,,0.1
weak_struct_strong_content,0.30,0.00,0,content_only,0.15554725689229476,-0.011820343865493424,0.4755251443917154,4,,0.33
weak_struct_strong_content,0.50,0.80,3,content_only,0.37727139723667025,0.02925815847855174,0.7315498033935877,4,,1.12
weak_struct_strong_content,0.30,0.00,0,simple_concat,0.0,0.09906044064422868,0.4,4,,0.34
weak_struct_strong_content,0.30,0.00,0,spectral_content,0.326123076565912,0.06793673603653638,0.6708246708246708,4,,0.04
weak_struct_strong_content,0.30,0.00,1,structure_only,0.007764230776857617,0.2120144706938934,0.3675350047009466,4,,0.03
weak_struct_strong_content,0.30,0.00,0,nfmcd_alpha_fixed,0.0,0.1681277685733726,0.4,4,,0.19
weak_struct_strong_content,0.30,0.00,0,nfmcd_adaptive,0.0,0.17700400162163776,0.4,4,,0.18
weak_struct_strong_content,0.50,0.80,4,content_only,0.18723104689253312,0.002321865248153712,0.5851067895284614,4,,1.07
weak_struct_strong_content,0.30,0.00,1,spectral_content,0.2860640974215065,0.06569652863569854,0.5206457864466117,4,,0.05
weak_struct_strong_content,0.30,0.00,1,content_only,1.0,0.03083699808996959,1.0,4,,0.24
weak_struct_strong_content,0.30,0.00,2,structure_only,0.0,0.20358147260504839,0.35666197665093013,4,,0.03
weak_struct_strong_content,0.30,0.00,1,nfmcd_alpha_fixed,0.0,0.18340137201742215,0.4,4,,0.18
weak_struct_strong_content,0.30,0.00,1,nfmcd_adaptive,0.0,0.17277342317081915,0.4,4,,0.18
weak_struct_strong_content,0.30,0.00,2,spectral_content,0.31295726158993586,0.06016147955780948,0.6193120776581142,4,,0.04
weak_struct_strong_content,0.30,0.00,1,simple_concat,0.0,0.06514434854470859,0.4,4,,0.32
weak_struct_strong_content,0.30,0.00,2,content_only,1.0,0.029210003329062706,1.0,4,,0.21
weak_struct_strong_content,0.30,0.00,3,structure_only,0.0,0.2087782180900608,0.3383477989588974,4,,0.03
weak_struct_strong_content,0.30,0.00,2,simple_concat,0.0,0.07894114028164283,0.4,4,,0.24
weak_struct_strong_content,0.30,0.00,2,nfmcd_alpha_fixed,0.0,0.17090733852564635,0.4,4,,0.17
weak_struct_strong_content,0.30,0.00,3,spectral_content,0.4755549395240415,0.07889286863452387,0.7777254044422848,4,,0.04
weak_struct_strong_content,0.30,0.00,2,nfmcd_adaptive,0.0,0.1808538541467007,0.4,4,,0.2
weak_struct_strong_content,0.30,0.00,3,content_only,0.7467755186653474,0.048734864265271245,0.8962418561868385,4,,0.21
weak_struct_strong_content,0.30,0.00,4,structure_only,0.0,0.19347056190156073,0.32244721260824816,4,,0.05
weak_struct_strong_content,0.30,0.00,3,simple_concat,0.0,0.049910836762688635,0.4,4,,0.23
weak_struct_strong_content,0.30,0.00,3,nfmcd_alpha_fixed,0.0,0.18558002675743876,0.4,4,,0.22
weak_struct_strong_content,0.30,0.00,4,spectral_content,0.12862223810805073,0.04995315750871768,0.4187474290415467,4,,0.04
weak_struct_strong_content,0.30,0.00,3,nfmcd_adaptive,0.0,0.16345035479008957,0.4,4,,0.25
weak_struct_strong_content,0.30,0.00,4,content_only,1.0,0.034102334316115236,1.0,4,,0.17
weak_struct_strong_content,0.30,0.20,0,structure_only,0.007795620252694535,0.2054888214534163,0.34977649939402783,4,,0.03
weak_struct_strong_content,0.30,0.00,4,simple_concat,0.0,0.07089448242861135,0.4,4,,0.22
weak_struct_strong_content,0.30,0.00,4,nfmcd_alpha_fixed,0.0,0.1662204695863376,0.4,4,,0.22
weak_struct_strong_content,0.30,0.00,4,nfmcd_adaptive,0.0,0.18237657688426814,0.4,4,,0.21
weak_struct_strong_content,0.30,0.20,0,spectral_content,0.692047671204534,0.0724463750316266,0.9097379948482889,4,,0.05
weak_struct_strong_content,0.30,0.20,0,simple_concat,0.0,0.1227971555184262,0.4,4,,0.23
weak_struct_strong_content,0.30,0.20,0,nfmcd_alpha_fixed,0.008988146954683751,0.20638674884304176,0.39109260723517564,4,,0.15
weak_struct_strong_content,0.30,0.20,1,structure_only,0.007764230776857617,0.2120144706938934,0.3675350047009466,4,,0.03
weak_struct_strong_content,0.30,0.20,0,nfmcd_adaptive,0.0,0.15846963732565528,0.4,4,,0.17
weak_struct_strong_content,0.30,0.20,1,spectral_content,0.23360962055677337,0.06647774371861416,0.6266338443227706,4,,0.04
weak_struct_strong_content,0.30,0.20,1,nfmcd_alpha_fixed,0.021308525465461914,0.19339146347119565,0.4080449062942083,4,,0.17
weak_struct_strong_content,0.30,0.20,1,simple_concat,0.0,0.15140536916713399,0.4,4,,0.24
weak_struct_strong_content,0.30,0.20,0,content_only,0.6835689493077968,0.039783551875178916,0.8947105927474026,4,,0.54
weak_struct_strong_content,0.30,0.20,2,structure_only,0.0,0.20358147260504839,0.35666197665093013,4,,0.03
weak_struct_strong_content,0.30,0.20,1,content_only,0.0,0.017266084522007508,0.3087118199642221,4,,0.4
weak_struct_strong_content,0.30,0.20,1,nfmcd_adaptive,0.0,0.16117865319666566,0.4,4,,0.18
weak_struct_strong_content,0.30,0.20,2,spectral_content,0.20693164537966136,0.052587741779384786,0.5206005562856884,4,,0.04
weak_struct_strong_content,0.30,0.20,2,simple_concat,0.0,0.10850638774917731,0.4,4,,0.26
weak_struct_strong_content,0.30,0.20,2,content_only,0.02999077893106228,0.008284466247483371,0.3888273660012523,4,,0.3
weak_struct_strong_content,0.30,0.20,3,structure_only,0.0,0.2087782180900608,0.3383477989588974,4,,0.03
weak_struct_strong_content,0.30,0.20,2,nfmcd_alpha_fixed,0.0027494852935443514,0.16425842045501673,0.4005089058524173,4,,0.17
weak_struct_strong_content,0.30,0.20,2,nfmcd_adaptive,0.0,0.15932599530408403,0.4,4,,0.15
weak_struct_strong_content,0.30,0.20,3,spectral_content,0.7193455970155591,0.06697039746651087,0.9164178550207963,4,,0.04
weak_struct_strong_content,0.30,0.20,3,nfmcd_alpha_fixed,0.0,0.17944884756727467,0.4,4,,0.17
weak_struct_strong_content,0.30,0.20,3,nfmcd_adaptive,0.0,0.16179681281647448,0.4,4,,0.18
weak_struct_strong_content,0.30,0.20,4,structure_only,0.0,0.19347056190156073,0.32244721260824816,4,,0.04
weak_struct_strong_content,0.30,0.20,3,content_only,0.8162695424994404,0.044666378770173945,0.9526844634794337,4,,0.28
weak_struct_strong_content,0.30,0.20,3,simple_concat,0.0,0.07723111314332169,0.4,4,,0.27
weak_struct_strong_content,0.30,0.20,4,spectral_content,0.35922339491849664,0.06533744228350544,0.7197607645132749,4,,0.05
weak_struct_strong_content,0.30,0.20,4,content_only,0.6584162536030185,0.029251007347323915,0.8756387131064494,4,,0.2
weak_struct_strong_content,0.30,0.20,4,nfmcd_alpha_fixed,0.009304186700337391,0.15219921846612863,0.4015228426395939,4,,0.17
weak_struct_strong_content,0.30,0.20,4,simple_concat,0.0,0.07101128107610924,0.4,4,,0.21
weak_struct_strong_content,0.30,0.40,0,structure_only,0.007795620252694535,0.2054888214534163,0.34977649939402783,4,,0.03
weak_struct_strong_content,0.30,0.20,4,nfmcd_adaptive,0.0,0.1621616345642631,0.4,4,,0.18
weak_struct_strong_content,0.30,0.40,0,spectral_content,0.5563375068646479,0.06010372663245709,0.8504032462914042,4,,0.04
weak_struct_strong_content,0.30,0.40,0,nfmcd_adaptive,0.007888892537677217,0.20415950792539983,0.36385940460167515,4,,0.12
weak_struct_strong_content,0.30,0.40,0,nfmcd_alpha_fixed,0.007761695829713311,0.206213224591469,0.3623846017669842,4,,0.14
weak_struct_strong_content,0.30,0.40,1,structure_only,0.007764230776857617,0.2120144706938934,0.3675350047009466,4,,0.04
weak_struct_strong_content,0.30,0.40,0,simple_concat,0.0,0.14579630573449162,0.4,4,,0.27
weak_struct_strong_content,0.30,0.40,1,spectral_content,0.34652691099430566,0.06714309205671903,0.6953360325974829,4,,0.04
weak_struct_strong_content,0.30,0.40,0,content_only,0.46102598407886175,0.03993387028871698,0.7881891838482313,4,,0.38
weak_struct_strong_content,0.30,0.40,1,content_only,0.0,-0.019176367906429584,0.35137950114981253,4,,0.2
weak_struct_strong_content,0.30,0.40,2,structure_only,0.0,0.20358147260504839,0.35666197665093013,4,,0.04
weak_struct_strong_content,0.30,0.40,1,nfmcd_alpha_fixed,0.011060812104665363,0.19732688504821455,0.38774432753330107,4,,0.14
weak_struct_strong_content,0.30,0.40,1,simple_concat,0.0,0.15181823931458158,0.4,4,,0.26
weak_struct_strong_content,0.30,0.40,1,nfmcd_adaptive,0.013553952656026769,0.19217950069359827,0.39086851259574584,4,,0.13
weak_struct_strong_content,0.30,0.40,2,spectral_content,0.42463545727266183,0.05329951108094298,0.7616599926355517,4,,0.04
weak_struct_strong_content,0.30,0.40,2,nfmcd_alpha_fixed,0.004793083609810234,0.20460132832644862,0.3573088953423037,4,,0.14
weak_struct_strong_content,0.30,0.40,2,nfmcd_adaptive,0.009386086984148001,0.20040885501859806,0.37875770044907836,4,,0.14
weak_struct_strong_content,0.30,0.40,2,simple_concat,0.0,0.1408778797633499,0.4,4,,0.24
weak_struct_strong_content,0.30,0.40,3,structure_only,0.0,0.2087782180900608,0.3383477989588974,4,,0.04
weak_struct_strong_content,0.30,0.40,3,spectral_content,0.36685977493993105,0.05282824433944691,0.7232184781498183,4,,0.06
weak_struct_strong_content,0.30,0.40,2,content_only,0.48684902796924945,0.016650998134347755,0.7873615038100288,4,,0.34
weak_struct_strong_content,0.30,0.40,3,nfmcd_alpha_fixed,0.008278080838749369,0.20141534996358956,0.3750278824890293,4,,0.12
weak_struct_strong_content,0.30,0.40,3,nfmcd_adaptive,0.00577712888269355,0.1967783535707633,0.3689552946446615,4,,0.15
weak_struct_strong_content,0.30,0.40,4,structure_only,0.0,0.19347056190156073,0.32244721260824816,4,,0.04
weak_struct_strong_content,0.30,0.40,3,simple_concat,0.0,0.16181688089552748,0.4,4,,0.23
weak_struct_strong_content,0.30,0.40,4,spectral_content,0.5232672490050359,0.036306908787638245,0.834651356648807,4,,0.05
weak_struct_strong_content,0.30,0.40,3,content_only,0.4947567440212559,0.011445155718132406,0.7932696154109908,4,,0.34
weak_struct_strong_content,0.30,0.40,4,nfmcd_adaptive,0.002907270452202182,0.18879689354967985,0.35947033901958314,4,,0.13
weak_struct_strong_content,0.30,0.40,4,nfmcd_alpha_fixed,0.0015967647263195328,0.19347179222439254,0.35430559122966715,4,,0.17
weak_struct_strong_content,0.30,0.40,4,simple_concat,0.0,0.10938029295134931,0.4,4,,0.23
weak_struct_strong_content,0.30,0.40,4,content_only,0.5222448567618472,0.015289713959784207,0.8256623824473568,4,,0.24
weak_struct_strong_content,0.30,0.60,0,structure_only,0.007795620252694535,0.2054888214534163,0.34977649939402783,4,,0.03
weak_struct_strong_content,0.30,0.60,0,spectral_content,0.3370405434093089,0.050069279817207255,0.7259451298979605,4,,0.05
weak_struct_strong_content,0.30,0.60,0,nfmcd_alpha_fixed,0.005800558238723497,0.20624664792535477,0.3608656836630229,4,,0.08
weak_struct_strong_content,0.30,0.60,1,structure_only,0.007764230776857617,0.2120144706938934,0.3675350047009466,4,,0.03
weak_struct_strong_content,0.30,0.60,0,nfmcd_adaptive,0.0055360369398173015,0.20693883997479223,0.3542933906105261,4,,0.09
weak_struct_strong_content,0.30,0.60,0,content_only,0.009543458835540641,0.011262537863182182,0.3777406521813212,4,,0.32
weak_struct_strong_content,0.30,0.60,0,simple_concat,0.0,0.14910746710182807,0.4,4,,0.32
weak_struct_strong_content,0.30,0.60,1,spectral_content,0.3468759091414415,0.04826052308691269,0.7002370640176484,4,,0.04
weak_struct_strong_content,0.30,0.60,1,content_only,0.0027500949990059143,0.0006655169942108782,0.33726038252212737,4,,0.27
weak_struct_strong_content,0.30,0.60,1,nfmcd_alpha_fixed,0.012598015749372582,0.1995112346048598,0.3940656031119621,4,,0.09
weak_struct_strong_content,0.30,0.60,2,structure_only,0.0,0.20358147260504839,0.35666197665093013,4,,0.04
weak_struct_strong_content,0.30,0.60,1,simple_concat,0.0,0.17039343253123299,0.4,4,,0.32
weak_struct_strong_content,0.30,0.60,1,nfmcd_adaptive,0.012256875810424894,0.20058844115377644,0.39355071908025907,4,,0.09
weak_struct_strong_content,0.30,0.60,2,spectral_content,0.35333246099705695,0.05524842990417454,0.7188000310139898,4,,0.04
weak_struct_strong_content,0.30,0.60,2,nfmcd_alpha_fixed,0.0,0.20554240103404303,0.3374551979044837,4,,0.08
weak_struct_strong_content,0.30,0.60,3,structure_only,0.0,0.2087782180900608,0.3383477989588974,4,,0.03
weak_struct_strong_content,0.30,0.60,2,nfmcd_adaptive,0.0,0.2041664204697485,0.3482755460345631,4,,0.09
weak_struct_strong_content,0.30,0.60,2,simple_concat,0.0,0.18140821754872413,0.4,4,,0.33
weak_struct_strong_content,0.30,0.60,3,spectral_content,0.07545635667726158,0.048041457094955047,0.42148214222072883,4,,0.04
weak_struct_strong_content,0.30,0.60,3,simple_concat,0.0,0.16109951057596236,0.4,4,,0.33
weak_struct_strong_content,0.30,0.60,3,nfmcd_alpha_fixed,0.0033353764956887133,0.21656945926264626,0.3540832946379419,4,,0.11
weak_struct_strong_content,0.30,0.60,4,structure_only,0.0,0.19347056190156073,0.32244721260824816,4,,0.04
weak_struct_strong_content,0.30,0.60,3,nfmcd_adaptive,0.004480063564646142,0.21512599705329474,0.3605550288830969,4,,0.09
weak_struct_strong_content,0.30,0.60,3,content_only,0.37163561837967296,-0.0005802807837558439,0.6855423292013556,4,,0.55
weak_struct_strong_content,0.30,0.60,2,content_only,0.0018030785459456355,0.0005964770862326441,0.3464059349514557,4,,0.74
weak_struct_strong_content,0.30,0.60,4,spectral_content,0.45790305620077065,0.05273614775422612,0.7911568585455172,4,,0.05
weak_struct_strong_content,0.30,0.60,4,nfmcd_alpha_fixed,0.004302934136889314,0.18579802265795337,0.3531532987826805,4,,0.11
weak_struct_strong_content,0.30,0.60,4,simple_concat,0.0,0.17043883646893412,0.4,4,,0.27
weak_struct_strong_content,0.30,0.60,4,nfmcd_adaptive,0.0,0.1993415804333394,0.3470707234395256,4,,0.11
weak_struct_strong_content,0.30,0.80,0,structure_only,0.007795620252694535,0.2054888214534163,0.34977649939402783,4,,0.03
weak_struct_strong_content,0.30,0.60,4,content_only,0.37117199530600176,0.004599192809796537,0.7105898915882778,4,,0.36
weak_struct_strong_content,0.30,0.80,0,spectral_content,0.2511466229403172,0.015114533799043334,0.626341166305289,4,,0.04
weak_struct_strong_content,0.30,0.80,0,nfmcd_alpha_fixed,0.009097085759348866,0.2058235743259613,0.3558937029365551,4,,0.06
weak_struct_strong_content,0.30,0.80,0,nfmcd_adaptive,0.010796239134064134,0.20543392406045363,0.3605367000466424,4,,0.06
weak_struct_strong_content,0.30,0.80,1,structure_only,0.007764230776857617,0.2120144706938934,0.3675350047009466,4,,0.03
weak_struct_strong_content,0.30,0.80,0,simple_concat,0.0,0.18150576102246999,0.4,4,,0.39
weak_struct_strong_content,0.30,0.80,1,spectral_content,0.31030472194702785,0.03028009562801208,0.6720302377319147,4,,0.05
weak_struct_strong_content,0.30,0.80,1,nfmcd_alpha_fixed,0.004321095653499807,0.20705058418258712,0.37670046359904447,4,,0.07
weak_struct_strong_content,0.30,0.80,1,simple_concat,0.0,0.19130737996955757,0.4,4,,0.41
weak_struct_strong_content,0.30,0.80,1,nfmcd_adaptive,0.003707121659467516,0.20627038103630743,0.3680790266191134,4,,0.08
weak_struct_strong_content,0.30,0.80,2,structure_only,0.0,0.20358147260504839,0.35666197665093013,4,,0.04
weak_struct_strong_content,0.30,0.80,0,content_only,0.03287411412514041,0.011887450300108637,0.39256483196958286,4,,0.89
weak_struct_strong_content,0.30,0.80,2,spectral_content,0.3641948485510782,0.05263842231570495,0.7074258051544217,4,,0.05
weak_struct_strong_content,0.30,0.80,2,simple_concat,0.0,0.1855211072023847,0.4,4,,0.39
weak_struct_strong_content,0.30,0.80,2,nfmcd_alpha_fixed,0.0,0.20476033550675168,0.3591132007616271,4,,0.08
weak_struct_strong_content,0.30,0.80,3,structure_only,0.0,0.2087782180900608,0.3383477989588974,4,,0.05
weak_struct_strong_content,0.30,0.80,2,nfmcd_adaptive,0.0,0.2046149392129801,0.3634643206642705,4,,0.08
weak_struct_strong_content,0.30,0.80,3,simple_concat,0.0,0.18426044471540587,0.4,4,,0.36
weak_struct_strong_content,0.30,0.80,3,spectral_content,0.12177193942085496,0.033074649867059575,0.5012255481005481,4,,0.04
weak_struct_strong_content,0.30,0.80,3,nfmcd_alpha_fixed,0.0,0.21520762417653136,0.34793678660816696,4,,0.06
weak_struct_strong_content,0.30,0.80,3,nfmcd_adaptive,0.0,0.21445502887432474,0.3455772017727874,4,,0.09
weak_struct_strong_content,0.30,0.80,4,structure_only,0.0,0.19347056190156073,0.32244721260824816,4,,0.04
weak_struct_strong_content,0.30,0.80,3,content_only,0.24276331082020342,-0.011099849277718461,0.5256218356757212,4,,1.04
weak_struct_strong_content,0.30,0.80,1,content_only,0.30516705358521024,0.006751135266413345,0.5692482815988792,4,,2.02
weak_struct_strong_content,0.30,0.80,4,spectral_content,0.355537033158983,0.04072409583985202,0.7181221145046032,4,,0.05
weak_struct_strong_content,0.30,0.80,4,nfmcd_alpha_fixed,0.0,0.20027998866790653,0.3412747935112671,4,,0.07
weak_struct_strong_content,0.30,0.80,4,nfmcd_adaptive,0.0,0.1981443942964858,0.33698161437080815,4,,0.07
weak_struct_strong_content,0.10,0.00,0,structure_only,0.007795620252694535,0.2054888214534163,0.34977649939402783,4,,0.03
weak_struct_strong_content,0.30,0.80,4,simple_concat,0.0,0.16437990662998012,0.4,4,,0.36
weak_struct_strong_content,0.30,0.80,2,content_only,0.19179391737001517,2.906324594662349e-05,0.5442718741606881,4,,2.18
weak_struct_strong_content,0.10,0.00,0,content_only,0.0,0.006548808717913822,0.3156091258150583,4,,0.43
weak_struct_strong_content,0.10,0.00,0,simple_concat,0.0,0.07280701799959095,0.4,4,,0.35
weak_struct_strong_content,0.10,0.00,0,spectral_content,0.4902211351603508,0.05878168657606345,0.7284624881559449,4,,0.06
weak_struct_strong_content,0.10,0.00,1,structure_only,0.007764230776857617,0.2120144706938934,0.3675350047009466,4,,0.04
weak_struct_strong_content,0.10,0.00,0,nfmcd_alpha_fixed,0.0,0.16336130675883886,0.4,4,,0.22
weak_struct_strong_content,0.10,0.00,0,nfmcd_adaptive,0.0,0.1823963283515248,0.4,4,,0.21
weak_struct_strong_content,0.10,0.00,1,spectral_content,0.13192363280965247,0.07470849900282078,0.4884558580834104,4,,0.04
weak_struct_strong_content,0.10,0.00,1,content_only,1.0,0.03083699808996959,1.0,4,,0.24
weak_struct_strong_content,0.30,0.80,4,content_only,0.08131591579867492,0.015240665089556866,0.5068238381966961,4,,1.52
weak_struct_strong_content,0.10,0.00,2,structure_only,0.0,0.20358147260504839,0.35666197665093013,4,,0.03
weak_struct_strong_content,0.10,0.00,1,nfmcd_alpha_fixed,0.0,0.18309416492037323,0.4,4,,0.21
weak_struct_strong_content,0.10,0.00,1,nfmcd_adaptive,0.0,0.17967533699598176,0.4,4,,0.17
weak_struct_strong_content,0.10,0.00,2,spectral_content,0.352683761632989,0.04181120227202525,0.5870820224812865,4,,0.04
weak_struct_strong_content,0.10,0.00,1,simple_concat,0.0,0.06593745388309603,0.4,4,,0.32
weak_struct_strong_content,0.10,0.00,2,content_only,1.0,0.029210003329062706,1.0,4,,0.26
weak_struct_strong_content,0.10,0.00,2,nfmcd_alpha_fixed,0.0,0.1712959693681394,0.4,4,,0.18
weak_struct_strong_content,0.10,0.00,3,structure_only,0.0,0.2087782180900608,0.3383477989588974,4,,0.05
weak_struct_strong_content,0.10,0.00,2,nfmcd_adaptive,0.0,0.1754882825479131,0.4,4,,0.19
weak_struct_strong_content,0.10,0.00,2,simple_concat,0.0,0.022011926018906947,0.4,4,,0.27
weak_struct_strong_content,0.10,0.00,3,spectral_content,0.27565356930257834,0.06877830276549984,0.5073622807860215,4,,0.04
weak_struct_strong_content,0.10,0.00,3,nfmcd_alpha_fixed,0.0,0.17277853985672914,0.4,4,,0.2
weak_struct_strong_content,0.10,0.00,3,nfmcd_adaptive,0.0,0.16448246371657438,0.4,4,,0.18
weak_struct_strong_content,0.10,0.00,4,structure_only,0.0,0.19347056190156073,0.32244721260824816,4,,0.04
weak_struct_strong_content,0.10,0.00,3,content_only,0.9773131307341074,0.048734864265271245,0.9953607852158577,4,,0.29
weak_struct_strong_content,0.10,0.00,4,spectral_content,0.30068561022748574,0.047643759531926184,0.4673031198584743,4,,0.04
weak_struct_strong_content,0.10,0.00,3,simple_concat,0.0,0.04332308760520922,0.4,4,,0.36
weak_struct_strong_content,0.10,0.00,4,content_only,1.0,0.034102334316115236,1.0,4,,0.27
weak_struct_strong_content,0.10,0.00,4,nfmcd_alpha_fixed,0.0,0.16658825409152062,0.4,4,,0.2
weak_struct_strong_content,0.10,0.20,0,structure_only,0.007795620252694535,0.2054888214534163,0.34977649939402783,4,,0.03
weak_struct_strong_content,0.10,0.00,4,simple_concat,0.0,0.03991323107218043,0.4,4,,0.29
weak_struct_strong_content,0.10,0.00,4,nfmcd_adaptive,0.0,0.14942935166415927,0.4,4,,0.19
weak_struct_strong_content,0.10,0.20,0,spectral_content,0.5139664180386562,0.05889806212202843,0.8005569083694084,4,,0.04
weak_struct_strong_content,0.10,0.20,0,nfmcd_alpha_fixed,0.009470927661031636,0.20713288580701505,0.37356729890872864,4,,0.18
weak_struct_strong_content,0.10,0.20,0,nfmcd_adaptive,0.0,0.15823844483478738,0.4,4,,0.16
weak_struct_strong_content,0.10,0.20,1,structure_only,0.007764230776857617,0.2120144706938934,0.3675350047009466,4,,0.03
weak_struct_strong_content,0.10,0.20,0,content_only,0.013488138992532539,-0.0032184246041456477,0.391712205963088,4,,0.32
weak_struct_strong_content,0.10,0.20,0,simple_concat,0.0,0.07281030837961079,0.4,4,,0.33
weak_struct_strong_content,0.10,0.20,1,spectral_content,0.43666466596871345,0.0699518908457682,0.7315852073389203,4,,0.03
weak_struct_strong_content,0.10,0.20,1,nfmcd_adaptive,0.0,0.17142299373020928,0.4,4,,0.13
weak_struct_strong_content,0.10,0.20,1,nfmcd_alpha_fixed,0.01626025172612977,0.19005983075359764,0.4159174953729131,4,,0.16
weak_struct_strong_content,0.10,0.20,2,structure_only,0.0,0.20358147260504839,0.35666197665093013,4,,0.03
weak_struct_strong_content,0.10,0.20,1,simple_concat,0.0,0.11253772626270714,0.4,4,,0.31
weak_struct_strong_content,0.10,0.20,2,spectral_content,0.4657676403602603,0.05252929503133786,0.7972736491851082,4,,0.04
weak_struct_strong_content,0.10,0.20,2,simple_concat,0.0,0.0655781320131093,0.4,4,,0.23
weak_struct_strong_content,0.10,0.20,2,nfmcd_alpha_fixed,0.01115867655986369,0.19089196302770806,0.4001823836954732,4,,0.17
weak_struct_strong_content,0.10,0.20,1,content_only,0.7545577829761094,0.02454300519882445,0.923234199524057,4,,0.53
weak_struct_strong_content,0.10,0.20,3,structure_only,0.0,0.2087782180900608,0.3383477989588974,4,,0.03
weak_struct_strong_content,0.10,0.20,2,content_only,0.0,-0.0005917533079658546,0.35084298845484124,4,,0.37
weak_struct_strong_content,0.10,0.20,2,nfmcd_adaptive,0.0,0.15111222560252588,0.4,4,,0.15
weak_struct_strong_content,0.10,0.20,3,spectral_content,0.3114783943131214,0.05110425240054869,0.6064363196111191,4,,0.04
weak_struct_strong_content,0.10,0.20,3,content_only,0.6885117242734866,0.03735753357381159,0.9021504855226379,4,,0.25
weak_struct_strong_content,0.10,0.20,3,simple_concat,0.0,0.06315543023590582,0.4,4,,0.25
weak_struct_strong_content,0.10,0.20,4,structure_only,0.0,0.19347056190156073,0.32244721260824816,4,,0.03
weak_struct_strong_content,0.10,0.20,3,nfmcd_alpha_fixed,0.03269708668755855,0.17190579010652174,0.40490194386890777,4,,0.16
weak_struct_strong_content,0.10,0.20,3,nfmcd_adaptive,0.0,0.1564913885078494,0.4,4,,0.15
weak_struct_strong_content,0.10,0.20,4,spectral_content,0.43679373670904775,0.07352056550230555,0.740387165685678,4,,0.06
weak_struct_strong_content,0.10,0.20,4,nfmcd_alpha_fixed,0.0,0.14796723601086037,0.4,4,,0.2
weak_struct_strong_content,0.10,0.20,4,nfmcd_adaptive,0.0,0.15515248539155682,0.4,4,,0.17
weak_struct_strong_content,0.10,0.40,0,structure_only,0.007795620252694535,0.2054888214534163,0.34977649939402783,4,,0.04
weak_struct_strong_content,0.10,0.20,4,simple_concat,0.0,0.04060696910626563,0.4,4,,0.28
weak_struct_strong_content,0.10,0.20,4,content_only,0.0,-0.0027628949725892055,0.36262385548607456,4,,0.31
weak_struct_strong_content,0.10,0.40,0,spectral_content,0.6279043094991192,0.06026521502027308,0.8837360297465564,4,,0.06
weak_struct_strong_content,0.10,0.40,0,nfmcd_alpha_fixed,0.011281181367835402,0.20523234498976434,0.37647865017034343,4,,0.13
weak_struct_strong_content,0.10,0.40,1,structure_only,0.007764230776857617,0.2120144706938934,0.3675350047009466,4,,0.04
weak_struct_strong_content,0.10,0.40,0,nfmcd_adaptive,0.00994957515284467,0.2062057779419504,0.3827157002154896,4,,0.13
weak_struct_strong_content,0.10,0.40,0,content_only,0.6013193354046624,0.03614473792902442,0.8538519886345972,4,,0.28
weak_struct_strong_content,0.10,0.40,0,simple_concat,0.0,0.13702094881051893,0.4,4,,0.26
weak_struct_strong_content,0.10,0.40,1,spectral_content,0.45873642562568806,0.06374973120433108,0.7833287418715401,4,,0.04
weak_struct_strong_content,0.10,0.40,1,nfmcd_alpha_fixed,0.010729954152433274,0.20287035826773314,0.3991525724213736,4,,0.12
weak_struct_strong_content,0.10,0.40,2,structure_only,0.0,0.20358147260504839,0.35666197665093013,4,,0.03
weak_struct_strong_content,0.10,0.40,1,nfmcd_adaptive,0.009874489928713759,0.2025703190551885,0.39655315359101495,4,,0.12
weak_struct_strong_content,0.10,0.40,1,content_only,0.5921449171521691,0.0273572853113181,0.8435551707075705,4,,0.21
weak_struct_strong_content,0.10,0.40,1,simple_concat,0.0,0.1351095632228495,0.4,4,,0.22
weak_struct_strong_content,0.10,0.40,2,spectral_content,0.3241866088121934,0.04481360371279363,0.6222702808466585,4,,0.05
weak_struct_strong_content,0.10,0.40,2,nfmcd_alpha_fixed,0.006209333896302738,0.20303127253302278,0.3813335590646515,4,,0.12
weak_struct_strong_content,0.10,0.40,3,structure_only,0.0,0.2087782180900608,0.3383477989588974,4,,0.03
weak_struct_strong_content,0.10,0.40,2,nfmcd_adaptive,0.00825924617520113,0.201475308010359,0.3917240670467964,4,,0.13
weak_struct_strong_content,0.10,0.40,2,content_only,0.5262633487385884,0.009390230682108758,0.8207889976163059,4,,0.26
weak_struct_strong_content,0.10,0.40,2,simple_concat,0.0,0.10202440319865438,0.4,4,,0.26
weak_struct_strong_content,0.10,0.40,3,spectral_content,0.2491608312950948,0.053763399888228425,0.6082226122167204,4,,0.04
weak_struct_strong_content,0.10,0.40,3,nfmcd_alpha_fixed,0.003449863923962071,0.20422505038188624,0.3586001883202957,4,,0.11
weak_struct_strong_content,0.10,0.40,3,nfmcd_adaptive,0.004663568950117991,0.2056972175650731,0.36346228753808385,4,,0.11
weak_struct_strong_content,0.10,0.40,4,structure_only,0.0,0.19347056190156073,0.32244721260824816,4,,0.03
weak_struct_strong_content,0.10,0.40,3,simple_concat,0.0,0.14350530915002793,0.4,4,,0.23
weak_struct_strong_content,0.10,0.40,4,spectral_content,0.5562313276359496,0.05280791658608053,0.8398614965396265,4,,0.04
weak_struct_strong_content,0.10,0.40,3,content_only,0.45762628486056645,0.03723153652051686,0.7722552152094229,4,,0.37
weak_struct_strong_content,0.10,0.40,4,nfmcd_alpha_fixed,0.0031161692635954807,0.2015524705620656,0.36663213730422883,4,,0.13
weak_struct_strong_content,0.10,0.60,0,structure_only,0.007795620252694535,0.2054888214534163,0.34977649939402783,4,,0.03
weak_struct_strong_content,0.10,0.40,4,content_only,0.573890482098878,0.02341492998396809,0.8375736974355497,4,,0.24
weak_struct_strong_content,0.10,0.40,4,simple_concat,0.0,0.128042813922202,0.4,4,,0.24
weak_struct_strong_content,0.10,0.60,0,spectral_content,0.346518007096672,0.05753272759168946,0.7054721711062939,4,,0.04
weak_struct_strong_content,0.10,0.40,4,nfmcd_adaptive,0.007444477548955275,0.18551390010533206,0.3798741010794571,4,,0.13
weak_struct_strong_content,0.10,0.60,0,nfmcd_alpha_fixed,0.007675251106542991,0.20568823580040832,0.3571493986701075,4,,0.12
weak_struct_strong_content,0.10,0.60,0,nfmcd_adaptive,0.00600621358649267,0.20543582901730723,0.3480837669698623,4,,0.12
weak_struct_strong_content,0.10,0.60,1,structure_only,0.007764230776857617,0.2120144706938934,0.3675350047009466,4,,0.05
weak_struct_strong_content,0.10,0.60,0,simple_concat,0.0,0.1546824965117642,0.4,4,,0.31
weak_struct_strong_content,0.10,0.60,1,spectral_content,0.4746727998799355,0.05310963911809721,0.7910177336020399,4,,0.04
weak_struct_strong_content,0.10,0.60,1,nfmcd_alpha_fixed,0.008561683428312317,0.20243075612748715,0.37957624255294325,4,,0.09
weak_struct_strong_content,0.10,0.60,1,simple_concat,0.0,0.14719638738620985,0.4,4,,0.32
weak_struct_strong_content,0.10,0.60,1,nfmcd_adaptive,0.008342005267973351,0.20939321749469786,0.3717316988736817,4,,0.1
weak_struct_strong_content,0.10,0.60,2,structure_only,0.0,0.20358147260504839,0.35666197665093013,4,,0.04
weak_struct_strong_content,0.10,0.60,0,content_only,0.021208231582497183,-0.0010147358803299228,0.4026146056089726,4,,0.84
weak_struct_strong_content,0.10,0.60,2,spectral_content,0.3193775899848943,0.045238663692767994,0.713615466091104,4,,0.05
weak_struct_strong_content,0.10,0.60,2,simple_concat,0.0,0.14360734289714283,0.4,4,,0.38
weak_struct_strong_content,0.10,0.60,2,nfmcd_alpha_fixed,0.006093438486269864,0.206696444083836,0.35182759867503244,4,,0.12
weak_struct_strong_content,0.10,0.60,3,structure_only,0.0,0.2087782180900608,0.3383477989588974,4,,0.05
weak_struct_strong_content,0.10,0.60,2,nfmcd_adaptive,0.0031396705584838536,0.2039108560591103,0.3514351811120962,4,,0.11
weak_struct_strong_content,0.10,0.60,1,content_only,0.044262915663231706,-0.01434141898814769,0.41429222537230287,4,,1.13
weak_struct_strong_content,0.10,0.60,3,simple_concat,0.0,0.18235101356500535,0.4,4,,0.28
weak_struct_strong_content,0.10,0.60,3,spectral_content,0.2542899298829461,0.04004953513183968,0.6620441094521627,4,,0.04
weak_struct_strong_content,0.10,0.60,3,nfmcd_alpha_fixed,0.003919514687366288,0.21058688546800114,0.3515686274509804,4,,0.09
weak_struct_strong_content,0.10,0.60,2,content_only,0.13345496323073414,0.0072556433537800565,0.5472581407601256,4,,0.9
weak_struct_strong_content,0.10,0.60,3,nfmcd_adaptive,0.004550119427287003,0.2102261680976816,0.35277650747129835,4,,0.1
weak_struct_strong_content,0.10,0.60,4,structure_only,0.0,0.19347056190156073,0.32244721260824816,4,,0.05
weak_struct_strong_content,0.10,0.60,4,spectral_content,0.1945593465866573,0.02859713177298872,0.4770569482962279,4,,0.05
weak_struct_strong_content,0.10,0.60,4,nfmcd_alpha_fixed,0.0,0.19993311965086394,0.35027048774541697,4,,0.08
weak_struct_strong_content,0.10,0.60,4,nfmcd_adaptive,0.0,0.19770639936836867,0.3469233096655099,4,,0.1
weak_struct_strong_content,0.10,0.60,4,simple_concat,0.0,0.16012233345981053,0.4,4,,0.26
weak_struct_strong_content,0.10,0.80,0,structure_only,0.007795620252694535,0.2054888214534163,0.34977649939402783,4,,0.03
weak_struct_strong_content,0.10,0.60,3,content_only,0.1765267058803307,0.010780622872529625,0.5845387805009151,4,,0.84
weak_struct_strong_content,0.10,0.80,0,spectral_content,0.20041639509026554,0.04042708093590185,0.5367181118093859,4,,0.04
weak_struct_strong_content,0.10,0.80,0,nfmcd_alpha_fixed,0.008197841069802037,0.20555705354435405,0.352264143723771,4,,0.06
weak_struct_strong_content,0.10,0.80,0,nfmcd_adaptive,0.007869403846460843,0.20611451319087376,0.35067849343539936,4,,0.07
weak_struct_strong_content,0.10,0.80,1,structure_only,0.007764230776857617,0.2120144706938934,0.3675350047009466,4,,0.03
weak_struct_strong_content,0.10,0.80,0,simple_concat,0.0,0.14367184589799584,0.4,4,,0.44
weak_struct_strong_content,0.10,0.80,1,simple_concat,0.0,0.1612616320008095,0.4,4,,0.42
weak_struct_strong_content,0.10,0.80,1,content_only,0.04398863123891816,0.0013135780814524378,0.40227533628253653,4,,0.51
weak_struct_strong_content,0.10,0.80,1,nfmcd_alpha_fixed,0.012175526683696147,0.20783348582656247,0.3868087428160023,4,,0.06
weak_struct_strong_content,0.10,0.60,4,content_only,0.03359236854802505,-0.011497530906119633,0.40850450730625376,4,,1.25
weak_struct_strong_content,0.10,0.80,1,spectral_content,0.2319479845917598,0.025569193275681038,0.5457435695756856,4,,0.12
weak_struct_strong_content,0.10,0.80,2,structure_only,0.0,0.20358147260504839,0.35666197665093013,4,,0.03
weak_struct_strong_content,0.10,0.80,1,nfmcd_adaptive,0.013278979487757692,0.20898338315715798,0.38757305504322986,4,,0.07
weak_struct_strong_content,0.10,0.80,0,content_only,0.08008271255086608,0.014737525519927658,0.4709229834666324,4,,1.05
weak_struct_strong_content,0.10,0.80,2,spectral_content,0.33167432105308814,0.03821064240021737,0.687601967581971,4,,0.04
weak_struct_strong_content,0.10,0.80,2,nfmcd_alpha_fixed,0.0,0.20168515585505908,0.348645922330667,4,,0.07
weak_struct_strong_content,0.10,0.80,2,nfmcd_adaptive,0.0,0.20163543608719997,0.349646512866896,4,,0.07
weak_struct_strong_content,0.10,0.80,3,structure_only,0.0,0.2087782180900608,0.3383477989588974,4,,0.03
weak_struct_strong_content,0.10,0.80,2,simple_concat,0.0,0.16547187102131766,0.4,4,,0.31
weak_struct_strong_content,0.10,0.80,2,content_only,0.05563898150288216,-0.0004281024134343732,0.4509185669978606,4,,0.35
weak_struct_strong_content,0.10,0.80,3,spectral_content,0.3225904276389957,0.02898364070517707,0.6863215009616879,4,,0.05
weak_struct_strong_content,0.10,0.80,3,nfmcd_alpha_fixed,0.0,0.1996474961472675,0.3525367105668195,4,,0.06
weak_struct_strong_content,0.10,0.80,3,nfmcd_adaptive,0.0,0.19973132483191927,0.35337047923996423,4,,0.06
weak_struct_strong_content,0.10,0.80,4,structure_only,0.0,0.19347056190156073,0.32244721260824816,4,,0.04
weak_struct_strong_content,0.10,0.80,3,simple_concat,0.0,0.1756044132838829,0.4,4,,0.31
weak_struct_strong_content,0.10,0.80,4,spectral_content,0.3275922973639981,0.04375413490998385,0.7064941958018012,4,,0.04
weak_struct_strong_content,0.10,0.80,4,nfmcd_alpha_fixed,0.0,0.20732973849406192,0.34635960325713133,4,,0.06
weak_struct_strong_content,0.10,0.80,4,nfmcd_adaptive,0.004550119427287003,0.18925440960006143,0.34618193857987356,4,,0.08
weak_struct_strong_content,0.10,0.80,4,simple_concat,0.0,0.173533508498496,0.4,4,,0.31
weak_struct_strong_content,0.10,0.80,4,content_only,0.19901982365156823,0.012080047756211049,0.6060261148066026,4,,0.89
weak_struct_strong_content,0.10,0.80,3,content_only,0.17032471311421316,0.0063445612965503245,0.5907164504614832,4,,1.57
