part,setting,seed,method,onmi,modularity,acc_all,acc_clean,acc_bad,auroc_agree,ap_agree,auroc_conf,ap_conf,prevalence,n_both,n_bad,agree_mean_clean,agree_sd_clean,agree_mean_bad,agree_sd_bad,dprime,ovl,conf_mean_clean,conf_mean_bad,error,secs
A,A|n300|mis0.0|chi|shi,0,b:default,0.8613332551788364,0.4963894527279714,1.0,1.0,nan,,,,,,273,0,,,,,,,,,,0.56
A,A|n300|mis0.0|chi|shi,0,b:rank16,0.8613332551788364,0.4963894527279714,1.0,1.0,nan,,,,,,273,0,,,,,,,,,,0.09
A,A|n300|mis0.0|chi|shi,0,b:robust,0.8613332551788364,0.4963894527279714,1.0,1.0,nan,,,,,,273,0,,,,,,,,,,0.22
A,A|n300|mis0.0|chi|shi,0,b:alpha05,0.8529489236052454,0.4963894527279714,1.0,1.0,nan,,,,,,273,0,,,,,,,,,,0.11
A,A|n300|mis0.0|chi|shi,0,b:concat05,0.8613332551788364,0.4963894527279714,1.0,1.0,nan,,,,,,273,0,,,,,,,,,,0.14
A,A|n300|mis0.0|chi|shi,0,b:text_only,0.8529489236052454,0.4963894527279714,1.0,1.0,nan,,,,,,273,0,,,,,,,,,,0.03
A,A|n300|mis0.0|chi|shi,0,b:image_only,0.8446431202659412,0.4963894527279714,1.0,1.0,nan,,,,,,273,0,,,,,,,,,,0.06
A,A|n300|mis0.0|chi|shi,0,b:structure_only,0.8383804455302661,0.4963894527279714,1.0,1.0,nan,,,,,,273,0,,,,,,,,,,0.02
A,A|n300|mis0.0|chi|shi,0,b:spectral,0.8613332551788364,0.4963894527279714,1.0,1.0,nan,,,,,,273,0,,,,,,,,,,0.03
A,A|n300|mis0.0|chi|shi,0,b:kmeans_content,0.8613332551788364,0.4963894527279714,1.0,1.0,nan,,,,,,273,0,,,,,,,,,,0.05
A,A|n300|mis0.0|chi|shi,0,d:default,,,,,,nan,nan,nan,nan,0.0,273,0,0.8829641558759135,0.07885429972261894,,,,,0.6835759122362519,,,0.0
A,A|n300|mis0.0|chi|shi,0,d:rank16,,,,,,nan,nan,nan,nan,0.0,273,0,0.5987061708693252,0.2194336106904576,,,,,0.41640449037495464,,,0.0
A,A|n300|mis0.0|chi|shi,0,d:cons,,,,,,nan,nan,nan,nan,0.0,273,0,0.8829641558759135,0.07885429972261894,,,,,0.5,,,0.19
A,A|n300|mis0.0|chi|shi,0,d:kmmatch,,,,,,nan,nan,,,0.0,273,0,,,,,,,,,,0.0
A,A|n300|mis0.0|chi|shi,0,d:random,,,,,,nan,nan,,,0.0,273,0,,,,,,,,,,0.0
A,A|n300|mis0.0|clo|shi,0,b:default,0.6384049285188838,0.4963894527279714,1.0,1.0,nan,,,,,,273,0,,,,,,,,,,0.59
A,A|n300|mis0.0|clo|shi,0,b:rank16,0.8097074997630666,0.4963894527279714,1.0,1.0,nan,,,,,,273,0,,,,,,,,,,0.08
A,A|n300|mis0.0|clo|shi,0,b:robust,0.6159663635185124,0.4963894527279714,1.0,1.0,nan,,,,,,273,0,,,,,,,,,,0.24
A,A|n300|mis0.0|clo|shi,0,b:alpha05,0.7340974718094981,0.4963894527279714,1.0,1.0,nan,,,,,,273,0,,,,,,,,,,0.12
A,A|n300|mis0.0|clo|shi,0,b:concat05,0.0,0.3491943350307114,0.6966666666666667,0.6923076923076923,nan,,,,,,273,0,,,,,,,,,,0.16
A,A|n300|mis0.0|clo|shi,0,b:text_only,0.8320507802005686,0.4963894527279714,1.0,1.0,nan,,,,,,273,0,,,,,,,,,,0.06
A,A|n300|mis0.0|clo|shi,0,b:image_only,0.8320507802005686,0.4963894527279714,1.0,1.0,nan,,,,,,273,0,,,,,,,,,,0.09
A,A|n300|mis0.0|clo|shi,0,b:structure_only,0.8383804455302661,0.4963894527279714,1.0,1.0,nan,,,,,,273,0,,,,,,,,,,0.03
A,A|n300|mis0.0|clo|shi,0,b:spectral,0.8359441259739622,0.4896794498907699,0.9933333333333333,0.9926739926739927,nan,,,,,,273,0,,,,,,,,,,0.03
A,A|n300|mis0.0|clo|shi,0,b:kmeans_content,0.0,0.005246986938563507,0.32666666666666666,0.32967032967032966,nan,,,,,,273,0,,,,,,,,,,0.05
A,A|n300|mis0.0|clo|shi,0,d:default,,,,,,nan,nan,nan,nan,0.0,273,0,0.7974237567540637,0.13757651679524843,,,,,0.6016518569009368,,,0.0
A,A|n300|mis0.0|clo|shi,0,d:rank16,,,,,,nan,nan,nan,nan,0.0,273,0,0.32296591986755974,0.31278642955540503,,,,,0.24726714606586664,,,0.0
A,A|n300|mis0.0|clo|shi,0,d:cons,,,,,,nan,nan,nan,nan,0.0,273,0,0.7974237567540637,0.13757651679524843,,,,,0.5,,,0.16
A,A|n300|mis0.0|clo|shi,0,d:kmmatch,,,,,,nan,nan,,,0.0,273,0,,,,,,,,,,0.02
A,A|n300|mis0.0|clo|shi,0,d:random,,,,,,nan,nan,,,0.0,273,0,,,,,,,,,,0.0
A,A|n300|mis0.0|clo|slo,0,b:default,0.0,0.10292492760080198,0.3566666666666667,0.34798534798534797,nan,,,,,,273,0,,,,,,,,,,0.62
A,A|n300|mis0.0|clo|slo,0,b:rank16,0.05279767115806899,0.1226486097961684,0.4166666666666667,0.41025641025641024,nan,,,,,,273,0,,,,,,,,,,0.09
A,A|n300|mis0.0|clo|slo,0,b:robust,0.05797580117429835,0.11902308072510581,0.44333333333333336,0.4468864468864469,nan,,,,,,273,0,,,,,,,,,,0.25
A,A|n300|mis0.0|clo|slo,0,b:alpha05,0.0,0.1064373155212742,0.33,0.3333333333333333,nan,,,,,,273,0,,,,,,,,,,0.14
A,A|n300|mis0.0|clo|slo,0,b:concat05,0.0,0.10210843520271776,0.3933333333333333,0.38095238095238093,nan,,,,,,273,0,,,,,,,,,,0.17
A,A|n300|mis0.0|clo|slo,0,b:text_only,0.05328860648615863,0.12342885038427266,0.4166666666666667,0.4139194139194139,nan,,,,,,273,0,,,,,,,,,,0.25
A,A|n300|mis0.0|clo|slo,0,b:image_only,0.048425355481357624,0.12540912508353752,0.41333333333333333,0.41025641025641024,nan,,,,,,273,0,,,,,,,,,,0.34
A,A|n300|mis0.0|clo|slo,0,b:structure_only,0.04456102825548636,0.12590128299732678,0.4266666666666667,0.4249084249084249,nan,,,,,,273,0,,,,,,,,,,0.03
A,A|n300|mis0.0|clo|slo,0,b:spectral,0.07283931345493411,0.049572531465805286,0.43666666666666665,0.4468864468864469,nan,,,,,,273,0,,,,,,,,,,0.03
A,A|n300|mis0.0|clo|slo,0,b:kmeans_content,0.0,0.0027202432334595475,0.32666666666666666,0.32967032967032966,nan,,,,,,273,0,,,,,,,,,,0.03
A,A|n300|mis0.0|clo|slo,0,d:default,,,,,,nan,nan,nan,nan,0.0,273,0,0.7974237567540637,0.13757651679524843,,,,,0.6016518569009368,,,0.0
A,A|n300|mis0.0|clo|slo,0,d:rank16,,,,,,nan,nan,nan,nan,0.0,273,0,0.32296591986755974,0.31278642955540503,,,,,0.24726714606586664,,,0.0
A,A|n300|mis0.0|clo|slo,0,d:cons,,,,,,nan,nan,nan,nan,0.0,273,0,0.7974237567540637,0.13757651679524843,,,,,0.5,,,0.14
A,A|n300|mis0.0|clo|slo,0,d:kmmatch,,,,,,nan,nan,,,0.0,273,0,,,,,,,,,,0.0
A,A|n300|mis0.0|clo|slo,0,d:random,,,,,,nan,nan,,,0.0,273,0,,,,,,,,,,0.01
A,A|n300|mis0.0|chi|slo,0,b:default,0.0,0.09644319795611489,0.5033333333333333,0.5164835164835165,nan,,,,,,273,0,,,,,,,,,,0.61
A,A|n300|mis0.0|chi|slo,0,b:rank16,0.1592079041074138,0.12231515579750502,0.6433333333333333,0.6593406593406593,nan,,,,,,273,0,,,,,,,,,,0.09
A,A|n300|mis0.0|chi|slo,0,b:robust,0.7094666240101035,0.12028035545221652,1.0,1.0,nan,,,,,,273,0,,,,,,,,,,0.22
A,A|n300|mis0.0|chi|slo,0,b:alpha05,0.18222356783146565,0.12005590053464024,0.6666666666666666,0.6886446886446886,nan,,,,,,273,0,,,,,,,,,,0.14
A,A|n300|mis0.0|chi|slo,0,b:concat05,0.7924792195295405,0.12028035545221652,1.0,1.0,nan,,,,,,273,0,,,,,,,,,,0.14
A,A|n300|mis0.0|chi|slo,0,b:text_only,0.12899042844865216,0.12681949974938736,0.5533333333333333,0.5641025641025641,nan,,,,,,273,0,,,,,,,,,,0.38
A,A|n300|mis0.0|chi|slo,0,b:image_only,0.12544580513020387,0.1253506488081978,0.5566666666666666,0.5641025641025641,nan,,,,,,273,0,,,,,,,,,,0.44
A,A|n300|mis0.0|chi|slo,0,b:structure_only,0.04456102825548636,0.12590128299732678,0.4266666666666667,0.4249084249084249,nan,,,,,,273,0,,,,,,,,,,0.03
A,A|n300|mis0.0|chi|slo,0,b:spectral,0.8613332551788364,0.12028035545221652,1.0,1.0,nan,,,,,,273,0,,,,,,,,,,0.05
A,A|n300|mis0.0|chi|slo,0,b:kmeans_content,0.8613332551788364,0.12028035545221652,1.0,1.0,nan,,,,,,273,0,,,,,,,,,,0.03
A,A|n300|mis0.0|chi|slo,0,d:default,,,,,,nan,nan,nan,nan,0.0,273,0,0.8829641558759135,0.07885429972261894,,,,,0.6835759122362519,,,0.0
A,A|n300|mis0.0|chi|slo,0,d:rank16,,,,,,nan,nan,nan,nan,0.0,273,0,0.5987061708693252,0.2194336106904576,,,,,0.41640449037495464,,,0.0
A,A|n300|mis0.0|chi|slo,0,d:cons,,,,,,nan,nan,nan,nan,0.0,273,0,0.8829641558759135,0.07885429972261894,,,,,0.5,,,0.12
A,A|n300|mis0.0|chi|slo,0,d:kmmatch,,,,,,nan,nan,,,0.0,273,0,,,,,,,,,,0.01
A,A|n300|mis0.0|chi|slo,0,d:random,,,,,,nan,nan,,,0.0,273,0,,,,,,,,,,0.0
A,A|n300|mis0.1|chi|shi,0,b:default,0.8323083328655361,0.4963894527279714,1.0,1.0,1.0,,,,,,272,23,,,,,,,,,,0.14
A,A|n300|mis0.1|chi|shi,0,b:rank16,0.8613332551788364,0.4963894527279714,1.0,1.0,1.0,,,,,,272,23,,,,,,,,,,0.12
A,A|n300|mis0.1|chi|shi,0,b:robust,0.8530274518395322,0.4963894527279714,1.0,1.0,1.0,,,,,,272,23,,,,,,,,,,0.16
A,A|n300|mis0.1|chi|shi,0,b:alpha05,0.8323083328655361,0.4963894527279714,1.0,1.0,1.0,,,,,,272,23,,,,,,,,,,0.14
A,A|n300|mis0.1|chi|shi,0,b:concat05,0.8530274518395322,0.4963894527279714,1.0,1.0,1.0,,,,,,272,23,,,,,,,,,,0.14
A,A|n300|mis0.1|chi|shi,0,b:text_only,0.8446431202659412,0.4963894527279714,1.0,1.0,1.0,,,,,,272,23,,,,,,,,,,0.03
A,A|n300|mis0.1|chi|shi,0,b:image_only,0.8446431202659412,0.4963894527279714,1.0,1.0,1.0,,,,,,272,23,,,,,,,,,,0.05
A,A|n300|mis0.1|chi|shi,0,b:structure_only,0.8383804455302661,0.4963894527279714,1.0,1.0,1.0,,,,,,272,23,,,,,,,,,,0.08
A,A|n300|mis0.1|chi|shi,0,b:spectral,0.8613332551788364,0.4963894527279714,1.0,1.0,1.0,,,,,,272,23,,,,,,,,,,0.02
A,A|n300|mis0.1|chi|shi,0,b:kmeans_content,0.8353326623414179,0.48814857558783664,0.9933333333333333,1.0,0.9130434782608695,,,,,,272,23,,,,,,,,,,0.03
A,A|n300|mis0.1|chi|shi,0,d:default,,,,,,0.8592631395145801,0.42302014758773715,0.8592631395145801,0.42302014758773715,0.08455882352941177,272,23,0.8702906720527803,0.10189475284477534,0.6721524933872969,0.1970104861234717,1.2633384505801677,0.3480006984459577,0.669242465986806,0.4871672659007312,,0.0
A,A|n300|mis0.1|chi|shi,0,d:rank16,,,,,,0.8683429369652522,0.591085616608788,0.8683429369652522,0.591085616608788,0.08455882352941177,272,23,0.5774419828848262,0.2275384744547151,0.11607927406816888,0.32943198564043663,1.6296405459469105,0.34992142482975375,0.3999049926957603,0.16853152235509916,,0.02
A,A|n300|mis0.1|chi|shi,0,d:cons,,,,,,0.8592631395145801,0.42302014758773715,0.9364414178452942,0.5031827417119994,0.08455882352941177,272,23,0.8702906720527803,0.10189475284477534,0.6721524933872969,0.1970104861234717,1.2633384505801677,0.3480006984459577,0.5370411535440656,0.09898925076207284,,0.14
A,A|n300|mis0.1|chi|shi,0,d:kmmatch,,,,,,1.0,1.0,,,0.08455882352941177,272,23,,,,,,,,,,0.02
A,A|n300|mis0.1|chi|shi,0,d:random,,,,,,0.4932774576567138,0.08968802284515356,,,0.08455882352941177,272,23,,,,,,,,,,0.02
A,A|n300|mis0.1|clo|shi,0,b:default,0.712900674465898,0.4963894527279714,1.0,1.0,1.0,,,,,,272,23,,,,,,,,,,0.12
A,A|n300|mis0.1|clo|shi,0,b:rank16,0.8032277853632118,0.4963894527279714,1.0,1.0,1.0,,,,,,272,23,,,,,,,,,,0.11
A,A|n300|mis0.1|clo|shi,0,b:robust,0.5970038760126624,0.4963894527279714,1.0,1.0,1.0,,,,,,272,23,,,,,,,,,,0.14
A,A|n300|mis0.1|clo|shi,0,b:alpha05,0.7481417762097771,0.4963894527279714,1.0,1.0,1.0,,,,,,272,23,,,,,,,,,,0.17
A,A|n300|mis0.1|clo|shi,0,b:concat05,0.0,0.24522565638001045,0.5566666666666666,0.570281124497992,0.5217391304347826,,,,,,272,23,,,,,,,,,,0.17
A,A|n300|mis0.1|clo|shi,0,b:text_only,0.8320507802005686,0.4963894527279714,1.0,1.0,1.0,,,,,,272,23,,,,,,,,,,0.08
A,A|n300|mis0.1|clo|shi,0,b:image_only,0.8320507802005686,0.4963894527279714,1.0,1.0,1.0,,,,,,272,23,,,,,,,,,,0.06
A,A|n300|mis0.1|clo|shi,0,b:structure_only,0.8383804455302661,0.4963894527279714,1.0,1.0,1.0,,,,,,272,23,,,,,,,,,,0.01
A,A|n300|mis0.1|clo|shi,0,b:spectral,0.8264014708168991,0.4864021925961327,0.99,0.9879518072289156,1.0,,,,,,272,23,,,,,,,,,,0.03
A,A|n300|mis0.1|clo|shi,0,b:kmeans_content,0.0,-0.0011229471420454787,0.30666666666666664,0.3092369477911647,0.34782608695652173,,,,,,272,23,,,,,,,,,,0.03
A,A|n300|mis0.1|clo|shi,0,d:default,,,,,,0.50305570106513,0.0858864063901273,0.50305570106513,0.0858864063901273,0.08455882352941177,272,23,0.7927806243240041,0.16137652933071858,0.8103658532916725,0.1095985880280188,-0.12748571644531975,0.6832547581630872,0.5990949195998906,0.6152450945839054,,0.0
A,A|n300|mis0.1|clo|shi,0,d:rank16,,,,,,0.534660380653047,0.12370064031393789,0.534660380653047,0.12370064031393789,0.08455882352941177,272,23,0.3307515769650228,0.32059779519378817,0.28096801059052146,0.36061648958984266,0.14590969392518452,0.5152785053256503,0.25503470584739746,0.24452193038702696,,0.0
A,A|n300|mis0.1|clo|shi,0,d:cons,,,,,,0.50305570106513,0.0858864063901273,0.5655666142832199,0.15042557615008295,0.08455882352941177,272,23,0.7927806243240041,0.16137652933071858,0.8103658532916725,0.1095985880280188,-0.12748571644531975,0.6832547581630872,0.5055646942011588,0.43975613669180175,,0.12
A,A|n300|mis0.1|clo|shi,0,d:kmmatch,,,,,,0.4666492055177231,0.07983758272470799,,,0.08455882352941177,272,23,,,,,,,,,,0.03
A,A|n300|mis0.1|clo|shi,0,d:random,,,,,,0.4932774576567138,0.08968802284515356,,,0.08455882352941177,272,23,,,,,,,,,,0.0
A,A|n300|mis0.1|chi|slo,0,b:default,0.0,0.0926735840387614,0.4666666666666667,0.4779116465863454,0.43478260869565216,,,,,,272,23,,,,,,,,,,0.17
A,A|n300|mis0.1|chi|slo,0,b:rank16,0.15491362099561656,0.12558902664847404,0.5833333333333334,0.5863453815261044,0.6086956521739131,,,,,,272,23,,,,,,,,,,0.14
A,A|n300|mis0.1|chi|slo,0,b:robust,0.6398118835258109,0.11944031591111606,0.98,1.0,0.8695652173913043,,,,,,272,23,,,,,,,,,,0.22
A,A|n300|mis0.1|chi|slo,0,b:alpha05,0.07629691189549337,0.1166685926709735,0.58,0.6024096385542169,0.5217391304347826,,,,,,272,23,,,,,,,,,,0.16
A,A|n300|mis0.1|chi|slo,0,b:concat05,0.6677422139469297,0.11845728795388727,0.99,1.0,0.8695652173913043,,,,,,272,23,,,,,,,,,,0.14
A,A|n300|mis0.1|chi|slo,0,b:text_only,0.12607896445584466,0.12536081254176876,0.5566666666666666,0.5502008032128514,0.6086956521739131,,,,,,272,23,,,,,,,,,,0.22
A,A|n300|mis0.1|chi|slo,0,b:image_only,0.07666743867498749,0.12100831546558254,0.44,0.4497991967871486,0.391304347826087,,,,,,272,23,,,,,,,,,,0.75
A,A|n300|mis0.1|chi|slo,0,b:structure_only,0.04456102825548636,0.12590128299732678,0.4266666666666667,0.43373493975903615,0.4782608695652174,,,,,,272,23,,,,,,,,,,0.03
A,A|n300|mis0.1|chi|slo,0,b:spectral,0.8272124036553389,0.11569828678436175,0.99,1.0,0.8695652173913043,,,,,,272,23,,,,,,,,,,0.05
A,A|n300|mis0.1|chi|slo,0,b:kmeans_content,0.8353326623414179,0.11804015718979727,0.9933333333333333,1.0,0.9130434782608695,,,,,,272,23,,,,,,,,,,0.01
A,A|n300|mis0.1|chi|slo,0,d:default,,,,,,0.8592631395145801,0.42302014758773715,0.8592631395145801,0.42302014758773715,0.08455882352941177,272,23,0.8702906720527803,0.10189475284477534,0.6721524933872969,0.1970104861234717,1.2633384505801677,0.3480006984459577,0.669242465986806,0.4871672659007312,,0.02
A,A|n300|mis0.1|chi|slo,0,d:rank16,,,,,,0.8683429369652522,0.591085616608788,0.8683429369652522,0.591085616608788,0.08455882352941177,272,23,0.5774419828848262,0.2275384744547151,0.11607927406816888,0.32943198564043663,1.6296405459469105,0.34992142482975375,0.3999049926957603,0.16853152235509916,,0.0
A,A|n300|mis0.1|chi|slo,0,d:cons,,,,,,0.8592631395145801,0.42302014758773715,0.6403003317618299,0.19760278121433267,0.08455882352941177,272,23,0.8702906720527803,0.10189475284477534,0.6721524933872969,0.1970104861234717,1.2633384505801677,0.3480006984459577,0.5119074082307088,0.37108936306754364,,0.17
A,A|n300|mis0.1|chi|slo,0,d:kmmatch,,,,,,1.0,1.0,,,0.08455882352941177,272,23,,,,,,,,,,0.01
A,A|n300|mis0.1|chi|slo,0,d:random,,,,,,0.4932774576567138,0.08968802284515356,,,0.08455882352941177,272,23,,,,,,,,,,0.0
A,A|n300|mis0.2|chi|shi,0,b:default,0.816037165092764,0.4963894527279714,1.0,1.0,1.0,,,,,,273,51,,,,,,,,,,0.12
A,A|n300|mis0.2|chi|shi,0,b:rank16,0.8527735511981436,0.4963894527279714,1.0,1.0,1.0,,,,,,273,51,,,,,,,,,,0.12
A,A|n300|mis0.2|chi|shi,0,b:robust,0.8151852728805715,0.4963894527279714,1.0,1.0,1.0,,,,,,273,51,,,,,,,,,,0.19
A,A|n300|mis0.2|chi|shi,0,b:alpha05,0.8151852728805715,0.4963894527279714,1.0,1.0,1.0,,,,,,273,51,,,,,,,,,,0.14
A,A|n300|mis0.2|chi|shi,0,b:concat05,0.8214479476162466,0.4963894527279714,1.0,1.0,1.0,,,,,,273,51,,,,,,,,,,0.19
A,A|n300|mis0.2|chi|shi,0,b:text_only,0.8446431202659412,0.4963894527279714,1.0,1.0,1.0,,,,,,273,51,,,,,,,,,,0.05
A,A|n300|mis0.2|chi|shi,0,b:image_only,0.8297537509555508,0.4963894527279714,1.0,1.0,1.0,,,,,,273,51,,,,,,,,,,0.06
A,A|n300|mis0.2|chi|shi,0,b:structure_only,0.8383804455302661,0.4963894527279714,1.0,1.0,1.0,,,,,,273,51,,,,,,,,,,0.03
A,A|n300|mis0.2|chi|shi,0,b:spectral,0.8489626828122596,0.4924831812132914,0.9966666666666667,1.0,1.0,,,,,,273,51,,,,,,,,,,0.02
A,A|n300|mis0.2|chi|shi,0,b:kmeans_content,0.7475982904671072,0.4577628390431132,0.9666666666666667,1.0,0.8627450980392157,,,,,,273,51,,,,,,,,,,0.03
A,A|n300|mis0.2|chi|shi,0,d:default,,,,,,0.8286521815933582,0.5777631807799419,0.8286521815933582,0.5777631807799419,0.18681318681318682,273,51,0.8624922602917927,0.09427243310115534,0.7006485529979686,0.1502916698172128,1.2901160867297037,0.39772125066242714,0.6650780925210833,0.5019141161268332,,0.02
A,A|n300|mis0.2|chi|shi,0,d:rank16,,,,,,0.9254548666313371,0.7906867477958396,0.9254548666313371,0.7906867477958396,0.18681318681318682,273,51,0.5938378241119544,0.22036675040782677,0.09459513688775795,0.2376435706874222,2.1785005901033547,0.2620561738208797,0.41453275671953455,0.13793409359387168,,0.0
A,A|n300|mis0.2|chi|shi,0,d:cons,,,,,,0.8286521815933582,0.5777631807799419,0.8013601837131248,0.5755364936302713,0.18681318681318682,273,51,0.8624922602917927,0.09427243310115534,0.7006485529979686,0.1502916698172128,1.2901160867297037,0.39772125066242714,0.5565050344462109,0.2540369088811995,,0.11
A,A|n300|mis0.2|chi|shi,0,d:kmmatch,,,,,,1.0,1.0,,,0.18681318681318682,273,51,,,,,,,,,,0.02
A,A|n300|mis0.2|chi|shi,0,d:random,,,,,,0.518018018018018,0.2109341075026902,,,0.18681318681318682,273,51,,,,,,,,,,0.0
A,A|n300|mis0.1|clo|slo,0,b:default,0.0,0.0912098845789708,0.4266666666666667,0.40562248995983935,0.5217391304347826,,,,,,272,23,,,,,,,,,,0.16
A,A|n300|mis0.1|clo|slo,0,b:rank16,0.06319201493386029,0.11752459136221874,0.45666666666666667,0.44176706827309237,0.4782608695652174,,,,,,272,23,,,,,,,,,,0.09
A,A|n300|mis0.1|clo|slo,0,b:robust,0.061983534127181494,0.11620013853308085,0.43,0.42971887550200805,0.391304347826087,,,,,,272,23,,,,,,,,,,0.19
A,A|n300|mis0.1|clo|slo,0,b:alpha05,0.0,0.09792327425373132,0.37,0.3453815261044177,0.43478260869565216,,,,,,272,23,,,,,,,,,,0.16
A,A|n300|mis0.1|clo|slo,0,b:concat05,0.0,0.10599721193472934,0.35333333333333333,0.3493975903614458,0.2608695652173913,,,,,,272,23,,,,,,,,,,0.17
A,A|n300|mis0.1|clo|slo,0,b:text_only,0.048933873483460566,0.1231630965972377,0.4266666666666667,0.42570281124497994,0.30434782608695654,,,,,,272,23,,,,,,,,,,0.19
A,A|n300|mis0.1|clo|slo,0,b:image_only,0.05287690026150327,0.12262041587770103,0.42,0.41365461847389556,0.34782608695652173,,,,,,272,23,,,,,,,,,,0.39
A,A|n300|mis0.1|clo|slo,0,b:structure_only,0.04456102825548636,0.12590128299732678,0.4266666666666667,0.43373493975903615,0.4782608695652174,,,,,,272,23,,,,,,,,,,0.02
A,A|n300|mis0.1|clo|slo,0,b:spectral,0.024759814224638577,0.036745325378703474,0.41,0.3855421686746988,0.5217391304347826,,,,,,272,23,,,,,,,,,,0.03
A,A|n300|mis0.1|clo|slo,0,b:kmeans_content,0.0,-0.009872866312096239,0.30666666666666664,0.3092369477911647,0.34782608695652173,,,,,,272,23,,,,,,,,,,0.03
A,A|n300|mis0.1|clo|slo,0,d:default,,,,,,0.50305570106513,0.0858864063901273,0.50305570106513,0.0858864063901273,0.08455882352941177,272,23,0.7927806243240041,0.16137652933071858,0.8103658532916725,0.1095985880280188,-0.12748571644531975,0.6832547581630872,0.5990949195998906,0.6152450945839054,,0.0
A,A|n300|mis0.1|clo|slo,0,d:rank16,,,,,,0.534660380653047,0.12370064031393789,0.534660380653047,0.12370064031393789,0.08455882352941177,272,23,0.3307515769650228,0.32059779519378817,0.28096801059052146,0.36061648958984266,0.14590969392518452,0.5152785053256503,0.25503470584739746,0.24452193038702696,,0.02
A,A|n300|mis0.1|clo|slo,0,d:cons,,,,,,0.50305570106513,0.0858864063901273,0.45084686572376464,0.0764014938280665,0.08455882352941177,272,23,0.7927806243240041,0.16137652933071858,0.8103658532916725,0.1095985880280188,-0.12748571644531975,0.6832547581630872,0.4958283317772937,0.5451628429327772,,0.12
A,A|n300|mis0.1|clo|slo,0,d:kmmatch,,,,,,0.4666492055177231,0.07983758272470799,,,0.08455882352941177,272,23,,,,,,,,,,0.01
A,A|n300|mis0.1|clo|slo,0,d:random,,,,,,0.4932774576567138,0.08968802284515356,,,0.08455882352941177,272,23,,,,,,,,,,0.0
A,A|n300|mis0.2|clo|shi,0,b:default,0.6617499635769045,0.4963894527279714,1.0,1.0,1.0,,,,,,273,51,,,,,,,,,,0.14
A,A|n300|mis0.2|clo|shi,0,b:rank16,0.8034448250273916,0.4963894527279714,1.0,1.0,1.0,,,,,,273,51,,,,,,,,,,0.11
A,A|n300|mis0.2|clo|shi,0,b:robust,0.6057237206966057,0.4963894527279714,1.0,1.0,1.0,,,,,,273,51,,,,,,,,,,0.16
A,A|n300|mis0.2|clo|shi,0,b:alpha05,0.720752377205365,0.4963894527279714,1.0,1.0,1.0,,,,,,273,51,,,,,,,,,,0.12
A,A|n300|mis0.2|clo|shi,0,b:concat05,0.6915431286070669,0.4963894527279714,1.0,1.0,1.0,,,,,,273,51,,,,,,,,,,0.17
A,A|n300|mis0.2|clo|shi,0,b:text_only,0.8320507802005686,0.4963894527279714,1.0,1.0,1.0,,,,,,273,51,,,,,,,,,,0.08
A,A|n300|mis0.2|clo|shi,0,b:image_only,0.8320507802005686,0.4963894527279714,1.0,1.0,1.0,,,,,,273,51,,,,,,,,,,0.09
A,A|n300|mis0.2|clo|shi,0,b:structure_only,0.8383804455302661,0.4963894527279714,1.0,1.0,1.0,,,,,,273,51,,,,,,,,,,0.02
A,A|n300|mis0.2|clo|shi,0,b:spectral,0.7990492979569983,0.4772515467973728,0.9833333333333333,0.9864864864864865,0.9803921568627451,,,,,,273,51,,,,,,,,,,0.03
A,A|n300|mis0.2|clo|shi,0,b:kmeans_content,0.0,-0.003066620853417218,0.3,0.28378378378378377,0.3137254901960784,,,,,,273,51,,,,,,,,,,0.03
A,A|n300|mis0.2|clo|shi,0,d:default,,,,,,0.56350468115174,0.23073731829123112,0.56350468115174,0.23073731829123112,0.18681318681318682,273,51,0.7900225143983771,0.17097560828978356,0.7588666490927871,0.170703792397515,0.1823689422550628,0.7546369899311076,0.5976311591437813,0.5642146381760329,,0.0
A,A|n300|mis0.2|clo|shi,0,d:rank16,,,,,,0.5043278572690337,0.2034208958564173,0.5043278572690337,0.2034208958564173,0.18681318681318682,273,51,0.31388388238045106,0.31697010056914493,0.31206146120812867,0.3457561325364037,0.005494589950094302,0.6287758346581875,0.24234206040413045,0.25705000555738394,,0.0
A,A|n300|mis0.2|clo|shi,0,d:cons,,,,,,0.56350468115174,0.23073731829123112,0.5783430489312842,0.2632114066631754,0.18681318681318682,273,51,0.7900225143983771,0.17097560828978356,0.7588666490927871,0.170703792397515,0.1823689422550628,0.7546369899311076,0.5146893216746159,0.4360582468281431,,0.19
A,A|n300|mis0.2|clo|shi,0,d:kmmatch,,,,,,0.4368044515103338,0.17038964673894935,,,0.18681318681318682,273,51,,,,,,,,,,0.01
A,A|n300|mis0.2|clo|shi,0,d:random,,,,,,0.518018018018018,0.2109341075026902,,,0.18681318681318682,273,51,,,,,,,,,,0.0
A,A|n300|mis0.4|chi|shi,0,b:default,0.7810286607438355,0.4963894527279714,1.0,1.0,1.0,,,,,,261,92,,,,,,,,,,0.14
A,A|n300|mis0.4|chi|shi,0,b:rank16,0.8467647771038571,0.4963894527279714,1.0,1.0,1.0,,,,,,261,92,,,,,,,,,,0.09
A,A|n300|mis0.4|chi|shi,0,b:robust,0.8467647771038571,0.4963894527279714,1.0,1.0,1.0,,,,,,261,92,,,,,,,,,,0.17
A,A|n300|mis0.4|chi|shi,0,b:alpha05,0.8027069488070883,0.4963894527279714,1.0,1.0,1.0,,,,,,261,92,,,,,,,,,,0.14
A,A|n300|mis0.4|chi|shi,0,b:concat05,0.8151852728805715,0.4963894527279714,1.0,1.0,1.0,,,,,,261,92,,,,,,,,,,0.19
A,A|n300|mis0.4|chi|shi,0,b:text_only,0.8446431202659412,0.4963894527279714,1.0,1.0,1.0,,,,,,261,92,,,,,,,,,,0.06
A,A|n300|mis0.4|chi|shi,0,b:image_only,0.8329026724127611,0.4963894527279714,1.0,1.0,1.0,,,,,,261,92,,,,,,,,,,0.08
A,A|n300|mis0.4|chi|shi,0,b:structure_only,0.8383804455302661,0.4963894527279714,1.0,1.0,1.0,,,,,,261,92,,,,,,,,,,0.02
A,A|n300|mis0.4|chi|shi,0,b:spectral,0.8613332551788364,0.4963894527279714,1.0,1.0,1.0,,,,,,261,92,,,,,,,,,,0.03
A,A|n300|mis0.4|chi|shi,0,b:kmeans_content,0.2349304569347762,0.16481464769907755,0.67,1.0,0.0,,,,,,261,92,,,,,,,,,,0.05
A,A|n300|mis0.4|chi|shi,0,d:default,,,,,,0.6014278363776693,0.44809543301908594,0.6014278363776693,0.44809543301908594,0.3524904214559387,261,92,0.8164124654132312,0.13940720090515202,0.7709413765265277,0.1525048705464768,0.3112265057671575,0.6731412400308721,0.6222492702785658,0.5739878327718342,,0.0
A,A|n300|mis0.4|chi|shi,0,d:rank16,,,,,,0.8728453820427065,0.8025643588082891,0.8728453820427065,0.8025643588082891,0.3524904214559387,261,92,0.5748975873806162,0.21919726414238644,0.17346775048446544,0.261796343307471,1.6626611310388582,0.39490609724723436,0.3952757686361396,0.16638712731587538,,0.01
A,A|n300|mis0.4|chi|shi,0,d:cons,,,,,,0.6014278363776693,0.44809543301908594,0.6441986107537947,0.4884988730542398,0.3524904214559387,261,92,0.8164124654132312,0.13940720090515202,0.7709413765265277,0.1525048705464768,0.3112265057671575,0.6731412400308721,0.5510241238051888,0.40627090301003344,,0.12
A,A|n300|mis0.4|chi|shi,0,d:kmmatch,,,,,,1.0,1.0,,,0.3524904214559387,261,92,,,,,,,,,,0.02
A,A|n300|mis0.4|chi|shi,0,d:random,,,,,,0.4869436583483406,0.34195648756937647,,,0.3524904214559387,261,92,,,,,,,,,,0.0
A,A|n300|mis0.2|chi|slo,0,b:default,0.0,0.09117946299287145,0.47333333333333333,0.5,0.45098039215686275,,,,,,273,51,,,,,,,,,,0.17
A,A|n300|mis0.2|chi|slo,0,b:rank16,0.1351195189331611,0.12320002714969927,0.61,0.6486486486486487,0.45098039215686275,,,,,,273,51,,,,,,,,,,0.16
A,A|n300|mis0.2|chi|slo,0,b:robust,0.5629566748063932,0.11470365059033191,0.9433333333333334,1.0,0.7254901960784313,,,,,,273,51,,,,,,,,,,0.19
A,A|n300|mis0.2|chi|slo,0,b:alpha05,0.06921753109449758,0.1053174252339051,0.53,0.5540540540540541,0.49019607843137253,,,,,,273,51,,,,,,,,,,0.12
A,A|n300|mis0.2|chi|slo,0,b:concat05,0.5770699920131962,0.11093574223100913,0.9366666666666666,1.0,0.6862745098039216,,,,,,273,51,,,,,,,,,,0.14
A,A|n300|mis0.2|chi|slo,0,b:text_only,0.12639623841982517,0.12642756947538425,0.56,0.5720720720720721,0.49019607843137253,,,,,,273,51,,,,,,,,,,0.48
A,A|n300|mis0.2|chi|slo,0,b:image_only,0.09740161792297908,0.1249644095288483,0.5333333333333333,0.5540540540540541,0.4117647058823529,,,,,,273,51,,,,,,,,,,0.38
A,A|n300|mis0.2|chi|slo,0,b:structure_only,0.04456102825548636,0.12590128299732678,0.4266666666666667,0.4369369369369369,0.4117647058823529,,,,,,273,51,,,,,,,,,,0.03
A,A|n300|mis0.2|chi|slo,0,b:spectral,0.7414777896840107,0.11334298075852083,0.9633333333333334,1.0,0.8431372549019608,,,,,,273,51,,,,,,,,,,0.03
A,A|n300|mis0.2|chi|slo,0,b:kmeans_content,0.7475982904671072,0.11247128397193136,0.9666666666666667,1.0,0.8627450980392157,,,,,,273,51,,,,,,,,,,0.03
A,A|n300|mis0.2|chi|slo,0,d:default,,,,,,0.8286521815933582,0.5777631807799419,0.8286521815933582,0.5777631807799419,0.18681318681318682,273,51,0.8624922602917927,0.09427243310115534,0.7006485529979686,0.1502916698172128,1.2901160867297037,0.39772125066242714,0.6650780925210833,0.5019141161268332,,0.0
A,A|n300|mis0.2|chi|slo,0,d:rank16,,,,,,0.9254548666313371,0.7906867477958396,0.9254548666313371,0.7906867477958396,0.18681318681318682,273,51,0.5938378241119544,0.22036675040782677,0.09459513688775795,0.2376435706874222,2.1785005901033547,0.2620561738208797,0.41453275671953455,0.13793409359387168,,0.02
A,A|n300|mis0.2|chi|slo,0,d:cons,,,,,,0.8286521815933582,0.5777631807799419,0.5969793322734499,0.24781445835481558,0.18681318681318682,273,51,0.8624922602917927,0.09427243310115534,0.7006485529979686,0.1502916698172128,1.2901160867297037,0.39772125066242714,0.5181836248012719,0.420847750865052,,0.12
A,A|n300|mis0.2|chi|slo,0,d:kmmatch,,,,,,1.0,1.0,,,0.18681318681318682,273,51,,,,,,,,,,0.01
A,A|n300|mis0.2|chi|slo,0,d:random,,,,,,0.518018018018018,0.2109341075026902,,,0.18681318681318682,273,51,,,,,,,,,,0.0
A,A|n300|mis0.2|clo|slo,0,b:default,0.0,0.11254512767320116,0.3566666666666667,0.33783783783783783,0.37254901960784315,,,,,,273,51,,,,,,,,,,0.16
A,A|n300|mis0.2|clo|slo,0,b:rank16,0.05522794774190376,0.12645889605145913,0.4633333333333333,0.47297297297297297,0.39215686274509803,,,,,,273,51,,,,,,,,,,0.11
A,A|n300|mis0.2|clo|slo,0,b:robust,0.0636439358055394,0.12468619472599687,0.47333333333333333,0.481981981981982,0.39215686274509803,,,,,,273,51,,,,,,,,,,0.19
A,A|n300|mis0.2|clo|slo,0,b:alpha05,0.0,0.10660724479282692,0.31333333333333335,0.32882882882882886,0.2549019607843137,,,,,,273,51,,,,,,,,,,0.17
A,A|n300|mis0.2|clo|slo,0,b:concat05,0.0,0.10237049941523722,0.3333333333333333,0.35585585585585583,0.23529411764705882,,,,,,273,51,,,,,,,,,,0.16
A,A|n300|mis0.2|clo|slo,0,b:text_only,0.05571481739573181,0.12289236536533749,0.41,0.42342342342342343,0.35294117647058826,,,,,,273,51,,,,,,,,,,0.23
A,A|n300|mis0.2|clo|slo,0,b:image_only,0.05253311913460501,0.12329713953553129,0.4166666666666667,0.43243243243243246,0.35294117647058826,,,,,,273,51,,,,,,,,,,0.31
A,A|n300|mis0.2|clo|slo,0,b:structure_only,0.04456102825548636,0.12590128299732678,0.4266666666666667,0.4369369369369369,0.4117647058823529,,,,,,273,51,,,,,,,,,,0.03
A,A|n300|mis0.2|clo|slo,0,b:spectral,0.017184588575206883,0.04688039513254622,0.45,0.46396396396396394,0.4117647058823529,,,,,,273,51,,,,,,,,,,0.03
A,A|n300|mis0.2|clo|slo,0,b:kmeans_content,0.0,-0.004722933838271333,0.3,0.28378378378378377,0.3137254901960784,,,,,,273,51,,,,,,,,,,0.03
A,A|n300|mis0.2|clo|slo,0,d:default,,,,,,0.56350468115174,0.23073731829123112,0.56350468115174,0.23073731829123112,0.18681318681318682,273,51,0.7900225143983771,0.17097560828978356,0.7588666490927871,0.170703792397515,0.1823689422550628,0.7546369899311076,0.5976311591437813,0.5642146381760329,,0.0
A,A|n300|mis0.2|clo|slo,0,d:rank16,,,,,,0.5043278572690337,0.2034208958564173,0.5043278572690337,0.2034208958564173,0.18681318681318682,273,51,0.31388388238045106,0.31697010056914493,0.31206146120812867,0.3457561325364037,0.005494589950094302,0.6287758346581875,0.24234206040413045,0.25705000555738394,,0.0
A,A|n300|mis0.2|clo|slo,0,d:cons,,,,,,0.56350468115174,0.23073731829123112,0.5621798268857092,0.215926281384271,0.18681318681318682,273,51,0.7900225143983771,0.17097560828978356,0.7588666490927871,0.170703792397515,0.1823689422550628,0.7546369899311076,0.5116587175410705,0.4492502883506343,,0.12
A,A|n300|mis0.2|clo|slo,0,d:kmmatch,,,,,,0.4368044515103338,0.17038964673894935,,,0.18681318681318682,273,51,,,,,,,,,,0.03
A,A|n300|mis0.2|clo|slo,0,d:random,,,,,,0.518018018018018,0.2109341075026902,,,0.18681318681318682,273,51,,,,,,,,,,0.0
A,A|n300|mis0.4|clo|shi,0,b:default,0.6785999126408349,0.4963894527279714,1.0,1.0,1.0,,,,,,261,92,,,,,,,,,,0.14
A,A|n300|mis0.4|clo|shi,0,b:rank16,0.8298207415495733,0.4963894527279714,1.0,1.0,1.0,,,,,,261,92,,,,,,,,,,0.08
A,A|n300|mis0.4|clo|shi,0,b:robust,0.6377577107447812,0.4963894527279714,1.0,1.0,1.0,,,,,,261,92,,,,,,,,,,0.19
A,A|n300|mis0.4|clo|shi,0,b:alpha05,0.7316950894748403,0.4963894527279714,1.0,1.0,1.0,,,,,,261,92,,,,,,,,,,0.12
A,A|n300|mis0.4|clo|shi,0,b:concat05,0.0,0.27201878117267514,0.6,0.5976331360946746,0.5543478260869565,,,,,,261,92,,,,,,,,,,0.17
A,A|n300|mis0.4|clo|shi,0,b:text_only,0.8320507802005686,0.4963894527279714,1.0,1.0,1.0,,,,,,261,92,,,,,,,,,,0.05
A,A|n300|mis0.4|clo|shi,0,b:image_only,0.8320507802005686,0.4963894527279714,1.0,1.0,1.0,,,,,,261,92,,,,,,,,,,0.09
A,A|n300|mis0.4|clo|shi,0,b:structure_only,0.8383804455302661,0.4963894527279714,1.0,1.0,1.0,,,,,,261,92,,,,,,,,,,0.02
A,A|n300|mis0.4|clo|shi,0,b:spectral,0.8244459725394077,0.48629443825174723,0.99,0.9940828402366864,0.9782608695652174,,,,,,261,92,,,,,,,,,,0.02
A,A|n300|mis0.4|clo|shi,0,b:kmeans_content,0.0,0.0006581064807812537,0.31666666666666665,0.31952662721893493,0.30434782608695654,,,,,,261,92,,,,,,,,,,0.05
A,A|n300|mis0.4|clo|shi,0,d:default,,,,,,0.576987393877026,0.4016433626939122,0.576987393877026,0.4016433626939122,0.3524904214559387,261,92,0.7851528473248267,0.1907124288792458,0.7639862298232687,0.14950261574577195,0.1235279030374486,0.7865320298430667,0.5987057527611745,0.5691084231464757,,0.02
A,A|n300|mis0.4|clo|shi,0,d:rank16,,,,,,0.5111268330331875,0.3623709595926162,0.5111268330331875,0.3623709595926162,0.3524904214559387,261,92,0.31769130725040406,0.3379349076909911,0.31056789151034797,0.33301470026735674,0.021233261423926113,0.7493568304605093,0.25388401598235105,0.2494265600231291,,0.0
A,A|n300|mis0.4|clo|shi,0,d:cons,,,,,,0.576987393877026,0.4016433626939122,0.49807049138152815,0.35516471393405213,0.3524904214559387,261,92,0.7851528473248267,0.1907124288792458,0.7639862298232687,0.14950261574577195,0.1235279030374486,0.7865320298430667,0.49931725079654077,0.5012541806020065,,0.22
A,A|n300|mis0.4|clo|shi,0,d:kmmatch,,,,,,0.5609081553897608,0.38350955608338155,,,0.3524904214559387,261,92,,,,,,,,,,0.01
A,A|n300|mis0.4|clo|shi,0,d:random,,,,,,0.4869436583483406,0.34195648756937647,,,0.3524904214559387,261,92,,,,,,,,,,0.0
A,A|n300|mis0.4|chi|slo,0,b:default,0.0,0.09585652080084649,0.43333333333333335,0.4970414201183432,0.32608695652173914,,,,,,261,92,,,,,,,,,,0.14
A,A|n300|mis0.4|chi|slo,0,b:rank16,0.1117377022395557,0.12305700392626423,0.5666666666666667,0.6153846153846154,0.4673913043478261,,,,,,261,92,,,,,,,,,,0.12
A,A|n300|mis0.4|chi|slo,0,b:robust,0.4560819004922121,0.10778347070617064,0.9033333333333333,0.9940828402366864,0.7717391304347826,,,,,,261,92,,,,,,,,,,0.14
A,A|n300|mis0.4|chi|slo,0,b:alpha05,0.0,0.09946200086322116,0.38333333333333336,0.42011834319526625,0.30434782608695654,,,,,,261,92,,,,,,,,,,0.14
A,A|n300|mis0.4|chi|slo,0,b:concat05,0.4390942558279364,0.1102662933002896,0.9166666666666666,1.0,0.7608695652173914,,,,,,261,92,,,,,,,,,,0.14
A,A|n300|mis0.4|chi|slo,0,b:text_only,0.07377010656986371,0.12361534793383827,0.44,0.46745562130177515,0.40217391304347827,,,,,,261,92,,,,,,,,,,0.56
A,A|n300|mis0.4|chi|slo,0,b:image_only,0.05362295418621277,0.12498296182334595,0.43,0.46153846153846156,0.3804347826086957,,,,,,261,92,,,,,,,,,,0.67
A,A|n300|mis0.4|chi|slo,0,b:structure_only,0.04456102825548636,0.12590128299732678,0.4266666666666667,0.4260355029585799,0.3804347826086957,,,,,,261,92,,,,,,,,,,0.05
A,A|n300|mis0.4|chi|slo,0,b:spectral,0.7641757347548002,0.11404835082980619,0.97,1.0,0.9565217391304348,,,,,,261,92,,,,,,,,,,0.03
A,A|n300|mis0.4|chi|slo,0,b:kmeans_content,0.2349304569347762,0.04251075545778567,0.67,1.0,0.0,,,,,,261,92,,,,,,,,,,0.05
A,A|n300|mis0.4|chi|slo,0,d:default,,,,,,0.6014278363776693,0.44809543301908594,0.6014278363776693,0.44809543301908594,0.3524904214559387,261,92,0.8164124654132312,0.13940720090515202,0.7709413765265277,0.1525048705464768,0.3112265057671575,0.6731412400308721,0.6222492702785658,0.5739878327718342,,0.0
A,A|n300|mis0.4|chi|slo,0,d:rank16,,,,,,0.8728453820427065,0.8025643588082891,0.8728453820427065,0.8025643588082891,0.3524904214559387,261,92,0.5748975873806162,0.21919726414238644,0.17346775048446544,0.261796343307471,1.6626611310388582,0.39490609724723436,0.3952757686361396,0.16638712731587538,,0.0
A,A|n300|mis0.4|chi|slo,0,d:cons,,,,,,0.6014278363776693,0.44809543301908594,0.5677900694623103,0.4237576542459725,0.3524904214559387,261,92,0.8164124654132312,0.13940720090515202,0.7709413765265277,0.1525048705464768,0.3112265057671575,0.6731412400308721,0.5239872553482021,0.45593645484949835,,0.12
A,A|n300|mis0.4|chi|slo,0,d:kmmatch,,,,,,1.0,1.0,,,0.3524904214559387,261,92,,,,,,,,,,0.01
A,A|n300|mis0.4|chi|slo,0,d:random,,,,,,0.4869436583483406,0.34195648756937647,,,0.3524904214559387,261,92,,,,,,,,,,0.0
A,A|n300|mis0.4|clo|slo,0,b:default,0.0,0.10746597585765208,0.31666666666666665,0.3136094674556213,0.32608695652173914,,,,,,261,92,,,,,,,,,,0.12
A,A|n300|mis0.4|clo|slo,0,b:rank16,0.044311461740055735,0.12420505332479392,0.4033333333333333,0.39644970414201186,0.358695652173913,,,,,,261,92,,,,,,,,,,0.14
A,A|n300|mis0.4|clo|slo,0,b:robust,0.05019765686956068,0.11886728322009354,0.41333333333333333,0.42011834319526625,0.358695652173913,,,,,,261,92,,,,,,,,,,0.19
A,A|n300|mis0.4|clo|slo,0,b:alpha05,0.0,0.1056175512363555,0.3333333333333333,0.3431952662721893,0.2826086956521739,,,,,,261,92,,,,,,,,,,0.12
A,A|n300|mis0.4|clo|slo,0,b:concat05,0.0,0.109293533498552,0.39666666666666667,0.4319526627218935,0.34782608695652173,,,,,,261,92,,,,,,,,,,0.17
A,A|n300|mis0.4|clo|slo,0,b:text_only,0.05971012496235506,0.12442590568612164,0.42333333333333334,0.4260355029585799,0.3695652173913043,,,,,,261,92,,,,,,,,,,0.59
A,A|n300|mis0.4|clo|slo,0,b:image_only,0.0477000491990468,0.12438457200935621,0.41333333333333333,0.4319526627218935,0.3804347826086957,,,,,,261,92,,,,,,,,,,0.56
A,A|n300|mis0.4|clo|slo,0,b:structure_only,0.04456102825548636,0.12590128299732678,0.4266666666666667,0.4260355029585799,0.3804347826086957,,,,,,261,92,,,,,,,,,,0.02
A,A|n300|mis0.4|clo|slo,0,b:spectral,0.06936882415384915,0.042141954639117844,0.48333333333333334,0.5266272189349113,0.40217391304347827,,,,,,261,92,,,,,,,,,,0.03
A,A|n300|mis0.4|clo|slo,0,b:kmeans_content,0.0,0.006189905184896427,0.31666666666666665,0.31952662721893493,0.30434782608695654,,,,,,261,92,,,,,,,,,,0.03
A,A|n300|mis0.4|clo|slo,0,d:default,,,,,,0.576987393877026,0.4016433626939122,0.576987393877026,0.4016433626939122,0.3524904214559387,261,92,0.7851528473248267,0.1907124288792458,0.7639862298232687,0.14950261574577195,0.1235279030374486,0.7865320298430667,0.5987057527611745,0.5691084231464757,,0.02
A,A|n300|mis0.4|clo|slo,0,d:rank16,,,,,,0.5111268330331875,0.3623709595926162,0.5111268330331875,0.3623709595926162,0.3524904214559387,261,92,0.31769130725040406,0.3379349076909911,0.31056789151034797,0.33301470026735674,0.021233261423926113,0.7493568304605093,0.25388401598235105,0.2494265600231291,,0.0
A,A|n300|mis0.4|clo|slo,0,d:cons,,,,,,0.576987393877026,0.4016433626939122,0.4822485207100592,0.35949229472692906,0.3524904214559387,261,92,0.7851528473248267,0.1907124288792458,0.7639862298232687,0.14950261574577195,0.1235279030374486,0.7865320298430667,0.49371870732817486,0.5115384615384615,,0.14
A,A|n300|mis0.4|clo|slo,0,d:kmmatch,,,,,,0.5609081553897608,0.38350955608338155,,,0.3524904214559387,261,92,,,,,,,,,,0.01
A,A|n300|mis0.4|clo|slo,0,d:random,,,,,,0.4869436583483406,0.34195648756937647,,,0.3524904214559387,261,92,,,,,,,,,,0.0
A,A|n600|mis0.0|chi|shi,0,b:default,0.8816789093849254,0.4776794474868604,0.9983333333333333,1.0,nan,,,,,,533,0,,,,,,,,,,0.38
A,A|n600|mis0.0|chi|shi,0,b:rank16,0.8816789093849254,0.4776794474868604,0.9983333333333333,1.0,nan,,,,,,533,0,,,,,,,,,,0.22
A,A|n600|mis0.0|chi|shi,0,b:robust,0.8816789093849254,0.4776950052548504,1.0,1.0,nan,,,,,,533,0,,,,,,,,,,0.41
A,A|n600|mis0.0|chi|shi,0,b:alpha05,0.8816789093849254,0.4776794474868604,0.9983333333333333,1.0,nan,,,,,,533,0,,,,,,,,,,0.36
A,A|n600|mis0.0|chi|shi,0,b:concat05,0.8855434720739156,0.4776950052548504,1.0,1.0,nan,,,,,,533,0,,,,,,,,,,0.42
A,A|n600|mis0.0|chi|shi,0,b:text_only,0.8816789093849255,0.4776794474868604,0.9983333333333333,1.0,nan,,,,,,533,0,,,,,,,,,,0.14
A,A|n600|mis0.0|chi|shi,0,b:image_only,0.8816789093849255,0.4776950052548504,1.0,1.0,nan,,,,,,533,0,,,,,,,,,,0.17
A,A|n600|mis0.0|chi|shi,0,b:structure_only,0.8816789093849255,0.4776794474868604,0.9983333333333333,1.0,nan,,,,,,533,0,,,,,,,,,,0.03
A,A|n600|mis0.0|chi|shi,0,b:spectral,0.8855434720739156,0.4776950052548504,1.0,1.0,nan,,,,,,533,0,,,,,,,,,,0.06
A,A|n600|mis0.0|chi|shi,0,b:kmeans_content,0.8855434720739156,0.4776950052548504,1.0,1.0,nan,,,,,,533,0,,,,,,,,,,0.06
A,A|n600|mis0.0|chi|shi,0,d:default,,,,,,nan,nan,nan,nan,0.0,533,0,0.9413476456114861,0.0545481660841835,,,,,0.72811453063784,,,0.0
A,A|n600|mis0.0|chi|shi,0,d:rank16,,,,,,nan,nan,nan,nan,0.0,533,0,0.7954346577058513,0.15616064198761165,,,,,0.5973485591046733,,,0.0
A,A|n600|mis0.0|chi|shi,0,d:cons,,,,,,nan,nan,nan,nan,0.0,533,0,0.9413476456114861,0.0545481660841835,,,,,0.5,,,0.31
A,A|n600|mis0.0|chi|shi,0,d:kmmatch,,,,,,nan,nan,,,0.0,533,0,,,,,,,,,,0.03
A,A|n600|mis0.0|chi|shi,0,d:random,,,,,,nan,nan,,,0.0,533,0,,,,,,,,,,0.0
A,A|n600|mis0.0|clo|shi,0,b:default,0.39267642959565574,0.30874271459576774,0.7233333333333334,0.7110694183864915,nan,,,,,,533,0,,,,,,,,,,0.41
A,A|n600|mis0.0|clo|shi,0,b:rank16,0.8816789093849254,0.4776794474868604,0.9983333333333333,1.0,nan,,,,,,533,0,,,,,,,,,,0.2
A,A|n600|mis0.0|clo|shi,0,b:robust,0.8778619810186298,0.4776794474868604,0.9983333333333333,1.0,nan,,,,,,533,0,,,,,,,,,,0.44
A,A|n600|mis0.0|clo|shi,0,b:alpha05,0.32563439032820307,0.31658077185675015,0.665,0.6585365853658537,nan,,,,,,533,0,,,,,,,,,,0.39
A,A|n600|mis0.0|clo|shi,0,b:concat05,0.5947726313024438,0.39876947497355797,0.7966666666666666,0.8030018761726079,nan,,,,,,533,0,,,,,,,,,,0.45
A,A|n600|mis0.0|clo|shi,0,b:text_only,0.8816789093849255,0.4776794474868604,0.9983333333333333,1.0,nan,,,,,,533,0,,,,,,,,,,0.2
A,A|n600|mis0.0|clo|shi,0,b:image_only,0.8816789093849254,0.4776794474868604,0.9983333333333333,1.0,nan,,,,,,533,0,,,,,,,,,,0.2
A,A|n600|mis0.0|clo|shi,0,b:structure_only,0.8816789093849255,0.4776794474868604,0.9983333333333333,1.0,nan,,,,,,533,0,,,,,,,,,,0.02
A,A|n600|mis0.0|clo|shi,0,b:spectral,0.8735496654797927,0.4771870317825444,0.9966666666666667,0.99812382739212,nan,,,,,,533,0,,,,,,,,,,0.08
A,A|n600|mis0.0|clo|shi,0,b:kmeans_content,0.0,-0.0036659679519566724,0.22333333333333333,0.2270168855534709,nan,,,,,,533,0,,,,,,,,,,0.09
A,A|n600|mis0.0|clo|shi,0,d:default,,,,,,nan,nan,nan,nan,0.0,533,0,0.8210556228448003,0.13328982338349293,,,,,0.6269157471764532,,,0.0
A,A|n600|mis0.0|clo|shi,0,d:rank16,,,,,,nan,nan,nan,nan,0.0,533,0,0.366057695327116,0.3291152919779657,,,,,0.2764679273975461,,,0.0
A,A|n600|mis0.0|clo|shi,0,d:cons,,,,,,nan,nan,nan,nan,0.0,533,0,0.8210556228448003,0.13328982338349293,,,,,0.5,,,0.42
A,A|n600|mis0.0|clo|shi,0,d:kmmatch,,,,,,nan,nan,,,0.0,533,0,,,,,,,,,,0.06
A,A|n600|mis0.0|clo|shi,0,d:random,,,,,,nan,nan,,,0.0,533,0,,,,,,,,,,0.0
A,A|n600|mis0.1|chi|shi,0,b:default,0.8661164319108032,0.4776950052548504,1.0,1.0,1.0,,,,,,539,67,,,,,,,,,,0.42
A,A|n600|mis0.1|chi|shi,0,b:rank16,0.8816789093849254,0.4776950052548504,1.0,1.0,1.0,,,,,,539,67,,,,,,,,,,0.19
A,A|n600|mis0.1|chi|shi,0,b:robust,0.8761340837316455,0.4776950052548504,1.0,1.0,1.0,,,,,,539,67,,,,,,,,,,0.39
A,A|n600|mis0.1|chi|shi,0,b:alpha05,0.8787650945195755,0.4776950052548504,1.0,1.0,1.0,,,,,,539,67,,,,,,,,,,0.36
A,A|n600|mis0.1|chi|shi,0,b:concat05,0.8722695210426553,0.4776950052548504,1.0,1.0,1.0,,,,,,539,67,,,,,,,,,,0.42
A,A|n600|mis0.1|chi|shi,0,b:text_only,0.8816789093849255,0.4776950052548504,1.0,1.0,1.0,,,,,,539,67,,,,,,,,,,0.16
A,A|n600|mis0.1|chi|shi,0,b:image_only,0.8778619810186298,0.4776950052548504,1.0,1.0,1.0,,,,,,539,67,,,,,,,,,,0.22
A,A|n600|mis0.1|chi|shi,0,b:structure_only,0.8816789093849255,0.4776794474868604,0.9983333333333333,0.9978813559322034,1.0,,,,,,539,67,,,,,,,,,,0.03
A,A|n600|mis0.1|chi|shi,0,b:spectral,0.8796616898484708,0.4768511815529206,0.9983333333333333,1.0,0.9850746268656716,,,,,,539,67,,,,,,,,,,0.08
A,A|n600|mis0.1|chi|shi,0,b:kmeans_content,0.6039525576410845,0.3572319703445409,0.8833333333333333,1.0,0.0,,,,,,539,67,,,,,,,,,,0.12
A,A|n600|mis0.1|chi|shi,0,d:default,,,,,,0.9573425246648116,0.8303227525988482,0.9573425246648116,0.8303227525988482,0.12430426716141002,539,67,0.9163866264949306,0.05680538757697599,0.6672898807879495,0.1680149992451272,1.9862414872311536,0.20598279787503163,0.7116889747855736,0.47334555590307725,,0.0
A,A|n600|mis0.1|chi|shi,0,d:rank16,,,,,,0.9949721730331393,0.9667375406726231,0.9949721730331393,0.9667375406726231,0.12430426716141002,539,67,0.7852446596115612,0.15278605146971763,0.06301925517708025,0.2231507765992548,3.776684761734703,0.0423728813559322,0.5863759471058116,0.12579251483664844,,0.02
A,A|n600|mis0.1|chi|shi,0,d:cons,,,,,,0.9573425246648116,0.8303227525988482,0.9171199089299267,0.6301662528257796,0.12430426716141002,539,67,0.9163866264949306,0.05680538757697599,0.6672898807879495,0.1680149992451272,1.9862414872311536,0.20598279787503163,0.5519461596622771,0.1340509349164956,,0.39
A,A|n600|mis0.1|chi|shi,0,d:kmmatch,,,,,,1.0,1.0,,,0.12430426716141002,539,67,,,,,,,,,,0.03
A,A|n600|mis0.1|chi|shi,0,d:random,,,,,,0.5151467240070832,0.14024543289621894,,,0.12430426716141002,539,67,,,,,,,,,,0.0
A,A|n600|mis0.0|clo|slo,0,b:default,0.022138828983722325,0.07647566863609907,0.3566666666666667,0.3545966228893058,nan,,,,,,533,0,,,,,,,,,,0.45
A,A|n600|mis0.0|clo|slo,0,b:rank16,0.0,0.07915800977946448,0.31,0.31144465290806755,nan,,,,,,533,0,,,,,,,,,,0.24
A,A|n600|mis0.0|clo|slo,0,b:robust,0.09403403206326921,0.08554407429319158,0.4716666666666667,0.4727954971857411,nan,,,,,,533,0,,,,,,,,,,0.51
A,A|n600|mis0.0|clo|slo,0,b:alpha05,0.007575693409537565,0.07724138819805886,0.36,0.35834896810506567,nan,,,,,,533,0,,,,,,,,,,0.44
A,A|n600|mis0.0|clo|slo,0,b:concat05,0.013706516111884115,0.08105067551523085,0.34833333333333333,0.34709193245778613,nan,,,,,,533,0,,,,,,,,,,0.42
A,A|n600|mis0.0|clo|slo,0,b:text_only,0.010926548295552285,0.07039343980216742,0.3016666666666667,0.31144465290806755,nan,,,,,,533,0,,,,,,,,,,0.56
A,A|n600|mis0.0|clo|slo,0,b:image_only,0.0,0.07867358525553261,0.3016666666666667,0.30206378986866794,nan,,,,,,533,0,,,,,,,,,,0.83
A,A|n600|mis0.0|clo|slo,0,b:structure_only,0.06182155555497615,0.0857934449093112,0.38333333333333336,0.39399624765478425,nan,,,,,,533,0,,,,,,,,,,0.09
A,A|n600|mis0.0|clo|slo,0,b:spectral,0.09972528352398391,0.06728604110200709,0.465,0.45778611632270166,nan,,,,,,533,0,,,,,,,,,,0.09
A,A|n600|mis0.0|clo|slo,0,b:kmeans_content,0.0,-0.00012379812080972122,0.22333333333333333,0.2270168855534709,nan,,,,,,533,0,,,,,,,,,,0.11
A,A|n600|mis0.0|clo|slo,0,d:default,,,,,,nan,nan,nan,nan,0.0,533,0,0.8210556228448003,0.13328982338349293,,,,,0.6269157471764532,,,0.0
A,A|n600|mis0.0|clo|slo,0,d:rank16,,,,,,nan,nan,nan,nan,0.0,533,0,0.366057695327116,0.3291152919779657,,,,,0.2764679273975461,,,0.0
A,A|n600|mis0.0|clo|slo,0,d:cons,,,,,,nan,nan,nan,nan,0.0,533,0,0.8210556228448003,0.13328982338349293,,,,,0.5,,,0.45
A,A|n600|mis0.0|clo|slo,0,d:kmmatch,,,,,,nan,nan,,,0.0,533,0,,,,,,,,,,0.06
A,A|n600|mis0.0|clo|slo,0,d:random,,,,,,nan,nan,,,0.0,533,0,,,,,,,,,,0.0
A,A|n600|mis0.0|chi|slo,0,b:default,0.1735323863579843,0.0778883606999078,0.47333333333333333,0.4971857410881801,nan,,,,,,533,0,,,,,,,,,,0.41
A,A|n600|mis0.0|chi|slo,0,b:rank16,0.15970092129976454,0.07018614465292781,0.4716666666666667,0.49343339587242024,nan,,,,,,533,0,,,,,,,,,,0.23
A,A|n600|mis0.0|chi|slo,0,b:robust,0.8494649006990325,0.09708822996657207,0.9933333333333333,1.0,nan,,,,,,533,0,,,,,,,,,,0.41
A,A|n600|mis0.0|chi|slo,0,b:alpha05,0.13555228728353852,0.07618080148269453,0.4216666666666667,0.43902439024390244,nan,,,,,,533,0,,,,,,,,,,0.41
A,A|n600|mis0.0|chi|slo,0,b:concat05,0.8749481661532799,0.09685801710606798,1.0,1.0,nan,,,,,,533,0,,,,,,,,,,0.38
A,A|n600|mis0.0|chi|slo,0,b:text_only,0.062032117972502965,0.07772778040427099,0.32666666666666666,0.33583489681050654,nan,,,,,,533,0,,,,,,,,,,1.3
A,A|n600|mis0.0|chi|slo,0,b:image_only,0.06681966119236882,0.07765152525804798,0.33166666666666667,0.33771106941838647,nan,,,,,,533,0,,,,,,,,,,2.0
A,A|n600|mis0.0|chi|slo,0,b:structure_only,0.06182155555497615,0.0857934449093112,0.38333333333333336,0.39399624765478425,nan,,,,,,533,0,,,,,,,,,,0.08
A,A|n600|mis0.0|chi|slo,0,b:spectral,0.8855434720739156,0.09685801710606798,1.0,1.0,nan,,,,,,533,0,,,,,,,,,,0.08
A,A|n600|mis0.0|chi|slo,0,b:kmeans_content,0.8855434720739156,0.09685801710606798,1.0,1.0,nan,,,,,,533,0,,,,,,,,,,0.05
A,A|n600|mis0.0|chi|slo,0,d:default,,,,,,nan,nan,nan,nan,0.0,533,0,0.9413476456114861,0.0545481660841835,,,,,0.72811453063784,,,0.01
A,A|n600|mis0.0|chi|slo,0,d:rank16,,,,,,nan,nan,nan,nan,0.0,533,0,0.7954346577058513,0.15616064198761165,,,,,0.5973485591046733,,,0.0
A,A|n600|mis0.0|chi|slo,0,d:cons,,,,,,nan,nan,nan,nan,0.0,533,0,0.9413476456114861,0.0545481660841835,,,,,0.5,,,0.44
A,A|n600|mis0.0|chi|slo,0,d:kmmatch,,,,,,nan,nan,,,0.0,533,0,,,,,,,,,,0.05
A,A|n600|mis0.0|chi|slo,0,d:random,,,,,,nan,nan,,,0.0,533,0,,,,,,,,,,0.0
A,A|n600|mis0.1|clo|shi,0,b:default,0.35042641804674335,0.3195893623739579,0.66,0.6588983050847458,0.6567164179104478,,,,,,539,67,,,,,,,,,,0.42
A,A|n600|mis0.1|clo|shi,0,b:rank16,0.8816789093849254,0.4776794474868604,0.9983333333333333,0.9978813559322034,1.0,,,,,,539,67,,,,,,,,,,0.2
A,A|n600|mis0.1|clo|shi,0,b:robust,0.8816789093849255,0.4776794474868604,0.9983333333333333,0.9978813559322034,1.0,,,,,,539,67,,,,,,,,,,0.42
A,A|n600|mis0.1|clo|shi,0,b:alpha05,0.3522655047585834,0.32756573269555295,0.67,0.6673728813559322,0.6865671641791045,,,,,,539,67,,,,,,,,,,0.38
A,A|n600|mis0.1|clo|shi,0,b:concat05,0.5332515729515646,0.3673922387423315,0.8116666666666666,0.8072033898305084,0.8805970149253731,,,,,,539,67,,,,,,,,,,0.42
A,A|n600|mis0.1|clo|shi,0,b:text_only,0.8816789093849255,0.4776794474868604,0.9983333333333333,0.9978813559322034,1.0,,,,,,539,67,,,,,,,,,,0.2
A,A|n600|mis0.1|clo|shi,0,b:image_only,0.8816789093849255,0.4776794474868604,0.9983333333333333,0.9978813559322034,1.0,,,,,,539,67,,,,,,,,,,0.17
A,A|n600|mis0.1|clo|shi,0,b:structure_only,0.8816789093849255,0.4776794474868604,0.9983333333333333,0.9978813559322034,1.0,,,,,,539,67,,,,,,,,,,0.05
A,A|n600|mis0.1|clo|shi,0,b:spectral,0.8855434720739156,0.4776950052548504,1.0,1.0,1.0,,,,,,539,67,,,,,,,,,,0.09
A,A|n600|mis0.1|clo|shi,0,b:kmeans_content,0.0,0.0006238287277715894,0.22833333333333333,0.21398305084745764,0.31343283582089554,,,,,,539,67,,,,,,,,,,0.09
A,A|n600|mis0.1|clo|shi,0,d:default,,,,,,0.46654439666076397,0.11592641439831348,0.46654439666076397,0.11592641439831348,0.12430426716141002,539,67,0.8072110056233325,0.13681165064560954,0.8260235964998695,0.12133619679693743,-0.1454893223431321,0.7517075638755376,0.6114444655168626,0.6306159334441663,,0.0
A,A|n600|mis0.1|clo|shi,0,d:rank16,,,,,,0.5338983050847458,0.16947630724000742,0.5338983050847458,0.16947630724000742,0.12430426716141002,539,67,0.3982211712472962,0.30965158288975697,0.34081279478336673,0.37172720936894393,0.167811538414124,0.6925752592967367,0.2907753333348287,0.2777372396172117,,0.0
A,A|n600|mis0.1|clo|shi,0,d:cons,,,,,,0.46654439666076397,0.11592641439831348,0.525044270174551,0.1510785461119651,0.12430426716141002,539,67,0.8072110056233325,0.13681165064560954,0.8260235964998695,0.12133619679693743,-0.1454893223431321,0.7517075638755376,0.5031188960998046,0.47802807523719687,,0.44
A,A|n600|mis0.1|clo|shi,0,d:kmmatch,,,,,,0.5174392866177586,0.12824761452347866,,,0.12430426716141002,539,67,,,,,,,,,,0.06
A,A|n600|mis0.1|clo|shi,0,d:random,,,,,,0.5151467240070832,0.14024543289621894,,,0.12430426716141002,539,67,,,,,,,,,,0.0
A,A|n600|mis0.2|chi|shi,0,b:default,0.875002809044018,0.4776950052548504,1.0,1.0,1.0,,,,,,546,102,,,,,,,,,,0.41
A,A|n600|mis0.2|chi|shi,0,b:rank16,0.8855434720739156,0.4776950052548504,1.0,1.0,1.0,,,,,,546,102,,,,,,,,,,0.23
A,A|n600|mis0.2|chi|shi,0,b:robust,0.8855434720739156,0.4776950052548504,1.0,1.0,1.0,,,,,,546,102,,,,,,,,,,0.42
A,A|n600|mis0.2|chi|shi,0,b:alpha05,0.8817561343568008,0.4776950052548504,1.0,1.0,1.0,,,,,,546,102,,,,,,,,,,0.42
A,A|n600|mis0.2|chi|shi,0,b:concat05,0.8741222776242092,0.4776950052548504,1.0,1.0,1.0,,,,,,546,102,,,,,,,,,,0.44
A,A|n600|mis0.2|chi|shi,0,b:text_only,0.8816789093849255,0.4776950052548504,1.0,1.0,1.0,,,,,,546,102,,,,,,,,,,0.17
A,A|n600|mis0.2|chi|shi,0,b:image_only,0.8816789093849254,0.4776950052548504,1.0,1.0,1.0,,,,,,546,102,,,,,,,,,,0.24
A,A|n600|mis0.2|chi|shi,0,b:structure_only,0.8816789093849255,0.4776794474868604,0.9983333333333333,0.9977477477477478,1.0,,,,,,546,102,,,,,,,,,,0.03
A,A|n600|mis0.2|chi|shi,0,b:spectral,0.8746989183217256,0.4753954625559025,0.9966666666666667,1.0,0.9803921568627451,,,,,,546,102,,,,,,,,,,0.08
A,A|n600|mis0.2|chi|shi,0,b:kmeans_content,0.5029217852310266,0.2945385813689206,0.8216666666666667,1.0,0.0,,,,,,546,102,,,,,,,,,,0.09
A,A|n600|mis0.2|chi|shi,0,d:default,,,,,,0.90560413354531,0.7455643319097761,0.90560413354531,0.7455643319097761,0.18681318681318682,546,102,0.9027431794056876,0.06674914644397295,0.7014097177468728,0.1716611554128431,1.545908649326891,0.32260201377848435,0.7009744708465442,0.5094238434153112,,0.0
A,A|n600|mis0.2|chi|shi,0,d:rank16,,,,,,0.9875684508037449,0.9541872020329083,0.9875684508037449,0.9541872020329083,0.18681318681318682,546,102,0.7807577774858834,0.15584902166150347,0.11985801505601135,0.222751528498121,3.438011567493316,0.09247482776894542,0.5837430312074839,0.13916769254516548,,0.0
A,A|n600|mis0.2|chi|shi,0,d:cons,,,,,,0.90560413354531,0.7455643319097761,0.8923335099805688,0.6954896190608215,0.18681318681318682,546,102,0.9027431794056876,0.06674914644397295,0.7014097177468728,0.1716611554128431,1.545908649326891,0.32260201377848435,0.5734275559963633,0.1803741680158302,,0.41
A,A|n600|mis0.2|chi|shi,0,d:kmmatch,,,,,,1.0,1.0,,,0.18681318681318682,546,102,,,,,,,,,,0.03
A,A|n600|mis0.2|chi|shi,0,d:random,,,,,,0.5,0.19664964514659422,,,0.18681318681318682,546,102,,,,,,,,,,0.0
A,A|n600|mis0.1|chi|slo,0,b:default,0.15253429000938812,0.06852811041167636,0.44166666666666665,0.4576271186440678,0.44776119402985076,,,,,,539,67,,,,,,,,,,0.42
A,A|n600|mis0.1|chi|slo,0,b:rank16,0.11103554542651795,0.07196882184158356,0.46,0.4724576271186441,0.40298507462686567,,,,,,539,67,,,,,,,,,,0.2
A,A|n600|mis0.1|chi|slo,0,b:robust,0.7338521987345787,0.0944406627449848,0.975,1.0,0.835820895522388,,,,,,539,67,,,,,,,,,,0.5
A,A|n600|mis0.1|chi|slo,0,b:alpha05,0.13003460642551445,0.07557472789543433,0.39166666666666666,0.4067796610169492,0.40298507462686567,,,,,,539,67,,,,,,,,,,0.44
A,A|n600|mis0.1|chi|slo,0,b:concat05,0.762340399507504,0.09279355993937297,0.9766666666666667,1.0,0.835820895522388,,,,,,539,67,,,,,,,,,,0.53
A,A|n600|mis0.1|chi|slo,0,b:text_only,0.05760596702427745,0.07835185428698187,0.335,0.3389830508474576,0.34328358208955223,,,,,,539,67,,,,,,,,,,1.3
A,A|n600|mis0.1|chi|slo,0,b:image_only,0.06410465759143313,0.07793763867148396,0.3333333333333333,0.3347457627118644,0.34328358208955223,,,,,,539,67,,,,,,,,,,1.45
A,A|n600|mis0.1|chi|slo,0,b:structure_only,0.06182155555497615,0.0857934449093112,0.38333333333333336,0.3898305084745763,0.3582089552238806,,,,,,539,67,,,,,,,,,,0.08
A,A|n600|mis0.1|chi|slo,0,b:spectral,0.8100575020558888,0.0954512352486475,0.975,1.0,0.8059701492537313,,,,,,539,67,,,,,,,,,,0.08
A,A|n600|mis0.1|chi|slo,0,b:kmeans_content,0.6039525576410845,0.06942680544096964,0.8833333333333333,1.0,0.0,,,,,,539,67,,,,,,,,,,0.12
A,A|n600|mis0.1|chi|slo,0,d:default,,,,,,0.9573425246648116,0.8303227525988482,0.9573425246648116,0.8303227525988482,0.12430426716141002,539,67,0.9163866264949306,0.05680538757697599,0.6672898807879495,0.1680149992451272,1.9862414872311536,0.20598279787503163,0.7116889747855736,0.47334555590307725,,0.0
A,A|n600|mis0.1|chi|slo,0,d:rank16,,,,,,0.9949721730331393,0.9667375406726231,0.9949721730331393,0.9667375406726231,0.12430426716141002,539,67,0.7852446596115612,0.15278605146971763,0.06301925517708025,0.2231507765992548,3.776684761734703,0.0423728813559322,0.5863759471058116,0.12579251483664844,,0.01
A,A|n600|mis0.1|chi|slo,0,d:cons,,,,,,0.9573425246648116,0.8303227525988482,0.7366240829749557,0.26154987244931793,0.12430426716141002,539,67,0.9163866264949306,0.05680538757697599,0.6672898807879495,0.1680149992451272,1.9862414872311536,0.20598279787503163,0.5294680549429778,0.2924041502524552,,0.39
A,A|n600|mis0.1|chi|slo,0,d:kmmatch,,,,,,1.0,1.0,,,0.12430426716141002,539,67,,,,,,,,,,0.03
A,A|n600|mis0.1|chi|slo,0,d:random,,,,,,0.5151467240070832,0.14024543289621894,,,0.12430426716141002,539,67,,,,,,,,,,0.0
A,A|n600|mis0.1|clo|slo,0,b:default,0.0,0.07018559336777712,0.335,0.3050847457627119,0.5373134328358209,,,,,,539,67,,,,,,,,,,0.44
A,A|n600|mis0.1|clo|slo,0,b:rank16,0.025236927787787966,0.07366495919415952,0.2783333333333333,0.2733050847457627,0.208955223880597,,,,,,539,67,,,,,,,,,,0.19
A,A|n600|mis0.1|clo|slo,0,b:robust,0.12118256341836475,0.0875349678261872,0.48333333333333334,0.4788135593220339,0.4925373134328358,,,,,,539,67,,,,,,,,,,0.55
A,A|n600|mis0.1|clo|slo,0,b:alpha05,0.010989314150609886,0.07379829741189521,0.3233333333333333,0.3177966101694915,0.40298507462686567,,,,,,539,67,,,,,,,,,,0.44
A,A|n600|mis0.1|clo|slo,0,b:concat05,0.011155657294156351,0.07951202314729408,0.315,0.3050847457627119,0.2835820895522388,,,,,,539,67,,,,,,,,,,0.48
A,A|n600|mis0.1|clo|slo,0,b:text_only,0.0,0.07815163038406917,0.2916666666666667,0.288135593220339,0.3283582089552239,,,,,,539,67,,,,,,,,,,0.67
A,A|n600|mis0.1|clo|slo,0,b:image_only,0.0,0.07937105523853345,0.295,0.2966101694915254,0.34328358208955223,,,,,,539,67,,,,,,,,,,0.7
A,A|n600|mis0.1|clo|slo,0,b:structure_only,0.06182155555497615,0.0857934449093112,0.38333333333333336,0.3898305084745763,0.3582089552238806,,,,,,539,67,,,,,,,,,,0.06
A,A|n600|mis0.1|clo|slo,0,b:spectral,0.05640643302190673,0.06244250943091384,0.47333333333333333,0.4576271186440678,0.5223880597014925,,,,,,539,67,,,,,,,,,,0.11
A,A|n600|mis0.1|clo|slo,0,b:kmeans_content,0.0,0.00012027443022532419,0.22833333333333333,0.21398305084745764,0.31343283582089554,,,,,,539,67,,,,,,,,,,0.09
A,A|n600|mis0.1|clo|slo,0,d:default,,,,,,0.46654439666076397,0.11592641439831348,0.46654439666076397,0.11592641439831348,0.12430426716141002,539,67,0.8072110056233325,0.13681165064560954,0.8260235964998695,0.12133619679693743,-0.1454893223431321,0.7517075638755376,0.6114444655168626,0.6306159334441663,,0.0
A,A|n600|mis0.1|clo|slo,0,d:rank16,,,,,,0.5338983050847458,0.16947630724000742,0.5338983050847458,0.16947630724000742,0.12430426716141002,539,67,0.3982211712472962,0.30965158288975697,0.34081279478336673,0.37172720936894393,0.167811538414124,0.6925752592967367,0.2907753333348287,0.2777372396172117,,0.0
A,A|n600|mis0.1|clo|slo,0,d:cons,,,,,,0.46654439666076397,0.11592641439831348,0.43637743485960034,0.10382776632596755,0.12430426716141002,539,67,0.8072110056233325,0.13681165064560954,0.8260235964998695,0.12133619679693743,-0.1454893223431321,0.7517075638755376,0.4920767437464559,0.5558175664428785,,0.44
A,A|n600|mis0.1|clo|slo,0,d:kmmatch,,,,,,0.5174392866177586,0.12824761452347866,,,0.12430426716141002,539,67,,,,,,,,,,0.05
A,A|n600|mis0.1|clo|slo,0,d:random,,,,,,0.5151467240070832,0.14024543289621894,,,0.12430426716141002,539,67,,,,,,,,,,0.0
A,A|n600|mis0.2|clo|shi,0,b:default,0.3731593425777996,0.3016638430019874,0.7116666666666667,0.7072072072072072,0.696078431372549,,,,,,546,102,,,,,,,,,,0.42
A,A|n600|mis0.2|clo|shi,0,b:rank16,0.8816789093849254,0.4776794474868604,0.9983333333333333,0.9977477477477478,1.0,,,,,,546,102,,,,,,,,,,0.19
A,A|n600|mis0.2|clo|shi,0,b:robust,0.8778619810186298,0.4776950052548504,1.0,1.0,1.0,,,,,,546,102,,,,,,,,,,0.52
A,A|n600|mis0.2|clo|shi,0,b:alpha05,0.43167590583183646,0.3257074146884127,0.7433333333333333,0.7162162162162162,0.7941176470588235,,,,,,546,102,,,,,,,,,,0.47
A,A|n600|mis0.2|clo|shi,0,b:concat05,0.5710425501864789,0.4009035329918885,0.8533333333333334,0.8490990990990991,0.8627450980392157,,,,,,546,102,,,,,,,,,,0.5
A,A|n600|mis0.2|clo|shi,0,b:text_only,0.8816789093849254,0.4776794474868604,0.9983333333333333,0.9977477477477478,1.0,,,,,,546,102,,,,,,,,,,0.17
A,A|n600|mis0.2|clo|shi,0,b:image_only,0.8816789093849254,0.4776794474868604,0.9983333333333333,0.9977477477477478,1.0,,,,,,546,102,,,,,,,,,,0.2
A,A|n600|mis0.2|clo|shi,0,b:structure_only,0.8816789093849255,0.4776794474868604,0.9983333333333333,0.9977477477477478,1.0,,,,,,546,102,,,,,,,,,,0.05
A,A|n600|mis0.2|clo|shi,0,b:spectral,0.8740962216538541,0.4766917543786074,0.9966666666666667,0.9954954954954955,1.0,,,,,,546,102,,,,,,,,,,0.11
A,A|n600|mis0.2|clo|shi,0,b:kmeans_content,0.0,0.0005505866491486155,0.22166666666666668,0.23423423423423423,0.17647058823529413,,,,,,546,102,,,,,,,,,,0.09
A,A|n600|mis0.2|clo|shi,0,d:default,,,,,,0.4958267090620032,0.20820129547319893,0.4958267090620032,0.20820129547319893,0.18681318681318682,546,102,0.808655054481963,0.13396936165084983,0.8024024828448034,0.1452843929785538,0.04474385886621674,0.7972972972972974,0.6143609703738869,0.604287485391735,,0.01
A,A|n600|mis0.2|clo|shi,0,d:rank16,,,,,,0.5055202261084614,0.18832537971681815,0.5055202261084614,0.18832537971681815,0.18681318681318682,546,102,0.3745773097701322,0.31556482874559094,0.37399615192658076,0.3007558108528269,0.0018853502969797663,0.7509273979862214,0.2790441105137397,0.27312875468666126,,0.0
A,A|n600|mis0.2|clo|shi,0,d:cons,,,,,,0.4958267090620032,0.20820129547319893,0.5173776717894365,0.21349650126858008,0.18681318681318682,546,102,0.808655054481963,0.13396936165084983,0.8024024828448034,0.1452843929785538,0.04474385886621674,0.7972972972972974,0.5032523349037111,0.4858427774779636,,0.47
A,A|n600|mis0.2|clo|shi,0,d:kmmatch,,,,,,0.4837042925278219,0.18202793938088055,,,0.18681318681318682,546,102,,,,,,,,,,0.06
A,A|n600|mis0.2|clo|shi,0,d:random,,,,,,0.5,0.19664964514659422,,,0.18681318681318682,546,102,,,,,,,,,,0.0
A,A|n600|mis0.2|chi|slo,0,b:default,0.16750640545690565,0.06826385390323013,0.49,0.5135135135135135,0.45098039215686275,,,,,,546,102,,,,,,,,,,0.53
A,A|n600|mis0.2|chi|slo,0,b:rank16,0.134112070995544,0.0765412441240998,0.435,0.4594594594594595,0.3627450980392157,,,,,,546,102,,,,,,,,,,0.22
A,A|n600|mis0.2|chi|slo,0,b:robust,0.6840761161527928,0.09315871475623293,0.9483333333333334,1.0,0.7941176470588235,,,,,,546,102,,,,,,,,,,0.44
A,A|n600|mis0.2|chi|slo,0,b:alpha05,0.1563778297449997,0.08026152394785081,0.48,0.5045045045045045,0.4117647058823529,,,,,,546,102,,,,,,,,,,0.36
A,A|n600|mis0.2|chi|slo,0,b:concat05,0.7240118577843213,0.09258254301873725,0.9566666666666667,1.0,0.7941176470588235,,,,,,546,102,,,,,,,,,,0.44
A,A|n600|mis0.2|chi|slo,0,b:text_only,0.06913343225217594,0.07776193144542431,0.34,0.3400900900900901,0.35294117647058826,,,,,,546,102,,,,,,,,,,1.06
A,A|n600|mis0.2|chi|slo,0,b:image_only,0.08355177295343863,0.08559964073391085,0.35333333333333333,0.35585585585585583,0.35294117647058826,,,,,,546,102,,,,,,,,,,1.01
A,A|n600|mis0.2|chi|slo,0,b:structure_only,0.06182155555497615,0.0857934449093112,0.38333333333333336,0.38738738738738737,0.3627450980392157,,,,,,546,102,,,,,,,,,,0.06
A,A|n600|mis0.2|chi|slo,0,b:spectral,0.7675514432847582,0.09185823905203774,0.9533333333333334,1.0,0.7647058823529411,,,,,,546,102,,,,,,,,,,0.11
A,A|n600|mis0.2|chi|slo,0,b:kmeans_content,0.5029217852310266,0.06221002938039607,0.8216666666666667,1.0,0.0,,,,,,546,102,,,,,,,,,,0.09
A,A|n600|mis0.2|chi|slo,0,d:default,,,,,,0.90560413354531,0.7455643319097761,0.90560413354531,0.7455643319097761,0.18681318681318682,546,102,0.9027431794056876,0.06674914644397295,0.7014097177468728,0.1716611554128431,1.545908649326891,0.32260201377848435,0.7009744708465442,0.5094238434153112,,0.0
A,A|n600|mis0.2|chi|slo,0,d:rank16,,,,,,0.9875684508037449,0.9541872020329083,0.9875684508037449,0.9541872020329083,0.18681318681318682,546,102,0.7807577774858834,0.15584902166150347,0.11985801505601135,0.222751528498121,3.438011567493316,0.09247482776894542,0.5837430312074839,0.13916769254516548,,0.02
A,A|n600|mis0.2|chi|slo,0,d:cons,,,,,,0.90560413354531,0.7455643319097761,0.669625507860802,0.3015833941974285,0.18681318681318682,546,102,0.9027431794056876,0.06674914644397295,0.7014097177468728,0.1716611554128431,1.545908649326891,0.32260201377848435,0.531746425324407,0.36180967799964026,,0.39
A,A|n600|mis0.2|chi|slo,0,d:kmmatch,,,,,,1.0,1.0,,,0.18681318681318682,546,102,,,,,,,,,,0.03
A,A|n600|mis0.2|chi|slo,0,d:random,,,,,,0.5,0.19664964514659422,,,0.18681318681318682,546,102,,,,,,,,,,0.0
A,A|n600|mis0.4|chi|shi,0,b:default,0.268277589904398,0.2617268274127407,0.57,0.5963302752293578,0.5358851674641149,,,,,,536,209,,,,,,,,,,0.42
A,A|n600|mis0.4|chi|shi,0,b:rank16,0.8778619810186298,0.4776794474868604,0.9983333333333333,1.0,1.0,,,,,,536,209,,,,,,,,,,0.19
A,A|n600|mis0.4|chi|shi,0,b:robust,0.8816789093849255,0.4776950052548504,1.0,1.0,1.0,,,,,,536,209,,,,,,,,,,0.49
A,A|n600|mis0.4|chi|shi,0,b:alpha05,0.8816789093849254,0.4776794474868604,0.9983333333333333,1.0,1.0,,,,,,536,209,,,,,,,,,,0.42
A,A|n600|mis0.4|chi|shi,0,b:concat05,0.874045052652334,0.4776950052548504,1.0,1.0,1.0,,,,,,536,209,,,,,,,,,,0.44
A,A|n600|mis0.4|chi|shi,0,b:text_only,0.8816789093849255,0.4776794474868604,0.9983333333333333,1.0,1.0,,,,,,536,209,,,,,,,,,,0.16
A,A|n600|mis0.4|chi|shi,0,b:image_only,0.8816789093849255,0.4776794474868604,0.9983333333333333,1.0,1.0,,,,,,536,209,,,,,,,,,,0.22
A,A|n600|mis0.4|chi|shi,0,b:structure_only,0.8816789093849255,0.4776794474868604,0.9983333333333333,1.0,1.0,,,,,,536,209,,,,,,,,,,0.03
A,A|n600|mis0.4|chi|shi,0,b:spectral,0.8855434720739156,0.4776950052548504,1.0,1.0,1.0,,,,,,536,209,,,,,,,,,,0.08
A,A|n600|mis0.4|chi|shi,0,b:kmeans_content,0.2502273948338487,0.13904800899137304,0.625,1.0,0.0,,,,,,536,209,,,,,,,,,,0.09
A,A|n600|mis0.4|chi|shi,0,d:default,,,,,,0.6021977378809826,0.4898588372744675,0.6021977378809826,0.4898588372744675,0.38992537313432835,536,209,0.8444519933141692,0.11556092228491924,0.8038568017760235,0.1310453966079007,0.3285836465402417,0.782011325227163,0.6496573110095365,0.6075737495441437,,0.0
A,A|n600|mis0.4|chi|shi,0,d:rank16,,,,,,0.977642187202786,0.9699347198793614,0.977642187202786,0.9699347198793614,0.38992537313432835,536,209,0.7407257876970149,0.15673482376705505,0.14802767364972938,0.2504001572572547,2.837434856098956,0.1547342083315043,0.5438157577415712,0.1512887771345618,,0.0
A,A|n600|mis0.4|chi|shi,0,d:cons,,,,,,0.6021977378809826,0.4898588372744675,0.7000716971745461,0.5837349368190794,0.38992537313432835,536,209,0.8444519933141692,0.11556092228491924,0.8038568017760235,0.1310453966079007,0.3285836465402417,0.782011325227163,0.5781588499242619,0.3777131869606046,,0.39
A,A|n600|mis0.4|chi|shi,0,d:kmmatch,,,,,,1.0,1.0,,,0.38992537313432835,536,209,,,,,,,,,,0.05
A,A|n600|mis0.4|chi|shi,0,d:random,,,,,,0.5092694204234524,0.41649245279968705,,,0.38992537313432835,536,209,,,,,,,,,,0.0
A,A|n600|mis0.2|clo|slo,0,b:default,0.04127316566358874,0.06956744520380725,0.35333333333333333,0.36486486486486486,0.3235294117647059,,,,,,546,102,,,,,,,,,,0.5
A,A|n600|mis0.2|clo|slo,0,b:rank16,0.015952679023070182,0.07623778193402762,0.3,0.30405405405405406,0.29411764705882354,,,,,,546,102,,,,,,,,,,0.22
A,A|n600|mis0.2|clo|slo,0,b:robust,0.08390668175712146,0.08733546465104725,0.44666666666666666,0.4617117117117117,0.4019607843137255,,,,,,546,102,,,,,,,,,,0.58
A,A|n600|mis0.2|clo|slo,0,b:alpha05,0.018562362903517426,0.07237583972541704,0.34,0.3536036036036036,0.3137254901960784,,,,,,546,102,,,,,,,,,,0.45
A,A|n600|mis0.2|clo|slo,0,b:concat05,0.0,0.07802024314300314,0.2916666666666667,0.28603603603603606,0.3137254901960784,,,,,,546,102,,,,,,,,,,0.53
A,A|n600|mis0.2|clo|slo,0,b:text_only,0.011848211799219577,0.08419338271670934,0.3,0.30180180180180183,0.3333333333333333,,,,,,546,102,,,,,,,,,,0.5
A,A|n600|mis0.2|clo|slo,0,b:image_only,0.0,0.07770330787796025,0.2916666666666667,0.2905405405405405,0.29411764705882354,,,,,,546,102,,,,,,,,,,0.61
A,A|n600|mis0.2|clo|slo,0,b:structure_only,0.06182155555497615,0.0857934449093112,0.38333333333333336,0.38738738738738737,0.3627450980392157,,,,,,546,102,,,,,,,,,,0.06
A,A|n600|mis0.2|clo|slo,0,b:spectral,0.07751650794304954,0.06220804857227886,0.435,0.45495495495495497,0.3333333333333333,,,,,,546,102,,,,,,,,,,0.11
A,A|n600|mis0.2|clo|slo,0,b:kmeans_content,0.0,0.0006295509364807432,0.22166666666666668,0.23423423423423423,0.17647058823529413,,,,,,546,102,,,,,,,,,,0.08
A,A|n600|mis0.2|clo|slo,0,d:default,,,,,,0.4958267090620032,0.20820129547319893,0.4958267090620032,0.20820129547319893,0.18681318681318682,546,102,0.808655054481963,0.13396936165084983,0.8024024828448034,0.1452843929785538,0.04474385886621674,0.7972972972972974,0.6143609703738869,0.604287485391735,,0.02
A,A|n600|mis0.2|clo|slo,0,d:rank16,,,,,,0.5055202261084614,0.18832537971681815,0.5055202261084614,0.18832537971681815,0.18681318681318682,546,102,0.3745773097701322,0.31556482874559094,0.37399615192658076,0.3007558108528269,0.0018853502969797663,0.7509273979862214,0.2790441105137397,0.27312875468666126,,0.0
A,A|n600|mis0.2|clo|slo,0,d:cons,,,,,,0.4958267090620032,0.20820129547319893,0.43846051934287233,0.162476163754195,0.18681318681318682,546,102,0.808655054481963,0.13396936165084983,0.8024024828448034,0.1452843929785538,0.04474385886621674,0.7972972972972974,0.4884825192164642,0.550134916351862,,0.44
A,A|n600|mis0.2|clo|slo,0,d:kmmatch,,,,,,0.4837042925278219,0.18202793938088055,,,0.18681318681318682,546,102,,,,,,,,,,0.06
A,A|n600|mis0.2|clo|slo,0,d:random,,,,,,0.5,0.19664964514659422,,,0.18681318681318682,546,102,,,,,,,,,,0.0
A,A|n600|mis0.4|clo|shi,0,b:default,0.494292238511166,0.3504656341179906,0.7966666666666666,0.8134556574923547,0.7655502392344498,,,,,,536,209,,,,,,,,,,0.44
A,A|n600|mis0.4|clo|shi,0,b:rank16,0.8816789093849254,0.4776794474868604,0.9983333333333333,1.0,1.0,,,,,,536,209,,,,,,,,,,0.19
A,A|n600|mis0.4|clo|shi,0,b:robust,0.874045052652334,0.4776794474868604,0.9983333333333333,1.0,1.0,,,,,,536,209,,,,,,,,,,0.42
A,A|n600|mis0.4|clo|shi,0,b:alpha05,0.528434509163109,0.3836222446680834,0.8083333333333333,0.8318042813455657,0.7751196172248804,,,,,,536,209,,,,,,,,,,0.38
A,A|n600|mis0.4|clo|shi,0,b:concat05,0.529096874440681,0.3703696193019983,0.8066666666666666,0.8287461773700305,0.7894736842105263,,,,,,536,209,,,,,,,,,,0.41
A,A|n600|mis0.4|clo|shi,0,b:text_only,0.8816789093849255,0.4776794474868604,0.9983333333333333,1.0,1.0,,,,,,536,209,,,,,,,,,,0.14
A,A|n600|mis0.4|clo|shi,0,b:image_only,0.8816789093849255,0.4776794474868604,0.9983333333333333,1.0,1.0,,,,,,536,209,,,,,,,,,,0.25
A,A|n600|mis0.4|clo|shi,0,b:structure_only,0.8816789093849255,0.4776794474868604,0.9983333333333333,1.0,1.0,,,,,,536,209,,,,,,,,,,0.03
A,A|n600|mis0.4|clo|shi,0,b:spectral,0.8798080618881949,0.47719276970818025,0.9983333333333333,1.0,1.0,,,,,,536,209,,,,,,,,,,0.08
A,A|n600|mis0.4|clo|shi,0,b:kmeans_content,0.0,0.003639282966151368,0.225,0.24770642201834864,0.18660287081339713,,,,,,536,209,,,,,,,,,,0.09
A,A|n600|mis0.4|clo|shi,0,d:default,,,,,,0.4979441932604656,0.4007168176790283,0.4979441932604656,0.4007168176790283,0.38992537313432835,536,209,0.8187092081344399,0.1255145807182018,0.8153768331237667,0.14110268289615122,0.02495482850590104,0.833896668276195,0.621134128067849,0.6208170388079742,,0.02
A,A|n600|mis0.4|clo|shi,0,d:rank16,,,,,,0.514741817011252,0.42268317400927025,0.514741817011252,0.42268317400927025,0.38992537313432835,536,209,0.37644282224730014,0.3068585766411173,0.35491947361878834,0.33945895501779894,0.06651845175921851,0.750684049573475,0.2738935691040711,0.27750930794406137,,0.0
A,A|n600|mis0.4|clo|shi,0,d:cons,,,,,,0.4979441932604656,0.4007168176790283,0.5647688863526624,0.4339290513326956,0.38992537313432835,536,209,0.8187092081344399,0.1255145807182018,0.8153768331237667,0.14110268289615122,0.02495482850590104,0.833896668276195,0.5253022378461802,0.460412288154541,,0.47
A,A|n600|mis0.4|clo|shi,0,d:kmmatch,,,,,,0.5013022548029791,0.3905461703389141,,,0.38992537313432835,536,209,,,,,,,,,,0.05
A,A|n600|mis0.4|clo|shi,0,d:random,,,,,,0.5092694204234524,0.41649245279968705,,,0.38992537313432835,536,209,,,,,,,,,,0.0
A,A|n600|mis0.4|clo|slo,0,b:default,0.008246187677420247,0.06543159899661329,0.31166666666666665,0.3394495412844037,0.31100478468899523,,,,,,536,209,,,,,,,,,,0.39
A,A|n600|mis0.4|clo|slo,0,b:rank16,0.024386633103198996,0.07951867078706575,0.31833333333333336,0.3425076452599388,0.2966507177033493,,,,,,536,209,,,,,,,,,,0.26
A,A|n600|mis0.4|clo|slo,0,b:robust,0.042310377912857966,0.08513613879403152,0.43333333333333335,0.47706422018348627,0.3875598086124402,,,,,,536,209,,,,,,,,,,0.49
A,A|n600|mis0.4|clo|slo,0,b:alpha05,0.013684984577055914,0.07837275897216583,0.3016666666666667,0.345565749235474,0.2727272727272727,,,,,,536,209,,,,,,,,,,0.38
A,A|n600|mis0.4|clo|slo,0,b:concat05,0.012265980695007062,0.07343357932742733,0.32166666666666666,0.3394495412844037,0.3157894736842105,,,,,,536,209,,,,,,,,,,0.48
A,A|n600|mis0.4|clo|slo,0,b:text_only,0.0,0.07963207443829173,0.29,0.290519877675841,0.27751196172248804,,,,,,536,209,,,,,,,,,,0.61
A,A|n600|mis0.4|clo|slo,0,b:image_only,0.011550107242092711,0.07079382913835564,0.27666666666666667,0.3119266055045872,0.23444976076555024,,,,,,536,209,,,,,,,,,,0.7
A,A|n600|mis0.4|clo|slo,0,b:structure_only,0.06182155555497615,0.0857934449093112,0.38333333333333336,0.42507645259938837,0.3492822966507177,,,,,,536,209,,,,,,,,,,0.09
A,A|n600|mis0.4|clo|slo,0,b:spectral,0.024848890521969924,0.06165360606117738,0.43666666666666665,0.4617737003058104,0.44019138755980863,,,,,,536,209,,,,,,,,,,0.09
A,A|n600|mis0.4|clo|slo,0,b:kmeans_content,0.0,0.0003167359909732499,0.225,0.24770642201834864,0.18660287081339713,,,,,,536,209,,,,,,,,,,0.08
A,A|n600|mis0.4|clo|slo,0,d:default,,,,,,0.4979441932604656,0.4007168176790283,0.4979441932604656,0.4007168176790283,0.38992537313432835,536,209,0.8187092081344399,0.1255145807182018,0.8153768331237667,0.14110268289615122,0.02495482850590104,0.833896668276195,0.621134128067849,0.6208170388079742,,0.03
A,A|n600|mis0.4|clo|slo,0,d:rank16,,,,,,0.514741817011252,0.42268317400927025,0.514741817011252,0.42268317400927025,0.38992537313432835,536,209,0.37644282224730014,0.3068585766411173,0.35491947361878834,0.33945895501779894,0.06651845175921851,0.750684049573475,0.2738935691040711,0.27750930794406137,,0.0
A,A|n600|mis0.4|clo|slo,0,d:cons,,,,,,0.4979441932604656,0.4007168176790283,0.4752352106287403,0.3746319885355526,0.38992537313432835,536,209,0.8187092081344399,0.1255145807182018,0.8153768331237667,0.14110268289615122,0.02495482850590104,0.833896668276195,0.490325530881134,0.5151366095783214,,0.45
A,A|n600|mis0.4|clo|slo,0,d:kmmatch,,,,,,0.5013022548029791,0.3905461703389141,,,0.38992537313432835,536,209,,,,,,,,,,0.05
A,A|n600|mis0.4|clo|slo,0,d:random,,,,,,0.5092694204234524,0.41649245279968705,,,0.38992537313432835,536,209,,,,,,,,,,0.0
A,A|n600|mis0.4|chi|slo,0,b:default,0.04316738949494181,0.06713020758630417,0.37,0.42201834862385323,0.3157894736842105,,,,,,536,209,,,,,,,,,,0.44
A,A|n600|mis0.4|chi|slo,0,b:rank16,0.05880106716973588,0.0759671021182953,0.36666666666666664,0.41284403669724773,0.3157894736842105,,,,,,536,209,,,,,,,,,,0.24
A,A|n600|mis0.4|chi|slo,0,b:robust,0.5805472245169186,0.09073379275353569,0.915,1.0,0.84688995215311,,,,,,536,209,,,,,,,,,,0.45
A,A|n600|mis0.4|chi|slo,0,b:alpha05,0.05341275212959096,0.07430907503659126,0.3616666666666667,0.3761467889908257,0.36363636363636365,,,,,,536,209,,,,,,,,,,0.42
A,A|n600|mis0.4|chi|slo,0,b:concat05,0.12824423792820128,0.06930338200314112,0.38,0.42813455657492355,0.33014354066985646,,,,,,536,209,,,,,,,,,,0.44
A,A|n600|mis0.4|chi|slo,0,b:text_only,0.06507113724766,0.07771014882551203,0.3416666666666667,0.3516819571865443,0.3588516746411483,,,,,,536,209,,,,,,,,,,1.53
A,A|n600|mis0.4|chi|slo,0,b:image_only,0.01604058353806459,0.07491575957189725,0.31833333333333336,0.3516819571865443,0.2679425837320574,,,,,,536,209,,,,,,,,,,0.91
A,A|n600|mis0.4|chi|slo,0,b:structure_only,0.06182155555497615,0.0857934449093112,0.38333333333333336,0.42507645259938837,0.3492822966507177,,,,,,536,209,,,,,,,,,,0.08
A,A|n600|mis0.4|chi|slo,0,b:spectral,0.7560190629279115,0.09501717336772462,0.9533333333333334,1.0,0.9234449760765551,,,,,,536,209,,,,,,,,,,0.09
A,A|n600|mis0.4|chi|slo,0,b:kmeans_content,0.2502273948338487,0.03018889630564967,0.625,1.0,0.0,,,,,,536,209,,,,,,,,,,0.08
A,A|n600|mis0.4|chi|slo,0,d:default,,,,,,0.6021977378809826,0.4898588372744675,0.6021977378809826,0.4898588372744675,0.38992537313432835,536,209,0.8444519933141692,0.11556092228491924,0.8038568017760235,0.1310453966079007,0.3285836465402417,0.782011325227163,0.6496573110095365,0.6075737495441437,,0.01
A,A|n600|mis0.4|chi|slo,0,d:rank16,,,,,,0.977642187202786,0.9699347198793614,0.977642187202786,0.9699347198793614,0.38992537313432835,536,209,0.7407257876970149,0.15673482376705505,0.14802767364972938,0.2504001572572547,2.837434856098956,0.1547342083315043,0.5438157577415712,0.1512887771345618,,0.0
A,A|n600|mis0.4|chi|slo,0,d:cons,,,,,,0.6021977378809826,0.4898588372744675,0.5959059450126568,0.5104957877013194,0.38992537313432835,536,209,0.8444519933141692,0.11556092228491924,0.8038568017760235,0.1310453966079007,0.3285836465402417,0.782011325227163,0.5374660607619537,0.4413808523006752,,0.47
A,A|n600|mis0.4|chi|slo,0,d:kmmatch,,,,,,1.0,1.0,,,0.38992537313432835,536,209,,,,,,,,,,0.03
A,A|n600|mis0.4|chi|slo,0,d:random,,,,,,0.5092694204234524,0.41649245279968705,,,0.38992537313432835,536,209,,,,,,,,,,0.0
B,B|crisismmd|q0.0,0,b:default,0.590905302529789,0.5197824512523282,0.92375,0.92375,nan,,,,,,800,0,,,,,,,,,,0.78
B,B|crisismmd|q0.0,0,b:rank16,0.7587872490260358,0.3719536274322481,0.6875,0.6875,nan,,,,,,800,0,,,,,,,,,,0.31
B,B|crisismmd|q0.0,0,b:robust,0.6735278102971248,0.5197540648876734,0.93125,0.93125,nan,,,,,,800,0,,,,,,,,,,0.97
B,B|crisismmd|q0.0,0,b:alpha05,0.6632259773142936,0.3744415657374863,0.735,0.735,nan,,,,,,800,0,,,,,,,,,,0.91
B,B|crisismmd|q0.0,0,b:concat05,0.718856719673997,0.40944822889793836,0.745,0.745,nan,,,,,,800,0,,,,,,,,,,0.95
B,B|crisismmd|q0.0,0,b:text_only,0.6695765004200093,0.4308021593384174,0.70875,0.70875,nan,,,,,,800,0,,,,,,,,,,0.41
B,B|crisismmd|q0.0,0,b:image_only,0.6747039582158036,0.43306348785124255,0.6875,0.6875,nan,,,,,,800,0,,,,,,,,,,0.7
B,B|crisismmd|q0.0,0,b:structure_only,0.5992508767181561,0.4831182712339944,0.8425,0.8425,nan,,,,,,800,0,,,,,,,,,,0.05
B,B|crisismmd|q0.0,0,b:spectral,0.8788156780705653,0.5166905339443814,0.96875,0.96875,nan,,,,,,800,0,,,,,,,,,,0.11
B,B|crisismmd|q0.0,0,b:kmeans_content,0.3943730374016603,0.20111718439393395,0.6025,0.6025,nan,,,,,,800,0,,,,,,,,,,0.31
B,B|crisismmd|q0.0,0,d:default,,,,,,nan,nan,nan,nan,0.0,800,0,0.8422749864977804,0.14875036328981395,,,,,0.6430985242576375,,,0.0
B,B|crisismmd|q0.0,0,d:rank16,,,,,,nan,nan,nan,nan,0.0,800,0,0.6150045755613288,0.2792790019585237,,,,,0.4497171238303191,,,0.0
B,B|crisismmd|q0.0,0,d:cons,,,,,,nan,nan,nan,nan,0.0,800,0,0.8422749864977804,0.14875036328981395,,,,,0.499375,,,0.92
B,B|crisismmd|q0.0,0,d:kmmatch,,,,,,nan,nan,,,0.0,800,0,,,,,,,,,,0.14
B,B|crisismmd|q0.0,0,d:random,,,,,,nan,nan,,,0.0,800,0,,,,,,,,,,0.0
B,B|crisismmd|q0.1,0,b:default,0.305255840778474,0.47401072473254796,0.74875,0.7517433751743375,0.7228915662650602,,,,,,800,83,,,,,,,,,,0.99
B,B|crisismmd|q0.1,0,b:rank16,0.7448615808857931,0.3805079640592225,0.70875,0.7140864714086471,0.6626506024096386,,,,,,800,83,,,,,,,,,,0.33
B,B|crisismmd|q0.1,0,b:robust,0.6561658755600009,0.5189164265679471,0.93,0.9372384937238494,0.8674698795180723,,,,,,800,83,,,,,,,,,,0.92
B,B|crisismmd|q0.1,0,b:alpha05,0.5289836929257028,0.5173887088203694,0.8875,0.899581589958159,0.7831325301204819,,,,,,800,83,,,,,,,,,,0.88
B,B|crisismmd|q0.1,0,b:concat05,0.7007263552382532,0.45731699026215905,0.8225,0.8242677824267782,0.8072289156626506,,,,,,800,83,,,,,,,,,,0.92
B,B|crisismmd|q0.1,0,b:text_only,0.6695765004200093,0.4308021593384174,0.70875,0.7140864714086471,0.6626506024096386,,,,,,800,83,,,,,,,,,,0.38
B,B|crisismmd|q0.1,0,b:image_only,0.6751388502488614,0.4339784617569147,0.68875,0.6889818688981869,0.6867469879518072,,,,,,800,83,,,,,,,,,,0.72
B,B|crisismmd|q0.1,0,b:structure_only,0.5992508767181561,0.4831182712339944,0.8425,0.8479776847977685,0.7951807228915663,,,,,,800,83,,,,,,,,,,0.03
B,B|crisismmd|q0.1,0,b:spectral,0.8830104006688898,0.5197159514341725,0.97125,0.9762900976290098,0.927710843373494,,,,,,800,83,,,,,,,,,,0.09
B,B|crisismmd|q0.1,0,b:kmeans_content,0.4110265605504402,0.21764819408123587,0.64625,0.6471408647140865,0.6385542168674698,,,,,,800,83,,,,,,,,,,0.25
B,B|crisismmd|q0.1,0,d:default,,,,,,0.5690544605199039,0.15252138391094663,0.5690544605199039,0.15252138391094663,0.10375,800,83,0.8317034992419382,0.16369014798814788,0.7760238417732063,0.24148047463501382,0.26991572490111293,0.8214951857639764,0.6345095571122203,0.5953978269432806,,0.0
B,B|crisismmd|q0.1,0,d:rank16,,,,,,0.8000369679555039,0.3347020294010777,0.8000369679555039,0.3347020294010777,0.10375,800,83,0.6112400078408295,0.2727398717477392,0.25084252815037605,0.33928935244469843,1.1708121104248548,0.4637293945657106,0.4439251497306787,0.225008992620633,,0.0
B,B|crisismmd|q0.1,0,d:cons,,,,,,0.5690544605199039,0.15252138391094663,0.5733897934835577,0.13854611832472713,0.10375,800,83,0.8317034992419382,0.16369014798814788,0.7760238417732063,0.24148047463501382,0.26991572490111293,0.8214951857639764,0.5070084555880636,0.43343298004046266,,0.95
B,B|crisismmd|q0.1,0,d:kmmatch,,,,,,0.5799264001613147,0.12150648434144047,,,0.10375,800,83,,,,,,,,,,0.12
B,B|crisismmd|q0.1,0,d:random,,,,,,0.48525482683873566,0.10091622073227821,,,0.10375,800,83,,,,,,,,,,0.0
B,B|crisismmd|q0.2,0,b:default,0.6073961950595276,0.5262541658611313,0.84375,0.8471138845553822,0.8301886792452831,,,,,,800,159,,,,,,,,,,0.89
B,B|crisismmd|q0.2,0,b:rank16,0.6857760668481656,0.4677662683887477,0.85,0.859594383775351,0.8113207547169812,,,,,,800,159,,,,,,,,,,0.3
B,B|crisismmd|q0.2,0,b:robust,0.6465985390502329,0.5200354601546854,0.92875,0.9344773790951638,0.9056603773584906,,,,,,800,159,,,,,,,,,,0.91
B,B|crisismmd|q0.2,0,b:alpha05,0.5856556891578928,0.49988386065102214,0.85625,0.8611544461778471,0.8364779874213837,,,,,,800,159,,,,,,,,,,0.88
B,B|crisismmd|q0.2,0,b:concat05,0.6601980460441538,0.3130668147248127,0.63375,0.6287051482059283,0.6540880503144654,,,,,,800,159,,,,,,,,,,0.98
B,B|crisismmd|q0.2,0,b:text_only,0.6695765004200093,0.4308021593384174,0.70875,0.7067082683307332,0.7169811320754716,,,,,,800,159,,,,,,,,,,0.41
B,B|crisismmd|q0.2,0,b:image_only,0.6751388502488614,0.4339784617569147,0.68875,0.6879875195007801,0.6918238993710691,,,,,,800,159,,,,,,,,,,0.8
B,B|crisismmd|q0.2,0,b:structure_only,0.5992508767181561,0.4831182712339944,0.8425,0.8455538221528861,0.8301886792452831,,,,,,800,159,,,,,,,,,,0.03
B,B|crisismmd|q0.2,0,b:spectral,0.8803819986037473,0.517328359032581,0.96875,0.9797191887675507,0.9245283018867925,,,,,,800,159,,,,,,,,,,0.12
B,B|crisismmd|q0.2,0,b:kmeans_content,0.39858882125429607,0.1961276480221314,0.615,0.6068642745709828,0.6477987421383647,,,,,,800,159,,,,,,,,,,0.3
B,B|crisismmd|q0.2,0,d:default,,,,,,0.6123882691156702,0.25967036276631555,0.6123882691156702,0.25967036276631555,0.19875,800,159,0.8228937551419966,0.16375923077890336,0.7708268886755748,0.1771684427406956,0.30520631924379243,0.7482118152650634,0.626021003966135,0.5780734085574916,,0.0
B,B|crisismmd|q0.2,0,d:rank16,,,,,,0.7937283529077013,0.4692360424211818,0.7937283529077013,0.4692360424211818,0.19875,800,159,0.5912214056037138,0.2734998269602456,0.2606487236671726,0.32333657148957046,1.1039079220874903,0.5276052551536023,0.42710987194554956,0.21897053650595724,,0.0
B,B|crisismmd|q0.2,0,d:cons,,,,,,0.6123882691156702,0.25967036276631555,0.5674408108399807,0.2260491352895912,0.19875,800,159,0.8228937551419966,0.16375923077890336,0.7708268886755748,0.1771684427406956,0.30520631924379243,0.7482118152650634,0.5128128433408012,0.4452010529468325,,0.86
B,B|crisismmd|q0.2,0,d:kmmatch,,,,,,0.5766343861301622,0.22728509726236482,,,0.19875,800,159,,,,,,,,,,0.11
B,B|crisismmd|q0.2,0,d:random,,,,,,0.4951971663772211,0.1928897664829718,,,0.19875,800,159,,,,,,,,,,0.0
B,B|crisismmd|q0.4,0,b:default,0.6039015709077309,0.5263497632719433,0.84125,0.8526970954356846,0.8238993710691824,,,,,,800,318,,,,,,,,,,0.83
B,B|crisismmd|q0.4,0,b:rank16,0.6693866739361413,0.4546849655311716,0.8,0.7946058091286307,0.8081761006289309,,,,,,800,318,,,,,,,,,,0.3
B,B|crisismmd|q0.4,0,b:robust,0.5885917995566208,0.5246147016434094,0.91125,0.9107883817427386,0.9119496855345912,,,,,,800,318,,,,,,,,,,0.94
B,B|crisismmd|q0.4,0,b:alpha05,0.5490468365164158,0.5038871329692208,0.835,0.8464730290456431,0.8176100628930818,,,,,,800,318,,,,,,,,,,0.89
B,B|crisismmd|q0.4,0,b:concat05,0.6581635469897164,0.3418427440582026,0.685,0.6784232365145229,0.6949685534591195,,,,,,800,318,,,,,,,,,,0.89
B,B|crisismmd|q0.4,0,b:text_only,0.6695765004200093,0.4308021593384174,0.70875,0.7053941908713693,0.7138364779874213,,,,,,800,318,,,,,,,,,,0.51
B,B|crisismmd|q0.4,0,b:image_only,0.6657033437533362,0.466327579652202,0.81375,0.8132780082987552,0.8144654088050315,,,,,,800,318,,,,,,,,,,0.86
B,B|crisismmd|q0.4,0,b:structure_only,0.5992508767181561,0.4831182712339944,0.8425,0.8257261410788381,0.8679245283018868,,,,,,800,318,,,,,,,,,,0.05
B,B|crisismmd|q0.4,0,b:spectral,0.9014183029806145,0.5176430355863767,0.975,0.9813278008298755,0.9654088050314465,,,,,,800,318,,,,,,,,,,0.11
B,B|crisismmd|q0.4,0,b:kmeans_content,0.38857224560827675,0.1958873575499216,0.61125,0.6141078838174274,0.6069182389937107,,,,,,800,318,,,,,,,,,,0.28
B,B|crisismmd|q0.4,0,d:default,,,,,,0.5498903937994206,0.4402208751127442,0.5498903937994206,0.4402208751127442,0.3975,800,318,0.8144895110905577,0.16081736863567897,0.7886803825795757,0.18603779341331728,0.148426054305724,0.865432292074428,0.6161430701134525,0.5972011101829935,,0.0
B,B|crisismmd|q0.4,0,d:rank16,,,,,,0.7303296015031708,0.5858007892588903,0.7303296015031708,0.5858007892588903,0.3975,800,318,0.5575318392290258,0.2904702031941236,0.32778011124671275,0.30004902053127464,0.7780322754984513,0.6118244213053576,0.4050463839013998,0.24402808467556814,,0.0
B,B|crisismmd|q0.4,0,d:cons,,,,,,0.5498903937994206,0.4402208751127442,0.531162739111146,0.41769062538239,0.3975,800,318,0.8144895110905577,0.16081736863567897,0.7886803825795757,0.18603779341331728,0.148426054305724,0.865432292074428,0.5117929678969207,0.4805527970870573,,0.83
B,B|crisismmd|q0.4,0,d:kmmatch,,,,,,0.5895639239019808,0.44649205561072497,,,0.3975,800,318,,,,,,,,,,0.11
B,B|crisismmd|q0.4,0,d:random,,,,,,0.5023943735483702,0.3866713433744948,,,0.3975,800,318,,,,,,,,,,0.0
B,B|fakeddit_real_lcc|q0.0,0,b:default,0.13624927109591334,0.5471847152793584,0.4797297297297297,0.4778156996587031,nan,,,,,,586,0,,,,,,,,,,0.53
B,B|fakeddit_real_lcc|q0.0,0,b:rank16,0.1880881135198592,0.710563312056517,0.3918918918918919,0.3890784982935154,nan,,,,,,586,0,,,,,,,,,,0.22
B,B|fakeddit_real_lcc|q0.0,0,b:robust,0.2311556474308114,0.7500621719851361,0.47128378378378377,0.4709897610921502,nan,,,,,,586,0,,,,,,,,,,0.62
B,B|fakeddit_real_lcc|q0.0,0,b:alpha05,0.16523562791707036,0.6673553068816065,0.4239864864864865,0.4232081911262799,nan,,,,,,586,0,,,,,,,,,,0.53
B,B|fakeddit_real_lcc|q0.0,0,b:concat05,0.17492375281233152,0.6481813022650283,0.38513513513513514,0.3822525597269625,nan,,,,,,586,0,,,,,,,,,,0.56
B,B|fakeddit_real_lcc|q0.0,0,b:text_only,0.2105948863430167,0.7683001310039427,0.3935810810810811,0.39078498293515357,nan,,,,,,586,0,,,,,,,,,,0.33
B,B|fakeddit_real_lcc|q0.0,0,b:image_only,0.21690327448983604,0.7686022433030404,0.3918918918918919,0.39078498293515357,nan,,,,,,586,0,,,,,,,,,,0.24
B,B|fakeddit_real_lcc|q0.0,0,b:structure_only,0.21751675123407788,0.7686022433030404,0.3918918918918919,0.39078498293515357,nan,,,,,,586,0,,,,,,,,,,0.08
B,B|fakeddit_real_lcc|q0.0,0,b:spectral,0.5227766958073978,0.6186289805504904,0.7280405405405406,0.7286689419795221,nan,,,,,,586,0,,,,,,,,,,0.06
B,B|fakeddit_real_lcc|q0.0,0,b:kmeans_content,0.24680504946879145,0.3670097485229628,0.5304054054054054,0.5324232081911263,nan,,,,,,586,0,,,,,,,,,,0.12
B,B|fakeddit_real_lcc|q0.0,0,d:default,,,,,,nan,nan,nan,nan,0.0,586,0,0.8018690995901233,0.1995493333733036,,,,,0.6105239845961195,,,0.0
B,B|fakeddit_real_lcc|q0.0,0,d:rank16,,,,,,nan,nan,nan,nan,0.0,586,0,0.513973279793845,0.3107574530942305,,,,,0.3762515510928396,,,0.0
B,B|fakeddit_real_lcc|q0.0,0,d:cons,,,,,,nan,nan,nan,nan,0.0,586,0,0.8018690995901233,0.1995493333733036,,,,,0.5,,,0.47
B,B|fakeddit_real_lcc|q0.0,0,d:kmmatch,,,,,,nan,nan,,,0.0,586,0,,,,,,,,,,0.08
B,B|fakeddit_real_lcc|q0.0,0,d:random,,,,,,nan,nan,,,0.0,586,0,,,,,,,,,,0.0
B,B|fakeddit_real_lcc|q0.1,0,b:default,0.13099396990325074,0.6089254520441703,0.41047297297297297,0.41412213740458015,0.3709677419354839,,,,,,586,62,,,,,,,,,,0.52
B,B|fakeddit_real_lcc|q0.1,0,b:rank16,0.18210987029082293,0.712131536180819,0.3918918918918919,0.3816793893129771,0.45161290322580644,,,,,,586,62,,,,,,,,,,0.31
B,B|fakeddit_real_lcc|q0.1,0,b:robust,0.22098113959470145,0.7412095155848311,0.46959459459459457,0.46946564885496184,0.46774193548387094,,,,,,586,62,,,,,,,,,,0.52
B,B|fakeddit_real_lcc|q0.1,0,b:alpha05,0.15082116329553807,0.5523360675248447,0.40540540540540543,0.4122137404580153,0.3387096774193548,,,,,,586,62,,,,,,,,,,0.47
B,B|fakeddit_real_lcc|q0.1,0,b:concat05,0.14278393516260546,0.5904573263841558,0.4831081081081081,0.4866412213740458,0.45161290322580644,,,,,,586,62,,,,,,,,,,0.5
B,B|fakeddit_real_lcc|q0.1,0,b:text_only,0.2105948863430167,0.7683001310039427,0.3935810810810811,0.3816793893129771,0.46774193548387094,,,,,,586,62,,,,,,,,,,0.33
B,B|fakeddit_real_lcc|q0.1,0,b:image_only,0.21690327448983604,0.7686022433030404,0.3918918918918919,0.3797709923664122,0.4838709677419355,,,,,,586,62,,,,,,,,,,0.25
B,B|fakeddit_real_lcc|q0.1,0,b:structure_only,0.21751675123407788,0.7686022433030404,0.3918918918918919,0.3797709923664122,0.4838709677419355,,,,,,586,62,,,,,,,,,,0.05
B,B|fakeddit_real_lcc|q0.1,0,b:spectral,0.5226564468597222,0.618194543274261,0.7263513513513513,0.7194656488549618,0.7903225806451613,,,,,,586,62,,,,,,,,,,0.08
B,B|fakeddit_real_lcc|q0.1,0,b:kmeans_content,0.20039890417800033,0.3068260193322722,0.5304054054054054,0.5515267175572519,0.3870967741935484,,,,,,586,62,,,,,,,,,,0.14
B,B|fakeddit_real_lcc|q0.1,0,d:default,,,,,,0.5274255109578921,0.10724706509081625,0.5274255109578921,0.10724706509081625,0.10580204778156997,586,62,0.7975804446984825,0.21167527539150477,0.8173247008116395,0.12987978722038293,-0.1124347493693446,0.7589263728145776,0.6099657200077486,0.6204426397090202,,0.02
B,B|fakeddit_real_lcc|q0.1,0,d:rank16,,,,,,0.7364257572026595,0.2213154404400711,0.7364257572026595,0.2213154404400711,0.10580204778156997,586,62,0.5090134424231749,0.31241403399569995,0.24420589592987743,0.3113984424150144,0.8489961505085983,0.5589140605762127,0.3721665625919819,0.20962832107515025,,0.0
B,B|fakeddit_real_lcc|q0.1,0,d:cons,,,,,,0.5274255109578921,0.10724706509081625,0.6873614873183945,0.21130303149538035,0.10580204778156997,586,62,0.7975804446984825,0.21167527539150477,0.8173247008116395,0.12987978722038293,-0.1124347493693446,0.7589263728145776,0.5198571148952829,0.3321753515301903,,0.48
B,B|fakeddit_real_lcc|q0.1,0,d:kmmatch,,,,,,0.5542661905934498,0.11769668581024822,,,0.10580204778156997,586,62,,,,,,,,,,0.06
B,B|fakeddit_real_lcc|q0.1,0,d:random,,,,,,0.4889805466633834,0.10134980273789153,,,0.10580204778156997,586,62,,,,,,,,,,0.0
B,B|fakeddit_real_lcc|q0.2,0,b:default,0.097638114705761,0.4301990234582254,0.4527027027027027,0.44849785407725323,0.48333333333333334,,,,,,586,120,,,,,,,,,,0.52
B,B|fakeddit_real_lcc|q0.2,0,b:rank16,0.18841932152850682,0.7137665524129277,0.3935810810810811,0.38626609442060084,0.4083333333333333,,,,,,586,120,,,,,,,,,,0.23
B,B|fakeddit_real_lcc|q0.2,0,b:robust,0.21146917475216798,0.7320860238042012,0.46790540540540543,0.4678111587982833,0.4666666666666667,,,,,,586,120,,,,,,,,,,0.56
B,B|fakeddit_real_lcc|q0.2,0,b:alpha05,0.15136722856945695,0.5559796449229644,0.3935810810810811,0.388412017167382,0.4,,,,,,586,120,,,,,,,,,,0.53
B,B|fakeddit_real_lcc|q0.2,0,b:concat05,0.12410353742449165,0.5797682338927279,0.48817567567567566,0.48068669527896996,0.5166666666666667,,,,,,586,120,,,,,,,,,,0.55
B,B|fakeddit_real_lcc|q0.2,0,b:text_only,0.2105948863430167,0.7683001310039427,0.3935810810810811,0.38626609442060084,0.4083333333333333,,,,,,586,120,,,,,,,,,,0.33
B,B|fakeddit_real_lcc|q0.2,0,b:image_only,0.21690327448983604,0.7686022433030404,0.3918918918918919,0.388412017167382,0.4,,,,,,586,120,,,,,,,,,,0.26
B,B|fakeddit_real_lcc|q0.2,0,b:structure_only,0.21751675123407788,0.7686022433030404,0.3918918918918919,0.388412017167382,0.4,,,,,,586,120,,,,,,,,,,0.06
B,B|fakeddit_real_lcc|q0.2,0,b:spectral,0.5227766958073978,0.6118829601725838,0.7280405405405406,0.723175965665236,0.75,,,,,,586,120,,,,,,,,,,0.06
B,B|fakeddit_real_lcc|q0.2,0,b:kmeans_content,0.1949631742168787,0.342912739402077,0.6114864864864865,0.6373390557939914,0.5166666666666667,,,,,,586,120,,,,,,,,,,0.17
B,B|fakeddit_real_lcc|q0.2,0,d:default,,,,,,0.5214771101573678,0.21342612258850294,0.5214771101573678,0.21342612258850294,0.20477815699658702,586,120,0.7914507854999722,0.20719420210703654,0.7917710569465581,0.18677869060917346,-0.0016236766997795322,0.7879113018597997,0.6026010360960703,0.6009257516071819,,0.02
B,B|fakeddit_real_lcc|q0.2,0,d:rank16,,,,,,0.6968526466380544,0.33872167588230395,0.6968526466380544,0.33872167588230395,0.20477815699658702,586,120,0.49668023102598485,0.3137362985123685,0.28123330670174007,0.3278040347225296,0.6714936975865909,0.6016809728183119,0.36476440677428645,0.23154327340580488,,0.0
B,B|fakeddit_real_lcc|q0.2,0,d:cons,,,,,,0.5214771101573678,0.21342612258850294,0.5762517882689557,0.2665741041196453,0.20477815699658702,586,120,0.7914507854999722,0.20719420210703654,0.7917710569465581,0.18677869060917346,-0.0016236766997795322,0.7879113018597997,0.5156413924654268,0.43925925925925924,,0.56
B,B|fakeddit_real_lcc|q0.2,0,d:kmmatch,,,,,,0.5912374821173104,0.24124917109257601,,,0.20477815699658702,586,120,,,,,,,,,,0.08
B,B|fakeddit_real_lcc|q0.2,0,d:random,,,,,,0.5044349070100143,0.20113140044227262,,,0.20477815699658702,586,120,,,,,,,,,,0.0
B,B|fakeddit_real_lcc|q0.4,0,b:default,0.08019686210035037,0.44192910974719257,0.4375,0.42134831460674155,0.46956521739130436,,,,,,586,230,,,,,,,,,,0.47
B,B|fakeddit_real_lcc|q0.4,0,b:rank16,0.17437547905890693,0.7299333439599069,0.3902027027027027,0.398876404494382,0.3695652173913043,,,,,,586,230,,,,,,,,,,0.28
B,B|fakeddit_real_lcc|q0.4,0,b:robust,0.2040530626903927,0.7119267991611746,0.46452702702702703,0.49157303370786515,0.4217391304347826,,,,,,586,230,,,,,,,,,,0.58
B,B|fakeddit_real_lcc|q0.4,0,b:alpha05,0.06545021637917126,0.53577662093404,0.48817567567567566,0.4747191011235955,0.508695652173913,,,,,,586,230,,,,,,,,,,0.47
B,B|fakeddit_real_lcc|q0.4,0,b:concat05,0.1708231184481923,0.5976757827254424,0.48817567567567566,0.4887640449438202,0.48695652173913045,,,,,,586,230,,,,,,,,,,0.53
B,B|fakeddit_real_lcc|q0.4,0,b:text_only,0.2105948863430167,0.7683001310039427,0.3935810810810811,0.40168539325842695,0.3739130434782609,,,,,,586,230,,,,,,,,,,0.33
B,B|fakeddit_real_lcc|q0.4,0,b:image_only,0.21690327448983604,0.7686022433030404,0.3918918918918919,0.40730337078651685,0.3652173913043478,,,,,,586,230,,,,,,,,,,0.25
B,B|fakeddit_real_lcc|q0.4,0,b:structure_only,0.21751675123407788,0.7686022433030404,0.3918918918918919,0.40730337078651685,0.3652173913043478,,,,,,586,230,,,,,,,,,,0.05
B,B|fakeddit_real_lcc|q0.4,0,b:spectral,0.5114435522603629,0.6172815254172448,0.722972972972973,0.7471910112359551,0.6869565217391305,,,,,,586,230,,,,,,,,,,0.06
B,B|fakeddit_real_lcc|q0.4,0,b:kmeans_content,0.16038103450771435,0.18541685008699416,0.44932432432432434,0.5533707865168539,0.2956521739130435,,,,,,586,230,,,,,,,,,,0.17
B,B|fakeddit_real_lcc|q0.4,0,d:default,,,,,,0.5514533463605277,0.4335090840587603,0.5514533463605277,0.4335090840587603,0.3924914675767918,586,230,0.808258578835311,0.19090550699789924,0.7824458035941548,0.20291598007861106,0.13102779026168665,0.8115290669272105,0.6159800821932462,0.5935330710927929,,0.0
B,B|fakeddit_real_lcc|q0.4,0,d:rank16,,,,,,0.6354909623839765,0.5021631117397425,0.6354909623839765,0.5021631117397425,0.3924914675767918,586,230,0.4678651182606886,0.33854618091474725,0.31436135011554367,0.3451830404879025,0.4489980303831605,0.7496336101612115,0.35210275758792603,0.25210660254726375,,0.0
B,B|fakeddit_real_lcc|q0.4,0,d:cons,,,,,,0.5514533463605277,0.4335090840587603,0.5477161700048852,0.4429806848197795,0.3924914675767918,586,230,0.808258578835311,0.19090550699789924,0.7824458035941548,0.20291598007861106,0.13102779026168665,0.8115290669272105,0.5187602035916643,0.4709624674842066,,0.49
B,B|fakeddit_real_lcc|q0.4,0,d:kmmatch,,,,,,0.5963605276013678,0.4465282454598377,,,0.3924914675767918,586,230,,,,,,,,,,0.09
B,B|fakeddit_real_lcc|q0.4,0,d:random,,,,,,0.5034440644846117,0.39816990032141036,,,0.3924914675767918,586,230,,,,,,,,,,0.0
B,B|fakeddit|q0.0,0,b:default,0.32404460142087477,0.28399931936023204,0.45916666666666667,0.4540682414698163,nan,,,,,,1143,0,,,,,,,,,,1.95
B,B|fakeddit|q0.0,0,b:rank16,0.7328147293718531,0.35073453436697943,0.76,0.7541557305336833,nan,,,,,,1143,0,,,,,,,,,,0.66
B,B|fakeddit|q0.0,0,b:robust,0.6767228106637884,0.3431727083405146,0.7658333333333334,0.7567804024496938,nan,,,,,,1143,0,,,,,,,,,,2.31
B,B|fakeddit|q0.0,0,b:alpha05,0.39390940751967973,0.29359760843708427,0.5483333333333333,0.5433070866141733,nan,,,,,,1143,0,,,,,,,,,,2.17
B,B|fakeddit|q0.0,0,b:concat05,0.3364776771910618,0.28878690320251255,0.47833333333333333,0.4715660542432196,nan,,,,,,1143,0,,,,,,,,,,2.55
B,B|fakeddit|q0.0,0,b:text_only,0.7866012417133639,0.33995886666407477,0.7416666666666667,0.7410323709536308,nan,,,,,,1143,0,,,,,,,,,,1.52
B,B|fakeddit|q0.0,0,b:image_only,0.7720185176980454,0.33791322704237015,0.7333333333333333,0.7296587926509186,nan,,,,,,1143,0,,,,,,,,,,1.16
B,B|fakeddit|q0.0,0,b:structure_only,0.8175660382680203,0.37338005725352347,0.8208333333333333,0.8162729658792651,nan,,,,,,1143,0,,,,,,,,,,0.17
B,B|fakeddit|q0.0,0,b:spectral,0.5550827656017339,0.36495366825268355,0.8108333333333333,0.8153980752405949,nan,,,,,,1143,0,,,,,,,,,,0.31
B,B|fakeddit|q0.0,0,b:kmeans_content,0.08148429537517676,0.1358541343951137,0.4225,0.4339457567804024,nan,,,,,,1143,0,,,,,,,,,,0.76
B,B|fakeddit|q0.0,0,d:default,,,,,,nan,nan,nan,nan,0.0,1143,0,0.8424745859106038,0.1373686276618409,,,,,0.6442848189214795,,,0.0
B,B|fakeddit|q0.0,0,d:rank16,,,,,,nan,nan,nan,nan,0.0,1143,0,0.5704187560660275,0.29079368739232164,,,,,0.41487539561426223,,,0.0
B,B|fakeddit|q0.0,0,d:cons,,,,,,nan,nan,nan,nan,0.0,1143,0,0.8424745859106038,0.1373686276618409,,,,,0.5,,,2.31
B,B|fakeddit|q0.0,0,d:kmmatch,,,,,,nan,nan,,,0.0,1143,0,,,,,,,,,,0.23
B,B|fakeddit|q0.0,0,d:random,,,,,,nan,nan,,,0.0,1143,0,,,,,,,,,,0.0
A,A|n300|mis0.0|chi|shi,1,b:default,0.8366911673306238,0.49883619744412244,1.0,1.0,nan,,,,,,262,0,,,,,,,,,,0.12
A,A|n300|mis0.0|chi|shi,1,b:rank16,0.844996970669928,0.49883619744412244,1.0,1.0,nan,,,,,,262,0,,,,,,,,,,0.09
A,A|n300|mis0.0|chi|shi,1,b:robust,0.844996970669928,0.49883619744412244,1.0,1.0,nan,,,,,,262,0,,,,,,,,,,0.16
A,A|n300|mis0.0|chi|shi,1,b:alpha05,0.8366911673306238,0.49883619744412244,1.0,1.0,nan,,,,,,262,0,,,,,,,,,,0.12
A,A|n300|mis0.0|chi|shi,1,b:concat05,0.844996970669928,0.49883619744412244,1.0,1.0,nan,,,,,,262,0,,,,,,,,,,0.16
A,A|n300|mis0.0|chi|shi,1,b:text_only,0.844996970669928,0.49883619744412244,1.0,1.0,nan,,,,,,262,0,,,,,,,,,,0.06
A,A|n300|mis0.0|chi|shi,1,b:image_only,0.844996970669928,0.49883619744412244,1.0,1.0,nan,,,,,,262,0,,,,,,,,,,0.08
A,A|n300|mis0.0|chi|shi,1,b:structure_only,0.8366911673306238,0.49883619744412244,1.0,1.0,nan,,,,,,262,0,,,,,,,,,,0.02
A,A|n300|mis0.0|chi|shi,1,b:spectral,0.844996970669928,0.49883619744412244,1.0,1.0,nan,,,,,,262,0,,,,,,,,,,0.03
A,A|n300|mis0.0|chi|shi,1,b:kmeans_content,0.844996970669928,0.49883619744412244,1.0,1.0,nan,,,,,,262,0,,,,,,,,,,0.02
A,A|n300|mis0.0|chi|shi,1,d:default,,,,,,nan,nan,nan,nan,0.0,262,0,0.8791232386620075,0.08577740096844194,,,,,0.6791760712807698,,,0.01
A,A|n300|mis0.0|chi|shi,1,d:rank16,,,,,,nan,nan,nan,nan,0.0,262,0,0.5830464267042232,0.23214253623103978,,,,,0.40687927025933707,,,0.0
A,A|n300|mis0.0|chi|shi,1,d:cons,,,,,,nan,nan,nan,nan,0.0,262,0,0.8791232386620075,0.08577740096844194,,,,,0.5,,,0.14
A,A|n300|mis0.0|chi|shi,1,d:kmmatch,,,,,,nan,nan,,,0.0,262,0,,,,,,,,,,0.02
A,A|n300|mis0.0|chi|shi,1,d:random,,,,,,nan,nan,,,0.0,262,0,,,,,,,,,,0.0
A,A|n300|mis0.0|chi|slo,1,b:default,0.3615770341153981,0.12820469584034358,0.9166666666666666,0.9541984732824428,nan,,,,,,262,0,,,,,,,,,,0.16
A,A|n300|mis0.0|chi|slo,1,b:rank16,0.3074076697959014,0.13052250140204352,0.7666666666666667,0.7900763358778626,nan,,,,,,262,0,,,,,,,,,,0.09
A,A|n300|mis0.0|chi|slo,1,b:robust,0.7328359903802493,0.1293005834679519,0.9866666666666667,1.0,nan,,,,,,262,0,,,,,,,,,,0.16
A,A|n300|mis0.0|chi|slo,1,b:alpha05,0.33661376512557895,0.12530261238132903,0.8233333333333334,0.851145038167939,nan,,,,,,262,0,,,,,,,,,,0.16
A,A|n300|mis0.0|chi|slo,1,b:concat05,0.7373954376911807,0.13038416481217088,0.9966666666666667,1.0,nan,,,,,,262,0,,,,,,,,,,0.16
A,A|n300|mis0.0|chi|slo,1,b:text_only,0.22750557296573548,0.12795836070390407,0.67,0.6793893129770993,nan,,,,,,262,0,,,,,,,,,,0.24
A,A|n300|mis0.0|chi|slo,1,b:image_only,0.2174769059529491,0.12959104666738167,0.6733333333333333,0.6755725190839694,nan,,,,,,262,0,,,,,,,,,,0.28
A,A|n300|mis0.0|chi|slo,1,b:structure_only,0.14332404027736612,0.13026923634431956,0.6,0.6068702290076335,nan,,,,,,262,0,,,,,,,,,,0.02
A,A|n300|mis0.0|chi|slo,1,b:spectral,0.844996970669928,0.13000928574540682,1.0,1.0,nan,,,,,,262,0,,,,,,,,,,0.03
A,A|n300|mis0.0|chi|slo,1,b:kmeans_content,0.844996970669928,0.13000928574540682,1.0,1.0,nan,,,,,,262,0,,,,,,,,,,0.05
A,A|n300|mis0.0|chi|slo,1,d:default,,,,,,nan,nan,nan,nan,0.0,262,0,0.8791232386620075,0.08577740096844194,,,,,0.6791760712807698,,,0.0
A,A|n300|mis0.0|chi|slo,1,d:rank16,,,,,,nan,nan,nan,nan,0.0,262,0,0.5830464267042232,0.23214253623103978,,,,,0.40687927025933707,,,0.0
A,A|n300|mis0.0|chi|slo,1,d:cons,,,,,,nan,nan,nan,nan,0.0,262,0,0.8791232386620075,0.08577740096844194,,,,,0.5,,,0.14
A,A|n300|mis0.0|chi|slo,1,d:kmmatch,,,,,,nan,nan,,,0.0,262,0,,,,,,,,,,0.0
A,A|n300|mis0.0|chi|slo,1,d:random,,,,,,nan,nan,,,0.0,262,0,,,,,,,,,,0.0
B,B|fakeddit|q0.1,0,b:default,0.22482163726797944,0.2566873809581947,0.4041666666666667,0.3933463796477495,0.4297520661157025,,,,,,1143,121,,,,,,,,,,2.06
B,B|fakeddit|q0.1,0,b:rank16,0.7295942916278253,0.37071669837398735,0.7833333333333333,0.7778864970645792,0.7603305785123967,,,,,,1143,121,,,,,,,,,,0.62
B,B|fakeddit|q0.1,0,b:robust,0.6618938493474729,0.3439617788064598,0.77,0.7544031311154599,0.8181818181818182,,,,,,1143,121,,,,,,,,,,2.34
B,B|fakeddit|q0.1,0,b:alpha05,0.3592272804453678,0.3031642461466411,0.44083333333333335,0.4324853228962818,0.47107438016528924,,,,,,1143,121,,,,,,,,,,2.62
B,B|fakeddit|q0.1,0,b:concat05,0.37394647774229695,0.3416295855360316,0.63,0.6448140900195695,0.49586776859504134,,,,,,1143,121,,,,,,,,,,2.55
B,B|fakeddit|q0.1,0,b:text_only,0.7866012417133639,0.33995886666407477,0.7416666666666667,0.7397260273972602,0.7520661157024794,,,,,,1143,121,,,,,,,,,,1.49
B,B|fakeddit|q0.1,0,b:image_only,0.7830347317201283,0.3387008004626648,0.7425,0.738747553816047,0.7603305785123967,,,,,,1143,121,,,,,,,,,,2.69
B,B|fakeddit|q0.1,0,b:structure_only,0.8175660382680203,0.37338005725352347,0.8208333333333333,0.8170254403131115,0.8099173553719008,,,,,,1143,121,,,,,,,,,,0.14
B,B|fakeddit|q0.1,0,b:spectral,0.6584127241624969,0.39565568245625776,0.8866666666666667,0.8962818003913894,0.8181818181818182,,,,,,1143,121,,,,,,,,,,0.3
B,B|fakeddit|q0.1,0,b:kmeans_content,0.04344441569134472,0.0927187897658723,0.3975,0.4481409001956947,0.1322314049586777,,,,,,1143,121,,,,,,,,,,0.59
B,B|fakeddit|q0.1,0,d:default,,,,,,0.6485419934984069,0.18753440991463216,0.6485419934984069,0.18753440991463216,0.10586176727909011,1143,121,0.832491211192439,0.1542455362786438,0.7418751766376612,0.22822255454559193,0.4652263940776254,0.7487506267082855,0.6360760218393482,0.5581123142435146,,0.02
B,B|fakeddit|q0.1,0,d:rank16,,,,,,0.7542899192961459,0.2568255232497494,0.7542899192961459,0.2568255232497494,0.10586176727909011,1143,121,0.5606367836248032,0.28822681180155185,0.276127915466023,0.3245261223063077,0.9269999137075151,0.6189128430722453,0.40558151915783774,0.22608924383079723,,0.0
B,B|fakeddit|q0.1,0,d:cons,,,,,,0.6485419934984069,0.18753440991463216,0.5947582927657649,0.14961720610277074,0.10586176727909011,1143,121,0.832491211192439,0.1542455362786438,0.7418751766376612,0.22822255454559193,0.4652263940776254,0.7487506267082855,0.5100400642947964,0.4151987957910582,,2.12
B,B|fakeddit|q0.1,0,d:kmmatch,,,,,,0.5871811874302535,0.12585896335600913,,,0.10586176727909011,1143,121,,,,,,,,,,0.2
B,B|fakeddit|q0.1,0,d:random,,,,,,0.5175882647862724,0.12318315547518174,,,0.10586176727909011,1143,121,,,,,,,,,,0.0
A,A|n300|mis0.0|clo|shi,1,b:default,0.7188618436228086,0.49883619744412244,1.0,1.0,nan,,,,,,262,0,,,,,,,,,,0.12
A,A|n300|mis0.0|clo|shi,1,b:rank16,0.8366911673306238,0.49883619744412244,1.0,1.0,nan,,,,,,262,0,,,,,,,,,,0.09
A,A|n300|mis0.0|clo|shi,1,b:robust,0.692706244435254,0.49883619744412244,1.0,1.0,nan,,,,,,262,0,,,,,,,,,,0.16
A,A|n300|mis0.0|clo|shi,1,b:alpha05,0.7879678681857922,0.49883619744412244,1.0,1.0,nan,,,,,,262,0,,,,,,,,,,0.12
A,A|n300|mis0.0|clo|shi,1,b:concat05,0.7400999971611726,0.49883619744412244,1.0,1.0,nan,,,,,,262,0,,,,,,,,,,0.14
A,A|n300|mis0.0|clo|shi,1,b:text_only,0.8366911673306238,0.49883619744412244,1.0,1.0,nan,,,,,,262,0,,,,,,,,,,0.05
A,A|n300|mis0.0|clo|shi,1,b:image_only,0.8366911673306238,0.49883619744412244,1.0,1.0,nan,,,,,,262,0,,,,,,,,,,0.08
A,A|n300|mis0.0|clo|shi,1,b:structure_only,0.8366911673306238,0.49883619744412244,1.0,1.0,nan,,,,,,262,0,,,,,,,,,,0.0
A,A|n300|mis0.0|clo|shi,1,b:spectral,0.8323643481587404,0.49521189510754127,0.9966666666666667,1.0,nan,,,,,,262,0,,,,,,,,,,0.03
A,A|n300|mis0.0|clo|shi,1,b:kmeans_content,0.0,0.00543900658749065,0.31333333333333335,0.32061068702290074,nan,,,,,,262,0,,,,,,,,,,0.05
A,A|n300|mis0.0|clo|shi,1,d:default,,,,,,nan,nan,nan,nan,0.0,262,0,0.7802153312447229,0.16561344792704547,,,,,0.5881586896014431,,,0.0
A,A|n300|mis0.0|clo|shi,1,d:rank16,,,,,,nan,nan,nan,nan,0.0,262,0,0.3056450748166864,0.32379390885155246,,,,,0.2417958900113019,,,0.0
A,A|n300|mis0.0|clo|shi,1,d:cons,,,,,,nan,nan,nan,nan,0.0,262,0,0.7802153312447229,0.16561344792704547,,,,,0.5,,,0.12
A,A|n300|mis0.0|clo|shi,1,d:kmmatch,,,,,,nan,nan,,,0.0,262,0,,,,,,,,,,0.02
A,A|n300|mis0.0|clo|shi,1,d:random,,,,,,nan,nan,,,0.0,262,0,,,,,,,,,,0.0
A,A|n300|mis0.1|chi|shi,1,b:default,0.8366525133339977,0.49883619744412244,1.0,1.0,1.0,,,,,,268,28,,,,,,,,,,0.11
A,A|n300|mis0.1|chi|shi,1,b:rank16,0.844996970669928,0.49883619744412244,1.0,1.0,1.0,,,,,,268,28,,,,,,,,,,0.09
A,A|n300|mis0.1|chi|shi,1,b:robust,0.8165426327565561,0.49883619744412244,1.0,1.0,1.0,,,,,,268,28,,,,,,,,,,0.16
A,A|n300|mis0.1|chi|shi,1,b:alpha05,0.8366525133339977,0.49883619744412244,1.0,1.0,1.0,,,,,,268,28,,,,,,,,,,0.16
A,A|n300|mis0.1|chi|shi,1,b:concat05,0.8114714406682634,0.49883619744412244,1.0,1.0,1.0,,,,,,268,28,,,,,,,,,,0.17
A,A|n300|mis0.1|chi|shi,1,b:text_only,0.844996970669928,0.49883619744412244,1.0,1.0,1.0,,,,,,268,28,,,,,,,,,,0.05
A,A|n300|mis0.1|chi|shi,1,b:image_only,0.8366525133339977,0.49883619744412244,1.0,1.0,1.0,,,,,,268,28,,,,,,,,,,0.08
A,A|n300|mis0.1|chi|shi,1,b:structure_only,0.8366911673306238,0.49883619744412244,1.0,1.0,1.0,,,,,,268,28,,,,,,,,,,0.02
A,A|n300|mis0.1|chi|shi,1,b:spectral,0.77642449699244,0.4775881001625373,0.98,1.0,0.8928571428571429,,,,,,268,28,,,,,,,,,,0.03
A,A|n300|mis0.1|chi|shi,1,b:kmeans_content,0.5686814566871765,0.3746080346316251,0.89,1.0,0.0,,,,,,268,28,,,,,,,,,,0.05
A,A|n300|mis0.1|chi|shi,1,d:default,,,,,,0.8813988095238096,0.549381955273427,0.8813988095238096,0.549381955273427,0.1044776119402985,268,28,0.8721331149162543,0.08302908563942346,0.6671012200869829,0.19357423207536387,1.3766295843847036,0.3220238095238095,0.6737948182007502,0.48124853052109656,,0.0
A,A|n300|mis0.1|chi|shi,1,d:rank16,,,,,,0.8867559523809525,0.5508313612973449,0.8867559523809525,0.5508313612973449,0.1044776119402985,268,28,0.5827019969683999,0.23029035744467236,0.11787763550798942,0.2939423216916318,1.760422175521385,0.31607142857142856,0.40607394080010334,0.1600804629559567,,0.0
A,A|n300|mis0.1|chi|shi,1,d:cons,,,,,,0.8813988095238096,0.549381955273427,0.9029761904761905,0.632323780372545,0.1044776119402985,268,28,0.8721331149162543,0.08302908563942346,0.6671012200869829,0.19357423207536387,1.3766295843847036,0.3220238095238095,0.5422596754057428,0.13777421080791868,,0.16
A,A|n300|mis0.1|chi|shi,1,d:kmmatch,,,,,,1.0,1.0,,,0.1044776119402985,268,28,,,,,,,,,,0.02
A,A|n300|mis0.1|chi|shi,1,d:random,,,,,,0.48125,0.09862969797611328,,,0.1044776119402985,268,28,,,,,,,,,,0.0
A,A|n300|mis0.0|clo|slo,1,b:default,0.0,0.09577145978425296,0.32,0.30916030534351147,nan,,,,,,262,0,,,,,,,,,,0.14
A,A|n300|mis0.0|clo|slo,1,b:rank16,0.132262424801312,0.12617478748706884,0.5733333333333334,0.5763358778625954,nan,,,,,,262,0,,,,,,,,,,0.11
A,A|n300|mis0.0|clo|slo,1,b:robust,0.12381483328509191,0.12716567895214287,0.5933333333333334,0.5992366412213741,nan,,,,,,262,0,,,,,,,,,,0.16
A,A|n300|mis0.0|clo|slo,1,b:alpha05,0.0,0.097581583152911,0.35,0.33969465648854963,nan,,,,,,262,0,,,,,,,,,,0.16
A,A|n300|mis0.0|clo|slo,1,b:concat05,0.0,0.1115857321683525,0.4533333333333333,0.4618320610687023,nan,,,,,,262,0,,,,,,,,,,0.16
A,A|n300|mis0.0|clo|slo,1,b:text_only,0.14435885002325355,0.12936438412864396,0.5866666666666667,0.5916030534351145,nan,,,,,,262,0,,,,,,,,,,0.3
A,A|n300|mis0.0|clo|slo,1,b:image_only,0.14471947217038794,0.12932676704963125,0.6,0.6068702290076335,nan,,,,,,262,0,,,,,,,,,,0.38
A,A|n300|mis0.0|clo|slo,1,b:structure_only,0.14332404027736612,0.13026923634431956,0.6,0.6068702290076335,nan,,,,,,262,0,,,,,,,,,,0.02
A,A|n300|mis0.0|clo|slo,1,b:spectral,0.22750626885692493,0.0701907812566332,0.66,0.6526717557251909,nan,,,,,,262,0,,,,,,,,,,0.05
A,A|n300|mis0.0|clo|slo,1,b:kmeans_content,0.0,-0.002622844288264606,0.31333333333333335,0.32061068702290074,nan,,,,,,262,0,,,,,,,,,,0.01
A,A|n300|mis0.0|clo|slo,1,d:default,,,,,,nan,nan,nan,nan,0.0,262,0,0.7802153312447229,0.16561344792704547,,,,,0.5881586896014431,,,0.0
A,A|n300|mis0.0|clo|slo,1,d:rank16,,,,,,nan,nan,nan,nan,0.0,262,0,0.3056450748166864,0.32379390885155246,,,,,0.2417958900113019,,,0.0
A,A|n300|mis0.0|clo|slo,1,d:cons,,,,,,nan,nan,nan,nan,0.0,262,0,0.7802153312447229,0.16561344792704547,,,,,0.5,,,0.14
A,A|n300|mis0.0|clo|slo,1,d:kmmatch,,,,,,nan,nan,,,0.0,262,0,,,,,,,,,,0.01
A,A|n300|mis0.0|clo|slo,1,d:random,,,,,,nan,nan,,,0.0,262,0,,,,,,,,,,0.0
B,B|fakeddit|q0.2,0,b:default,0.25240874243191036,0.2540644168295936,0.42333333333333334,0.42024202420242024,0.405982905982906,,,,,,1143,234,,,,,,,,,,2.41
B,B|fakeddit|q0.2,0,b:rank16,0.5322227105120505,0.35404042842490646,0.6641666666666667,0.647964796479648,0.6752136752136753,,,,,,1143,234,,,,,,,,,,0.58
B,B|fakeddit|q0.2,0,b:robust,0.7198250357544007,0.33389051248975316,0.76,0.7348734873487349,0.811965811965812,,,,,,1143,234,,,,,,,,,,2.48
B,B|fakeddit|q0.2,0,b:alpha05,0.41159925056590985,0.33238600390744205,0.465,0.45104510451045104,0.49145299145299143,,,,,,1143,234,,,,,,,,,,2.61
B,B|fakeddit|q0.2,0,b:concat05,0.3393546028965957,0.3097056253388698,0.4716666666666667,0.48734873487348734,0.3974358974358974,,,,,,1143,234,,,,,,,,,,2.55
B,B|fakeddit|q0.2,0,b:text_only,0.7866012417133639,0.33995886666407477,0.7416666666666667,0.7392739273927392,0.7478632478632479,,,,,,1143,234,,,,,,,,,,1.66
B,B|fakeddit|q0.2,0,b:image_only,0.7836621819897429,0.33878700162530107,0.7425,0.7381738173817382,0.7521367521367521,,,,,,1143,234,,,,,,,,,,2.69
B,B|fakeddit|q0.2,0,b:structure_only,0.8175660382680203,0.37338005725352347,0.8208333333333333,0.8184818481848185,0.8076923076923077,,,,,,1143,234,,,,,,,,,,0.14
B,B|fakeddit|q0.2,0,b:spectral,0.6574764455843685,0.38344565390797936,0.8758333333333334,0.88998899889989,0.8376068376068376,,,,,,1143,234,,,,,,,,,,0.28
B,B|fakeddit|q0.2,0,b:kmeans_content,0.04215197069286192,0.10408881644405395,0.4266666666666667,0.5027502750275028,0.2094017094017094,,,,,,1143,234,,,,,,,,,,0.45
B,B|fakeddit|q0.2,0,d:default,,,,,,0.5878489558357545,0.27205048977944507,0.5878489558357545,0.27205048977944507,0.2047244094488189,1143,234,0.8283142260780959,0.1512662930347781,0.7794399117411431,0.18835767893781913,0.28611303034573554,0.8262249301853262,0.6313078541837112,0.5884804642442754,,0.0
B,B|fakeddit|q0.2,0,d:rank16,,,,,,0.7001118915310335,0.3682289886675053,0.7001118915310335,0.3682289886675053,0.2047244094488189,1143,234,0.5532592853156333,0.2822815437514637,0.3356646252321244,0.32036708392863117,0.7206900571484931,0.6703054920876703,0.3973612230352156,0.25977118173473107,,0.02
B,B|fakeddit|q0.2,0,d:cons,,,,,,0.5878489558357545,0.27205048977944507,0.5531531785657199,0.22790625344512738,0.2047244094488189,1143,234,0.8283142260780959,0.1512662930347781,0.7794399117411431,0.18835767893781913,0.28611303034573554,0.8262249301853262,0.5108912817726606,0.4576915592677414,,2.19
B,B|fakeddit|q0.2,0,d:kmmatch,,,,,,0.5999196073453499,0.24422222999057255,,,0.2047244094488189,1143,234,,,,,,,,,,0.22
B,B|fakeddit|q0.2,0,d:random,,,,,,0.5126324598271793,0.22328914795374014,,,0.2047244094488189,1143,234,,,,,,,,,,0.0
B,B|fakeddit|q0.4,0,b:default,0.19565720333518666,0.32183009295041776,0.4891666666666667,0.4918518518518519,0.4829059829059829,,,,,,1143,468,,,,,,,,,,2.67
B,B|fakeddit|q0.4,0,b:rank16,0.7058071637007198,0.35422576904684333,0.7308333333333333,0.7318518518518519,0.7115384615384616,,,,,,1143,468,,,,,,,,,,0.56
B,B|fakeddit|q0.4,0,b:robust,0.6372047763951515,0.34065269954502103,0.7441666666666666,0.6755555555555556,0.8247863247863247,,,,,,1143,468,,,,,,,,,,2.97
B,B|fakeddit|q0.4,0,b:alpha05,0.4184409111098062,0.33022792341657214,0.44333333333333336,0.44592592592592595,0.42948717948717946,,,,,,1143,468,,,,,,,,,,2.56
B,B|fakeddit|q0.4,0,b:concat05,0.3358273166268746,0.3147107362845726,0.4841666666666667,0.522962962962963,0.4252136752136752,,,,,,1143,468,,,,,,,,,,2.69
B,B|fakeddit|q0.4,0,b:text_only,0.7866012417133639,0.33995886666407477,0.7416666666666667,0.717037037037037,0.7756410256410257,,,,,,1143,468,,,,,,,,,,1.69
B,B|fakeddit|q0.4,0,b:image_only,0.7844106312051985,0.37599776579633043,0.8225,0.8044444444444444,0.8376068376068376,,,,,,1143,468,,,,,,,,,,1.97
B,B|fakeddit|q0.4,0,b:structure_only,0.8175660382680203,0.37338005725352347,0.8208333333333333,0.8074074074074075,0.8290598290598291,,,,,,1143,468,,,,,,,,,,0.14
B,B|fakeddit|q0.4,0,b:spectral,0.6476153293905046,0.38482159175054204,0.8783333333333333,0.882962962962963,0.8739316239316239,,,,,,1143,468,,,,,,,,,,0.27
B,B|fakeddit|q0.4,0,b:kmeans_content,0.0134513349281844,0.06192946913404337,0.38666666666666666,0.5096296296296297,0.2329059829059829,,,,,,1143,468,,,,,,,,,,0.48
B,B|fakeddit|q0.4,0,d:default,,,,,,0.548505856283634,0.45109724842319443,0.548505856283634,0.45109724842319443,0.4094488188976378,1143,468,0.8233026855045147,0.1612512630557178,0.8000912903162163,0.16512406924979756,0.14222742301735664,0.8710826210826211,0.629070973711104,0.6058583276937775,,0.0
B,B|fakeddit|q0.4,0,d:rank16,,,,,,0.6666508388730611,0.5415886013138431,0.6666508388730611,0.5415886013138431,0.4094488188976378,1143,468,0.5122650621582965,0.29840713573977534,0.34371186783306273,0.3111534606999951,0.5529109227404755,0.7242450142450142,0.37049648717622663,0.25713473215689564,,0.02
B,B|fakeddit|q0.4,0,d:cons,,,,,,0.548505856283634,0.45109724842319443,0.48608736942070274,0.3967202314776435,0.4094488188976378,1143,468,0.8233026855045147,0.1612512630557178,0.8000912903162163,0.16512406924979756,0.14222742301735664,0.8710826210826211,0.49429850165401823,0.5082233149220889,,2.26
B,B|fakeddit|q0.4,0,d:kmmatch,,,,,,0.5981054131054131,0.4639847637772488,,,0.4094488188976378,1143,468,,,,,,,,,,0.24
B,B|fakeddit|q0.4,0,d:random,,,,,,0.5166476733143399,0.42401897306868763,,,0.4094488188976378,1143,468,,,,,,,,,,0.0
A,A|n300|mis0.1|clo|shi,1,b:default,0.7010240428950004,0.49883619744412244,1.0,1.0,1.0,,,,,,268,28,,,,,,,,,,0.14
A,A|n300|mis0.1|clo|shi,1,b:rank16,0.8366911673306238,0.49883619744412244,1.0,1.0,1.0,,,,,,268,28,,,,,,,,,,0.11
A,A|n300|mis0.1|clo|shi,1,b:robust,0.6398934046770698,0.49883619744412244,1.0,1.0,1.0,,,,,,268,28,,,,,,,,,,0.14
A,A|n300|mis0.1|clo|shi,1,b:alpha05,0.7780772662809137,0.49883619744412244,1.0,1.0,1.0,,,,,,268,28,,,,,,,,,,0.12
A,A|n300|mis0.1|clo|shi,1,b:concat05,0.7368086814032103,0.49883619744412244,1.0,1.0,1.0,,,,,,268,28,,,,,,,,,,0.14
A,A|n300|mis0.1|clo|shi,1,b:text_only,0.8366911673306238,0.49883619744412244,1.0,1.0,1.0,,,,,,268,28,,,,,,,,,,0.06
A,A|n300|mis0.1|clo|shi,1,b:image_only,0.8366911673306238,0.49883619744412244,1.0,1.0,1.0,,,,,,268,28,,,,,,,,,,0.08
A,A|n300|mis0.1|clo|shi,1,b:structure_only,0.8366911673306238,0.49883619744412244,1.0,1.0,1.0,,,,,,268,28,,,,,,,,,,0.0
A,A|n300|mis0.1|clo|shi,1,b:spectral,0.844996970669928,0.49883619744412244,1.0,1.0,1.0,,,,,,268,28,,,,,,,,,,0.03
A,A|n300|mis0.1|clo|shi,1,b:kmeans_content,0.0,-0.00017965639270386968,0.31,0.3,0.39285714285714285,,,,,,268,28,,,,,,,,,,0.03
A,A|n300|mis0.1|clo|shi,1,d:default,,,,,,0.5160714285714285,0.11336810618619372,0.5160714285714285,0.11336810618619372,0.1044776119402985,268,28,0.7830194731263025,0.14286856005945797,0.7858322484934216,0.12656234089284704,-0.020841248466733218,0.6821428571428572,0.5884723125039909,0.5922250562277925,,0.0
A,A|n300|mis0.1|clo|shi,1,d:rank16,,,,,,0.5897321428571429,0.13197696540327372,0.5897321428571429,0.13197696540327372,0.1044776119402985,268,28,0.31988609587272826,0.33902856676170906,0.23399558442700183,0.2913459904025713,0.27173001111718703,0.5761904761904761,0.25656555380595075,0.19514517329495332,,0.0
A,A|n300|mis0.1|clo|shi,1,d:cons,,,,,,0.5160714285714285,0.11336810618619372,0.5191964285714286,0.11714979701777174,0.1044776119402985,268,28,0.7830194731263025,0.14286856005945797,0.7858322484934216,0.12656234089284704,-0.020841248466733218,0.6821428571428572,0.5020131086142322,0.48274478330658105,,0.12
A,A|n300|mis0.1|clo|shi,1,d:kmmatch,,,,,,0.49464285714285716,0.10348844877233859,,,0.1044776119402985,268,28,,,,,,,,,,0.03
A,A|n300|mis0.1|clo|shi,1,d:random,,,,,,0.48125,0.09862969797611328,,,0.1044776119402985,268,28,,,,,,,,,,0.0
A,A|n300|mis0.1|chi|slo,1,b:default,0.0,0.11148216737495005,0.63,0.6791666666666667,0.6428571428571429,,,,,,268,28,,,,,,,,,,0.14
A,A|n300|mis0.1|chi|slo,1,b:rank16,0.3044876374389651,0.12956200034743867,0.75,0.7916666666666666,0.5714285714285714,,,,,,268,28,,,,,,,,,,0.09
A,A|n300|mis0.1|chi|slo,1,b:robust,0.5960718389204321,0.1267840445213055,0.96,1.0,0.8571428571428571,,,,,,268,28,,,,,,,,,,0.16
A,A|n300|mis0.1|chi|slo,1,b:alpha05,0.29185192103169677,0.1303321118517923,0.7733333333333333,0.8291666666666667,0.5714285714285714,,,,,,268,28,,,,,,,,,,0.14
A,A|n300|mis0.1|chi|slo,1,b:concat05,0.6166816383020596,0.12744133970006324,0.9633333333333334,1.0,0.8214285714285714,,,,,,268,28,,,,,,,,,,0.16
A,A|n300|mis0.1|chi|slo,1,b:text_only,0.22643671712186886,0.12952968980764634,0.6733333333333333,0.6875,0.5714285714285714,,,,,,268,28,,,,,,,,,,0.17
A,A|n300|mis0.1|chi|slo,1,b:image_only,0.20672576415104227,0.13115788965079622,0.66,0.6791666666666667,0.5357142857142857,,,,,,268,28,,,,,,,,,,0.48
A,A|n300|mis0.1|chi|slo,1,b:structure_only,0.14332404027736612,0.13026923634431956,0.6,0.6041666666666666,0.5357142857142857,,,,,,268,28,,,,,,,,,,0.02
A,A|n300|mis0.1|chi|slo,1,b:spectral,0.7019429597600708,0.11766613587309889,0.95,1.0,0.6071428571428571,,,,,,268,28,,,,,,,,,,0.03
A,A|n300|mis0.1|chi|slo,1,b:kmeans_content,0.5686814566871765,0.09819160823887696,0.89,1.0,0.0,,,,,,268,28,,,,,,,,,,0.03
A,A|n300|mis0.1|chi|slo,1,d:default,,,,,,0.8813988095238096,0.549381955273427,0.8813988095238096,0.549381955273427,0.1044776119402985,268,28,0.8721331149162543,0.08302908563942346,0.6671012200869829,0.19357423207536387,1.3766295843847036,0.3220238095238095,0.6737948182007502,0.48124853052109656,,0.0
A,A|n300|mis0.1|chi|slo,1,d:rank16,,,,,,0.8867559523809525,0.5508313612973449,0.8867559523809525,0.5508313612973449,0.1044776119402985,268,28,0.5827019969683999,0.23029035744467236,0.11787763550798942,0.2939423216916318,1.760422175521385,0.31607142857142856,0.40607394080010334,0.1600804629559567,,0.0
A,A|n300|mis0.1|chi|slo,1,d:cons,,,,,,0.8813988095238096,0.549381955273427,0.7438988095238095,0.22304026708796953,0.1044776119402985,268,28,0.8721331149162543,0.08302908563942346,0.6671012200869829,0.19357423207536387,1.3766295843847036,0.3220238095238095,0.5255774032459426,0.28076511503477797,,0.12
A,A|n300|mis0.1|chi|slo,1,d:kmmatch,,,,,,1.0,1.0,,,0.1044776119402985,268,28,,,,,,,,,,0.02
A,A|n300|mis0.1|chi|slo,1,d:random,,,,,,0.48125,0.09862969797611328,,,0.1044776119402985,268,28,,,,,,,,,,0.0
A,A|n300|mis0.1|clo|slo,1,b:default,0.0,0.11300308435609897,0.45,0.44583333333333336,0.4642857142857143,,,,,,268,28,,,,,,,,,,0.16
A,A|n300|mis0.1|clo|slo,1,b:rank16,0.1268833481220617,0.12660329052911223,0.5766666666666667,0.5791666666666667,0.5,,,,,,268,28,,,,,,,,,,0.09
A,A|n300|mis0.1|clo|slo,1,b:robust,0.11742682621740719,0.12615457376201236,0.5666666666666667,0.5708333333333333,0.5,,,,,,268,28,,,,,,,,,,0.19
A,A|n300|mis0.1|clo|slo,1,b:alpha05,0.0,0.11061154582838993,0.44,0.4375,0.42857142857142855,,,,,,268,28,,,,,,,,,,0.14
A,A|n300|mis0.1|clo|slo,1,b:concat05,0.0,0.1093887725639634,0.4666666666666667,0.4875,0.5,,,,,,268,28,,,,,,,,,,0.16
A,A|n300|mis0.1|clo|slo,1,b:text_only,0.14470635031588563,0.1296787791217287,0.5866666666666667,0.5875,0.5357142857142857,,,,,,268,28,,,,,,,,,,0.22
A,A|n300|mis0.1|clo|slo,1,b:image_only,0.14212075973894134,0.1289084232372794,0.59,0.5916666666666667,0.5357142857142857,,,,,,268,28,,,,,,,,,,0.31
A,A|n300|mis0.1|clo|slo,1,b:structure_only,0.14332404027736612,0.13026923634431956,0.6,0.6041666666666666,0.5357142857142857,,,,,,268,28,,,,,,,,,,0.03
A,A|n300|mis0.1|clo|slo,1,b:spectral,0.07339214215341505,0.048653161943288205,0.47333333333333333,0.4666666666666667,0.5,,,,,,268,28,,,,,,,,,,0.03
A,A|n300|mis0.1|clo|slo,1,b:kmeans_content,0.0,0.00033981052303486137,0.31,0.3,0.39285714285714285,,,,,,268,28,,,,,,,,,,0.03
A,A|n300|mis0.1|clo|slo,1,d:default,,,,,,0.5160714285714285,0.11336810618619372,0.5160714285714285,0.11336810618619372,0.1044776119402985,268,28,0.7830194731263025,0.14286856005945797,0.7858322484934216,0.12656234089284704,-0.020841248466733218,0.6821428571428572,0.5884723125039909,0.5922250562277925,,0.0
A,A|n300|mis0.1|clo|slo,1,d:rank16,,,,,,0.5897321428571429,0.13197696540327372,0.5897321428571429,0.13197696540327372,0.1044776119402985,268,28,0.31988609587272826,0.33902856676170906,0.23399558442700183,0.2913459904025713,0.27173001111718703,0.5761904761904761,0.25656555380595075,0.19514517329495332,,0.0
A,A|n300|mis0.1|clo|slo,1,d:cons,,,,,,0.5160714285714285,0.11336810618619372,0.6113095238095237,0.2152546700828395,0.1044776119402985,268,28,0.7830194731263025,0.14286856005945797,0.7858322484934216,0.12656234089284704,-0.020841248466733218,0.6821428571428572,0.5116729088639201,0.39994649545211336,,0.14
A,A|n300|mis0.1|clo|slo,1,d:kmmatch,,,,,,0.49464285714285716,0.10348844877233859,,,0.1044776119402985,268,28,,,,,,,,,,0.01
A,A|n300|mis0.1|clo|slo,1,d:random,,,,,,0.48125,0.09862969797611328,,,0.1044776119402985,268,28,,,,,,,,,,0.0
A,A|n300|mis0.2|chi|shi,1,b:default,0.8219385164307091,0.49883619744412244,1.0,1.0,1.0,,,,,,270,54,,,,,,,,,,0.12
A,A|n300|mis0.2|chi|shi,1,b:rank16,0.8366911673306238,0.49883619744412244,1.0,1.0,1.0,,,,,,270,54,,,,,,,,,,0.09
A,A|n300|mis0.2|chi|shi,1,b:robust,0.8366126390963369,0.49883619744412244,1.0,1.0,1.0,,,,,,270,54,,,,,,,,,,0.16
A,A|n300|mis0.2|chi|shi,1,b:alpha05,0.844996970669928,0.49883619744412244,1.0,1.0,1.0,,,,,,270,54,,,,,,,,,,0.14
A,A|n300|mis0.2|chi|shi,1,b:concat05,0.8366126390963369,0.49883619744412244,1.0,1.0,1.0,,,,,,270,54,,,,,,,,,,0.14
A,A|n300|mis0.2|chi|shi,1,b:text_only,0.844996970669928,0.49883619744412244,1.0,1.0,1.0,,,,,,270,54,,,,,,,,,,0.05
A,A|n300|mis0.2|chi|shi,1,b:image_only,0.8366911673306238,0.49883619744412244,1.0,1.0,1.0,,,,,,270,54,,,,,,,,,,0.06
A,A|n300|mis0.2|chi|shi,1,b:structure_only,0.8366911673306238,0.49883619744412244,1.0,1.0,1.0,,,,,,270,54,,,,,,,,,,0.02
A,A|n300|mis0.2|chi|shi,1,b:spectral,0.832232314473019,0.4939817795899588,0.9966666666666667,1.0,0.9814814814814815,,,,,,270,54,,,,,,,,,,0.03
A,A|n300|mis0.2|chi|shi,1,b:kmeans_content,0.44145029715607265,0.281190808795074,0.8166666666666667,1.0,0.0,,,,,,270,54,,,,,,,,,,0.03
A,A|n300|mis0.2|chi|shi,1,d:default,,,,,,0.8064986282578875,0.5257277690671839,0.8064986282578875,0.5257277690671839,0.2,270,54,0.8539227808709099,0.09511273455015577,0.7143929174280311,0.14752030947752529,1.124205391509857,0.43981481481481477,0.6580006563802256,0.5184024747499564,,0.0
A,A|n300|mis0.2|chi|shi,1,d:rank16,,,,,,0.9184670781893005,0.7606400787852987,0.9184670781893005,0.7606400787852987,0.2,270,54,0.5723055854571704,0.23269037297127718,0.04487786135933901,0.2977912795310544,1.9736796507417367,0.29166666666666663,0.3970189789716276,0.1381638449611144,,0.0
A,A|n300|mis0.2|chi|shi,1,d:cons,,,,,,0.8064986282578875,0.5257277690671839,0.8185013717421126,0.6055704135147096,0.2,270,54,0.8539227808709099,0.09511273455015577,0.7143929174280311,0.14752030947752529,1.124205391509857,0.43981481481481477,0.5639370783422828,0.24425168663086883,,0.12
A,A|n300|mis0.2|chi|shi,1,d:kmmatch,,,,,,1.0,1.0,,,0.2,270,54,,,,,,,,,,0.02
A,A|n300|mis0.2|chi|shi,1,d:random,,,,,,0.49134087791495196,0.2102828176263038,,,0.2,270,54,,,,,,,,,,0.01
A,A|n300|mis0.2|clo|shi,1,b:default,0.7148144033298203,0.49883619744412244,1.0,1.0,1.0,,,,,,270,54,,,,,,,,,,0.12
A,A|n300|mis0.2|clo|shi,1,b:rank16,0.8283068357570328,0.49883619744412244,1.0,1.0,1.0,,,,,,270,54,,,,,,,,,,0.12
A,A|n300|mis0.2|clo|shi,1,b:robust,0.6310738321536404,0.49883619744412244,1.0,1.0,1.0,,,,,,270,54,,,,,,,,,,0.17
A,A|n300|mis0.2|clo|shi,1,b:alpha05,0.7711618223406091,0.49883619744412244,1.0,1.0,1.0,,,,,,270,54,,,,,,,,,,0.14
A,A|n300|mis0.2|clo|shi,1,b:concat05,0.7400999971611726,0.49883619744412244,1.0,1.0,1.0,,,,,,270,54,,,,,,,,,,0.19
A,A|n300|mis0.2|clo|shi,1,b:text_only,0.8366911673306238,0.49883619744412244,1.0,1.0,1.0,,,,,,270,54,,,,,,,,,,0.05
A,A|n300|mis0.2|clo|shi,1,b:image_only,0.8366911673306238,0.49883619744412244,1.0,1.0,1.0,,,,,,270,54,,,,,,,,,,0.06
A,A|n300|mis0.2|clo|shi,1,b:structure_only,0.8366911673306238,0.49883619744412244,1.0,1.0,1.0,,,,,,270,54,,,,,,,,,,0.01
A,A|n300|mis0.2|clo|shi,1,b:spectral,0.8196183019102151,0.4917240483182979,0.9933333333333333,0.9907407407407407,1.0,,,,,,270,54,,,,,,,,,,0.02
A,A|n300|mis0.2|clo|shi,1,b:kmeans_content,0.0,0.002967958544388173,0.31,0.3333333333333333,0.2222222222222222,,,,,,270,54,,,,,,,,,,0.03
A,A|n300|mis0.2|clo|shi,1,d:default,,,,,,0.5115740740740741,0.20648854788295104,0.5115740740740741,0.20648854788295104,0.2,270,54,0.7794176813910423,0.1760374311958854,0.7821529695571627,0.15737703694006674,-0.016382097964442753,0.6944444444444444,0.5869281037195249,0.5906124812356824,,0.0
A,A|n300|mis0.2|clo|shi,1,d:rank16,,,,,,0.47848079561042517,0.19660684588267752,0.47848079561042517,0.19660684588267752,0.2,270,54,0.2702530026887932,0.33257812545487714,0.29815986720125426,0.32273118218808844,-0.08516196591477782,0.6342592592592592,0.22779872902282272,0.241147293534206,,0.02
A,A|n300|mis0.2|clo|shi,1,d:cons,,,,,,0.5115740740740741,0.20648854788295104,0.51440329218107,0.2237840197430931,0.2,270,54,0.7794176813910423,0.1760374311958854,0.7821529695571627,0.15737703694006674,-0.016382097964442753,0.6944444444444444,0.5028913672036348,0.4884345311854606,,0.12
A,A|n300|mis0.2|clo|shi,1,d:kmmatch,,,,,,0.537037037037037,0.21288244766505637,,,0.2,270,54,,,,,,,,,,0.02
A,A|n300|mis0.2|clo|shi,1,d:random,,,,,,0.49134087791495196,0.2102828176263038,,,0.2,270,54,,,,,,,,,,0.0
A,A|n300|mis0.2|chi|slo,1,b:default,0.0,0.10023319446958075,0.48333333333333334,0.5370370370370371,0.3148148148148148,,,,,,270,54,,,,,,,,,,0.14
A,A|n300|mis0.2|chi|slo,1,b:rank16,0.2563954514276794,0.12729156961285726,0.72,0.7453703703703703,0.6481481481481481,,,,,,270,54,,,,,,,,,,0.09
A,A|n300|mis0.2|chi|slo,1,b:robust,0.5989158795980303,0.12708232788379686,0.9633333333333334,1.0,0.8518518518518519,,,,,,270,54,,,,,,,,,,0.16
A,A|n300|mis0.2|chi|slo,1,b:alpha05,0.11337436666293366,0.1132581822645405,0.6133333333333333,0.6435185185185185,0.5,,,,,,270,54,,,,,,,,,,0.17
A,A|n300|mis0.2|chi|slo,1,b:concat05,0.5996930582615071,0.12773712689443453,0.9666666666666667,1.0,0.8518518518518519,,,,,,270,54,,,,,,,,,,0.14
A,A|n300|mis0.2|chi|slo,1,b:text_only,0.22074229094207887,0.12959104666738167,0.6733333333333333,0.6666666666666666,0.6851851851851852,,,,,,270,54,,,,,,,,,,0.19
A,A|n300|mis0.2|chi|slo,1,b:image_only,0.184240711871269,0.13001923550644495,0.6333333333333333,0.6527777777777778,0.5555555555555556,,,,,,270,54,,,,,,,,,,0.36
A,A|n300|mis0.2|chi|slo,1,b:structure_only,0.14332404027736612,0.13026923634431956,0.6,0.6111111111111112,0.5555555555555556,,,,,,270,54,,,,,,,,,,0.02
A,A|n300|mis0.2|chi|slo,1,b:spectral,0.7536723038707713,0.12759376305687942,0.97,1.0,0.8518518518518519,,,,,,270,54,,,,,,,,,,0.03
A,A|n300|mis0.2|chi|slo,1,b:kmeans_content,0.44145029715607265,0.0735499427731639,0.8166666666666667,1.0,0.0,,,,,,270,54,,,,,,,,,,0.03
A,A|n300|mis0.2|chi|slo,1,d:default,,,,,,0.8064986282578875,0.5257277690671839,0.8064986282578875,0.5257277690671839,0.2,270,54,0.8539227808709099,0.09511273455015577,0.7143929174280311,0.14752030947752529,1.124205391509857,0.43981481481481477,0.6580006563802256,0.5184024747499564,,0.02
A,A|n300|mis0.2|chi|slo,1,d:rank16,,,,,,0.9184670781893005,0.7606400787852987,0.9184670781893005,0.7606400787852987,0.2,270,54,0.5723055854571704,0.23269037297127718,0.04487786135933901,0.2977912795310544,1.9736796507417367,0.29166666666666663,0.3970189789716276,0.1381638449611144,,0.0
A,A|n300|mis0.2|chi|slo,1,d:cons,,,,,,0.8064986282578875,0.5257277690671839,0.6958161865569272,0.3274193335003013,0.2,270,54,0.8539227808709099,0.09511273455015577,0.7143929174280311,0.14752030947752529,1.124205391509857,0.43981481481481477,0.5393088255541788,0.3427646977832851,,0.14
A,A|n300|mis0.2|chi|slo,1,d:kmmatch,,,,,,1.0,1.0,,,0.2,270,54,,,,,,,,,,0.01
A,A|n300|mis0.2|chi|slo,1,d:random,,,,,,0.49134087791495196,0.2102828176263038,,,0.2,270,54,,,,,,,,,,0.0
A,A|n300|mis0.4|chi|shi,1,b:default,0.7317809304444332,0.49883619744412244,1.0,1.0,1.0,,,,,,265,100,,,,,,,,,,0.14
A,A|n300|mis0.4|chi|shi,1,b:rank16,0.844996970669928,0.49883619744412244,1.0,1.0,1.0,,,,,,265,100,,,,,,,,,,0.09
A,A|n300|mis0.4|chi|shi,1,b:robust,0.8366911673306238,0.49883619744412244,1.0,1.0,1.0,,,,,,265,100,,,,,,,,,,0.16
A,A|n300|mis0.4|chi|shi,1,b:alpha05,0.7989857067821389,0.49883619744412244,1.0,1.0,1.0,,,,,,265,100,,,,,,,,,,0.12
A,A|n300|mis0.4|chi|shi,1,b:concat05,0.7871499958548632,0.49883619744412244,1.0,1.0,1.0,,,,,,265,100,,,,,,,,,,0.12
A,A|n300|mis0.4|chi|shi,1,b:text_only,0.844996970669928,0.49883619744412244,1.0,1.0,1.0,,,,,,265,100,,,,,,,,,,0.05
A,A|n300|mis0.4|chi|shi,1,b:image_only,0.8366911673306238,0.49883619744412244,1.0,1.0,1.0,,,,,,265,100,,,,,,,,,,0.06
A,A|n300|mis0.4|chi|shi,1,b:structure_only,0.8366911673306238,0.49883619744412244,1.0,1.0,1.0,,,,,,265,100,,,,,,,,,,0.02
A,A|n300|mis0.4|chi|shi,1,b:spectral,0.844996970669928,0.49883619744412244,1.0,1.0,1.0,,,,,,265,100,,,,,,,,,,0.02
A,A|n300|mis0.4|chi|shi,1,b:kmeans_content,0.725307016675212,0.4523043183108161,0.9633333333333334,1.0,1.0,,,,,,265,100,,,,,,,,,,0.05
A,A|n300|mis0.4|chi|shi,1,d:default,,,,,,0.5778787878787879,0.4470831602699382,0.5778787878787879,0.4470831602699382,0.37735849056603776,265,100,0.8017027951584105,0.15245781983945905,0.7639158296979575,0.16082445453567365,0.2411467251364336,0.7545454545454546,0.6074688348090641,0.5673064519807587,,0.0
A,A|n300|mis0.4|chi|shi,1,d:rank16,,,,,,0.8447878787878788,0.757155625920746,0.8447878787878788,0.757155625920746,0.37735849056603776,265,100,0.5365113550179282,0.2499468622062586,0.15848968674335517,0.26691123021870305,1.4619804493861153,0.4706060606060606,0.37247639512719805,0.16124151704725162,,0.0
A,A|n300|mis0.4|chi|shi,1,d:cons,,,,,,0.5778787878787879,0.4470831602699382,0.714,0.6100256147443577,0.37735849056603776,265,100,0.8017027951584105,0.15245781983945905,0.7639158296979575,0.16082445453567365,0.2411467251364336,0.7545454545454546,0.581060606060606,0.36625,,0.14
A,A|n300|mis0.4|chi|shi,1,d:kmmatch,,,,,,1.0,1.0,,,0.37735849056603776,265,100,,,,,,,,,,0.02
A,A|n300|mis0.4|chi|shi,1,d:random,,,,,,0.5069090909090909,0.38679458307912074,,,0.37735849056603776,265,100,,,,,,,,,,0.0
A,A|n300|mis0.2|clo|slo,1,b:default,0.0,0.1052438417612348,0.4066666666666667,0.4166666666666667,0.35185185185185186,,,,,,270,54,,,,,,,,,,0.16
A,A|n300|mis0.2|clo|slo,1,b:rank16,0.1310222188834822,0.12903265560448743,0.6033333333333334,0.6111111111111112,0.5740740740740741,,,,,,270,54,,,,,,,,,,0.11
A,A|n300|mis0.2|clo|slo,1,b:robust,0.14908254342443739,0.12788600673986342,0.5966666666666667,0.6064814814814815,0.5740740740740741,,,,,,270,54,,,,,,,,,,0.14
A,A|n300|mis0.2|clo|slo,1,b:alpha05,0.0,0.10550941310234811,0.41,0.4212962962962963,0.3333333333333333,,,,,,270,54,,,,,,,,,,0.16
A,A|n300|mis0.2|clo|slo,1,b:concat05,0.0,0.11685123298835248,0.4766666666666667,0.5092592592592593,0.4074074074074074,,,,,,270,54,,,,,,,,,,0.16
A,A|n300|mis0.2|clo|slo,1,b:text_only,0.14680017280122915,0.12981720299020694,0.6033333333333334,0.6157407407407407,0.5555555555555556,,,,,,270,54,,,,,,,,,,0.19
A,A|n300|mis0.2|clo|slo,1,b:image_only,0.14458138440641666,0.1286777982498475,0.5966666666666667,0.6111111111111112,0.5555555555555556,,,,,,270,54,,,,,,,,,,0.36
A,A|n300|mis0.2|clo|slo,1,b:structure_only,0.14332404027736612,0.13026923634431956,0.6,0.6111111111111112,0.5555555555555556,,,,,,270,54,,,,,,,,,,0.02
A,A|n300|mis0.2|clo|slo,1,b:spectral,0.1502141353050026,0.06524402190427675,0.5966666666666667,0.6018518518518519,0.5555555555555556,,,,,,270,54,,,,,,,,,,0.03
A,A|n300|mis0.2|clo|slo,1,b:kmeans_content,0.0,0.0034964682188573376,0.31,0.3333333333333333,0.2222222222222222,,,,,,270,54,,,,,,,,,,0.03
A,A|n300|mis0.2|clo|slo,1,d:default,,,,,,0.5115740740740741,0.20648854788295104,0.5115740740740741,0.20648854788295104,0.2,270,54,0.7794176813910423,0.1760374311958854,0.7821529695571627,0.15737703694006674,-0.016382097964442753,0.6944444444444444,0.5869281037195249,0.5906124812356824,,0.0
A,A|n300|mis0.2|clo|slo,1,d:rank16,,,,,,0.47848079561042517,0.19660684588267752,0.47848079561042517,0.19660684588267752,0.2,270,54,0.2702530026887932,0.33257812545487714,0.29815986720125426,0.32273118218808844,-0.08516196591477782,0.6342592592592592,0.22779872902282272,0.241147293534206,,0.0
A,A|n300|mis0.2|clo|slo,1,d:cons,,,,,,0.5115740740740741,0.20648854788295104,0.5424382716049383,0.220997466175895,0.2,270,54,0.7794176813910423,0.1760374311958854,0.7821529695571627,0.15737703694006674,-0.016382097964442753,0.6944444444444444,0.5085192069392813,0.4659231722428749,,0.16
A,A|n300|mis0.2|clo|slo,1,d:kmmatch,,,,,,0.537037037037037,0.21288244766505637,,,0.2,270,54,,,,,,,,,,0.01
A,A|n300|mis0.2|clo|slo,1,d:random,,,,,,0.49134087791495196,0.2102828176263038,,,0.2,270,54,,,,,,,,,,0.0
A,A|n300|mis0.4|clo|shi,1,b:default,0.7442726913346112,0.49883619744412244,1.0,1.0,1.0,,,,,,265,100,,,,,,,,,,0.12
A,A|n300|mis0.4|clo|shi,1,b:rank16,0.8366911673306238,0.49883619744412244,1.0,1.0,1.0,,,,,,265,100,,,,,,,,,,0.09
A,A|n300|mis0.4|clo|shi,1,b:robust,0.6815034139969327,0.49883619744412244,1.0,1.0,1.0,,,,,,265,100,,,,,,,,,,0.14
A,A|n300|mis0.4|clo|shi,1,b:alpha05,0.7934443042796766,0.49883619744412244,1.0,1.0,1.0,,,,,,265,100,,,,,,,,,,0.16
A,A|n300|mis0.4|clo|shi,1,b:concat05,0.7312205882204561,0.49883619744412244,1.0,1.0,1.0,,,,,,265,100,,,,,,,,,,0.16
A,A|n300|mis0.4|clo|shi,1,b:text_only,0.8366911673306238,0.49883619744412244,1.0,1.0,1.0,,,,,,265,100,,,,,,,,,,0.05
A,A|n300|mis0.4|clo|shi,1,b:image_only,0.8366911673306238,0.49883619744412244,1.0,1.0,1.0,,,,,,265,100,,,,,,,,,,0.05
A,A|n300|mis0.4|clo|shi,1,b:structure_only,0.8366911673306238,0.49883619744412244,1.0,1.0,1.0,,,,,,265,100,,,,,,,,,,0.01
A,A|n300|mis0.4|clo|shi,1,b:spectral,0.832232314473019,0.4943817401381137,0.9966666666666667,0.9939393939393939,1.0,,,,,,265,100,,,,,,,,,,0.02
A,A|n300|mis0.4|clo|shi,1,b:kmeans_content,0.0,-0.000426499170113781,0.31666666666666665,0.3151515151515151,0.29,,,,,,265,100,,,,,,,,,,0.05
A,A|n300|mis0.4|clo|shi,1,d:default,,,,,,0.5299393939393939,0.4406470004446912,0.5299393939393939,0.4406470004446912,0.37735849056603776,265,100,0.7805193696668857,0.15008829501543608,0.7511017447931324,0.19623643657532838,0.16839620181767373,0.6903030303030303,0.5856834740809855,0.5655695947656072,,0.0
A,A|n300|mis0.4|clo|shi,1,d:rank16,,,,,,0.555939393939394,0.44479833810324704,0.555939393939394,0.44479833810324704,0.37735849056603776,265,100,0.33530790235366376,0.304006656718651,0.26798251906230525,0.3337837443751115,0.21089099604057052,0.7081818181818181,0.2500806846133664,0.23125093824388127,,0.0
A,A|n300|mis0.4|clo|shi,1,d:cons,,,,,,0.5299393939393939,0.4406470004446912,0.4943636363636364,0.3968460937627982,0.37735849056603776,265,100,0.7805193696668857,0.15008829501543608,0.7511017447931324,0.19623643657532838,0.16839620181767373,0.6903030303030303,0.49786501377410464,0.5035227272727272,,0.12
A,A|n300|mis0.4|clo|shi,1,d:kmmatch,,,,,,0.43727272727272726,0.3511800101988781,,,0.37735849056603776,265,100,,,,,,,,,,0.01
A,A|n300|mis0.4|clo|shi,1,d:random,,,,,,0.5069090909090909,0.38679458307912074,,,0.37735849056603776,265,100,,,,,,,,,,0.0
A,A|n300|mis0.4|chi|slo,1,b:default,0.0,0.09895772238309418,0.44666666666666666,0.45454545454545453,0.46,,,,,,265,100,,,,,,,,,,0.12
A,A|n300|mis0.4|chi|slo,1,b:rank16,0.1773223189486135,0.1278046107122828,0.6033333333333334,0.6363636363636364,0.59,,,,,,265,100,,,,,,,,,,0.11
A,A|n300|mis0.4|chi|slo,1,b:robust,0.4636488679846529,0.12550099665185305,0.9233333333333333,1.0,0.88,,,,,,265,100,,,,,,,,,,0.12
A,A|n300|mis0.4|chi|slo,1,b:alpha05,0.0,0.09922954287236825,0.41,0.4,0.45,,,,,,265,100,,,,,,,,,,0.14
A,A|n300|mis0.4|chi|slo,1,b:concat05,0.4725273845307978,0.1220087701732278,0.93,1.0,0.89,,,,,,265,100,,,,,,,,,,0.16
A,A|n300|mis0.4|chi|slo,1,b:text_only,0.22536631284535225,0.13086798503444222,0.6733333333333333,0.6727272727272727,0.73,,,,,,265,100,,,,,,,,,,0.22
A,A|n300|mis0.4|chi|slo,1,b:image_only,0.16293559391198986,0.1310840344947393,0.6033333333333334,0.6121212121212121,0.63,,,,,,265,100,,,,,,,,,,0.38
A,A|n300|mis0.4|chi|slo,1,b:structure_only,0.14332404027736612,0.13026923634431956,0.6,0.5878787878787879,0.66,,,,,,265,100,,,,,,,,,,0.03
A,A|n300|mis0.4|chi|slo,1,b:spectral,0.7350846566444017,0.11733212064947574,0.9666666666666667,1.0,0.96,,,,,,265,100,,,,,,,,,,0.02
A,A|n300|mis0.4|chi|slo,1,b:kmeans_content,0.725307016675212,0.11787843235335521,0.9633333333333334,1.0,1.0,,,,,,265,100,,,,,,,,,,0.03
A,A|n300|mis0.4|chi|slo,1,d:default,,,,,,0.5778787878787879,0.4470831602699382,0.5778787878787879,0.4470831602699382,0.37735849056603776,265,100,0.8017027951584105,0.15245781983945905,0.7639158296979575,0.16082445453567365,0.2411467251364336,0.7545454545454546,0.6074688348090641,0.5673064519807587,,0.0
A,A|n300|mis0.4|chi|slo,1,d:rank16,,,,,,0.8447878787878788,0.757155625920746,0.8447878787878788,0.757155625920746,0.37735849056603776,265,100,0.5365113550179282,0.2499468622062586,0.15848968674335517,0.26691123021870305,1.4619804493861153,0.4706060606060606,0.37247639512719805,0.16124151704725162,,0.02
A,A|n300|mis0.4|chi|slo,1,d:cons,,,,,,0.5778787878787879,0.4470831602699382,0.5699393939393939,0.45773392561370363,0.37735849056603776,265,100,0.8017027951584105,0.15245781983945905,0.7639158296979575,0.16082445453567365,0.2411467251364336,0.7545454545454546,0.5264921946740129,0.45628787878787874,,0.12
A,A|n300|mis0.4|chi|slo,1,d:kmmatch,,,,,,1.0,1.0,,,0.37735849056603776,265,100,,,,,,,,,,0.02
A,A|n300|mis0.4|chi|slo,1,d:random,,,,,,0.5069090909090909,0.38679458307912074,,,0.37735849056603776,265,100,,,,,,,,,,0.0
A,A|n300|mis0.4|clo|slo,1,b:default,0.0,0.10984216746432329,0.4066666666666667,0.42424242424242425,0.34,,,,,,265,100,,,,,,,,,,0.16
A,A|n300|mis0.4|clo|slo,1,b:rank16,0.1440396550486135,0.13042937512987057,0.6033333333333334,0.6060606060606061,0.64,,,,,,265,100,,,,,,,,,,0.09
A,A|n300|mis0.4|clo|slo,1,b:robust,0.14041680564782855,0.13159080899028291,0.6066666666666667,0.6181818181818182,0.63,,,,,,265,100,,,,,,,,,,0.16
A,A|n300|mis0.4|clo|slo,1,b:alpha05,0.0,0.10097944400316383,0.38666666666666666,0.40606060606060607,0.41,,,,,,265,100,,,,,,,,,,0.14
A,A|n300|mis0.4|clo|slo,1,b:concat05,0.0,0.10699667545317847,0.4666666666666667,0.49696969696969695,0.45,,,,,,265,100,,,,,,,,,,0.14
A,A|n300|mis0.4|clo|slo,1,b:text_only,0.1412905669589446,0.12889362078577002,0.59,0.5818181818181818,0.64,,,,,,265,100,,,,,,,,,,0.25
A,A|n300|mis0.4|clo|slo,1,b:image_only,0.14924589729477722,0.1301677138702881,0.6066666666666667,0.593939393939394,0.67,,,,,,265,100,,,,,,,,,,0.31
A,A|n300|mis0.4|clo|slo,1,b:structure_only,0.14332404027736612,0.13026923634431956,0.6,0.5878787878787879,0.66,,,,,,265,100,,,,,,,,,,0.03
A,A|n300|mis0.4|clo|slo,1,b:spectral,0.06866546917575422,0.03808682992374226,0.44666666666666666,0.41818181818181815,0.47,,,,,,265,100,,,,,,,,,,0.03
A,A|n300|mis0.4|clo|slo,1,b:kmeans_content,0.0,-0.008273819797748216,0.31666666666666665,0.3151515151515151,0.29,,,,,,265,100,,,,,,,,,,0.03
A,A|n300|mis0.4|clo|slo,1,d:default,,,,,,0.5299393939393939,0.4406470004446912,0.5299393939393939,0.4406470004446912,0.37735849056603776,265,100,0.7805193696668857,0.15008829501543608,0.7511017447931324,0.19623643657532838,0.16839620181767373,0.6903030303030303,0.5856834740809855,0.5655695947656072,,0.0
A,A|n300|mis0.4|clo|slo,1,d:rank16,,,,,,0.555939393939394,0.44479833810324704,0.555939393939394,0.44479833810324704,0.37735849056603776,265,100,0.33530790235366376,0.304006656718651,0.26798251906230525,0.3337837443751115,0.21089099604057052,0.7081818181818181,0.2500806846133664,0.23125093824388127,,0.0
A,A|n300|mis0.4|clo|slo,1,d:cons,,,,,,0.5299393939393939,0.4406470004446912,0.49969696969696975,0.40163133070881074,0.37735849056603776,265,100,0.7805193696668857,0.15008829501543608,0.7511017447931324,0.19623643657532838,0.16839620181767373,0.6903030303030303,0.4998852157943067,0.500189393939394,,0.16
A,A|n300|mis0.4|clo|slo,1,d:kmmatch,,,,,,0.43727272727272726,0.3511800101988781,,,0.37735849056603776,265,100,,,,,,,,,,0.02
A,A|n300|mis0.4|clo|slo,1,d:random,,,,,,0.5069090909090909,0.38679458307912074,,,0.37735849056603776,265,100,,,,,,,,,,0.0
A,A|n600|mis0.0|chi|shi,1,b:default,0.879761682441029,0.4699071191521971,1.0,1.0,nan,,,,,,544,0,,,,,,,,,,0.36
A,A|n600|mis0.0|chi|shi,1,b:rank16,0.879761682441029,0.4699071191521971,1.0,1.0,nan,,,,,,544,0,,,,,,,,,,0.22
A,A|n600|mis0.0|chi|shi,1,b:robust,0.879761682441029,0.4699071191521971,1.0,1.0,nan,,,,,,544,0,,,,,,,,,,0.41
A,A|n600|mis0.0|chi|shi,1,b:alpha05,0.879761682441029,0.4699071191521971,1.0,1.0,nan,,,,,,544,0,,,,,,,,,,0.34
A,A|n600|mis0.0|chi|shi,1,b:concat05,0.879761682441029,0.4699071191521971,1.0,1.0,nan,,,,,,544,0,,,,,,,,,,0.38
A,A|n600|mis0.0|chi|shi,1,b:text_only,0.879761682441029,0.4699071191521971,1.0,1.0,nan,,,,,,544,0,,,,,,,,,,0.12
A,A|n600|mis0.0|chi|shi,1,b:image_only,0.879761682441029,0.4699071191521971,1.0,1.0,nan,,,,,,544,0,,,,,,,,,,0.14
A,A|n600|mis0.0|chi|shi,1,b:structure_only,0.879761682441029,0.4699071191521971,1.0,1.0,nan,,,,,,544,0,,,,,,,,,,0.03
A,A|n600|mis0.0|chi|shi,1,b:spectral,0.879761682441029,0.4699071191521971,1.0,1.0,nan,,,,,,544,0,,,,,,,,,,0.08
A,A|n600|mis0.0|chi|shi,1,b:kmeans_content,0.879761682441029,0.4699071191521971,1.0,1.0,nan,,,,,,544,0,,,,,,,,,,0.06
A,A|n600|mis0.0|chi|shi,1,d:default,,,,,,nan,nan,nan,nan,0.0,544,0,0.9388894983849165,0.05278585323752378,,,,,0.7264307317268208,,,0.0
A,A|n600|mis0.0|chi|shi,1,d:rank16,,,,,,nan,nan,nan,nan,0.0,544,0,0.7901021089889939,0.1561619578215091,,,,,0.5912567802172843,,,0.0
A,A|n600|mis0.0|chi|shi,1,d:cons,,,,,,nan,nan,nan,nan,0.0,544,0,0.9388894983849165,0.05278585323752378,,,,,0.5,,,0.34
A,A|n600|mis0.0|chi|shi,1,d:kmmatch,,,,,,nan,nan,,,0.0,544,0,,,,,,,,,,0.05
A,A|n600|mis0.0|chi|shi,1,d:random,,,,,,nan,nan,,,0.0,544,0,,,,,,,,,,0.0
A,A|n600|mis0.0|clo|shi,1,b:default,0.3004643798019896,0.2717971129334809,0.635,0.625,nan,,,,,,544,0,,,,,,,,,,0.44
A,A|n600|mis0.0|clo|shi,1,b:rank16,0.879761682441029,0.4699071191521971,1.0,1.0,nan,,,,,,544,0,,,,,,,,,,0.17
A,A|n600|mis0.0|clo|shi,1,b:robust,0.879761682441029,0.4699071191521971,1.0,1.0,nan,,,,,,544,0,,,,,,,,,,0.42
A,A|n600|mis0.0|clo|shi,1,b:alpha05,0.3149377177853745,0.3016122039306996,0.645,0.6470588235294118,nan,,,,,,544,0,,,,,,,,,,0.45
A,A|n600|mis0.0|clo|shi,1,b:concat05,0.460436758239819,0.35016559956622545,0.7666666666666667,0.7683823529411765,nan,,,,,,544,0,,,,,,,,,,0.47
A,A|n600|mis0.0|clo|shi,1,b:text_only,0.879761682441029,0.4699071191521971,1.0,1.0,nan,,,,,,544,0,,,,,,,,,,0.19
A,A|n600|mis0.0|clo|shi,1,b:image_only,0.879761682441029,0.4699071191521971,1.0,1.0,nan,,,,,,544,0,,,,,,,,,,0.24
A,A|n600|mis0.0|clo|shi,1,b:structure_only,0.879761682441029,0.4699071191521971,1.0,1.0,nan,,,,,,544,0,,,,,,,,,,0.03
A,A|n600|mis0.0|clo|shi,1,b:spectral,0.879761682441029,0.4699071191521971,1.0,1.0,nan,,,,,,544,0,,,,,,,,,,0.06
A,A|n600|mis0.0|clo|shi,1,b:kmeans_content,0.0,0.0115240906206014,0.23,0.2261029411764706,nan,,,,,,544,0,,,,,,,,,,0.08
A,A|n600|mis0.0|clo|shi,1,d:default,,,,,,nan,nan,nan,nan,0.0,544,0,0.8102439242628108,0.14514747018814503,,,,,0.6169647770580813,,,0.0
A,A|n600|mis0.0|clo|shi,1,d:rank16,,,,,,nan,nan,nan,nan,0.0,544,0,0.3775490825418997,0.31072977909079574,,,,,0.27724570523725534,,,0.0
A,A|n600|mis0.0|clo|shi,1,d:cons,,,,,,nan,nan,nan,nan,0.0,544,0,0.8102439242628108,0.14514747018814503,,,,,0.5,,,0.42
A,A|n600|mis0.0|clo|shi,1,d:kmmatch,,,,,,nan,nan,,,0.0,544,0,,,,,,,,,,0.05
A,A|n600|mis0.0|clo|shi,1,d:random,,,,,,nan,nan,,,0.0,544,0,,,,,,,,,,0.0
A,A|n600|mis0.0|clo|slo,1,b:default,0.015452360522535402,0.0658906412915917,0.31,0.30514705882352944,nan,,,,,,544,0,,,,,,,,,,0.42
A,A|n600|mis0.0|clo|slo,1,b:rank16,0.03238989396634695,0.08100748890027179,0.335,0.34375,nan,,,,,,544,0,,,,,,,,,,0.22
A,A|n600|mis0.0|clo|slo,1,b:robust,0.08015431058376898,0.08943873147912353,0.4683333333333333,0.4650735294117647,nan,,,,,,544,0,,,,,,,,,,0.51
A,A|n600|mis0.0|clo|slo,1,b:alpha05,0.02405921390412158,0.07769726068656868,0.36,0.36213235294117646,nan,,,,,,544,0,,,,,,,,,,0.45
A,A|n600|mis0.0|clo|slo,1,b:concat05,0.038209643076569044,0.07651512295854442,0.35833333333333334,0.35294117647058826,nan,,,,,,544,0,,,,,,,,,,0.45
A,A|n600|mis0.0|clo|slo,1,b:text_only,0.03151340227397248,0.08007340395222785,0.31333333333333335,0.31433823529411764,nan,,,,,,544,0,,,,,,,,,,0.53
A,A|n600|mis0.0|clo|slo,1,b:image_only,0.039235461596934806,0.07937276213931996,0.315,0.3161764705882353,nan,,,,,,544,0,,,,,,,,,,0.69
A,A|n600|mis0.0|clo|slo,1,b:structure_only,0.0578947721939671,0.09018533149807281,0.4116666666666667,0.4099264705882353,nan,,,,,,544,0,,,,,,,,,,0.08
A,A|n600|mis0.0|clo|slo,1,b:spectral,0.0,0.06498559186411876,0.375,0.38235294117647056,nan,,,,,,544,0,,,,,,,,,,0.09
A,A|n600|mis0.0|clo|slo,1,b:kmeans_content,0.0,0.0006159426266346552,0.23,0.2261029411764706,nan,,,,,,544,0,,,,,,,,,,0.11
A,A|n600|mis0.0|clo|slo,1,d:default,,,,,,nan,nan,nan,nan,0.0,544,0,0.8102439242628108,0.14514747018814503,,,,,0.6169647770580813,,,0.0
A,A|n600|mis0.0|clo|slo,1,d:rank16,,,,,,nan,nan,nan,nan,0.0,544,0,0.3775490825418997,0.31072977909079574,,,,,0.27724570523725534,,,0.0
A,A|n600|mis0.0|clo|slo,1,d:cons,,,,,,nan,nan,nan,nan,0.0,544,0,0.8102439242628108,0.14514747018814503,,,,,0.5,,,0.42
A,A|n600|mis0.0|clo|slo,1,d:kmmatch,,,,,,nan,nan,,,0.0,544,0,,,,,,,,,,0.06
A,A|n600|mis0.0|clo|slo,1,d:random,,,,,,nan,nan,,,0.0,544,0,,,,,,,,,,0.0
A,A|n600|mis0.1|chi|shi,1,b:default,0.8759135025414582,0.4699071191521971,1.0,1.0,1.0,,,,,,549,44,,,,,,,,,,0.42
A,A|n600|mis0.1|chi|shi,1,b:rank16,0.879761682441029,0.4699071191521971,1.0,1.0,1.0,,,,,,549,44,,,,,,,,,,0.2
A,A|n600|mis0.1|chi|shi,1,b:robust,0.8759135025414582,0.4699071191521971,1.0,1.0,1.0,,,,,,549,44,,,,,,,,,,0.45
A,A|n600|mis0.1|chi|shi,1,b:alpha05,0.8759135025414582,0.4699071191521971,1.0,1.0,1.0,,,,,,549,44,,,,,,,,,,0.42
A,A|n600|mis0.1|chi|shi,1,b:concat05,0.8683590955764636,0.4699071191521971,1.0,1.0,1.0,,,,,,549,44,,,,,,,,,,0.47
A,A|n600|mis0.1|chi|shi,1,b:text_only,0.879761682441029,0.4699071191521971,1.0,1.0,1.0,,,,,,549,44,,,,,,,,,,0.14
A,A|n600|mis0.1|chi|shi,1,b:image_only,0.879761682441029,0.4699071191521971,1.0,1.0,1.0,,,,,,549,44,,,,,,,,,,0.17
A,A|n600|mis0.1|chi|shi,1,b:structure_only,0.879761682441029,0.4699071191521971,1.0,1.0,1.0,,,,,,549,44,,,,,,,,,,0.03
A,A|n600|mis0.1|chi|shi,1,b:spectral,0.879761682441029,0.4699071191521971,1.0,1.0,1.0,,,,,,549,44,,,,,,,,,,0.08
A,A|n600|mis0.1|chi|shi,1,b:kmeans_content,0.8267615084974922,0.45352408340404743,0.9833333333333333,1.0,0.8181818181818182,,,,,,549,44,,,,,,,,,,0.06
A,A|n600|mis0.1|chi|shi,1,d:default,,,,,,0.989018901890189,0.9134100930839175,0.989018901890189,0.9134100930839175,0.08014571948998178,549,44,0.9291308715010969,0.05029972393122663,0.6155491351537716,0.1966641610537113,2.184645761018051,0.10985598559855986,0.7210201723573544,0.43195608653921447,,0.01
A,A|n600|mis0.1|chi|shi,1,d:rank16,,,,,,0.9952745274527453,0.9648830652544166,0.9952745274527453,0.9648830652544166,0.08014571948998178,549,44,0.7865509825856788,0.15628867918434078,0.03922199576451301,0.20892141704221587,4.050747776716634,0.03856885688568858,0.5871967780873913,0.11929208004116237,,0.0
A,A|n600|mis0.1|chi|shi,1,d:cons,,,,,,0.989018901890189,0.9134100930839175,0.9427542754275428,0.7343814189237068,0.08014571948998178,549,44,0.9291308715010969,0.05029972393122663,0.6155491351537716,0.1966641610537113,2.184645761018051,0.10985598559855986,0.5355496133554962,0.09198739216987391,,0.39
A,A|n600|mis0.1|chi|shi,1,d:kmmatch,,,,,,1.0,1.0,,,0.08014571948998178,549,44,,,,,,,,,,0.03
A,A|n600|mis0.1|chi|shi,1,d:random,,,,,,0.572952295229523,0.13816283677946994,,,0.08014571948998178,549,44,,,,,,,,,,0.0
A,A|n600|mis0.0|chi|slo,1,b:default,0.4644481513780204,0.07884596223622065,0.7233333333333334,0.7536764705882353,nan,,,,,,544,0,,,,,,,,,,0.38
A,A|n600|mis0.0|chi|slo,1,b:rank16,0.07588582964818213,0.07104460790976981,0.4116666666666667,0.42830882352941174,nan,,,,,,544,0,,,,,,,,,,0.22
A,A|n600|mis0.0|chi|slo,1,b:robust,0.8473480955859258,0.0970416984672999,0.9966666666666667,1.0,nan,,,,,,544,0,,,,,,,,,,0.39
A,A|n600|mis0.0|chi|slo,1,b:alpha05,0.06796050962063904,0.07282225558881338,0.36833333333333335,0.38786764705882354,nan,,,,,,544,0,,,,,,,,,,0.36
A,A|n600|mis0.0|chi|slo,1,b:concat05,0.8682488548562419,0.09678165536496396,1.0,1.0,nan,,,,,,544,0,,,,,,,,,,0.47
A,A|n600|mis0.0|chi|slo,1,b:text_only,0.05244453492656942,0.07604636959403815,0.3,0.30514705882352944,nan,,,,,,544,0,,,,,,,,,,1.48
A,A|n600|mis0.0|chi|slo,1,b:image_only,0.04951831595799261,0.0760711367705725,0.305,0.31066176470588236,nan,,,,,,544,0,,,,,,,,,,2.22
A,A|n600|mis0.0|chi|slo,1,b:structure_only,0.0578947721939671,0.09018533149807281,0.4116666666666667,0.4099264705882353,nan,,,,,,544,0,,,,,,,,,,0.08
A,A|n600|mis0.0|chi|slo,1,b:spectral,0.879761682441029,0.09678165536496396,1.0,1.0,nan,,,,,,544,0,,,,,,,,,,0.11
A,A|n600|mis0.0|chi|slo,1,b:kmeans_content,0.879761682441029,0.09678165536496396,1.0,1.0,nan,,,,,,544,0,,,,,,,,,,0.08
A,A|n600|mis0.0|chi|slo,1,d:default,,,,,,nan,nan,nan,nan,0.0,544,0,0.9388894983849165,0.05278585323752378,,,,,0.7264307317268208,,,0.0
A,A|n600|mis0.0|chi|slo,1,d:rank16,,,,,,nan,nan,nan,nan,0.0,544,0,0.7901021089889939,0.1561619578215091,,,,,0.5912567802172843,,,0.0
A,A|n600|mis0.0|chi|slo,1,d:cons,,,,,,nan,nan,nan,nan,0.0,544,0,0.9388894983849165,0.05278585323752378,,,,,0.5,,,0.36
A,A|n600|mis0.0|chi|slo,1,d:kmmatch,,,,,,nan,nan,,,0.0,544,0,,,,,,,,,,0.03
A,A|n600|mis0.0|chi|slo,1,d:random,,,,,,nan,nan,,,0.0,544,0,,,,,,,,,,0.0
A,A|n600|mis0.1|clo|shi,1,b:default,0.25803419491894886,0.24627817759114573,0.5716666666666667,0.5821782178217821,0.4318181818181818,,,,,,549,44,,,,,,,,,,0.42
A,A|n600|mis0.1|clo|shi,1,b:rank16,0.879761682441029,0.4699071191521971,1.0,1.0,1.0,,,,,,549,44,,,,,,,,,,0.19
A,A|n600|mis0.1|clo|shi,1,b:robust,0.8759293585984209,0.4699071191521971,1.0,1.0,1.0,,,,,,549,44,,,,,,,,,,0.45
A,A|n600|mis0.1|clo|shi,1,b:alpha05,0.30448966713701897,0.2682795447754347,0.6416666666666667,0.6534653465346535,0.5909090909090909,,,,,,549,44,,,,,,,,,,0.47
A,A|n600|mis0.1|clo|shi,1,b:concat05,0.37005110510082617,0.29998927961916566,0.6966666666666667,0.699009900990099,0.7045454545454546,,,,,,549,44,,,,,,,,,,0.44
A,A|n600|mis0.1|clo|shi,1,b:text_only,0.879761682441029,0.4699071191521971,1.0,1.0,1.0,,,,,,549,44,,,,,,,,,,0.2
A,A|n600|mis0.1|clo|shi,1,b:image_only,0.879761682441029,0.4699071191521971,1.0,1.0,1.0,,,,,,549,44,,,,,,,,,,0.19
A,A|n600|mis0.1|clo|shi,1,b:structure_only,0.879761682441029,0.4699071191521971,1.0,1.0,1.0,,,,,,549,44,,,,,,,,,,0.03
A,A|n600|mis0.1|clo|shi,1,b:spectral,0.879761682441029,0.4699071191521971,1.0,1.0,1.0,,,,,,549,44,,,,,,,,,,0.06
A,A|n600|mis0.1|clo|shi,1,b:kmeans_content,0.0,0.0011389132922358831,0.23333333333333334,0.2376237623762376,0.20454545454545456,,,,,,549,44,,,,,,,,,,0.08
A,A|n600|mis0.1|clo|shi,1,d:default,,,,,,0.6067956795679568,0.12299049110030313,0.6067956795679568,0.12299049110030313,0.08014571948998178,549,44,0.819917419997431,0.12585140927021524,0.7734856743623474,0.14106967097256243,0.3473420939216462,0.7367686768676868,0.6246454909384972,0.5779676974297853,,0.02
A,A|n600|mis0.1|clo|shi,1,d:rank16,,,,,,0.5219621962196219,0.11529587694971569,0.5219621962196219,0.11529587694971569,0.08014571948998178,549,44,0.3860666599198525,0.2956169058699657,0.34527583702903714,0.34761517944351134,0.1264184125173778,0.6184068406840684,0.2772044557158927,0.2706163576191921,,0.0
A,A|n600|mis0.1|clo|shi,1,d:cons,,,,,,0.6067956795679568,0.12299049110030313,0.5326282628262826,0.10065520548589849,0.08014571948998178,549,44,0.819917419997431,0.12585140927021524,0.7734856743623474,0.14106967097256243,0.3473420939216462,0.7367686768676868,0.5026197875261978,0.4699319840743199,,0.42
A,A|n600|mis0.1|clo|shi,1,d:kmmatch,,,,,,0.49329432943294327,0.07917254012876088,,,0.08014571948998178,549,44,,,,,,,,,,0.03
A,A|n600|mis0.1|clo|shi,1,d:random,,,,,,0.572952295229523,0.13816283677946994,,,0.08014571948998178,549,44,,,,,,,,,,0.02
A,A|n600|mis0.1|chi|slo,1,b:default,0.12551640572671685,0.0698378034656621,0.42333333333333334,0.4594059405940594,0.2727272727272727,,,,,,549,44,,,,,,,,,,0.47
A,A|n600|mis0.1|chi|slo,1,b:rank16,0.06945417632676265,0.07244986339877939,0.365,0.4,0.18181818181818182,,,,,,549,44,,,,,,,,,,0.22
A,A|n600|mis0.1|chi|slo,1,b:robust,0.7544878144212104,0.09465485248823534,0.975,1.0,0.7727272727272727,,,,,,549,44,,,,,,,,,,0.49
A,A|n600|mis0.1|chi|slo,1,b:alpha05,0.06758130778054161,0.07317443685130055,0.3983333333333333,0.4297029702970297,0.22727272727272727,,,,,,549,44,,,,,,,,,,0.41
A,A|n600|mis0.1|chi|slo,1,b:concat05,0.7691289808353985,0.09437380825114713,0.9816666666666667,1.0,0.7954545454545454,,,,,,549,44,,,,,,,,,,0.44
A,A|n600|mis0.1|chi|slo,1,b:text_only,0.04251597779854144,0.07577811691265804,0.30666666666666664,0.3227722772277228,0.25,,,,,,549,44,,,,,,,,,,1.17
A,A|n600|mis0.1|chi|slo,1,b:image_only,0.03716988723648651,0.07545564131545723,0.3016666666666667,0.3188118811881188,0.20454545454545456,,,,,,549,44,,,,,,,,,,1.11
A,A|n600|mis0.1|chi|slo,1,b:structure_only,0.0578947721939671,0.09018533149807281,0.4116666666666667,0.4099009900990099,0.45454545454545453,,,,,,549,44,,,,,,,,,,0.08
A,A|n600|mis0.1|chi|slo,1,b:spectral,0.810899275436673,0.09467641105597745,0.9783333333333334,1.0,0.7272727272727273,,,,,,549,44,,,,,,,,,,0.09
A,A|n600|mis0.1|chi|slo,1,b:kmeans_content,0.8267615084974922,0.09331475785292241,0.9833333333333333,1.0,0.8181818181818182,,,,,,549,44,,,,,,,,,,0.08
A,A|n600|mis0.1|chi|slo,1,d:default,,,,,,0.989018901890189,0.9134100930839175,0.989018901890189,0.9134100930839175,0.08014571948998178,549,44,0.9291308715010969,0.05029972393122663,0.6155491351537716,0.1966641610537113,2.184645761018051,0.10985598559855986,0.7210201723573544,0.43195608653921447,,0.0
A,A|n600|mis0.1|chi|slo,1,d:rank16,,,,,,0.9952745274527453,0.9648830652544166,0.9952745274527453,0.9648830652544166,0.08014571948998178,549,44,0.7865509825856788,0.15628867918434078,0.03922199576451301,0.20892141704221587,4.050747776716634,0.03856885688568858,0.5871967780873913,0.11929208004116237,,0.01
A,A|n600|mis0.1|chi|slo,1,d:cons,,,,,,0.989018901890189,0.9134100930839175,0.7197119711971197,0.15597140690061673,0.08014571948998178,549,44,0.9291308715010969,0.05029972393122663,0.6155491351537716,0.1966641610537113,2.184645761018051,0.10985598559855986,0.517641107176411,0.297528201725282,,0.41
A,A|n600|mis0.1|chi|slo,1,d:kmmatch,,,,,,1.0,1.0,,,0.08014571948998178,549,44,,,,,,,,,,0.03
A,A|n600|mis0.1|chi|slo,1,d:random,,,,,,0.572952295229523,0.13816283677946994,,,0.08014571948998178,549,44,,,,,,,,,,0.0
A,A|n600|mis0.2|chi|shi,1,b:default,0.8759886063262118,0.4699071191521971,1.0,1.0,1.0,,,,,,553,110,,,,,,,,,,0.39
A,A|n600|mis0.2|chi|shi,1,b:rank16,0.879761682441029,0.4699071191521971,1.0,1.0,1.0,,,,,,553,110,,,,,,,,,,0.23
A,A|n600|mis0.2|chi|shi,1,b:robust,0.879761682441029,0.4699071191521971,1.0,1.0,1.0,,,,,,553,110,,,,,,,,,,0.44
A,A|n600|mis0.2|chi|shi,1,b:alpha05,0.8759886063262118,0.4699071191521971,1.0,1.0,1.0,,,,,,553,110,,,,,,,,,,0.44
A,A|n600|mis0.2|chi|shi,1,b:concat05,0.8596432269597748,0.4699071191521971,1.0,1.0,1.0,,,,,,553,110,,,,,,,,,,0.44
A,A|n600|mis0.2|chi|shi,1,b:text_only,0.879761682441029,0.4699071191521971,1.0,1.0,1.0,,,,,,553,110,,,,,,,,,,0.14
A,A|n600|mis0.2|chi|shi,1,b:image_only,0.879761682441029,0.4699071191521971,1.0,1.0,1.0,,,,,,553,110,,,,,,,,,,0.2
A,A|n600|mis0.2|chi|shi,1,b:structure_only,0.879761682441029,0.4699071191521971,1.0,1.0,1.0,,,,,,553,110,,,,,,,,,,0.03
A,A|n600|mis0.2|chi|shi,1,b:spectral,0.879761682441029,0.4699071191521971,1.0,1.0,1.0,,,,,,553,110,,,,,,,,,,0.08
A,A|n600|mis0.2|chi|shi,1,b:kmeans_content,0.841332239802799,0.4562954232560451,0.9883333333333333,1.0,1.0,,,,,,553,110,,,,,,,,,,0.09
A,A|n600|mis0.2|chi|shi,1,d:default,,,,,,0.90773650728504,0.7493650116361004,0.90773650728504,0.7493650116361004,0.19891500904159132,553,110,0.9002787864911048,0.06813528567452806,0.7048917776275463,0.16242321452781677,1.5687862052503387,0.32860660783911344,0.6987397372146165,0.5117725210030819,,0.01
A,A|n600|mis0.2|chi|shi,1,d:rank16,,,,,,0.9867022368151037,0.9449063419709013,0.9867022368151037,0.9449063419709013,0.19891500904159132,553,110,0.7732182951958885,0.16038950685854467,0.13564213012634105,0.22668868402263792,3.247016750780576,0.08803611738148984,0.5767856595719612,0.14093882771708136,,0.0
A,A|n600|mis0.2|chi|shi,1,d:cons,,,,,,0.90773650728504,0.7493650116361004,0.8941104042684178,0.7154534559192174,0.19891500904159132,553,110,0.9002787864911048,0.06813528567452806,0.7048917776275463,0.16242321452781677,1.5687862052503387,0.32860660783911344,0.5785364936042137,0.1837121212121212,,0.36
A,A|n600|mis0.2|chi|shi,1,d:kmmatch,,,,,,1.0,1.0,,,0.19891500904159132,553,110,,,,,,,,,,0.05
A,A|n600|mis0.2|chi|shi,1,d:random,,,,,,0.4167042889390519,0.1657635513757331,,,0.19891500904159132,553,110,,,,,,,,,,0.0
A,A|n600|mis0.1|clo|slo,1,b:default,0.02223999058786874,0.06727082577245927,0.305,0.3108910891089109,0.25,,,,,,549,44,,,,,,,,,,0.45
A,A|n600|mis0.1|clo|slo,1,b:rank16,0.024425924274028232,0.07726885199412674,0.30833333333333335,0.30495049504950494,0.4090909090909091,,,,,,549,44,,,,,,,,,,0.22
A,A|n600|mis0.1|clo|slo,1,b:robust,0.08230544770439241,0.08714537252553292,0.4583333333333333,0.4613861386138614,0.45454545454545453,,,,,,549,44,,,,,,,,,,0.55
A,A|n600|mis0.1|clo|slo,1,b:alpha05,0.009134300551209784,0.07360644374306391,0.3283333333333333,0.33861386138613864,0.2727272727272727,,,,,,549,44,,,,,,,,,,0.42
A,A|n600|mis0.1|clo|slo,1,b:concat05,0.013484278515825454,0.0766786272429278,0.3283333333333333,0.32475247524752476,0.3409090909090909,,,,,,549,44,,,,,,,,,,0.51
A,A|n600|mis0.1|clo|slo,1,b:text_only,0.027662357830037676,0.07771130677278583,0.31333333333333335,0.32673267326732675,0.29545454545454547,,,,,,549,44,,,,,,,,,,0.49
A,A|n600|mis0.1|clo|slo,1,b:image_only,0.03194761314808281,0.07755933828847403,0.31333333333333335,0.32673267326732675,0.2727272727272727,,,,,,549,44,,,,,,,,,,0.66
A,A|n600|mis0.1|clo|slo,1,b:structure_only,0.0578947721939671,0.09018533149807281,0.4116666666666667,0.4099009900990099,0.45454545454545453,,,,,,549,44,,,,,,,,,,0.06
A,A|n600|mis0.1|clo|slo,1,b:spectral,0.09694307920206935,0.06644705742567342,0.46,0.4772277227722772,0.3409090909090909,,,,,,549,44,,,,,,,,,,0.09
A,A|n600|mis0.1|clo|slo,1,b:kmeans_content,0.0,0.0012463625843489277,0.23333333333333334,0.2376237623762376,0.20454545454545456,,,,,,549,44,,,,,,,,,,0.06
A,A|n600|mis0.1|clo|slo,1,d:default,,,,,,0.6067956795679568,0.12299049110030313,0.6067956795679568,0.12299049110030313,0.08014571948998178,549,44,0.819917419997431,0.12585140927021524,0.7734856743623474,0.14106967097256243,0.3473420939216462,0.7367686768676868,0.6246454909384972,0.5779676974297853,,0.01
A,A|n600|mis0.1|clo|slo,1,d:rank16,,,,,,0.5219621962196219,0.11529587694971569,0.5219621962196219,0.11529587694971569,0.08014571948998178,549,44,0.3860666599198525,0.2956169058699657,0.34527583702903714,0.34761517944351134,0.1264184125173778,0.6184068406840684,0.2772044557158927,0.2706163576191921,,0.0
A,A|n600|mis0.1|clo|slo,1,d:cons,,,,,,0.6067956795679568,0.12299049110030313,0.5343834383438344,0.10067103553509239,0.08014571948998178,549,44,0.819917419997431,0.12585140927021524,0.7734856743623474,0.14106967097256243,0.3473420939216462,0.7367686768676868,0.5027607140276071,0.4683145321831452,,0.42
A,A|n600|mis0.1|clo|slo,1,d:kmmatch,,,,,,0.49329432943294327,0.07917254012876088,,,0.08014571948998178,549,44,,,,,,,,,,0.03
A,A|n600|mis0.1|clo|slo,1,d:random,,,,,,0.572952295229523,0.13816283677946994,,,0.08014571948998178,549,44,,,,,,,,,,0.0
A,A|n600|mis0.2|clo|shi,1,b:default,0.34421819050879354,0.2811707043828737,0.6816666666666666,0.6749435665914221,0.6818181818181818,,,,,,553,110,,,,,,,,,,0.42
A,A|n600|mis0.2|clo|shi,1,b:rank16,0.879761682441029,0.4699071191521971,1.0,1.0,1.0,,,,,,553,110,,,,,,,,,,0.19
A,A|n600|mis0.2|clo|shi,1,b:robust,0.8759886063262118,0.4699071191521971,1.0,1.0,1.0,,,,,,553,110,,,,,,,,,,0.44
A,A|n600|mis0.2|clo|shi,1,b:alpha05,0.40360249753550725,0.31751676315958965,0.6983333333333334,0.7042889390519187,0.6545454545454545,,,,,,553,110,,,,,,,,,,0.41
A,A|n600|mis0.2|clo|shi,1,b:concat05,0.29576511895306723,0.2966085546875615,0.5866666666666667,0.6027088036117382,0.5545454545454546,,,,,,553,110,,,,,,,,,,0.44
A,A|n600|mis0.2|clo|shi,1,b:text_only,0.879761682441029,0.4699071191521971,1.0,1.0,1.0,,,,,,553,110,,,,,,,,,,0.14
A,A|n600|mis0.2|clo|shi,1,b:image_only,0.879761682441029,0.4699071191521971,1.0,1.0,1.0,,,,,,553,110,,,,,,,,,,0.25
A,A|n600|mis0.2|clo|shi,1,b:structure_only,0.879761682441029,0.4699071191521971,1.0,1.0,1.0,,,,,,553,110,,,,,,,,,,0.03
A,A|n600|mis0.2|clo|shi,1,b:spectral,0.879761682441029,0.4699071191521971,1.0,1.0,1.0,,,,,,553,110,,,,,,,,,,0.08
A,A|n600|mis0.2|clo|shi,1,b:kmeans_content,0.0,-0.003144559133392781,0.23333333333333334,0.23024830699774265,0.23636363636363636,,,,,,553,110,,,,,,,,,,0.08
A,A|n600|mis0.2|clo|shi,1,d:default,,,,,,0.46057869895341674,0.18957537796467072,0.46057869895341674,0.18957537796467072,0.19891500904159132,553,110,0.8109932589791842,0.1204558580855992,0.8264504943514569,0.12082048612559972,-0.12812874607918215,0.8255284219166836,0.6150398234380579,0.6317907950928944,,0.0
A,A|n600|mis0.2|clo|shi,1,d:rank16,,,,,,0.5163964703468089,0.21827390307844646,0.5163964703468089,0.21827390307844646,0.19891500904159132,553,110,0.4018864492859275,0.2937665809199591,0.3821713477636281,0.3084004001870592,0.06546118604540901,0.744756823312128,0.2872126282845785,0.27957519165751676,,0.0
A,A|n600|mis0.2|clo|shi,1,d:cons,,,,,,0.46057869895341674,0.18957537796467072,0.5187153704083727,0.21386301373787653,0.19891500904159132,553,110,0.8109932589791842,0.1204558580855992,0.8264504943514569,0.12082048612559972,-0.12812874607918215,0.8255284219166836,0.5037295122190597,0.4849802371541502,,0.41
A,A|n600|mis0.2|clo|shi,1,d:kmmatch,,,,,,0.5038374717832957,0.20014746650080117,,,0.19891500904159132,553,110,,,,,,,,,,0.05
A,A|n600|mis0.2|clo|shi,1,d:random,,,,,,0.4167042889390519,0.1657635513757331,,,0.19891500904159132,553,110,,,,,,,,,,0.0
A,A|n600|mis0.4|chi|shi,1,b:default,0.2920470015774883,0.24281046062829928,0.575,0.56047197640118,0.5545454545454546,,,,,,559,220,,,,,,,,,,0.39
A,A|n600|mis0.4|chi|shi,1,b:rank16,0.879761682441029,0.4699071191521971,1.0,1.0,1.0,,,,,,559,220,,,,,,,,,,0.2
A,A|n600|mis0.4|chi|shi,1,b:robust,0.879761682441029,0.4699071191521971,1.0,1.0,1.0,,,,,,559,220,,,,,,,,,,0.45
A,A|n600|mis0.4|chi|shi,1,b:alpha05,0.87208117869885,0.4699071191521971,1.0,1.0,1.0,,,,,,559,220,,,,,,,,,,0.44
A,A|n600|mis0.4|chi|shi,1,b:concat05,0.872925521082557,0.4699071191521971,1.0,1.0,1.0,,,,,,559,220,,,,,,,,,,0.47
A,A|n600|mis0.4|chi|shi,1,b:text_only,0.879761682441029,0.4699071191521971,1.0,1.0,1.0,,,,,,559,220,,,,,,,,,,0.16
A,A|n600|mis0.4|chi|shi,1,b:image_only,0.879761682441029,0.4699071191521971,1.0,1.0,1.0,,,,,,559,220,,,,,,,,,,0.19
A,A|n600|mis0.4|chi|shi,1,b:structure_only,0.879761682441029,0.4699071191521971,1.0,1.0,1.0,,,,,,559,220,,,,,,,,,,0.03
A,A|n600|mis0.4|chi|shi,1,b:spectral,0.879761682441029,0.4699071191521971,1.0,1.0,1.0,,,,,,559,220,,,,,,,,,,0.08
A,A|n600|mis0.4|chi|shi,1,b:kmeans_content,0.8457435244500404,0.4583447075448095,0.99,1.0,1.0,,,,,,559,220,,,,,,,,,,0.08
A,A|n600|mis0.4|chi|shi,1,d:default,,,,,,0.6435907750067043,0.5395928397731948,0.6435907750067043,0.5395928397731948,0.3935599284436494,559,220,0.8491306585092717,0.11482184933530175,0.7826240497557339,0.15305545975571783,0.4915636424678765,0.7727406811477607,0.6522471215770742,0.587383943069205,,0.02
A,A|n600|mis0.4|chi|shi,1,d:rank16,,,,,,0.9671091445427729,0.9494005394168409,0.9671091445427729,0.9494005394168409,0.3935599284436494,559,220,0.7402980690526794,0.16594572127548624,0.15974906022388605,0.2642319993448208,2.6313058932373896,0.19376508447304908,0.5460924332543425,0.15945956939083628,,0.0
A,A|n600|mis0.4|chi|shi,1,d:cons,,,,,,0.6435907750067043,0.5395928397731948,0.7050147492625368,0.5822163766353051,0.3935599284436494,559,220,0.8491306585092717,0.11482184933530175,0.7826240497557339,0.15305545975571783,0.4915636424678765,0.7727406811477607,0.5808301878812869,0.37544802867383514,,0.45
A,A|n600|mis0.4|chi|shi,1,d:kmmatch,,,,,,1.0,1.0,,,0.3935599284436494,559,220,,,,,,,,,,0.05
A,A|n600|mis0.4|chi|shi,1,d:random,,,,,,0.5787342451059264,0.48460600529750064,,,0.3935599284436494,559,220,,,,,,,,,,0.0
A,A|n600|mis0.2|clo|slo,1,b:default,0.027443939506796022,0.07893927039308687,0.35833333333333334,0.3747178329571106,0.32727272727272727,,,,,,553,110,,,,,,,,,,0.39
A,A|n600|mis0.2|clo|slo,1,b:rank16,0.011098428788241521,0.08321635938951058,0.3233333333333333,0.34085778781038373,0.2818181818181818,,,,,,553,110,,,,,,,,,,0.22
A,A|n600|mis0.2|clo|slo,1,b:robust,0.0655661396544791,0.08743516662287083,0.415,0.40857787810383744,0.4636363636363636,,,,,,553,110,,,,,,,,,,0.5
A,A|n600|mis0.2|clo|slo,1,b:alpha05,0.02121249547339632,0.07392781795068698,0.355,0.36343115124153497,0.32727272727272727,,,,,,553,110,,,,,,,,,,0.42
A,A|n600|mis0.2|clo|slo,1,b:concat05,0.022539504328212168,0.07392004819239746,0.335,0.3340857787810384,0.35454545454545455,,,,,,553,110,,,,,,,,,,0.47
A,A|n600|mis0.2|clo|slo,1,b:text_only,0.02758244071573679,0.07707006771455836,0.31166666666666665,0.32505643340857787,0.2727272727272727,,,,,,553,110,,,,,,,,,,0.58
A,A|n600|mis0.2|clo|slo,1,b:image_only,0.02067097267393958,0.07706825697618692,0.2833333333333333,0.28442437923250563,0.2909090909090909,,,,,,553,110,,,,,,,,,,0.73
A,A|n600|mis0.2|clo|slo,1,b:structure_only,0.0578947721939671,0.09018533149807281,0.4116666666666667,0.41309255079006774,0.4636363636363636,,,,,,553,110,,,,,,,,,,0.06
A,A|n600|mis0.2|clo|slo,1,b:spectral,0.06401444291639402,0.06951288373919798,0.45666666666666667,0.46275395033860045,0.509090909090909,,,,,,553,110,,,,,,,,,,0.11
A,A|n600|mis0.2|clo|slo,1,b:kmeans_content,0.0,-0.004368439399624422,0.23333333333333334,0.23024830699774265,0.23636363636363636,,,,,,553,110,,,,,,,,,,0.08
A,A|n600|mis0.2|clo|slo,1,d:default,,,,,,0.46057869895341674,0.18957537796467072,0.46057869895341674,0.18957537796467072,0.19891500904159132,553,110,0.8109932589791842,0.1204558580855992,0.8264504943514569,0.12082048612559972,-0.12812874607918215,0.8255284219166836,0.6150398234380579,0.6317907950928944,,0.02
A,A|n600|mis0.2|clo|slo,1,d:rank16,,,,,,0.5163964703468089,0.21827390307844646,0.5163964703468089,0.21827390307844646,0.19891500904159132,553,110,0.4018864492859275,0.2937665809199591,0.3821713477636281,0.3084004001870592,0.06546118604540901,0.744756823312128,0.2872126282845785,0.27957519165751676,,0.0
A,A|n600|mis0.2|clo|slo,1,d:cons,,,,,,0.46057869895341674,0.18957537796467072,0.4655858813872358,0.19182909973421408,0.19891500904159132,553,110,0.8109932589791842,0.1204558580855992,0.8264504943514569,0.12082048612559972,-0.12812874607918215,0.8255284219166836,0.4931421140445578,0.5276185770750988,,0.44
A,A|n600|mis0.2|clo|slo,1,d:kmmatch,,,,,,0.5038374717832957,0.20014746650080117,,,0.19891500904159132,553,110,,,,,,,,,,0.05
A,A|n600|mis0.2|clo|slo,1,d:random,,,,,,0.4167042889390519,0.1657635513757331,,,0.19891500904159132,553,110,,,,,,,,,,0.0
A,A|n600|mis0.2|chi|slo,1,b:default,0.1695318591972489,0.06932551887259342,0.4633333333333333,0.4898419864559819,0.39090909090909093,,,,,,553,110,,,,,,,,,,0.45
A,A|n600|mis0.2|chi|slo,1,b:rank16,0.09458350949355909,0.07676384098273024,0.435,0.46952595936794583,0.34545454545454546,,,,,,553,110,,,,,,,,,,0.2
A,A|n600|mis0.2|chi|slo,1,b:robust,0.6796677273470884,0.09273386489751206,0.9633333333333334,1.0,0.8636363636363636,,,,,,553,110,,,,,,,,,,0.44
A,A|n600|mis0.2|chi|slo,1,b:alpha05,0.07521657935312898,0.07624236180814739,0.4166666666666667,0.43792325056433407,0.39090909090909093,,,,,,553,110,,,,,,,,,,0.38
A,A|n600|mis0.2|chi|slo,1,b:concat05,0.6972717034471859,0.09186542840388995,0.9666666666666667,1.0,0.8727272727272727,,,,,,553,110,,,,,,,,,,0.44
A,A|n600|mis0.2|chi|slo,1,b:text_only,0.049497408313639246,0.07579822492949906,0.29833333333333334,0.3115124153498871,0.2636363636363636,,,,,,553,110,,,,,,,,,,1.67
A,A|n600|mis0.2|chi|slo,1,b:image_only,0.03914234144833073,0.07683980133490087,0.31166666666666665,0.33182844243792325,0.2545454545454545,,,,,,553,110,,,,,,,,,,1.06
A,A|n600|mis0.2|chi|slo,1,b:structure_only,0.0578947721939671,0.09018533149807281,0.4116666666666667,0.41309255079006774,0.4636363636363636,,,,,,553,110,,,,,,,,,,0.09
A,A|n600|mis0.2|chi|slo,1,b:spectral,0.8220607144069614,0.09441621603783767,0.9816666666666667,1.0,0.9272727272727272,,,,,,553,110,,,,,,,,,,0.08
A,A|n600|mis0.2|chi|slo,1,b:kmeans_content,0.841332239802799,0.09353023571912791,0.9883333333333333,1.0,1.0,,,,,,553,110,,,,,,,,,,0.11
A,A|n600|mis0.2|chi|slo,1,d:default,,,,,,0.90773650728504,0.7493650116361004,0.90773650728504,0.7493650116361004,0.19891500904159132,553,110,0.9002787864911048,0.06813528567452806,0.7048917776275463,0.16242321452781677,1.5687862052503387,0.32860660783911344,0.6987397372146165,0.5117725210030819,,0.0
A,A|n600|mis0.2|chi|slo,1,d:rank16,,,,,,0.9867022368151037,0.9449063419709013,0.9867022368151037,0.9449063419709013,0.19891500904159132,553,110,0.7732182951958885,0.16038950685854467,0.13564213012634105,0.22668868402263792,3.247016750780576,0.08803611738148984,0.5767856595719612,0.14093882771708136,,0.0
A,A|n600|mis0.2|chi|slo,1,d:cons,,,,,,0.90773650728504,0.7493650116361004,0.6474040632054177,0.2922760890887416,0.19891500904159132,553,110,0.9002787864911048,0.06813528567452806,0.7048917776275463,0.16242321452781677,1.5687862052503387,0.32860660783911344,0.5293739981025288,0.38170289855072453,,0.39
A,A|n600|mis0.2|chi|slo,1,d:kmmatch,,,,,,1.0,1.0,,,0.19891500904159132,553,110,,,,,,,,,,0.03
A,A|n600|mis0.2|chi|slo,1,d:random,,,,,,0.4167042889390519,0.1657635513757331,,,0.19891500904159132,553,110,,,,,,,,,,0.0
A,A|n600|mis0.4|clo|shi,1,b:default,0.2807155391246745,0.24980328786198952,0.64,0.6047197640117994,0.6454545454545455,,,,,,559,220,,,,,,,,,,0.44
A,A|n600|mis0.4|clo|shi,1,b:rank16,0.879761682441029,0.4699071191521971,1.0,1.0,1.0,,,,,,559,220,,,,,,,,,,0.2
A,A|n600|mis0.4|clo|shi,1,b:robust,0.8692319417115846,0.4699071191521971,1.0,1.0,1.0,,,,,,559,220,,,,,,,,,,0.47
A,A|n600|mis0.4|clo|shi,1,b:alpha05,0.3697090197867928,0.2977537010748162,0.6966666666666667,0.6784660766961652,0.7,,,,,,559,220,,,,,,,,,,0.48
A,A|n600|mis0.4|clo|shi,1,b:concat05,0.46318231330431936,0.36303906369498745,0.7816666666666666,0.7522123893805309,0.7954545454545454,,,,,,559,220,,,,,,,,,,0.48
A,A|n600|mis0.4|clo|shi,1,b:text_only,0.879761682441029,0.4699071191521971,1.0,1.0,1.0,,,,,,559,220,,,,,,,,,,0.14
A,A|n600|mis0.4|clo|shi,1,b:image_only,0.879761682441029,0.4699071191521971,1.0,1.0,1.0,,,,,,559,220,,,,,,,,,,0.2
A,A|n600|mis0.4|clo|shi,1,b:structure_only,0.879761682441029,0.4699071191521971,1.0,1.0,1.0,,,,,,559,220,,,,,,,,,,0.03
A,A|n600|mis0.4|clo|shi,1,b:spectral,0.879761682441029,0.4699071191521971,1.0,1.0,1.0,,,,,,559,220,,,,,,,,,,0.14
A,A|n600|mis0.4|clo|shi,1,b:kmeans_content,0.0,-0.00039971163084407194,0.23833333333333334,0.22418879056047197,0.24545454545454545,,,,,,559,220,,,,,,,,,,0.09
A,A|n600|mis0.4|clo|shi,1,d:default,,,,,,0.5014347009922231,0.38487749385231373,0.5014347009922231,0.38487749385231373,0.3935599284436494,559,220,0.808956146968345,0.14512482142831715,0.8166559241871018,0.12350337734733446,-0.05714185448729064,0.8760391525878252,0.6128416834269108,0.6199769089130103,,0.01
A,A|n600|mis0.4|clo|shi,1,d:rank16,,,,,,0.4371145079109681,0.3709186449453624,0.4371145079109681,0.3709186449453624,0.3935599284436494,559,220,0.3565448887385524,0.2829895174952605,0.4095637875246257,0.3015525972369758,-0.1813117766318272,0.8080048270313758,0.2533862606165578,0.29489882663310724,,0.0
A,A|n600|mis0.4|clo|shi,1,d:cons,,,,,,0.5014347009922231,0.38487749385231373,0.5128452668275678,0.40059305539931755,0.3935599284436494,559,220,0.808956146968345,0.14512482142831715,0.8166559241871018,0.12350337734733446,-0.05714185448729064,0.8760391525878252,0.5050644421183959,0.49219615509938086,,0.44
A,A|n600|mis0.4|clo|shi,1,d:kmmatch,,,,,,0.4940332528828104,0.39073818223594203,,,0.3935599284436494,559,220,,,,,,,,,,0.05
A,A|n600|mis0.4|clo|shi,1,d:random,,,,,,0.5787342451059264,0.48460600529750064,,,0.3935599284436494,559,220,,,,,,,,,,0.0
A,A|n600|mis0.4|chi|slo,1,b:default,0.05417449312808498,0.056691372439813204,0.38,0.415929203539823,0.32727272727272727,,,,,,559,220,,,,,,,,,,0.48
A,A|n600|mis0.4|chi|slo,1,b:rank16,0.04834221799542615,0.07753006019266787,0.435,0.45722713864306785,0.39090909090909093,,,,,,559,220,,,,,,,,,,0.31
A,A|n600|mis0.4|chi|slo,1,b:robust,0.610575300924982,0.08858693956704056,0.9366666666666666,1.0,0.8590909090909091,,,,,,559,220,,,,,,,,,,0.5
A,A|n600|mis0.4|chi|slo,1,b:alpha05,0.047912564225077725,0.07893973349126307,0.4066666666666667,0.3952802359882006,0.40454545454545454,,,,,,559,220,,,,,,,,,,0.44
A,A|n600|mis0.4|chi|slo,1,b:concat05,0.17687370978571804,0.07566298433539304,0.4666666666666667,0.48672566371681414,0.45,,,,,,559,220,,,,,,,,,,0.47
A,A|n600|mis0.4|chi|slo,1,b:text_only,0.040080865410017985,0.07570445489958406,0.29833333333333334,0.28023598820059,0.3090909090909091,,,,,,559,220,,,,,,,,,,0.84
A,A|n600|mis0.4|chi|slo,1,b:image_only,0.036711455452173025,0.07564831098392134,0.2966666666666667,0.2861356932153392,0.30454545454545456,,,,,,559,220,,,,,,,,,,0.91
A,A|n600|mis0.4|chi|slo,1,b:structure_only,0.0578947721939671,0.09018533149807281,0.4116666666666667,0.4218289085545723,0.4090909090909091,,,,,,559,220,,,,,,,,,,0.06
A,A|n600|mis0.4|chi|slo,1,b:spectral,0.800558818154452,0.09499907042229586,0.9733333333333334,1.0,0.9545454545454546,,,,,,559,220,,,,,,,,,,0.08
A,A|n600|mis0.4|chi|slo,1,b:kmeans_content,0.8457435244500404,0.09560144108703658,0.99,1.0,1.0,,,,,,559,220,,,,,,,,,,0.09
A,A|n600|mis0.4|chi|slo,1,d:default,,,,,,0.6435907750067043,0.5395928397731948,0.6435907750067043,0.5395928397731948,0.3935599284436494,559,220,0.8491306585092717,0.11482184933530175,0.7826240497557339,0.15305545975571783,0.4915636424678765,0.7727406811477607,0.6522471215770742,0.587383943069205,,0.0
A,A|n600|mis0.4|chi|slo,1,d:rank16,,,,,,0.9671091445427729,0.9494005394168409,0.9671091445427729,0.9494005394168409,0.3935599284436494,559,220,0.7402980690526794,0.16594572127548624,0.15974906022388605,0.2642319993448208,2.6313058932373896,0.19376508447304908,0.5460924332543425,0.15945956939083628,,0.0
A,A|n600|mis0.4|chi|slo,1,d:cons,,,,,,0.6435907750067043,0.5395928397731948,0.5963797264682221,0.48441909630515895,0.3935599284436494,559,220,0.8491306585092717,0.11482184933530175,0.7826240497557339,0.15305545975571783,0.4915636424678765,0.7727406811477607,0.5379991753100517,0.4414467253176931,,0.47
A,A|n600|mis0.4|chi|slo,1,d:kmmatch,,,,,,1.0,1.0,,,0.3935599284436494,559,220,,,,,,,,,,0.05
A,A|n600|mis0.4|chi|slo,1,d:random,,,,,,0.5787342451059264,0.48460600529750064,,,0.3935599284436494,559,220,,,,,,,,,,0.0
A,A|n600|mis0.4|clo|slo,1,b:default,0.0,0.06341046632849426,0.26,0.26253687315634217,0.2590909090909091,,,,,,559,220,,,,,,,,,,0.47
A,A|n600|mis0.4|clo|slo,1,b:rank16,0.012328204681282706,0.0734770776350818,0.305,0.29793510324483774,0.30454545454545456,,,,,,559,220,,,,,,,,,,0.22
A,A|n600|mis0.4|clo|slo,1,b:robust,0.05857863176402289,0.0862591471813331,0.445,0.45132743362831856,0.42272727272727273,,,,,,559,220,,,,,,,,,,0.56
A,A|n600|mis0.4|clo|slo,1,b:alpha05,0.0,0.07459458621472284,0.295,0.2920353982300885,0.2818181818181818,,,,,,559,220,,,,,,,,,,0.47
A,A|n600|mis0.4|clo|slo,1,b:concat05,0.0,0.07975250019354566,0.29833333333333334,0.30678466076696165,0.2863636363636364,,,,,,559,220,,,,,,,,,,0.5
A,A|n600|mis0.4|clo|slo,1,b:text_only,0.02730355674596363,0.07807154447338586,0.31333333333333335,0.30383480825958703,0.32272727272727275,,,,,,559,220,,,,,,,,,,0.49
A,A|n600|mis0.4|clo|slo,1,b:image_only,0.024335755744545384,0.07745312708930174,0.295,0.2831858407079646,0.3090909090909091,,,,,,559,220,,,,,,,,,,0.64
A,A|n600|mis0.4|clo|slo,1,b:structure_only,0.0578947721939671,0.09018533149807281,0.4116666666666667,0.4218289085545723,0.4090909090909091,,,,,,559,220,,,,,,,,,,0.06
A,A|n600|mis0.4|clo|slo,1,b:spectral,0.0,0.0645245911061177,0.34,0.3392330383480826,0.33636363636363636,,,,,,559,220,,,,,,,,,,0.09
A,A|n600|mis0.4|clo|slo,1,b:kmeans_content,0.0,-0.002486483144338778,0.23833333333333334,0.22418879056047197,0.24545454545454545,,,,,,559,220,,,,,,,,,,0.11
A,A|n600|mis0.4|clo|slo,1,d:default,,,,,,0.5014347009922231,0.38487749385231373,0.5014347009922231,0.38487749385231373,0.3935599284436494,559,220,0.808956146968345,0.14512482142831715,0.8166559241871018,0.12350337734733446,-0.05714185448729064,0.8760391525878252,0.6128416834269108,0.6199769089130103,,0.0
A,A|n600|mis0.4|clo|slo,1,d:rank16,,,,,,0.4371145079109681,0.3709186449453624,0.4371145079109681,0.3709186449453624,0.3935599284436494,559,220,0.3565448887385524,0.2829895174952605,0.4095637875246257,0.3015525972369758,-0.1813117766318272,0.8080048270313758,0.2533862606165578,0.29489882663310724,,0.0
A,A|n600|mis0.4|clo|slo,1,d:cons,,,,,,0.5014347009922231,0.38487749385231373,0.5025475998927327,0.4039901162229458,0.3935599284436494,559,220,0.808956146968345,0.14512482142831715,0.8166559241871018,0.12350337734733446,-0.05714185448729064,0.8760391525878252,0.5010044300652351,0.4984522645812968,,0.47
A,A|n600|mis0.4|clo|slo,1,d:kmmatch,,,,,,0.4940332528828104,0.39073818223594203,,,0.3935599284436494,559,220,,,,,,,,,,0.05
A,A|n600|mis0.4|clo|slo,1,d:random,,,,,,0.5787342451059264,0.48460600529750064,,,0.3935599284436494,559,220,,,,,,,,,,0.0
B,B|crisismmd|q0.0,1,b:default,0.6290563695197424,0.5267513351527662,0.8425,0.8425,nan,,,,,,800,0,,,,,,,,,,0.89
B,B|crisismmd|q0.0,1,b:rank16,0.6957404851982161,0.4551391264471764,0.81,0.81,nan,,,,,,800,0,,,,,,,,,,0.3
B,B|crisismmd|q0.0,1,b:robust,0.6742702079428772,0.518028772184927,0.92875,0.92875,nan,,,,,,800,0,,,,,,,,,,0.89
B,B|crisismmd|q0.0,1,b:alpha05,0.681917049938922,0.41602279962686467,0.785,0.785,nan,,,,,,800,0,,,,,,,,,,0.94
B,B|crisismmd|q0.0,1,b:concat05,0.7052118547228354,0.4415394429687393,0.79125,0.79125,nan,,,,,,800,0,,,,,,,,,,0.88
B,B|crisismmd|q0.0,1,b:text_only,0.6695765004200093,0.4312996005701706,0.7125,0.7125,nan,,,,,,800,0,,,,,,,,,,0.45
B,B|crisismmd|q0.0,1,b:image_only,0.6547473018941881,0.4289968744039543,0.71125,0.71125,nan,,,,,,800,0,,,,,,,,,,0.67
B,B|crisismmd|q0.0,1,b:structure_only,0.5491887431801526,0.516106322896425,0.89375,0.89375,nan,,,,,,800,0,,,,,,,,,,0.05
B,B|crisismmd|q0.0,1,b:spectral,0.8788156780705653,0.5166905339443814,0.96875,0.96875,nan,,,,,,800,0,,,,,,,,,,0.12
B,B|crisismmd|q0.0,1,b:kmeans_content,0.4064742121714391,0.1989244266278576,0.58125,0.58125,nan,,,,,,800,0,,,,,,,,,,0.25
B,B|crisismmd|q0.0,1,d:default,,,,,,nan,nan,nan,nan,0.0,800,0,0.8465798549402025,0.14057504107119848,,,,,0.6471371057933639,,,0.0
B,B|crisismmd|q0.0,1,d:rank16,,,,,,nan,nan,nan,nan,0.0,800,0,0.6131852084471169,0.282526178464697,,,,,0.4491328347367386,,,0.0
B,B|crisismmd|q0.0,1,d:cons,,,,,,nan,nan,nan,nan,0.0,800,0,0.8465798549402025,0.14057504107119848,,,,,0.499375,,,0.86
B,B|crisismmd|q0.0,1,d:kmmatch,,,,,,nan,nan,,,0.0,800,0,,,,,,,,,,0.12
B,B|crisismmd|q0.0,1,d:random,,,,,,nan,nan,,,0.0,800,0,,,,,,,,,,0.0
B,B|crisismmd|q0.1,1,b:default,0.5521408303004756,0.5277611324858368,0.84625,0.8524137931034482,0.7866666666666666,,,,,,800,75,,,,,,,,,,0.88
B,B|crisismmd|q0.1,1,b:rank16,0.6881820131413491,0.45253885595461624,0.8075,0.7972413793103448,0.9066666666666666,,,,,,800,75,,,,,,,,,,0.33
B,B|crisismmd|q0.1,1,b:robust,0.7121813251562722,0.44759500552268544,0.83625,0.84,0.8,,,,,,800,75,,,,,,,,,,0.88
B,B|crisismmd|q0.1,1,b:alpha05,0.6504095295110075,0.37954107050942876,0.73875,0.7462068965517241,0.6666666666666666,,,,,,800,75,,,,,,,,,,0.92
B,B|crisismmd|q0.1,1,b:concat05,0.6620633695661402,0.30753515526797587,0.60125,0.6027586206896551,0.5866666666666667,,,,,,800,75,,,,,,,,,,1.0
B,B|crisismmd|q0.1,1,b:text_only,0.6695765004200093,0.4312996005701706,0.7125,0.7117241379310345,0.72,,,,,,800,75,,,,,,,,,,0.47
B,B|crisismmd|q0.1,1,b:image_only,0.6547473018941881,0.4291622139958709,0.71125,0.7117241379310345,0.7066666666666667,,,,,,800,75,,,,,,,,,,0.77
B,B|crisismmd|q0.1,1,b:structure_only,0.5491887431801526,0.516106322896425,0.89375,0.8993103448275862,0.84,,,,,,800,75,,,,,,,,,,0.05
B,B|crisismmd|q0.1,1,b:spectral,0.8632661248744721,0.517767458649727,0.965,0.9696551724137931,0.92,,,,,,800,75,,,,,,,,,,0.11
B,B|crisismmd|q0.1,1,b:kmeans_content,0.4197156324967869,0.1991363516538833,0.605,0.6068965517241379,0.5866666666666667,,,,,,800,75,,,,,,,,,,0.27
B,B|crisismmd|q0.1,1,d:default,,,,,,0.6872643678160919,0.21982357678091197,0.6872643678160919,0.21982357678091197,0.09375,800,75,0.8382156823901826,0.1434001819324755,0.7251597023478041,0.21993285959982736,0.6089639183145775,0.6813793103448276,0.6386377740300461,0.5419530999301374,,0.0
B,B|crisismmd|q0.1,1,d:rank16,,,,,,0.8240551724137931,0.27992496874329875,0.8240551724137931,0.27992496874329875,0.09375,800,75,0.6013373824840741,0.2852609472571407,0.24029956149150516,0.27374823428907774,1.2914323789776574,0.45333333333333337,0.44036989546475036,0.19290996923767026,,0.0
B,B|crisismmd|q0.1,1,d:cons,,,,,,0.6872643678160919,0.21982357678091197,0.5573149425287356,0.10908065093503551,0.09375,800,75,0.8382156823901826,0.1434001819324755,0.7251597023478041,0.21993285959982736,0.6089639183145775,0.6813793103448276,0.5047619047619047,0.44730158730158737,,0.83
B,B|crisismmd|q0.1,1,d:kmmatch,,,,,,0.5891954022988506,0.11259085213032581,,,0.09375,800,75,,,,,,,,,,0.12
B,B|crisismmd|q0.1,1,d:random,,,,,,0.48647356321839086,0.08809932339557747,,,0.09375,800,75,,,,,,,,,,0.0
B,B|crisismmd|q0.2,1,b:default,0.5818245707173051,0.5219546461617681,0.84125,0.8569230769230769,0.7733333333333333,,,,,,800,150,,,,,,,,,,0.84
B,B|crisismmd|q0.2,1,b:rank16,0.6877263210185592,0.44274876067474783,0.80625,0.8015384615384615,0.8266666666666667,,,,,,800,150,,,,,,,,,,0.31
B,B|crisismmd|q0.2,1,b:robust,0.7040658453105588,0.4535178822173796,0.84375,0.8507692307692307,0.8133333333333334,,,,,,800,150,,,,,,,,,,0.86
B,B|crisismmd|q0.2,1,b:alpha05,0.6361060770651157,0.5024509126122103,0.855,0.8723076923076923,0.78,,,,,,800,150,,,,,,,,,,0.91
B,B|crisismmd|q0.2,1,b:concat05,0.6628483164110136,0.31252236968953767,0.6225,0.6215384615384615,0.6266666666666667,,,,,,800,150,,,,,,,,,,0.94
B,B|crisismmd|q0.2,1,b:text_only,0.6695765004200093,0.4312996005701706,0.7125,0.703076923076923,0.7533333333333333,,,,,,800,150,,,,,,,,,,0.5
B,B|crisismmd|q0.2,1,b:image_only,0.6514840981752346,0.4284833887052224,0.70875,0.7,0.7466666666666667,,,,,,800,150,,,,,,,,,,0.73
B,B|crisismmd|q0.2,1,b:structure_only,0.5491887431801526,0.516106322896425,0.89375,0.9,0.8666666666666667,,,,,,800,150,,,,,,,,,,0.05
B,B|crisismmd|q0.2,1,b:spectral,0.8565631674919935,0.5159448532215762,0.9625,0.9676923076923077,0.94,,,,,,800,150,,,,,,,,,,0.09
B,B|crisismmd|q0.2,1,b:kmeans_content,0.42001218045078703,0.21302550492899833,0.63125,0.6246153846153846,0.66,,,,,,800,150,,,,,,,,,,0.25
B,B|crisismmd|q0.2,1,d:default,,,,,,0.6374871794871795,0.27624908910575063,0.6374871794871795,0.27624908910575063,0.1875,800,150,0.8283348042058144,0.15195228459553342,0.7593090078533052,0.17193342210933488,0.42542672427267814,0.7394871794871795,0.6307388258730867,0.562985386789406,,0.01
B,B|crisismmd|q0.2,1,d:rank16,,,,,,0.8089641025641026,0.4956299712210349,0.8089641025641026,0.4956299712210349,0.1875,800,150,0.604459415471429,0.2667937385875788,0.2492078220140855,0.31015368848745506,1.228023741339736,0.4969230769230769,0.43676456435122996,0.21038738029911044,,0.0
B,B|crisismmd|q0.2,1,d:cons,,,,,,0.6374871794871795,0.27624908910575063,0.5340153846153847,0.22541991333739864,0.1875,800,150,0.8283348042058144,0.15195228459553342,0.7593090078533052,0.17193342210933488,0.42542672427267814,0.7394871794871795,0.5057682668208984,0.4716708437761071,,0.8
B,B|crisismmd|q0.2,1,d:kmmatch,,,,,,0.5584615384615383,0.20758389261744967,,,0.1875,800,150,,,,,,,,,,0.12
B,B|crisismmd|q0.2,1,d:random,,,,,,0.4969641025641026,0.17846157230230747,,,0.1875,800,150,,,,,,,,,,0.0
B,B|fakeddit_real_lcc|q0.0,1,b:default,0.1421476531269955,0.5522990132665555,0.47635135135135137,0.4761092150170648,nan,,,,,,586,0,,,,,,,,,,0.52
B,B|fakeddit_real_lcc|q0.0,1,b:rank16,0.1889974945199202,0.7118681221458063,0.3918918918918919,0.3890784982935154,nan,,,,,,586,0,,,,,,,,,,0.23
B,B|fakeddit_real_lcc|q0.0,1,b:robust,0.22934355303895737,0.7501711136032374,0.47128378378378377,0.4709897610921502,nan,,,,,,586,0,,,,,,,,,,0.53
B,B|fakeddit_real_lcc|q0.0,1,b:alpha05,0.16693133254923742,0.6811812790274145,0.4408783783783784,0.4402730375426621,nan,,,,,,586,0,,,,,,,,,,0.49
B,B|fakeddit_real_lcc|q0.0,1,b:concat05,0.15667046009622543,0.5754060102589926,0.48817567567567566,0.4880546075085324,nan,,,,,,586,0,,,,,,,,,,0.51
B,B|fakeddit_real_lcc|q0.0,1,b:text_only,0.2105948863430167,0.7683001310039427,0.3935810810810811,0.39078498293515357,nan,,,,,,586,0,,,,,,,,,,0.64
B,B|fakeddit_real_lcc|q0.0,1,b:image_only,0.2175583519114197,0.7662884450609583,0.3918918918918919,0.39078498293515357,nan,,,,,,586,0,,,,,,,,,,0.28
B,B|fakeddit_real_lcc|q0.0,1,b:structure_only,0.21746408286671293,0.7662884450609583,0.3918918918918919,0.39078498293515357,nan,,,,,,586,0,,,,,,,,,,0.06
B,B|fakeddit_real_lcc|q0.0,1,b:spectral,0.5227766958073978,0.6186289805504904,0.7280405405405406,0.7286689419795221,nan,,,,,,586,0,,,,,,,,,,0.08
B,B|fakeddit_real_lcc|q0.0,1,b:kmeans_content,0.25283335752573743,0.32670839806314667,0.41385135135135137,0.41638225255972694,nan,,,,,,586,0,,,,,,,,,,0.12
B,B|fakeddit_real_lcc|q0.0,1,d:default,,,,,,nan,nan,nan,nan,0.0,586,0,0.8016898697358369,0.19765927927142649,,,,,0.6096919194850637,,,0.0
B,B|fakeddit_real_lcc|q0.0,1,d:rank16,,,,,,nan,nan,nan,nan,0.0,586,0,0.5146519431756461,0.3062560256416444,,,,,0.3750987131063288,,,0.0
B,B|fakeddit_real_lcc|q0.0,1,d:cons,,,,,,nan,nan,nan,nan,0.0,586,0,0.8016898697358369,0.19765927927142649,,,,,0.5,,,0.5
B,B|fakeddit_real_lcc|q0.0,1,d:kmmatch,,,,,,nan,nan,,,0.0,586,0,,,,,,,,,,0.06
B,B|fakeddit_real_lcc|q0.0,1,d:random,,,,,,nan,nan,,,0.0,586,0,,,,,,,,,,0.0
B,B|crisismmd|q0.4,1,b:default,0.3751770342778422,0.4799352330679519,0.745,0.7726396917148363,0.693950177935943,,,,,,800,281,,,,,,,,,,0.95
B,B|crisismmd|q0.4,1,b:rank16,0.7080508680081764,0.42294338277860133,0.77375,0.7591522157996147,0.800711743772242,,,,,,800,281,,,,,,,,,,0.33
B,B|crisismmd|q0.4,1,b:robust,0.5493017654957091,0.5239070507002227,0.91125,0.9267822736030829,0.8825622775800712,,,,,,800,281,,,,,,,,,,1.0
B,B|crisismmd|q0.4,1,b:alpha05,0.5440894459919128,0.4916553292042225,0.8275,0.8516377649325626,0.7829181494661922,,,,,,800,281,,,,,,,,,,0.91
B,B|crisismmd|q0.4,1,b:concat05,0.6624807768530969,0.33028947272526377,0.65625,0.653179190751445,0.6619217081850534,,,,,,800,281,,,,,,,,,,1.08
B,B|crisismmd|q0.4,1,b:text_only,0.6695765004200093,0.4312996005701706,0.7125,0.7052023121387283,0.7259786476868327,,,,,,800,281,,,,,,,,,,0.44
B,B|crisismmd|q0.4,1,b:image_only,0.6510370248722064,0.42874051854629514,0.71375,0.7090558766859345,0.7224199288256228,,,,,,800,281,,,,,,,,,,0.78
B,B|crisismmd|q0.4,1,b:structure_only,0.5491887431801526,0.516106322896425,0.89375,0.9094412331406551,0.8647686832740213,,,,,,800,281,,,,,,,,,,0.05
B,B|crisismmd|q0.4,1,b:spectral,0.8939588338448081,0.5197773680639634,0.97375,0.976878612716763,0.9679715302491103,,,,,,800,281,,,,,,,,,,0.11
B,B|crisismmd|q0.4,1,b:kmeans_content,0.4096761614680402,0.20442395531379567,0.63125,0.6069364161849711,0.6761565836298933,,,,,,800,281,,,,,,,,,,0.22
B,B|crisismmd|q0.4,1,d:default,,,,,,0.5814356927845089,0.4131278005347633,0.5814356927845089,0.4131278005347633,0.35125,800,281,0.8122392439124385,0.1747303127409517,0.771049850871014,0.19164249511275602,0.22461044031045216,0.8313551244865913,0.6175259088126711,0.5801318487283396,,0.0
B,B|crisismmd|q0.4,1,d:rank16,,,,,,0.7522679118754242,0.6158465614223394,0.7522679118754242,0.6158465614223394,0.35125,800,281,0.5676608910811242,0.2709652419050458,0.28427108876954577,0.3281374838293573,0.9417688959132083,0.6181885503877564,0.405611881638076,0.2325858118021992,,0.01
B,B|crisismmd|q0.4,1,d:cons,,,,,,0.5814356927845089,0.4131278005347633,0.5571212090044502,0.41625205918610686,0.35125,800,281,0.8122392439124385,0.1747303127409517,0.771049850871014,0.19164249511275602,0.22461044031045216,0.8313551244865913,0.5194875435216171,0.46222763313978904,,0.86
B,B|crisismmd|q0.4,1,d:kmmatch,,,,,,0.6317377381907445,0.4255672675228222,,,0.35125,800,281,,,,,,,,,,0.11
B,B|crisismmd|q0.4,1,d:random,,,,,,0.477622583808172,0.33040703610303046,,,0.35125,800,281,,,,,,,,,,0.0
B,B|fakeddit_real_lcc|q0.2,1,b:default,0.08625862161737041,0.41671280668039085,0.4341216216216216,0.4360587002096436,0.44036697247706424,,,,,,586,109,,,,,,,,,,0.58
B,B|fakeddit_real_lcc|q0.2,1,b:rank16,0.1912935006449068,0.7150540887817464,0.3935810810810811,0.3941299790356394,0.3761467889908257,,,,,,586,109,,,,,,,,,,0.22
B,B|fakeddit_real_lcc|q0.2,1,b:robust,0.1990260327187765,0.7243792277838939,0.46283783783783783,0.44863731656184486,0.5229357798165137,,,,,,586,109,,,,,,,,,,0.58
B,B|fakeddit_real_lcc|q0.2,1,b:alpha05,0.15811088689008068,0.5122112494746032,0.3918918918918919,0.36268343815513626,0.5045871559633027,,,,,,586,109,,,,,,,,,,0.48
B,B|fakeddit_real_lcc|q0.2,1,b:concat05,0.12495377004219088,0.5835661787712191,0.4831081081081081,0.4779874213836478,0.5045871559633027,,,,,,586,109,,,,,,,,,,0.61
B,B|fakeddit_real_lcc|q0.2,1,b:text_only,0.2105948863430167,0.7683001310039427,0.3935810810810811,0.3941299790356394,0.3761467889908257,,,,,,586,109,,,,,,,,,,0.64
B,B|fakeddit_real_lcc|q0.2,1,b:image_only,0.2175583519114197,0.7662884450609583,0.3918918918918919,0.39622641509433965,0.3669724770642202,,,,,,586,109,,,,,,,,,,0.25
B,B|fakeddit_real_lcc|q0.2,1,b:structure_only,0.21746408286671293,0.7662884450609583,0.3918918918918919,0.39622641509433965,0.3669724770642202,,,,,,586,109,,,,,,,,,,0.05
B,B|fakeddit_real_lcc|q0.2,1,b:spectral,0.5144811640454141,0.6177215651387569,0.722972972972973,0.7127882599580713,0.7706422018348624,,,,,,586,109,,,,,,,,,,0.06
B,B|fakeddit_real_lcc|q0.2,1,b:kmeans_content,0.14438323624940397,0.3395531202816086,0.5405405405405406,0.5681341719077568,0.43119266055045874,,,,,,586,109,,,,,,,,,,0.14
B,B|fakeddit_real_lcc|q0.2,1,d:default,,,,,,0.49620141172850196,0.1806166258515679,0.49620141172850196,0.1806166258515679,0.18600682593856654,586,109,0.7824212958085434,0.22835324833144566,0.8020291034750255,0.18047765973705143,-0.09527034722280472,0.8349585521127845,0.5975344114295726,0.6083740978938019,,0.0
B,B|fakeddit_real_lcc|q0.2,1,d:rank16,,,,,,0.6889004289038909,0.33148423235142455,0.6889004289038909,0.33148423235142455,0.18600682593856654,586,109,0.50871349418935,0.3046117882982104,0.2956326137086755,0.34403504671008966,0.6557911123796853,0.6520877810474488,0.36920989111170643,0.24396835065914346,,0.0
B,B|fakeddit_real_lcc|q0.2,1,d:cons,,,,,,0.49620141172850196,0.1806166258515679,0.5921181697536206,0.24291788021373956,0.18600682593856654,586,109,0.7824212958085434,0.22835324833144566,0.8020291034750255,0.18047765973705143,-0.09527034722280472,0.8349585521127845,0.5171638982959738,0.42488826158550935,,0.5
B,B|fakeddit_real_lcc|q0.2,1,d:kmmatch,,,,,,0.5965418421710615,0.22230828130546054,,,0.18600682593856654,586,109,,,,,,,,,,0.06
B,B|fakeddit_real_lcc|q0.2,1,d:random,,,,,,0.5557671224972592,0.20938323366113387,,,0.18600682593856654,586,109,,,,,,,,,,0.0
B,B|fakeddit_real_lcc|q0.1,1,b:default,0.06053396873875505,0.3517713771851708,0.44256756756756754,0.45318352059925093,0.36538461538461536,,,,,,586,52,,,,,,,,,,0.59
B,B|fakeddit_real_lcc|q0.1,1,b:rank16,0.18070204771452225,0.7180303222527692,0.3918918918918919,0.3857677902621723,0.4230769230769231,,,,,,586,52,,,,,,,,,,0.22
B,B|fakeddit_real_lcc|q0.1,1,b:robust,0.2187464627133141,0.7388365681129498,0.47128378378378377,0.46629213483146065,0.5192307692307693,,,,,,586,52,,,,,,,,,,0.55
B,B|fakeddit_real_lcc|q0.1,1,b:alpha05,0.1649568039858984,0.6369622044583315,0.4239864864864865,0.41947565543071164,0.46153846153846156,,,,,,586,52,,,,,,,,,,0.53
B,B|fakeddit_real_lcc|q0.1,1,b:concat05,0.1410347424130216,0.5774495327822976,0.4847972972972973,0.4868913857677903,0.46153846153846156,,,,,,586,52,,,,,,,,,,0.56
B,B|fakeddit_real_lcc|q0.1,1,b:text_only,0.2105948863430167,0.7683001310039427,0.3935810810810811,0.38764044943820225,0.4230769230769231,,,,,,586,52,,,,,,,,,,0.59
B,B|fakeddit_real_lcc|q0.1,1,b:image_only,0.21810344738399912,0.7814809941095506,0.3935810810810811,0.3857677902621723,0.4423076923076923,,,,,,586,52,,,,,,,,,,0.66
B,B|fakeddit_real_lcc|q0.1,1,b:structure_only,0.21746408286671293,0.7662884450609583,0.3918918918918919,0.3913857677902622,0.38461538461538464,,,,,,586,52,,,,,,,,,,0.05
B,B|fakeddit_real_lcc|q0.1,1,b:spectral,0.5188391667245711,0.6178812027653671,0.7246621621621622,0.7209737827715356,0.7692307692307693,,,,,,586,52,,,,,,,,,,0.06
B,B|fakeddit_real_lcc|q0.1,1,b:kmeans_content,0.18276069840775322,0.3016512429191009,0.4543918918918919,0.45131086142322097,0.5,,,,,,586,52,,,,,,,,,,0.14
B,B|fakeddit_real_lcc|q0.1,1,d:default,,,,,,0.5438634399308556,0.09788611004393452,0.5438634399308556,0.09788611004393452,0.08873720136518772,586,52,0.7918219112315098,0.2223937589281092,0.7894238954801415,0.19475619205716227,0.011471989686767268,0.6735811005473926,0.6051808082758442,0.6023857843188466,,0.0
B,B|fakeddit_real_lcc|q0.1,1,d:rank16,,,,,,0.6628493229616826,0.15846028094531667,0.6628493229616826,0.15846028094531667,0.08873720136518772,586,52,0.5044654428293515,0.31690315639078426,0.31238701685890147,0.3408518744227514,0.5836556982412663,0.6260443676174013,0.37126834198270753,0.2565952352283089,,0.01
B,B|fakeddit_real_lcc|q0.1,1,d:cons,,,,,,0.5438634399308556,0.09788611004393452,0.6206784788245463,0.18640374295677262,0.08873720136518772,586,52,0.7918219112315098,0.2223937589281092,0.7894238954801415,0.19475619205716227,0.011471989686767268,0.6735811005473926,0.5107269758955152,0.3898422090729783,,0.49
B,B|fakeddit_real_lcc|q0.1,1,d:kmmatch,,,,,,0.5674517430135407,0.10166087740910529,,,0.08873720136518772,586,52,,,,,,,,,,0.08
B,B|fakeddit_real_lcc|q0.1,1,d:random,,,,,,0.5357966004033419,0.10105625761217324,,,0.08873720136518772,586,52,,,,,,,,,,0.01
B,B|fakeddit_real_lcc|q0.4,1,b:default,0.12454933142804325,0.4364385501356649,0.4797297297297297,0.4583333333333333,0.5297029702970297,,,,,,586,202,,,,,,,,,,0.51
B,B|fakeddit_real_lcc|q0.4,1,b:rank16,0.19790299782937626,0.7381447273335353,0.3935810810810811,0.4036458333333333,0.36633663366336633,,,,,,586,202,,,,,,,,,,0.27
B,B|fakeddit_real_lcc|q0.4,1,b:robust,0.19996778038286045,0.7183059847139408,0.46959459459459457,0.4427083333333333,0.5198019801980198,,,,,,586,202,,,,,,,,,,0.62
B,B|fakeddit_real_lcc|q0.4,1,b:alpha05,0.1530928557454695,0.5403656124310438,0.36824324324324326,0.3697916666666667,0.3613861386138614,,,,,,586,202,,,,,,,,,,0.55
B,B|fakeddit_real_lcc|q0.4,1,b:concat05,0.1067770662476778,0.576441628973753,0.48817567567567566,0.4739583333333333,0.5148514851485149,,,,,,586,202,,,,,,,,,,0.52
B,B|fakeddit_real_lcc|q0.4,1,b:text_only,0.2105948863430167,0.7683001310039427,0.3935810810810811,0.4036458333333333,0.36633663366336633,,,,,,586,202,,,,,,,,,,0.59
B,B|fakeddit_real_lcc|q0.4,1,b:image_only,0.2175583519114197,0.7662884450609583,0.3918918918918919,0.4036458333333333,0.36633663366336633,,,,,,586,202,,,,,,,,,,0.27
B,B|fakeddit_real_lcc|q0.4,1,b:structure_only,0.21746408286671293,0.7662884450609583,0.3918918918918919,0.4036458333333333,0.36633663366336633,,,,,,586,202,,,,,,,,,,0.08
B,B|fakeddit_real_lcc|q0.4,1,b:spectral,0.5001868072635048,0.6177295461456161,0.7195945945945946,0.6979166666666666,0.7623762376237624,,,,,,586,202,,,,,,,,,,0.08
B,B|fakeddit_real_lcc|q0.4,1,b:kmeans_content,0.10450059658925703,0.2292681512318833,0.46621621621621623,0.515625,0.37623762376237624,,,,,,586,202,,,,,,,,,,0.17
B,B|fakeddit_real_lcc|q0.4,1,d:default,,,,,,0.5114480198019802,0.3437472297557733,0.5114480198019802,0.3437472297557733,0.3447098976109215,586,202,0.7718910234518721,0.23531632520319778,0.7816994958928458,0.19636079691518174,-0.04525964315879736,0.8719575082508251,0.5893097303126609,0.5924626556642472,,0.02
B,B|fakeddit_real_lcc|q0.4,1,d:rank16,,,,,,0.6449308993399341,0.4491227742783862,0.6449308993399341,0.4491227742783862,0.3447098976109215,586,202,0.46933395883261575,0.3242864204230616,0.31804769451271864,0.32195544662327263,0.46820018296631616,0.6692192656765676,0.34687428605819814,0.24797220600398803,,0.0
B,B|fakeddit_real_lcc|q0.4,1,d:cons,,,,,,0.5114480198019802,0.3437472297557733,0.6064872112211221,0.4342039626529942,0.3447098976109215,586,202,0.7718910234518721,0.23531632520319778,0.7816994958928458,0.19636079691518174,-0.04525964315879736,0.8719575082508251,0.536769943019943,0.43010070237793013,,0.56
B,B|fakeddit_real_lcc|q0.4,1,d:kmmatch,,,,,,0.602825907590759,0.39989798102189544,,,0.3447098976109215,586,202,,,,,,,,,,0.11
B,B|fakeddit_real_lcc|q0.4,1,d:random,,,,,,0.5088825288778878,0.35403245739343125,,,0.3447098976109215,586,202,,,,,,,,,,0.0
B,B|fakeddit|q0.0,1,b:default,0.3641407378164382,0.3173147611930934,0.49,0.48118985126859143,nan,,,,,,1143,0,,,,,,,,,,2.03
B,B|fakeddit|q0.0,1,b:rank16,0.7345812032778278,0.3469052444828118,0.75,0.7384076990376203,nan,,,,,,1143,0,,,,,,,,,,0.5
B,B|fakeddit|q0.0,1,b:robust,0.6789566958330989,0.3408798650742696,0.7733333333333333,0.7637795275590551,nan,,,,,,1143,0,,,,,,,,,,2.5
B,B|fakeddit|q0.0,1,b:alpha05,0.4111103131392748,0.31304716182409237,0.5175,0.5161854768153981,nan,,,,,,1143,0,,,,,,,,,,2.16
B,B|fakeddit|q0.0,1,b:concat05,0.5048141661286166,0.3457164883098158,0.6283333333333333,0.6281714785651793,nan,,,,,,1143,0,,,,,,,,,,2.34
B,B|fakeddit|q0.0,1,b:text_only,0.7852356981062649,0.34188457700315805,0.74,0.7375328083989501,nan,,,,,,1143,0,,,,,,,,,,1.03
B,B|fakeddit|q0.0,1,b:image_only,0.822286457962218,0.37382970287765493,0.8125,0.8075240594925635,nan,,,,,,1143,0,,,,,,,,,,1.33
B,B|fakeddit|q0.0,1,b:structure_only,0.8325951496888002,0.4385062412247245,0.9625,0.9623797025371829,nan,,,,,,1143,0,,,,,,,,,,0.14
B,B|fakeddit|q0.0,1,b:spectral,0.558267171382854,0.3665328857833608,0.8166666666666667,0.8197725284339458,nan,,,,,,1143,0,,,,,,,,,,0.31
B,B|fakeddit|q0.0,1,b:kmeans_content,0.05281184324661137,0.11747181848192807,0.44083333333333335,0.46019247594050744,nan,,,,,,1143,0,,,,,,,,,,0.55
B,B|fakeddit|q0.0,1,d:default,,,,,,nan,nan,nan,nan,0.0,1143,0,0.8447520769600168,0.1345019697637218,,,,,0.6470011192776793,,,0.0
B,B|fakeddit|q0.0,1,d:rank16,,,,,,nan,nan,nan,nan,0.0,1143,0,0.5725642712718291,0.29110483943104626,,,,,0.4166976245422259,,,0.0
B,B|fakeddit|q0.0,1,d:cons,,,,,,nan,nan,nan,nan,0.0,1143,0,0.8447520769600168,0.1345019697637218,,,,,0.5,,,2.3
B,B|fakeddit|q0.0,1,d:kmmatch,,,,,,nan,nan,,,0.0,1143,0,,,,,,,,,,0.27
B,B|fakeddit|q0.0,1,d:random,,,,,,nan,nan,,,0.0,1143,0,,,,,,,,,,0.0
A,A|n300|mis0.0|chi|shi,2,b:default,0.855051364013553,0.5056210359362325,1.0,1.0,nan,,,,,,270,0,,,,,,,,,,0.14
A,A|n300|mis0.0|chi|shi,2,b:rank16,0.8467830990906843,0.5056210359362325,1.0,1.0,nan,,,,,,270,0,,,,,,,,,,0.09
A,A|n300|mis0.0|chi|shi,2,b:robust,0.855051364013553,0.5056210359362325,1.0,1.0,nan,,,,,,270,0,,,,,,,,,,0.17
A,A|n300|mis0.0|chi|shi,2,b:alpha05,0.8467830990906843,0.5056210359362325,1.0,1.0,nan,,,,,,270,0,,,,,,,,,,0.19
A,A|n300|mis0.0|chi|shi,2,b:concat05,0.855051364013553,0.5056210359362325,1.0,1.0,nan,,,,,,270,0,,,,,,,,,,0.19
A,A|n300|mis0.0|chi|shi,2,b:text_only,0.8467830990906843,0.5056210359362325,1.0,1.0,nan,,,,,,270,0,,,,,,,,,,0.09
A,A|n300|mis0.0|chi|shi,2,b:image_only,0.8467830990906843,0.5056210359362325,1.0,1.0,nan,,,,,,270,0,,,,,,,,,,0.11
A,A|n300|mis0.0|chi|shi,2,b:structure_only,0.8322079860969307,0.5056210359362325,1.0,1.0,nan,,,,,,270,0,,,,,,,,,,0.01
A,A|n300|mis0.0|chi|shi,2,b:spectral,0.855051364013553,0.5056210359362325,1.0,1.0,nan,,,,,,270,0,,,,,,,,,,0.03
A,A|n300|mis0.0|chi|shi,2,b:kmeans_content,0.855051364013553,0.5056210359362325,1.0,1.0,nan,,,,,,270,0,,,,,,,,,,0.05
A,A|n300|mis0.0|chi|shi,2,d:default,,,,,,nan,nan,nan,nan,0.0,270,0,0.8823836170326728,0.08343038433796768,,,,,0.6817809699484189,,,0.0
A,A|n300|mis0.0|chi|shi,2,d:rank16,,,,,,nan,nan,nan,nan,0.0,270,0,0.5898361050441782,0.2334045531202544,,,,,0.41334982559906314,,,0.0
A,A|n300|mis0.0|chi|shi,2,d:cons,,,,,,nan,nan,nan,nan,0.0,270,0,0.8823836170326728,0.08343038433796768,,,,,0.5,,,0.16
A,A|n300|mis0.0|chi|shi,2,d:kmmatch,,,,,,nan,nan,,,0.0,270,0,,,,,,,,,,0.01
A,A|n300|mis0.0|chi|shi,2,d:random,,,,,,nan,nan,,,0.0,270,0,,,,,,,,,,0.0
A,A|n300|mis0.0|chi|slo,2,b:default,0.0,0.09272054666742041,0.49333333333333335,0.5111111111111111,nan,,,,,,270,0,,,,,,,,,,0.16
A,A|n300|mis0.0|chi|slo,2,b:rank16,0.1956482868082352,0.1187296307026966,0.6666666666666666,0.6888888888888889,nan,,,,,,270,0,,,,,,,,,,0.12
A,A|n300|mis0.0|chi|slo,2,b:robust,0.6980802045214237,0.12144100853637854,0.9833333333333333,1.0,nan,,,,,,270,0,,,,,,,,,,0.22
A,A|n300|mis0.0|chi|slo,2,b:alpha05,0.23044830014609463,0.11678511362993953,0.7533333333333333,0.7888888888888889,nan,,,,,,270,0,,,,,,,,,,0.16
A,A|n300|mis0.0|chi|slo,2,b:concat05,0.7553286582337245,0.12298492354005315,1.0,1.0,nan,,,,,,270,0,,,,,,,,,,0.17
A,A|n300|mis0.0|chi|slo,2,b:text_only,0.1279478095297224,0.12113820736050655,0.59,0.5962962962962963,nan,,,,,,270,0,,,,,,,,,,0.39
A,A|n300|mis0.0|chi|slo,2,b:image_only,0.12856177928724688,0.12482745279552265,0.5833333333333334,0.5962962962962963,nan,,,,,,270,0,,,,,,,,,,0.31
A,A|n300|mis0.0|chi|slo,2,b:structure_only,0.03917552556177695,0.12170268245802479,0.43,0.4222222222222222,nan,,,,,,270,0,,,,,,,,,,0.03
A,A|n300|mis0.0|chi|slo,2,b:spectral,0.855051364013553,0.12298492354005315,1.0,1.0,nan,,,,,,270,0,,,,,,,,,,0.02
A,A|n300|mis0.0|chi|slo,2,b:kmeans_content,0.855051364013553,0.12298492354005315,1.0,1.0,nan,,,,,,270,0,,,,,,,,,,0.05
A,A|n300|mis0.0|chi|slo,2,d:default,,,,,,nan,nan,nan,nan,0.0,270,0,0.8823836170326728,0.08343038433796768,,,,,0.6817809699484189,,,0.0
A,A|n300|mis0.0|chi|slo,2,d:rank16,,,,,,nan,nan,nan,nan,0.0,270,0,0.5898361050441782,0.2334045531202544,,,,,0.41334982559906314,,,0.0
A,A|n300|mis0.0|chi|slo,2,d:cons,,,,,,nan,nan,nan,nan,0.0,270,0,0.8823836170326728,0.08343038433796768,,,,,0.5,,,0.16
A,A|n300|mis0.0|chi|slo,2,d:kmmatch,,,,,,nan,nan,,,0.0,270,0,,,,,,,,,,0.01
A,A|n300|mis0.0|chi|slo,2,d:random,,,,,,nan,nan,,,0.0,270,0,,,,,,,,,,0.0
B,B|fakeddit|q0.1,1,b:default,0.32230281820756235,0.3054881578879389,0.47833333333333333,0.47292069632495165,0.47706422018348627,,,,,,1143,109,,,,,,,,,,2.5
B,B|fakeddit|q0.1,1,b:rank16,0.73794447692293,0.3473047804852977,0.7516666666666667,0.7369439071566731,0.7981651376146789,,,,,,1143,109,,,,,,,,,,0.56
B,B|fakeddit|q0.1,1,b:robust,0.6780250200510467,0.3384153297831352,0.7641666666666667,0.7495164410058027,0.8073394495412844,,,,,,1143,109,,,,,,,,,,2.45
B,B|fakeddit|q0.1,1,b:alpha05,0.3271091318747822,0.31133043587261305,0.46166666666666667,0.4497098646034816,0.4954128440366973,,,,,,1143,109,,,,,,,,,,2.41
B,B|fakeddit|q0.1,1,b:concat05,0.430549156011536,0.3472886760963428,0.6016666666666667,0.6063829787234043,0.46788990825688076,,,,,,1143,109,,,,,,,,,,2.5
B,B|fakeddit|q0.1,1,b:text_only,0.7852356981062649,0.34188457700315805,0.74,0.7340425531914894,0.7706422018348624,,,,,,1143,109,,,,,,,,,,0.98
B,B|fakeddit|q0.1,1,b:image_only,0.785303054735479,0.3747764345470205,0.8025,0.7988394584139265,0.7798165137614679,,,,,,1143,109,,,,,,,,,,1.94
B,B|fakeddit|q0.1,1,b:structure_only,0.8325951496888002,0.4385062412247245,0.9625,0.965183752417795,0.9357798165137615,,,,,,1143,109,,,,,,,,,,0.09
B,B|fakeddit|q0.1,1,b:spectral,0.6624154784973582,0.3990768776961036,0.8916666666666667,0.8955512572533849,0.8715596330275229,,,,,,1143,109,,,,,,,,,,0.33
B,B|fakeddit|q0.1,1,b:kmeans_content,0.08661810186229424,0.11846102802532525,0.4275,0.4584139264990329,0.25688073394495414,,,,,,1143,109,,,,,,,,,,0.67
B,B|fakeddit|q0.1,1,d:default,,,,,,0.6020265114545809,0.15785470244304348,0.6020265114545809,0.15785470244304348,0.09536307961504811,1143,109,0.829959737699294,0.17298675700123012,0.7571025324442584,0.2509576349211388,0.3380414396567161,0.8064610579738436,0.6375449204023667,0.5792839170894559,,0.0
B,B|fakeddit|q0.1,1,d:rank16,,,,,,0.7406171809841534,0.22688076539752222,0.7406171809841534,0.22688076539752222,0.09536307961504811,1143,109,0.563535134833538,0.28163688893506,0.3005410346376252,0.3111788731778151,0.8861712839261098,0.5659947119053113,0.40574598487663516,0.23653685580302589,,0.0
B,B|fakeddit|q0.1,1,d:cons,,,,,,0.6020265114545809,0.15785470244304348,0.6129309885897822,0.15123565949250228,0.09536307961504811,1143,109,0.829959737699294,0.17298675700123012,0.7571025324442584,0.2509576349211388,0.3380414396567161,0.8064610579738436,0.5107788771946463,0.397748999823262,,2.3
B,B|fakeddit|q0.1,1,d:kmmatch,,,,,,0.5929231806647384,0.11513032513971616,,,0.09536307961504811,1143,109,,,,,,,,,,0.33
B,B|fakeddit|q0.1,1,d:random,,,,,,0.47044522918034537,0.0905544517287951,,,0.09536307961504811,1143,109,,,,,,,,,,0.02
A,A|n300|mis0.0|clo|shi,2,b:default,0.7080525646547203,0.5056210359362325,1.0,1.0,nan,,,,,,270,0,,,,,,,,,,0.14
A,A|n300|mis0.0|clo|shi,2,b:rank16,0.8237396596879119,0.5056210359362325,1.0,1.0,nan,,,,,,270,0,,,,,,,,,,0.09
A,A|n300|mis0.0|clo|shi,2,b:robust,0.6935561256922854,0.5056210359362325,1.0,1.0,nan,,,,,,270,0,,,,,,,,,,0.16
A,A|n300|mis0.0|clo|shi,2,b:alpha05,0.7817691501031131,0.5056210359362325,1.0,1.0,nan,,,,,,270,0,,,,,,,,,,0.14
A,A|n300|mis0.0|clo|shi,2,b:concat05,0.7708154908439301,0.5056210359362325,1.0,1.0,nan,,,,,,270,0,,,,,,,,,,0.17
A,A|n300|mis0.0|clo|shi,2,b:text_only,0.8322079860969307,0.5056210359362325,1.0,1.0,nan,,,,,,270,0,,,,,,,,,,0.08
A,A|n300|mis0.0|clo|shi,2,b:image_only,0.8322079860969307,0.5056210359362325,1.0,1.0,nan,,,,,,270,0,,,,,,,,,,0.14
A,A|n300|mis0.0|clo|shi,2,b:structure_only,0.8322079860969307,0.5056210359362325,1.0,1.0,nan,,,,,,270,0,,,,,,,,,,0.02
A,A|n300|mis0.0|clo|shi,2,b:spectral,0.855051364013553,0.5056210359362325,1.0,1.0,nan,,,,,,270,0,,,,,,,,,,0.03
A,A|n300|mis0.0|clo|shi,2,b:kmeans_content,0.012133799035444315,-0.0010943424835787308,0.3466666666666667,0.34814814814814815,nan,,,,,,270,0,,,,,,,,,,0.03
A,A|n300|mis0.0|clo|shi,2,d:default,,,,,,nan,nan,nan,nan,0.0,270,0,0.7929794059025151,0.14641559032739215,,,,,0.597073923408635,,,0.0
A,A|n300|mis0.0|clo|shi,2,d:rank16,,,,,,nan,nan,nan,nan,0.0,270,0,0.3188620514660257,0.3369812621675256,,,,,0.25389383946548266,,,0.0
A,A|n300|mis0.0|clo|shi,2,d:cons,,,,,,nan,nan,nan,nan,0.0,270,0,0.7929794059025151,0.14641559032739215,,,,,0.5,,,0.12
A,A|n300|mis0.0|clo|shi,2,d:kmmatch,,,,,,nan,nan,,,0.0,270,0,,,,,,,,,,0.02
A,A|n300|mis0.0|clo|shi,2,d:random,,,,,,nan,nan,,,0.0,270,0,,,,,,,,,,0.0
B,B|fakeddit|q0.2,1,b:default,0.36105308626793486,0.373016686051709,0.5516666666666666,0.5412147505422994,0.5882352941176471,,,,,,1143,221,,,,,,,,,,2.55
B,B|fakeddit|q0.2,1,b:rank16,0.7382645391706104,0.3671690218878967,0.8083333333333333,0.7982646420824295,0.8099547511312217,,,,,,1143,221,,,,,,,,,,0.62
B,B|fakeddit|q0.2,1,b:robust,0.6807093811090229,0.2901462079123373,0.6708333333333333,0.6279826464208242,0.7918552036199095,,,,,,1143,221,,,,,,,,,,2.62
B,B|fakeddit|q0.2,1,b:alpha05,0.44469385146666074,0.3535651642089307,0.7158333333333333,0.7212581344902386,0.6923076923076923,,,,,,1143,221,,,,,,,,,,2.56
B,B|fakeddit|q0.2,1,b:concat05,0.32937444138431493,0.30326682562573437,0.48083333333333333,0.5075921908893709,0.36199095022624433,,,,,,1143,221,,,,,,,,,,2.61
B,B|fakeddit|q0.2,1,b:text_only,0.7852356981062649,0.34188457700315805,0.74,0.737527114967462,0.7375565610859729,,,,,,1143,221,,,,,,,,,,1.17
B,B|fakeddit|q0.2,1,b:image_only,0.7858287455420894,0.3755853520160468,0.8033333333333333,0.8026030368763557,0.7782805429864253,,,,,,1143,221,,,,,,,,,,2.01
B,B|fakeddit|q0.2,1,b:structure_only,0.8325951496888002,0.4385062412247245,0.9625,0.9642082429501084,0.9547511312217195,,,,,,1143,221,,,,,,,,,,0.11
B,B|fakeddit|q0.2,1,b:spectral,0.6573811454179677,0.39912029201996757,0.8908333333333334,0.9002169197396963,0.8597285067873304,,,,,,1143,221,,,,,,,,,,0.3
B,B|fakeddit|q0.2,1,b:kmeans_content,0.016335891829186377,0.09206993832891777,0.4075,0.47396963123644253,0.18552036199095023,,,,,,1143,221,,,,,,,,,,0.61
B,B|fakeddit|q0.2,1,d:default,,,,,,0.5813547177589541,0.23456963106968104,0.5813547177589541,0.23456963106968104,0.19335083114610674,1143,221,0.8257787948346879,0.16560369693460616,0.7954182392700196,0.17781121928776455,0.1767039821367788,0.7999136247190349,0.6301940948905207,0.6056715158659857,,0.01
B,B|fakeddit|q0.2,1,d:rank16,,,,,,0.7413256642553567,0.3795294247768407,0.7413256642553567,0.3795294247768407,0.19335083114610674,1143,221,0.5578852279275184,0.28829392810884336,0.29717101022230374,0.3107365557727621,0.8698436732580169,0.6056183194118628,0.4030751467844127,0.23206994168992395,,0.0
B,B|fakeddit|q0.2,1,d:cons,,,,,,0.5813547177589541,0.23456963106968104,0.5567917472345187,0.23811831894872754,0.19335083114610674,1143,221,0.8257787948346879,0.16560369693460616,0.7954182392700196,0.17781121928776455,0.1767039821367788,0.7999136247190349,0.5109903468816364,0.4541488695707301,,2.24
B,B|fakeddit|q0.2,1,d:kmmatch,,,,,,0.6172544439100518,0.23965355376644942,,,0.19335083114610674,1143,221,,,,,,,,,,0.2
B,B|fakeddit|q0.2,1,d:random,,,,,,0.4649247651672048,0.1812527894574954,,,0.19335083114610674,1143,221,,,,,,,,,,0.0
A,A|n300|mis0.1|chi|shi,2,b:default,0.8257620221818157,0.5056210359362325,1.0,1.0,1.0,,,,,,272,31,,,,,,,,,,0.12
A,A|n300|mis0.1|chi|shi,2,b:rank16,0.8467830990906843,0.5056210359362325,1.0,1.0,1.0,,,,,,272,31,,,,,,,,,,0.09
A,A|n300|mis0.1|chi|shi,2,b:robust,0.8466258034586481,0.5056210359362325,1.0,1.0,1.0,,,,,,272,31,,,,,,,,,,0.14
A,A|n300|mis0.1|chi|shi,2,b:alpha05,0.8321268828779561,0.5056210359362325,1.0,1.0,1.0,,,,,,272,31,,,,,,,,,,0.12
A,A|n300|mis0.1|chi|shi,2,b:concat05,0.8298892121267605,0.5056210359362325,1.0,1.0,1.0,,,,,,272,31,,,,,,,,,,0.16
A,A|n300|mis0.1|chi|shi,2,b:text_only,0.8467830990906843,0.5056210359362325,1.0,1.0,1.0,,,,,,272,31,,,,,,,,,,0.08
A,A|n300|mis0.1|chi|shi,2,b:image_only,0.8467830990906843,0.5056210359362325,1.0,1.0,1.0,,,,,,272,31,,,,,,,,,,0.11
A,A|n300|mis0.1|chi|shi,2,b:structure_only,0.8322079860969307,0.5056210359362325,1.0,1.0,1.0,,,,,,272,31,,,,,,,,,,0.02
A,A|n300|mis0.1|chi|shi,2,b:spectral,0.8166548715337211,0.49826771746606635,0.99,1.0,0.9354838709677419,,,,,,272,31,,,,,,,,,,0.03
A,A|n300|mis0.1|chi|shi,2,b:kmeans_content,0.5931441412543323,0.4023325457814953,0.9033333333333333,1.0,0.0967741935483871,,,,,,272,31,,,,,,,,,,0.03
A,A|n300|mis0.1|chi|shi,2,d:default,,,,,,0.867487618792665,0.5916904130869995,0.867487618792665,0.5916904130869995,0.11397058823529412,272,31,0.8656482246179162,0.0866596865878068,0.6840838912418845,0.1402253026754566,1.5576735623537763,0.335564181501807,0.6674405409822285,0.4843702937957064,,0.0
A,A|n300|mis0.1|chi|shi,2,d:rank16,,,,,,0.8978717708472761,0.6161639398484934,0.8978717708472761,0.6161639398484934,0.11397058823529412,272,31,0.5833571226208913,0.23642110083750767,0.08810667240324992,0.2960428949758917,1.848668128883452,0.2355775665908178,0.4082764860733555,0.1433459272074624,,0.0
A,A|n300|mis0.1|chi|shi,2,d:cons,,,,,,0.867487618792665,0.5916904130869995,0.8682907241333155,0.5533889734919079,0.11397058823529412,272,31,0.8656482246179162,0.0866596865878068,0.6840838912418845,0.1402253026754566,1.5576735623537763,0.335564181501807,0.5421291972255823,0.1724794667301512,,0.12
A,A|n300|mis0.1|chi|shi,2,d:kmmatch,,,,,,1.0,1.0,,,0.11397058823529412,272,31,,,,,,,,,,0.01
A,A|n300|mis0.1|chi|shi,2,d:random,,,,,,0.5141212689064382,0.12366730187044414,,,0.11397058823529412,272,31,,,,,,,,,,0.0
B,B|fakeddit|q0.4,1,b:default,0.1981318502739957,0.38040305195753027,0.51,0.5054347826086957,0.5208845208845209,,,,,,1143,407,,,,,,,,,,2.05
B,B|fakeddit|q0.4,1,b:rank16,0.6324505878385621,0.3490384326082381,0.7166666666666667,0.6766304347826086,0.7641277641277642,,,,,,1143,407,,,,,,,,,,0.59
B,B|fakeddit|q0.4,1,b:robust,0.6974620313639583,0.33583067728237237,0.755,0.6834239130434783,0.8574938574938575,,,,,,1143,407,,,,,,,,,,2.3
B,B|fakeddit|q0.4,1,b:alpha05,0.3142120941940354,0.35357494278371154,0.6066666666666667,0.6304347826086957,0.5626535626535627,,,,,,1143,407,,,,,,,,,,2.38
B,B|fakeddit|q0.4,1,b:concat05,0.34704255935228345,0.3221559328992542,0.5775,0.6127717391304348,0.5061425061425061,,,,,,1143,407,,,,,,,,,,2.56
B,B|fakeddit|q0.4,1,b:text_only,0.7852356981062649,0.34188457700315805,0.74,0.7255434782608695,0.7592137592137592,,,,,,1143,407,,,,,,,,,,1.2
B,B|fakeddit|q0.4,1,b:image_only,0.7740393822614071,0.34054886191054073,0.7366666666666667,0.7214673913043478,0.7542997542997543,,,,,,1143,407,,,,,,,,,,2.31
B,B|fakeddit|q0.4,1,b:structure_only,0.8325951496888002,0.4385062412247245,0.9625,0.9633152173913043,0.9606879606879607,,,,,,1143,407,,,,,,,,,,0.11
B,B|fakeddit|q0.4,1,b:spectral,0.6610613367027098,0.4043462140139131,0.8966666666666666,0.9103260869565217,0.8722358722358723,,,,,,1143,407,,,,,,,,,,0.31
B,B|fakeddit|q0.4,1,b:kmeans_content,0.010266919298325017,0.04590213343720833,0.3491666666666667,0.4701086956521739,0.15233415233415235,,,,,,1143,407,,,,,,,,,,0.58
B,B|fakeddit|q0.4,1,d:default,,,,,,0.574684862728341,0.409174904633706,0.574684862728341,0.409174904633706,0.3560804899387577,1143,407,0.820177606023787,0.1807972020777975,0.7864238387569562,0.18993182074467943,0.182038759962359,0.8644075152227326,0.6280256995433817,0.5963998072278807,,0.0
B,B|fakeddit|q0.4,1,d:rank16,,,,,,0.6620386443756008,0.4969842154046178,0.6620386443756008,0.4969842154046178,0.3560804899387577,1143,407,0.5285033421986961,0.2898476777889665,0.35870092937949366,0.32400997078189664,0.5523758572179702,0.7343332710180537,0.3794201639259336,0.2706693844567361,,0.01
B,B|fakeddit|q0.4,1,d:cons,,,,,,0.574684862728341,0.409174904633706,0.5242962824484564,0.3661580120151397,0.3560804899387577,1143,407,0.820177606023787,0.1807972020777975,0.7864238387569562,0.18993182074467943,0.182038759962359,0.8644075152227326,0.5086590078428387,0.4843414501908372,,2.02
B,B|fakeddit|q0.4,1,d:kmmatch,,,,,,0.5978594701420787,0.4082938203702904,,,0.3560804899387577,1143,407,,,,,,,,,,0.22
B,B|fakeddit|q0.4,1,d:random,,,,,,0.48768160452943066,0.35870938020975474,,,0.3560804899387577,1143,407,,,,,,,,,,0.0
A,A|n300|mis0.0|clo|slo,2,b:default,0.0,0.10080777601899482,0.37666666666666665,0.37037037037037035,nan,,,,,,270,0,,,,,,,,,,0.17
A,A|n300|mis0.0|clo|slo,2,b:rank16,0.04686869168383989,0.12146250847984627,0.4266666666666667,0.4222222222222222,nan,,,,,,270,0,,,,,,,,,,0.11
A,A|n300|mis0.0|clo|slo,2,b:robust,0.03737407106678281,0.12472255003109278,0.44333333333333336,0.4444444444444444,nan,,,,,,270,0,,,,,,,,,,0.19
A,A|n300|mis0.0|clo|slo,2,b:alpha05,0.0,0.10211319534739109,0.39666666666666667,0.4,nan,,,,,,270,0,,,,,,,,,,0.16
A,A|n300|mis0.0|clo|slo,2,b:concat05,0.0,0.10841522273729441,0.4166666666666667,0.4074074074074074,nan,,,,,,270,0,,,,,,,,,,0.17
A,A|n300|mis0.0|clo|slo,2,b:text_only,0.03598687598375028,0.12158509525693936,0.43333333333333335,0.42592592592592593,nan,,,,,,270,0,,,,,,,,,,0.22
A,A|n300|mis0.0|clo|slo,2,b:image_only,0.03967811903313512,0.1219789664480751,0.43,0.4222222222222222,nan,,,,,,270,0,,,,,,,,,,0.26
A,A|n300|mis0.0|clo|slo,2,b:structure_only,0.03917552556177695,0.12170268245802479,0.43,0.4222222222222222,nan,,,,,,270,0,,,,,,,,,,0.02
A,A|n300|mis0.0|clo|slo,2,b:spectral,0.12422809212814367,0.04355369155972641,0.5566666666666666,0.5518518518518518,nan,,,,,,270,0,,,,,,,,,,0.03
A,A|n300|mis0.0|clo|slo,2,b:kmeans_content,0.012133799035444315,-0.001656449629713369,0.3466666666666667,0.34814814814814815,nan,,,,,,270,0,,,,,,,,,,0.03
A,A|n300|mis0.0|clo|slo,2,d:default,,,,,,nan,nan,nan,nan,0.0,270,0,0.7929794059025151,0.14641559032739215,,,,,0.597073923408635,,,0.0
A,A|n300|mis0.0|clo|slo,2,d:rank16,,,,,,nan,nan,nan,nan,0.0,270,0,0.3188620514660257,0.3369812621675256,,,,,0.25389383946548266,,,0.0
A,A|n300|mis0.0|clo|slo,2,d:cons,,,,,,nan,nan,nan,nan,0.0,270,0,0.7929794059025151,0.14641559032739215,,,,,0.5,,,0.14
A,A|n300|mis0.0|clo|slo,2,d:kmmatch,,,,,,nan,nan,,,0.0,270,0,,,,,,,,,,0.02
A,A|n300|mis0.0|clo|slo,2,d:random,,,,,,nan,nan,,,0.0,270,0,,,,,,,,,,0.0
A,A|n300|mis0.1|clo|shi,2,b:default,0.6760932157950843,0.5056210359362325,1.0,1.0,1.0,,,,,,272,31,,,,,,,,,,0.12
A,A|n300|mis0.1|clo|shi,2,b:rank16,0.8259123406484966,0.5056210359362325,1.0,1.0,1.0,,,,,,272,31,,,,,,,,,,0.09
A,A|n300|mis0.1|clo|shi,2,b:robust,0.6492351363306267,0.5056210359362325,1.0,1.0,1.0,,,,,,272,31,,,,,,,,,,0.16
A,A|n300|mis0.1|clo|shi,2,b:alpha05,0.7849917880111523,0.5056210359362325,1.0,1.0,1.0,,,,,,272,31,,,,,,,,,,0.14
A,A|n300|mis0.1|clo|shi,2,b:concat05,0.7494463660674127,0.5056210359362325,1.0,1.0,1.0,,,,,,272,31,,,,,,,,,,0.14
A,A|n300|mis0.1|clo|shi,2,b:text_only,0.8322079860969307,0.5056210359362325,1.0,1.0,1.0,,,,,,272,31,,,,,,,,,,0.08
A,A|n300|mis0.1|clo|shi,2,b:image_only,0.8322079860969307,0.5056210359362325,1.0,1.0,1.0,,,,,,272,31,,,,,,,,,,0.12
A,A|n300|mis0.1|clo|shi,2,b:structure_only,0.8322079860969307,0.5056210359362325,1.0,1.0,1.0,,,,,,272,31,,,,,,,,,,0.02
A,A|n300|mis0.1|clo|shi,2,b:spectral,0.8428046369695877,0.5040220059049092,0.9966666666666667,1.0,0.967741935483871,,,,,,272,31,,,,,,,,,,0.01
A,A|n300|mis0.1|clo|shi,2,b:kmeans_content,0.0,0.0132403549402735,0.3433333333333333,0.3651452282157676,0.2903225806451613,,,,,,272,31,,,,,,,,,,0.05
A,A|n300|mis0.1|clo|shi,2,d:default,,,,,,0.618792664971222,0.14141697319829943,0.618792664971222,0.14141697319829943,0.11397058823529412,272,31,0.789725055519786,0.15678716772737292,0.7649112309004041,0.09414825637400898,0.1918827342670256,0.5379467273457368,0.5954704586845472,0.5696001610105702,,0.0
A,A|n300|mis0.1|clo|shi,2,d:rank16,,,,,,0.502877794137331,0.1248221173324685,0.502877794137331,0.1248221173324685,0.11397058823529412,272,31,0.30481050765268364,0.31179788354097376,0.3066583586544958,0.299310006371407,-0.006046281969909112,0.6084861464328738,0.23654136193271316,0.23284333417260972,,0.0
A,A|n300|mis0.1|clo|shi,2,d:cons,,,,,,0.618792664971222,0.14141697319829943,0.47530451077499664,0.11242965413521357,0.11397058823529412,272,31,0.789725055519786,0.15678716772737292,0.7649112309004041,0.09414825637400898,0.1918827342670256,0.5379467273457368,0.49717505473809925,0.5219616712296155,,0.14
A,A|n300|mis0.1|clo|shi,2,d:kmmatch,,,,,,0.46205327265426316,0.10706446484435099,,,0.11397058823529412,272,31,,,,,,,,,,0.02
A,A|n300|mis0.1|clo|shi,2,d:random,,,,,,0.5141212689064382,0.12366730187044414,,,0.11397058823529412,272,31,,,,,,,,,,0.0
A,A|n300|mis0.1|chi|slo,2,b:default,0.0,0.0927707014246142,0.47333333333333333,0.4896265560165975,0.3548387096774194,,,,,,272,31,,,,,,,,,,0.16
A,A|n300|mis0.1|chi|slo,2,b:rank16,0.16251838248679984,0.11902048942845839,0.65,0.6721991701244814,0.5483870967741935,,,,,,272,31,,,,,,,,,,0.14
A,A|n300|mis0.1|chi|slo,2,b:robust,0.6161056835689165,0.11849572827746058,0.96,1.0,0.7741935483870968,,,,,,272,31,,,,,,,,,,0.16
A,A|n300|mis0.1|chi|slo,2,b:alpha05,0.07394124170070127,0.1179584593532704,0.6133333333333333,0.6556016597510373,0.3870967741935484,,,,,,272,31,,,,,,,,,,0.14
A,A|n300|mis0.1|chi|slo,2,b:concat05,0.6306113649370182,0.12102894100853638,0.9733333333333334,1.0,0.7741935483870968,,,,,,272,31,,,,,,,,,,0.14
A,A|n300|mis0.1|chi|slo,2,b:text_only,0.13297321900834191,0.12068179730340892,0.5833333333333334,0.5850622406639004,0.6129032258064516,,,,,,272,31,,,,,,,,,,0.38
A,A|n300|mis0.1|chi|slo,2,b:image_only,0.05760467052994733,0.1235954724687659,0.4533333333333333,0.45643153526970953,0.41935483870967744,,,,,,272,31,,,,,,,,,,0.47
A,A|n300|mis0.1|chi|slo,2,b:structure_only,0.03917552556177695,0.12170268245802479,0.43,0.43568464730290457,0.3870967741935484,,,,,,272,31,,,,,,,,,,0.03
A,A|n300|mis0.1|chi|slo,2,b:spectral,0.72872954767592,0.11572136991915882,0.96,1.0,0.6451612903225806,,,,,,272,31,,,,,,,,,,0.03
A,A|n300|mis0.1|chi|slo,2,b:kmeans_content,0.5931441412543323,0.10109623212165753,0.9033333333333333,1.0,0.0967741935483871,,,,,,272,31,,,,,,,,,,0.05
A,A|n300|mis0.1|chi|slo,2,d:default,,,,,,0.867487618792665,0.5916904130869995,0.867487618792665,0.5916904130869995,0.11397058823529412,272,31,0.8656482246179162,0.0866596865878068,0.6840838912418845,0.1402253026754566,1.5576735623537763,0.335564181501807,0.6674405409822285,0.4843702937957064,,0.0
A,A|n300|mis0.1|chi|slo,2,d:rank16,,,,,,0.8978717708472761,0.6161639398484934,0.8978717708472761,0.6161639398484934,0.11397058823529412,272,31,0.5833571226208913,0.23642110083750767,0.08810667240324992,0.2960428949758917,1.848668128883452,0.2355775665908178,0.4082764860733555,0.1433459272074624,,0.0
A,A|n300|mis0.1|chi|slo,2,d:cons,,,,,,0.867487618792665,0.5916904130869995,0.5799759068397805,0.23103054372671272,0.11397058823529412,272,31,0.8656482246179162,0.0866596865878068,0.6840838912418845,0.1402253026754566,1.5576735623537763,0.335564181501807,0.5091485354687572,0.4288775145815975,,0.14
A,A|n300|mis0.1|chi|slo,2,d:kmmatch,,,,,,1.0,1.0,,,0.11397058823529412,272,31,,,,,,,,,,0.01
A,A|n300|mis0.1|chi|slo,2,d:random,,,,,,0.5141212689064382,0.12366730187044414,,,0.11397058823529412,272,31,,,,,,,,,,0.0
A,A|n300|mis0.2|chi|shi,2,b:default,0.8306727708138815,0.5056210359362325,1.0,1.0,1.0,,,,,,273,43,,,,,,,,,,0.14
A,A|n300|mis0.2|chi|shi,2,b:rank16,0.840552443432861,0.5056210359362325,1.0,1.0,1.0,,,,,,273,43,,,,,,,,,,0.11
A,A|n300|mis0.2|chi|shi,2,b:robust,0.8299703153457351,0.5056210359362325,1.0,1.0,1.0,,,,,,273,43,,,,,,,,,,0.17
A,A|n300|mis0.2|chi|shi,2,b:alpha05,0.8391410972229004,0.5056210359362325,1.0,1.0,1.0,,,,,,273,43,,,,,,,,,,0.14
A,A|n300|mis0.2|chi|shi,2,b:concat05,0.8259839040542687,0.5056210359362325,1.0,1.0,1.0,,,,,,273,43,,,,,,,,,,0.16
A,A|n300|mis0.2|chi|shi,2,b:text_only,0.8467830990906843,0.5056210359362325,1.0,1.0,1.0,,,,,,273,43,,,,,,,,,,0.06
A,A|n300|mis0.2|chi|shi,2,b:image_only,0.840552443432861,0.5056210359362325,1.0,1.0,1.0,,,,,,273,43,,,,,,,,,,0.09
A,A|n300|mis0.2|chi|shi,2,b:structure_only,0.8322079860969307,0.5056210359362325,1.0,1.0,1.0,,,,,,273,43,,,,,,,,,,0.03
A,A|n300|mis0.2|chi|shi,2,b:spectral,0.8297032873278315,0.4995290399650849,0.9933333333333333,1.0,1.0,,,,,,273,43,,,,,,,,,,0.03
A,A|n300|mis0.2|chi|shi,2,b:kmeans_content,0.7153435323570096,0.4452320683498137,0.95,1.0,0.7906976744186046,,,,,,273,43,,,,,,,,,,0.03
A,A|n300|mis0.2|chi|shi,2,d:default,,,,,,0.7343781597573307,0.4276196057350882,0.7343781597573307,0.4276196057350882,0.1575091575091575,273,43,0.8570045828103532,0.1023952678065485,0.714052254817412,0.21366904780014734,0.8532433573435634,0.5620829120323559,0.6593033077450434,0.5283714972084516,,0.0
A,A|n300|mis0.2|chi|shi,2,d:rank16,,,,,,0.8932254802831143,0.6397980768515982,0.8932254802831143,0.6397980768515982,0.1575091575091575,273,43,0.5682194559354952,0.2320097294948339,0.1337299919356837,0.2539875812205695,1.7862068763145142,0.3204246713852376,0.39203809558143443,0.14916216807946842,,0.0
A,A|n300|mis0.2|chi|shi,2,d:cons,,,,,,0.7343781597573307,0.4276196057350882,0.8692618806875632,0.6427675586219217,0.1575091575091575,273,43,0.8570045828103532,0.1023952678065485,0.714052254817412,0.21366904780014734,0.8532433573435634,0.5620829120323559,0.5583759590792838,0.18775649794801644,,0.12
A,A|n300|mis0.2|chi|shi,2,d:kmmatch,,,,,,1.0,1.0,,,0.1575091575091575,273,43,,,,,,,,,,0.03
A,A|n300|mis0.2|chi|shi,2,d:random,,,,,,0.4840242669362993,0.16236885956617206,,,0.1575091575091575,273,43,,,,,,,,,,0.0
A,A|n300|mis0.1|clo|slo,2,b:default,0.0,0.09243249689072308,0.37666666666666665,0.36929460580912865,0.22580645161290322,,,,,,272,31,,,,,,,,,,0.14
A,A|n300|mis0.1|clo|slo,2,b:rank16,0.03950252995555725,0.1156330028548816,0.4033333333333333,0.4066390041493776,0.3225806451612903,,,,,,272,31,,,,,,,,,,0.11
A,A|n300|mis0.1|clo|slo,2,b:robust,0.07145285953403624,0.122995505681497,0.5,0.5062240663900415,0.41935483870967744,,,,,,272,31,,,,,,,,,,0.17
A,A|n300|mis0.1|clo|slo,2,b:alpha05,0.0,0.10075376999830404,0.39,0.4024896265560166,0.22580645161290322,,,,,,272,31,,,,,,,,,,0.16
A,A|n300|mis0.1|clo|slo,2,b:concat05,0.0,0.10557208929278084,0.41,0.43568464730290457,0.22580645161290322,,,,,,272,31,,,,,,,,,,0.17
A,A|n300|mis0.1|clo|slo,2,b:text_only,0.03780039173520211,0.12170268245802479,0.43,0.43568464730290457,0.3870967741935484,,,,,,272,31,,,,,,,,,,0.25
A,A|n300|mis0.1|clo|slo,2,b:image_only,0.03598826041495895,0.12158509525693936,0.43333333333333335,0.43983402489626555,0.3870967741935484,,,,,,272,31,,,,,,,,,,0.28
A,A|n300|mis0.1|clo|slo,2,b:structure_only,0.03917552556177695,0.12170268245802479,0.43,0.43568464730290457,0.3870967741935484,,,,,,272,31,,,,,,,,,,0.01
A,A|n300|mis0.1|clo|slo,2,b:spectral,0.0636613868521787,0.03622441913053313,0.48,0.47717842323651455,0.5161290322580645,,,,,,272,31,,,,,,,,,,0.05
A,A|n300|mis0.1|clo|slo,2,b:kmeans_content,0.0,-0.0033739364859517174,0.3433333333333333,0.3651452282157676,0.2903225806451613,,,,,,272,31,,,,,,,,,,0.03
A,A|n300|mis0.1|clo|slo,2,d:default,,,,,,0.618792664971222,0.14141697319829943,0.618792664971222,0.14141697319829943,0.11397058823529412,272,31,0.789725055519786,0.15678716772737292,0.7649112309004041,0.09414825637400898,0.1918827342670256,0.5379467273457368,0.5954704586845472,0.5696001610105702,,0.0
A,A|n300|mis0.1|clo|slo,2,d:rank16,,,,,,0.502877794137331,0.1248221173324685,0.502877794137331,0.1248221173324685,0.11397058823529412,272,31,0.30481050765268364,0.31179788354097376,0.3066583586544958,0.299310006371407,-0.006046281969909112,0.6084861464328738,0.23654136193271316,0.23284333417260972,,0.0
A,A|n300|mis0.1|clo|slo,2,d:cons,,,,,,0.618792664971222,0.14141697319829943,0.5499933074554946,0.12428892604070421,0.11397058823529412,272,31,0.789725055519786,0.15678716772737292,0.7649112309004041,0.09414825637400898,0.1918827342670256,0.5379467273457368,0.5057187916277504,0.45554100702297345,,0.14
A,A|n300|mis0.1|clo|slo,2,d:kmmatch,,,,,,0.46205327265426316,0.10706446484435099,,,0.11397058823529412,272,31,,,,,,,,,,0.02
A,A|n300|mis0.1|clo|slo,2,d:random,,,,,,0.5141212689064382,0.12366730187044414,,,0.11397058823529412,272,31,,,,,,,,,,0.0
A,A|n300|mis0.2|clo|shi,2,b:default,0.7142448662088905,0.5056210359362325,1.0,1.0,1.0,,,,,,273,43,,,,,,,,,,0.17
A,A|n300|mis0.2|clo|shi,2,b:rank16,0.8204039088587933,0.5056210359362325,1.0,1.0,1.0,,,,,,273,43,,,,,,,,,,0.09
A,A|n300|mis0.2|clo|shi,2,b:robust,0.6454972281398778,0.5056210359362325,1.0,1.0,1.0,,,,,,273,43,,,,,,,,,,0.14
A,A|n300|mis0.2|clo|shi,2,b:alpha05,0.7817691501031131,0.5056210359362325,1.0,1.0,1.0,,,,,,273,43,,,,,,,,,,0.12
A,A|n300|mis0.2|clo|shi,2,b:concat05,0.747481426771254,0.5056210359362325,1.0,1.0,1.0,,,,,,273,43,,,,,,,,,,0.17
A,A|n300|mis0.2|clo|shi,2,b:text_only,0.8322079860969307,0.5056210359362325,1.0,1.0,1.0,,,,,,273,43,,,,,,,,,,0.08
A,A|n300|mis0.2|clo|shi,2,b:image_only,0.8322079860969307,0.5056210359362325,1.0,1.0,1.0,,,,,,273,43,,,,,,,,,,0.11
A,A|n300|mis0.2|clo|shi,2,b:structure_only,0.8322079860969307,0.5056210359362325,1.0,1.0,1.0,,,,,,273,43,,,,,,,,,,0.02
A,A|n300|mis0.2|clo|shi,2,b:spectral,0.830528177775584,0.4983824486635545,0.9933333333333333,0.991304347826087,1.0,,,,,,273,43,,,,,,,,,,0.01
A,A|n300|mis0.2|clo|shi,2,b:kmeans_content,0.0,-0.011522197604020533,0.30666666666666664,0.33043478260869563,0.23255813953488372,,,,,,273,43,,,,,,,,,,0.03
A,A|n300|mis0.2|clo|shi,2,d:default,,,,,,0.5117290192113246,0.18499086638928997,0.5117290192113246,0.18499086638928997,0.1575091575091575,273,43,0.7780809696217253,0.17010553423455324,0.7565504897322236,0.2052534496136193,0.11421975403052394,0.6540950455005055,0.5859771637794826,0.5709345023005206,,0.02
A,A|n300|mis0.2|clo|shi,2,d:rank16,,,,,,0.41516683518705766,0.13460634606311442,0.41516683518705766,0.13460634606311442,0.1575091575091575,273,43,0.28394299647041343,0.34695242133069193,0.38333317500077213,0.3085693352380272,-0.302721410039604,0.6166835187057634,0.23984088304788714,0.27760021462301504,,0.0
A,A|n300|mis0.2|clo|shi,2,d:cons,,,,,,0.5117290192113246,0.18499086638928997,0.5426693629929221,0.1828534386568771,0.1575091575091575,273,43,0.7780809696217253,0.17010553423455324,0.7565504897322236,0.2052534496136193,0.11421975403052394,0.6540950455005055,0.5067455242966752,0.4639192886456909,,0.14
A,A|n300|mis0.2|clo|shi,2,d:kmmatch,,,,,,0.45743174924165825,0.14736977783367655,,,0.1575091575091575,273,43,,,,,,,,,,0.01
A,A|n300|mis0.2|clo|shi,2,d:random,,,,,,0.4840242669362993,0.16236885956617206,,,0.1575091575091575,273,43,,,,,,,,,,0.0
A,A|n300|mis0.4|chi|shi,2,b:default,0.7499891921327673,0.5056210359362325,1.0,1.0,1.0,,,,,,265,92,,,,,,,,,,0.12
A,A|n300|mis0.4|chi|shi,2,b:rank16,0.8321268828779561,0.5056210359362325,1.0,1.0,1.0,,,,,,265,92,,,,,,,,,,0.08
A,A|n300|mis0.4|chi|shi,2,b:robust,0.8382813461227179,0.5056210359362325,1.0,1.0,1.0,,,,,,265,92,,,,,,,,,,0.16
A,A|n300|mis0.4|chi|shi,2,b:alpha05,0.7890043183782409,0.5056210359362325,1.0,1.0,1.0,,,,,,265,92,,,,,,,,,,0.12
A,A|n300|mis0.4|chi|shi,2,b:concat05,0.8236482205037088,0.5056210359362325,1.0,1.0,1.0,,,,,,265,92,,,,,,,,,,0.17
A,A|n300|mis0.4|chi|shi,2,b:text_only,0.8467830990906843,0.5056210359362325,1.0,1.0,1.0,,,,,,265,92,,,,,,,,,,0.08
A,A|n300|mis0.4|chi|shi,2,b:image_only,0.8322079860969307,0.5056210359362325,1.0,1.0,1.0,,,,,,265,92,,,,,,,,,,0.09
A,A|n300|mis0.4|chi|shi,2,b:structure_only,0.8322079860969307,0.5056210359362325,1.0,1.0,1.0,,,,,,265,92,,,,,,,,,,0.02
A,A|n300|mis0.4|chi|shi,2,b:spectral,0.8428046369695877,0.5024719816614577,0.9966666666666667,1.0,1.0,,,,,,265,92,,,,,,,,,,0.03
A,A|n300|mis0.4|chi|shi,2,b:kmeans_content,0.7406143781010087,0.452474258989247,0.9633333333333334,1.0,1.0,,,,,,265,92,,,,,,,,,,0.05
A,A|n300|mis0.4|chi|shi,2,d:default,,,,,,0.6083815028901735,0.4629790358654704,0.6083815028901735,0.4629790358654704,0.3471698113207547,265,92,0.8170312442806918,0.11242706256453226,0.7675618541861257,0.14973921956645647,0.3736243768167695,0.7464815280221161,0.6224824160613796,0.5754626532175094,,0.0
A,A|n300|mis0.4|chi|shi,2,d:rank16,,,,,,0.8632194018597638,0.754772144611051,0.8632194018597638,0.754772144611051,0.3471698113207547,265,92,0.5551474345656375,0.25025931624520836,0.14522498248033533,0.28589086427264276,1.5257672396415836,0.3385272681578286,0.38808544537496537,0.15877835171102175,,0.0
A,A|n300|mis0.4|chi|shi,2,d:cons,,,,,,0.6083815028901735,0.4629790358654704,0.7613093742146267,0.6179675152648476,0.3471698113207547,265,92,0.8170312442806918,0.11242706256453226,0.7675618541861257,0.14973921956645647,0.3736243768167695,0.7464815280221161,0.5910623576808548,0.3287631752305665,,0.14
A,A|n300|mis0.4|chi|shi,2,d:kmmatch,,,,,,1.0,1.0,,,0.3471698113207547,265,92,,,,,,,,,,0.01
A,A|n300|mis0.4|chi|shi,2,d:random,,,,,,0.5099899472229203,0.3579730002577627,,,0.3471698113207547,265,92,,,,,,,,,,0.0
A,A|n300|mis0.2|clo|slo,2,b:default,0.0,0.10578802504381257,0.3933333333333333,0.3826086956521739,0.4186046511627907,,,,,,273,43,,,,,,,,,,0.17
A,A|n300|mis0.2|clo|slo,2,b:rank16,0.03988544302452168,0.11852814602295213,0.42333333333333334,0.391304347826087,0.5116279069767442,,,,,,273,43,,,,,,,,,,0.09
A,A|n300|mis0.2|clo|slo,2,b:robust,0.03263121969464566,0.11568462391881962,0.4166666666666667,0.3869565217391304,0.5581395348837209,,,,,,273,43,,,,,,,,,,0.17
A,A|n300|mis0.2|clo|slo,2,b:alpha05,0.0,0.09854717267793547,0.4066666666666667,0.4043478260869565,0.46511627906976744,,,,,,273,43,,,,,,,,,,0.14
A,A|n300|mis0.2|clo|slo,2,b:concat05,0.0,0.09497235216801402,0.41333333333333333,0.43478260869565216,0.32558139534883723,,,,,,273,43,,,,,,,,,,0.17
A,A|n300|mis0.2|clo|slo,2,b:text_only,0.03552246494160971,0.12197456752784219,0.43,0.4,0.5348837209302325,,,,,,273,43,,,,,,,,,,0.25
A,A|n300|mis0.2|clo|slo,2,b:image_only,0.03813587312913003,0.12158509525693936,0.43333333333333335,0.40869565217391307,0.5348837209302325,,,,,,273,43,,,,,,,,,,0.31
A,A|n300|mis0.2|clo|slo,2,b:structure_only,0.03917552556177695,0.12170268245802479,0.43,0.4043478260869565,0.5348837209302325,,,,,,273,43,,,,,,,,,,0.02
A,A|n300|mis0.2|clo|slo,2,b:spectral,0.08234336076203319,0.045713172734467775,0.4666666666666667,0.45652173913043476,0.5116279069767442,,,,,,273,43,,,,,,,,,,0.03
A,A|n300|mis0.2|clo|slo,2,b:kmeans_content,0.0,0.004817877635818889,0.30666666666666664,0.33043478260869563,0.23255813953488372,,,,,,273,43,,,,,,,,,,0.03
A,A|n300|mis0.2|clo|slo,2,d:default,,,,,,0.5117290192113246,0.18499086638928997,0.5117290192113246,0.18499086638928997,0.1575091575091575,273,43,0.7780809696217253,0.17010553423455324,0.7565504897322236,0.2052534496136193,0.11421975403052394,0.6540950455005055,0.5859771637794826,0.5709345023005206,,0.0
A,A|n300|mis0.2|clo|slo,2,d:rank16,,,,,,0.41516683518705766,0.13460634606311442,0.41516683518705766,0.13460634606311442,0.1575091575091575,273,43,0.28394299647041343,0.34695242133069193,0.38333317500077213,0.3085693352380272,-0.302721410039604,0.6166835187057634,0.23984088304788714,0.27760021462301504,,0.0
A,A|n300|mis0.2|clo|slo,2,d:cons,,,,,,0.5117290192113246,0.18499086638928997,0.5765419615773509,0.1987183691128987,0.1575091575091575,273,43,0.7780809696217253,0.17010553423455324,0.7565504897322236,0.2052534496136193,0.11421975403052394,0.6540950455005055,0.5121003836317135,0.43527701778385774,,0.17
A,A|n300|mis0.2|clo|slo,2,d:kmmatch,,,,,,0.45743174924165825,0.14736977783367655,,,0.1575091575091575,273,43,,,,,,,,,,0.02
A,A|n300|mis0.2|clo|slo,2,d:random,,,,,,0.4840242669362993,0.16236885956617206,,,0.1575091575091575,273,43,,,,,,,,,,0.01
A,A|n300|mis0.2|chi|slo,2,b:default,0.0,0.09460959141274243,0.45,0.4782608695652174,0.4418604651162791,,,,,,273,43,,,,,,,,,,0.14
A,A|n300|mis0.2|chi|slo,2,b:rank16,0.16677321547269974,0.11727954166431118,0.64,0.6565217391304348,0.6046511627906976,,,,,,273,43,,,,,,,,,,0.11
A,A|n300|mis0.2|chi|slo,2,b:robust,0.5642351880192498,0.11517335985640795,0.9566666666666667,1.0,0.8604651162790697,,,,,,273,43,,,,,,,,,,0.12
A,A|n300|mis0.2|chi|slo,2,b:alpha05,0.0,0.09603766818361693,0.45666666666666667,0.4608695652173913,0.4883720930232558,,,,,,273,43,,,,,,,,,,0.14
A,A|n300|mis0.2|chi|slo,2,b:concat05,0.5562719646735513,0.11496327166600714,0.9633333333333334,1.0,0.8837209302325582,,,,,,273,43,,,,,,,,,,0.14
A,A|n300|mis0.2|chi|slo,2,b:text_only,0.12914668761467385,0.12214676140539321,0.5866666666666667,0.5739130434782609,0.627906976744186,,,,,,273,43,,,,,,,,,,0.33
A,A|n300|mis0.2|chi|slo,2,b:image_only,0.08924017001809492,0.12442773404375602,0.5233333333333333,0.5173913043478261,0.5348837209302325,,,,,,273,43,,,,,,,,,,0.75
A,A|n300|mis0.2|chi|slo,2,b:structure_only,0.03917552556177695,0.12170268245802479,0.43,0.4043478260869565,0.5348837209302325,,,,,,273,43,,,,,,,,,,0.03
A,A|n300|mis0.2|chi|slo,2,b:spectral,0.6966046120587224,0.10795757603595457,0.94,1.0,0.7209302325581395,,,,,,273,43,,,,,,,,,,0.03
A,A|n300|mis0.2|chi|slo,2,b:kmeans_content,0.7153435323570096,0.10500422225676978,0.95,1.0,0.7906976744186046,,,,,,273,43,,,,,,,,,,0.02
A,A|n300|mis0.2|chi|slo,2,d:default,,,,,,0.7343781597573307,0.4276196057350882,0.7343781597573307,0.4276196057350882,0.1575091575091575,273,43,0.8570045828103532,0.1023952678065485,0.714052254817412,0.21366904780014734,0.8532433573435634,0.5620829120323559,0.6593033077450434,0.5283714972084516,,0.0
A,A|n300|mis0.2|chi|slo,2,d:rank16,,,,,,0.8932254802831143,0.6397980768515982,0.8932254802831143,0.6397980768515982,0.1575091575091575,273,43,0.5682194559354952,0.2320097294948339,0.1337299919356837,0.2539875812205695,1.7862068763145142,0.3204246713852376,0.39203809558143443,0.14916216807946842,,0.01
A,A|n300|mis0.2|chi|slo,2,d:cons,,,,,,0.7343781597573307,0.4276196057350882,0.679474216380182,0.3235130040114703,0.1575091575091575,273,43,0.8570045828103532,0.1023952678065485,0.714052254817412,0.21366904780014734,0.8532433573435634,0.5620829120323559,0.5283727621483376,0.3482387140902873,,0.12
A,A|n300|mis0.2|chi|slo,2,d:kmmatch,,,,,,1.0,1.0,,,0.1575091575091575,273,43,,,,,,,,,,0.0
A,A|n300|mis0.2|chi|slo,2,d:random,,,,,,0.4840242669362993,0.16236885956617206,,,0.1575091575091575,273,43,,,,,,,,,,0.02
A,A|n300|mis0.4|clo|shi,2,b:default,0.6994017448887033,0.5056210359362325,1.0,1.0,1.0,,,,,,265,92,,,,,,,,,,0.12
A,A|n300|mis0.4|clo|shi,2,b:rank16,0.8204643446291882,0.5056210359362325,1.0,1.0,1.0,,,,,,265,92,,,,,,,,,,0.12
A,A|n300|mis0.4|clo|shi,2,b:robust,0.6286607161340397,0.5056210359362325,1.0,1.0,1.0,,,,,,265,92,,,,,,,,,,0.16
A,A|n300|mis0.4|clo|shi,2,b:alpha05,0.7716440992290461,0.5056210359362325,1.0,1.0,1.0,,,,,,265,92,,,,,,,,,,0.11
A,A|n300|mis0.4|clo|shi,2,b:concat05,0.7309299466371558,0.5056210359362325,1.0,1.0,1.0,,,,,,265,92,,,,,,,,,,0.16
A,A|n300|mis0.4|clo|shi,2,b:text_only,0.8322079860969307,0.5056210359362325,1.0,1.0,1.0,,,,,,265,92,,,,,,,,,,0.08
A,A|n300|mis0.4|clo|shi,2,b:image_only,0.8322079860969307,0.5056210359362325,1.0,1.0,1.0,,,,,,265,92,,,,,,,,,,0.09
A,A|n300|mis0.4|clo|shi,2,b:structure_only,0.8322079860969307,0.5056210359362325,1.0,1.0,1.0,,,,,,265,92,,,,,,,,,,0.01
A,A|n300|mis0.4|clo|shi,2,b:spectral,0.855051364013553,0.5056210359362325,1.0,1.0,1.0,,,,,,265,92,,,,,,,,,,0.03
A,A|n300|mis0.4|clo|shi,2,b:kmeans_content,0.0,-0.0033356366053632763,0.2866666666666667,0.27167630057803466,0.31521739130434784,,,,,,265,92,,,,,,,,,,0.05
A,A|n300|mis0.4|clo|shi,2,d:default,,,,,,0.5010681075647148,0.34443712532195936,0.5010681075647148,0.34443712532195936,0.3471698113207547,265,92,0.7844882205596805,0.14017606901707796,0.7891420292876036,0.13129827638105093,-0.03426712202716947,0.8206835888414175,0.5890819565094921,0.5947500275853467,,0.0
A,A|n300|mis0.4|clo|shi,2,d:rank16,,,,,,0.5233098768534807,0.3699216090977382,0.5233098768534807,0.3699216090977382,0.3471698113207547,265,92,0.29878391762049017,0.33316729303910325,0.273732832585256,0.3379037433638941,0.0746581501124069,0.7140613219401859,0.2419976027529646,0.23342539332787166,,0.01
A,A|n300|mis0.4|clo|shi,2,d:cons,,,,,,0.5010681075647148,0.34443712532195936,0.5325458657954261,0.38168908373222254,0.3471698113207547,265,92,0.7844882205596805,0.14017606901707796,0.7891420292876036,0.13129827638105093,-0.03426712202716947,0.8206835888414175,0.5113417411105273,0.47867259552042163,,0.12
A,A|n300|mis0.4|clo|shi,2,d:kmmatch,,,,,,0.5064400603166624,0.3501241602554154,,,0.3471698113207547,265,92,,,,,,,,,,0.02
A,A|n300|mis0.4|clo|shi,2,d:random,,,,,,0.5099899472229203,0.3579730002577627,,,0.3471698113207547,265,92,,,,,,,,,,0.0
A,A|n300|mis0.4|chi|slo,2,b:default,0.0,0.09900068545423713,0.4633333333333333,0.5317919075144508,0.391304347826087,,,,,,265,92,,,,,,,,,,0.16
A,A|n300|mis0.4|chi|slo,2,b:rank16,0.11033300252790834,0.12114589222115438,0.56,0.5895953757225434,0.5,,,,,,265,92,,,,,,,,,,0.12
A,A|n300|mis0.4|chi|slo,2,b:robust,0.44467664587339506,0.11106800130024311,0.9066666666666666,1.0,0.7608695652173914,,,,,,265,92,,,,,,,,,,0.14
A,A|n300|mis0.4|chi|slo,2,b:alpha05,0.0,0.09928873523093447,0.42,0.45664739884393063,0.3695652173913043,,,,,,265,92,,,,,,,,,,0.16
A,A|n300|mis0.4|chi|slo,2,b:concat05,0.4366471552134973,0.10140958010628076,0.8866666666666667,1.0,0.75,,,,,,265,92,,,,,,,,,,0.14
A,A|n300|mis0.4|chi|slo,2,b:text_only,0.12444200482041023,0.12107768245802478,0.5866666666666667,0.5895953757225434,0.5543478260869565,,,,,,265,92,,,,,,,,,,0.47
A,A|n300|mis0.4|chi|slo,2,b:image_only,0.046193750937133515,0.12067886468992031,0.43333333333333335,0.4393063583815029,0.42391304347826086,,,,,,265,92,,,,,,,,,,0.42
A,A|n300|mis0.4|chi|slo,2,b:structure_only,0.03917552556177695,0.12170268245802479,0.43,0.42196531791907516,0.44565217391304346,,,,,,265,92,,,,,,,,,,0.03
A,A|n300|mis0.4|chi|slo,2,b:spectral,0.6451441174215207,0.10307562256204424,0.9233333333333333,1.0,0.8369565217391305,,,,,,265,92,,,,,,,,,,0.01
A,A|n300|mis0.4|chi|slo,2,b:kmeans_content,0.7406143781010087,0.10521929235683196,0.9633333333333334,1.0,1.0,,,,,,265,92,,,,,,,,,,0.05
A,A|n300|mis0.4|chi|slo,2,d:default,,,,,,0.6083815028901735,0.4629790358654704,0.6083815028901735,0.4629790358654704,0.3471698113207547,265,92,0.8170312442806918,0.11242706256453226,0.7675618541861257,0.14973921956645647,0.3736243768167695,0.7464815280221161,0.6224824160613796,0.5754626532175094,,0.0
A,A|n300|mis0.4|chi|slo,2,d:rank16,,,,,,0.8632194018597638,0.754772144611051,0.8632194018597638,0.754772144611051,0.3471698113207547,265,92,0.5551474345656375,0.25025931624520836,0.14522498248033533,0.28589086427264276,1.5257672396415836,0.3385272681578286,0.38808544537496537,0.15877835171102175,,0.0
A,A|n300|mis0.4|chi|slo,2,d:cons,,,,,,0.6083815028901735,0.4629790358654704,0.5527770796682583,0.40897786197376756,0.3471698113207547,265,92,0.8170312442806918,0.11242706256453226,0.7675618541861257,0.14973921956645647,0.3736243768167695,0.7464815280221161,0.5183920126116658,0.4654150197628459,,0.14
A,A|n300|mis0.4|chi|slo,2,d:kmmatch,,,,,,1.0,1.0,,,0.3471698113207547,265,92,,,,,,,,,,0.01
A,A|n300|mis0.4|chi|slo,2,d:random,,,,,,0.5099899472229203,0.3579730002577627,,,0.3471698113207547,265,92,,,,,,,,,,0.0
A,A|n300|mis0.4|clo|slo,2,b:default,0.0,0.09704210596981175,0.38666666666666666,0.4277456647398844,0.33695652173913043,,,,,,265,92,,,,,,,,,,0.14
A,A|n300|mis0.4|clo|slo,2,b:rank16,0.056559665308407725,0.12211028040024877,0.4533333333333333,0.4393063583815029,0.45652173913043476,,,,,,265,92,,,,,,,,,,0.09
A,A|n300|mis0.4|clo|slo,2,b:robust,0.07527619325167134,0.12102042582961164,0.5066666666666667,0.49710982658959535,0.5,,,,,,265,92,,,,,,,,,,0.17
A,A|n300|mis0.4|clo|slo,2,b:alpha05,0.0,0.10452251399174632,0.4166666666666667,0.4682080924855491,0.358695652173913,,,,,,265,92,,,,,,,,,,0.16
A,A|n300|mis0.4|clo|slo,2,b:concat05,0.0,0.10562049508168918,0.4,0.43352601156069365,0.30434782608695654,,,,,,265,92,,,,,,,,,,0.14
A,A|n300|mis0.4|clo|slo,2,b:text_only,0.037737736137423705,0.12068310461303633,0.43333333333333335,0.4277456647398844,0.44565217391304346,,,,,,265,92,,,,,,,,,,0.19
A,A|n300|mis0.4|clo|slo,2,b:image_only,0.036901122529612085,0.12170268245802479,0.43,0.42196531791907516,0.44565217391304346,,,,,,265,92,,,,,,,,,,0.33
A,A|n300|mis0.4|clo|slo,2,b:structure_only,0.03917552556177695,0.12170268245802479,0.43,0.42196531791907516,0.44565217391304346,,,,,,265,92,,,,,,,,,,0.03
A,A|n300|mis0.4|clo|slo,2,b:spectral,0.049455220055603766,0.041025867064277244,0.4266666666666667,0.4393063583815029,0.3804347826086957,,,,,,265,92,,,,,,,,,,0.03
A,A|n300|mis0.4|clo|slo,2,b:kmeans_content,0.0,-0.003745018090338628,0.2866666666666667,0.27167630057803466,0.31521739130434784,,,,,,265,92,,,,,,,,,,0.03
A,A|n300|mis0.4|clo|slo,2,d:default,,,,,,0.5010681075647148,0.34443712532195936,0.5010681075647148,0.34443712532195936,0.3471698113207547,265,92,0.7844882205596805,0.14017606901707796,0.7891420292876036,0.13129827638105093,-0.03426712202716947,0.8206835888414175,0.5890819565094921,0.5947500275853467,,0.0
A,A|n300|mis0.4|clo|slo,2,d:rank16,,,,,,0.5233098768534807,0.3699216090977382,0.5233098768534807,0.3699216090977382,0.3471698113207547,265,92,0.29878391762049017,0.33316729303910325,0.273732832585256,0.3379037433638941,0.0746581501124069,0.7140613219401859,0.2419976027529646,0.23342539332787166,,0.0
A,A|n300|mis0.4|clo|slo,2,d:cons,,,,,,0.5010681075647148,0.34443712532195936,0.4918321186227696,0.3496002365579539,0.3471698113207547,265,92,0.7844882205596805,0.14017606901707796,0.7891420292876036,0.13129827638105093,-0.03426712202716947,0.8206835888414175,0.49715361709581357,0.5053524374176547,,0.14
A,A|n300|mis0.4|clo|slo,2,d:kmmatch,,,,,,0.5064400603166624,0.3501241602554154,,,0.3471698113207547,265,92,,,,,,,,,,0.02
A,A|n300|mis0.4|clo|slo,2,d:random,,,,,,0.5099899472229203,0.3579730002577627,,,0.3471698113207547,265,92,,,,,,,,,,0.0
A,A|n600|mis0.0|chi|shi,2,b:default,0.8771542160637533,0.47444532546319157,1.0,1.0,nan,,,,,,546,0,,,,,,,,,,0.36
A,A|n600|mis0.0|chi|shi,2,b:rank16,0.8771542160637533,0.47444532546319157,1.0,1.0,nan,,,,,,546,0,,,,,,,,,,0.2
A,A|n600|mis0.0|chi|shi,2,b:robust,0.8771542160637533,0.47444532546319157,1.0,1.0,nan,,,,,,546,0,,,,,,,,,,0.45
A,A|n600|mis0.0|chi|shi,2,b:alpha05,0.8771542160637533,0.47444532546319157,1.0,1.0,nan,,,,,,546,0,,,,,,,,,,0.38
A,A|n600|mis0.0|chi|shi,2,b:concat05,0.8771542160637533,0.47444532546319157,1.0,1.0,nan,,,,,,546,0,,,,,,,,,,0.39
A,A|n600|mis0.0|chi|shi,2,b:text_only,0.8733060361641825,0.47444532546319157,1.0,1.0,nan,,,,,,546,0,,,,,,,,,,0.12
A,A|n600|mis0.0|chi|shi,2,b:image_only,0.8733060361641825,0.47444532546319157,1.0,1.0,nan,,,,,,546,0,,,,,,,,,,0.11
A,A|n600|mis0.0|chi|shi,2,b:structure_only,0.8733060361641825,0.4744508510163093,0.9983333333333333,0.9981684981684982,nan,,,,,,546,0,,,,,,,,,,0.03
A,A|n600|mis0.0|chi|shi,2,b:spectral,0.8771542160637533,0.47444532546319157,1.0,1.0,nan,,,,,,546,0,,,,,,,,,,0.05
A,A|n600|mis0.0|chi|shi,2,b:kmeans_content,0.8771542160637533,0.47444532546319157,1.0,1.0,nan,,,,,,546,0,,,,,,,,,,0.06
A,A|n600|mis0.0|chi|shi,2,d:default,,,,,,nan,nan,nan,nan,0.0,546,0,0.9439999386640806,0.047685126795284576,,,,,0.7300707092954526,,,0.0
A,A|n600|mis0.0|chi|shi,2,d:rank16,,,,,,nan,nan,nan,nan,0.0,546,0,0.7932033907730774,0.14900044133134,,,,,0.5951653641469555,,,0.0
A,A|n600|mis0.0|chi|shi,2,d:cons,,,,,,nan,nan,nan,nan,0.0,546,0,0.9439999386640806,0.047685126795284576,,,,,0.5,,,0.39
A,A|n600|mis0.0|chi|shi,2,d:kmmatch,,,,,,nan,nan,,,0.0,546,0,,,,,,,,,,0.03
A,A|n600|mis0.0|chi|shi,2,d:random,,,,,,nan,nan,,,0.0,546,0,,,,,,,,,,0.0
A,A|n600|mis0.0|clo|shi,2,b:default,0.5002627003049571,0.3171432945929203,0.7933333333333333,0.7765567765567766,nan,,,,,,546,0,,,,,,,,,,0.44
A,A|n600|mis0.0|clo|shi,2,b:rank16,0.8733060361641825,0.4744508510163093,0.9983333333333333,0.9981684981684982,nan,,,,,,546,0,,,,,,,,,,0.17
A,A|n600|mis0.0|clo|shi,2,b:robust,0.8627604393777754,0.47444532546319157,1.0,1.0,nan,,,,,,546,0,,,,,,,,,,0.45
A,A|n600|mis0.0|clo|shi,2,b:alpha05,0.49043710166522014,0.36027717285396327,0.7833333333333333,0.7802197802197802,nan,,,,,,546,0,,,,,,,,,,0.41
A,A|n600|mis0.0|clo|shi,2,b:concat05,0.5477118435952253,0.3484815860430726,0.8166666666666667,0.8205128205128205,nan,,,,,,546,0,,,,,,,,,,0.44
A,A|n600|mis0.0|clo|shi,2,b:text_only,0.8733060361641825,0.4744508510163093,0.9983333333333333,0.9981684981684982,nan,,,,,,546,0,,,,,,,,,,0.16
A,A|n600|mis0.0|clo|shi,2,b:image_only,0.8733060361641825,0.4744508510163093,0.9983333333333333,0.9981684981684982,nan,,,,,,546,0,,,,,,,,,,0.19
A,A|n600|mis0.0|clo|shi,2,b:structure_only,0.8733060361641825,0.4744508510163093,0.9983333333333333,0.9981684981684982,nan,,,,,,546,0,,,,,,,,,,0.03
A,A|n600|mis0.0|clo|shi,2,b:spectral,0.8771542160637533,0.47444532546319157,1.0,1.0,nan,,,,,,546,0,,,,,,,,,,0.06
A,A|n600|mis0.0|clo|shi,2,b:kmeans_content,0.0,-0.003421114053541223,0.22666666666666666,0.22344322344322345,nan,,,,,,546,0,,,,,,,,,,0.08
A,A|n600|mis0.0|clo|shi,2,d:default,,,,,,nan,nan,nan,nan,0.0,546,0,0.8124357718004769,0.1513866875701647,,,,,0.6187884997699146,,,0.0
A,A|n600|mis0.0|clo|shi,2,d:rank16,,,,,,nan,nan,nan,nan,0.0,546,0,0.3807687322947398,0.3049452027503581,,,,,0.2773250193714607,,,0.0
A,A|n600|mis0.0|clo|shi,2,d:cons,,,,,,nan,nan,nan,nan,0.0,546,0,0.8124357718004769,0.1513866875701647,,,,,0.5,,,0.45
A,A|n600|mis0.0|clo|shi,2,d:kmmatch,,,,,,nan,nan,,,0.0,546,0,,,,,,,,,,0.06
A,A|n600|mis0.0|clo|shi,2,d:random,,,,,,nan,nan,,,0.0,546,0,,,,,,,,,,0.0
A,A|n600|mis0.0|clo|slo,2,b:default,0.02449639316534702,0.06596196381259369,0.32166666666666666,0.31868131868131866,nan,,,,,,546,0,,,,,,,,,,0.44
A,A|n600|mis0.0|clo|slo,2,b:rank16,0.010378788296587671,0.0748513192667325,0.295,0.2948717948717949,nan,,,,,,546,0,,,,,,,,,,0.2
A,A|n600|mis0.0|clo|slo,2,b:robust,0.09365315121206752,0.0859285882401242,0.44333333333333336,0.43772893772893773,nan,,,,,,546,0,,,,,,,,,,0.51
A,A|n600|mis0.0|clo|slo,2,b:alpha05,0.01333971496588604,0.0721188197782787,0.33166666666666667,0.31868131868131866,nan,,,,,,546,0,,,,,,,,,,0.44
A,A|n600|mis0.0|clo|slo,2,b:concat05,0.03559497998949479,0.07838112266792036,0.39166666666666666,0.38278388278388276,nan,,,,,,546,0,,,,,,,,,,0.48
A,A|n600|mis0.0|clo|slo,2,b:text_only,0.024586148882333014,0.07642197628235729,0.295,0.2875457875457875,nan,,,,,,546,0,,,,,,,,,,0.53
A,A|n600|mis0.0|clo|slo,2,b:image_only,0.023385378693060233,0.074582627643008,0.2833333333333333,0.2765567765567766,nan,,,,,,546,0,,,,,,,,,,0.75
A,A|n600|mis0.0|clo|slo,2,b:structure_only,0.06903353151063674,0.08804114385960468,0.39666666666666667,0.3882783882783883,nan,,,,,,546,0,,,,,,,,,,0.08
A,A|n600|mis0.0|clo|slo,2,b:spectral,0.12415406860003664,0.06625573872667959,0.5183333333333333,0.5256410256410257,nan,,,,,,546,0,,,,,,,,,,0.11
A,A|n600|mis0.0|clo|slo,2,b:kmeans_content,0.0,-0.0002957339961397569,0.22666666666666666,0.22344322344322345,nan,,,,,,546,0,,,,,,,,,,0.08
A,A|n600|mis0.0|clo|slo,2,d:default,,,,,,nan,nan,nan,nan,0.0,546,0,0.8124357718004769,0.1513866875701647,,,,,0.6187884997699146,,,0.0
A,A|n600|mis0.0|clo|slo,2,d:rank16,,,,,,nan,nan,nan,nan,0.0,546,0,0.3807687322947398,0.3049452027503581,,,,,0.2773250193714607,,,0.0
A,A|n600|mis0.0|clo|slo,2,d:cons,,,,,,nan,nan,nan,nan,0.0,546,0,0.8124357718004769,0.1513866875701647,,,,,0.5,,,0.41
A,A|n600|mis0.0|clo|slo,2,d:kmmatch,,,,,,nan,nan,,,0.0,546,0,,,,,,,,,,0.05
A,A|n600|mis0.0|clo|slo,2,d:random,,,,,,nan,nan,,,0.0,546,0,,,,,,,,,,0.0
A,A|n600|mis0.1|chi|shi,2,b:default,0.8771542160637533,0.47444532546319157,1.0,1.0,1.0,,,,,,555,62,,,,,,,,,,0.41
A,A|n600|mis0.1|chi|shi,2,b:rank16,0.8771542160637533,0.47444532546319157,1.0,1.0,1.0,,,,,,555,62,,,,,,,,,,0.19
A,A|n600|mis0.1|chi|shi,2,b:robust,0.8694578562646116,0.47444532546319157,1.0,1.0,1.0,,,,,,555,62,,,,,,,,,,0.45
A,A|n600|mis0.1|chi|shi,2,b:alpha05,0.8771542160637533,0.47444532546319157,1.0,1.0,1.0,,,,,,555,62,,,,,,,,,,0.47
A,A|n600|mis0.1|chi|shi,2,b:concat05,0.8665725568597945,0.47444532546319157,1.0,1.0,1.0,,,,,,555,62,,,,,,,,,,0.47
A,A|n600|mis0.1|chi|shi,2,b:text_only,0.8733060361641825,0.47444532546319157,1.0,1.0,1.0,,,,,,555,62,,,,,,,,,,0.16
A,A|n600|mis0.1|chi|shi,2,b:image_only,0.8733060361641825,0.47444532546319157,1.0,1.0,1.0,,,,,,555,62,,,,,,,,,,0.19
A,A|n600|mis0.1|chi|shi,2,b:structure_only,0.8733060361641825,0.4744508510163093,0.9983333333333333,0.9979716024340771,1.0,,,,,,555,62,,,,,,,,,,0.02
A,A|n600|mis0.1|chi|shi,2,b:spectral,0.8771542160637533,0.47444532546319157,1.0,1.0,1.0,,,,,,555,62,,,,,,,,,,0.08
A,A|n600|mis0.1|chi|shi,2,b:kmeans_content,0.8406066254433946,0.462330345602444,0.9883333333333333,1.0,0.9354838709677419,,,,,,555,62,,,,,,,,,,0.08
A,A|n600|mis0.1|chi|shi,2,d:default,,,,,,0.9585814303474448,0.8091925935076333,0.9585814303474448,0.8091925935076333,0.11171171171171171,555,62,0.9185235417020873,0.058468925107666256,0.663250332691891,0.1640303506099274,2.073112651505245,0.18235948439442518,0.7129914862717043,0.46758968531477035,,0.0
A,A|n600|mis0.1|chi|shi,2,d:rank16,,,,,,0.9909703592226657,0.9393185382954133,0.9909703592226657,0.9393185382954133,0.11171171171171171,555,62,0.7825635314714761,0.16134210383864359,0.07882254368797706,0.2216818442603856,3.629891830430463,0.09108159392789374,0.5850465436225791,0.12883899231321122,,0.0
A,A|n600|mis0.1|chi|shi,2,d:cons,,,,,,0.9585814303474448,0.8091925935076333,0.949977098737159,0.7675282656254665,0.11171171171171171,555,62,0.9185235417020873,0.058468925107666256,0.663250332691891,0.1640303506099274,2.073112651505245,0.18235948439442518,0.5503584478731116,0.09956911610574123,,0.41
A,A|n600|mis0.1|chi|shi,2,d:kmmatch,,,,,,1.0,1.0,,,0.11171171171171171,555,62,,,,,,,,,,0.05
A,A|n600|mis0.1|chi|shi,2,d:random,,,,,,0.47196231106458153,0.11256175446111116,,,0.11171171171171171,555,62,,,,,,,,,,0.0
A,A|n600|mis0.0|chi|slo,2,b:default,0.7405850119159234,0.09000592958545416,0.96,1.0,nan,,,,,,546,0,,,,,,,,,,0.44
A,A|n600|mis0.0|chi|slo,2,b:rank16,0.15824996741040764,0.07119311952127043,0.5033333333333333,0.5128205128205128,nan,,,,,,546,0,,,,,,,,,,0.22
A,A|n600|mis0.0|chi|slo,2,b:robust,0.8666594857649871,0.09595325723439721,0.9983333333333333,1.0,nan,,,,,,546,0,,,,,,,,,,0.42
A,A|n600|mis0.0|chi|slo,2,b:alpha05,0.1693419513682881,0.07184010819027002,0.4666666666666667,0.46703296703296704,nan,,,,,,546,0,,,,,,,,,,0.38
A,A|n600|mis0.0|chi|slo,2,b:concat05,0.8695605383186957,0.09595448075032677,1.0,1.0,nan,,,,,,546,0,,,,,,,,,,0.39
A,A|n600|mis0.0|chi|slo,2,b:text_only,0.03244922002485562,0.07378973591321437,0.2966666666666667,0.2893772893772894,nan,,,,,,546,0,,,,,,,,,,0.91
A,A|n600|mis0.0|chi|slo,2,b:image_only,0.03378421043565205,0.07353738453893803,0.3,0.29304029304029305,nan,,,,,,546,0,,,,,,,,,,1.5
A,A|n600|mis0.0|chi|slo,2,b:structure_only,0.06903353151063674,0.08804114385960468,0.39666666666666667,0.3882783882783883,nan,,,,,,546,0,,,,,,,,,,0.12
A,A|n600|mis0.0|chi|slo,2,b:spectral,0.8771542160637533,0.09595448075032677,1.0,1.0,nan,,,,,,546,0,,,,,,,,,,0.08
A,A|n600|mis0.0|chi|slo,2,b:kmeans_content,0.8771542160637533,0.09595448075032677,1.0,1.0,nan,,,,,,546,0,,,,,,,,,,0.05
A,A|n600|mis0.0|chi|slo,2,d:default,,,,,,nan,nan,nan,nan,0.0,546,0,0.9439999386640806,0.047685126795284576,,,,,0.7300707092954526,,,0.0
A,A|n600|mis0.0|chi|slo,2,d:rank16,,,,,,nan,nan,nan,nan,0.0,546,0,0.7932033907730774,0.14900044133134,,,,,0.5951653641469555,,,0.0
A,A|n600|mis0.0|chi|slo,2,d:cons,,,,,,nan,nan,nan,nan,0.0,546,0,0.9439999386640806,0.047685126795284576,,,,,0.5000000000000001,,,0.42
A,A|n600|mis0.0|chi|slo,2,d:kmmatch,,,,,,nan,nan,,,0.0,546,0,,,,,,,,,,0.01
A,A|n600|mis0.0|chi|slo,2,d:random,,,,,,nan,nan,,,0.0,546,0,,,,,,,,,,0.02
A,A|n600|mis0.2|chi|shi,2,b:default,0.8523547526962167,0.47300358732649195,0.9983333333333333,1.0,0.9904761904761905,,,,,,543,105,,,,,,,,,,0.38
A,A|n600|mis0.2|chi|shi,2,b:rank16,0.8771542160637533,0.47444532546319157,1.0,1.0,1.0,,,,,,543,105,,,,,,,,,,0.2
A,A|n600|mis0.2|chi|shi,2,b:robust,0.870456799176917,0.47444532546319157,1.0,1.0,1.0,,,,,,543,105,,,,,,,,,,0.42
A,A|n600|mis0.2|chi|shi,2,b:alpha05,0.8695329600493653,0.47444532546319157,1.0,1.0,1.0,,,,,,543,105,,,,,,,,,,0.41
A,A|n600|mis0.2|chi|shi,2,b:concat05,0.8602665360934011,0.47444532546319157,1.0,1.0,1.0,,,,,,543,105,,,,,,,,,,0.45
A,A|n600|mis0.2|chi|shi,2,b:text_only,0.8733060361641825,0.47444532546319157,1.0,1.0,1.0,,,,,,543,105,,,,,,,,,,0.12
A,A|n600|mis0.2|chi|shi,2,b:image_only,0.8695329600493653,0.47444532546319157,1.0,1.0,1.0,,,,,,543,105,,,,,,,,,,0.2
A,A|n600|mis0.2|chi|shi,2,b:structure_only,0.8733060361641825,0.4744508510163093,0.9983333333333333,0.997716894977169,1.0,,,,,,543,105,,,,,,,,,,0.03
A,A|n600|mis0.2|chi|shi,2,b:spectral,0.8771542160637533,0.47444532546319157,1.0,1.0,1.0,,,,,,543,105,,,,,,,,,,0.06
A,A|n600|mis0.2|chi|shi,2,b:kmeans_content,0.8405991087983328,0.4619187722934324,0.9883333333333333,1.0,1.0,,,,,,543,105,,,,,,,,,,0.12
A,A|n600|mis0.2|chi|shi,2,d:default,,,,,,0.9010002174385736,0.7073724785251768,0.9010002174385736,0.7073724785251768,0.19337016574585636,543,105,0.8976908007573742,0.07720864147628788,0.7005388520919522,0.17180364092783262,1.480261880588405,0.3502283105022831,0.6954749394873214,0.5096173462434999,,0.0
A,A|n600|mis0.2|chi|shi,2,d:rank16,,,,,,0.9831267666884106,0.9471326577580708,0.9831267666884106,0.9471326577580708,0.19337016574585636,543,105,0.7682823843994288,0.1559247558483017,0.1220902966907526,0.22707525179637522,3.317609607202003,0.12563600782778866,0.5723193114176521,0.14130140127899538,,0.0
A,A|n600|mis0.2|chi|shi,2,d:cons,,,,,,0.9010002174385736,0.7073724785251768,0.9176994998912807,0.7477727144912673,0.19337016574585636,543,105,0.8976908007573742,0.07720864147628788,0.7005388520919522,0.17180364092783262,1.480261880588405,0.3502283105022831,0.5809196448128865,0.16244948163767353,,0.42
A,A|n600|mis0.2|chi|shi,2,d:kmmatch,,,,,,1.0,1.0,,,0.19337016574585636,543,105,,,,,,,,,,0.03
A,A|n600|mis0.2|chi|shi,2,d:random,,,,,,0.532420091324201,0.2192357702760116,,,0.19337016574585636,543,105,,,,,,,,,,0.0
A,A|n600|mis0.1|clo|shi,2,b:default,0.3788074719353999,0.28779964011107767,0.6933333333333334,0.6815415821501014,0.6774193548387096,,,,,,555,62,,,,,,,,,,0.44
A,A|n600|mis0.1|clo|shi,2,b:rank16,0.8694578562646116,0.4744508510163093,0.9983333333333333,0.9979716024340771,1.0,,,,,,555,62,,,,,,,,,,0.19
A,A|n600|mis0.1|clo|shi,2,b:robust,0.8733060361641825,0.47444532546319157,1.0,1.0,1.0,,,,,,555,62,,,,,,,,,,0.5
A,A|n600|mis0.1|clo|shi,2,b:alpha05,0.5668599151680604,0.37104391044505103,0.79,0.7849898580121704,0.8064516129032258,,,,,,555,62,,,,,,,,,,0.42
A,A|n600|mis0.1|clo|shi,2,b:concat05,0.6731606927276783,0.4132206108803023,0.8833333333333333,0.8864097363083164,0.8548387096774194,,,,,,555,62,,,,,,,,,,0.45
A,A|n600|mis0.1|clo|shi,2,b:text_only,0.8733060361641825,0.4744508510163093,0.9983333333333333,0.9979716024340771,1.0,,,,,,555,62,,,,,,,,,,0.16
A,A|n600|mis0.1|clo|shi,2,b:image_only,0.8733060361641825,0.4744508510163093,0.9983333333333333,0.9979716024340771,1.0,,,,,,555,62,,,,,,,,,,0.23
A,A|n600|mis0.1|clo|shi,2,b:structure_only,0.8733060361641825,0.4744508510163093,0.9983333333333333,0.9979716024340771,1.0,,,,,,555,62,,,,,,,,,,0.03
A,A|n600|mis0.1|clo|shi,2,b:spectral,0.8710190175245108,0.4744508510163093,0.9983333333333333,0.9979716024340771,1.0,,,,,,555,62,,,,,,,,,,0.06
A,A|n600|mis0.1|clo|shi,2,b:kmeans_content,0.0,0.00025378076105021796,0.20333333333333334,0.20081135902636918,0.20967741935483872,,,,,,555,62,,,,,,,,,,0.11
A,A|n600|mis0.1|clo|shi,2,d:default,,,,,,0.4714715697179873,0.10186946122495225,0.4714715697179873,0.10186946122495225,0.11171171171171171,555,62,0.8141489511880018,0.14245968983409235,0.8384293908308785,0.10954851277306067,-0.19107312087368847,0.7727867565268599,0.6195252447386719,0.6446836879601967,,0.0
A,A|n600|mis0.1|clo|shi,2,d:rank16,,,,,,0.5306549761172545,0.13332458696826396,0.5306549761172545,0.13332458696826396,0.11171171171171171,555,62,0.3729629610707918,0.30205955783846794,0.3359514296847676,0.3155241122370577,0.11983068862059565,0.6518680887260355,0.2709027360169968,0.258799418934784,,0.0
A,A|n600|mis0.1|clo|shi,2,d:cons,,,,,,0.4714715697179873,0.10186946122495225,0.46397958515998167,0.10553594073539246,0.11171171171171171,555,62,0.8141489511880018,0.14245968983409235,0.8384293908308785,0.10954851277306067,-0.19107312087368847,0.7727867565268599,0.4959688344402867,0.5320542680796553,,0.44
A,A|n600|mis0.1|clo|shi,2,d:kmmatch,,,,,,0.5228521887064058,0.11648252236181476,,,0.11171171171171171,555,62,,,,,,,,,,0.06
A,A|n600|mis0.1|clo|shi,2,d:random,,,,,,0.47196231106458153,0.11256175446111116,,,0.11171171171171171,555,62,,,,,,,,,,0.0
A,A|n600|mis0.1|chi|slo,2,b:default,0.1493833355116405,0.06639915470003348,0.4683333333333333,0.49290060851926976,0.3387096774193548,,,,,,555,62,,,,,,,,,,0.48
A,A|n600|mis0.1|chi|slo,2,b:rank16,0.10991843563347947,0.06930357274225575,0.405,0.4158215010141988,0.4032258064516129,,,,,,555,62,,,,,,,,,,0.22
A,A|n600|mis0.1|chi|slo,2,b:robust,0.7396883154704629,0.0917822683682368,0.9666666666666667,1.0,0.7580645161290323,,,,,,555,62,,,,,,,,,,0.45
A,A|n600|mis0.1|chi|slo,2,b:alpha05,0.13859931046100527,0.0764217917839235,0.4866666666666667,0.49898580121703856,0.41935483870967744,,,,,,555,62,,,,,,,,,,0.42
A,A|n600|mis0.1|chi|slo,2,b:concat05,0.7521857145068453,0.09201972634920402,0.97,1.0,0.7580645161290323,,,,,,555,62,,,,,,,,,,0.45
A,A|n600|mis0.1|chi|slo,2,b:text_only,0.03244533765189417,0.0729627156145802,0.29,0.2880324543610548,0.3387096774193548,,,,,,555,62,,,,,,,,,,0.86
A,A|n600|mis0.1|chi|slo,2,b:image_only,0.03466640620850836,0.07359508399650487,0.28833333333333333,0.2839756592292089,0.3225806451612903,,,,,,555,62,,,,,,,,,,1.24
A,A|n600|mis0.1|chi|slo,2,b:structure_only,0.06903353151063674,0.08804114385960468,0.39666666666666667,0.3995943204868154,0.41935483870967744,,,,,,555,62,,,,,,,,,,0.08
A,A|n600|mis0.1|chi|slo,2,b:spectral,0.8468872079560197,0.09519637183053054,0.99,1.0,0.9354838709677419,,,,,,555,62,,,,,,,,,,0.06
A,A|n600|mis0.1|chi|slo,2,b:kmeans_content,0.8406066254433946,0.09331642261149103,0.9883333333333333,1.0,0.9354838709677419,,,,,,555,62,,,,,,,,,,0.09
A,A|n600|mis0.1|chi|slo,2,d:default,,,,,,0.9585814303474448,0.8091925935076333,0.9585814303474448,0.8091925935076333,0.11171171171171171,555,62,0.9185235417020873,0.058468925107666256,0.663250332691891,0.1640303506099274,2.073112651505245,0.18235948439442518,0.7129914862717043,0.46758968531477035,,0.0
A,A|n600|mis0.1|chi|slo,2,d:rank16,,,,,,0.9909703592226657,0.9393185382954133,0.9909703592226657,0.9393185382954133,0.11171171171171171,555,62,0.7825635314714761,0.16134210383864359,0.07882254368797706,0.2216818442603856,3.629891830430463,0.09108159392789374,0.5850465436225791,0.12883899231321122,,0.02
A,A|n600|mis0.1|chi|slo,2,d:cons,,,,,,0.9585814303474448,0.8091925935076333,0.7683700844075116,0.28061252001090087,0.11171171171171171,555,62,0.9185235417020873,0.058468925107666256,0.663250332691891,0.1640303506099274,2.073112651505245,0.18235948439442518,0.5300341971719598,0.2611796902294166,,0.44
A,A|n600|mis0.1|chi|slo,2,d:kmmatch,,,,,,1.0,1.0,,,0.11171171171171171,555,62,,,,,,,,,,0.03
A,A|n600|mis0.1|chi|slo,2,d:random,,,,,,0.47196231106458153,0.11256175446111116,,,0.11171171171171171,555,62,,,,,,,,,,0.0
A,A|n600|mis0.1|clo|slo,2,b:default,0.014382661382105422,0.062225547655440513,0.31666666666666665,0.3184584178498986,0.27419354838709675,,,,,,555,62,,,,,,,,,,0.42
A,A|n600|mis0.1|clo|slo,2,b:rank16,0.015063757518597454,0.07367634584615951,0.3283333333333333,0.3265720081135903,0.3709677419354839,,,,,,555,62,,,,,,,,,,0.2
A,A|n600|mis0.1|clo|slo,2,b:robust,0.08913847989782075,0.08537305010402603,0.48833333333333334,0.4726166328600406,0.5806451612903226,,,,,,555,62,,,,,,,,,,0.55
A,A|n600|mis0.1|clo|slo,2,b:alpha05,0.01338877853661491,0.06999163537508493,0.30833333333333335,0.3184584178498986,0.2903225806451613,,,,,,555,62,,,,,,,,,,0.45
A,A|n600|mis0.1|clo|slo,2,b:concat05,0.03487154766022049,0.07733267268975721,0.375,0.3691683569979716,0.43548387096774194,,,,,,555,62,,,,,,,,,,0.5
A,A|n600|mis0.1|clo|slo,2,b:text_only,0.024713732412050438,0.07500071687351982,0.27666666666666667,0.2738336713995943,0.3225806451612903,,,,,,555,62,,,,,,,,,,0.59
A,A|n600|mis0.1|clo|slo,2,b:image_only,0.02405690017046558,0.07518968939436191,0.2866666666666667,0.281947261663286,0.3387096774193548,,,,,,555,62,,,,,,,,,,0.62
A,A|n600|mis0.1|clo|slo,2,b:structure_only,0.06903353151063674,0.08804114385960468,0.39666666666666667,0.3995943204868154,0.41935483870967744,,,,,,555,62,,,,,,,,,,0.06
A,A|n600|mis0.1|clo|slo,2,b:spectral,0.04682626177595184,0.061656344497184656,0.42833333333333334,0.4239350912778905,0.46774193548387094,,,,,,555,62,,,,,,,,,,0.09
A,A|n600|mis0.1|clo|slo,2,b:kmeans_content,0.0,-0.006423421002198611,0.20333333333333334,0.20081135902636918,0.20967741935483872,,,,,,555,62,,,,,,,,,,0.08
A,A|n600|mis0.1|clo|slo,2,d:default,,,,,,0.4714715697179873,0.10186946122495225,0.4714715697179873,0.10186946122495225,0.11171171171171171,555,62,0.8141489511880018,0.14245968983409235,0.8384293908308785,0.10954851277306067,-0.19107312087368847,0.7727867565268599,0.6195252447386719,0.6446836879601967,,0.0
A,A|n600|mis0.1|clo|slo,2,d:rank16,,,,,,0.5306549761172545,0.13332458696826396,0.5306549761172545,0.13332458696826396,0.11171171171171171,555,62,0.3729629610707918,0.30205955783846794,0.3359514296847676,0.3155241122370577,0.11983068862059565,0.6518680887260355,0.2709027360169968,0.258799418934784,,0.01
A,A|n600|mis0.1|clo|slo,2,d:cons,,,,,,0.4714715697179873,0.10186946122495225,0.5112870509716678,0.1397848768761475,0.11171171171171171,555,62,0.8141489511880018,0.14245968983409235,0.8384293908308785,0.10954851277306067,-0.19107312087368847,0.7727867565268599,0.5012631717693924,0.48995574705950856,,0.41
A,A|n600|mis0.1|clo|slo,2,d:kmmatch,,,,,,0.5228521887064058,0.11648252236181476,,,0.11171171171171171,555,62,,,,,,,,,,0.03
A,A|n600|mis0.1|clo|slo,2,d:random,,,,,,0.47196231106458153,0.11256175446111116,,,0.11171171171171171,555,62,,,,,,,,,,0.0
A,A|n600|mis0.2|clo|shi,2,b:default,0.43125853380391765,0.3237290230159899,0.755,0.7511415525114156,0.6952380952380952,,,,,,543,105,,,,,,,,,,0.42
A,A|n600|mis0.2|clo|shi,2,b:rank16,0.8694578562646116,0.4744508510163093,0.9983333333333333,0.997716894977169,1.0,,,,,,543,105,,,,,,,,,,0.19
A,A|n600|mis0.2|clo|shi,2,b:robust,0.8694578562646116,0.47444532546319157,1.0,1.0,1.0,,,,,,543,105,,,,,,,,,,0.45
A,A|n600|mis0.2|clo|shi,2,b:alpha05,0.3215293354935487,0.2688952464909047,0.6133333333333333,0.6027397260273972,0.6190476190476191,,,,,,543,105,,,,,,,,,,0.39
A,A|n600|mis0.2|clo|shi,2,b:concat05,0.48874257173429814,0.36623694235419935,0.785,0.7808219178082192,0.8095238095238095,,,,,,543,105,,,,,,,,,,0.44
A,A|n600|mis0.2|clo|shi,2,b:text_only,0.8733060361641825,0.4744508510163093,0.9983333333333333,0.997716894977169,1.0,,,,,,543,105,,,,,,,,,,0.16
A,A|n600|mis0.2|clo|shi,2,b:image_only,0.8733060361641825,0.4744508510163093,0.9983333333333333,0.997716894977169,1.0,,,,,,543,105,,,,,,,,,,0.22
A,A|n600|mis0.2|clo|shi,2,b:structure_only,0.8733060361641825,0.4744508510163093,0.9983333333333333,0.997716894977169,1.0,,,,,,543,105,,,,,,,,,,0.05
A,A|n600|mis0.2|clo|shi,2,b:spectral,0.8771542160637533,0.47444532546319157,1.0,1.0,1.0,,,,,,543,105,,,,,,,,,,0.06
A,A|n600|mis0.2|clo|shi,2,b:kmeans_content,0.0,-0.0016436839470739158,0.20666666666666667,0.19863013698630136,0.22857142857142856,,,,,,543,105,,,,,,,,,,0.09
A,A|n600|mis0.2|clo|shi,2,d:default,,,,,,0.4699499891280713,0.18226036608650503,0.4699499891280713,0.18226036608650503,0.19337016574585636,543,105,0.8066321902434807,0.13730088157266354,0.8221000048226133,0.1270271098229629,-0.11694670875775964,0.8260273972602739,0.6117584132051248,0.6269308003647563,,0.0
A,A|n600|mis0.2|clo|shi,2,d:rank16,,,,,,0.5069580343552946,0.20591023130237374,0.5069580343552946,0.20591023130237374,0.19337016574585636,543,105,0.3649074575442584,0.30594866480605865,0.35876316745622083,0.312254338808906,0.019876870383149788,0.8174168297455968,0.2678537119851602,0.2647074384462908,,0.02
A,A|n600|mis0.2|clo|shi,2,d:cons,,,,,,0.4699499891280713,0.18226036608650503,0.5388780169602088,0.20346661234038,0.19337016574585636,543,105,0.8066321902434807,0.13730088157266354,0.8221000048226133,0.1270271098229629,-0.11694670875775964,0.8260273972602739,0.507531719152808,0.46858197153400116,,0.42
A,A|n600|mis0.2|clo|shi,2,d:kmmatch,,,,,,0.5368232224396607,0.2057231618831247,,,0.19337016574585636,543,105,,,,,,,,,,0.06
A,A|n600|mis0.2|clo|shi,2,d:random,,,,,,0.532420091324201,0.2192357702760116,,,0.19337016574585636,543,105,,,,,,,,,,0.0
A,A|n600|mis0.4|chi|shi,2,b:default,0.1896825675277134,0.24454169271753004,0.4583333333333333,0.48955223880597015,0.4084507042253521,,,,,,548,213,,,,,,,,,,0.41
A,A|n600|mis0.4|chi|shi,2,b:rank16,0.8733060361641825,0.47444532546319157,1.0,1.0,1.0,,,,,,548,213,,,,,,,,,,0.19
A,A|n600|mis0.4|chi|shi,2,b:robust,0.8771542160637533,0.47444532546319157,1.0,1.0,1.0,,,,,,548,213,,,,,,,,,,0.47
A,A|n600|mis0.4|chi|shi,2,b:alpha05,0.8733060361641825,0.47444532546319157,1.0,1.0,1.0,,,,,,548,213,,,,,,,,,,0.44
A,A|n600|mis0.4|chi|shi,2,b:concat05,0.8694578562646116,0.47444532546319157,1.0,1.0,1.0,,,,,,548,213,,,,,,,,,,0.44
A,A|n600|mis0.4|chi|shi,2,b:text_only,0.8733060361641825,0.47444532546319157,1.0,1.0,1.0,,,,,,548,213,,,,,,,,,,0.14
A,A|n600|mis0.4|chi|shi,2,b:image_only,0.8733060361641825,0.47444532546319157,1.0,1.0,1.0,,,,,,548,213,,,,,,,,,,0.2
A,A|n600|mis0.4|chi|shi,2,b:structure_only,0.8733060361641825,0.4744508510163093,0.9983333333333333,0.9970149253731343,1.0,,,,,,548,213,,,,,,,,,,0.03
A,A|n600|mis0.4|chi|shi,2,b:spectral,0.8771542160637533,0.47444532546319157,1.0,1.0,1.0,,,,,,548,213,,,,,,,,,,0.08
A,A|n600|mis0.4|chi|shi,2,b:kmeans_content,0.8137180621364108,0.4498583828509869,0.98,1.0,1.0,,,,,,548,213,,,,,,,,,,0.08
A,A|n600|mis0.4|chi|shi,2,d:default,,,,,,0.5910167472496671,0.46977046227575836,0.5910167472496671,0.46977046227575836,0.3886861313868613,548,213,0.8411411794897755,0.1121130521865754,0.8051182004359672,0.12897697035784403,0.2981058604324186,0.8003924041763015,0.6445390230664185,0.609651103780805,,0.0
A,A|n600|mis0.4|chi|shi,2,d:rank16,,,,,,0.977843178473828,0.9653548270984966,0.977843178473828,0.9653548270984966,0.3886861313868613,548,213,0.7403395904395007,0.1615444671550205,0.14430751648912438,0.24538540024865746,2.869145262991968,0.15571438581739191,0.5456106183630154,0.1481307194940283,,0.0
A,A|n600|mis0.4|chi|shi,2,d:cons,,,,,,0.5910167472496671,0.46977046227575836,0.6472566743746059,0.528983801801289,0.3886861313868613,548,213,0.8411411794897755,0.1121130521865754,0.8051182004359672,0.12897697035784403,0.2981058604324186,0.8003924041763015,0.557341264427406,0.409815382238587,,0.45
A,A|n600|mis0.4|chi|shi,2,d:kmmatch,,,,,,1.0,1.0,,,0.3886861313868613,548,213,,,,,,,,,,0.03
A,A|n600|mis0.4|chi|shi,2,d:random,,,,,,0.5145960339149324,0.412145534800043,,,0.3886861313868613,548,213,,,,,,,,,,0.0
A,A|n600|mis0.2|clo|slo,2,b:default,0.04034352284744169,0.06819124746421466,0.3433333333333333,0.3333333333333333,0.34285714285714286,,,,,,543,105,,,,,,,,,,0.42
A,A|n600|mis0.2|clo|slo,2,b:rank16,0.020846534736409184,0.07524751872911574,0.2966666666666667,0.2853881278538813,0.3238095238095238,,,,,,543,105,,,,,,,,,,0.2
A,A|n600|mis0.2|clo|slo,2,b:robust,0.04923489958932992,0.08486171269468856,0.41,0.410958904109589,0.4095238095238095,,,,,,543,105,,,,,,,,,,0.5
A,A|n600|mis0.2|clo|slo,2,b:alpha05,0.014542887366430834,0.07540797046246103,0.32,0.2899543378995434,0.38095238095238093,,,,,,543,105,,,,,,,,,,0.42
A,A|n600|mis0.2|clo|slo,2,b:concat05,0.0359416388123166,0.07915747751177721,0.345,0.3333333333333333,0.3904761904761905,,,,,,543,105,,,,,,,,,,0.48
A,A|n600|mis0.2|clo|slo,2,b:text_only,0.023992561161547576,0.07441282960742304,0.29,0.2831050228310502,0.3047619047619048,,,,,,543,105,,,,,,,,,,0.55
A,A|n600|mis0.2|clo|slo,2,b:image_only,0.023232190006633235,0.07426133090334004,0.2916666666666667,0.2808219178082192,0.3238095238095238,,,,,,543,105,,,,,,,,,,0.75
A,A|n600|mis0.2|clo|slo,2,b:structure_only,0.06903353151063674,0.08804114385960468,0.39666666666666667,0.3675799086757991,0.5428571428571428,,,,,,543,105,,,,,,,,,,0.08
A,A|n600|mis0.2|clo|slo,2,b:spectral,0.06205207977534455,0.06520641602237222,0.43666666666666665,0.4383561643835616,0.4,,,,,,543,105,,,,,,,,,,0.08
A,A|n600|mis0.2|clo|slo,2,b:kmeans_content,0.0,0.0007638890615189985,0.20666666666666667,0.19863013698630136,0.22857142857142856,,,,,,543,105,,,,,,,,,,0.09
A,A|n600|mis0.2|clo|slo,2,d:default,,,,,,0.4699499891280713,0.18226036608650503,0.4699499891280713,0.18226036608650503,0.19337016574585636,543,105,0.8066321902434807,0.13730088157266354,0.8221000048226133,0.1270271098229629,-0.11694670875775964,0.8260273972602739,0.6117584132051248,0.6269308003647563,,0.01
A,A|n600|mis0.2|clo|slo,2,d:rank16,,,,,,0.5069580343552946,0.20591023130237374,0.5069580343552946,0.20591023130237374,0.19337016574585636,543,105,0.3649074575442584,0.30594866480605865,0.35876316745622083,0.312254338808906,0.019876870383149788,0.8174168297455968,0.2678537119851602,0.2647074384462908,,0.0
A,A|n600|mis0.2|clo|slo,2,d:cons,,,,,,0.4699499891280713,0.18226036608650503,0.47318982387475533,0.17863334033875283,0.19337016574585636,543,105,0.8066321902434807,0.13730088157266354,0.8221000048226133,0.1270271098229629,-0.11694670875775964,0.8260273972602739,0.4948061466916039,0.5216657880864523,,0.42
A,A|n600|mis0.2|clo|slo,2,d:kmmatch,,,,,,0.5368232224396607,0.2057231618831247,,,0.19337016574585636,543,105,,,,,,,,,,0.05
A,A|n600|mis0.2|clo|slo,2,d:random,,,,,,0.532420091324201,0.2192357702760116,,,0.19337016574585636,543,105,,,,,,,,,,0.0
A,A|n600|mis0.2|chi|slo,2,b:default,0.13006419930709456,0.06884458797732074,0.47333333333333333,0.4863013698630137,0.41904761904761906,,,,,,543,105,,,,,,,,,,0.42
A,A|n600|mis0.2|chi|slo,2,b:rank16,0.12055084677529604,0.07563480643162317,0.4633333333333333,0.4771689497716895,0.4095238095238095,,,,,,543,105,,,,,,,,,,0.2
A,A|n600|mis0.2|chi|slo,2,b:robust,0.6916946345740858,0.08899947242187325,0.9533333333333334,1.0,0.8095238095238095,,,,,,543,105,,,,,,,,,,0.45
A,A|n600|mis0.2|chi|slo,2,b:alpha05,0.16422789447864872,0.0766392268295991,0.485,0.4954337899543379,0.4380952380952381,,,,,,543,105,,,,,,,,,,0.42
A,A|n600|mis0.2|chi|slo,2,b:concat05,0.7184922955395734,0.08984974559219647,0.9633333333333334,1.0,0.8571428571428571,,,,,,543,105,,,,,,,,,,0.42
A,A|n600|mis0.2|chi|slo,2,b:text_only,0.040319436537754605,0.07337811019691383,0.2916666666666667,0.271689497716895,0.3333333333333333,,,,,,543,105,,,,,,,,,,1.01
A,A|n600|mis0.2|chi|slo,2,b:image_only,0.03260605929647853,0.07900525416581927,0.31166666666666665,0.2922374429223744,0.37142857142857144,,,,,,543,105,,,,,,,,,,1.05
A,A|n600|mis0.2|chi|slo,2,b:structure_only,0.06903353151063674,0.08804114385960468,0.39666666666666667,0.3675799086757991,0.5428571428571428,,,,,,543,105,,,,,,,,,,0.08
A,A|n600|mis0.2|chi|slo,2,b:spectral,0.8295254044700695,0.09369113771677788,0.985,1.0,0.9619047619047619,,,,,,543,105,,,,,,,,,,0.06
A,A|n600|mis0.2|chi|slo,2,b:kmeans_content,0.8405991087983328,0.09324685699149629,0.9883333333333333,1.0,1.0,,,,,,543,105,,,,,,,,,,0.11
A,A|n600|mis0.2|chi|slo,2,d:default,,,,,,0.9010002174385736,0.7073724785251768,0.9010002174385736,0.7073724785251768,0.19337016574585636,543,105,0.8976908007573742,0.07720864147628788,0.7005388520919522,0.17180364092783262,1.480261880588405,0.3502283105022831,0.6954749394873214,0.5096173462434999,,0.0
A,A|n600|mis0.2|chi|slo,2,d:rank16,,,,,,0.9831267666884106,0.9471326577580708,0.9831267666884106,0.9471326577580708,0.19337016574585636,543,105,0.7682823843994288,0.1559247558483017,0.1220902966907526,0.22707525179637522,3.317609607202003,0.12563600782778866,0.5723193114176521,0.14130140127899538,,0.0
A,A|n600|mis0.2|chi|slo,2,d:cons,,,,,,0.9010002174385736,0.7073724785251768,0.6489236790606653,0.275574205431963,0.19337016574585636,543,105,0.8976908007573742,0.07720864147628788,0.7005388520919522,0.17180364092783262,1.480261880588405,0.3502283105022831,0.5288505282313097,0.3796520822351081,,0.42
A,A|n600|mis0.2|chi|slo,2,d:kmmatch,,,,,,1.0,1.0,,,0.19337016574585636,543,105,,,,,,,,,,0.03
A,A|n600|mis0.2|chi|slo,2,d:random,,,,,,0.532420091324201,0.2192357702760116,,,0.19337016574585636,543,105,,,,,,,,,,0.0
A,A|n600|mis0.4|clo|shi,2,b:default,0.5243188597252836,0.3264177673955851,0.7916666666666666,0.7880597014925373,0.7699530516431925,,,,,,548,213,,,,,,,,,,0.42
A,A|n600|mis0.4|clo|shi,2,b:rank16,0.8733060361641825,0.4744508510163093,0.9983333333333333,0.9970149253731343,1.0,,,,,,548,213,,,,,,,,,,0.17
A,A|n600|mis0.4|clo|shi,2,b:robust,0.8733060361641825,0.47444532546319157,1.0,1.0,1.0,,,,,,548,213,,,,,,,,,,0.47
A,A|n600|mis0.4|clo|shi,2,b:alpha05,0.4550162725326574,0.333613068114385,0.7316666666666667,0.7283582089552239,0.7417840375586855,,,,,,548,213,,,,,,,,,,0.42
A,A|n600|mis0.4|clo|shi,2,b:concat05,0.6370640332389862,0.3879355409438297,0.87,0.8537313432835821,0.9014084507042254,,,,,,548,213,,,,,,,,,,0.47
A,A|n600|mis0.4|clo|shi,2,b:text_only,0.8733060361641825,0.4744508510163093,0.9983333333333333,0.9970149253731343,1.0,,,,,,548,213,,,,,,,,,,0.14
A,A|n600|mis0.4|clo|shi,2,b:image_only,0.8733060361641825,0.4744508510163093,0.9983333333333333,0.9970149253731343,1.0,,,,,,548,213,,,,,,,,,,0.22
A,A|n600|mis0.4|clo|shi,2,b:structure_only,0.8733060361641825,0.4744508510163093,0.9983333333333333,0.9970149253731343,1.0,,,,,,548,213,,,,,,,,,,0.03
A,A|n600|mis0.4|clo|shi,2,b:spectral,0.8710941213092644,0.47372725937053045,0.9983333333333333,1.0,0.9953051643192489,,,,,,548,213,,,,,,,,,,0.06
A,A|n600|mis0.4|clo|shi,2,b:kmeans_content,0.0,-0.0012370734033625465,0.215,0.24477611940298508,0.1643192488262911,,,,,,548,213,,,,,,,,,,0.08
A,A|n600|mis0.4|clo|shi,2,d:default,,,,,,0.5074907154369,0.3905232892648969,0.5074907154369,0.3905232892648969,0.3886861313868613,548,213,0.81633720903509,0.15350702498978658,0.8200842345394983,0.12787444799243103,-0.02652324215772152,0.9167542568845911,0.6229944622712763,0.6230850608625448,,0.0
A,A|n600|mis0.4|clo|shi,2,d:rank16,,,,,,0.5028799663653563,0.4046442577440331,0.5028799663653563,0.4046442577440331,0.3886861313868613,548,213,0.37346598441424794,0.3230455068779795,0.36529793554552764,0.3339839052944717,0.024860126519219383,0.8339289468152197,0.28048190624285924,0.2791624446499722,,0.0
A,A|n600|mis0.4|clo|shi,2,d:cons,,,,,,0.5074907154369,0.3905232892648969,0.48062504379510895,0.3894574986676299,0.3886861313868613,548,213,0.81633720903509,0.15350702498978658,0.8200842345394983,0.12787444799243103,-0.02652324215772152,0.9167542568845911,0.4924554558105269,0.5118658324106737,,0.44
A,A|n600|mis0.4|clo|shi,2,d:kmmatch,,,,,,0.5227384205731904,0.39987029034401617,,,0.3886861313868613,548,213,,,,,,,,,,0.05
A,A|n600|mis0.4|clo|shi,2,d:random,,,,,,0.5145960339149324,0.412145534800043,,,0.3886861313868613,548,213,,,,,,,,,,0.0
A,A|n600|mis0.4|chi|slo,2,b:default,0.07523480406536787,0.06599088879731722,0.42,0.3940298507462687,0.4647887323943662,,,,,,548,213,,,,,,,,,,0.49
A,A|n600|mis0.4|chi|slo,2,b:rank16,0.11765040135696436,0.08153826472270312,0.42333333333333334,0.43582089552238806,0.4084507042253521,,,,,,548,213,,,,,,,,,,0.28
A,A|n600|mis0.4|chi|slo,2,b:robust,0.5932174258838276,0.08835663496763468,0.9366666666666666,1.0,0.892018779342723,,,,,,548,213,,,,,,,,,,0.47
A,A|n600|mis0.4|chi|slo,2,b:alpha05,0.0750795909955525,0.07459244732938708,0.38166666666666665,0.36716417910447763,0.4084507042253521,,,,,,548,213,,,,,,,,,,0.44
A,A|n600|mis0.4|chi|slo,2,b:concat05,0.08096894526489073,0.06884132162675881,0.3883333333333333,0.4,0.37089201877934275,,,,,,548,213,,,,,,,,,,0.44
A,A|n600|mis0.4|chi|slo,2,b:text_only,0.03319385051591428,0.07361687180497262,0.29833333333333334,0.28059701492537314,0.3192488262910798,,,,,,548,213,,,,,,,,,,0.86
A,A|n600|mis0.4|chi|slo,2,b:image_only,0.025339285335942652,0.074339139476388,0.285,0.2746268656716418,0.29577464788732394,,,,,,548,213,,,,,,,,,,0.84
A,A|n600|mis0.4|chi|slo,2,b:structure_only,0.06903353151063674,0.08804114385960468,0.39666666666666667,0.36716417910447763,0.4225352112676056,,,,,,548,213,,,,,,,,,,0.06
A,A|n600|mis0.4|chi|slo,2,b:spectral,0.8382704280455505,0.09502875014818138,0.9883333333333333,1.0,0.9953051643192489,,,,,,548,213,,,,,,,,,,0.09
A,A|n600|mis0.4|chi|slo,2,b:kmeans_content,0.8137180621364108,0.09135189299859905,0.98,1.0,1.0,,,,,,548,213,,,,,,,,,,0.08
A,A|n600|mis0.4|chi|slo,2,d:default,,,,,,0.5910167472496671,0.46977046227575836,0.5910167472496671,0.46977046227575836,0.3886861313868613,548,213,0.8411411794897755,0.1121130521865754,0.8051182004359672,0.12897697035784403,0.2981058604324186,0.8003924041763015,0.6445390230664185,0.609651103780805,,0.0
A,A|n600|mis0.4|chi|slo,2,d:rank16,,,,,,0.977843178473828,0.9653548270984966,0.977843178473828,0.9653548270984966,0.3886861313868613,548,213,0.7403395904395007,0.1615444671550205,0.14430751648912438,0.24538540024865746,2.869145262991968,0.15571438581739191,0.5456106183630154,0.1481307194940283,,0.02
A,A|n600|mis0.4|chi|slo,2,d:cons,,,,,,0.5910167472496671,0.46977046227575836,0.5155630299208185,0.39366321904076107,0.3886861313868613,548,213,0.8411411794897755,0.1121130521865754,0.8051182004359672,0.12897697035784403,0.2981058604324186,0.8003924041763015,0.5060601926382711,0.4904687111088223,,0.5
A,A|n600|mis0.4|chi|slo,2,d:kmmatch,,,,,,1.0,1.0,,,0.3886861313868613,548,213,,,,,,,,,,0.03
A,A|n600|mis0.4|chi|slo,2,d:random,,,,,,0.5145960339149324,0.412145534800043,,,0.3886861313868613,548,213,,,,,,,,,,0.0
A,A|n600|mis0.4|clo|slo,2,b:default,0.034077973154913455,0.07357364455021145,0.355,0.31343283582089554,0.39906103286384975,,,,,,548,213,,,,,,,,,,0.45
A,A|n600|mis0.4|clo|slo,2,b:rank16,0.023728311009561853,0.08041985949298432,0.33166666666666667,0.29253731343283584,0.37089201877934275,,,,,,548,213,,,,,,,,,,0.22
A,A|n600|mis0.4|clo|slo,2,b:robust,0.0777973538094634,0.08559084322231991,0.46166666666666667,0.4208955223880597,0.5070422535211268,,,,,,548,213,,,,,,,,,,0.61
A,A|n600|mis0.4|clo|slo,2,b:alpha05,0.03701752738362252,0.07262908418356684,0.35,0.3641791044776119,0.3286384976525822,,,,,,548,213,,,,,,,,,,0.48
A,A|n600|mis0.4|clo|slo,2,b:concat05,0.02711469312769843,0.07975694812362372,0.335,0.31343283582089554,0.3755868544600939,,,,,,548,213,,,,,,,,,,0.45
A,A|n600|mis0.4|clo|slo,2,b:text_only,0.02310874648042338,0.07479807690290903,0.28833333333333333,0.26865671641791045,0.30985915492957744,,,,,,548,213,,,,,,,,,,0.5
A,A|n600|mis0.4|clo|slo,2,b:image_only,0.024045658016722538,0.07484352056648708,0.28,0.2626865671641791,0.29577464788732394,,,,,,548,213,,,,,,,,,,0.64
A,A|n600|mis0.4|clo|slo,2,b:structure_only,0.06903353151063674,0.08804114385960468,0.39666666666666667,0.36716417910447763,0.4225352112676056,,,,,,548,213,,,,,,,,,,0.08
A,A|n600|mis0.4|clo|slo,2,b:spectral,0.03968920790733654,0.06116663346018538,0.4166666666666667,0.42388059701492536,0.4131455399061033,,,,,,548,213,,,,,,,,,,0.12
A,A|n600|mis0.4|clo|slo,2,b:kmeans_content,0.0,-0.004508238651326553,0.215,0.24477611940298508,0.1643192488262911,,,,,,548,213,,,,,,,,,,0.11
A,A|n600|mis0.4|clo|slo,2,d:default,,,,,,0.5074907154369,0.3905232892648969,0.5074907154369,0.3905232892648969,0.3886861313868613,548,213,0.81633720903509,0.15350702498978658,0.8200842345394983,0.12787444799243103,-0.02652324215772152,0.9167542568845911,0.6229944622712763,0.6230850608625448,,0.02
A,A|n600|mis0.4|clo|slo,2,d:rank16,,,,,,0.5028799663653563,0.4046442577440331,0.5028799663653563,0.4046442577440331,0.3886861313868613,548,213,0.37346598441424794,0.3230455068779795,0.36529793554552764,0.3339839052944717,0.024860126519219383,0.8339289468152197,0.28048190624285924,0.2791624446499722,,0.0
A,A|n600|mis0.4|clo|slo,2,d:cons,,,,,,0.5074907154369,0.3905232892648969,0.5000910938266414,0.3929129080878283,0.3886861313868613,548,213,0.81633720903509,0.15350702498978658,0.8200842345394983,0.12787444799243103,-0.02652324215772152,0.9167542568845911,0.5000354716363339,0.49994421127618854,,0.42
A,A|n600|mis0.4|clo|slo,2,d:kmmatch,,,,,,0.5227384205731904,0.39987029034401617,,,0.3886861313868613,548,213,,,,,,,,,,0.05
A,A|n600|mis0.4|clo|slo,2,d:random,,,,,,0.5145960339149324,0.412145534800043,,,0.3886861313868613,548,213,,,,,,,,,,0.0
B,B|crisismmd|q0.0,2,b:default,0.6076187149920035,0.5122659845460196,0.9,0.9,nan,,,,,,800,0,,,,,,,,,,0.8
B,B|crisismmd|q0.0,2,b:rank16,0.7542355468927854,0.38121511295911387,0.7,0.7,nan,,,,,,800,0,,,,,,,,,,0.31
B,B|crisismmd|q0.0,2,b:robust,0.7145339312602103,0.45844401470468077,0.84875,0.84875,nan,,,,,,800,0,,,,,,,,,,0.91
B,B|crisismmd|q0.0,2,b:alpha05,0.6966519946884879,0.4516950257675813,0.83125,0.83125,nan,,,,,,800,0,,,,,,,,,,0.89
B,B|crisismmd|q0.0,2,b:concat05,0.6664467730708745,0.3044163577252602,0.60375,0.60375,nan,,,,,,800,0,,,,,,,,,,1.03
B,B|crisismmd|q0.0,2,b:text_only,0.552623314405471,0.5160488807760552,0.8975,0.8975,nan,,,,,,800,0,,,,,,,,,,0.42
B,B|crisismmd|q0.0,2,b:image_only,0.654215808641101,0.42876777531353544,0.71,0.71,nan,,,,,,800,0,,,,,,,,,,0.62
B,B|crisismmd|q0.0,2,b:structure_only,0.6195965477507328,0.4746867678666017,0.83375,0.83375,nan,,,,,,800,0,,,,,,,,,,0.03
B,B|crisismmd|q0.0,2,b:spectral,0.8788156780705653,0.5166905339443814,0.96875,0.96875,nan,,,,,,800,0,,,,,,,,,,0.11
B,B|crisismmd|q0.0,2,b:kmeans_content,0.4209784745470222,0.21987580201939383,0.64,0.64,nan,,,,,,800,0,,,,,,,,,,0.3
B,B|crisismmd|q0.0,2,d:default,,,,,,nan,nan,nan,nan,0.0,800,0,0.843696904904821,0.14822094352488904,,,,,0.6442624042375646,,,0.0
B,B|crisismmd|q0.0,2,d:rank16,,,,,,nan,nan,nan,nan,0.0,800,0,0.6117406833781571,0.2834311913275083,,,,,0.44842451836266245,,,0.0
B,B|crisismmd|q0.0,2,d:cons,,,,,,nan,nan,nan,nan,0.0,800,0,0.843696904904821,0.14822094352488904,,,,,0.499375,,,0.89
B,B|crisismmd|q0.0,2,d:kmmatch,,,,,,nan,nan,,,0.0,800,0,,,,,,,,,,0.11
B,B|crisismmd|q0.0,2,d:random,,,,,,nan,nan,,,0.0,800,0,,,,,,,,,,0.0
B,B|crisismmd|q0.1,2,b:default,0.6345340977131617,0.5279187949990296,0.8475,0.8496551724137931,0.8266666666666667,,,,,,800,75,,,,,,,,,,1.0
B,B|crisismmd|q0.1,2,b:rank16,0.6992051032804556,0.4355614251854454,0.8075,0.8082758620689655,0.8,,,,,,800,75,,,,,,,,,,0.36
B,B|crisismmd|q0.1,2,b:robust,0.669152860357064,0.5200230555015976,0.93,0.9351724137931035,0.88,,,,,,800,75,,,,,,,,,,0.97
B,B|crisismmd|q0.1,2,b:alpha05,0.5591739423970724,0.5225589598600069,0.9075,0.9117241379310345,0.8666666666666667,,,,,,800,75,,,,,,,,,,0.91
B,B|crisismmd|q0.1,2,b:concat05,0.6623805767278219,0.30184545676547475,0.60625,0.6041379310344828,0.6266666666666667,,,,,,800,75,,,,,,,,,,1.0
B,B|crisismmd|q0.1,2,b:text_only,0.552623314405471,0.5160488807760552,0.8975,0.8951724137931034,0.92,,,,,,800,75,,,,,,,,,,0.44
B,B|crisismmd|q0.1,2,b:image_only,0.6669463728681101,0.4769042931019126,0.80875,0.8068965517241379,0.8266666666666667,,,,,,800,75,,,,,,,,,,0.94
B,B|crisismmd|q0.1,2,b:structure_only,0.6195965477507328,0.4746867678666017,0.83375,0.8303448275862069,0.8666666666666667,,,,,,800,75,,,,,,,,,,0.06
B,B|crisismmd|q0.1,2,b:spectral,0.8667719118216006,0.5177108114312414,0.96875,0.9682758620689655,0.9733333333333334,,,,,,800,75,,,,,,,,,,0.09
B,B|crisismmd|q0.1,2,b:kmeans_content,0.41121423019664793,0.19772640489599314,0.59125,0.5917241379310345,0.5866666666666667,,,,,,800,75,,,,,,,,,,0.31
B,B|crisismmd|q0.1,2,d:default,,,,,,0.6258206896551725,0.136281385774365,0.6258206896551725,0.136281385774365,0.09375,800,75,0.8322104514093572,0.16059461759648472,0.7788511732467612,0.16488269098059702,0.32785479347186586,0.7218390804597702,0.6335229920476466,0.5828946636567878,,0.0
B,B|crisismmd|q0.1,2,d:rank16,,,,,,0.7556597701149426,0.2658298373157962,0.7556597701149426,0.2658298373157962,0.09375,800,75,0.594124321437636,0.28516384069568024,0.28322545483323464,0.36642242506947204,0.9469478569972953,0.5535632183908046,0.4318522604163152,0.24652836386453056,,0.0
B,B|crisismmd|q0.1,2,d:cons,,,,,,0.6258206896551725,0.136281385774365,0.5641931034482759,0.11332679574245623,0.09375,800,75,0.8322104514093572,0.16059461759648472,0.7788511732467612,0.16488269098059702,0.32785479347186586,0.7218390804597702,0.5054083484573503,0.4410526315789473,,0.88
B,B|crisismmd|q0.1,2,d:kmmatch,,,,,,0.596551724137931,0.11447368421052631,,,0.09375,800,75,,,,,,,,,,0.11
B,B|crisismmd|q0.1,2,d:random,,,,,,0.49405057471264374,0.09748632135575411,,,0.09375,800,75,,,,,,,,,,0.0
B,B|crisismmd|q0.2,2,b:default,0.5992240649117093,0.52479428671383,0.8425,0.8426791277258567,0.8417721518987342,,,,,,800,158,,,,,,,,,,0.83
B,B|crisismmd|q0.2,2,b:rank16,0.6540062300046379,0.5149672703332869,0.9175,0.9190031152647975,0.9113924050632911,,,,,,800,158,,,,,,,,,,0.31
B,B|crisismmd|q0.2,2,b:robust,0.6602410396669163,0.5212254491938252,0.9325,0.9361370716510904,0.9177215189873418,,,,,,800,158,,,,,,,,,,0.95
B,B|crisismmd|q0.2,2,b:alpha05,0.604948884235811,0.49626561370337213,0.8675,0.8644859813084113,0.879746835443038,,,,,,800,158,,,,,,,,,,0.81
B,B|crisismmd|q0.2,2,b:concat05,0.7005974260891972,0.479786628252545,0.88125,0.8785046728971962,0.8924050632911392,,,,,,800,158,,,,,,,,,,0.91
B,B|crisismmd|q0.2,2,b:text_only,0.552623314405471,0.5160488807760552,0.8975,0.8925233644859814,0.9177215189873418,,,,,,800,158,,,,,,,,,,0.47
B,B|crisismmd|q0.2,2,b:image_only,0.666551994831988,0.4769042931019126,0.80875,0.8052959501557633,0.8227848101265823,,,,,,800,158,,,,,,,,,,0.89
B,B|crisismmd|q0.2,2,b:structure_only,0.6195965477507328,0.4746867678666017,0.83375,0.8271028037383178,0.8607594936708861,,,,,,800,158,,,,,,,,,,0.05
B,B|crisismmd|q0.2,2,b:spectral,0.8571055700046191,0.5187946810688385,0.96625,0.9672897196261683,0.9620253164556962,,,,,,800,158,,,,,,,,,,0.11
B,B|crisismmd|q0.2,2,b:kmeans_content,0.4207153994614511,0.22341219499144035,0.63875,0.6464174454828661,0.6075949367088608,,,,,,800,158,,,,,,,,,,0.28
B,B|crisismmd|q0.2,2,d:default,,,,,,0.5842205922946488,0.2307356992585207,0.5842205922946488,0.2307356992585207,0.1975,800,158,0.8265683757470188,0.1646735288366075,0.7995918188702869,0.15577242905647382,0.16830392159640992,0.7629244055364959,0.6275756073080943,0.604500265745524,,0.02
B,B|crisismmd|q0.2,2,d:rank16,,,,,,0.7390768563429158,0.39855542859887333,0.7390768563429158,0.39855542859887333,0.1975,800,158,0.5801180241720015,0.2958253038880626,0.29958138914048965,0.35821164181886045,0.8539854988511669,0.6181434599156117,0.4232175976747872,0.2521744409133449,,0.0
B,B|crisismmd|q0.2,2,d:cons,,,,,,0.5842205922946488,0.2307356992585207,0.5401632556488821,0.2161980929837666,0.1975,800,158,0.8265683757470188,0.1646735288366075,0.7995918188702869,0.15577242905647382,0.16830392159640992,0.7629244055364959,0.5073275088031606,0.46706164144538553,,0.83
B,B|crisismmd|q0.2,2,d:kmmatch,,,,,,0.6401277652904294,0.2568850448015929,,,0.1975,800,158,,,,,,,,,,0.12
B,B|crisismmd|q0.2,2,d:random,,,,,,0.47627075200126184,0.18379560728052913,,,0.1975,800,158,,,,,,,,,,0.0
B,B|fakeddit_real_lcc|q0.0,2,b:default,0.09889430041556457,0.539708464837765,0.40033783783783783,0.40102389078498296,nan,,,,,,586,0,,,,,,,,,,0.49
B,B|fakeddit_real_lcc|q0.0,2,b:rank16,0.18717669035217765,0.7102318350156002,0.3902027027027027,0.3873720136518771,nan,,,,,,586,0,,,,,,,,,,0.23
B,B|fakeddit_real_lcc|q0.0,2,b:robust,0.2239812771615206,0.7473169621370658,0.46959459459459457,0.46928327645051193,nan,,,,,,586,0,,,,,,,,,,0.66
B,B|fakeddit_real_lcc|q0.0,2,b:alpha05,0.21582105485342218,0.7185457996870349,0.4510135135135135,0.45051194539249145,nan,,,,,,586,0,,,,,,,,,,0.56
B,B|fakeddit_real_lcc|q0.0,2,b:concat05,0.12299671904150844,0.6519569306393138,0.3766891891891892,0.37542662116040953,nan,,,,,,586,0,,,,,,,,,,0.62
B,B|fakeddit_real_lcc|q0.0,2,b:text_only,0.2105948863430167,0.7683001310039427,0.3935810810810811,0.39078498293515357,nan,,,,,,586,0,,,,,,,,,,0.14
B,B|fakeddit_real_lcc|q0.0,2,b:image_only,0.19579158079504544,0.7418782528359886,0.3935810810810811,0.39078498293515357,nan,,,,,,586,0,,,,,,,,,,0.16
B,B|fakeddit_real_lcc|q0.0,2,b:structure_only,0.21121958670315366,0.7683001310039427,0.3935810810810811,0.39078498293515357,nan,,,,,,586,0,,,,,,,,,,0.05
B,B|fakeddit_real_lcc|q0.0,2,b:spectral,0.5227766958073978,0.6186289805504904,0.7280405405405406,0.7286689419795221,nan,,,,,,586,0,,,,,,,,,,0.08
B,B|fakeddit_real_lcc|q0.0,2,b:kmeans_content,0.25830026244473203,0.3863484160604629,0.5641891891891891,0.5648464163822525,nan,,,,,,586,0,,,,,,,,,,0.14
B,B|fakeddit_real_lcc|q0.0,2,d:default,,,,,,nan,nan,nan,nan,0.0,586,0,0.7966719736863547,0.21476655098133526,,,,,0.6079263980495211,,,0.0
B,B|fakeddit_real_lcc|q0.0,2,d:rank16,,,,,,nan,nan,nan,nan,0.0,586,0,0.5134389618284267,0.3113263240704472,,,,,0.37616374307662465,,,0.0
B,B|fakeddit_real_lcc|q0.0,2,d:cons,,,,,,nan,nan,nan,nan,0.0,586,0,0.7966719736863547,0.21476655098133526,,,,,0.5,,,0.52
B,B|fakeddit_real_lcc|q0.0,2,d:kmmatch,,,,,,nan,nan,,,0.0,586,0,,,,,,,,,,0.08
B,B|fakeddit_real_lcc|q0.0,2,d:random,,,,,,nan,nan,,,0.0,586,0,,,,,,,,,,0.0
B,B|crisismmd|q0.4,2,b:default,0.38330252531875764,0.48203496639510446,0.745,0.7448979591836735,0.7451612903225806,,,,,,800,310,,,,,,,,,,0.84
B,B|crisismmd|q0.4,2,b:rank16,0.664020290154525,0.45130349475266435,0.82,0.8142857142857143,0.8290322580645161,,,,,,800,310,,,,,,,,,,0.34
B,B|crisismmd|q0.4,2,b:robust,0.5563740239077672,0.5206535382066034,0.90375,0.9,0.9096774193548387,,,,,,800,310,,,,,,,,,,0.92
B,B|crisismmd|q0.4,2,b:alpha05,0.5387712533493783,0.49566550461773146,0.82,0.8346938775510204,0.7967741935483871,,,,,,800,310,,,,,,,,,,0.81
B,B|crisismmd|q0.4,2,b:concat05,0.6700581041848566,0.5189663589573581,0.91375,0.9163265306122449,0.9096774193548387,,,,,,800,310,,,,,,,,,,1.06
B,B|crisismmd|q0.4,2,b:text_only,0.552623314405471,0.5160488807760552,0.8975,0.8979591836734694,0.896774193548387,,,,,,800,310,,,,,,,,,,0.42
B,B|crisismmd|q0.4,2,b:image_only,0.5478769812935558,0.5158942514411048,0.89375,0.8938775510204081,0.8935483870967742,,,,,,800,310,,,,,,,,,,0.66
B,B|crisismmd|q0.4,2,b:structure_only,0.6195965477507328,0.4746867678666017,0.83375,0.8326530612244898,0.8354838709677419,,,,,,800,310,,,,,,,,,,0.05
B,B|crisismmd|q0.4,2,b:spectral,0.8681481588886574,0.5212384604825615,0.97,0.9734693877551021,0.964516129032258,,,,,,800,310,,,,,,,,,,0.11
B,B|crisismmd|q0.4,2,b:kmeans_content,0.4310057810170933,0.21293494886960976,0.64125,0.6183673469387755,0.6774193548387096,,,,,,800,310,,,,,,,,,,0.22
B,B|crisismmd|q0.4,2,d:default,,,,,,0.565009874917709,0.4397016358319403,0.565009874917709,0.4397016358319403,0.3875,800,310,0.8184493723667013,0.1636911335705953,0.7864910367022823,0.19283504086219402,0.1786802527217285,0.8215931533903884,0.6218724612898537,0.5973623395482824,,0.0
B,B|crisismmd|q0.4,2,d:rank16,,,,,,0.698400263331139,0.5523252025602788,0.698400263331139,0.5523252025602788,0.3875,800,310,0.5392290281441029,0.3019317784854451,0.3327705153460252,0.3178084816149988,0.66605579865548,0.6674786043449639,0.39288656517835047,0.25389925497977806,,0.0
B,B|crisismmd|q0.4,2,d:cons,,,,,,0.565009874917709,0.4397016358319403,0.5137919684002634,0.39059664713036996,0.3875,800,310,0.8184493723667013,0.1636911335705953,0.7864910367022823,0.19283504086219402,0.1786802527217285,0.8215931533903884,0.5047337732085315,0.4909046810574825,,0.8
B,B|crisismmd|q0.4,2,d:kmmatch,,,,,,0.5626398946675444,0.4202414704788223,,,0.3875,800,310,,,,,,,,,,0.09
B,B|crisismmd|q0.4,2,d:random,,,,,,0.47604344963791967,0.36437524669425775,,,0.3875,800,310,,,,,,,,,,0.0
B,B|fakeddit_real_lcc|q0.1,2,b:default,0.13268083954382215,0.6529381922262755,0.3969594594594595,0.39697542533081287,0.38596491228070173,,,,,,586,57,,,,,,,,,,0.51
B,B|fakeddit_real_lcc|q0.1,2,b:rank16,0.19187749498396411,0.7175062808308655,0.3918918918918919,0.391304347826087,0.3684210526315789,,,,,,586,57,,,,,,,,,,0.25
B,B|fakeddit_real_lcc|q0.1,2,b:robust,0.21778211386757063,0.7454129235948539,0.47128378378378377,0.46880907372400754,0.49122807017543857,,,,,,586,57,,,,,,,,,,0.52
B,B|fakeddit_real_lcc|q0.1,2,b:alpha05,0.1631838962873453,0.6475714810513582,0.4172297297297297,0.42344045368620037,0.3508771929824561,,,,,,586,57,,,,,,,,,,0.53
B,B|fakeddit_real_lcc|q0.1,2,b:concat05,0.17548031843141187,0.6502216650325132,0.3952702702702703,0.389413988657845,0.42105263157894735,,,,,,586,57,,,,,,,,,,0.56
B,B|fakeddit_real_lcc|q0.1,2,b:text_only,0.2105948863430167,0.7683001310039427,0.3935810810810811,0.3931947069943289,0.3684210526315789,,,,,,586,57,,,,,,,,,,0.14
B,B|fakeddit_real_lcc|q0.1,2,b:image_only,0.1971259357607652,0.7415397625363049,0.3935810810810811,0.3931947069943289,0.3684210526315789,,,,,,586,57,,,,,,,,,,0.16
B,B|fakeddit_real_lcc|q0.1,2,b:structure_only,0.21121958670315366,0.7683001310039427,0.3935810810810811,0.3931947069943289,0.3684210526315789,,,,,,586,57,,,,,,,,,,0.05
B,B|fakeddit_real_lcc|q0.1,2,b:spectral,0.5185222550251729,0.6179226410391115,0.7280405405405406,0.7334593572778828,0.6842105263157895,,,,,,586,57,,,,,,,,,,0.11
B,B|fakeddit_real_lcc|q0.1,2,b:kmeans_content,0.18045838061089414,0.3027702686938587,0.49155405405405406,0.5122873345935728,0.3157894736842105,,,,,,586,57,,,,,,,,,,0.12
B,B|fakeddit_real_lcc|q0.1,2,d:default,,,,,,0.60915995091699,0.13101216092417256,0.60915995091699,0.13101216092417256,0.09726962457337884,586,57,0.7927177212006719,0.21930198693278735,0.7463972665825448,0.22971637135262307,0.20626328446015313,0.6795675388850198,0.6050330754058063,0.5677731990057603,,0.0
B,B|fakeddit_real_lcc|q0.1,2,d:rank16,,,,,,0.7180711703644745,0.20428303345626,0.7180711703644745,0.20428303345626,0.09726962457337884,586,57,0.507849292345748,0.29983436518916945,0.26462797141179295,0.32018983168828086,0.784131825943166,0.5929094949092959,0.3654504994103275,0.22378386698916056,,0.02
B,B|fakeddit_real_lcc|q0.1,2,d:cons,,,,,,0.60915995091699,0.13101216092417256,0.6537326302523796,0.14881108253844633,0.09726962457337884,586,57,0.7927177212006719,0.21930198693278735,0.7463972665825448,0.22971637135262307,0.20626328446015313,0.6795675388850198,0.5149790767938215,0.3609836557204978,,0.5
B,B|fakeddit_real_lcc|q0.1,2,d:kmmatch,,,,,,0.5826783404636354,0.11491760470966754,,,0.09726962457337884,586,57,,,,,,,,,,0.08
B,B|fakeddit_real_lcc|q0.1,2,d:random,,,,,,0.5388850197326966,0.11464748138341328,,,0.09726962457337884,586,57,,,,,,,,,,0.0
B,B|fakeddit_real_lcc|q0.2,2,b:default,0.13269861334220812,0.6513992395668681,0.40033783783783783,0.4136460554371002,0.3418803418803419,,,,,,586,117,,,,,,,,,,0.52
B,B|fakeddit_real_lcc|q0.2,2,b:rank16,0.18865210376497366,0.7366730040175187,0.3918918918918919,0.3880597014925373,0.39316239316239315,,,,,,586,117,,,,,,,,,,0.22
B,B|fakeddit_real_lcc|q0.2,2,b:robust,0.20738228497345568,0.7443786690551156,0.47128378378378377,0.4669509594882729,0.48717948717948717,,,,,,586,117,,,,,,,,,,0.55
B,B|fakeddit_real_lcc|q0.2,2,b:alpha05,0.15932261495873212,0.711567035892879,0.38344594594594594,0.3773987206823028,0.39316239316239315,,,,,,586,117,,,,,,,,,,0.53
B,B|fakeddit_real_lcc|q0.2,2,b:concat05,0.1308903014030044,0.5946876214676888,0.49324324324324326,0.5010660980810234,0.46153846153846156,,,,,,586,117,,,,,,,,,,0.56
B,B|fakeddit_real_lcc|q0.2,2,b:text_only,0.2105948863430167,0.7683001310039427,0.3935810810810811,0.39019189765458423,0.39316239316239315,,,,,,586,117,,,,,,,,,,0.12
B,B|fakeddit_real_lcc|q0.2,2,b:image_only,0.19888523097722277,0.7385243177781119,0.3935810810810811,0.39019189765458423,0.39316239316239315,,,,,,586,117,,,,,,,,,,0.16
B,B|fakeddit_real_lcc|q0.2,2,b:structure_only,0.21121958670315366,0.7683001310039427,0.3935810810810811,0.39019189765458423,0.39316239316239315,,,,,,586,117,,,,,,,,,,0.06
B,B|fakeddit_real_lcc|q0.2,2,b:spectral,0.5185222550251729,0.6179226410391115,0.7280405405405406,0.7334754797441365,0.7094017094017094,,,,,,586,117,,,,,,,,,,0.06
B,B|fakeddit_real_lcc|q0.2,2,b:kmeans_content,0.16868366043975835,0.274332023247268,0.4966216216216216,0.5394456289978679,0.3247863247863248,,,,,,586,117,,,,,,,,,,0.17
B,B|fakeddit_real_lcc|q0.2,2,d:default,,,,,,0.5756929637526652,0.22539973530573948,0.5756929637526652,0.22539973530573948,0.19965870307167236,586,117,0.7800411562166661,0.2470485058814428,0.7692078831759482,0.20137794648451773,0.04806817881418032,0.7490751371348386,0.599562665336703,0.58160070019256,,0.0
B,B|fakeddit_real_lcc|q0.2,2,d:rank16,,,,,,0.6664479798808156,0.3025707343648612,0.6664479798808156,0.3025707343648612,0.19965870307167236,586,117,0.4759929541040533,0.33287452611818424,0.2908804135135475,0.3350641389731001,0.5542770785097793,0.6659377107138301,0.355015890254737,0.23825782780466528,,0.0
B,B|fakeddit_real_lcc|q0.2,2,d:cons,,,,,,0.5756929637526652,0.22539973530573948,0.5855156452171377,0.2266935963857533,0.19965870307167236,586,117,0.7800411562166661,0.2470485058814428,0.7692078831759482,0.20137794648451773,0.04806817881418032,0.7490751371348386,0.5171031290434275,0.4314413032361751,,0.5
B,B|fakeddit_real_lcc|q0.2,2,d:kmmatch,,,,,,0.5552093014779581,0.21953712910178777,,,0.19965870307167236,586,117,,,,,,,,,,0.08
B,B|fakeddit_real_lcc|q0.2,2,d:random,,,,,,0.5064057004355512,0.20164480047140676,,,0.19965870307167236,586,117,,,,,,,,,,0.0
B,B|fakeddit_real_lcc|q0.4,2,b:default,0.09254536376721967,0.4625207603827623,0.43074324324324326,0.449438202247191,0.40869565217391307,,,,,,586,230,,,,,,,,,,0.5
B,B|fakeddit_real_lcc|q0.4,2,b:rank16,0.1666529272137527,0.7456811530510981,0.3935810810810811,0.37640449438202245,0.41304347826086957,,,,,,586,230,,,,,,,,,,0.25
B,B|fakeddit_real_lcc|q0.4,2,b:robust,0.19557244727602752,0.7236651462877749,0.46114864864864863,0.449438202247191,0.4782608695652174,,,,,,586,230,,,,,,,,,,0.53
B,B|fakeddit_real_lcc|q0.4,2,b:alpha05,0.15855619196341086,0.7144424661574702,0.3918918918918919,0.37640449438202245,0.40869565217391307,,,,,,586,230,,,,,,,,,,0.48
B,B|fakeddit_real_lcc|q0.4,2,b:concat05,0.14723986230188002,0.5833026481400506,0.48986486486486486,0.5028089887640449,0.46956521739130436,,,,,,586,230,,,,,,,,,,0.58
B,B|fakeddit_real_lcc|q0.4,2,b:text_only,0.2105948863430167,0.7683001310039427,0.3935810810810811,0.37640449438202245,0.41304347826086957,,,,,,586,230,,,,,,,,,,0.11
B,B|fakeddit_real_lcc|q0.4,2,b:image_only,0.21018071799331817,0.760762119578662,0.3935810810810811,0.37640449438202245,0.41304347826086957,,,,,,586,230,,,,,,,,,,0.16
B,B|fakeddit_real_lcc|q0.4,2,b:structure_only,0.21121958670315366,0.7683001310039427,0.3935810810810811,0.37640449438202245,0.41304347826086957,,,,,,586,230,,,,,,,,,,0.05
B,B|fakeddit_real_lcc|q0.4,2,b:spectral,0.5112127146760734,0.6853386082366952,0.6570945945945946,0.6601123595505618,0.6521739130434783,,,,,,586,230,,,,,,,,,,0.06
B,B|fakeddit_real_lcc|q0.4,2,b:kmeans_content,0.06812757409922432,0.1652275261463673,0.40709459459459457,0.4887640449438202,0.2826086956521739,,,,,,586,230,,,,,,,,,,0.16
B,B|fakeddit_real_lcc|q0.4,2,d:default,,,,,,0.5573644357596482,0.42737691394776095,0.5573644357596482,0.42737691394776095,0.3924914675767918,586,230,0.7816053967367522,0.22280256455733444,0.7635627436606998,0.21028534658019926,0.0832861941021184,0.8170249145090376,0.5961483358101597,0.5763722185075023,,0.01
B,B|fakeddit_real_lcc|q0.4,2,d:rank16,,,,,,0.5878236443575965,0.4576904325562442,0.5878236443575965,0.4576904325562442,0.3924914675767918,586,230,0.44634094132083396,0.31433569899553754,0.35823002060344644,0.3150597149007561,0.27998571478188145,0.7610893991206644,0.3255777339281664,0.26991605830786053,,0.0
B,B|fakeddit_real_lcc|q0.4,2,d:cons,,,,,,0.5573644357596482,0.42737691394776095,0.5609550561797753,0.42480484511260486,0.3924914675767918,586,230,0.7816053967367522,0.22280256455733444,0.7635627436606998,0.21028534658019926,0.0832861941021184,0.8170249145090376,0.5239652357629886,0.46290598290598295,,0.56
B,B|fakeddit_real_lcc|q0.4,2,d:kmmatch,,,,,,0.6055935515388373,0.4519919740382072,,,0.3924914675767918,586,230,,,,,,,,,,0.08
B,B|fakeddit_real_lcc|q0.4,2,d:random,,,,,,0.48926477772349786,0.38810227657487195,,,0.3924914675767918,586,230,,,,,,,,,,0.0
B,B|fakeddit|q0.0,2,b:default,0.23679795396036396,0.29091205824468236,0.54,0.5389326334208224,nan,,,,,,1143,0,,,,,,,,,,1.91
B,B|fakeddit|q0.0,2,b:rank16,0.7331160104821596,0.3501363435918779,0.75,0.7436570428696413,nan,,,,,,1143,0,,,,,,,,,,0.55
B,B|fakeddit|q0.0,2,b:robust,0.7222374555616707,0.3442786428518003,0.7541666666666667,0.7480314960629921,nan,,,,,,1143,0,,,,,,,,,,2.38
B,B|fakeddit|q0.0,2,b:alpha05,0.3771011818147707,0.2891269618998251,0.5716666666666667,0.5678040244969379,nan,,,,,,1143,0,,,,,,,,,,2.16
B,B|fakeddit|q0.0,2,b:concat05,0.3368267581165879,0.29168102052085837,0.4766666666666667,0.47069116360454943,nan,,,,,,1143,0,,,,,,,,,,2.36
B,B|fakeddit|q0.0,2,b:text_only,0.785803317656607,0.3764638948486347,0.8208333333333333,0.8162729658792651,nan,,,,,,1143,0,,,,,,,,,,1.66
B,B|fakeddit|q0.0,2,b:image_only,0.7720185176980454,0.2992461304921437,0.6775,0.6719160104986877,nan,,,,,,1143,0,,,,,,,,,,6.45
B,B|fakeddit|q0.0,2,b:structure_only,0.8175660382680203,0.37338005725352347,0.8208333333333333,0.8162729658792651,nan,,,,,,1143,0,,,,,,,,,,0.11
B,B|fakeddit|q0.0,2,b:spectral,0.5489359502033544,0.3624479068724976,0.8058333333333333,0.8101487314085739,nan,,,,,,1143,0,,,,,,,,,,0.33
B,B|fakeddit|q0.0,2,b:kmeans_content,0.08074720016748604,0.13111921789289857,0.4241666666666667,0.4356955380577428,nan,,,,,,1143,0,,,,,,,,,,0.67
B,B|fakeddit|q0.0,2,d:default,,,,,,nan,nan,nan,nan,0.0,1143,0,0.8493474204425676,0.12508759366712888,,,,,0.6509940800543826,,,0.0
B,B|fakeddit|q0.0,2,d:rank16,,,,,,nan,nan,nan,nan,0.0,1143,0,0.5758404479657764,0.283810563067179,,,,,0.416742042157518,,,0.0
B,B|fakeddit|q0.0,2,d:cons,,,,,,nan,nan,nan,nan,0.0,1143,0,0.8493474204425676,0.12508759366712888,,,,,0.5,,,2.2
B,B|fakeddit|q0.0,2,d:kmmatch,,,,,,nan,nan,,,0.0,1143,0,,,,,,,,,,0.26
B,B|fakeddit|q0.0,2,d:random,,,,,,nan,nan,,,0.0,1143,0,,,,,,,,,,0.0
B,B|fakeddit|q0.1,2,b:default,0.35672412716571866,0.3213368514458222,0.4841666666666667,0.48588120740019475,0.4224137931034483,,,,,,1143,116,,,,,,,,,,2.58
B,B|fakeddit|q0.1,2,b:rank16,0.5621001529015011,0.3465341459772781,0.6941666666666667,0.6796494644595911,0.7241379310344828,,,,,,1143,116,,,,,,,,,,0.56
B,B|fakeddit|q0.1,2,b:robust,0.7016462309909408,0.28975252631390586,0.6925,0.6738072054527751,0.7413793103448276,,,,,,1143,116,,,,,,,,,,2.72
B,B|fakeddit|q0.1,2,b:alpha05,0.33890383792989365,0.2969351793439349,0.5766666666666667,0.5774099318403116,0.47413793103448276,,,,,,1143,116,,,,,,,,,,2.45
B,B|fakeddit|q0.1,2,b:concat05,0.4290090557942614,0.35663270948807974,0.6041666666666666,0.6095423563777994,0.47413793103448276,,,,,,1143,116,,,,,,,,,,2.59
B,B|fakeddit|q0.1,2,b:text_only,0.785803317656607,0.3764638948486347,0.8208333333333333,0.8140214216163584,0.8362068965517241,,,,,,1143,116,,,,,,,,,,1.94
B,B|fakeddit|q0.1,2,b:image_only,0.7852430481574443,0.37632425552668325,0.8225,0.815968841285297,0.8362068965517241,,,,,,1143,116,,,,,,,,,,2.61
B,B|fakeddit|q0.1,2,b:structure_only,0.8175660382680203,0.37338005725352347,0.8208333333333333,0.815968841285297,0.8189655172413793,,,,,,1143,116,,,,,,,,,,0.12
B,B|fakeddit|q0.1,2,b:spectral,0.6622747357659364,0.39828662551965566,0.8883333333333333,0.8880233690360273,0.8879310344827587,,,,,,1143,116,,,,,,,,,,0.27
B,B|fakeddit|q0.1,2,b:kmeans_content,0.09171114143872083,0.10244640447570529,0.4075,0.4488802336903603,0.1896551724137931,,,,,,1143,116,,,,,,,,,,0.59
B,B|fakeddit|q0.1,2,d:default,,,,,,0.5806584293053085,0.12770858821009234,0.5806584293053085,0.12770858821009234,0.10148731408573929,1143,116,0.8322769708127382,0.15627716182915652,0.7994615539249914,0.1657995402295576,0.2036849218118967,0.8113521136218649,0.6355457297341398,0.6061564131478232,,0.01
B,B|fakeddit|q0.1,2,d:rank16,,,,,,0.7236678642178423,0.24494343946748526,0.7236678642178423,0.24494343946748526,0.10148731408573929,1143,116,0.568914515265997,0.28182883513105744,0.3189933844991147,0.3322914503916961,0.8111819502011351,0.5710640298156666,0.41159516631545295,0.2508385375792555,,0.02
B,B|fakeddit|q0.1,2,d:cons,,,,,,0.5806584293053085,0.12770858821009234,0.6448897021790955,0.17973053750065152,0.10148731408573929,1143,116,0.8322769708127382,0.15627716182915652,0.7994615539249914,0.1657995402295576,0.2036849218118967,0.8113521136218649,0.5147173427782619,0.36970076695452625,,2.45
B,B|fakeddit|q0.1,2,d:kmmatch,,,,,,0.552546754860155,0.11230482454198205,,,0.10148731408573929,1143,116,,,,,,,,,,0.2
B,B|fakeddit|q0.1,2,d:random,,,,,,0.5046922741161065,0.11210182745652596,,,0.10148731408573929,1143,116,,,,,,,,,,0.0
B,B|fakeddit|q0.4,2,b:default,0.2692120380271996,0.3809258425951036,0.5083333333333333,0.5147679324894515,0.5,,,,,,1143,432,,,,,,,,,,2.45
B,B|fakeddit|q0.4,2,b:rank16,0.6831591944854274,0.3413653537935178,0.7191666666666666,0.7060478199718706,0.7175925925925926,,,,,,1143,432,,,,,,,,,,0.61
B,B|fakeddit|q0.4,2,b:robust,0.6401326142528263,0.3329017616156616,0.7391666666666666,0.6638537271448663,0.8425925925925926,,,,,,1143,432,,,,,,,,,,2.73
B,B|fakeddit|q0.4,2,b:alpha05,0.41831115192524293,0.33337671686689674,0.45,0.4781997187060478,0.3958333333333333,,,,,,1143,432,,,,,,,,,,2.59
B,B|fakeddit|q0.4,2,b:concat05,0.3341835723752655,0.3478180855868133,0.6366666666666667,0.6511954992967651,0.5972222222222222,,,,,,1143,432,,,,,,,,,,2.67
B,B|fakeddit|q0.4,2,b:text_only,0.785803317656607,0.3764638948486347,0.8208333333333333,0.8157524613220816,0.8171296296296297,,,,,,1143,432,,,,,,,,,,2.27
B,B|fakeddit|q0.4,2,b:image_only,0.7852400753490894,0.37493533479460706,0.8191666666666667,0.8143459915611815,0.8148148148148148,,,,,,1143,432,,,,,,,,,,1.62
B,B|fakeddit|q0.4,2,b:structure_only,0.8175660382680203,0.37338005725352347,0.8208333333333333,0.8157524613220816,0.8171296296296297,,,,,,1143,432,,,,,,,,,,0.09
B,B|fakeddit|q0.4,2,b:spectral,0.638995915290686,0.40111995959938834,0.8925,0.9085794655414908,0.8634259259259259,,,,,,1143,432,,,,,,,,,,0.3
B,B|fakeddit|q0.4,2,b:kmeans_content,0.0060849263647497764,0.03824975526011038,0.3025,0.4149085794655415,0.13194444444444445,,,,,,1143,432,,,,,,,,,,0.64
B,B|fakeddit|q0.4,2,d:default,,,,,,0.5380039849976559,0.41417714302797215,0.5380039849976559,0.41417714302797215,0.3779527559055118,1143,432,0.825809377229325,0.16560423959619228,0.8032843937208064,0.1858013163995465,0.12798813593049402,0.8771683075480543,0.6326176005901015,0.6125763547433442,,0.0
B,B|fakeddit|q0.4,2,d:rank16,,,,,,0.6549460853258322,0.5139998618259527,0.6549460853258322,0.5139998618259527,0.3779527559055118,1143,432,0.5254315371388097,0.2887265276968497,0.36233127082826894,0.3143084989655264,0.5404452375907453,0.729957805907173,0.3759288752251371,0.27173097582088207,,0.0
B,B|fakeddit|q0.4,2,d:cons,,,,,,0.5380039849976559,0.41417714302797215,0.5499622336823462,0.4158230162670524,0.3779527559055118,1143,432,0.825809377229325,0.16560423959619228,0.8032843937208064,0.1858013163995465,0.12798813593049402,0.8771683075480543,0.5188998992563691,0.46889391580722584,,2.45
B,B|fakeddit|q0.4,2,d:kmmatch,,,,,,0.5880655180496952,0.42509827599444605,,,0.3779527559055118,1143,432,,,,,,,,,,0.23
B,B|fakeddit|q0.4,2,d:random,,,,,,0.526110850653748,0.4123138433153435,,,0.3779527559055118,1143,432,,,,,,,,,,0.0
A,A|n300|mis0.0|chi|shi,3,b:default,0.8920500337026759,0.48758201268964596,1.0,1.0,nan,,,,,,274,0,,,,,,,,,,0.14
A,A|n300|mis0.0|chi|shi,3,b:rank16,0.8920500337026759,0.48758201268964596,1.0,1.0,nan,,,,,,274,0,,,,,,,,,,0.11
A,A|n300|mis0.0|chi|shi,3,b:robust,0.9006097376833687,0.48758201268964596,1.0,1.0,nan,,,,,,274,0,,,,,,,,,,0.17
A,A|n300|mis0.0|chi|shi,3,b:alpha05,0.8834403840124028,0.48758201268964596,1.0,1.0,nan,,,,,,274,0,,,,,,,,,,0.14
A,A|n300|mis0.0|chi|shi,3,b:concat05,0.9006097376833687,0.48758201268964596,1.0,1.0,nan,,,,,,274,0,,,,,,,,,,0.12
A,A|n300|mis0.0|chi|shi,3,b:text_only,0.8920000879930956,0.48758201268964596,1.0,1.0,nan,,,,,,274,0,,,,,,,,,,0.05
A,A|n300|mis0.0|chi|shi,3,b:image_only,0.8834403840124028,0.48758201268964596,1.0,1.0,nan,,,,,,274,0,,,,,,,,,,0.06
A,A|n300|mis0.0|chi|shi,3,b:structure_only,0.8708372180366803,0.48758201268964596,1.0,1.0,nan,,,,,,274,0,,,,,,,,,,0.01
A,A|n300|mis0.0|chi|shi,3,b:spectral,0.9006097376833687,0.48758201268964596,1.0,1.0,nan,,,,,,274,0,,,,,,,,,,0.02
A,A|n300|mis0.0|chi|shi,3,b:kmeans_content,0.9006097376833687,0.48758201268964596,1.0,1.0,nan,,,,,,274,0,,,,,,,,,,0.03
A,A|n300|mis0.0|chi|shi,3,d:default,,,,,,nan,nan,nan,nan,0.0,274,0,0.883327985434241,0.08406640459079709,,,,,0.6829475612427912,,,0.0
A,A|n300|mis0.0|chi|shi,3,d:rank16,,,,,,nan,nan,nan,nan,0.0,274,0,0.5984098570705775,0.21919479009095275,,,,,0.4149235820895496,,,0.0
A,A|n300|mis0.0|chi|shi,3,d:cons,,,,,,nan,nan,nan,nan,0.0,274,0,0.883327985434241,0.08406640459079709,,,,,0.5,,,0.14
A,A|n300|mis0.0|chi|shi,3,d:kmmatch,,,,,,nan,nan,,,0.0,274,0,,,,,,,,,,0.0
A,A|n300|mis0.0|chi|shi,3,d:random,,,,,,nan,nan,,,0.0,274,0,,,,,,,,,,0.02
B,B|fakeddit|q0.2,2,b:default,0.2531523640639344,0.27291295098078183,0.45416666666666666,0.46405228758169936,0.4,,,,,,1143,225,,,,,,,,,,2.69
B,B|fakeddit|q0.2,2,b:rank16,0.6705707441102813,0.34980144173905076,0.6825,0.6971677559912854,0.5866666666666667,,,,,,1143,225,,,,,,,,,,0.55
B,B|fakeddit|q0.2,2,b:robust,0.6474416106963415,0.3392061011477556,0.7658333333333334,0.7440087145969498,0.8222222222222222,,,,,,1143,225,,,,,,,,,,2.98
B,B|fakeddit|q0.2,2,b:alpha05,0.3413230092152355,0.31975559219969396,0.6733333333333333,0.6884531590413944,0.5866666666666667,,,,,,1143,225,,,,,,,,,,2.67
B,B|fakeddit|q0.2,2,b:concat05,0.3613911884359886,0.3428979240187667,0.6191666666666666,0.6383442265795207,0.5066666666666667,,,,,,1143,225,,,,,,,,,,2.97
B,B|fakeddit|q0.2,2,b:text_only,0.785803317656607,0.3764638948486347,0.8208333333333333,0.8169934640522876,0.8133333333333334,,,,,,1143,225,,,,,,,,,,2.28
B,B|fakeddit|q0.2,2,b:image_only,0.7852400753490894,0.37619462092896194,0.8191666666666667,0.8159041394335512,0.8088888888888889,,,,,,1143,225,,,,,,,,,,1.53
B,B|fakeddit|q0.2,2,b:structure_only,0.8175660382680203,0.37338005725352347,0.8208333333333333,0.8169934640522876,0.8133333333333334,,,,,,1143,225,,,,,,,,,,0.12
B,B|fakeddit|q0.2,2,b:spectral,0.6675705174268208,0.40213665107868407,0.8991666666666667,0.906318082788671,0.8755555555555555,,,,,,1143,225,,,,,,,,,,0.28
B,B|fakeddit|q0.2,2,b:kmeans_content,0.024706179749828694,0.0720157950929532,0.35333333333333333,0.4128540305010893,0.1511111111111111,,,,,,1143,225,,,,,,,,,,0.61
B,B|fakeddit|q0.2,2,d:default,,,,,,0.5896393125151295,0.2368762497663044,0.5896393125151295,0.2368762497663044,0.1968503937007874,1143,225,0.8326802460296773,0.15167994827569906,0.8023998868903386,0.15064375068282151,0.20031629268810716,0.7949891067538126,0.6361128859631653,0.6084086280632184,,0.0
B,B|fakeddit|q0.2,2,d:rank16,,,,,,0.7201355603969983,0.3760611026454504,0.7201355603969983,0.3760611026454504,0.1968503937007874,1143,225,0.5612693737842368,0.2812393896528902,0.32288699123545606,0.32602798669660393,0.7829719185680096,0.648322440087146,0.4048483768839798,0.2488228501011279,,0.01
B,B|fakeddit|q0.2,2,d:cons,,,,,,0.5896393125151295,0.2368762497663044,0.6005858145727427,0.24682395170221957,0.1968503937007874,1143,225,0.8326802460296773,0.15167994827569906,0.8023998868903386,0.15064375068282151,0.20031629268810716,0.7949891067538126,0.5198176955156455,0.41914380229616655,,2.53
B,B|fakeddit|q0.2,2,d:kmmatch,,,,,,0.5772113289760349,0.22529373001832279,,,0.1968503937007874,1143,225,,,,,,,,,,0.2
B,B|fakeddit|q0.2,2,d:random,,,,,,0.5301137739046236,0.21965024212445317,,,0.1968503937007874,1143,225,,,,,,,,,,0.0
A,A|n300|mis0.0|clo|shi,3,b:default,0.6926346776466269,0.48758201268964596,1.0,1.0,nan,,,,,,274,0,,,,,,,,,,0.14
A,A|n300|mis0.0|clo|shi,3,b:rank16,0.8624528864630893,0.48758201268964596,1.0,1.0,nan,,,,,,274,0,,,,,,,,,,0.09
A,A|n300|mis0.0|clo|shi,3,b:robust,0.6399137045296152,0.48758201268964596,1.0,1.0,nan,,,,,,274,0,,,,,,,,,,0.16
A,A|n300|mis0.0|clo|shi,3,b:alpha05,0.7706768678023108,0.48758201268964596,1.0,1.0,nan,,,,,,274,0,,,,,,,,,,0.14
A,A|n300|mis0.0|clo|shi,3,b:concat05,0.7520410799386259,0.48758201268964596,1.0,1.0,nan,,,,,,274,0,,,,,,,,,,0.14
A,A|n300|mis0.0|clo|shi,3,b:text_only,0.8557977996561328,0.48758201268964596,1.0,1.0,nan,,,,,,274,0,,,,,,,,,,0.06
A,A|n300|mis0.0|clo|shi,3,b:image_only,0.8622775140559874,0.48758201268964596,1.0,1.0,nan,,,,,,274,0,,,,,,,,,,0.08
A,A|n300|mis0.0|clo|shi,3,b:structure_only,0.8708372180366803,0.48758201268964596,1.0,1.0,nan,,,,,,274,0,,,,,,,,,,0.01
A,A|n300|mis0.0|clo|shi,3,b:spectral,0.8753326065340262,0.48407530953706207,0.9933333333333333,0.9963503649635036,nan,,,,,,274,0,,,,,,,,,,0.03
A,A|n300|mis0.0|clo|shi,3,b:kmeans_content,0.0,0.004616703773688578,0.29,0.29927007299270075,nan,,,,,,274,0,,,,,,,,,,0.03
A,A|n300|mis0.0|clo|shi,3,d:default,,,,,,nan,nan,nan,nan,0.0,274,0,0.7913586957372727,0.1503131240966795,,,,,0.5983922856192931,,,0.0
A,A|n300|mis0.0|clo|shi,3,d:rank16,,,,,,nan,nan,nan,nan,0.0,274,0,0.3370475920054048,0.32868342612031326,,,,,0.26127147810359647,,,0.0
A,A|n300|mis0.0|clo|shi,3,d:cons,,,,,,nan,nan,nan,nan,0.0,274,0,0.7913586957372727,0.1503131240966795,,,,,0.5,,,0.17
A,A|n300|mis0.0|clo|shi,3,d:kmmatch,,,,,,nan,nan,,,0.0,274,0,,,,,,,,,,0.01
A,A|n300|mis0.0|clo|shi,3,d:random,,,,,,nan,nan,,,0.0,274,0,,,,,,,,,,0.0
A,A|n300|mis0.1|chi|shi,3,b:default,0.8836556306571655,0.48758201268964596,1.0,1.0,1.0,,,,,,270,25,,,,,,,,,,0.12
A,A|n300|mis0.1|chi|shi,3,b:rank16,0.8836556306571655,0.48758201268964596,1.0,1.0,1.0,,,,,,270,25,,,,,,,,,,0.09
A,A|n300|mis0.1|chi|shi,3,b:robust,0.8920000879930956,0.48758201268964596,1.0,1.0,1.0,,,,,,270,25,,,,,,,,,,0.16
A,A|n300|mis0.1|chi|shi,3,b:alpha05,0.8836556306571655,0.48758201268964596,1.0,1.0,1.0,,,,,,270,25,,,,,,,,,,0.16
A,A|n300|mis0.1|chi|shi,3,b:concat05,0.9006097376833687,0.48758201268964596,1.0,1.0,1.0,,,,,,270,25,,,,,,,,,,0.17
A,A|n300|mis0.1|chi|shi,3,b:text_only,0.8920000879930956,0.48758201268964596,1.0,1.0,1.0,,,,,,270,25,,,,,,,,,,0.05
A,A|n300|mis0.1|chi|shi,3,b:image_only,0.8771328634851144,0.48758201268964596,1.0,1.0,1.0,,,,,,270,25,,,,,,,,,,0.08
A,A|n300|mis0.1|chi|shi,3,b:structure_only,0.8708372180366803,0.48758201268964596,1.0,1.0,1.0,,,,,,270,25,,,,,,,,,,0.01
A,A|n300|mis0.1|chi|shi,3,b:spectral,0.8878017427650793,0.48487319013685803,0.9966666666666667,1.0,0.96,,,,,,270,25,,,,,,,,,,0.02
A,A|n300|mis0.1|chi|shi,3,b:kmeans_content,0.7903219358124681,0.44217224486334505,0.9666666666666667,1.0,0.6,,,,,,270,25,,,,,,,,,,0.03
A,A|n300|mis0.1|chi|shi,3,d:default,,,,,,0.8915918367346939,0.525176563502891,0.8915918367346939,0.525176563502891,0.09259259259259259,270,25,0.868536525646163,0.09346889778039992,0.6640932704921059,0.15531475539808906,1.5949971062938506,0.19918367346938776,0.6692641666239807,0.46890053182772606,,0.02
A,A|n300|mis0.1|chi|shi,3,d:rank16,,,,,,0.9088979591836736,0.6234364780417105,0.9088979591836736,0.6234364780417105,0.09259259259259259,270,25,0.5900551062460984,0.23588834031318945,0.05856150156731534,0.2890477184081732,2.0146799804887467,0.2106122448979592,0.4146201610285534,0.14972190117506,,0.0
A,A|n300|mis0.1|chi|shi,3,d:cons,,,,,,0.8915918367346939,0.525176563502891,0.8685714285714285,0.5132138773347058,0.09259259259259259,270,25,0.868536525646163,0.09346889778039992,0.6640932704921059,0.15531475539808906,1.5949971062938506,0.19918367346938776,0.5342538502389804,0.1643122676579926,,0.16
A,A|n300|mis0.1|chi|shi,3,d:kmmatch,,,,,,1.0,1.0,,,0.09259259259259259,270,25,,,,,,,,,,0.0
A,A|n300|mis0.1|chi|shi,3,d:random,,,,,,0.4945306122448979,0.10049051173732973,,,0.09259259259259259,270,25,,,,,,,,,,0.02
A,A|n300|mis0.0|chi|slo,3,b:default,0.0,0.09664255560302704,0.4533333333333333,0.45985401459854014,nan,,,,,,274,0,,,,,,,,,,0.16
A,A|n300|mis0.0|chi|slo,3,b:rank16,0.16944430211792194,0.11942762968755175,0.5833333333333334,0.583941605839416,nan,,,,,,274,0,,,,,,,,,,0.09
A,A|n300|mis0.0|chi|slo,3,b:robust,0.7759714988509073,0.11295381957459613,0.9966666666666667,1.0,nan,,,,,,274,0,,,,,,,,,,0.14
A,A|n300|mis0.0|chi|slo,3,b:alpha05,0.1681678804113177,0.11927971166566521,0.6133333333333333,0.6131386861313869,nan,,,,,,274,0,,,,,,,,,,0.14
A,A|n300|mis0.0|chi|slo,3,b:concat05,0.8511803414461577,0.11320120767289052,1.0,1.0,nan,,,,,,274,0,,,,,,,,,,0.17
A,A|n300|mis0.0|chi|slo,3,b:text_only,0.12156545457252954,0.12232353506035258,0.5033333333333333,0.5036496350364964,nan,,,,,,274,0,,,,,,,,,,0.16
A,A|n300|mis0.0|chi|slo,3,b:image_only,0.11771501357380099,0.12220799851613297,0.49666666666666665,0.4927007299270073,nan,,,,,,274,0,,,,,,,,,,0.58
A,A|n300|mis0.0|chi|slo,3,b:structure_only,0.08382630230491639,0.12185687962068507,0.45,0.45255474452554745,nan,,,,,,274,0,,,,,,,,,,0.02
A,A|n300|mis0.0|chi|slo,3,b:spectral,0.9006097376833687,0.11320120767289052,1.0,1.0,nan,,,,,,274,0,,,,,,,,,,0.03
A,A|n300|mis0.0|chi|slo,3,b:kmeans_content,0.9006097376833687,0.11320120767289052,1.0,1.0,nan,,,,,,274,0,,,,,,,,,,0.03
A,A|n300|mis0.0|chi|slo,3,d:default,,,,,,nan,nan,nan,nan,0.0,274,0,0.883327985434241,0.08406640459079709,,,,,0.6829475612427912,,,0.0
A,A|n300|mis0.0|chi|slo,3,d:rank16,,,,,,nan,nan,nan,nan,0.0,274,0,0.5984098570705775,0.21919479009095275,,,,,0.4149235820895496,,,0.0
A,A|n300|mis0.0|chi|slo,3,d:cons,,,,,,nan,nan,nan,nan,0.0,274,0,0.883327985434241,0.08406640459079709,,,,,0.5,,,0.12
A,A|n300|mis0.0|chi|slo,3,d:kmmatch,,,,,,nan,nan,,,0.0,274,0,,,,,,,,,,0.01
A,A|n300|mis0.0|chi|slo,3,d:random,,,,,,nan,nan,,,0.0,274,0,,,,,,,,,,0.0
A,A|n300|mis0.0|clo|slo,3,b:default,0.0,0.10651231992729504,0.39,0.3978102189781022,nan,,,,,,274,0,,,,,,,,,,0.14
A,A|n300|mis0.0|clo|slo,3,b:rank16,0.08512825296955595,0.12200547225668967,0.44666666666666666,0.4489051094890511,nan,,,,,,274,0,,,,,,,,,,0.12
A,A|n300|mis0.0|clo|slo,3,b:robust,0.0840756697690972,0.12094858272272767,0.48,0.48175182481751827,nan,,,,,,274,0,,,,,,,,,,0.17
A,A|n300|mis0.0|clo|slo,3,b:alpha05,0.0,0.109158103239323,0.4,0.39416058394160586,nan,,,,,,274,0,,,,,,,,,,0.16
A,A|n300|mis0.0|clo|slo,3,b:concat05,0.0,0.10117328177293133,0.4166666666666667,0.41605839416058393,nan,,,,,,274,0,,,,,,,,,,0.17
A,A|n300|mis0.0|clo|slo,3,b:text_only,0.07783151020996038,0.12265491261634562,0.4533333333333333,0.4562043795620438,nan,,,,,,274,0,,,,,,,,,,0.45
A,A|n300|mis0.0|clo|slo,3,b:image_only,0.07955870927240083,0.12091046702505717,0.44,0.44525547445255476,nan,,,,,,274,0,,,,,,,,,,0.24
A,A|n300|mis0.0|clo|slo,3,b:structure_only,0.08382630230491639,0.12185687962068507,0.45,0.45255474452554745,nan,,,,,,274,0,,,,,,,,,,0.03
A,A|n300|mis0.0|clo|slo,3,b:spectral,0.06341190287519805,0.039836567273638275,0.43,0.4306569343065693,nan,,,,,,274,0,,,,,,,,,,0.02
A,A|n300|mis0.0|clo|slo,3,b:kmeans_content,0.0,-0.006835740587295636,0.29,0.29927007299270075,nan,,,,,,274,0,,,,,,,,,,0.03
A,A|n300|mis0.0|clo|slo,3,d:default,,,,,,nan,nan,nan,nan,0.0,274,0,0.7913586957372727,0.1503131240966795,,,,,0.5983922856192931,,,0.0
A,A|n300|mis0.0|clo|slo,3,d:rank16,,,,,,nan,nan,nan,nan,0.0,274,0,0.3370475920054048,0.32868342612031326,,,,,0.26127147810359647,,,0.0
A,A|n300|mis0.0|clo|slo,3,d:cons,,,,,,nan,nan,nan,nan,0.0,274,0,0.7913586957372727,0.1503131240966795,,,,,0.5,,,0.12
A,A|n300|mis0.0|clo|slo,3,d:kmmatch,,,,,,nan,nan,,,0.0,274,0,,,,,,,,,,0.03
A,A|n300|mis0.0|clo|slo,3,d:random,,,,,,nan,nan,,,0.0,274,0,,,,,,,,,,0.0
A,A|n300|mis0.1|clo|shi,3,b:default,0.7354503265730931,0.48758201268964596,1.0,1.0,1.0,,,,,,270,25,,,,,,,,,,0.12
A,A|n300|mis0.1|clo|shi,3,b:rank16,0.8622775140559874,0.48758201268964596,1.0,1.0,1.0,,,,,,270,25,,,,,,,,,,0.11
A,A|n300|mis0.1|clo|shi,3,b:robust,0.7097144460155165,0.48758201268964596,1.0,1.0,1.0,,,,,,270,25,,,,,,,,,,0.14
A,A|n300|mis0.1|clo|shi,3,b:alpha05,0.7984794183989974,0.48758201268964596,1.0,1.0,1.0,,,,,,270,25,,,,,,,,,,0.12
A,A|n300|mis0.1|clo|shi,3,b:concat05,0.7588525477518149,0.48758201268964596,1.0,1.0,1.0,,,,,,270,25,,,,,,,,,,0.14
A,A|n300|mis0.1|clo|shi,3,b:text_only,0.8557977996561328,0.48758201268964596,1.0,1.0,1.0,,,,,,270,25,,,,,,,,,,0.05
A,A|n300|mis0.1|clo|shi,3,b:image_only,0.8557977996561328,0.48758201268964596,1.0,1.0,1.0,,,,,,270,25,,,,,,,,,,0.06
A,A|n300|mis0.1|clo|shi,3,b:structure_only,0.8708372180366803,0.48758201268964596,1.0,1.0,1.0,,,,,,270,25,,,,,,,,,,0.02
A,A|n300|mis0.1|clo|shi,3,b:spectral,0.8525867333138868,0.4751941101361892,0.9866666666666667,0.9918367346938776,1.0,,,,,,270,25,,,,,,,,,,0.03
A,A|n300|mis0.1|clo|shi,3,b:kmeans_content,0.0,-0.008940995654656232,0.30333333333333334,0.2938775510204082,0.4,,,,,,270,25,,,,,,,,,,0.03
A,A|n300|mis0.1|clo|shi,3,d:default,,,,,,0.5684897959183673,0.11309755334551932,0.5684897959183673,0.11309755334551932,0.09259259259259259,270,25,0.7669890485916393,0.18539710578581498,0.7509462101309475,0.15225485710923142,0.09457140786394301,0.6587755102040818,0.5770214606084897,0.559703115318314,,0.0
A,A|n300|mis0.1|clo|shi,3,d:rank16,,,,,,0.49567346938775514,0.10129969939686939,0.49567346938775514,0.10129969939686939,0.09259259259259259,270,25,0.31116015417047327,0.3317096963125197,0.3151104483409093,0.34637581006153334,-0.011648591457921418,0.5526530612244898,0.24651263468931023,0.2563518215327289,,0.02
A,A|n300|mis0.1|clo|shi,3,d:cons,,,,,,0.5684897959183673,0.11309755334551932,0.5720816326530612,0.12171947945628017,0.09259259259259259,270,25,0.7669890485916393,0.18539710578581498,0.7509462101309475,0.15225485710923142,0.09457140786394301,0.6587755102040818,0.5066990364919202,0.43434944237918216,,0.12
A,A|n300|mis0.1|clo|shi,3,d:kmmatch,,,,,,0.4791836734693878,0.08928961748633879,,,0.09259259259259259,270,25,,,,,,,,,,0.03
A,A|n300|mis0.1|clo|shi,3,d:random,,,,,,0.4945306122448979,0.10049051173732973,,,0.09259259259259259,270,25,,,,,,,,,,0.0
A,A|n300|mis0.1|clo|slo,3,b:default,0.0,0.11166942530581944,0.44,0.42857142857142855,0.4,,,,,,270,25,,,,,,,,,,0.14
A,A|n300|mis0.1|clo|slo,3,b:rank16,0.08256504172040435,0.12513372893415334,0.4533333333333333,0.4530612244897959,0.44,,,,,,270,25,,,,,,,,,,0.09
A,A|n300|mis0.1|clo|slo,3,b:robust,0.08432499613419098,0.1202426700601887,0.46,0.45714285714285713,0.44,,,,,,270,25,,,,,,,,,,0.17
A,A|n300|mis0.1|clo|slo,3,b:alpha05,0.0,0.09369404808202055,0.42,0.42857142857142855,0.4,,,,,,270,25,,,,,,,,,,0.14
A,A|n300|mis0.1|clo|slo,3,b:concat05,0.0,0.1021202269586524,0.4166666666666667,0.4163265306122449,0.36,,,,,,270,25,,,,,,,,,,0.17
A,A|n300|mis0.1|clo|slo,3,b:text_only,0.08034752102402964,0.12178423433197169,0.44666666666666666,0.4448979591836735,0.44,,,,,,270,25,,,,,,,,,,0.14
A,A|n300|mis0.1|clo|slo,3,b:image_only,0.07747464886020461,0.12311166188027947,0.45,0.4448979591836735,0.44,,,,,,270,25,,,,,,,,,,0.2
A,A|n300|mis0.1|clo|slo,3,b:structure_only,0.08382630230491639,0.12185687962068507,0.45,0.4489795918367347,0.44,,,,,,270,25,,,,,,,,,,0.03
A,A|n300|mis0.1|clo|slo,3,b:spectral,0.0,0.03643542918541869,0.37666666666666665,0.3673469387755102,0.4,,,,,,270,25,,,,,,,,,,0.03
A,A|n300|mis0.1|clo|slo,3,b:kmeans_content,0.0,-0.007589817147263554,0.30333333333333334,0.2938775510204082,0.4,,,,,,270,25,,,,,,,,,,0.05
A,A|n300|mis0.1|clo|slo,3,d:default,,,,,,0.5684897959183673,0.11309755334551932,0.5684897959183673,0.11309755334551932,0.09259259259259259,270,25,0.7669890485916393,0.18539710578581498,0.7509462101309475,0.15225485710923142,0.09457140786394301,0.6587755102040818,0.5770214606084897,0.559703115318314,,0.0
A,A|n300|mis0.1|clo|slo,3,d:rank16,,,,,,0.49567346938775514,0.10129969939686939,0.49567346938775514,0.10129969939686939,0.09259259259259259,270,25,0.31116015417047327,0.3317096963125197,0.3151104483409093,0.34637581006153334,-0.011648591457921418,0.5526530612244898,0.24651263468931023,0.2563518215327289,,0.0
A,A|n300|mis0.1|clo|slo,3,d:cons,,,,,,0.5684897959183673,0.11309755334551932,0.5964081632653062,0.12044430753718469,0.09259259259259259,270,25,0.7669890485916393,0.18539710578581498,0.7509462101309475,0.15225485710923142,0.09457140786394301,0.6587755102040818,0.5089598664744709,0.4121933085501859,,0.16
A,A|n300|mis0.1|clo|slo,3,d:kmmatch,,,,,,0.4791836734693878,0.08928961748633879,,,0.09259259259259259,270,25,,,,,,,,,,0.03
A,A|n300|mis0.1|clo|slo,3,d:random,,,,,,0.4945306122448979,0.10049051173732973,,,0.09259259259259259,270,25,,,,,,,,,,0.0
A,A|n300|mis0.2|chi|shi,3,b:default,0.8454607666150484,0.48758201268964596,1.0,1.0,1.0,,,,,,269,51,,,,,,,,,,0.14
A,A|n300|mis0.2|chi|shi,3,b:rank16,0.8854773208210447,0.48758201268964596,1.0,1.0,1.0,,,,,,269,51,,,,,,,,,,0.09
A,A|n300|mis0.2|chi|shi,3,b:robust,0.8688002812280384,0.48758201268964596,1.0,1.0,1.0,,,,,,269,51,,,,,,,,,,0.16
A,A|n300|mis0.2|chi|shi,3,b:alpha05,0.8769176168403519,0.48758201268964596,1.0,1.0,1.0,,,,,,269,51,,,,,,,,,,0.14
A,A|n300|mis0.2|chi|shi,3,b:concat05,0.8836556306571655,0.48758201268964596,1.0,1.0,1.0,,,,,,269,51,,,,,,,,,,0.16
A,A|n300|mis0.2|chi|shi,3,b:text_only,0.8920000879930956,0.48758201268964596,1.0,1.0,1.0,,,,,,269,51,,,,,,,,,,0.05
A,A|n300|mis0.2|chi|shi,3,b:image_only,0.8854773208210447,0.48758201268964596,1.0,1.0,1.0,,,,,,269,51,,,,,,,,,,0.09
A,A|n300|mis0.2|chi|shi,3,b:structure_only,0.8708372180366803,0.48758201268964596,1.0,1.0,1.0,,,,,,269,51,,,,,,,,,,0.02
A,A|n300|mis0.2|chi|shi,3,b:spectral,0.9006097376833687,0.48758201268964596,1.0,1.0,1.0,,,,,,269,51,,,,,,,,,,0.03
A,A|n300|mis0.2|chi|shi,3,b:kmeans_content,0.5784021089072116,0.3409988497619497,0.88,1.0,0.3137254901960784,,,,,,269,51,,,,,,,,,,0.03
A,A|n300|mis0.2|chi|shi,3,d:default,,,,,,0.7001259219284044,0.3584718281484458,0.7001259219284044,0.3584718281484458,0.1895910780669145,269,51,0.8522290806562625,0.10250220199280922,0.7742335895846025,0.12684824409783643,0.6763425508341712,0.5734844396474186,0.6542389270267343,0.5782983458978092,,0.02
A,A|n300|mis0.2|chi|shi,3,d:rank16,,,,,,0.886580320201475,0.6754034164035968,0.886580320201475,0.6754034164035968,0.1895910780669145,269,51,0.598575766792916,0.23346900707081117,0.1752910341114995,0.24209240523133513,1.7798549208610808,0.2861126101816874,0.4220269299652635,0.15745961040454476,,0.0
A,A|n300|mis0.2|chi|shi,3,d:cons,,,,,,0.7001259219284044,0.3584718281484458,0.850512682137075,0.5534453089875415,0.1895910780669145,269,51,0.8522290806562625,0.10250220199280922,0.7742335895846025,0.12684824409783643,0.6763425508341712,0.5734844396474186,0.5667020402574285,0.21488147497805096,,0.16
A,A|n300|mis0.2|chi|shi,3,d:kmmatch,,,,,,1.0,1.0,,,0.1895910780669145,269,51,,,,,,,,,,0.0
A,A|n300|mis0.2|chi|shi,3,d:random,,,,,,0.5885051268213708,0.23432423263799795,,,0.1895910780669145,269,51,,,,,,,,,,0.02
A,A|n300|mis0.1|chi|slo,3,b:default,0.0,0.09653353441094766,0.49333333333333335,0.5102040816326531,0.44,,,,,,270,25,,,,,,,,,,0.16
A,A|n300|mis0.1|chi|slo,3,b:rank16,0.15451758316151676,0.1195768969376744,0.5633333333333334,0.5714285714285714,0.52,,,,,,270,25,,,,,,,,,,0.09
A,A|n300|mis0.1|chi|slo,3,b:robust,0.6727620596555274,0.10912936112729296,0.9733333333333334,1.0,0.8,,,,,,270,25,,,,,,,,,,0.17
A,A|n300|mis0.1|chi|slo,3,b:alpha05,0.14689071135118192,0.11753814206088008,0.58,0.6,0.52,,,,,,270,25,,,,,,,,,,0.14
A,A|n300|mis0.1|chi|slo,3,b:concat05,0.6926384923747912,0.10870579222616586,0.98,1.0,0.76,,,,,,270,25,,,,,,,,,,0.16
A,A|n300|mis0.1|chi|slo,3,b:text_only,0.12055663435209751,0.12323737089527932,0.51,0.49795918367346936,0.52,,,,,,270,25,,,,,,,,,,0.25
A,A|n300|mis0.1|chi|slo,3,b:image_only,0.1286915256094927,0.12411522139290843,0.51,0.5224489795918368,0.4,,,,,,270,25,,,,,,,,,,0.66
A,A|n300|mis0.1|chi|slo,3,b:structure_only,0.08382630230491639,0.12185687962068507,0.45,0.4489795918367347,0.44,,,,,,270,25,,,,,,,,,,0.03
A,A|n300|mis0.1|chi|slo,3,b:spectral,0.8194308560380872,0.10931523506982205,0.9766666666666667,1.0,0.72,,,,,,270,25,,,,,,,,,,0.02
A,A|n300|mis0.1|chi|slo,3,b:kmeans_content,0.7903219358124681,0.10355076394900498,0.9666666666666667,1.0,0.6,,,,,,270,25,,,,,,,,,,0.03
A,A|n300|mis0.1|chi|slo,3,d:default,,,,,,0.8915918367346939,0.525176563502891,0.8915918367346939,0.525176563502891,0.09259259259259259,270,25,0.868536525646163,0.09346889778039992,0.6640932704921059,0.15531475539808906,1.5949971062938506,0.19918367346938776,0.6692641666239807,0.46890053182772606,,0.0
A,A|n300|mis0.1|chi|slo,3,d:rank16,,,,,,0.9088979591836736,0.6234364780417105,0.9088979591836736,0.6234364780417105,0.09259259259259259,270,25,0.5900551062460984,0.23588834031318945,0.05856150156731534,0.2890477184081732,2.0146799804887467,0.2106122448979592,0.4146201610285534,0.14972190117506,,0.0
A,A|n300|mis0.1|chi|slo,3,d:cons,,,,,,0.8915918367346939,0.525176563502891,0.7392653061224489,0.21294170780706392,0.09259259259259259,270,25,0.868536525646163,0.09346889778039992,0.6640932704921059,0.15531475539808906,1.5949971062938506,0.19918367346938776,0.5222365526136105,0.2820817843866171,,0.16
A,A|n300|mis0.1|chi|slo,3,d:kmmatch,,,,,,1.0,1.0,,,0.09259259259259259,270,25,,,,,,,,,,0.02
A,A|n300|mis0.1|chi|slo,3,d:random,,,,,,0.4945306122448979,0.10049051173732973,,,0.09259259259259259,270,25,,,,,,,,,,0.0
A,A|n300|mis0.2|clo|shi,3,b:default,0.7206152945444371,0.48758201268964596,1.0,1.0,1.0,,,,,,269,51,,,,,,,,,,0.12
A,A|n300|mis0.2|clo|shi,3,b:rank16,0.8557977996561328,0.48758201268964596,1.0,1.0,1.0,,,,,,269,51,,,,,,,,,,0.09
A,A|n300|mis0.2|clo|shi,3,b:robust,0.6871197803472587,0.48758201268964596,1.0,1.0,1.0,,,,,,269,51,,,,,,,,,,0.17
A,A|n300|mis0.2|clo|shi,3,b:alpha05,0.7856053178416488,0.48758201268964596,1.0,1.0,1.0,,,,,,269,51,,,,,,,,,,0.16
A,A|n300|mis0.2|clo|shi,3,b:concat05,0.7736036622568381,0.48758201268964596,1.0,1.0,1.0,,,,,,269,51,,,,,,,,,,0.16
A,A|n300|mis0.2|clo|shi,3,b:text_only,0.8557977996561328,0.48758201268964596,1.0,1.0,1.0,,,,,,269,51,,,,,,,,,,0.05
A,A|n300|mis0.2|clo|shi,3,b:image_only,0.8557977996561328,0.48758201268964596,1.0,1.0,1.0,,,,,,269,51,,,,,,,,,,0.08
A,A|n300|mis0.2|clo|shi,3,b:structure_only,0.8708372180366803,0.48758201268964596,1.0,1.0,1.0,,,,,,269,51,,,,,,,,,,0.0
A,A|n300|mis0.2|clo|shi,3,b:spectral,0.8584989793039799,0.4752617448502063,0.99,0.9908256880733946,0.9803921568627451,,,,,,269,51,,,,,,,,,,0.03
A,A|n300|mis0.2|clo|shi,3,b:kmeans_content,0.0,-0.020334757494463798,0.30666666666666664,0.3165137614678899,0.21568627450980393,,,,,,269,51,,,,,,,,,,0.03
A,A|n300|mis0.2|clo|shi,3,d:default,,,,,,0.4531390537866523,0.17354261642956464,0.4531390537866523,0.17354261642956464,0.1895910780669145,269,51,0.7751182395661128,0.16441586275106307,0.8041288424066536,0.13489976110559462,-0.19291053877196307,0.6556035258139954,0.5821603330295967,0.6076414627358611,,0.0
A,A|n300|mis0.2|clo|shi,3,d:rank16,,,,,,0.5116028062601188,0.20220499619174595,0.5116028062601188,0.20220499619174595,0.1895910780669145,269,51,0.3065667885297146,0.2973444897830197,0.29610114675205723,0.3057191785270629,0.03470490213228338,0.6381543443065301,0.23360914379377903,0.2358336549239943,,0.0
A,A|n300|mis0.2|clo|shi,3,d:cons,,,,,,0.4531390537866523,0.17354261642956464,0.5701565029681598,0.2559219174192705,0.1895910780669145,269,51,0.7751182395661128,0.16441586275106307,0.8041288424066536,0.13489976110559462,-0.19291053877196307,0.6556035258139954,0.5133506778036424,0.4429323968393328,,0.16
A,A|n300|mis0.2|clo|shi,3,d:kmmatch,,,,,,0.4876326677459975,0.18589854255143654,,,0.1895910780669145,269,51,,,,,,,,,,0.02
A,A|n300|mis0.2|clo|shi,3,d:random,,,,,,0.5885051268213708,0.23432423263799795,,,0.1895910780669145,269,51,,,,,,,,,,0.02
A,A|n300|mis0.2|chi|slo,3,b:default,0.0,0.09638121364429068,0.47333333333333333,0.4908256880733945,0.43137254901960786,,,,,,269,51,,,,,,,,,,0.17
A,A|n300|mis0.2|chi|slo,3,b:rank16,0.1413767729143387,0.12324628290283897,0.5533333333333333,0.573394495412844,0.4117647058823529,,,,,,269,51,,,,,,,,,,0.09
A,A|n300|mis0.2|chi|slo,3,b:robust,0.5786699721466898,0.10756709685388734,0.9533333333333334,1.0,0.7254901960784313,,,,,,269,51,,,,,,,,,,0.17
A,A|n300|mis0.2|chi|slo,3,b:alpha05,0.10912211976619612,0.11611278894743471,0.54,0.5458715596330275,0.5490196078431373,,,,,,269,51,,,,,,,,,,0.16
A,A|n300|mis0.2|chi|slo,3,b:concat05,0.6277317537409581,0.10672503641052172,0.95,1.0,0.7254901960784313,,,,,,269,51,,,,,,,,,,0.14
A,A|n300|mis0.2|chi|slo,3,b:text_only,0.11867498810703347,0.12158287977073343,0.5,0.5091743119266054,0.39215686274509803,,,,,,269,51,,,,,,,,,,0.49
A,A|n300|mis0.2|chi|slo,3,b:image_only,0.09471752522893806,0.1212840789754415,0.4766666666666667,0.48623853211009177,0.37254901960784315,,,,,,269,51,,,,,,,,,,0.2
A,A|n300|mis0.2|chi|slo,3,b:structure_only,0.08382630230491639,0.12185687962068507,0.45,0.45871559633027525,0.35294117647058826,,,,,,269,51,,,,,,,,,,0.01
A,A|n300|mis0.2|chi|slo,3,b:spectral,0.7118844282910837,0.10223991770559902,0.9366666666666666,1.0,0.6470588235294118,,,,,,269,51,,,,,,,,,,0.03
A,A|n300|mis0.2|chi|slo,3,b:kmeans_content,0.5784021089072116,0.08491177946907086,0.88,1.0,0.3137254901960784,,,,,,269,51,,,,,,,,,,0.03
A,A|n300|mis0.2|chi|slo,3,d:default,,,,,,0.7001259219284044,0.3584718281484458,0.7001259219284044,0.3584718281484458,0.1895910780669145,269,51,0.8522290806562625,0.10250220199280922,0.7742335895846025,0.12684824409783643,0.6763425508341712,0.5734844396474186,0.6542389270267343,0.5782983458978092,,0.01
A,A|n300|mis0.2|chi|slo,3,d:rank16,,,,,,0.886580320201475,0.6754034164035968,0.886580320201475,0.6754034164035968,0.1895910780669145,269,51,0.598575766792916,0.23346900707081117,0.1752910341114995,0.24209240523133513,1.7798549208610808,0.2861126101816874,0.4220269299652635,0.15745961040454476,,0.0
A,A|n300|mis0.2|chi|slo,3,d:cons,,,,,,0.7001259219284044,0.3584718281484458,0.6896024464831805,0.31875662780230274,0.1895910780669145,269,51,0.8522290806562625,0.10250220199280922,0.7742335895846025,0.12684824409783643,0.6763425508341712,0.5734844396474186,0.5360810625770231,0.34577114427860695,,0.16
A,A|n300|mis0.2|chi|slo,3,d:kmmatch,,,,,,1.0,1.0,,,0.1895910780669145,269,51,,,,,,,,,,0.01
A,A|n300|mis0.2|chi|slo,3,d:random,,,,,,0.5885051268213708,0.23432423263799795,,,0.1895910780669145,269,51,,,,,,,,,,0.0
A,A|n300|mis0.4|chi|shi,3,b:default,0.7774889810843946,0.48758201268964596,1.0,1.0,1.0,,,,,,265,114,,,,,,,,,,0.16
A,A|n300|mis0.4|chi|shi,3,b:rank16,0.8771328634851144,0.48758201268964596,1.0,1.0,1.0,,,,,,265,114,,,,,,,,,,0.09
A,A|n300|mis0.4|chi|shi,3,b:robust,0.8836556306571655,0.48758201268964596,1.0,1.0,1.0,,,,,,265,114,,,,,,,,,,0.17
A,A|n300|mis0.4|chi|shi,3,b:alpha05,0.830505469244293,0.48758201268964596,1.0,1.0,1.0,,,,,,265,114,,,,,,,,,,0.14
A,A|n300|mis0.4|chi|shi,3,b:concat05,0.8720768715357101,0.48758201268964596,1.0,1.0,1.0,,,,,,265,114,,,,,,,,,,0.14
A,A|n300|mis0.4|chi|shi,3,b:text_only,0.8920000879930956,0.48758201268964596,1.0,1.0,1.0,,,,,,265,114,,,,,,,,,,0.05
A,A|n300|mis0.4|chi|shi,3,b:image_only,0.8685731595044215,0.48758201268964596,1.0,1.0,1.0,,,,,,265,114,,,,,,,,,,0.06
A,A|n300|mis0.4|chi|shi,3,b:structure_only,0.8708372180366803,0.48758201268964596,1.0,1.0,1.0,,,,,,265,114,,,,,,,,,,0.02
A,A|n300|mis0.4|chi|shi,3,b:spectral,0.9006097376833687,0.48758201268964596,1.0,1.0,1.0,,,,,,265,114,,,,,,,,,,0.03
A,A|n300|mis0.4|chi|shi,3,b:kmeans_content,0.16491385244574275,0.10824323832024635,0.6,1.0,0.0,,,,,,265,114,,,,,,,,,,0.03
A,A|n300|mis0.4|chi|shi,3,d:default,,,,,,0.5482165679098409,0.49111191903168716,0.5482165679098409,0.49111191903168716,0.43018867924528303,265,114,0.8034318522361548,0.1356517926004906,0.7740991138567407,0.16079869035421426,0.19718484856063678,0.7213895666318113,0.6094932949406903,0.580951235885997,,0.0
A,A|n300|mis0.4|chi|shi,3,d:rank16,,,,,,0.8069594516091554,0.7389636391510529,0.8069594516091554,0.7389636391510529,0.43018867924528303,265,114,0.5306807324086094,0.25688810870851975,0.2022412012992858,0.27785299428840093,1.2274627858892926,0.48669687463692346,0.37047611822471105,0.1800959186153972,,0.0
A,A|n300|mis0.4|chi|shi,3,d:cons,,,,,,0.5482165679098409,0.49111191903168716,0.6030556523759731,0.5382808702394238,0.43018867924528303,265,114,0.8034318522361548,0.1356517926004906,0.7740991138567407,0.16079869035421426,0.19718484856063678,0.7213895666318113,0.5445013044350793,0.44105528973950026,,0.14
A,A|n300|mis0.4|chi|shi,3,d:kmmatch,,,,,,1.0,1.0,,,0.43018867924528303,265,114,,,,,,,,,,0.02
A,A|n300|mis0.4|chi|shi,3,d:random,,,,,,0.5364238410596027,0.46246349060130054,,,0.43018867924528303,265,114,,,,,,,,,,0.0
A,A|n300|mis0.2|clo|slo,3,b:default,0.0,0.11188372180632258,0.47,0.481651376146789,0.4117647058823529,,,,,,269,51,,,,,,,,,,0.17
A,A|n300|mis0.2|clo|slo,3,b:rank16,0.08715214888075407,0.12115197887932319,0.44,0.44495412844036697,0.35294117647058826,,,,,,269,51,,,,,,,,,,0.09
A,A|n300|mis0.2|clo|slo,3,b:robust,0.09500830715639486,0.12245394862117574,0.44666666666666666,0.463302752293578,0.35294117647058826,,,,,,269,51,,,,,,,,,,0.19
A,A|n300|mis0.2|clo|slo,3,b:alpha05,0.0,0.10449341290797422,0.42333333333333334,0.43577981651376146,0.39215686274509803,,,,,,269,51,,,,,,,,,,0.14
A,A|n300|mis0.2|clo|slo,3,b:concat05,0.0,0.10871603570895852,0.4266666666666667,0.43119266055045874,0.43137254901960786,,,,,,269,51,,,,,,,,,,0.17
A,A|n300|mis0.2|clo|slo,3,b:text_only,0.07699267115789576,0.12265491261634562,0.4533333333333333,0.45871559633027525,0.35294117647058826,,,,,,269,51,,,,,,,,,,0.16
A,A|n300|mis0.2|clo|slo,3,b:image_only,0.0839626588505481,0.12323101532016704,0.44666666666666666,0.44954128440366975,0.35294117647058826,,,,,,269,51,,,,,,,,,,0.39
A,A|n300|mis0.2|clo|slo,3,b:structure_only,0.08382630230491639,0.12185687962068507,0.45,0.45871559633027525,0.35294117647058826,,,,,,269,51,,,,,,,,,,0.03
A,A|n300|mis0.2|clo|slo,3,b:spectral,0.08522701662453436,0.04105380193166166,0.48333333333333334,0.47706422018348627,0.5294117647058824,,,,,,269,51,,,,,,,,,,0.03
A,A|n300|mis0.2|clo|slo,3,b:kmeans_content,0.0,-0.0035240953877378467,0.30666666666666664,0.3165137614678899,0.21568627450980393,,,,,,269,51,,,,,,,,,,0.01
A,A|n300|mis0.2|clo|slo,3,d:default,,,,,,0.4531390537866523,0.17354261642956464,0.4531390537866523,0.17354261642956464,0.1895910780669145,269,51,0.7751182395661128,0.16441586275106307,0.8041288424066536,0.13489976110559462,-0.19291053877196307,0.6556035258139954,0.5821603330295967,0.6076414627358611,,0.02
A,A|n300|mis0.2|clo|slo,3,d:rank16,,,,,,0.5116028062601188,0.20220499619174595,0.5116028062601188,0.20220499619174595,0.1895910780669145,269,51,0.3065667885297146,0.2973444897830197,0.29610114675205723,0.3057191785270629,0.03470490213228338,0.6381543443065301,0.23360914379377903,0.2358336549239943,,0.0
A,A|n300|mis0.2|clo|slo,3,d:cons,,,,,,0.4531390537866523,0.17354261642956464,0.5044072674941537,0.2377437477722109,0.1895910780669145,269,51,0.7751182395661128,0.16441586275106307,0.8041288424066536,0.13489976110559462,-0.19291053877196307,0.6556035258139954,0.5008386964261263,0.49641498390400934,,0.12
A,A|n300|mis0.2|clo|slo,3,d:kmmatch,,,,,,0.4876326677459975,0.18589854255143654,,,0.1895910780669145,269,51,,,,,,,,,,0.02
A,A|n300|mis0.2|clo|slo,3,d:random,,,,,,0.5885051268213708,0.23432423263799795,,,0.1895910780669145,269,51,,,,,,,,,,0.0
A,A|n300|mis0.4|clo|shi,3,b:default,0.7179499328972407,0.48758201268964596,1.0,1.0,1.0,,,,,,265,114,,,,,,,,,,0.16
A,A|n300|mis0.4|clo|shi,3,b:rank16,0.8417337674890931,0.48758201268964596,1.0,1.0,1.0,,,,,,265,114,,,,,,,,,,0.11
A,A|n300|mis0.4|clo|shi,3,b:robust,0.6328055350275732,0.48758201268964596,1.0,1.0,1.0,,,,,,265,114,,,,,,,,,,0.16
A,A|n300|mis0.4|clo|shi,3,b:alpha05,0.8002094638810426,0.48758201268964596,1.0,1.0,1.0,,,,,,265,114,,,,,,,,,,0.14
A,A|n300|mis0.4|clo|shi,3,b:concat05,0.7243304085745512,0.48758201268964596,1.0,1.0,1.0,,,,,,265,114,,,,,,,,,,0.16
A,A|n300|mis0.4|clo|shi,3,b:text_only,0.8557977996561328,0.48758201268964596,1.0,1.0,1.0,,,,,,265,114,,,,,,,,,,0.05
A,A|n300|mis0.4|clo|shi,3,b:image_only,0.8557977996561328,0.48758201268964596,1.0,1.0,1.0,,,,,,265,114,,,,,,,,,,0.09
A,A|n300|mis0.4|clo|shi,3,b:structure_only,0.8708372180366803,0.48758201268964596,1.0,1.0,1.0,,,,,,265,114,,,,,,,,,,0.02
A,A|n300|mis0.4|clo|shi,3,b:spectral,0.8627734466604065,0.4778072288221228,0.99,0.9933774834437086,0.9824561403508771,,,,,,265,114,,,,,,,,,,0.02
A,A|n300|mis0.4|clo|shi,3,b:kmeans_content,0.0,0.003354338416039805,0.30333333333333334,0.26490066225165565,0.35964912280701755,,,,,,265,114,,,,,,,,,,0.05
A,A|n300|mis0.4|clo|shi,3,d:default,,,,,,0.3979319158824213,0.36361559080242184,0.3979319158824213,0.36361559080242184,0.43018867924528303,265,114,0.7622810226449923,0.174240753795924,0.8163991366722211,0.13358671776176914,-0.348586428659515,0.7557220866736377,0.5716472977785685,0.6237296250247744,,0.0
A,A|n300|mis0.4|clo|shi,3,d:rank16,,,,,,0.4952364354595097,0.42900495327473015,0.4952364354595097,0.42900495327473015,0.43018867924528303,265,114,0.30806374645965556,0.34511555311967945,0.31785458789707965,0.3408321121421712,-0.02854634848760567,0.7288834669455095,0.2505086821839441,0.25924915131388926,,0.0
A,A|n300|mis0.4|clo|shi,3,d:cons,,,,,,0.3979319158824213,0.36361559080242184,0.592831416289067,0.5384830603252211,0.43018867924528303,265,114,0.7622810226449923,0.174240753795924,0.8163991366722211,0.13358671776176914,-0.348586428659515,0.7557220866736377,0.5400862933975518,0.4469032429558746,,0.14
A,A|n300|mis0.4|clo|shi,3,d:kmmatch,,,,,,0.5119670036017195,0.43616892094022763,,,0.43018867924528303,265,114,,,,,,,,,,0.02
A,A|n300|mis0.4|clo|shi,3,d:random,,,,,,0.5364238410596027,0.46246349060130054,,,0.43018867924528303,265,114,,,,,,,,,,0.0
A,A|n300|mis0.4|chi|slo,3,b:default,0.0,0.09928938634223834,0.45,0.5165562913907285,0.35964912280701755,,,,,,265,114,,,,,,,,,,0.16
A,A|n300|mis0.4|chi|slo,3,b:rank16,0.10722089942556123,0.12024361096935338,0.49,0.4768211920529801,0.5087719298245614,,,,,,265,114,,,,,,,,,,0.11
A,A|n300|mis0.4|chi|slo,3,b:robust,0.42576926257183834,0.10782678778333482,0.8966666666666666,1.0,0.7894736842105263,,,,,,265,114,,,,,,,,,,0.16
A,A|n300|mis0.4|chi|slo,3,b:alpha05,0.0,0.09077623550338586,0.41,0.4900662251655629,0.34210526315789475,,,,,,265,114,,,,,,,,,,0.16
A,A|n300|mis0.4|chi|slo,3,b:concat05,0.4276571506282565,0.10413466022119032,0.89,1.0,0.7543859649122807,,,,,,265,114,,,,,,,,,,0.12
A,A|n300|mis0.4|chi|slo,3,b:text_only,0.12717262359098624,0.1256072902920294,0.5466666666666666,0.5562913907284768,0.49122807017543857,,,,,,265,114,,,,,,,,,,0.14
A,A|n300|mis0.4|chi|slo,3,b:image_only,0.08816284064916435,0.12143844133745585,0.4633333333333333,0.45695364238410596,0.47368421052631576,,,,,,265,114,,,,,,,,,,0.53
A,A|n300|mis0.4|chi|slo,3,b:structure_only,0.08382630230491639,0.12185687962068507,0.45,0.44370860927152317,0.4649122807017544,,,,,,265,114,,,,,,,,,,0.03
A,A|n300|mis0.4|chi|slo,3,b:spectral,0.8044979218710859,0.10725459074019689,0.9733333333333334,1.0,0.956140350877193,,,,,,265,114,,,,,,,,,,0.03
A,A|n300|mis0.4|chi|slo,3,b:kmeans_content,0.16491385244574275,0.028392413374842662,0.6,1.0,0.0,,,,,,265,114,,,,,,,,,,0.03
A,A|n300|mis0.4|chi|slo,3,d:default,,,,,,0.5482165679098409,0.49111191903168716,0.5482165679098409,0.49111191903168716,0.43018867924528303,265,114,0.8034318522361548,0.1356517926004906,0.7740991138567407,0.16079869035421426,0.19718484856063678,0.7213895666318113,0.6094932949406903,0.580951235885997,,0.0
A,A|n300|mis0.4|chi|slo,3,d:rank16,,,,,,0.8069594516091554,0.7389636391510529,0.8069594516091554,0.7389636391510529,0.43018867924528303,265,114,0.5306807324086094,0.25688810870851975,0.2022412012992858,0.27785299428840093,1.2274627858892926,0.48669687463692346,0.37047611822471105,0.1800959186153972,,0.0
A,A|n300|mis0.4|chi|slo,3,d:cons,,,,,,0.5482165679098409,0.49111191903168716,0.6214708957825026,0.5066186774265362,0.43018867924528303,265,114,0.8034318522361548,0.1356517926004906,0.7740991138567407,0.16079869035421426,0.19718484856063678,0.7213895666318113,0.5524533413606262,0.4305223285486443,,0.12
A,A|n300|mis0.4|chi|slo,3,d:kmmatch,,,,,,1.0,1.0,,,0.43018867924528303,265,114,,,,,,,,,,0.02
A,A|n300|mis0.4|chi|slo,3,d:random,,,,,,0.5364238410596027,0.46246349060130054,,,0.43018867924528303,265,114,,,,,,,,,,0.0
A,A|n300|mis0.4|clo|slo,3,b:default,0.0,0.1081236712542912,0.42,0.4503311258278146,0.3684210526315789,,,,,,265,114,,,,,,,,,,0.14
A,A|n300|mis0.4|clo|slo,3,b:rank16,0.07756128754740077,0.12044739769201726,0.46,0.44370860927152317,0.47368421052631576,,,,,,265,114,,,,,,,,,,0.11
A,A|n300|mis0.4|clo|slo,3,b:robust,0.07030767832634388,0.12432302029427447,0.46,0.4900662251655629,0.42105263157894735,,,,,,265,114,,,,,,,,,,0.17
A,A|n300|mis0.4|clo|slo,3,b:alpha05,0.0,0.11156191311900412,0.44,0.46357615894039733,0.35964912280701755,,,,,,265,114,,,,,,,,,,0.14
A,A|n300|mis0.4|clo|slo,3,b:concat05,0.0,0.11592908087128471,0.46,0.4768211920529801,0.38596491228070173,,,,,,265,114,,,,,,,,,,0.19
A,A|n300|mis0.4|clo|slo,3,b:text_only,0.0769941319523253,0.12278624933333035,0.45,0.44370860927152317,0.45614035087719296,,,,,,265,114,,,,,,,,,,0.16
A,A|n300|mis0.4|clo|slo,3,b:image_only,0.07919618505509696,0.12265491261634562,0.4533333333333333,0.4503311258278146,0.45614035087719296,,,,,,265,114,,,,,,,,,,0.26
A,A|n300|mis0.4|clo|slo,3,b:structure_only,0.08382630230491639,0.12185687962068507,0.45,0.44370860927152317,0.4649122807017544,,,,,,265,114,,,,,,,,,,0.02
A,A|n300|mis0.4|clo|slo,3,b:spectral,0.0427718788455389,0.030206219949269725,0.44666666666666666,0.4370860927152318,0.4473684210526316,,,,,,265,114,,,,,,,,,,0.03
A,A|n300|mis0.4|clo|slo,3,b:kmeans_content,0.0,-0.007074447467070748,0.30333333333333334,0.26490066225165565,0.35964912280701755,,,,,,265,114,,,,,,,,,,0.03
A,A|n300|mis0.4|clo|slo,3,d:default,,,,,,0.3979319158824213,0.36361559080242184,0.3979319158824213,0.36361559080242184,0.43018867924528303,265,114,0.7622810226449923,0.174240753795924,0.8163991366722211,0.13358671776176914,-0.348586428659515,0.7557220866736377,0.5716472977785685,0.6237296250247744,,0.0
A,A|n300|mis0.4|clo|slo,3,d:rank16,,,,,,0.4952364354595097,0.42900495327473015,0.4952364354595097,0.42900495327473015,0.43018867924528303,265,114,0.30806374645965556,0.34511555311967945,0.31785458789707965,0.3408321121421712,-0.02854634848760567,0.7288834669455095,0.2505086821839441,0.25924915131388926,,0.02
A,A|n300|mis0.4|clo|slo,3,d:cons,,,,,,0.3979319158824213,0.36361559080242184,0.5855698849773441,0.51227552714798,0.43018867924528303,265,114,0.7622810226449923,0.174240753795924,0.8163991366722211,0.13358671776176914,-0.348586428659515,0.7557220866736377,0.5369506321493075,0.45105661881977666,,0.12
A,A|n300|mis0.4|clo|slo,3,d:kmmatch,,,,,,0.5119670036017195,0.43616892094022763,,,0.43018867924528303,265,114,,,,,,,,,,0.02
A,A|n300|mis0.4|clo|slo,3,d:random,,,,,,0.5364238410596027,0.46246349060130054,,,0.43018867924528303,265,114,,,,,,,,,,0.0
A,A|n600|mis0.0|chi|shi,3,b:default,0.8711708285837159,0.46904308761758684,1.0,1.0,nan,,,,,,531,0,,,,,,,,,,0.38
A,A|n600|mis0.0|chi|shi,3,b:rank16,0.8711708285837159,0.46904308761758684,1.0,1.0,nan,,,,,,531,0,,,,,,,,,,0.17
A,A|n600|mis0.0|chi|shi,3,b:robust,0.8711708285837159,0.46904308761758684,1.0,1.0,nan,,,,,,531,0,,,,,,,,,,0.41
A,A|n600|mis0.0|chi|shi,3,b:alpha05,0.8711708285837159,0.46904308761758684,1.0,1.0,nan,,,,,,531,0,,,,,,,,,,0.36
A,A|n600|mis0.0|chi|shi,3,b:concat05,0.8711708285837159,0.46904308761758684,1.0,1.0,nan,,,,,,531,0,,,,,,,,,,0.36
A,A|n600|mis0.0|chi|shi,3,b:text_only,0.8711708285837159,0.46904308761758684,1.0,1.0,nan,,,,,,531,0,,,,,,,,,,0.12
A,A|n600|mis0.0|chi|shi,3,b:image_only,0.8711708285837159,0.46904308761758684,1.0,1.0,nan,,,,,,531,0,,,,,,,,,,0.12
A,A|n600|mis0.0|chi|shi,3,b:structure_only,0.8711708285837159,0.46904308761758684,1.0,1.0,nan,,,,,,531,0,,,,,,,,,,0.03
A,A|n600|mis0.0|chi|shi,3,b:spectral,0.8711708285837159,0.46904308761758684,1.0,1.0,nan,,,,,,531,0,,,,,,,,,,0.08
A,A|n600|mis0.0|chi|shi,3,b:kmeans_content,0.8711708285837159,0.46904308761758684,1.0,1.0,nan,,,,,,531,0,,,,,,,,,,0.06
A,A|n600|mis0.0|chi|shi,3,d:default,,,,,,nan,nan,nan,nan,0.0,531,0,0.9435300701726798,0.0461236159845008,,,,,0.7300695447355149,,,0.0
A,A|n600|mis0.0|chi|shi,3,d:rank16,,,,,,nan,nan,nan,nan,0.0,531,0,0.7924477559890155,0.15641286046017083,,,,,0.5924401834732578,,,0.0
A,A|n600|mis0.0|chi|shi,3,d:cons,,,,,,nan,nan,nan,nan,0.0,531,0,0.9435300701726798,0.0461236159845008,,,,,0.5,,,0.31
A,A|n600|mis0.0|chi|shi,3,d:kmmatch,,,,,,nan,nan,,,0.0,531,0,,,,,,,,,,0.03
A,A|n600|mis0.0|chi|shi,3,d:random,,,,,,nan,nan,,,0.0,531,0,,,,,,,,,,0.0
A,A|n600|mis0.0|clo|shi,3,b:default,0.4902294718472291,0.3325386177229637,0.7483333333333333,0.7401129943502824,nan,,,,,,531,0,,,,,,,,,,0.39
A,A|n600|mis0.0|clo|shi,3,b:rank16,0.8711708285837159,0.46904308761758684,1.0,1.0,nan,,,,,,531,0,,,,,,,,,,0.2
A,A|n600|mis0.0|clo|shi,3,b:robust,0.8711708285837159,0.46904308761758684,1.0,1.0,nan,,,,,,531,0,,,,,,,,,,0.49
A,A|n600|mis0.0|clo|shi,3,b:alpha05,0.8711708285837159,0.46904308761758684,1.0,1.0,nan,,,,,,531,0,,,,,,,,,,0.42
A,A|n600|mis0.0|clo|shi,3,b:concat05,0.6597074273898204,0.3944371278588785,0.895,0.8945386064030132,nan,,,,,,531,0,,,,,,,,,,0.47
A,A|n600|mis0.0|clo|shi,3,b:text_only,0.8711708285837159,0.46904308761758684,1.0,1.0,nan,,,,,,531,0,,,,,,,,,,0.16
A,A|n600|mis0.0|clo|shi,3,b:image_only,0.8711708285837159,0.46904308761758684,1.0,1.0,nan,,,,,,531,0,,,,,,,,,,0.25
A,A|n600|mis0.0|clo|shi,3,b:structure_only,0.8711708285837159,0.46904308761758684,1.0,1.0,nan,,,,,,531,0,,,,,,,,,,0.03
A,A|n600|mis0.0|clo|shi,3,b:spectral,0.8711708285837159,0.46904308761758684,1.0,1.0,nan,,,,,,531,0,,,,,,,,,,0.06
A,A|n600|mis0.0|clo|shi,3,b:kmeans_content,0.0,0.002578825056436633,0.22833333333333333,0.2222222222222222,nan,,,,,,531,0,,,,,,,,,,0.09
A,A|n600|mis0.0|clo|shi,3,d:default,,,,,,nan,nan,nan,nan,0.0,531,0,0.8083845613879771,0.13087804913273526,,,,,0.6122708558789258,,,0.0
A,A|n600|mis0.0|clo|shi,3,d:rank16,,,,,,nan,nan,nan,nan,0.0,531,0,0.358991439198573,0.31644870379304685,,,,,0.26672586087012823,,,0.0
A,A|n600|mis0.0|clo|shi,3,d:cons,,,,,,nan,nan,nan,nan,0.0,531,0,0.8083845613879771,0.13087804913273526,,,,,0.5,,,0.39
A,A|n600|mis0.0|clo|shi,3,d:kmmatch,,,,,,nan,nan,,,0.0,531,0,,,,,,,,,,0.05
A,A|n600|mis0.0|clo|shi,3,d:random,,,,,,nan,nan,,,0.0,531,0,,,,,,,,,,0.0
A,A|n600|mis0.0|clo|slo,3,b:default,0.0,0.06932916535203737,0.32166666666666666,0.3145009416195857,nan,,,,,,531,0,,,,,,,,,,0.39
A,A|n600|mis0.0|clo|slo,3,b:rank16,0.014918172669371899,0.07453847558721115,0.31333333333333335,0.3107344632768362,nan,,,,,,531,0,,,,,,,,,,0.19
A,A|n600|mis0.0|clo|slo,3,b:robust,0.06921574362726579,0.08369257656786983,0.4083333333333333,0.4067796610169492,nan,,,,,,531,0,,,,,,,,,,0.52
A,A|n600|mis0.0|clo|slo,3,b:alpha05,0.041726699041745974,0.07537670140752864,0.375,0.3672316384180791,nan,,,,,,531,0,,,,,,,,,,0.5
A,A|n600|mis0.0|clo|slo,3,b:concat05,0.031589851165245264,0.07576728829543912,0.34833333333333333,0.3427495291902072,nan,,,,,,531,0,,,,,,,,,,0.47
A,A|n600|mis0.0|clo|slo,3,b:text_only,0.014785778804820238,0.07458818611824915,0.305,0.295668549905838,nan,,,,,,531,0,,,,,,,,,,0.59
A,A|n600|mis0.0|clo|slo,3,b:image_only,0.014298277900727685,0.07293478881210688,0.28,0.2787193973634652,nan,,,,,,531,0,,,,,,,,,,0.73
A,A|n600|mis0.0|clo|slo,3,b:structure_only,0.058535439898942165,0.08540295339779615,0.4083333333333333,0.3954802259887006,nan,,,,,,531,0,,,,,,,,,,0.08
A,A|n600|mis0.0|clo|slo,3,b:spectral,0.05419552134495542,0.06611160989379872,0.4633333333333333,0.4632768361581921,nan,,,,,,531,0,,,,,,,,,,0.09
A,A|n600|mis0.0|clo|slo,3,b:kmeans_content,0.0,-0.0018321656970836757,0.22833333333333333,0.2222222222222222,nan,,,,,,531,0,,,,,,,,,,0.08
A,A|n600|mis0.0|clo|slo,3,d:default,,,,,,nan,nan,nan,nan,0.0,531,0,0.8083845613879771,0.13087804913273526,,,,,0.6122708558789258,,,0.0
A,A|n600|mis0.0|clo|slo,3,d:rank16,,,,,,nan,nan,nan,nan,0.0,531,0,0.358991439198573,0.31644870379304685,,,,,0.26672586087012823,,,0.0
A,A|n600|mis0.0|clo|slo,3,d:cons,,,,,,nan,nan,nan,nan,0.0,531,0,0.8083845613879771,0.13087804913273526,,,,,0.5,,,0.39
A,A|n600|mis0.0|clo|slo,3,d:kmmatch,,,,,,nan,nan,,,0.0,531,0,,,,,,,,,,0.05
A,A|n600|mis0.0|clo|slo,3,d:random,,,,,,nan,nan,,,0.0,531,0,,,,,,,,,,0.0
A,A|n600|mis0.1|chi|shi,3,b:default,0.8635369718511244,0.46904308761758684,1.0,1.0,1.0,,,,,,536,65,,,,,,,,,,0.41
A,A|n600|mis0.1|chi|shi,3,b:rank16,0.8711708285837159,0.46904308761758684,1.0,1.0,1.0,,,,,,536,65,,,,,,,,,,0.22
A,A|n600|mis0.1|chi|shi,3,b:robust,0.8711708285837159,0.46904308761758684,1.0,1.0,1.0,,,,,,536,65,,,,,,,,,,0.47
A,A|n600|mis0.1|chi|shi,3,b:alpha05,0.8711708285837159,0.46904308761758684,1.0,1.0,1.0,,,,,,536,65,,,,,,,,,,0.38
A,A|n600|mis0.1|chi|shi,3,b:concat05,0.863551954908261,0.46904308761758684,1.0,1.0,1.0,,,,,,536,65,,,,,,,,,,0.44
A,A|n600|mis0.1|chi|shi,3,b:text_only,0.8711708285837159,0.46904308761758684,1.0,1.0,1.0,,,,,,536,65,,,,,,,,,,0.14
A,A|n600|mis0.1|chi|shi,3,b:image_only,0.8711708285837159,0.46904308761758684,1.0,1.0,1.0,,,,,,536,65,,,,,,,,,,0.16
A,A|n600|mis0.1|chi|shi,3,b:structure_only,0.8711708285837159,0.46904308761758684,1.0,1.0,1.0,,,,,,536,65,,,,,,,,,,0.03
A,A|n600|mis0.1|chi|shi,3,b:spectral,0.8595094379313251,0.4666041511933432,0.9966666666666667,1.0,0.9846153846153847,,,,,,536,65,,,,,,,,,,0.06
A,A|n600|mis0.1|chi|shi,3,b:kmeans_content,0.821135621088177,0.4538574155860852,0.9833333333333333,1.0,0.8769230769230769,,,,,,536,65,,,,,,,,,,0.08
A,A|n600|mis0.1|chi|shi,3,d:default,,,,,,0.9765474440633677,0.8656795583025562,0.9765474440633677,0.8656795583025562,0.12126865671641791,536,65,0.9160743020156074,0.061519072448092564,0.6382522291687244,0.17051170223312195,2.1674827606321294,0.14594153192879308,0.7110280867036834,0.4472451486180223,,0.0
A,A|n600|mis0.1|chi|shi,3,d:rank16,,,,,,0.9914094398170832,0.9517407827228961,0.9914094398170832,0.9517407827228961,0.12126865671641791,536,65,0.7812082975834562,0.15349719021428349,0.08157213980336404,0.2220006855827268,3.665939622197992,0.07800097991180793,0.5831872446745084,0.12955526382778487,,0.02
A,A|n600|mis0.1|chi|shi,3,d:cons,,,,,,0.9765474440633677,0.8656795583025562,0.9180140454025804,0.7296795032007249,0.12126865671641791,536,65,0.9160743020156074,0.061519072448092564,0.6382522291687244,0.17051170223312195,2.1674827606321294,0.14594153192879308,0.5507867531797528,0.13199137311286846,,0.38
A,A|n600|mis0.1|chi|shi,3,d:kmmatch,,,,,,1.0,1.0,,,0.12126865671641791,536,65,,,,,,,,,,0.03
A,A|n600|mis0.1|chi|shi,3,d:random,,,,,,0.47123958843704067,0.11773920267245651,,,0.12126865671641791,536,65,,,,,,,,,,0.0
A,A|n600|mis0.0|chi|slo,3,b:default,0.6985717537307217,0.09073762777125181,0.9466666666666667,1.0,nan,,,,,,531,0,,,,,,,,,,0.38
A,A|n600|mis0.0|chi|slo,3,b:rank16,0.15882366418724925,0.07985336389294918,0.47833333333333333,0.4858757062146893,nan,,,,,,531,0,,,,,,,,,,0.2
A,A|n600|mis0.0|chi|slo,3,b:robust,0.8363804603280729,0.09523769148190642,0.9983333333333333,1.0,nan,,,,,,531,0,,,,,,,,,,0.41
A,A|n600|mis0.0|chi|slo,3,b:alpha05,0.18030652281194726,0.07823534823374027,0.5016666666666667,0.512241054613936,nan,,,,,,531,0,,,,,,,,,,0.34
A,A|n600|mis0.0|chi|slo,3,b:concat05,0.86057552266308,0.09504239562059409,1.0,1.0,nan,,,,,,531,0,,,,,,,,,,0.38
A,A|n600|mis0.0|chi|slo,3,b:text_only,0.07936337799125215,0.08129006084949493,0.375,0.3766478342749529,nan,,,,,,531,0,,,,,,,,,,1.72
A,A|n600|mis0.0|chi|slo,3,b:image_only,0.05058776030789969,0.08080078777606149,0.3616666666666667,0.3634651600753296,nan,,,,,,531,0,,,,,,,,,,2.11
A,A|n600|mis0.0|chi|slo,3,b:structure_only,0.058535439898942165,0.08540295339779615,0.4083333333333333,0.3954802259887006,nan,,,,,,531,0,,,,,,,,,,0.06
A,A|n600|mis0.0|chi|slo,3,b:spectral,0.8711708285837159,0.09504239562059409,1.0,1.0,nan,,,,,,531,0,,,,,,,,,,0.08
A,A|n600|mis0.0|chi|slo,3,b:kmeans_content,0.8711708285837159,0.09504239562059409,1.0,1.0,nan,,,,,,531,0,,,,,,,,,,0.06
A,A|n600|mis0.0|chi|slo,3,d:default,,,,,,nan,nan,nan,nan,0.0,531,0,0.9435300701726798,0.0461236159845008,,,,,0.7300695447355149,,,0.0
A,A|n600|mis0.0|chi|slo,3,d:rank16,,,,,,nan,nan,nan,nan,0.0,531,0,0.7924477559890155,0.15641286046017083,,,,,0.5924401834732578,,,0.0
A,A|n600|mis0.0|chi|slo,3,d:cons,,,,,,nan,nan,nan,nan,0.0,531,0,0.9435300701726798,0.0461236159845008,,,,,0.5,,,0.36
A,A|n600|mis0.0|chi|slo,3,d:kmmatch,,,,,,nan,nan,,,0.0,531,0,,,,,,,,,,0.02
A,A|n600|mis0.0|chi|slo,3,d:random,,,,,,nan,nan,,,0.0,531,0,,,,,,,,,,0.0
A,A|n600|mis0.1|clo|shi,3,b:default,0.3822597059659403,0.32280483728871845,0.6783333333333333,0.6836518046709129,0.5384615384615384,,,,,,536,65,,,,,,,,,,0.44
A,A|n600|mis0.1|clo|shi,3,b:rank16,0.8711708285837159,0.46904308761758684,1.0,1.0,1.0,,,,,,536,65,,,,,,,,,,0.2
A,A|n600|mis0.1|clo|shi,3,b:robust,0.8597934863854881,0.46904308761758684,1.0,1.0,1.0,,,,,,536,65,,,,,,,,,,0.47
A,A|n600|mis0.1|clo|shi,3,b:alpha05,0.8673539002174202,0.46904308761758684,1.0,1.0,1.0,,,,,,536,65,,,,,,,,,,0.44
A,A|n600|mis0.1|clo|shi,3,b:concat05,0.5896022038032396,0.40279476495831484,0.855,0.8577494692144374,0.8,,,,,,536,65,,,,,,,,,,0.5
A,A|n600|mis0.1|clo|shi,3,b:text_only,0.8711708285837159,0.46904308761758684,1.0,1.0,1.0,,,,,,536,65,,,,,,,,,,0.17
A,A|n600|mis0.1|clo|shi,3,b:image_only,0.8711708285837159,0.46904308761758684,1.0,1.0,1.0,,,,,,536,65,,,,,,,,,,0.22
A,A|n600|mis0.1|clo|shi,3,b:structure_only,0.8711708285837159,0.46904308761758684,1.0,1.0,1.0,,,,,,536,65,,,,,,,,,,0.03
A,A|n600|mis0.1|clo|shi,3,b:spectral,0.8711708285837159,0.46904308761758684,1.0,1.0,1.0,,,,,,536,65,,,,,,,,,,0.08
A,A|n600|mis0.1|clo|shi,3,b:kmeans_content,0.0,0.0026067504500189628,0.22666666666666666,0.22717622080679406,0.2,,,,,,536,65,,,,,,,,,,0.09
A,A|n600|mis0.1|clo|shi,3,d:default,,,,,,0.47208884533725304,0.13848898286317993,0.47208884533725304,0.13848898286317993,0.12126865671641791,536,65,0.8030820562154092,0.15532297111645035,0.7987494633990297,0.17545848181334922,0.0261477049388121,0.7626000326637269,0.6096973801617206,0.6043456297640492,,0.02
A,A|n600|mis0.1|clo|shi,3,d:rank16,,,,,,0.47718438673852687,0.11645782310587105,0.47718438673852687,0.11645782310587105,0.12126865671641791,536,65,0.36473326092478087,0.3009881857322995,0.3924276912511954,0.2760194392761182,-0.0959035411842141,0.7768414176057488,0.26494344124991687,0.27523383540093516,,0.0
A,A|n600|mis0.1|clo|shi,3,d:cons,,,,,,0.47208884533725304,0.13848898286317993,0.5269312428548097,0.14180901719677896,0.12126865671641791,536,65,0.8030820562154092,0.15532297111645035,0.7987494633990297,0.17545848181334922,0.0261477049388121,0.7626000326637269,0.5032720201599301,0.47629043853342923,,0.44
A,A|n600|mis0.1|clo|shi,3,d:kmmatch,,,,,,0.45257226849583543,0.11222570023611983,,,0.12126865671641791,536,65,,,,,,,,,,0.06
A,A|n600|mis0.1|clo|shi,3,d:random,,,,,,0.47123958843704067,0.11773920267245651,,,0.12126865671641791,536,65,,,,,,,,,,0.0
A,A|n600|mis0.1|chi|slo,3,b:default,0.20629017296780683,0.07325753378218448,0.57,0.5987261146496815,0.49230769230769234,,,,,,536,65,,,,,,,,,,0.45
A,A|n600|mis0.1|chi|slo,3,b:rank16,0.21035926330452925,0.08087063247423697,0.5466666666666666,0.5732484076433121,0.46153846153846156,,,,,,536,65,,,,,,,,,,0.22
A,A|n600|mis0.1|chi|slo,3,b:robust,0.7635332646728256,0.09298901153352732,0.9783333333333334,1.0,0.8153846153846154,,,,,,536,65,,,,,,,,,,0.42
A,A|n600|mis0.1|chi|slo,3,b:alpha05,0.14376874825660746,0.07882149689224215,0.49166666666666664,0.505307855626327,0.4461538461538462,,,,,,536,65,,,,,,,,,,0.38
A,A|n600|mis0.1|chi|slo,3,b:concat05,0.7848815147333524,0.0925404491707149,0.9766666666666667,1.0,0.8153846153846154,,,,,,536,65,,,,,,,,,,0.44
A,A|n600|mis0.1|chi|slo,3,b:text_only,0.04657284471085732,0.07550291282946785,0.29333333333333333,0.27388535031847133,0.4,,,,,,536,65,,,,,,,,,,1.19
A,A|n600|mis0.1|chi|slo,3,b:image_only,0.037719406942820166,0.0788409771642889,0.30333333333333334,0.28662420382165604,0.38461538461538464,,,,,,536,65,,,,,,,,,,1.45
A,A|n600|mis0.1|chi|slo,3,b:structure_only,0.058535439898942165,0.08540295339779615,0.4083333333333333,0.4118895966029724,0.35384615384615387,,,,,,536,65,,,,,,,,,,0.06
A,A|n600|mis0.1|chi|slo,3,b:spectral,0.8190325511689274,0.09499835620927091,0.9833333333333333,1.0,0.8615384615384616,,,,,,536,65,,,,,,,,,,0.08
A,A|n600|mis0.1|chi|slo,3,b:kmeans_content,0.821135621088177,0.09353563277769987,0.9833333333333333,1.0,0.8769230769230769,,,,,,536,65,,,,,,,,,,0.08
A,A|n600|mis0.1|chi|slo,3,d:default,,,,,,0.9765474440633677,0.8656795583025562,0.9765474440633677,0.8656795583025562,0.12126865671641791,536,65,0.9160743020156074,0.061519072448092564,0.6382522291687244,0.17051170223312195,2.1674827606321294,0.14594153192879308,0.7110280867036834,0.4472451486180223,,0.0
A,A|n600|mis0.1|chi|slo,3,d:rank16,,,,,,0.9914094398170832,0.9517407827228961,0.9914094398170832,0.9517407827228961,0.12126865671641791,536,65,0.7812082975834562,0.15349719021428349,0.08157213980336404,0.2220006855827268,3.665939622197992,0.07800097991180793,0.5831872446745084,0.12955526382778487,,0.02
A,A|n600|mis0.1|chi|slo,3,d:cons,,,,,,0.9765474440633677,0.8656795583025562,0.7350971745876205,0.24827160965833156,0.12126865671641791,536,65,0.9160743020156074,0.061519072448092564,0.6382522291687244,0.17051170223312195,2.1674827606321294,0.14594153192879308,0.5285632081274678,0.2930265995686556,,0.42
A,A|n600|mis0.1|chi|slo,3,d:kmmatch,,,,,,1.0,1.0,,,0.12126865671641791,536,65,,,,,,,,,,0.03
A,A|n600|mis0.1|chi|slo,3,d:random,,,,,,0.47123958843704067,0.11773920267245651,,,0.12126865671641791,536,65,,,,,,,,,,0.0
A,A|n600|mis0.1|clo|slo,3,b:default,0.019851592401454843,0.068380106126859,0.28833333333333333,0.28450106157112526,0.3230769230769231,,,,,,536,65,,,,,,,,,,0.44
A,A|n600|mis0.1|clo|slo,3,b:rank16,0.016453895816581632,0.07506379508077551,0.31,0.29936305732484075,0.3076923076923077,,,,,,536,65,,,,,,,,,,0.19
A,A|n600|mis0.1|clo|slo,3,b:robust,0.06384151989690046,0.08644020264404668,0.44333333333333336,0.4564755838641189,0.4153846153846154,,,,,,536,65,,,,,,,,,,0.5
A,A|n600|mis0.1|clo|slo,3,b:alpha05,0.040058047180321577,0.07385152072102531,0.37666666666666665,0.37579617834394907,0.3384615384615385,,,,,,536,65,,,,,,,,,,0.45
A,A|n600|mis0.1|clo|slo,3,b:concat05,0.048307846465506676,0.08022557040628528,0.3933333333333333,0.4033970276008493,0.2923076923076923,,,,,,536,65,,,,,,,,,,0.45
A,A|n600|mis0.1|clo|slo,3,b:text_only,0.019212762019580776,0.07812666506800398,0.32166666666666666,0.33121019108280253,0.3230769230769231,,,,,,536,65,,,,,,,,,,0.58
A,A|n600|mis0.1|clo|slo,3,b:image_only,0.005731208310239655,0.07560976001250026,0.29333333333333333,0.29723991507430997,0.3076923076923077,,,,,,536,65,,,,,,,,,,0.72
A,A|n600|mis0.1|clo|slo,3,b:structure_only,0.058535439898942165,0.08540295339779615,0.4083333333333333,0.4118895966029724,0.35384615384615387,,,,,,536,65,,,,,,,,,,0.06
A,A|n600|mis0.1|clo|slo,3,b:spectral,0.10161961842855571,0.06284324884176386,0.45,0.46496815286624205,0.38461538461538464,,,,,,536,65,,,,,,,,,,0.09
A,A|n600|mis0.1|clo|slo,3,b:kmeans_content,0.0,0.00041641030494087364,0.22666666666666666,0.22717622080679406,0.2,,,,,,536,65,,,,,,,,,,0.08
A,A|n600|mis0.1|clo|slo,3,d:default,,,,,,0.47208884533725304,0.13848898286317993,0.47208884533725304,0.13848898286317993,0.12126865671641791,536,65,0.8030820562154092,0.15532297111645035,0.7987494633990297,0.17545848181334922,0.0261477049388121,0.7626000326637269,0.6096973801617206,0.6043456297640492,,0.01
A,A|n600|mis0.1|clo|slo,3,d:rank16,,,,,,0.47718438673852687,0.11645782310587105,0.47718438673852687,0.11645782310587105,0.12126865671641791,536,65,0.36473326092478087,0.3009881857322995,0.3924276912511954,0.2760194392761182,-0.0959035411842141,0.7768414176057488,0.26494344124991687,0.27523383540093516,,0.0
A,A|n600|mis0.1|clo|slo,3,d:cons,,,,,,0.47208884533725304,0.13848898286317993,0.5291850400130655,0.15305213343024854,0.12126865671641791,536,65,0.8030820562154092,0.15532297111645035,0.7987494633990297,0.17545848181334922,0.0261477049388121,0.7626000326637269,0.5035458459828958,0.4743062544931704,,0.44
A,A|n600|mis0.1|clo|slo,3,d:kmmatch,,,,,,0.45257226849583543,0.11222570023611983,,,0.12126865671641791,536,65,,,,,,,,,,0.05
A,A|n600|mis0.1|clo|slo,3,d:random,,,,,,0.47123958843704067,0.11773920267245651,,,0.12126865671641791,536,65,,,,,,,,,,0.0
A,A|n600|mis0.2|chi|shi,3,b:default,0.8568158601059485,0.46904308761758684,1.0,1.0,1.0,,,,,,544,106,,,,,,,,,,0.41
A,A|n600|mis0.2|chi|shi,3,b:rank16,0.8711708285837159,0.46904308761758684,1.0,1.0,1.0,,,,,,544,106,,,,,,,,,,0.17
A,A|n600|mis0.2|chi|shi,3,b:robust,0.8711708285837159,0.46904308761758684,1.0,1.0,1.0,,,,,,544,106,,,,,,,,,,0.49
A,A|n600|mis0.2|chi|shi,3,b:alpha05,0.8673539002174202,0.46904308761758684,1.0,1.0,1.0,,,,,,544,106,,,,,,,,,,0.42
A,A|n600|mis0.2|chi|shi,3,b:concat05,0.8568866800881819,0.46904308761758684,1.0,1.0,1.0,,,,,,544,106,,,,,,,,,,0.42
A,A|n600|mis0.2|chi|shi,3,b:text_only,0.8711708285837159,0.46904308761758684,1.0,1.0,1.0,,,,,,544,106,,,,,,,,,,0.11
A,A|n600|mis0.2|chi|shi,3,b:image_only,0.8711708285837159,0.46904308761758684,1.0,1.0,1.0,,,,,,544,106,,,,,,,,,,0.17
A,A|n600|mis0.2|chi|shi,3,b:structure_only,0.8711708285837159,0.46904308761758684,1.0,1.0,1.0,,,,,,544,106,,,,,,,,,,0.03
A,A|n600|mis0.2|chi|shi,3,b:spectral,0.865289046358271,0.4683167075725469,0.9983333333333333,1.0,1.0,,,,,,544,106,,,,,,,,,,0.06
A,A|n600|mis0.2|chi|shi,3,b:kmeans_content,0.5044152919800476,0.29589470111804494,0.8316666666666667,1.0,0.08490566037735849,,,,,,544,106,,,,,,,,,,0.08
A,A|n600|mis0.2|chi|shi,3,d:default,,,,,,0.8798139054019126,0.7062179021280287,0.8798139054019126,0.7062179021280287,0.1948529411764706,544,106,0.8997893601903844,0.0697374498370571,0.7080723316341955,0.18839099072927573,1.3496769277636207,0.38610321357801325,0.6980064165000115,0.5197175893804331,,0.0
A,A|n600|mis0.2|chi|shi,3,d:rank16,,,,,,0.9887783234255191,0.9586453199834383,0.9887783234255191,0.9586453199834383,0.1948529411764706,544,106,0.7780519889996035,0.1545220610316032,0.15543617396166287,0.20339246064665495,3.447145882099344,0.10821056259153958,0.580698819645238,0.14193819703777077,,0.0
A,A|n600|mis0.2|chi|shi,3,d:cons,,,,,,0.8798139054019126,0.7062179021280287,0.8940725424312914,0.6997050719655669,0.1948529411764706,544,106,0.8997893601903844,0.0697374498370571,0.7080723316341955,0.18839099072927573,1.3496769277636207,0.38610321357801325,0.5769276049681711,0.18212933041453835,,0.34
A,A|n600|mis0.2|chi|shi,3,d:kmmatch,,,,,,1.0,1.0,,,0.1948529411764706,544,106,,,,,,,,,,0.05
A,A|n600|mis0.2|chi|shi,3,d:random,,,,,,0.49168605152063405,0.19442110432301882,,,0.1948529411764706,544,106,,,,,,,,,,0.0
A,A|n600|mis0.2|clo|shi,3,b:default,0.39341988111946136,0.2934550305801231,0.705,0.678082191780822,0.7452830188679245,,,,,,544,106,,,,,,,,,,0.41
A,A|n600|mis0.2|clo|shi,3,b:rank16,0.8711708285837159,0.46904308761758684,1.0,1.0,1.0,,,,,,544,106,,,,,,,,,,0.2
A,A|n600|mis0.2|clo|shi,3,b:robust,0.8673539002174202,0.46904308761758684,1.0,1.0,1.0,,,,,,544,106,,,,,,,,,,0.49
A,A|n600|mis0.2|clo|shi,3,b:alpha05,0.8711708285837159,0.46904308761758684,1.0,1.0,1.0,,,,,,544,106,,,,,,,,,,0.42
A,A|n600|mis0.2|clo|shi,3,b:concat05,0.6102274059174452,0.39613242166396506,0.8333333333333334,0.8242009132420092,0.8773584905660378,,,,,,544,106,,,,,,,,,,0.41
A,A|n600|mis0.2|clo|shi,3,b:text_only,0.8711708285837159,0.46904308761758684,1.0,1.0,1.0,,,,,,544,106,,,,,,,,,,0.19
A,A|n600|mis0.2|clo|shi,3,b:image_only,0.8711708285837159,0.46904308761758684,1.0,1.0,1.0,,,,,,544,106,,,,,,,,,,0.25
A,A|n600|mis0.2|clo|shi,3,b:structure_only,0.8711708285837159,0.46904308761758684,1.0,1.0,1.0,,,,,,544,106,,,,,,,,,,0.03
A,A|n600|mis0.2|clo|shi,3,b:spectral,0.8711708285837159,0.46904308761758684,1.0,1.0,1.0,,,,,,544,106,,,,,,,,,,0.08
A,A|n600|mis0.2|clo|shi,3,b:kmeans_content,0.0,0.0014820374157826222,0.22,0.2237442922374429,0.22641509433962265,,,,,,544,106,,,,,,,,,,0.09
A,A|n600|mis0.2|clo|shi,3,d:default,,,,,,0.49317222365813734,0.20053294770028668,0.49317222365813734,0.20053294770028668,0.1948529411764706,544,106,0.8135176427531366,0.13866249091871247,0.8120184826423102,0.15295112396764393,0.010269504824481869,0.8245455328680968,0.6191203025521559,0.6210401665516719,,0.0
A,A|n600|mis0.2|clo|shi,3,d:rank16,,,,,,0.5436159214267253,0.2332301854746612,0.5436159214267253,0.2332301854746612,0.1948529411764706,544,106,0.40652953740165454,0.30275787566627593,0.3555652610698892,0.3225508912520946,0.16292355720284252,0.7615232187473077,0.29405554283626645,0.27029158980549556,,0.0
A,A|n600|mis0.2|clo|shi,3,d:cons,,,,,,0.49317222365813734,0.20053294770028668,0.5048892909451193,0.19306026528645343,0.1948529411764706,544,106,0.8135176427531366,0.13866249091871247,0.8120184826423102,0.15295112396764393,0.010269504824481869,0.8245455328680968,0.5009544472194892,0.4960561520553181,,0.42
A,A|n600|mis0.2|clo|shi,3,d:kmmatch,,,,,,0.47781511157060397,0.18820657925302636,,,0.1948529411764706,544,106,,,,,,,,,,0.06
A,A|n600|mis0.2|clo|shi,3,d:random,,,,,,0.49168605152063405,0.19442110432301882,,,0.1948529411764706,544,106,,,,,,,,,,0.0
A,A|n600|mis0.4|chi|shi,3,b:default,0.15665477147507934,0.19555810054758194,0.47833333333333333,0.47987616099071206,0.4383561643835616,,,,,,542,219,,,,,,,,,,0.38
A,A|n600|mis0.4|chi|shi,3,b:rank16,0.8711708285837159,0.46904308761758684,1.0,1.0,1.0,,,,,,542,219,,,,,,,,,,0.17
A,A|n600|mis0.4|chi|shi,3,b:robust,0.8711708285837159,0.46904308761758684,1.0,1.0,1.0,,,,,,542,219,,,,,,,,,,0.45
A,A|n600|mis0.4|chi|shi,3,b:alpha05,0.8711708285837159,0.46904308761758684,1.0,1.0,1.0,,,,,,542,219,,,,,,,,,,0.41
A,A|n600|mis0.4|chi|shi,3,b:concat05,0.8693226657702857,0.46904308761758684,1.0,1.0,1.0,,,,,,542,219,,,,,,,,,,0.42
A,A|n600|mis0.4|chi|shi,3,b:text_only,0.8711708285837159,0.46904308761758684,1.0,1.0,1.0,,,,,,542,219,,,,,,,,,,0.14
A,A|n600|mis0.4|chi|shi,3,b:image_only,0.8711708285837159,0.46904308761758684,1.0,1.0,1.0,,,,,,542,219,,,,,,,,,,0.22
A,A|n600|mis0.4|chi|shi,3,b:structure_only,0.8711708285837159,0.46904308761758684,1.0,1.0,1.0,,,,,,542,219,,,,,,,,,,0.05
A,A|n600|mis0.4|chi|shi,3,b:spectral,0.8711708285837159,0.46904308761758684,1.0,1.0,1.0,,,,,,542,219,,,,,,,,,,0.08
A,A|n600|mis0.4|chi|shi,3,b:kmeans_content,0.8030850008970969,0.44598893078683205,0.9766666666666667,1.0,1.0,,,,,,542,219,,,,,,,,,,0.08
A,A|n600|mis0.4|chi|shi,3,d:default,,,,,,0.5865105955864681,0.5046538006152365,0.5865105955864681,0.5046538006152365,0.4040590405904059,542,219,0.8429127022775975,0.10745874959625375,0.8007312577759405,0.14267709898750713,0.33397421837768726,0.8288448760903063,0.646662449505097,0.6054899727396587,,0.02
A,A|n600|mis0.4|chi|shi,3,d:rank16,,,,,,0.9651526075462629,0.9502424616266373,0.9651526075462629,0.9502424616266373,0.4040590405904059,542,219,0.7311354010772125,0.16437931321531266,0.1866474771340541,0.24412082326224144,2.616407310329904,0.19318037236524024,0.5364934691137413,0.1631458241937315,,0.0
A,A|n600|mis0.4|chi|shi,3,d:cons,,,,,,0.5865105955864681,0.5046538006152365,0.7188741394178436,0.6355774604932944,0.4040590405904059,542,219,0.8429127022775975,0.10745874959625375,0.8007312577759405,0.14267709898750713,0.33397421837768726,0.8288448760903063,0.5886015462708092,0.36932283358232254,,0.41
A,A|n600|mis0.4|chi|shi,3,d:kmmatch,,,,,,1.0,1.0,,,0.4040590405904059,542,219,,,,,,,,,,0.03
A,A|n600|mis0.4|chi|shi,3,d:random,,,,,,0.48379207486888054,0.40126692248865836,,,0.4040590405904059,542,219,,,,,,,,,,0.0
A,A|n600|mis0.2|clo|slo,3,b:default,0.016474085139578598,0.06489226113854749,0.3416666666666667,0.3515981735159817,0.22641509433962265,,,,,,544,106,,,,,,,,,,0.41
A,A|n600|mis0.2|clo|slo,3,b:rank16,0.029495041312150305,0.07634802570011248,0.3283333333333333,0.3470319634703196,0.27358490566037735,,,,,,544,106,,,,,,,,,,0.25
A,A|n600|mis0.2|clo|slo,3,b:robust,0.08271388910743105,0.08526170601480577,0.425,0.4337899543378995,0.39622641509433965,,,,,,544,106,,,,,,,,,,0.5
A,A|n600|mis0.2|clo|slo,3,b:alpha05,0.02267669009347628,0.0740528225060083,0.36833333333333335,0.3607305936073059,0.3490566037735849,,,,,,544,106,,,,,,,,,,0.47
A,A|n600|mis0.2|clo|slo,3,b:concat05,0.026561655673445594,0.07902505407138279,0.355,0.3698630136986301,0.2830188679245283,,,,,,544,106,,,,,,,,,,0.47
A,A|n600|mis0.2|clo|slo,3,b:text_only,0.015020300107567386,0.07178344998100575,0.27,0.2785388127853881,0.22641509433962265,,,,,,544,106,,,,,,,,,,0.62
A,A|n600|mis0.2|clo|slo,3,b:image_only,0.005128987211971303,0.0777542567053515,0.32166666666666666,0.3356164383561644,0.2641509433962264,,,,,,544,106,,,,,,,,,,0.69
A,A|n600|mis0.2|clo|slo,3,b:structure_only,0.058535439898942165,0.08540295339779615,0.4083333333333333,0.4063926940639269,0.36792452830188677,,,,,,544,106,,,,,,,,,,0.06
A,A|n600|mis0.2|clo|slo,3,b:spectral,0.027738766846003626,0.06479208706974046,0.37333333333333335,0.3607305936073059,0.37735849056603776,,,,,,544,106,,,,,,,,,,0.09
A,A|n600|mis0.2|clo|slo,3,b:kmeans_content,0.0,0.0007533403263767155,0.22,0.2237442922374429,0.22641509433962265,,,,,,544,106,,,,,,,,,,0.08
A,A|n600|mis0.2|clo|slo,3,d:default,,,,,,0.49317222365813734,0.20053294770028668,0.49317222365813734,0.20053294770028668,0.1948529411764706,544,106,0.8135176427531366,0.13866249091871247,0.8120184826423102,0.15295112396764393,0.010269504824481869,0.8245455328680968,0.6191203025521559,0.6210401665516719,,0.02
A,A|n600|mis0.2|clo|slo,3,d:rank16,,,,,,0.5436159214267253,0.2332301854746612,0.5436159214267253,0.2332301854746612,0.1948529411764706,544,106,0.40652953740165454,0.30275787566627593,0.3555652610698892,0.3225508912520946,0.16292355720284252,0.7615232187473077,0.29405554283626645,0.27029158980549556,,0.0
A,A|n600|mis0.2|clo|slo,3,d:cons,,,,,,0.49317222365813734,0.20053294770028668,0.4772766434048419,0.18719846122538214,0.1948529411764706,544,106,0.8135176427531366,0.13866249091871247,0.8120184826423102,0.15295112396764393,0.010269504824481869,0.8245455328680968,0.49556413296669105,0.5183293373640502,,0.44
A,A|n600|mis0.2|clo|slo,3,d:kmmatch,,,,,,0.47781511157060397,0.18820657925302636,,,0.1948529411764706,544,106,,,,,,,,,,0.03
A,A|n600|mis0.2|clo|slo,3,d:random,,,,,,0.49168605152063405,0.19442110432301882,,,0.1948529411764706,544,106,,,,,,,,,,0.0
A,A|n600|mis0.2|chi|slo,3,b:default,0.15192898456953063,0.07127316765717108,0.5083333333333333,0.5182648401826484,0.4811320754716981,,,,,,544,106,,,,,,,,,,0.44
A,A|n600|mis0.2|chi|slo,3,b:rank16,0.16101520696499427,0.07191722047854092,0.49666666666666665,0.5365296803652968,0.3584905660377358,,,,,,544,106,,,,,,,,,,0.23
A,A|n600|mis0.2|chi|slo,3,b:robust,0.6808690968612447,0.09065810881003347,0.9616666666666667,1.0,0.8301886792452831,,,,,,544,106,,,,,,,,,,0.44
A,A|n600|mis0.2|chi|slo,3,b:alpha05,0.13874709735665158,0.07442952772087434,0.4683333333333333,0.4726027397260274,0.4339622641509434,,,,,,544,106,,,,,,,,,,0.42
A,A|n600|mis0.2|chi|slo,3,b:concat05,0.7113943444448139,0.08906489886052339,0.9566666666666667,1.0,0.8018867924528302,,,,,,544,106,,,,,,,,,,0.44
A,A|n600|mis0.2|chi|slo,3,b:text_only,0.0547680747257101,0.08178045315925743,0.365,0.3607305936073059,0.3584905660377358,,,,,,544,106,,,,,,,,,,1.81
A,A|n600|mis0.2|chi|slo,3,b:image_only,0.03157043058241216,0.07528839051860245,0.2866666666666667,0.2899543378995434,0.22641509433962265,,,,,,544,106,,,,,,,,,,1.25
A,A|n600|mis0.2|chi|slo,3,b:structure_only,0.058535439898942165,0.08540295339779615,0.4083333333333333,0.4063926940639269,0.36792452830188677,,,,,,544,106,,,,,,,,,,0.06
A,A|n600|mis0.2|chi|slo,3,b:spectral,0.808082217470609,0.09216382735466819,0.98,1.0,0.8962264150943396,,,,,,544,106,,,,,,,,,,0.09
A,A|n600|mis0.2|chi|slo,3,b:kmeans_content,0.5044152919800476,0.06022563548153792,0.8316666666666667,1.0,0.08490566037735849,,,,,,544,106,,,,,,,,,,0.08
A,A|n600|mis0.2|chi|slo,3,d:default,,,,,,0.8798139054019126,0.7062179021280287,0.8798139054019126,0.7062179021280287,0.1948529411764706,544,106,0.8997893601903844,0.0697374498370571,0.7080723316341955,0.18839099072927573,1.3496769277636207,0.38610321357801325,0.6980064165000115,0.5197175893804331,,0.0
A,A|n600|mis0.2|chi|slo,3,d:rank16,,,,,,0.9887783234255191,0.9586453199834383,0.9887783234255191,0.9586453199834383,0.1948529411764706,544,106,0.7780519889996035,0.1545220610316032,0.15543617396166287,0.20339246064665495,3.447145882099344,0.10821056259153958,0.580698819645238,0.14193819703777077,,0.0
A,A|n600|mis0.2|chi|slo,3,d:cons,,,,,,0.8798139054019126,0.7062179021280287,0.6722236581373309,0.31942068590097555,0.1948529411764706,544,106,0.8997893601903844,0.0697374498370571,0.7080723316341955,0.18839099072927573,1.3496769277636207,0.38610321357801325,0.5336200879605103,0.3610792591820425,,0.42
A,A|n600|mis0.2|chi|slo,3,d:kmmatch,,,,,,1.0,1.0,,,0.1948529411764706,544,106,,,,,,,,,,0.03
A,A|n600|mis0.2|chi|slo,3,d:random,,,,,,0.49168605152063405,0.19442110432301882,,,0.1948529411764706,544,106,,,,,,,,,,0.0
A,A|n600|mis0.4|clo|shi,3,b:default,0.2038989206564774,0.20659679348448964,0.5483333333333333,0.5325077399380805,0.54337899543379,,,,,,542,219,,,,,,,,,,0.47
A,A|n600|mis0.4|clo|shi,3,b:rank16,0.8711708285837159,0.46904308761758684,1.0,1.0,1.0,,,,,,542,219,,,,,,,,,,0.17
A,A|n600|mis0.4|clo|shi,3,b:robust,0.8711708285837159,0.46904308761758684,1.0,1.0,1.0,,,,,,542,219,,,,,,,,,,0.47
A,A|n600|mis0.4|clo|shi,3,b:alpha05,0.8673539002174202,0.46904308761758684,1.0,1.0,1.0,,,,,,542,219,,,,,,,,,,0.42
A,A|n600|mis0.4|clo|shi,3,b:concat05,0.6715675942505837,0.4034091163486738,0.8983333333333333,0.8885448916408669,0.9178082191780822,,,,,,542,219,,,,,,,,,,0.42
A,A|n600|mis0.4|clo|shi,3,b:text_only,0.8711708285837159,0.46904308761758684,1.0,1.0,1.0,,,,,,542,219,,,,,,,,,,0.16
A,A|n600|mis0.4|clo|shi,3,b:image_only,0.8711708285837159,0.46904308761758684,1.0,1.0,1.0,,,,,,542,219,,,,,,,,,,0.22
A,A|n600|mis0.4|clo|shi,3,b:structure_only,0.8711708285837159,0.46904308761758684,1.0,1.0,1.0,,,,,,542,219,,,,,,,,,,0.03
A,A|n600|mis0.4|clo|shi,3,b:spectral,0.8711708285837159,0.46904308761758684,1.0,1.0,1.0,,,,,,542,219,,,,,,,,,,0.08
A,A|n600|mis0.4|clo|shi,3,b:kmeans_content,0.0,0.0029653250053539373,0.21833333333333332,0.23219814241486067,0.2100456621004566,,,,,,542,219,,,,,,,,,,0.09
A,A|n600|mis0.4|clo|shi,3,d:default,,,,,,0.5287190579187695,0.4091013195997558,0.5287190579187695,0.4091013195997558,0.4040590405904059,542,219,0.8088271974379073,0.17099893399233643,0.813194879790433,0.13498055997787103,-0.028353090639254352,0.8259044064633784,0.6167585774627583,0.6182664198256574,,0.0
A,A|n600|mis0.4|clo|shi,3,d:rank16,,,,,,0.5060293764225229,0.4283839044927002,0.5060293764225229,0.4283839044927002,0.4040590405904059,542,219,0.3799339891442329,0.29342321112858116,0.37109526944276555,0.3168321556361697,0.02894599395177802,0.8240383392001357,0.2736853582038533,0.2750262431240089,,0.0
A,A|n600|mis0.4|clo|shi,3,d:cons,,,,,,0.5287190579187695,0.4091013195997558,0.5633543972744108,0.4667587622314972,0.4040590405904059,542,219,0.8088271974379073,0.17099893399233643,0.813194879790433,0.13498055997787103,-0.028353090639254352,0.8259044064633784,0.5256462347561848,0.4621747313869969,,0.45
A,A|n600|mis0.4|clo|shi,3,d:kmmatch,,,,,,0.5017883144606077,0.4049226062181382,,,0.4040590405904059,542,219,,,,,,,,,,0.03
A,A|n600|mis0.4|clo|shi,3,d:random,,,,,,0.48379207486888054,0.40126692248865836,,,0.4040590405904059,542,219,,,,,,,,,,0.0
A,A|n600|mis0.4|chi|slo,3,b:default,0.058313974159266535,0.06847764285908936,0.385,0.4024767801857585,0.3515981735159817,,,,,,542,219,,,,,,,,,,0.45
A,A|n600|mis0.4|chi|slo,3,b:rank16,0.11958041275880282,0.08529821415013941,0.445,0.47987616099071206,0.4246575342465753,,,,,,542,219,,,,,,,,,,0.2
A,A|n600|mis0.4|chi|slo,3,b:robust,0.5663206478058697,0.08439495175488292,0.9166666666666666,1.0,0.8538812785388128,,,,,,542,219,,,,,,,,,,0.47
A,A|n600|mis0.4|chi|slo,3,b:alpha05,0.057283147302767734,0.07902259803658729,0.4166666666666667,0.4458204334365325,0.365296803652968,,,,,,542,219,,,,,,,,,,0.41
A,A|n600|mis0.4|chi|slo,3,b:concat05,0.14152184468322426,0.07363465961718285,0.43166666666666664,0.46439628482972134,0.3698630136986301,,,,,,542,219,,,,,,,,,,0.44
A,A|n600|mis0.4|chi|slo,3,b:text_only,0.07138081160752718,0.08261465408003306,0.38333333333333336,0.38699690402476783,0.3744292237442922,,,,,,542,219,,,,,,,,,,1.67
A,A|n600|mis0.4|chi|slo,3,b:image_only,0.02799005253261244,0.07482621964409586,0.28833333333333333,0.3157894736842105,0.2602739726027397,,,,,,542,219,,,,,,,,,,1.06
A,A|n600|mis0.4|chi|slo,3,b:structure_only,0.058535439898942165,0.08540295339779615,0.4083333333333333,0.4148606811145511,0.4063926940639269,,,,,,542,219,,,,,,,,,,0.06
A,A|n600|mis0.4|chi|slo,3,b:spectral,0.807486092575382,0.0923691709606926,0.9783333333333334,1.0,0.9771689497716894,,,,,,542,219,,,,,,,,,,0.08
A,A|n600|mis0.4|chi|slo,3,b:kmeans_content,0.8030850008970969,0.09023879042452274,0.9766666666666667,1.0,1.0,,,,,,542,219,,,,,,,,,,0.09
A,A|n600|mis0.4|chi|slo,3,d:default,,,,,,0.5865105955864681,0.5046538006152365,0.5865105955864681,0.5046538006152365,0.4040590405904059,542,219,0.8429127022775975,0.10745874959625375,0.8007312577759405,0.14267709898750713,0.33397421837768726,0.8288448760903063,0.646662449505097,0.6054899727396587,,0.02
A,A|n600|mis0.4|chi|slo,3,d:rank16,,,,,,0.9651526075462629,0.9502424616266373,0.9651526075462629,0.9502424616266373,0.4040590405904059,542,219,0.7311354010772125,0.16437931321531266,0.1866474771340541,0.24412082326224144,2.616407310329904,0.19318037236524024,0.5364934691137413,0.1631458241937315,,0.0
A,A|n600|mis0.4|chi|slo,3,d:cons,,,,,,0.5865105955864681,0.5046538006152365,0.5874577660912959,0.470755830010548,0.4040590405904059,542,219,0.8429127022775975,0.10745874959625375,0.8007312577759405,0.14267709898750713,0.33397421837768726,0.8288448760903063,0.5354034210240182,0.4477839954759915,,0.41
A,A|n600|mis0.4|chi|slo,3,d:kmmatch,,,,,,1.0,1.0,,,0.4040590405904059,542,219,,,,,,,,,,0.02
A,A|n600|mis0.4|chi|slo,3,d:random,,,,,,0.48379207486888054,0.40126692248865836,,,0.4040590405904059,542,219,,,,,,,,,,0.02
A,A|n600|mis0.4|clo|slo,3,b:default,0.0,0.06710502036936389,0.31,0.3188854489164087,0.3013698630136986,,,,,,542,219,,,,,,,,,,0.44
A,A|n600|mis0.4|clo|slo,3,b:rank16,0.009932747610040149,0.07354199023343744,0.32666666666666666,0.3281733746130031,0.3242009132420091,,,,,,542,219,,,,,,,,,,0.19
A,A|n600|mis0.4|clo|slo,3,b:robust,0.017583481626023856,0.08626386611432992,0.35833333333333334,0.34674922600619196,0.3744292237442922,,,,,,542,219,,,,,,,,,,0.59
A,A|n600|mis0.4|clo|slo,3,b:alpha05,0.030616629568553266,0.07103309992533968,0.36666666666666664,0.4117647058823529,0.3150684931506849,,,,,,542,219,,,,,,,,,,0.47
A,A|n600|mis0.4|clo|slo,3,b:concat05,0.018923760188910288,0.0786269129425905,0.36666666666666664,0.3653250773993808,0.3607305936073059,,,,,,542,219,,,,,,,,,,0.47
A,A|n600|mis0.4|clo|slo,3,b:text_only,0.01622312232015477,0.07757742461743289,0.3466666666666667,0.3591331269349845,0.3150684931506849,,,,,,542,219,,,,,,,,,,0.58
A,A|n600|mis0.4|clo|slo,3,b:image_only,0.02346369535015591,0.07646284653548042,0.31166666666666665,0.30340557275541796,0.2968036529680365,,,,,,542,219,,,,,,,,,,0.77
A,A|n600|mis0.4|clo|slo,3,b:structure_only,0.058535439898942165,0.08540295339779615,0.4083333333333333,0.4148606811145511,0.4063926940639269,,,,,,542,219,,,,,,,,,,0.06
A,A|n600|mis0.4|clo|slo,3,b:spectral,0.03974111151570381,0.06655382427691332,0.4166666666666667,0.44272445820433437,0.3698630136986301,,,,,,542,219,,,,,,,,,,0.09
A,A|n600|mis0.4|clo|slo,3,b:kmeans_content,0.0,-0.0026490692192577825,0.21833333333333332,0.23219814241486067,0.2100456621004566,,,,,,542,219,,,,,,,,,,0.08
A,A|n600|mis0.4|clo|slo,3,d:default,,,,,,0.5287190579187695,0.4091013195997558,0.5287190579187695,0.4091013195997558,0.4040590405904059,542,219,0.8088271974379073,0.17099893399233643,0.813194879790433,0.13498055997787103,-0.028353090639254352,0.8259044064633784,0.6167585774627583,0.6182664198256574,,0.02
A,A|n600|mis0.4|clo|slo,3,d:rank16,,,,,,0.5060293764225229,0.4283839044927002,0.5060293764225229,0.4283839044927002,0.4040590405904059,542,219,0.3799339891442329,0.29342321112858116,0.37109526944276555,0.3168321556361697,0.02894599395177802,0.8240383392001357,0.2736853582038533,0.2750262431240089,,0.0
A,A|n600|mis0.4|clo|slo,3,d:cons,,,,,,0.5287190579187695,0.4091013195997558,0.5229088030309457,0.426342368799706,0.4040590405904059,542,219,0.8088271974379073,0.17099893399233643,0.813194879790433,0.13498055997787103,-0.028353090639254352,0.8259044064633784,0.5092736189718615,0.48632247064880696,,0.47
A,A|n600|mis0.4|clo|slo,3,d:kmmatch,,,,,,0.5017883144606077,0.4049226062181382,,,0.4040590405904059,542,219,,,,,,,,,,0.05
A,A|n600|mis0.4|clo|slo,3,d:random,,,,,,0.48379207486888054,0.40126692248865836,,,0.4040590405904059,542,219,,,,,,,,,,0.0
B,B|crisismmd|q0.0,3,b:default,0.5855930682968469,0.5095026545748423,0.8925,0.8925,nan,,,,,,800,0,,,,,,,,,,0.88
B,B|crisismmd|q0.0,3,b:rank16,0.745430054054175,0.3762015621830198,0.69,0.69,nan,,,,,,800,0,,,,,,,,,,0.3
B,B|crisismmd|q0.0,3,b:robust,0.6737651745988944,0.5178008654473345,0.92875,0.92875,nan,,,,,,800,0,,,,,,,,,,0.95
B,B|crisismmd|q0.0,3,b:alpha05,0.6188937878121747,0.5165515097885264,0.9075,0.9075,nan,,,,,,800,0,,,,,,,,,,0.91
B,B|crisismmd|q0.0,3,b:concat05,0.7052118547228354,0.4395701363060098,0.79125,0.79125,nan,,,,,,800,0,,,,,,,,,,0.84
B,B|crisismmd|q0.0,3,b:text_only,0.6756034186124553,0.4744613713454857,0.79875,0.79875,nan,,,,,,800,0,,,,,,,,,,0.53
B,B|crisismmd|q0.0,3,b:image_only,0.6547473018941881,0.42943507452686286,0.7125,0.7125,nan,,,,,,800,0,,,,,,,,,,0.92
B,B|crisismmd|q0.0,3,b:structure_only,0.571766930337541,0.5149834821480307,0.86625,0.86625,nan,,,,,,800,0,,,,,,,,,,0.06
B,B|crisismmd|q0.0,3,b:spectral,0.8788156780705653,0.5166905339443814,0.96875,0.96875,nan,,,,,,800,0,,,,,,,,,,0.11
B,B|crisismmd|q0.0,3,b:kmeans_content,0.39539755295434365,0.2176557456491359,0.60625,0.60625,nan,,,,,,800,0,,,,,,,,,,0.28
B,B|crisismmd|q0.0,3,d:default,,,,,,nan,nan,nan,nan,0.0,800,0,0.8444524086373858,0.1435308813760696,,,,,0.6451065839352376,,,0.0
B,B|crisismmd|q0.0,3,d:rank16,,,,,,nan,nan,nan,nan,0.0,800,0,0.6183761824643631,0.2785227461372536,,,,,0.4521050619829313,,,0.0
B,B|crisismmd|q0.0,3,d:cons,,,,,,nan,nan,nan,nan,0.0,800,0,0.8444524086373858,0.1435308813760696,,,,,0.499375,,,0.94
B,B|crisismmd|q0.0,3,d:kmmatch,,,,,,nan,nan,,,0.0,800,0,,,,,,,,,,0.11
B,B|crisismmd|q0.0,3,d:random,,,,,,nan,nan,,,0.0,800,0,,,,,,,,,,0.0
B,B|crisismmd|q0.1,3,b:default,0.5548106345238536,0.5241540560015071,0.84875,0.8462585034013606,0.8769230769230769,,,,,,800,65,,,,,,,,,,0.95
B,B|crisismmd|q0.1,3,b:rank16,0.7574249683975952,0.3910232399606716,0.6925,0.691156462585034,0.7076923076923077,,,,,,800,65,,,,,,,,,,0.34
B,B|crisismmd|q0.1,3,b:robust,0.6681805426674816,0.5183470676341432,0.93,0.927891156462585,0.9538461538461539,,,,,,800,65,,,,,,,,,,0.91
B,B|crisismmd|q0.1,3,b:alpha05,0.5930775271584934,0.5190698844685417,0.9025,0.9020408163265307,0.9076923076923077,,,,,,800,65,,,,,,,,,,0.92
B,B|crisismmd|q0.1,3,b:concat05,0.6631925738667823,0.30941672986485286,0.605,0.6054421768707483,0.6,,,,,,800,65,,,,,,,,,,1.08
B,B|crisismmd|q0.1,3,b:text_only,0.6756034186124553,0.4744613713454857,0.79875,0.7986394557823129,0.8,,,,,,800,65,,,,,,,,,,0.48
B,B|crisismmd|q0.1,3,b:image_only,0.6520155914283217,0.4288852534446341,0.71125,0.7156462585034014,0.6615384615384615,,,,,,800,65,,,,,,,,,,0.94
B,B|crisismmd|q0.1,3,b:structure_only,0.571766930337541,0.5149834821480307,0.86625,0.8680272108843538,0.8461538461538461,,,,,,800,65,,,,,,,,,,0.05
B,B|crisismmd|q0.1,3,b:spectral,0.8610307816665036,0.5159158183843318,0.965,0.9659863945578231,0.9538461538461539,,,,,,800,65,,,,,,,,,,0.09
B,B|crisismmd|q0.1,3,b:kmeans_content,0.3903051473788667,0.20036079341416257,0.6025,0.5931972789115646,0.7076923076923077,,,,,,800,65,,,,,,,,,,0.27
B,B|crisismmd|q0.1,3,d:default,,,,,,0.6484563055991628,0.13457568806031647,0.6484563055991628,0.13457568806031647,0.08125,800,65,0.8342515406836636,0.15335413429743971,0.761781861741074,0.1808293897862641,0.4322534160774463,0.6961800104657248,0.6366862044967101,0.569560941837618,,0.0
B,B|crisismmd|q0.1,3,d:rank16,,,,,,0.8534589220303506,0.32505353910702894,0.8534589220303506,0.32505353910702894,0.08125,800,65,0.6055781030355505,0.28809891175339586,0.16257892058941836,0.3228433541015212,1.447876699595948,0.3893249607535322,0.4446920840804689,0.18039116352382986,,0.0
B,B|crisismmd|q0.1,3,d:cons,,,,,,0.6484563055991628,0.13457568806031647,0.5519518576661434,0.10967114101084063,0.08125,800,65,0.8342515406836636,0.15335413429743971,0.761781861741074,0.1808293897862641,0.4322534160774463,0.6961800104657248,0.5036059536596593,0.45153267784846735,,0.88
B,B|crisismmd|q0.1,3,d:kmmatch,,,,,,0.6374672946101518,0.109166152474976,,,0.08125,800,65,,,,,,,,,,0.12
B,B|crisismmd|q0.1,3,d:random,,,,,,0.5060596546310832,0.0892173034260857,,,0.08125,800,65,,,,,,,,,,0.0
B,B|fakeddit_real_lcc|q0.0,3,b:default,0.08179244986982948,0.414772745755868,0.4391891891891892,0.44197952218430037,nan,,,,,,586,0,,,,,,,,,,0.48
B,B|fakeddit_real_lcc|q0.0,3,b:rank16,0.18911952444339142,0.712165815450602,0.3902027027027027,0.3873720136518771,nan,,,,,,586,0,,,,,,,,,,0.27
B,B|fakeddit_real_lcc|q0.0,3,b:robust,0.2295833005467176,0.7438392952387343,0.46959459459459457,0.46928327645051193,nan,,,,,,586,0,,,,,,,,,,0.55
B,B|fakeddit_real_lcc|q0.0,3,b:alpha05,0.16245168727304904,0.6585650352544217,0.4375,0.4351535836177474,nan,,,,,,586,0,,,,,,,,,,0.53
B,B|fakeddit_real_lcc|q0.0,3,b:concat05,0.17341299546258915,0.6427862465646546,0.3783783783783784,0.37542662116040953,nan,,,,,,586,0,,,,,,,,,,0.59
B,B|fakeddit_real_lcc|q0.0,3,b:text_only,0.21090957734894522,0.7679716796332668,0.3935810810810811,0.39078498293515357,nan,,,,,,586,0,,,,,,,,,,0.47
B,B|fakeddit_real_lcc|q0.0,3,b:image_only,0.19579158079504544,0.7418782528359886,0.3935810810810811,0.39078498293515357,nan,,,,,,586,0,,,,,,,,,,0.14
B,B|fakeddit_real_lcc|q0.0,3,b:structure_only,0.17424113339564118,0.7151088831451291,0.32263513513513514,0.32593856655290104,nan,,,,,,586,0,,,,,,,,,,0.06
B,B|fakeddit_real_lcc|q0.0,3,b:spectral,0.5227766958073978,0.6186289805504904,0.7280405405405406,0.7286689419795221,nan,,,,,,586,0,,,,,,,,,,0.06
B,B|fakeddit_real_lcc|q0.0,3,b:kmeans_content,0.24157393076844103,0.33218394008981705,0.47635135135135137,0.47952218430034127,nan,,,,,,586,0,,,,,,,,,,0.16
B,B|fakeddit_real_lcc|q0.0,3,d:default,,,,,,nan,nan,nan,nan,0.0,586,0,0.8023030324908124,0.20916427244768881,,,,,0.6134493069655587,,,0.0
B,B|fakeddit_real_lcc|q0.0,3,d:rank16,,,,,,nan,nan,nan,nan,0.0,586,0,0.5134349356825357,0.3092474523609914,,,,,0.3751698449094107,,,0.0
B,B|fakeddit_real_lcc|q0.0,3,d:cons,,,,,,nan,nan,nan,nan,0.0,586,0,0.8023030324908124,0.20916427244768881,,,,,0.5,,,0.45
B,B|fakeddit_real_lcc|q0.0,3,d:kmmatch,,,,,,nan,nan,,,0.0,586,0,,,,,,,,,,0.09
B,B|fakeddit_real_lcc|q0.0,3,d:random,,,,,,nan,nan,,,0.0,586,0,,,,,,,,,,0.0
B,B|crisismmd|q0.2,3,b:default,0.6087464795452495,0.5255792732429624,0.8425,0.8432267884322678,0.8391608391608392,,,,,,800,143,,,,,,,,,,0.91
B,B|crisismmd|q0.2,3,b:rank16,0.690678494257299,0.4598554048370449,0.82625,0.8127853881278538,0.8881118881118881,,,,,,800,143,,,,,,,,,,0.33
B,B|crisismmd|q0.2,3,b:robust,0.6586891835917397,0.5208086905033197,0.9325,0.9315068493150684,0.9370629370629371,,,,,,800,143,,,,,,,,,,0.95
B,B|crisismmd|q0.2,3,b:alpha05,0.5842616477640528,0.5020264350060398,0.85375,0.8538812785388128,0.8531468531468531,,,,,,800,143,,,,,,,,,,0.92
B,B|crisismmd|q0.2,3,b:concat05,0.7035110123326882,0.44392513178950277,0.79875,0.8006088280060882,0.7902097902097902,,,,,,800,143,,,,,,,,,,0.89
B,B|crisismmd|q0.2,3,b:text_only,0.6756034186124553,0.4744613713454857,0.79875,0.791476407914764,0.8321678321678322,,,,,,800,143,,,,,,,,,,0.5
B,B|crisismmd|q0.2,3,b:image_only,0.6520155914283217,0.4293885100112244,0.71,0.7245053272450532,0.6433566433566433,,,,,,800,143,,,,,,,,,,1.11
B,B|crisismmd|q0.2,3,b:structure_only,0.571766930337541,0.5149834821480307,0.86625,0.8706240487062404,0.8461538461538461,,,,,,800,143,,,,,,,,,,0.05
B,B|crisismmd|q0.2,3,b:spectral,0.8559017072652119,0.5163699165449247,0.9625,0.9649923896499238,0.951048951048951,,,,,,800,143,,,,,,,,,,0.12
B,B|crisismmd|q0.2,3,b:kmeans_content,0.4181206843848637,0.21853530458401926,0.635,0.6225266362252664,0.6923076923076923,,,,,,800,143,,,,,,,,,,0.25
B,B|crisismmd|q0.2,3,d:default,,,,,,0.5959170205745549,0.2712064411739762,0.5959170205745549,0.2712064411739762,0.17875,800,143,0.8316149243276647,0.13994964449482747,0.768071403821769,0.20059407800717655,0.36740829403914754,0.7894008578940086,0.6316978984215494,0.5770998698410624,,0.01
B,B|crisismmd|q0.2,3,d:rank16,,,,,,0.7996402379964024,0.4409995693013978,0.7996402379964024,0.4409995693013978,0.17875,800,143,0.5957666848713778,0.28158651109129074,0.24989027687822202,0.3215759586186428,1.1443640745564883,0.5183553128758608,0.43401709163004704,0.21513395587537779,,0.0
B,B|crisismmd|q0.2,3,d:cons,,,,,,0.5959170205745549,0.2712064411739762,0.5133048078253558,0.19649636076447588,0.17875,800,143,0.8316149243276647,0.13994964449482747,0.768071403821769,0.20059407800717655,0.36740829403914754,0.7894008578940086,0.5017585821479117,0.48842385684490947,,0.81
B,B|crisismmd|q0.2,3,d:kmmatch,,,,,,0.6271567093484902,0.22744476607181524,,,0.17875,800,143,,,,,,,,,,0.12
B,B|crisismmd|q0.2,3,d:random,,,,,,0.5318197783951208,0.19269648889044383,,,0.17875,800,143,,,,,,,,,,0.0
B,B|crisismmd|q0.4,3,b:default,0.6026868018684726,0.5255715334088267,0.8375,0.8363273453093812,0.8394648829431438,,,,,,800,299,,,,,,,,,,1.0
B,B|crisismmd|q0.4,3,b:rank16,0.7131543455251139,0.43160065919958146,0.78625,0.7764471057884231,0.802675585284281,,,,,,800,299,,,,,,,,,,0.33
B,B|crisismmd|q0.4,3,b:robust,0.7140230439772274,0.4742210808732758,0.86625,0.8662674650698603,0.8662207357859532,,,,,,800,299,,,,,,,,,,1.05
B,B|crisismmd|q0.4,3,b:alpha05,0.5680708300909723,0.5062538487371163,0.83875,0.8403193612774451,0.8361204013377926,,,,,,800,299,,,,,,,,,,0.98
B,B|crisismmd|q0.4,3,b:concat05,0.6608303563382836,0.3271856318890538,0.645,0.6746506986027944,0.5953177257525084,,,,,,800,299,,,,,,,,,,0.94
B,B|crisismmd|q0.4,3,b:text_only,0.6756034186124553,0.4744613713454857,0.79875,0.782435129740519,0.8260869565217391,,,,,,800,299,,,,,,,,,,0.55
B,B|crisismmd|q0.4,3,b:image_only,0.6520155914283217,0.42889889228748956,0.71,0.7225548902195609,0.6889632107023411,,,,,,800,299,,,,,,,,,,1.14
B,B|crisismmd|q0.4,3,b:structure_only,0.571766930337541,0.5149834821480307,0.86625,0.8642714570858283,0.8695652173913043,,,,,,800,299,,,,,,,,,,0.05
B,B|crisismmd|q0.4,3,b:spectral,0.899067833562839,0.5274220231583369,0.9775,0.9720558882235529,0.9866220735785953,,,,,,800,299,,,,,,,,,,0.09
B,B|crisismmd|q0.4,3,b:kmeans_content,0.4363584380634673,0.2087329301618868,0.62125,0.6047904191616766,0.6488294314381271,,,,,,800,299,,,,,,,,,,0.27
B,B|crisismmd|q0.4,3,d:default,,,,,,0.5830279240849405,0.4472320457624674,0.5830279240849405,0.4472320457624674,0.37375,800,299,0.8143052874593013,0.1628229043894397,0.7685715010298104,0.17824413611135628,0.26790691720077864,0.8450390189520625,0.6188854697917643,0.573392655495474,,0.0
B,B|crisismmd|q0.4,3,d:rank16,,,,,,0.7267271477112665,0.6043711004841075,0.7267271477112665,0.6043711004841075,0.37375,800,299,0.5640660380225232,0.2773126205204569,0.3110334484450267,0.3362158569711835,0.8210684479010287,0.6144300028705132,0.406129053841273,0.24987894575287475,,0.0
B,B|crisismmd|q0.4,3,d:cons,,,,,,0.5830279240849405,0.4472320457624674,0.5366758122550885,0.4209610208549518,0.37375,800,299,0.8143052874593013,0.1628229043894397,0.7685715010298104,0.17824413611135628,0.26790691720077864,0.8450390189520625,0.513116623895067,0.4763497372193024,,0.88
B,B|crisismmd|q0.4,3,d:kmmatch,,,,,,0.6024472793543347,0.4300096231395264,,,0.37375,800,299,,,,,,,,,,0.12
B,B|crisismmd|q0.4,3,d:random,,,,,,0.4975667394308374,0.37730430169086693,,,0.37375,800,299,,,,,,,,,,0.0
B,B|fakeddit_real_lcc|q0.1,3,b:default,0.11067516187231896,0.5393441076809338,0.39864864864864863,0.3948339483394834,0.45454545454545453,,,,,,586,44,,,,,,,,,,0.5
B,B|fakeddit_real_lcc|q0.1,3,b:rank16,0.18942728960845523,0.7268338450330522,0.3902027027027027,0.3856088560885609,0.4090909090909091,,,,,,586,44,,,,,,,,,,0.24
B,B|fakeddit_real_lcc|q0.1,3,b:robust,0.2124600450679287,0.7408223697093634,0.47128378378378377,0.470479704797048,0.4772727272727273,,,,,,586,44,,,,,,,,,,0.59
B,B|fakeddit_real_lcc|q0.1,3,b:alpha05,0.16914666489769115,0.6453773571035117,0.44256756756756754,0.4446494464944649,0.4090909090909091,,,,,,586,44,,,,,,,,,,0.5
B,B|fakeddit_real_lcc|q0.1,3,b:concat05,0.16785227659866986,0.6426992833219075,0.38513513513513514,0.37822878228782286,0.4318181818181818,,,,,,586,44,,,,,,,,,,0.58
B,B|fakeddit_real_lcc|q0.1,3,b:text_only,0.21090957734894522,0.7679716796332668,0.3935810810810811,0.3874538745387454,0.4318181818181818,,,,,,586,44,,,,,,,,,,0.39
B,B|fakeddit_real_lcc|q0.1,3,b:image_only,0.21090957734894522,0.7679716796332668,0.3935810810810811,0.3874538745387454,0.4318181818181818,,,,,,586,44,,,,,,,,,,0.3
B,B|fakeddit_real_lcc|q0.1,3,b:structure_only,0.17424113339564118,0.7151088831451291,0.32263513513513514,0.32287822878228783,0.36363636363636365,,,,,,586,44,,,,,,,,,,0.05
B,B|fakeddit_real_lcc|q0.1,3,b:spectral,0.5178401411163357,0.6179848450881904,0.7263513513513513,0.7214022140221402,0.7954545454545454,,,,,,586,44,,,,,,,,,,0.08
B,B|fakeddit_real_lcc|q0.1,3,b:kmeans_content,0.21357893270496542,0.3812965844636952,0.5743243243243243,0.5830258302583026,0.5,,,,,,586,44,,,,,,,,,,0.17
B,B|fakeddit_real_lcc|q0.1,3,d:default,,,,,,0.5523733646427372,0.09313828935790028,0.5523733646427372,0.09313828935790028,0.07508532423208192,586,44,0.8008913531161321,0.20323923846659375,0.779579271458671,0.2161196700236405,0.10159333965041512,0.7050486413955048,0.6103568150534092,0.5969536099686004,,0.02
B,B|fakeddit_real_lcc|q0.1,3,d:rank16,,,,,,0.7117158671586716,0.14811959779360045,0.7117158671586716,0.14811959779360045,0.07508532423208192,586,44,0.5078853038950139,0.323968475478603,0.27398158327688393,0.3178393471362997,0.7288569795463742,0.4960583696746058,0.3761604500000034,0.21884719581442855,,0.0
B,B|fakeddit_real_lcc|q0.1,3,d:cons,,,,,,0.5523733646427372,0.09313828935790028,0.6738929889298892,0.1377999535259186,0.07508532423208192,586,44,0.8008913531161321,0.20323923846659375,0.779579271458671,0.2161196700236405,0.10159333965041512,0.7050486413955048,0.5130791307913078,0.3388888888888889,,0.51
B,B|fakeddit_real_lcc|q0.1,3,d:kmmatch,,,,,,0.5788326065078833,0.0884096067131704,,,0.07508532423208192,586,44,,,,,,,,,,0.08
B,B|fakeddit_real_lcc|q0.1,3,d:random,,,,,,0.5119506876886951,0.07853606603568203,,,0.07508532423208192,586,44,,,,,,,,,,0.02
B,B|fakeddit_real_lcc|q0.4,3,b:default,0.06822801018862967,0.4326354750263219,0.44932432432432434,0.4837837837837838,0.39814814814814814,,,,,,586,216,,,,,,,,,,0.5
B,B|fakeddit_real_lcc|q0.4,3,b:rank16,0.19580412269342373,0.7291670448754468,0.3935810810810811,0.35945945945945945,0.4444444444444444,,,,,,586,216,,,,,,,,,,0.27
B,B|fakeddit_real_lcc|q0.4,3,b:robust,0.20539087589773286,0.7079370302872856,0.46452702702702703,0.4594594594594595,0.4722222222222222,,,,,,586,216,,,,,,,,,,0.55
B,B|fakeddit_real_lcc|q0.4,3,b:alpha05,0.15669910245207852,0.7183486180982815,0.3935810810810811,0.3810810810810811,0.4074074074074074,,,,,,586,216,,,,,,,,,,0.5
B,B|fakeddit_real_lcc|q0.4,3,b:concat05,0.14340342010364315,0.5921225351907894,0.49155405405405406,0.4972972972972973,0.48148148148148145,,,,,,586,216,,,,,,,,,,0.53
B,B|fakeddit_real_lcc|q0.4,3,b:text_only,0.21090957734894522,0.7679716796332668,0.3935810810810811,0.35945945945945945,0.4444444444444444,,,,,,586,216,,,,,,,,,,0.47
B,B|fakeddit_real_lcc|q0.4,3,b:image_only,0.21090957734894522,0.7679716796332668,0.3935810810810811,0.35945945945945945,0.4444444444444444,,,,,,586,216,,,,,,,,,,0.33
B,B|fakeddit_real_lcc|q0.4,3,b:structure_only,0.17424113339564118,0.7151088831451291,0.32263513513513514,0.31351351351351353,0.3472222222222222,,,,,,586,216,,,,,,,,,,0.06
B,B|fakeddit_real_lcc|q0.4,3,b:spectral,0.5045798112372762,0.617833316724211,0.7195945945945946,0.7081081081081081,0.7407407407407407,,,,,,586,216,,,,,,,,,,0.08
B,B|fakeddit_real_lcc|q0.4,3,b:kmeans_content,0.09881316146790653,0.21002202606318174,0.44932432432432434,0.5459459459459459,0.28703703703703703,,,,,,586,216,,,,,,,,,,0.17
B,B|fakeddit_real_lcc|q0.4,3,d:default,,,,,,0.523998998998999,0.37709009701156304,0.523998998998999,0.37709009701156304,0.36860068259385664,586,216,0.7873538094369211,0.1966345932532726,0.7849351752944126,0.17678640787916763,0.012935666899238711,0.8268018018018017,0.5953458071788892,0.5903809915090366,,0.02
B,B|fakeddit_real_lcc|q0.4,3,d:rank16,,,,,,0.5829704704704705,0.4147694014301231,0.5829704704704705,0.4147694014301231,0.36860068259385664,586,216,0.4514288939935528,0.32375890428447474,0.3770073247784047,0.29716811549027194,0.23949165946172737,0.7792542542542543,0.3327548125607307,0.2708003998827548,,0.0
B,B|fakeddit_real_lcc|q0.4,3,d:cons,,,,,,0.523998998998999,0.37709009701156304,0.575950950950951,0.4283011321259139,0.36860068259385664,586,216,0.7873538094369211,0.1966345932532726,0.7849351752944126,0.17678640787916763,0.012935666899238711,0.8268018018018017,0.5280434280434281,0.4519626464070908,,0.5
B,B|fakeddit_real_lcc|q0.4,3,d:kmmatch,,,,,,0.570920920920921,0.4056885795653111,,,0.36860068259385664,586,216,,,,,,,,,,0.09
B,B|fakeddit_real_lcc|q0.4,3,d:random,,,,,,0.4996496496496496,0.38060949720022647,,,0.36860068259385664,586,216,,,,,,,,,,0.0
B,B|fakeddit_real_lcc|q0.2,3,b:default,0.08686742167583739,0.4795829870864744,0.36486486486486486,0.3673469387755102,0.3645833333333333,,,,,,586,96,,,,,,,,,,0.48
B,B|fakeddit_real_lcc|q0.2,3,b:rank16,0.1890934215312059,0.7253646984920771,0.3902027027027027,0.37551020408163266,0.4479166666666667,,,,,,586,96,,,,,,,,,,0.25
B,B|fakeddit_real_lcc|q0.2,3,b:robust,0.206543564769208,0.7315645533275313,0.46959459459459457,0.463265306122449,0.5,,,,,,586,96,,,,,,,,,,0.56
B,B|fakeddit_real_lcc|q0.2,3,b:alpha05,0.16595011723864284,0.6332531874678115,0.3952702702702703,0.38979591836734695,0.4166666666666667,,,,,,586,96,,,,,,,,,,0.53
B,B|fakeddit_real_lcc|q0.2,3,b:concat05,0.16893451228519096,0.6428965698472011,0.3918918918918919,0.3795918367346939,0.4375,,,,,,586,96,,,,,,,,,,0.59
B,B|fakeddit_real_lcc|q0.2,3,b:text_only,0.21090957734894522,0.7679716796332668,0.3935810810810811,0.37755102040816324,0.4583333333333333,,,,,,586,96,,,,,,,,,,0.47
B,B|fakeddit_real_lcc|q0.2,3,b:image_only,0.21090957734894522,0.7679716796332668,0.3935810810810811,0.37755102040816324,0.4583333333333333,,,,,,586,96,,,,,,,,,,0.36
B,B|fakeddit_real_lcc|q0.2,3,b:structure_only,0.17424113339564118,0.7151088831451291,0.32263513513513514,0.3163265306122449,0.375,,,,,,586,96,,,,,,,,,,0.06
B,B|fakeddit_real_lcc|q0.2,3,b:spectral,0.5137754757408576,0.6174963654937828,0.7280405405405406,0.7183673469387755,0.78125,,,,,,586,96,,,,,,,,,,0.08
B,B|fakeddit_real_lcc|q0.2,3,b:kmeans_content,0.170271568175146,0.2945297945793771,0.40202702702702703,0.4020408163265306,0.40625,,,,,,586,96,,,,,,,,,,0.16
B,B|fakeddit_real_lcc|q0.2,3,d:default,,,,,,0.5335884353741497,0.17294025532729534,0.5335884353741497,0.17294025532729534,0.16382252559726962,586,96,0.796963259611253,0.212703164012884,0.795608789973369,0.1938030210529289,0.006656764776763573,0.7752551020408164,0.6098495194785737,0.609266339271562,,0.0
B,B|fakeddit_real_lcc|q0.2,3,d:rank16,,,,,,0.6916666666666667,0.2783467874127236,0.6916666666666667,0.2783467874127236,0.16382252559726962,586,96,0.5065299704731551,0.313318603954797,0.2973020375534556,0.321003793993913,0.6596411517614703,0.6300170068027211,0.3700832148092196,0.23549124754383563,,0.0
B,B|fakeddit_real_lcc|q0.2,3,d:cons,,,,,,0.5335884353741497,0.17294025532729534,0.6029124149659864,0.21976933999603968,0.16382252559726962,586,96,0.796963259611253,0.212703164012884,0.795608789973369,0.1938030210529289,0.006656764776763573,0.7752551020408164,0.5168881911739055,0.41379985754985754,,0.51
B,B|fakeddit_real_lcc|q0.2,3,d:kmmatch,,,,,,0.5809523809523811,0.1903029392702866,,,0.16382252559726962,586,96,,,,,,,,,,0.08
B,B|fakeddit_real_lcc|q0.2,3,d:random,,,,,,0.5060586734693877,0.1762072798508192,,,0.16382252559726962,586,96,,,,,,,,,,0.0
B,B|fakeddit|q0.0,3,b:default,0.3501160255023281,0.3195768640602473,0.5683333333333334,0.558180227471566,nan,,,,,,1143,0,,,,,,,,,,1.95
B,B|fakeddit|q0.0,3,b:rank16,0.7333950982600407,0.3210500748328528,0.7366666666666667,0.7287839020122485,nan,,,,,,1143,0,,,,,,,,,,0.61
B,B|fakeddit|q0.0,3,b:robust,0.6750629107487092,0.3403067386656014,0.7775,0.7690288713910761,nan,,,,,,1143,0,,,,,,,,,,2.09
B,B|fakeddit|q0.0,3,b:alpha05,0.43627352042901635,0.28885128572109386,0.5258333333333334,0.5205599300087489,nan,,,,,,1143,0,,,,,,,,,,2.2
B,B|fakeddit|q0.0,3,b:concat05,0.290089363663693,0.2904758924018123,0.4791666666666667,0.47331583552055995,nan,,,,,,1143,0,,,,,,,,,,2.56
B,B|fakeddit|q0.0,3,b:text_only,0.785803317656607,0.35932088428817527,0.7958333333333333,0.7900262467191601,nan,,,,,,1143,0,,,,,,,,,,1.89
B,B|fakeddit|q0.0,3,b:image_only,0.7830716685609445,0.33776267839839125,0.7416666666666667,0.7401574803149606,nan,,,,,,1143,0,,,,,,,,,,1.34
B,B|fakeddit|q0.0,3,b:structure_only,0.8175660382680203,0.37338005725352347,0.8208333333333333,0.8162729658792651,nan,,,,,,1143,0,,,,,,,,,,0.17
B,B|fakeddit|q0.0,3,b:spectral,0.553596092035604,0.3647941914832614,0.81,0.8145231846019247,nan,,,,,,1143,0,,,,,,,,,,0.36
B,B|fakeddit|q0.0,3,b:kmeans_content,0.1017730965299205,0.1188626025580586,0.45416666666666666,0.4671916010498688,nan,,,,,,1143,0,,,,,,,,,,0.69
B,B|fakeddit|q0.0,3,d:default,,,,,,nan,nan,nan,nan,0.0,1143,0,0.8451879700995701,0.1334960900211615,,,,,0.6468758365995696,,,0.0
B,B|fakeddit|q0.0,3,d:rank16,,,,,,nan,nan,nan,nan,0.0,1143,0,0.5737360516252301,0.28964394432435986,,,,,0.4169017087636366,,,0.0
B,B|fakeddit|q0.0,3,d:cons,,,,,,nan,nan,nan,nan,0.0,1143,0,0.8451879700995701,0.1334960900211615,,,,,0.5,,,2.11
B,B|fakeddit|q0.0,3,d:kmmatch,,,,,,nan,nan,,,0.0,1143,0,,,,,,,,,,0.23
B,B|fakeddit|q0.0,3,d:random,,,,,,nan,nan,,,0.0,1143,0,,,,,,,,,,0.0
A,A|n300|mis0.0|chi|shi,4,b:default,0.9011863100476382,0.5017432417419936,1.0,1.0,nan,,,,,,271,0,,,,,,,,,,0.12
A,A|n300|mis0.0|chi|shi,4,b:rank16,0.8927179836386192,0.5017432417419936,1.0,1.0,nan,,,,,,271,0,,,,,,,,,,0.11
A,A|n300|mis0.0|chi|shi,4,b:robust,0.9011863100476382,0.5017432417419936,1.0,1.0,nan,,,,,,271,0,,,,,,,,,,0.19
A,A|n300|mis0.0|chi|shi,4,b:alpha05,0.9011863100476382,0.5017432417419936,1.0,1.0,nan,,,,,,271,0,,,,,,,,,,0.14
A,A|n300|mis0.0|chi|shi,4,b:concat05,0.9011863100476382,0.5017432417419936,1.0,1.0,nan,,,,,,271,0,,,,,,,,,,0.17
A,A|n300|mis0.0|chi|shi,4,b:text_only,0.9011863100476382,0.5017432417419936,1.0,1.0,nan,,,,,,271,0,,,,,,,,,,0.05
A,A|n300|mis0.0|chi|shi,4,b:image_only,0.9011863100476382,0.5017432417419936,1.0,1.0,nan,,,,,,271,0,,,,,,,,,,0.11
A,A|n300|mis0.0|chi|shi,4,b:structure_only,0.8757327191030215,0.5017432417419936,1.0,1.0,nan,,,,,,271,0,,,,,,,,,,0.02
A,A|n300|mis0.0|chi|shi,4,b:spectral,0.9011863100476382,0.5017432417419936,1.0,1.0,nan,,,,,,271,0,,,,,,,,,,0.02
A,A|n300|mis0.0|chi|shi,4,b:kmeans_content,0.9011863100476382,0.5017432417419936,1.0,1.0,nan,,,,,,271,0,,,,,,,,,,0.03
A,A|n300|mis0.0|chi|shi,4,d:default,,,,,,nan,nan,nan,nan,0.0,271,0,0.8837602566083884,0.08246696007546644,,,,,0.6830218720549766,,,0.0
A,A|n300|mis0.0|chi|shi,4,d:rank16,,,,,,nan,nan,nan,nan,0.0,271,0,0.5942649962818598,0.21645100258239816,,,,,0.41028596788536464,,,0.0
A,A|n300|mis0.0|chi|shi,4,d:cons,,,,,,nan,nan,nan,nan,0.0,271,0,0.8837602566083884,0.08246696007546644,,,,,0.5,,,0.16
A,A|n300|mis0.0|chi|shi,4,d:kmmatch,,,,,,nan,nan,,,0.0,271,0,,,,,,,,,,0.02
A,A|n300|mis0.0|chi|shi,4,d:random,,,,,,nan,nan,,,0.0,271,0,,,,,,,,,,0.0
A,A|n300|mis0.0|chi|slo,4,b:default,0.10648517765480991,0.11133280825072978,0.6266666666666667,0.6568265682656826,nan,,,,,,271,0,,,,,,,,,,0.14
A,A|n300|mis0.0|chi|slo,4,b:rank16,0.2998578365096739,0.12893929062104173,0.7566666666666667,0.7896678966789668,nan,,,,,,271,0,,,,,,,,,,0.11
A,A|n300|mis0.0|chi|slo,4,b:robust,0.7345854251279812,0.12394480809621741,0.9866666666666667,1.0,nan,,,,,,271,0,,,,,,,,,,0.16
A,A|n300|mis0.0|chi|slo,4,b:alpha05,0.3220759375393629,0.1266913302707599,0.8166666666666667,0.8523985239852399,nan,,,,,,271,0,,,,,,,,,,0.14
A,A|n300|mis0.0|chi|slo,4,b:concat05,0.7705948724869993,0.1231717237757057,1.0,1.0,nan,,,,,,271,0,,,,,,,,,,0.17
A,A|n300|mis0.0|chi|slo,4,b:text_only,0.22049591256013423,0.12603364377058604,0.6466666666666666,0.6678966789667896,nan,,,,,,271,0,,,,,,,,,,0.27
A,A|n300|mis0.0|chi|slo,4,b:image_only,0.22914025678619,0.12627297939047177,0.65,0.6678966789667896,nan,,,,,,271,0,,,,,,,,,,0.3
A,A|n300|mis0.0|chi|slo,4,b:structure_only,0.07580111456033856,0.12192631014091185,0.45666666666666667,0.47601476014760147,nan,,,,,,271,0,,,,,,,,,,0.03
A,A|n300|mis0.0|chi|slo,4,b:spectral,0.9011863100476382,0.1231717237757057,1.0,1.0,nan,,,,,,271,0,,,,,,,,,,0.03
A,A|n300|mis0.0|chi|slo,4,b:kmeans_content,0.9011863100476382,0.1231717237757057,1.0,1.0,nan,,,,,,271,0,,,,,,,,,,0.03
A,A|n300|mis0.0|chi|slo,4,d:default,,,,,,nan,nan,nan,nan,0.0,271,0,0.8837602566083884,0.08246696007546644,,,,,0.6830218720549766,,,0.0
A,A|n300|mis0.0|chi|slo,4,d:rank16,,,,,,nan,nan,nan,nan,0.0,271,0,0.5942649962818598,0.21645100258239816,,,,,0.41028596788536464,,,0.0
A,A|n300|mis0.0|chi|slo,4,d:cons,,,,,,nan,nan,nan,nan,0.0,271,0,0.8837602566083884,0.08246696007546644,,,,,0.5,,,0.14
A,A|n300|mis0.0|chi|slo,4,d:kmmatch,,,,,,nan,nan,,,0.0,271,0,,,,,,,,,,0.0
A,A|n300|mis0.0|chi|slo,4,d:random,,,,,,nan,nan,,,0.0,271,0,,,,,,,,,,0.0
A,A|n300|mis0.0|clo|shi,4,b:default,0.7155561631801323,0.5017432417419936,1.0,1.0,nan,,,,,,271,0,,,,,,,,,,0.14
A,A|n300|mis0.0|clo|shi,4,b:rank16,0.8757327191030215,0.5017432417419936,1.0,1.0,nan,,,,,,271,0,,,,,,,,,,0.14
A,A|n300|mis0.0|clo|shi,4,b:robust,0.6710237018817529,0.5017432417419936,1.0,1.0,nan,,,,,,271,0,,,,,,,,,,0.17
A,A|n300|mis0.0|clo|shi,4,b:alpha05,0.7689276496334515,0.5017432417419936,1.0,1.0,nan,,,,,,271,0,,,,,,,,,,0.17
A,A|n300|mis0.0|clo|shi,4,b:concat05,0.7022642574177642,0.5017432417419936,1.0,1.0,nan,,,,,,271,0,,,,,,,,,,0.19
A,A|n300|mis0.0|clo|shi,4,b:text_only,0.8757327191030215,0.5017432417419936,1.0,1.0,nan,,,,,,271,0,,,,,,,,,,0.05
A,A|n300|mis0.0|clo|shi,4,b:image_only,0.8757327191030215,0.5017432417419936,1.0,1.0,nan,,,,,,271,0,,,,,,,,,,0.08
A,A|n300|mis0.0|clo|shi,4,b:structure_only,0.8757327191030215,0.5017432417419936,1.0,1.0,nan,,,,,,271,0,,,,,,,,,,0.0
A,A|n300|mis0.0|clo|shi,4,b:spectral,0.8621384458599369,0.49031299618717333,0.99,0.988929889298893,nan,,,,,,271,0,,,,,,,,,,0.03
A,A|n300|mis0.0|clo|shi,4,b:kmeans_content,0.0,0.02142271755886637,0.3233333333333333,0.33210332103321033,nan,,,,,,271,0,,,,,,,,,,0.03
A,A|n300|mis0.0|clo|shi,4,d:default,,,,,,nan,nan,nan,nan,0.0,271,0,0.7706730197178341,0.15702211278392528,,,,,0.5773516442152727,,,0.0
A,A|n300|mis0.0|clo|shi,4,d:rank16,,,,,,nan,nan,nan,nan,0.0,271,0,0.28996109681726123,0.3189653882532993,,,,,0.2335100210494302,,,0.0
A,A|n300|mis0.0|clo|shi,4,d:cons,,,,,,nan,nan,nan,nan,0.0,271,0,0.7706730197178341,0.15702211278392528,,,,,0.5,,,0.14
A,A|n300|mis0.0|clo|shi,4,d:kmmatch,,,,,,nan,nan,,,0.0,271,0,,,,,,,,,,0.02
A,A|n300|mis0.0|clo|shi,4,d:random,,,,,,nan,nan,,,0.0,271,0,,,,,,,,,,0.0
A,A|n300|mis0.0|clo|slo,4,b:default,0.0,0.10338352895290773,0.41,0.42435424354243545,nan,,,,,,271,0,,,,,,,,,,0.16
A,A|n300|mis0.0|clo|slo,4,b:rank16,0.13682655374610841,0.12438250905598136,0.57,0.5867158671586716,nan,,,,,,271,0,,,,,,,,,,0.09
A,A|n300|mis0.0|clo|slo,4,b:robust,0.1148565581474712,0.12014559835778724,0.49333333333333335,0.4981549815498155,nan,,,,,,271,0,,,,,,,,,,0.2
A,A|n300|mis0.0|clo|slo,4,b:alpha05,0.0,0.10557100679220222,0.39666666666666667,0.4095940959409594,nan,,,,,,271,0,,,,,,,,,,0.17
A,A|n300|mis0.0|clo|slo,4,b:concat05,0.0,0.10436681567308874,0.43,0.4354243542435424,nan,,,,,,271,0,,,,,,,,,,0.17
A,A|n300|mis0.0|clo|slo,4,b:text_only,0.13035215291987978,0.12329578769309002,0.57,0.5867158671586716,nan,,,,,,271,0,,,,,,,,,,0.45
A,A|n300|mis0.0|clo|slo,4,b:image_only,0.1340584447610852,0.1248195794265631,0.5766666666666667,0.5940959409594095,nan,,,,,,271,0,,,,,,,,,,0.61
A,A|n300|mis0.0|clo|slo,4,b:structure_only,0.07580111456033856,0.12192631014091185,0.45666666666666667,0.47601476014760147,nan,,,,,,271,0,,,,,,,,,,0.01
A,A|n300|mis0.0|clo|slo,4,b:spectral,0.10821596855465943,0.05273687596173861,0.52,0.5202952029520295,nan,,,,,,271,0,,,,,,,,,,0.05
A,A|n300|mis0.0|clo|slo,4,b:kmeans_content,0.0,0.008135843611576689,0.3233333333333333,0.33210332103321033,nan,,,,,,271,0,,,,,,,,,,0.03
A,A|n300|mis0.0|clo|slo,4,d:default,,,,,,nan,nan,nan,nan,0.0,271,0,0.7706730197178341,0.15702211278392528,,,,,0.5773516442152727,,,0.0
A,A|n300|mis0.0|clo|slo,4,d:rank16,,,,,,nan,nan,nan,nan,0.0,271,0,0.28996109681726123,0.3189653882532993,,,,,0.2335100210494302,,,0.0
A,A|n300|mis0.0|clo|slo,4,d:cons,,,,,,nan,nan,nan,nan,0.0,271,0,0.7706730197178341,0.15702211278392528,,,,,0.5,,,0.16
A,A|n300|mis0.0|clo|slo,4,d:kmmatch,,,,,,nan,nan,,,0.0,271,0,,,,,,,,,,0.03
A,A|n300|mis0.0|clo|slo,4,d:random,,,,,,nan,nan,,,0.0,271,0,,,,,,,,,,0.0
B,B|fakeddit|q0.1,3,b:default,0.36138092895960905,0.31143942398117175,0.495,0.4952015355086372,0.44554455445544555,,,,,,1143,101,,,,,,,,,,2.01
B,B|fakeddit|q0.1,3,b:rank16,0.6342531471847327,0.3344178802647727,0.6841666666666667,0.6717850287907869,0.693069306930693,,,,,,1143,101,,,,,,,,,,0.56
B,B|fakeddit|q0.1,3,b:robust,0.7240751388468992,0.33343014547060146,0.76,0.744721689059501,0.8118811881188119,,,,,,1143,101,,,,,,,,,,2.51
B,B|fakeddit|q0.1,3,b:alpha05,0.3058822499087015,0.27826170397774774,0.5416666666666666,0.5383877159309021,0.5247524752475248,,,,,,1143,101,,,,,,,,,,2.53
B,B|fakeddit|q0.1,3,b:concat05,0.33509637186102226,0.30430302010613214,0.46166666666666667,0.4673704414587332,0.3564356435643564,,,,,,1143,101,,,,,,,,,,2.48
B,B|fakeddit|q0.1,3,b:text_only,0.785803317656607,0.35932088428817527,0.7958333333333333,0.7927063339731286,0.7623762376237624,,,,,,1143,101,,,,,,,,,,1.95
B,B|fakeddit|q0.1,3,b:image_only,0.7701318107828852,0.30604318915545736,0.6716666666666666,0.6756238003838771,0.5643564356435643,,,,,,1143,101,,,,,,,,,,5.53
B,B|fakeddit|q0.1,3,b:structure_only,0.8175660382680203,0.37338005725352347,0.8208333333333333,0.817658349328215,0.801980198019802,,,,,,1143,101,,,,,,,,,,0.14
B,B|fakeddit|q0.1,3,b:spectral,0.5511254486478598,0.3638438127558749,0.8191666666666667,0.8186180422264875,0.8415841584158416,,,,,,1143,101,,,,,,,,,,0.3
B,B|fakeddit|q0.1,3,b:kmeans_content,0.04209678227086466,0.07670808720177522,0.3625,0.4059500959692898,0.1188118811881188,,,,,,1143,101,,,,,,,,,,0.53
B,B|fakeddit|q0.1,3,d:default,,,,,,0.6281807643336309,0.14023839242179173,0.6281807643336309,0.14023839242179173,0.08836395450568679,1143,101,0.8293855694009529,0.16372705617027467,0.7570074170763035,0.20699368056865922,0.38784016824191847,0.7624522529028335,0.6350241689945615,0.5692710730841114,,0.0
B,B|fakeddit|q0.1,3,d:rank16,,,,,,0.796858668592387,0.2994948974815424,0.796858668592387,0.2994948974815424,0.08836395450568679,1143,101,0.5680928462096863,0.27814672077144365,0.21681372812618424,0.3274710503967911,1.1562402594396448,0.498660230706372,0.4091583955031324,0.2031415613004406,,0.0
B,B|fakeddit|q0.1,3,d:cons,,,,,,0.6281807643336309,0.14023839242179173,0.5800725945915128,0.1124220894345494,0.08836395450568679,1143,101,0.8293855694009529,0.16372705617027467,0.7570074170763035,0.20699368056865922,0.38784016824191847,0.7624522529028335,0.5070817268421565,0.42693901614329566,,2.44
B,B|fakeddit|q0.1,3,d:kmmatch,,,,,,0.5843722088139716,0.10475604808447798,,,0.08836395450568679,1143,101,,,,,,,,,,0.25
B,B|fakeddit|q0.1,3,d:random,,,,,,0.5173314836282094,0.09813951624492759,,,0.08836395450568679,1143,101,,,,,,,,,,0.0
B,B|fakeddit|q0.2,3,b:default,0.2059915162466054,0.29883901052009654,0.4841666666666667,0.4739084132055378,0.5196078431372549,,,,,,1143,204,,,,,,,,,,2.61
B,B|fakeddit|q0.2,3,b:rank16,0.5790359588457191,0.3325897167832342,0.6958333333333333,0.6794462193823216,0.7156862745098039,,,,,,1143,204,,,,,,,,,,0.55
B,B|fakeddit|q0.2,3,b:robust,0.6736708502937274,0.337053445058466,0.7591666666666667,0.7348242811501597,0.8333333333333334,,,,,,1143,204,,,,,,,,,,2.66
B,B|fakeddit|q0.2,3,b:alpha05,0.3689603987448591,0.32616698960701856,0.4558333333333333,0.4589989350372737,0.4215686274509804,,,,,,1143,204,,,,,,,,,,2.64
B,B|fakeddit|q0.2,3,b:concat05,0.4844271287101005,0.37715358696501583,0.6941666666666667,0.7220447284345048,0.5686274509803921,,,,,,1143,204,,,,,,,,,,2.66
B,B|fakeddit|q0.2,3,b:text_only,0.785803317656607,0.35932088428817527,0.7958333333333333,0.7955271565495208,0.7647058823529411,,,,,,1143,204,,,,,,,,,,2.2
B,B|fakeddit|q0.2,3,b:image_only,0.7858287455420894,0.3759557752584361,0.8033333333333333,0.7987220447284346,0.7941176470588235,,,,,,1143,204,,,,,,,,,,2.47
B,B|fakeddit|q0.2,3,b:structure_only,0.8175660382680203,0.37338005725352347,0.8208333333333333,0.820021299254526,0.7990196078431373,,,,,,1143,204,,,,,,,,,,0.14
B,B|fakeddit|q0.2,3,b:spectral,0.5818514289181574,0.36993085451919955,0.8325,0.8338658146964856,0.8431372549019608,,,,,,1143,204,,,,,,,,,,0.3
B,B|fakeddit|q0.2,3,b:kmeans_content,0.03590314168327313,0.08735161992220192,0.37583333333333335,0.43024494142705005,0.20098039215686275,,,,,,1143,204,,,,,,,,,,0.62
B,B|fakeddit|q0.2,3,d:default,,,,,,0.6059220280231368,0.23194586543311846,0.6059220280231368,0.23194586543311846,0.1784776902887139,1143,204,0.8247966054036757,0.18279569619592959,0.7808307798545328,0.18316379725801876,0.24027688361494565,0.7974691474033703,0.6328583842606571,0.5896693668481479,,0.01
B,B|fakeddit|q0.2,3,d:rank16,,,,,,0.7396270542295725,0.3889238837087935,0.7396270542295725,0.3889238837087935,0.1784776902887139,1143,204,0.5619711350617178,0.28645996889474257,0.2899014246017743,0.33690617336271844,0.8700606622061816,0.6161435820334523,0.4057106487220916,0.2384778919457699,,0.0
B,B|fakeddit|q0.2,3,d:cons,,,,,,0.6059220280231368,0.23194586543311846,0.5522614796717409,0.22520234368865544,0.1784776902887139,1143,204,0.8247966054036757,0.18279569619592959,0.7808307798545328,0.18316379725801876,0.24027688361494565,0.7974691474033703,0.5093356758783145,0.457028433089523,,2.42
B,B|fakeddit|q0.2,3,d:kmmatch,,,,,,0.610403746163002,0.21905945733124507,,,0.1784776902887139,1143,204,,,,,,,,,,0.2
B,B|fakeddit|q0.2,3,d:random,,,,,,0.5095951053477834,0.18879952371700373,,,0.1784776902887139,1143,204,,,,,,,,,,0.0
A,A|n300|mis0.1|chi|shi,4,b:default,0.9011863100476382,0.5017432417419936,1.0,1.0,1.0,,,,,,261,21,,,,,,,,,,0.14
A,A|n300|mis0.1|chi|shi,4,b:rank16,0.9011863100476382,0.5017432417419936,1.0,1.0,1.0,,,,,,261,21,,,,,,,,,,0.09
A,A|n300|mis0.1|chi|shi,4,b:robust,0.8926266060669453,0.5017432417419936,1.0,1.0,1.0,,,,,,261,21,,,,,,,,,,0.16
A,A|n300|mis0.1|chi|shi,4,b:alpha05,0.9011863100476382,0.5017432417419936,1.0,1.0,1.0,,,,,,261,21,,,,,,,,,,0.12
A,A|n300|mis0.1|chi|shi,4,b:concat05,0.9011863100476382,0.5017432417419936,1.0,1.0,1.0,,,,,,261,21,,,,,,,,,,0.12
A,A|n300|mis0.1|chi|shi,4,b:text_only,0.9011863100476382,0.5017432417419936,1.0,1.0,1.0,,,,,,261,21,,,,,,,,,,0.05
A,A|n300|mis0.1|chi|shi,4,b:image_only,0.9011863100476382,0.5017432417419936,1.0,1.0,1.0,,,,,,261,21,,,,,,,,,,0.06
A,A|n300|mis0.1|chi|shi,4,b:structure_only,0.8757327191030215,0.5017432417419936,1.0,1.0,1.0,,,,,,261,21,,,,,,,,,,0.01
A,A|n300|mis0.1|chi|shi,4,b:spectral,0.9011863100476382,0.5017432417419936,1.0,1.0,1.0,,,,,,261,21,,,,,,,,,,0.03
A,A|n300|mis0.1|chi|shi,4,b:kmeans_content,0.8347434065239224,0.4719628017897879,0.98,1.0,0.7142857142857143,,,,,,261,21,,,,,,,,,,0.03
A,A|n300|mis0.1|chi|shi,4,d:default,,,,,,0.9031746031746032,0.5813902532031809,0.9031746031746032,0.5813902532031809,0.08045977011494253,261,21,0.8720734314120144,0.08334510590946187,0.6652084791063732,0.14670125336519466,1.7339077845260153,0.21190476190476187,0.6740529821735822,0.4667005477166521,,0.0
A,A|n300|mis0.1|chi|shi,4,d:rank16,,,,,,0.9049603174603175,0.6079215983966612,0.9049603174603175,0.6079215983966612,0.08045977011494253,261,21,0.6005206342609024,0.2126693981482683,0.09865220856987765,0.31235062004180175,1.878253366520674,0.19345238095238093,0.41633091149975204,0.15886182676777572,,0.0
A,A|n300|mis0.1|chi|shi,4,d:cons,,,,,,0.9031746031746032,0.5813902532031809,0.9107142857142857,0.42594015609682867,0.08045977011494253,261,21,0.8720734314120144,0.08334510590946187,0.6652084791063732,0.14670125336519466,1.7339077845260153,0.21190476190476187,0.5331730769230769,0.12087912087912087,,0.14
A,A|n300|mis0.1|chi|shi,4,d:kmmatch,,,,,,1.0,1.0,,,0.08045977011494253,261,21,,,,,,,,,,0.02
A,A|n300|mis0.1|chi|shi,4,d:random,,,,,,0.43472222222222223,0.0814371999050866,,,0.08045977011494253,261,21,,,,,,,,,,0.0
A,A|n300|mis0.1|chi|slo,4,b:default,0.0,0.10188007822476819,0.45666666666666667,0.44166666666666665,0.38095238095238093,,,,,,261,21,,,,,,,,,,0.16
A,A|n300|mis0.1|chi|slo,4,b:rank16,0.2674263550383206,0.12915915004361517,0.7133333333333334,0.725,0.7142857142857143,,,,,,261,21,,,,,,,,,,0.09
A,A|n300|mis0.1|chi|slo,4,b:robust,0.6871013660301875,0.12368295143411115,0.99,1.0,0.9047619047619048,,,,,,261,21,,,,,,,,,,0.14
A,A|n300|mis0.1|chi|slo,4,b:alpha05,0.23697975145427552,0.1264731824473952,0.7633333333333333,0.7875,0.7619047619047619,,,,,,261,21,,,,,,,,,,0.14
A,A|n300|mis0.1|chi|slo,4,b:concat05,0.6865047472363471,0.1238421121436919,0.9933333333333333,1.0,0.9047619047619048,,,,,,261,21,,,,,,,,,,0.14
A,A|n300|mis0.1|chi|slo,4,b:text_only,0.21961354821825707,0.12657566219791538,0.6466666666666666,0.6333333333333333,0.7142857142857143,,,,,,261,21,,,,,,,,,,0.17
A,A|n300|mis0.1|chi|slo,4,b:image_only,0.19265436706268257,0.12479940057273353,0.63,0.6166666666666667,0.6666666666666666,,,,,,261,21,,,,,,,,,,0.17
A,A|n300|mis0.1|chi|slo,4,b:structure_only,0.07580111456033856,0.12192631014091185,0.45666666666666667,0.44583333333333336,0.47619047619047616,,,,,,261,21,,,,,,,,,,0.03
A,A|n300|mis0.1|chi|slo,4,b:spectral,0.7963931951351229,0.11571956495544222,0.97,1.0,0.5714285714285714,,,,,,261,21,,,,,,,,,,0.03
A,A|n300|mis0.1|chi|slo,4,b:kmeans_content,0.8347434065239224,0.11916252783961157,0.98,1.0,0.7142857142857143,,,,,,261,21,,,,,,,,,,0.03
A,A|n300|mis0.1|chi|slo,4,d:default,,,,,,0.9031746031746032,0.5813902532031809,0.9031746031746032,0.5813902532031809,0.08045977011494253,261,21,0.8720734314120144,0.08334510590946187,0.6652084791063732,0.14670125336519466,1.7339077845260153,0.21190476190476187,0.6740529821735822,0.4667005477166521,,0.01
A,A|n300|mis0.1|chi|slo,4,d:rank16,,,,,,0.9049603174603175,0.6079215983966612,0.9049603174603175,0.6079215983966612,0.08045977011494253,261,21,0.6005206342609024,0.2126693981482683,0.09865220856987765,0.31235062004180175,1.878253366520674,0.19345238095238093,0.41633091149975204,0.15886182676777572,,0.0
A,A|n300|mis0.1|chi|slo,4,d:cons,,,,,,0.9031746031746032,0.5813902532031809,0.6396825396825396,0.2967389863451146,0.08045977011494253,261,21,0.8720734314120144,0.08334510590946187,0.6652084791063732,0.14670125336519466,1.7339077845260153,0.21190476190476187,0.5112820512820513,0.371062271062271,,0.14
A,A|n300|mis0.1|chi|slo,4,d:kmmatch,,,,,,1.0,1.0,,,0.08045977011494253,261,21,,,,,,,,,,0.01
A,A|n300|mis0.1|chi|slo,4,d:random,,,,,,0.43472222222222223,0.0814371999050866,,,0.08045977011494253,261,21,,,,,,,,,,0.02
A,A|n300|mis0.1|clo|shi,4,b:default,0.7252439110412124,0.5017432417419936,1.0,1.0,1.0,,,,,,261,21,,,,,,,,,,0.17
A,A|n300|mis0.1|clo|shi,4,b:rank16,0.8757327191030215,0.5017432417419936,1.0,1.0,1.0,,,,,,261,21,,,,,,,,,,0.09
A,A|n300|mis0.1|clo|shi,4,b:robust,0.7065810261043848,0.5017432417419936,1.0,1.0,1.0,,,,,,261,21,,,,,,,,,,0.16
A,A|n300|mis0.1|clo|shi,4,b:alpha05,0.7788930727657999,0.5017432417419936,1.0,1.0,1.0,,,,,,261,21,,,,,,,,,,0.14
A,A|n300|mis0.1|clo|shi,4,b:concat05,0.7252369950618707,0.5017432417419936,1.0,1.0,1.0,,,,,,261,21,,,,,,,,,,0.14
A,A|n300|mis0.1|clo|shi,4,b:text_only,0.8757327191030215,0.5017432417419936,1.0,1.0,1.0,,,,,,261,21,,,,,,,,,,0.06
A,A|n300|mis0.1|clo|shi,4,b:image_only,0.8757327191030215,0.5017432417419936,1.0,1.0,1.0,,,,,,261,21,,,,,,,,,,0.05
A,A|n300|mis0.1|clo|shi,4,b:structure_only,0.8757327191030215,0.5017432417419936,1.0,1.0,1.0,,,,,,261,21,,,,,,,,,,0.01
A,A|n300|mis0.1|clo|shi,4,b:spectral,0.862250638162113,0.4941146269206972,0.99,0.9875,1.0,,,,,,261,21,,,,,,,,,,0.03
A,A|n300|mis0.1|clo|shi,4,b:kmeans_content,0.0,-0.0027919749338393,0.30333333333333334,0.2875,0.42857142857142855,,,,,,261,21,,,,,,,,,,0.03
A,A|n300|mis0.1|clo|shi,4,d:default,,,,,,0.4902777777777778,0.12346257011195089,0.4902777777777778,0.12346257011195089,0.08045977011494253,261,21,0.7751284523671335,0.16139843610692278,0.7721066691772894,0.19788869711905707,0.016734903966630712,0.736904761904762,0.5812306583969309,0.5912372911851966,,0.0
A,A|n300|mis0.1|clo|shi,4,d:rank16,,,,,,0.3549603174603174,0.06535582486904873,0.3549603174603174,0.06535582486904873,0.08045977011494253,261,21,0.29729909956217426,0.32702906078966576,0.4398172710220029,0.28535082063573425,-0.4643824515963269,0.4267857142857142,0.23880920338434156,0.30791314749536225,,0.01
A,A|n300|mis0.1|clo|shi,4,d:cons,,,,,,0.4902777777777778,0.12346257011195089,0.46964285714285714,0.07612434724241549,0.08045977011494253,261,21,0.7751284523671335,0.16139843610692278,0.7721066691772894,0.19788869711905707,0.016734903966630712,0.736904761904762,0.49754807692307695,0.5280219780219781,,0.14
A,A|n300|mis0.1|clo|shi,4,d:kmmatch,,,,,,0.5372023809523809,0.08650778530755668,,,0.08045977011494253,261,21,,,,,,,,,,0.02
A,A|n300|mis0.1|clo|shi,4,d:random,,,,,,0.43472222222222223,0.0814371999050866,,,0.08045977011494253,261,21,,,,,,,,,,0.01
B,B|fakeddit|q0.4,3,b:default,0.21575507645674807,0.34538953353975027,0.5175,0.5013850415512465,0.5463182897862233,,,,,,1143,421,,,,,,,,,,2.56
B,B|fakeddit|q0.4,3,b:rank16,0.7347683756820622,0.3377448922219821,0.7675,0.7506925207756233,0.7672209026128266,,,,,,1143,421,,,,,,,,,,0.53
B,B|fakeddit|q0.4,3,b:robust,0.6924414484320762,0.31476742972187677,0.74,0.6772853185595568,0.8194774346793349,,,,,,1143,421,,,,,,,,,,2.56
B,B|fakeddit|q0.4,3,b:alpha05,0.3391319235534216,0.33083442757283904,0.44666666666666666,0.4376731301939058,0.44655581947743467,,,,,,1143,421,,,,,,,,,,2.45
B,B|fakeddit|q0.4,3,b:concat05,0.2966214304621886,0.3258473735458439,0.5941666666666666,0.6177285318559557,0.5415676959619953,,,,,,1143,421,,,,,,,,,,2.55
B,B|fakeddit|q0.4,3,b:text_only,0.785803317656607,0.35932088428817527,0.7958333333333333,0.7936288088642659,0.7838479809976246,,,,,,1143,421,,,,,,,,,,2.23
B,B|fakeddit|q0.4,3,b:image_only,0.7740393822614071,0.29942159061278734,0.6616666666666666,0.6592797783933518,0.6437054631828979,,,,,,1143,421,,,,,,,,,,5.19
B,B|fakeddit|q0.4,3,b:structure_only,0.8175660382680203,0.37338005725352347,0.8208333333333333,0.8185595567867036,0.8123515439429929,,,,,,1143,421,,,,,,,,,,0.16
B,B|fakeddit|q0.4,3,b:spectral,0.6390054989668055,0.3995091830723175,0.8833333333333333,0.889196675900277,0.8741092636579573,,,,,,1143,421,,,,,,,,,,0.27
B,B|fakeddit|q0.4,3,b:kmeans_content,0.011058941050672066,0.048129224547362036,0.33,0.4390581717451524,0.18052256532066507,,,,,,1143,421,,,,,,,,,,0.53
B,B|fakeddit|q0.4,3,d:default,,,,,,0.5581684552674347,0.40178169390772767,0.5581684552674347,0.40178169390772767,0.36832895888014,1143,421,0.8201563169797481,0.17597900884228088,0.8003095074967368,0.17260880201143783,0.11386446315266964,0.8656147807949679,0.6265480474845876,0.6083541115327025,,0.02
B,B|fakeddit|q0.4,3,d:rank16,,,,,,0.6828485139589817,0.5295985095430897,0.6828485139589817,0.5295985095430897,0.36832895888014,1143,421,0.530585696903384,0.28964987076806187,0.3344373017080135,0.3198298355776177,0.642870820444882,0.6900961304373573,0.38134106495653586,0.25823326043591577,,0.0
B,B|fakeddit|q0.4,3,d:cons,,,,,,0.5581684552674347,0.40178169390772767,0.5519933412729223,0.4026892139892072,0.36832895888014,1143,421,0.8201563169797481,0.17597900884228088,0.8003095074967368,0.17260880201143783,0.11386446315266964,0.8656147807949679,0.5191674226584065,0.4671285530656305,,1.88
B,B|fakeddit|q0.4,3,d:kmmatch,,,,,,0.600395773155855,0.42270697215555997,,,0.36832895888014,1143,421,,,,,,,,,,0.19
B,B|fakeddit|q0.4,3,d:random,,,,,,0.5189365775985156,0.37409851254027526,,,0.36832895888014,1143,421,,,,,,,,,,0.0
A,A|n300|mis0.2|chi|shi,4,b:default,0.8693313151920419,0.5017432417419936,1.0,1.0,1.0,,,,,,265,42,,,,,,,,,,0.14
A,A|n300|mis0.2|chi|shi,4,b:rank16,0.8927179836386192,0.5017432417419936,1.0,1.0,1.0,,,,,,265,42,,,,,,,,,,0.09
A,A|n300|mis0.2|chi|shi,4,b:robust,0.8778482533186206,0.5017432417419936,1.0,1.0,1.0,,,,,,265,42,,,,,,,,,,0.16
A,A|n300|mis0.2|chi|shi,4,b:alpha05,0.8842924230837144,0.5017432417419936,1.0,1.0,1.0,,,,,,265,42,,,,,,,,,,0.14
A,A|n300|mis0.2|chi|shi,4,b:concat05,0.8842496572296004,0.5017432417419936,1.0,1.0,1.0,,,,,,265,42,,,,,,,,,,0.17
A,A|n300|mis0.2|chi|shi,4,b:text_only,0.9011863100476382,0.5017432417419936,1.0,1.0,1.0,,,,,,265,42,,,,,,,,,,0.05
A,A|n300|mis0.2|chi|shi,4,b:image_only,0.8927179836386192,0.5017432417419936,1.0,1.0,1.0,,,,,,265,42,,,,,,,,,,0.06
A,A|n300|mis0.2|chi|shi,4,b:structure_only,0.8757327191030215,0.5017432417419936,1.0,1.0,1.0,,,,,,265,42,,,,,,,,,,0.02
A,A|n300|mis0.2|chi|shi,4,b:spectral,0.8736633415627126,0.49607319159435903,0.9933333333333333,1.0,0.9761904761904762,,,,,,265,42,,,,,,,,,,0.01
A,A|n300|mis0.2|chi|shi,4,b:kmeans_content,0.856512291684095,0.48147832736048757,0.9833333333333333,1.0,0.9047619047619048,,,,,,265,42,,,,,,,,,,0.03
A,A|n300|mis0.2|chi|shi,4,d:default,,,,,,0.8270339525944908,0.641738986369453,0.8270339525944908,0.641738986369453,0.15849056603773584,265,42,0.8629603404356652,0.08837692063909869,0.6479261286635143,0.24256349065830876,1.1779599886779641,0.4530215673713431,0.6642502264361556,0.4709356193545976,,0.01
A,A|n300|mis0.2|chi|shi,4,d:rank16,,,,,,0.9292120435618193,0.7818108689201778,0.9292120435618193,0.7818108689201778,0.15849056603773584,265,42,0.5791127144450406,0.21694720291425326,0.0629751413956005,0.2858385280125995,2.0341058178948153,0.25806107196241723,0.3972187416348503,0.1359874916987982,,0.0
A,A|n300|mis0.2|chi|shi,4,d:cons,,,,,,0.8270339525944908,0.641738986369453,0.8319453341874866,0.5289499019750241,0.15849056603773584,265,42,0.8629603404356652,0.08837692063909869,0.6479261286635143,0.24256349065830876,1.1779599886779641,0.4530215673713431,0.5528094849843729,0.21960678210678214,,0.16
A,A|n300|mis0.2|chi|shi,4,d:kmmatch,,,,,,1.0,1.0,,,0.15849056603773584,265,42,,,,,,,,,,0.03
A,A|n300|mis0.2|chi|shi,4,d:random,,,,,,0.4556907964979714,0.15743331257162613,,,0.15849056603773584,265,42,,,,,,,,,,0.0
A,A|n300|mis0.1|clo|slo,4,b:default,0.0,0.10109113909053333,0.41,0.4125,0.38095238095238093,,,,,,261,21,,,,,,,,,,0.16
A,A|n300|mis0.1|clo|slo,4,b:rank16,0.14325985039954736,0.12665275622964461,0.5866666666666667,0.5833333333333334,0.6666666666666666,,,,,,261,21,,,,,,,,,,0.16
A,A|n300|mis0.1|clo|slo,4,b:robust,0.09745604075161451,0.1180030725187649,0.5266666666666666,0.5125,0.6666666666666666,,,,,,261,21,,,,,,,,,,0.17
A,A|n300|mis0.1|clo|slo,4,b:alpha05,0.14354076143857175,0.10142102731697925,0.4066666666666667,0.3958333333333333,0.47619047619047616,,,,,,261,21,,,,,,,,,,0.16
A,A|n300|mis0.1|clo|slo,4,b:concat05,0.0,0.10773437810790383,0.44333333333333336,0.425,0.38095238095238093,,,,,,261,21,,,,,,,,,,0.16
A,A|n300|mis0.1|clo|slo,4,b:text_only,0.13109365697571995,0.12349137844056668,0.5666666666666667,0.5625,0.6666666666666666,,,,,,261,21,,,,,,,,,,0.38
A,A|n300|mis0.1|clo|slo,4,b:image_only,0.1313512406165087,0.1234459219689488,0.5666666666666667,0.5625,0.6666666666666666,,,,,,261,21,,,,,,,,,,0.47
A,A|n300|mis0.1|clo|slo,4,b:structure_only,0.07580111456033856,0.12192631014091185,0.45666666666666667,0.44583333333333336,0.47619047619047616,,,,,,261,21,,,,,,,,,,0.03
A,A|n300|mis0.1|clo|slo,4,b:spectral,0.11483467505295863,0.04743034187590698,0.5333333333333333,0.5333333333333333,0.5238095238095238,,,,,,261,21,,,,,,,,,,0.03
A,A|n300|mis0.1|clo|slo,4,b:kmeans_content,0.0,0.004103568111414969,0.30333333333333334,0.2875,0.42857142857142855,,,,,,261,21,,,,,,,,,,0.03
A,A|n300|mis0.1|clo|slo,4,d:default,,,,,,0.4902777777777778,0.12346257011195089,0.4902777777777778,0.12346257011195089,0.08045977011494253,261,21,0.7751284523671335,0.16139843610692278,0.7721066691772894,0.19788869711905707,0.016734903966630712,0.736904761904762,0.5812306583969309,0.5912372911851966,,0.0
A,A|n300|mis0.1|clo|slo,4,d:rank16,,,,,,0.3549603174603174,0.06535582486904873,0.3549603174603174,0.06535582486904873,0.08045977011494253,261,21,0.29729909956217426,0.32702906078966576,0.4398172710220029,0.28535082063573425,-0.4643824515963269,0.4267857142857142,0.23880920338434156,0.30791314749536225,,0.0
A,A|n300|mis0.1|clo|slo,4,d:cons,,,,,,0.4902777777777778,0.12346257011195089,0.5446428571428571,0.09615704612056984,0.08045977011494253,261,21,0.7751284523671335,0.16139843610692278,0.7721066691772894,0.19788869711905707,0.016734903966630712,0.736904761904762,0.5036057692307693,0.4587912087912089,,0.14
A,A|n300|mis0.1|clo|slo,4,d:kmmatch,,,,,,0.5372023809523809,0.08650778530755668,,,0.08045977011494253,261,21,,,,,,,,,,0.01
A,A|n300|mis0.1|clo|slo,4,d:random,,,,,,0.43472222222222223,0.0814371999050866,,,0.08045977011494253,261,21,,,,,,,,,,0.0
A,A|n300|mis0.2|chi|slo,4,b:default,0.0,0.09848687783548934,0.44333333333333336,0.47085201793721976,0.3333333333333333,,,,,,265,42,,,,,,,,,,0.19
A,A|n300|mis0.2|chi|slo,4,b:rank16,0.242838138925483,0.12918136479966147,0.6866666666666666,0.726457399103139,0.6428571428571429,,,,,,265,42,,,,,,,,,,0.09
A,A|n300|mis0.2|chi|slo,4,b:robust,0.620198443952312,0.12055148158910205,0.9566666666666667,1.0,0.8809523809523809,,,,,,265,42,,,,,,,,,,0.16
A,A|n300|mis0.2|chi|slo,4,b:alpha05,0.11878816207819165,0.11814843233367293,0.6833333333333333,0.7219730941704036,0.7142857142857143,,,,,,265,42,,,,,,,,,,0.16
A,A|n300|mis0.2|chi|slo,4,b:concat05,0.6317349322677194,0.12254086434102496,0.9766666666666667,1.0,0.8809523809523809,,,,,,265,42,,,,,,,,,,0.17
A,A|n300|mis0.2|chi|slo,4,b:text_only,0.2230871490341204,0.1262099204722544,0.64,0.6591928251121076,0.6190476190476191,,,,,,265,42,,,,,,,,,,0.16
A,A|n300|mis0.2|chi|slo,4,b:image_only,0.19650457124403586,0.1255247763174053,0.63,0.6457399103139013,0.6190476190476191,,,,,,265,42,,,,,,,,,,0.2
A,A|n300|mis0.2|chi|slo,4,b:structure_only,0.07580111456033856,0.12192631014091185,0.45666666666666667,0.4977578475336323,0.40476190476190477,,,,,,265,42,,,,,,,,,,0.03
A,A|n300|mis0.2|chi|slo,4,b:spectral,0.7653305510324411,0.11257962719855821,0.9566666666666667,1.0,0.7142857142857143,,,,,,265,42,,,,,,,,,,0.03
A,A|n300|mis0.2|chi|slo,4,b:kmeans_content,0.856512291684095,0.11545376260673895,0.9833333333333333,1.0,0.9047619047619048,,,,,,265,42,,,,,,,,,,0.03
A,A|n300|mis0.2|chi|slo,4,d:default,,,,,,0.8270339525944908,0.641738986369453,0.8270339525944908,0.641738986369453,0.15849056603773584,265,42,0.8629603404356652,0.08837692063909869,0.6479261286635143,0.24256349065830876,1.1779599886779641,0.4530215673713431,0.6642502264361556,0.4709356193545976,,0.0
A,A|n300|mis0.2|chi|slo,4,d:rank16,,,,,,0.9292120435618193,0.7818108689201778,0.9292120435618193,0.7818108689201778,0.15849056603773584,265,42,0.5791127144450406,0.21694720291425326,0.0629751413956005,0.2858385280125995,2.0341058178948153,0.25806107196241723,0.3972187416348503,0.1359874916987982,,0.0
A,A|n300|mis0.2|chi|slo,4,d:cons,,,,,,0.8270339525944908,0.641738986369453,0.6673072816570573,0.24719287193537165,0.15849056603773584,265,42,0.8629603404356652,0.08837692063909869,0.6479261286635143,0.24256349065830876,1.1779599886779641,0.4530215673713431,0.5266170675363501,0.3586760461760462,,0.14
A,A|n300|mis0.2|chi|slo,4,d:kmmatch,,,,,,1.0,1.0,,,0.15849056603773584,265,42,,,,,,,,,,0.02
A,A|n300|mis0.2|chi|slo,4,d:random,,,,,,0.4556907964979714,0.15743331257162613,,,0.15849056603773584,265,42,,,,,,,,,,0.0
A,A|n300|mis0.2|clo|shi,4,b:default,0.7272724056380191,0.5017432417419936,1.0,1.0,1.0,,,,,,265,42,,,,,,,,,,0.14
A,A|n300|mis0.2|clo|shi,4,b:rank16,0.8608629887830229,0.5017432417419936,1.0,1.0,1.0,,,,,,265,42,,,,,,,,,,0.11
A,A|n300|mis0.2|clo|shi,4,b:robust,0.6770832043656152,0.5017432417419936,1.0,1.0,1.0,,,,,,265,42,,,,,,,,,,0.16
A,A|n300|mis0.2|clo|shi,4,b:alpha05,0.7615219848166099,0.5017432417419936,1.0,1.0,1.0,,,,,,265,42,,,,,,,,,,0.11
A,A|n300|mis0.2|clo|shi,4,b:concat05,0.7023713810296792,0.5017432417419936,1.0,1.0,1.0,,,,,,265,42,,,,,,,,,,0.14
A,A|n300|mis0.2|clo|shi,4,b:text_only,0.8757327191030215,0.5017432417419936,1.0,1.0,1.0,,,,,,265,42,,,,,,,,,,0.05
A,A|n300|mis0.2|clo|shi,4,b:image_only,0.8757327191030215,0.5017432417419936,1.0,1.0,1.0,,,,,,265,42,,,,,,,,,,0.06
A,A|n300|mis0.2|clo|shi,4,b:structure_only,0.8757327191030215,0.5017432417419936,1.0,1.0,1.0,,,,,,265,42,,,,,,,,,,0.02
A,A|n300|mis0.2|clo|shi,4,b:spectral,0.8766631238096692,0.4931415926327053,0.9933333333333333,0.9910313901345291,1.0,,,,,,265,42,,,,,,,,,,0.03
A,A|n300|mis0.2|clo|shi,4,b:kmeans_content,0.0,0.01516650652881376,0.32,0.3452914798206278,0.23809523809523808,,,,,,265,42,,,,,,,,,,0.02
A,A|n300|mis0.2|clo|shi,4,d:default,,,,,,0.5320307495195388,0.1851004510813206,0.5320307495195388,0.1851004510813206,0.15849056603773584,265,42,0.7834400582569478,0.15867271700000557,0.7683363247434281,0.16562118127317124,0.0931270540864023,0.7335041639974376,0.5898564455855098,0.5757313818458021,,0.02
A,A|n300|mis0.2|clo|shi,4,d:rank16,,,,,,0.5149476831091181,0.16545220743227626,0.5149476831091181,0.16545220743227626,0.15849056603773584,265,42,0.3192610385770769,0.3273332284337153,0.3176104274753782,0.3045402240175272,0.0052211032362959545,0.603352551783045,0.24802031731330285,0.23941859297003992,,0.0
A,A|n300|mis0.2|clo|shi,4,d:cons,,,,,,0.5320307495195388,0.1851004510813206,0.4886824685030963,0.17318521125433545,0.15849056603773584,265,42,0.7834400582569478,0.15867271700000557,0.7683363247434281,0.16562118127317124,0.0931270540864023,0.7335041639974376,0.4981994836254926,0.5095598845598845,,0.12
A,A|n300|mis0.2|clo|shi,4,d:kmmatch,,,,,,0.52893444373265,0.16673559710397085,,,0.15849056603773584,265,42,,,,,,,,,,0.01
A,A|n300|mis0.2|clo|shi,4,d:random,,,,,,0.4556907964979714,0.15743331257162613,,,0.15849056603773584,265,42,,,,,,,,,,0.0
A,A|n300|mis0.4|chi|shi,4,b:default,0.757185609350419,0.5017432417419936,1.0,1.0,1.0,,,,,,267,112,,,,,,,,,,0.14
A,A|n300|mis0.4|chi|shi,4,b:rank16,0.8757327191030215,0.5017432417419936,1.0,1.0,1.0,,,,,,267,112,,,,,,,,,,0.09
A,A|n300|mis0.4|chi|shi,4,b:robust,0.8757327191030215,0.5017432417419936,1.0,1.0,1.0,,,,,,267,112,,,,,,,,,,0.14
A,A|n300|mis0.4|chi|shi,4,b:alpha05,0.8001010481684266,0.5017432417419936,1.0,1.0,1.0,,,,,,267,112,,,,,,,,,,0.12
A,A|n300|mis0.4|chi|shi,4,b:concat05,0.8544198175980076,0.5017432417419936,1.0,1.0,1.0,,,,,,267,112,,,,,,,,,,0.14
A,A|n300|mis0.4|chi|shi,4,b:text_only,0.9011863100476382,0.5017432417419936,1.0,1.0,1.0,,,,,,267,112,,,,,,,,,,0.05
A,A|n300|mis0.4|chi|shi,4,b:image_only,0.8842924230837144,0.5017432417419936,1.0,1.0,1.0,,,,,,267,112,,,,,,,,,,0.08
A,A|n300|mis0.4|chi|shi,4,b:structure_only,0.8757327191030215,0.5017432417419936,1.0,1.0,1.0,,,,,,267,112,,,,,,,,,,0.0
A,A|n300|mis0.4|chi|shi,4,b:spectral,0.8765838147407158,0.4964220710844489,0.9933333333333333,1.0,0.9821428571428571,,,,,,267,112,,,,,,,,,,0.01
A,A|n300|mis0.4|chi|shi,4,b:kmeans_content,0.8466674035561453,0.483490126854894,0.9866666666666667,1.0,1.0,,,,,,267,112,,,,,,,,,,0.06
A,A|n300|mis0.4|chi|shi,4,d:default,,,,,,0.5191820276497696,0.4682733072048093,0.5191820276497696,0.4682733072048093,0.41947565543071164,267,112,0.809049735686541,0.12920687680914075,0.7865506992095137,0.17242177004954315,0.1476757271154191,0.8206797235023041,0.6144524899798117,0.5960077954207372,,0.0
A,A|n300|mis0.4|chi|shi,4,d:rank16,,,,,,0.829147465437788,0.76352368825909,0.829147465437788,0.76352368825909,0.41947565543071164,267,112,0.530000500708761,0.253558000210593,0.16547668004101004,0.28848068447589686,1.3422274301588382,0.4381336405529954,0.36887449879350553,0.16908626007345046,,0.0
A,A|n300|mis0.4|chi|shi,4,d:cons,,,,,,0.5191820276497696,0.4682733072048093,0.6221774193548387,0.5301891674555467,0.41947565543071164,267,112,0.809049735686541,0.12920687680914075,0.7865506992095137,0.17242177004954315,0.1476757271154191,0.8206797235023041,0.5514431239388795,0.4288063909774436,,0.14
A,A|n300|mis0.4|chi|shi,4,d:kmmatch,,,,,,1.0,1.0,,,0.41947565543071164,267,112,,,,,,,,,,0.03
A,A|n300|mis0.4|chi|shi,4,d:random,,,,,,0.527995391705069,0.4355865964647391,,,0.41947565543071164,267,112,,,,,,,,,,0.0
A,A|n300|mis0.2|clo|slo,4,b:default,0.0,0.11201903341560539,0.43,0.4484304932735426,0.38095238095238093,,,,,,265,42,,,,,,,,,,0.17
A,A|n300|mis0.2|clo|slo,4,b:rank16,0.10979432662640187,0.12361798273151346,0.5266666666666666,0.5246636771300448,0.6190476190476191,,,,,,265,42,,,,,,,,,,0.11
A,A|n300|mis0.2|clo|slo,4,b:robust,0.08594935623350242,0.11864596719840831,0.48333333333333334,0.4977578475336323,0.5,,,,,,265,42,,,,,,,,,,0.16
A,A|n300|mis0.2|clo|slo,4,b:alpha05,0.0,0.10223232534193076,0.38,0.4080717488789238,0.23809523809523808,,,,,,265,42,,,,,,,,,,0.14
A,A|n300|mis0.2|clo|slo,4,b:concat05,0.0,0.11228135851538988,0.4666666666666667,0.4618834080717489,0.4523809523809524,,,,,,265,42,,,,,,,,,,0.16
A,A|n300|mis0.2|clo|slo,4,b:text_only,0.13342057032437138,0.12363109898650268,0.5633333333333334,0.5650224215246636,0.6190476190476191,,,,,,265,42,,,,,,,,,,0.3
A,A|n300|mis0.2|clo|slo,4,b:image_only,0.12965392240011409,0.12422651930914523,0.5833333333333334,0.5874439461883408,0.6190476190476191,,,,,,265,42,,,,,,,,,,0.34
A,A|n300|mis0.2|clo|slo,4,b:structure_only,0.07580111456033856,0.12192631014091185,0.45666666666666667,0.4977578475336323,0.40476190476190477,,,,,,265,42,,,,,,,,,,0.03
A,A|n300|mis0.2|clo|slo,4,b:spectral,0.09479188603332789,0.05392818504470195,0.52,0.5291479820627802,0.6190476190476191,,,,,,265,42,,,,,,,,,,0.03
A,A|n300|mis0.2|clo|slo,4,b:kmeans_content,0.0,0.003257137260599542,0.32,0.3452914798206278,0.23809523809523808,,,,,,265,42,,,,,,,,,,0.05
A,A|n300|mis0.2|clo|slo,4,d:default,,,,,,0.5320307495195388,0.1851004510813206,0.5320307495195388,0.1851004510813206,0.15849056603773584,265,42,0.7834400582569478,0.15867271700000557,0.7683363247434281,0.16562118127317124,0.0931270540864023,0.7335041639974376,0.5898564455855098,0.5757313818458021,,0.0
A,A|n300|mis0.2|clo|slo,4,d:rank16,,,,,,0.5149476831091181,0.16545220743227626,0.5149476831091181,0.16545220743227626,0.15849056603773584,265,42,0.3192610385770769,0.3273332284337153,0.3176104274753782,0.3045402240175272,0.0052211032362959545,0.603352551783045,0.24802031731330285,0.23941859297003992,,0.0
A,A|n300|mis0.2|clo|slo,4,d:cons,,,,,,0.5320307495195388,0.1851004510813206,0.5005338458253256,0.16850787740610768,0.15849056603773584,265,42,0.7834400582569478,0.15867271700000557,0.7683363247434281,0.16562118127317124,0.0931270540864023,0.7335041639974376,0.5000849300176654,0.499549062049062,,0.14
A,A|n300|mis0.2|clo|slo,4,d:kmmatch,,,,,,0.52893444373265,0.16673559710397085,,,0.15849056603773584,265,42,,,,,,,,,,0.03
A,A|n300|mis0.2|clo|slo,4,d:random,,,,,,0.4556907964979714,0.15743331257162613,,,0.15849056603773584,265,42,,,,,,,,,,0.0
A,A|n300|mis0.4|clo|shi,4,b:default,0.7292756655841872,0.5017432417419936,1.0,1.0,1.0,,,,,,267,112,,,,,,,,,,0.14
A,A|n300|mis0.4|clo|shi,4,b:rank16,0.8488470220721438,0.5017432417419936,1.0,1.0,1.0,,,,,,267,112,,,,,,,,,,0.09
A,A|n300|mis0.4|clo|shi,4,b:robust,0.6662862435480876,0.5017432417419936,1.0,1.0,1.0,,,,,,267,112,,,,,,,,,,0.17
A,A|n300|mis0.4|clo|shi,4,b:alpha05,0.7904573264163326,0.5017432417419936,1.0,1.0,1.0,,,,,,267,112,,,,,,,,,,0.12
A,A|n300|mis0.4|clo|shi,4,b:concat05,0.7076048566188342,0.5017432417419936,1.0,1.0,1.0,,,,,,267,112,,,,,,,,,,0.14
A,A|n300|mis0.4|clo|shi,4,b:text_only,0.8757327191030215,0.5017432417419936,1.0,1.0,1.0,,,,,,267,112,,,,,,,,,,0.06
A,A|n300|mis0.4|clo|shi,4,b:image_only,0.8757327191030215,0.5017432417419936,1.0,1.0,1.0,,,,,,267,112,,,,,,,,,,0.06
A,A|n300|mis0.4|clo|shi,4,b:structure_only,0.8757327191030215,0.5017432417419936,1.0,1.0,1.0,,,,,,267,112,,,,,,,,,,0.01
A,A|n300|mis0.4|clo|shi,4,b:spectral,0.886879952978962,0.49793893843266573,0.9966666666666667,1.0,0.9910714285714286,,,,,,267,112,,,,,,,,,,0.03
A,A|n300|mis0.4|clo|shi,4,b:kmeans_content,0.0,0.0037015897203199963,0.31666666666666665,0.25806451612903225,0.42857142857142855,,,,,,267,112,,,,,,,,,,0.03
A,A|n300|mis0.4|clo|shi,4,d:default,,,,,,0.4815668202764977,0.43480413784909966,0.4815668202764977,0.43480413784909966,0.41947565543071164,267,112,0.7724887783891702,0.16704664585563647,0.7683611389350785,0.18315209202066904,0.023548236364670027,0.7074884792626728,0.5814846562957101,0.5762882641271114,,0.01
A,A|n300|mis0.4|clo|shi,4,d:rank16,,,,,,0.49354838709677423,0.3962466813462755,0.49354838709677423,0.3962466813462755,0.41947565543071164,267,112,0.3122747668552276,0.3366819846763827,0.3358756931275518,0.25443549156557743,-0.07909000867996877,0.7085829493087558,0.2484877091710885,0.22974101023418628,,0.0
A,A|n300|mis0.4|clo|shi,4,d:cons,,,,,,0.4815668202764977,0.43480413784909966,0.49228110599078345,0.4175365722574117,0.41947565543071164,267,112,0.7724887783891702,0.16704664585563647,0.7683611389350785,0.18315209202066904,0.023548236364670027,0.7074884792626728,0.49674993936454037,0.5044978517722879,,0.16
A,A|n300|mis0.4|clo|shi,4,d:kmmatch,,,,,,0.5179435483870968,0.4284878277153559,,,0.41947565543071164,267,112,,,,,,,,,,0.01
A,A|n300|mis0.4|clo|shi,4,d:random,,,,,,0.527995391705069,0.4355865964647391,,,0.41947565543071164,267,112,,,,,,,,,,0.0
A,A|n300|mis0.4|chi|slo,4,b:default,0.0,0.09785582021563702,0.46,0.45161290322580644,0.4732142857142857,,,,,,267,112,,,,,,,,,,0.14
A,A|n300|mis0.4|chi|slo,4,b:rank16,0.1780221763114367,0.12219641851288768,0.62,0.6193548387096774,0.625,,,,,,267,112,,,,,,,,,,0.11
A,A|n300|mis0.4|chi|slo,4,b:robust,0.5362616989036925,0.12247798559114528,0.9266666666666666,0.9935483870967742,0.8928571428571429,,,,,,267,112,,,,,,,,,,0.2
A,A|n300|mis0.4|chi|slo,4,b:alpha05,0.0,0.09555215181531858,0.4266666666666667,0.4258064516129032,0.4107142857142857,,,,,,267,112,,,,,,,,,,0.14
A,A|n300|mis0.4|chi|slo,4,b:concat05,0.51473190624875,0.12073525329362136,0.9466666666666667,1.0,0.8839285714285714,,,,,,267,112,,,,,,,,,,0.17
A,A|n300|mis0.4|chi|slo,4,b:text_only,0.23301635651971742,0.12606326344531443,0.6433333333333333,0.6064516129032258,0.6964285714285714,,,,,,267,112,,,,,,,,,,0.14
A,A|n300|mis0.4|chi|slo,4,b:image_only,0.14807741805192176,0.12347442459998306,0.59,0.5612903225806452,0.6339285714285714,,,,,,267,112,,,,,,,,,,0.31
A,A|n300|mis0.4|chi|slo,4,b:structure_only,0.07580111456033856,0.12192631014091185,0.45666666666666667,0.41935483870967744,0.5089285714285714,,,,,,267,112,,,,,,,,,,0.03
A,A|n300|mis0.4|chi|slo,4,b:spectral,0.7649096158163384,0.11853718155606638,0.9566666666666667,1.0,0.9285714285714286,,,,,,267,112,,,,,,,,,,0.02
A,A|n300|mis0.4|chi|slo,4,b:kmeans_content,0.8466674035561453,0.1195719243535128,0.9866666666666667,1.0,1.0,,,,,,267,112,,,,,,,,,,0.05
A,A|n300|mis0.4|chi|slo,4,d:default,,,,,,0.5191820276497696,0.4682733072048093,0.5191820276497696,0.4682733072048093,0.41947565543071164,267,112,0.809049735686541,0.12920687680914075,0.7865506992095137,0.17242177004954315,0.1476757271154191,0.8206797235023041,0.6144524899798117,0.5960077954207372,,0.0
A,A|n300|mis0.4|chi|slo,4,d:rank16,,,,,,0.829147465437788,0.76352368825909,0.829147465437788,0.76352368825909,0.41947565543071164,267,112,0.530000500708761,0.253558000210593,0.16547668004101004,0.28848068447589686,1.3422274301588382,0.4381336405529954,0.36887449879350553,0.16908626007345046,,0.0
A,A|n300|mis0.4|chi|slo,4,d:cons,,,,,,0.5191820276497696,0.4682733072048093,0.5513824884792626,0.44379707662666046,0.41947565543071164,267,112,0.809049735686541,0.12920687680914075,0.7865506992095137,0.17242177004954315,0.1476757271154191,0.8206797235023041,0.5216347319912685,0.47005907626208376,,0.16
A,A|n300|mis0.4|chi|slo,4,d:kmmatch,,,,,,1.0,1.0,,,0.41947565543071164,267,112,,,,,,,,,,0.02
A,A|n300|mis0.4|chi|slo,4,d:random,,,,,,0.527995391705069,0.4355865964647391,,,0.41947565543071164,267,112,,,,,,,,,,0.0
A,A|n300|mis0.4|clo|slo,4,b:default,0.0,0.09733228705976234,0.41,0.4,0.4017857142857143,,,,,,267,112,,,,,,,,,,0.16
A,A|n300|mis0.4|clo|slo,4,b:rank16,0.14318748119012148,0.12290563315766201,0.61,0.5741935483870968,0.6696428571428571,,,,,,267,112,,,,,,,,,,0.09
A,A|n300|mis0.4|clo|slo,4,b:robust,0.14732974283889289,0.12613489837640943,0.5666666666666667,0.5290322580645161,0.6339285714285714,,,,,,267,112,,,,,,,,,,0.17
A,A|n300|mis0.4|clo|slo,4,b:alpha05,0.0,0.10216339293590213,0.4,0.3935483870967742,0.4017857142857143,,,,,,267,112,,,,,,,,,,0.17
A,A|n300|mis0.4|clo|slo,4,b:concat05,0.0,0.10520218418796551,0.38333333333333336,0.36774193548387096,0.4017857142857143,,,,,,267,112,,,,,,,,,,0.14
A,A|n300|mis0.4|clo|slo,4,b:text_only,0.13076060746075358,0.12349137844056668,0.5666666666666667,0.5290322580645161,0.625,,,,,,267,112,,,,,,,,,,0.31
A,A|n300|mis0.4|clo|slo,4,b:image_only,0.13474409709697877,0.12401891133353975,0.58,0.5419354838709678,0.6339285714285714,,,,,,267,112,,,,,,,,,,0.39
A,A|n300|mis0.4|clo|slo,4,b:structure_only,0.07580111456033856,0.12192631014091185,0.45666666666666667,0.41935483870967744,0.5089285714285714,,,,,,267,112,,,,,,,,,,0.01
A,A|n300|mis0.4|clo|slo,4,b:spectral,0.1804655209163597,0.0636432581872817,0.61,0.6516129032258065,0.5803571428571429,,,,,,267,112,,,,,,,,,,0.03
A,A|n300|mis0.4|clo|slo,4,b:kmeans_content,0.0,0.006928139209876817,0.31666666666666665,0.25806451612903225,0.42857142857142855,,,,,,267,112,,,,,,,,,,0.03
A,A|n300|mis0.4|clo|slo,4,d:default,,,,,,0.4815668202764977,0.43480413784909966,0.4815668202764977,0.43480413784909966,0.41947565543071164,267,112,0.7724887783891702,0.16704664585563647,0.7683611389350785,0.18315209202066904,0.023548236364670027,0.7074884792626728,0.5814846562957101,0.5762882641271114,,0.0
A,A|n300|mis0.4|clo|slo,4,d:rank16,,,,,,0.49354838709677423,0.3962466813462755,0.49354838709677423,0.3962466813462755,0.41947565543071164,267,112,0.3122747668552276,0.3366819846763827,0.3358756931275518,0.25443549156557743,-0.07909000867996877,0.7085829493087558,0.2484877091710885,0.22974101023418628,,0.01
A,A|n300|mis0.4|clo|slo,4,d:cons,,,,,,0.4815668202764977,0.43480413784909966,0.5095622119815669,0.4495984409249413,0.41947565543071164,267,112,0.7724887783891702,0.16704664585563647,0.7683611389350785,0.18315209202066904,0.023548236364670027,0.7074884792626728,0.5040261945185546,0.4944280343716434,,0.12
A,A|n300|mis0.4|clo|slo,4,d:kmmatch,,,,,,0.5179435483870968,0.4284878277153559,,,0.41947565543071164,267,112,,,,,,,,,,0.02
A,A|n300|mis0.4|clo|slo,4,d:random,,,,,,0.527995391705069,0.4355865964647391,,,0.41947565543071164,267,112,,,,,,,,,,0.0
A,A|n600|mis0.0|chi|shi,4,b:default,0.8777050180109148,0.4713281967841776,1.0,1.0,nan,,,,,,532,0,,,,,,,,,,0.38
A,A|n600|mis0.0|chi|shi,4,b:rank16,0.8777050180109148,0.4713281967841776,1.0,1.0,nan,,,,,,532,0,,,,,,,,,,0.17
A,A|n600|mis0.0|chi|shi,4,b:robust,0.8777050180109148,0.4713281967841776,1.0,1.0,nan,,,,,,532,0,,,,,,,,,,0.39
A,A|n600|mis0.0|chi|shi,4,b:alpha05,0.8777050180109148,0.4713281967841776,1.0,1.0,nan,,,,,,532,0,,,,,,,,,,0.36
A,A|n600|mis0.0|chi|shi,4,b:concat05,0.8777050180109148,0.4713281967841776,1.0,1.0,nan,,,,,,532,0,,,,,,,,,,0.38
A,A|n600|mis0.0|chi|shi,4,b:text_only,0.8777050180109148,0.4713281967841776,1.0,1.0,nan,,,,,,532,0,,,,,,,,,,0.11
A,A|n600|mis0.0|chi|shi,4,b:image_only,0.8777050180109148,0.4713281967841776,1.0,1.0,nan,,,,,,532,0,,,,,,,,,,0.14
A,A|n600|mis0.0|chi|shi,4,b:structure_only,0.8777050180109148,0.4713281967841776,1.0,1.0,nan,,,,,,532,0,,,,,,,,,,0.03
A,A|n600|mis0.0|chi|shi,4,b:spectral,0.8777050180109148,0.4713281967841776,1.0,1.0,nan,,,,,,532,0,,,,,,,,,,0.09
A,A|n600|mis0.0|chi|shi,4,b:kmeans_content,0.8777050180109148,0.4713281967841776,1.0,1.0,nan,,,,,,532,0,,,,,,,,,,0.05
A,A|n600|mis0.0|chi|shi,4,d:default,,,,,,nan,nan,nan,nan,0.0,532,0,0.9461991858918175,0.043861845918288914,,,,,0.7319052248141127,,,0.0
A,A|n600|mis0.0|chi|shi,4,d:rank16,,,,,,nan,nan,nan,nan,0.0,532,0,0.7884633039502101,0.15179929779827378,,,,,0.5902391760514737,,,0.0
A,A|n600|mis0.0|chi|shi,4,d:cons,,,,,,nan,nan,nan,nan,0.0,532,0,0.9461991858918175,0.043861845918288914,,,,,0.5,,,0.36
A,A|n600|mis0.0|chi|shi,4,d:kmmatch,,,,,,nan,nan,,,0.0,532,0,,,,,,,,,,0.05
A,A|n600|mis0.0|chi|shi,4,d:random,,,,,,nan,nan,,,0.0,532,0,,,,,,,,,,0.0
A,A|n600|mis0.0|clo|shi,4,b:default,0.4227581528509533,0.25513051660413616,0.6883333333333334,0.6616541353383458,nan,,,,,,532,0,,,,,,,,,,0.42
A,A|n600|mis0.0|clo|shi,4,b:rank16,0.873856838111344,0.4713281967841776,1.0,1.0,nan,,,,,,532,0,,,,,,,,,,0.2
A,A|n600|mis0.0|clo|shi,4,b:robust,0.8701157349846407,0.4713281967841776,1.0,1.0,nan,,,,,,532,0,,,,,,,,,,0.41
A,A|n600|mis0.0|clo|shi,4,b:alpha05,0.8700695003942291,0.4713281967841776,1.0,1.0,nan,,,,,,532,0,,,,,,,,,,0.41
A,A|n600|mis0.0|clo|shi,4,b:concat05,0.6405466534518802,0.3917327389947012,0.8816666666666667,0.8778195488721805,nan,,,,,,532,0,,,,,,,,,,0.45
A,A|n600|mis0.0|clo|shi,4,b:text_only,0.8777050180109148,0.4713281967841776,1.0,1.0,nan,,,,,,532,0,,,,,,,,,,0.14
A,A|n600|mis0.0|clo|shi,4,b:image_only,0.8777050180109148,0.4713281967841776,1.0,1.0,nan,,,,,,532,0,,,,,,,,,,0.16
A,A|n600|mis0.0|clo|shi,4,b:structure_only,0.8777050180109148,0.4713281967841776,1.0,1.0,nan,,,,,,532,0,,,,,,,,,,0.03
A,A|n600|mis0.0|clo|shi,4,b:spectral,0.8777050180109148,0.4713281967841776,1.0,1.0,nan,,,,,,532,0,,,,,,,,,,0.08
A,A|n600|mis0.0|clo|shi,4,b:kmeans_content,0.0,0.0011446721381293615,0.21166666666666667,0.2236842105263158,nan,,,,,,532,0,,,,,,,,,,0.09
A,A|n600|mis0.0|clo|shi,4,d:default,,,,,,nan,nan,nan,nan,0.0,532,0,0.814277682746849,0.13696081969190219,,,,,0.619198063625319,,,0.02
A,A|n600|mis0.0|clo|shi,4,d:rank16,,,,,,nan,nan,nan,nan,0.0,532,0,0.3954384201172757,0.30625246881714496,,,,,0.28723958031660174,,,0.0
A,A|n600|mis0.0|clo|shi,4,d:cons,,,,,,nan,nan,nan,nan,0.0,532,0,0.814277682746849,0.13696081969190219,,,,,0.5,,,0.47
A,A|n600|mis0.0|clo|shi,4,d:kmmatch,,,,,,nan,nan,,,0.0,532,0,,,,,,,,,,0.03
A,A|n600|mis0.0|clo|shi,4,d:random,,,,,,nan,nan,,,0.0,532,0,,,,,,,,,,0.0
A,A|n600|mis0.0|chi|slo,4,b:default,0.20667323754825628,0.0788091824470237,0.5216666666666666,0.5338345864661654,nan,,,,,,532,0,,,,,,,,,,0.38
A,A|n600|mis0.0|chi|slo,4,b:rank16,0.27403473567298775,0.07032199485149633,0.5783333333333334,0.5939849624060151,nan,,,,,,532,0,,,,,,,,,,0.22
A,A|n600|mis0.0|chi|slo,4,b:robust,0.846346831198371,0.0959706110326625,0.9966666666666667,1.0,nan,,,,,,532,0,,,,,,,,,,0.38
A,A|n600|mis0.0|chi|slo,4,b:alpha05,0.2451627597241789,0.08102214033230423,0.62,0.6353383458646616,nan,,,,,,532,0,,,,,,,,,,0.38
A,A|n600|mis0.0|chi|slo,4,b:concat05,0.8586332859333026,0.09611811201722922,1.0,1.0,nan,,,,,,532,0,,,,,,,,,,0.39
A,A|n600|mis0.0|chi|slo,4,b:text_only,0.041463362772707235,0.07642712466093453,0.335,0.3233082706766917,nan,,,,,,532,0,,,,,,,,,,0.89
A,A|n600|mis0.0|chi|slo,4,b:image_only,0.023594535363525626,0.07269510918499142,0.31333333333333335,0.30639097744360905,nan,,,,,,532,0,,,,,,,,,,1.31
A,A|n600|mis0.0|chi|slo,4,b:structure_only,0.10399969274156784,0.08488640558497221,0.44,0.45112781954887216,nan,,,,,,532,0,,,,,,,,,,0.08
A,A|n600|mis0.0|chi|slo,4,b:spectral,0.8777050180109148,0.09611811201722922,1.0,1.0,nan,,,,,,532,0,,,,,,,,,,0.09
A,A|n600|mis0.0|chi|slo,4,b:kmeans_content,0.8777050180109148,0.09611811201722922,1.0,1.0,nan,,,,,,532,0,,,,,,,,,,0.06
A,A|n600|mis0.0|chi|slo,4,d:default,,,,,,nan,nan,nan,nan,0.0,532,0,0.9461991858918175,0.043861845918288914,,,,,0.7319052248141127,,,0.0
A,A|n600|mis0.0|chi|slo,4,d:rank16,,,,,,nan,nan,nan,nan,0.0,532,0,0.7884633039502101,0.15179929779827378,,,,,0.5902391760514737,,,0.0
A,A|n600|mis0.0|chi|slo,4,d:cons,,,,,,nan,nan,nan,nan,0.0,532,0,0.9461991858918175,0.043861845918288914,,,,,0.5,,,0.34
A,A|n600|mis0.0|chi|slo,4,d:kmmatch,,,,,,nan,nan,,,0.0,532,0,,,,,,,,,,0.03
A,A|n600|mis0.0|chi|slo,4,d:random,,,,,,nan,nan,,,0.0,532,0,,,,,,,,,,0.0
A,A|n600|mis0.0|clo|slo,4,b:default,0.01582252904259218,0.06950688879999434,0.325,0.31390977443609025,nan,,,,,,532,0,,,,,,,,,,0.42
A,A|n600|mis0.0|clo|slo,4,b:rank16,0.020883151987633353,0.07406137139306451,0.32,0.3082706766917293,nan,,,,,,532,0,,,,,,,,,,0.2
A,A|n600|mis0.0|clo|slo,4,b:robust,0.0630024069145172,0.08554241576284645,0.44333333333333336,0.43609022556390975,nan,,,,,,532,0,,,,,,,,,,0.56
A,A|n600|mis0.0|clo|slo,4,b:alpha05,0.012477363674465503,0.07343168549971094,0.35833333333333334,0.35150375939849626,nan,,,,,,532,0,,,,,,,,,,0.41
A,A|n600|mis0.0|clo|slo,4,b:concat05,0.03582603716376265,0.07524419294007749,0.405,0.3966165413533835,nan,,,,,,532,0,,,,,,,,,,0.47
A,A|n600|mis0.0|clo|slo,4,b:text_only,0.01668879033564641,0.072284252759971,0.2783333333333333,0.2781954887218045,nan,,,,,,532,0,,,,,,,,,,0.58
A,A|n600|mis0.0|clo|slo,4,b:image_only,0.01656664743570646,0.06930540263183858,0.285,0.2800751879699248,nan,,,,,,532,0,,,,,,,,,,0.66
A,A|n600|mis0.0|clo|slo,4,b:structure_only,0.10399969274156784,0.08488640558497221,0.44,0.45112781954887216,nan,,,,,,532,0,,,,,,,,,,0.06
A,A|n600|mis0.0|clo|slo,4,b:spectral,0.039499997233162,0.06084404414388438,0.41333333333333333,0.41729323308270677,nan,,,,,,532,0,,,,,,,,,,0.11
A,A|n600|mis0.0|clo|slo,4,b:kmeans_content,0.0,0.00023370414798275577,0.21166666666666667,0.2236842105263158,nan,,,,,,532,0,,,,,,,,,,0.09
A,A|n600|mis0.0|clo|slo,4,d:default,,,,,,nan,nan,nan,nan,0.0,532,0,0.814277682746849,0.13696081969190219,,,,,0.619198063625319,,,0.0
A,A|n600|mis0.0|clo|slo,4,d:rank16,,,,,,nan,nan,nan,nan,0.0,532,0,0.3954384201172757,0.30625246881714496,,,,,0.28723958031660174,,,0.0
A,A|n600|mis0.0|clo|slo,4,d:cons,,,,,,nan,nan,nan,nan,0.0,532,0,0.814277682746849,0.13696081969190219,,,,,0.5,,,0.39
A,A|n600|mis0.0|clo|slo,4,d:kmmatch,,,,,,nan,nan,,,0.0,532,0,,,,,,,,,,0.05
A,A|n600|mis0.0|clo|slo,4,d:random,,,,,,nan,nan,,,0.0,532,0,,,,,,,,,,0.0
A,A|n600|mis0.1|chi|shi,4,b:default,0.8738726941683066,0.4713281967841776,1.0,1.0,1.0,,,,,,552,65,,,,,,,,,,0.45
A,A|n600|mis0.1|chi|shi,4,b:rank16,0.8777050180109148,0.4713281967841776,1.0,1.0,1.0,,,,,,552,65,,,,,,,,,,0.19
A,A|n600|mis0.1|chi|shi,4,b:robust,0.8777050180109148,0.4713281967841776,1.0,1.0,1.0,,,,,,552,65,,,,,,,,,,0.48
A,A|n600|mis0.1|chi|shi,4,b:alpha05,0.8777050180109148,0.4713281967841776,1.0,1.0,1.0,,,,,,552,65,,,,,,,,,,0.44
A,A|n600|mis0.1|chi|shi,4,b:concat05,0.8738726941683066,0.4713281967841776,1.0,1.0,1.0,,,,,,552,65,,,,,,,,,,0.47
A,A|n600|mis0.1|chi|shi,4,b:text_only,0.8777050180109148,0.4713281967841776,1.0,1.0,1.0,,,,,,552,65,,,,,,,,,,0.09
A,A|n600|mis0.1|chi|shi,4,b:image_only,0.8777050180109148,0.4713281967841776,1.0,1.0,1.0,,,,,,552,65,,,,,,,,,,0.16
A,A|n600|mis0.1|chi|shi,4,b:structure_only,0.8777050180109148,0.4713281967841776,1.0,1.0,1.0,,,,,,552,65,,,,,,,,,,0.03
A,A|n600|mis0.1|chi|shi,4,b:spectral,0.8717198411351612,0.47023835042757656,0.9983333333333333,1.0,0.9846153846153847,,,,,,552,65,,,,,,,,,,0.06
A,A|n600|mis0.1|chi|shi,4,b:kmeans_content,0.8131548416294669,0.44773925748508203,0.9766666666666667,1.0,0.8,,,,,,552,65,,,,,,,,,,0.08
A,A|n600|mis0.1|chi|shi,4,d:default,,,,,,0.9555836360764491,0.7579487900907329,0.9555836360764491,0.7579487900907329,0.11775362318840579,552,65,0.9185303075232691,0.06063821728848729,0.6727084266121123,0.20316866377209922,1.6396416911385618,0.21146738271994947,0.712580163621959,0.489866183962165,,0.0
A,A|n600|mis0.1|chi|shi,4,d:rank16,,,,,,0.9949455062391408,0.9555767510258611,0.9949455062391408,0.9555767510258611,0.11775362318840579,552,65,0.7784841463418208,0.1580888007339085,0.04081664906955879,0.22144785625244162,3.8341419459848147,0.036960985626283374,0.5813451949448614,0.12216366939206777,,0.0
A,A|n600|mis0.1|chi|shi,4,d:cons,,,,,,0.9555836360764491,0.7579487900907329,0.9601958616332333,0.8245679013979035,0.11775362318840579,552,65,0.9185303075232691,0.06063821728848729,0.6727084266121123,0.20316866377209922,1.6396416911385618,0.21146738271994947,0.5542880780511074,0.0932570152170878,,0.42
A,A|n600|mis0.1|chi|shi,4,d:kmmatch,,,,,,1.0,1.0,,,0.11775362318840579,552,65,,,,,,,,,,0.05
A,A|n600|mis0.1|chi|shi,4,d:random,,,,,,0.524782814721213,0.13908175711925952,,,0.11775362318840579,552,65,,,,,,,,,,0.0
A,A|n600|mis0.1|clo|shi,4,b:default,0.4317356547485488,0.3145046269900443,0.75,0.7392197125256673,0.7076923076923077,,,,,,552,65,,,,,,,,,,0.42
A,A|n600|mis0.1|clo|shi,4,b:rank16,0.8739176802938,0.4713281967841776,1.0,1.0,1.0,,,,,,552,65,,,,,,,,,,0.17
A,A|n600|mis0.1|clo|shi,4,b:robust,0.8739176802938,0.4713281967841776,1.0,1.0,1.0,,,,,,552,65,,,,,,,,,,0.49
A,A|n600|mis0.1|clo|shi,4,b:alpha05,0.3186000435131324,0.3012290457030121,0.6816666666666666,0.6673511293634496,0.676923076923077,,,,,,552,65,,,,,,,,,,0.47
A,A|n600|mis0.1|clo|shi,4,b:concat05,0.5788666426219851,0.3581153139216382,0.825,0.8213552361396304,0.8461538461538461,,,,,,552,65,,,,,,,,,,0.48
A,A|n600|mis0.1|clo|shi,4,b:text_only,0.8777050180109148,0.4713281967841776,1.0,1.0,1.0,,,,,,552,65,,,,,,,,,,0.14
A,A|n600|mis0.1|clo|shi,4,b:image_only,0.8777050180109148,0.4713281967841776,1.0,1.0,1.0,,,,,,552,65,,,,,,,,,,0.2
A,A|n600|mis0.1|clo|shi,4,b:structure_only,0.8777050180109148,0.4713281967841776,1.0,1.0,1.0,,,,,,552,65,,,,,,,,,,0.03
A,A|n600|mis0.1|clo|shi,4,b:spectral,0.8716160540620839,0.4694196535529651,0.9983333333333333,0.997946611909651,1.0,,,,,,552,65,,,,,,,,,,0.08
A,A|n600|mis0.1|clo|shi,4,b:kmeans_content,0.0,0.007129685844574751,0.225,0.22381930184804927,0.2,,,,,,552,65,,,,,,,,,,0.09
A,A|n600|mis0.1|clo|shi,4,d:default,,,,,,0.5671141999684095,0.18897612289711258,0.5671141999684095,0.18897612289711258,0.11775362318840579,552,65,0.8218731426085604,0.12397962895862705,0.7727937496137656,0.1752736175935898,0.323297537077272,0.7818985942189228,0.6263117231137006,0.5788688346567902,,0.0
A,A|n600|mis0.1|clo|shi,4,d:rank16,,,,,,0.4918654241036171,0.1318545874090868,0.4918654241036171,0.1318545874090868,0.11775362318840579,552,65,0.37181239140720274,0.30324039723426244,0.359178315780761,0.32280779514679414,0.04034165157367233,0.6588532617280051,0.27069996586711015,0.2711089634187461,,0.0
A,A|n600|mis0.1|clo|shi,4,d:cons,,,,,,0.5671141999684095,0.18897612289711258,0.5311957036803033,0.12895980317938563,0.11775362318840579,552,65,0.8218731426085604,0.12397962895862705,0.7727937496137656,0.1752736175935898,0.323297537077272,0.7818985942189228,0.503680073936878,0.4724277537344688,,0.45
A,A|n600|mis0.1|clo|shi,4,d:kmmatch,,,,,,0.44266308640025265,0.10735938669232295,,,0.11775362318840579,552,65,,,,,,,,,,0.06
A,A|n600|mis0.1|clo|shi,4,d:random,,,,,,0.524782814721213,0.13908175711925952,,,0.11775362318840579,552,65,,,,,,,,,,0.0
A,A|n600|mis0.2|chi|shi,4,b:default,0.8708688566524427,0.4713281967841776,1.0,1.0,1.0,,,,,,535,116,,,,,,,,,,0.38
A,A|n600|mis0.2|chi|shi,4,b:rank16,0.8777050180109148,0.4713281967841776,1.0,1.0,1.0,,,,,,535,116,,,,,,,,,,0.2
A,A|n600|mis0.2|chi|shi,4,b:robust,0.8777050180109148,0.4713281967841776,1.0,1.0,1.0,,,,,,535,116,,,,,,,,,,0.45
A,A|n600|mis0.2|chi|shi,4,b:alpha05,0.8739030727017556,0.4713281967841776,1.0,1.0,1.0,,,,,,535,116,,,,,,,,,,0.36
A,A|n600|mis0.2|chi|shi,4,b:concat05,0.8578760445792455,0.4713281967841776,1.0,1.0,1.0,,,,,,535,116,,,,,,,,,,0.41
A,A|n600|mis0.2|chi|shi,4,b:text_only,0.8777050180109148,0.4713281967841776,1.0,1.0,1.0,,,,,,535,116,,,,,,,,,,0.14
A,A|n600|mis0.2|chi|shi,4,b:image_only,0.8777050180109148,0.4713281967841776,1.0,1.0,1.0,,,,,,535,116,,,,,,,,,,0.16
A,A|n600|mis0.2|chi|shi,4,b:structure_only,0.8777050180109148,0.4713281967841776,1.0,1.0,1.0,,,,,,535,116,,,,,,,,,,0.03
A,A|n600|mis0.2|chi|shi,4,b:spectral,0.8719289904245391,0.4700987016300938,0.9983333333333333,1.0,1.0,,,,,,535,116,,,,,,,,,,0.08
A,A|n600|mis0.2|chi|shi,4,b:kmeans_content,0.8349760159753565,0.45607635013833303,0.9866666666666667,1.0,1.0,,,,,,535,116,,,,,,,,,,0.08
A,A|n600|mis0.2|chi|shi,4,d:default,,,,,,0.8694551888733437,0.7321141005741578,0.8694551888733437,0.7321141005741578,0.21682242990654205,535,116,0.8952612786547062,0.07071951044637072,0.7112621449025743,0.1711096092877749,1.4054388965157774,0.3858941650892931,0.6940930551794507,0.5184348547427466,,0.0
A,A|n600|mis0.2|chi|shi,4,d:rank16,,,,,,0.9907826516336105,0.9666774421656049,0.9907826516336105,0.9666774421656049,0.21682242990654205,535,116,0.7769739022414536,0.14862690628180292,0.13404435888980892,0.22605493298638904,3.3608579964494103,0.07213398074232573,0.5809638219684652,0.14001695766109684,,0.02
A,A|n600|mis0.2|chi|shi,4,d:cons,,,,,,0.8694551888733437,0.7321141005741578,0.8836721257509671,0.7417653990414769,0.21682242990654205,535,116,0.8952612786547062,0.07071951044637072,0.7112621449025743,0.1711096092877749,1.4054388965157774,0.3858941650892931,0.5833445067174385,0.19895389383959705,,0.38
A,A|n600|mis0.2|chi|shi,4,d:kmmatch,,,,,,1.0,1.0,,,0.21682242990654205,535,116,,,,,,,,,,0.03
A,A|n600|mis0.2|chi|shi,4,d:random,,,,,,0.5812073080404905,0.30709018074469513,,,0.21682242990654205,535,116,,,,,,,,,,0.0
A,A|n600|mis0.1|chi|slo,4,b:default,0.3739738512303129,0.07640946173553916,0.7133333333333334,0.7679671457905544,0.5384615384615384,,,,,,552,65,,,,,,,,,,0.48
A,A|n600|mis0.1|chi|slo,4,b:rank16,0.24723149179957438,0.07735505720366423,0.595,0.6427104722792608,0.46153846153846156,,,,,,552,65,,,,,,,,,,0.22
A,A|n600|mis0.1|chi|slo,4,b:robust,0.7419789073884513,0.09425326594742661,0.9816666666666667,1.0,0.8615384615384616,,,,,,552,65,,,,,,,,,,0.48
A,A|n600|mis0.1|chi|slo,4,b:alpha05,0.29274883311721533,0.08108621792428972,0.63,0.6468172484599589,0.676923076923077,,,,,,552,65,,,,,,,,,,0.42
A,A|n600|mis0.1|chi|slo,4,b:concat05,0.7687973554602285,0.09365422533254364,0.9833333333333333,1.0,0.8615384615384616,,,,,,552,65,,,,,,,,,,0.45
A,A|n600|mis0.1|chi|slo,4,b:text_only,0.024614800743405052,0.07299298051687678,0.30666666666666664,0.32238193018480493,0.26153846153846155,,,,,,552,65,,,,,,,,,,1.08
A,A|n600|mis0.1|chi|slo,4,b:image_only,0.04669708977467668,0.07465814315318081,0.32666666666666666,0.3470225872689938,0.23076923076923078,,,,,,552,65,,,,,,,,,,1.11
A,A|n600|mis0.1|chi|slo,4,b:structure_only,0.10399969274156784,0.08488640558497221,0.44,0.4537987679671458,0.4307692307692308,,,,,,552,65,,,,,,,,,,0.06
A,A|n600|mis0.1|chi|slo,4,b:spectral,0.8256880776846616,0.09444830391895094,0.9833333333333333,1.0,0.8461538461538461,,,,,,552,65,,,,,,,,,,0.09
A,A|n600|mis0.1|chi|slo,4,b:kmeans_content,0.8131548416294669,0.08988918191741443,0.9766666666666667,1.0,0.8,,,,,,552,65,,,,,,,,,,0.11
A,A|n600|mis0.1|chi|slo,4,d:default,,,,,,0.9555836360764491,0.7579487900907329,0.9555836360764491,0.7579487900907329,0.11775362318840579,552,65,0.9185303075232691,0.06063821728848729,0.6727084266121123,0.20316866377209922,1.6396416911385618,0.21146738271994947,0.712580163621959,0.489866183962165,,0.0
A,A|n600|mis0.1|chi|slo,4,d:rank16,,,,,,0.9949455062391408,0.9555767510258611,0.9949455062391408,0.9555767510258611,0.11775362318840579,552,65,0.7784841463418208,0.1580888007339085,0.04081664906955879,0.22144785625244162,3.8341419459848147,0.036960985626283374,0.5813451949448614,0.12216366939206777,,0.0
A,A|n600|mis0.1|chi|slo,4,d:cons,,,,,,0.9555836360764491,0.7579487900907329,0.7123045332490918,0.23376752593228411,0.11775362318840579,552,65,0.9185303075232691,0.06063821728848729,0.6727084266121123,0.20316866377209922,1.6396416911385618,0.21146738271994947,0.5250449993851015,0.3123551584531621,,0.41
A,A|n600|mis0.1|chi|slo,4,d:kmmatch,,,,,,1.0,1.0,,,0.11775362318840579,552,65,,,,,,,,,,0.03
A,A|n600|mis0.1|chi|slo,4,d:random,,,,,,0.524782814721213,0.13908175711925952,,,0.11775362318840579,552,65,,,,,,,,,,0.0
A,A|n600|mis0.1|clo|slo,4,b:default,0.0,0.06463421809177332,0.325,0.3264887063655031,0.35384615384615387,,,,,,552,65,,,,,,,,,,0.45
A,A|n600|mis0.1|clo|slo,4,b:rank16,0.017392877460041367,0.07121309785206915,0.27666666666666667,0.28336755646817247,0.2923076923076923,,,,,,552,65,,,,,,,,,,0.2
A,A|n600|mis0.1|clo|slo,4,b:robust,0.13023823362339915,0.08601896727716729,0.5233333333333333,0.5482546201232033,0.4,,,,,,552,65,,,,,,,,,,0.59
A,A|n600|mis0.1|clo|slo,4,b:alpha05,0.010884048780717692,0.0740978679922861,0.31333333333333335,0.3182751540041068,0.3230769230769231,,,,,,552,65,,,,,,,,,,0.47
A,A|n600|mis0.1|clo|slo,4,b:concat05,0.0,0.07583630713120376,0.355,0.35728952772073924,0.4,,,,,,552,65,,,,,,,,,,0.53
A,A|n600|mis0.1|clo|slo,4,b:text_only,0.016035850284711106,0.07166877323899311,0.2683333333333333,0.2813141683778234,0.26153846153846155,,,,,,552,65,,,,,,,,,,0.48
A,A|n600|mis0.1|clo|slo,4,b:image_only,0.014716199003141917,0.07040382738219748,0.2733333333333333,0.2874743326488706,0.26153846153846155,,,,,,552,65,,,,,,,,,,0.64
A,A|n600|mis0.1|clo|slo,4,b:structure_only,0.10399969274156784,0.08488640558497221,0.44,0.4537987679671458,0.4307692307692308,,,,,,552,65,,,,,,,,,,0.06
A,A|n600|mis0.1|clo|slo,4,b:spectral,0.11855934536629265,0.065266586899835,0.5033333333333333,0.5112936344969199,0.5230769230769231,,,,,,552,65,,,,,,,,,,0.09
A,A|n600|mis0.1|clo|slo,4,b:kmeans_content,0.0,-0.0009374244431409572,0.225,0.22381930184804927,0.2,,,,,,552,65,,,,,,,,,,0.09
A,A|n600|mis0.1|clo|slo,4,d:default,,,,,,0.5671141999684095,0.18897612289711258,0.5671141999684095,0.18897612289711258,0.11775362318840579,552,65,0.8218731426085604,0.12397962895862705,0.7727937496137656,0.1752736175935898,0.323297537077272,0.7818985942189228,0.6263117231137006,0.5788688346567902,,0.01
A,A|n600|mis0.1|clo|slo,4,d:rank16,,,,,,0.4918654241036171,0.1318545874090868,0.4918654241036171,0.1318545874090868,0.11775362318840579,552,65,0.37181239140720274,0.30324039723426244,0.359178315780761,0.32280779514679414,0.04034165157367233,0.6588532617280051,0.27069996586711015,0.2711089634187461,,0.0
A,A|n600|mis0.1|clo|slo,4,d:cons,,,,,,0.5671141999684095,0.18897612289711258,0.4793239614594851,0.11773932547166052,0.11775362318840579,552,65,0.8218731426085604,0.12397962895862705,0.7727937496137656,0.1752736175935898,0.323297537077272,0.7818985942189228,0.4975609028944946,0.5182744660058635,,0.45
A,A|n600|mis0.1|clo|slo,4,d:kmmatch,,,,,,0.44266308640025265,0.10735938669232295,,,0.11775362318840579,552,65,,,,,,,,,,0.03
A,A|n600|mis0.1|clo|slo,4,d:random,,,,,,0.524782814721213,0.13908175711925952,,,0.11775362318840579,552,65,,,,,,,,,,0.0
A,A|n600|mis0.2|clo|shi,4,b:default,0.6727718213370657,0.3981126752088951,0.8983333333333333,0.8973747016706444,0.8620689655172413,,,,,,535,116,,,,,,,,,,0.44
A,A|n600|mis0.2|clo|shi,4,b:rank16,0.8777050180109148,0.4713281967841776,1.0,1.0,1.0,,,,,,535,116,,,,,,,,,,0.19
A,A|n600|mis0.2|clo|shi,4,b:robust,0.8777050180109148,0.4713281967841776,1.0,1.0,1.0,,,,,,535,116,,,,,,,,,,0.47
A,A|n600|mis0.2|clo|shi,4,b:alpha05,0.8708981856099934,0.4713281967841776,1.0,1.0,1.0,,,,,,535,116,,,,,,,,,,0.49
A,A|n600|mis0.2|clo|shi,4,b:concat05,0.6915923167149307,0.40673593770898114,0.9083333333333333,0.9045346062052506,0.9396551724137931,,,,,,535,116,,,,,,,,,,0.51
A,A|n600|mis0.2|clo|shi,4,b:text_only,0.8777050180109148,0.4713281967841776,1.0,1.0,1.0,,,,,,535,116,,,,,,,,,,0.14
A,A|n600|mis0.2|clo|shi,4,b:image_only,0.8777050180109148,0.4713281967841776,1.0,1.0,1.0,,,,,,535,116,,,,,,,,,,0.17
A,A|n600|mis0.2|clo|shi,4,b:structure_only,0.8777050180109148,0.4713281967841776,1.0,1.0,1.0,,,,,,535,116,,,,,,,,,,0.01
A,A|n600|mis0.2|clo|shi,4,b:spectral,0.8777050180109148,0.4713281967841776,1.0,1.0,1.0,,,,,,535,116,,,,,,,,,,0.08
A,A|n600|mis0.2|clo|shi,4,b:kmeans_content,0.0,-0.0016952497008794372,0.23333333333333334,0.24821002386634844,0.1724137931034483,,,,,,535,116,,,,,,,,,,0.09
A,A|n600|mis0.2|clo|shi,4,d:default,,,,,,0.5133528104682742,0.22255866953507233,0.5133528104682742,0.22255866953507233,0.21682242990654205,535,116,0.8129604419148959,0.14044483943519304,0.8127407892360126,0.12465690347427728,0.0016541889729437972,0.8179162208871698,0.618495751849813,0.6176203808363652,,0.0
A,A|n600|mis0.2|clo|shi,4,d:rank16,,,,,,0.5088264340383507,0.22452992508073844,0.5088264340383507,0.22452992508073844,0.21682242990654205,535,116,0.3824760299140969,0.3104124561890464,0.3755662651142621,0.30049495355999967,0.02261833578855115,0.7504114887663567,0.28106155491532797,0.27143239984674483,,0.02
A,A|n600|mis0.2|clo|shi,4,d:cons,,,,,,0.5133528104682742,0.22255866953507233,0.5250390914328039,0.22602534982731953,0.21682242990654205,535,116,0.8129604419148959,0.14044483943519304,0.8127407892360126,0.12465690347427728,0.0016541889729437972,0.8179162208871698,0.5054392033824068,0.48035322226527183,,0.44
A,A|n600|mis0.2|clo|shi,4,d:kmmatch,,,,,,0.5240412311743889,0.22538086309436617,,,0.21682242990654205,535,116,,,,,,,,,,0.05
A,A|n600|mis0.2|clo|shi,4,d:random,,,,,,0.5812073080404905,0.30709018074469513,,,0.21682242990654205,535,116,,,,,,,,,,0.0
A,A|n600|mis0.4|chi|shi,4,b:default,0.8544280259520202,0.4705937357394431,0.9983333333333333,0.9967845659163987,1.0,,,,,,537,226,,,,,,,,,,0.39
A,A|n600|mis0.4|chi|shi,4,b:rank16,0.8777050180109148,0.4713281967841776,1.0,1.0,1.0,,,,,,537,226,,,,,,,,,,0.22
A,A|n600|mis0.4|chi|shi,4,b:robust,0.8777050180109148,0.4713281967841776,1.0,1.0,1.0,,,,,,537,226,,,,,,,,,,0.45
A,A|n600|mis0.4|chi|shi,4,b:alpha05,0.8700695003942291,0.4713281967841776,1.0,1.0,1.0,,,,,,537,226,,,,,,,,,,0.45
A,A|n600|mis0.4|chi|shi,4,b:concat05,0.8739176802938,0.4713281967841776,1.0,1.0,1.0,,,,,,537,226,,,,,,,,,,0.49
A,A|n600|mis0.4|chi|shi,4,b:text_only,0.8777050180109148,0.4713281967841776,1.0,1.0,1.0,,,,,,537,226,,,,,,,,,,0.17
A,A|n600|mis0.4|chi|shi,4,b:image_only,0.8777050180109148,0.4713281967841776,1.0,1.0,1.0,,,,,,537,226,,,,,,,,,,0.23
A,A|n600|mis0.4|chi|shi,4,b:structure_only,0.8777050180109148,0.4713281967841776,1.0,1.0,1.0,,,,,,537,226,,,,,,,,,,0.03
A,A|n600|mis0.4|chi|shi,4,b:spectral,0.8777050180109148,0.4713281967841776,1.0,1.0,1.0,,,,,,537,226,,,,,,,,,,0.06
A,A|n600|mis0.4|chi|shi,4,b:kmeans_content,0.8387910821372354,0.4585630324318819,0.9883333333333333,1.0,1.0,,,,,,537,226,,,,,,,,,,0.08
A,A|n600|mis0.4|chi|shi,4,d:default,,,,,,0.617064564778192,0.5176512124097925,0.617064564778192,0.5176512124097925,0.4208566108007449,537,226,0.8418605272750558,0.11950222593932053,0.7969593050795075,0.14447383244222353,0.33867961574002114,0.7914805224369008,0.6455600086018692,0.6044174829689352,,0.01
A,A|n600|mis0.4|chi|shi,4,d:rank16,,,,,,0.951853854252625,0.9374355759486008,0.951853854252625,0.9374355759486008,0.4208566108007449,537,226,0.716535532388036,0.1741390914362268,0.17577318622686397,0.26675565384997807,2.4006275648817,0.20988532566940785,0.5229605474938878,0.16682850434055088,,0.0
A,A|n600|mis0.4|chi|shi,4,d:cons,,,,,,0.617064564778192,0.5176512124097925,0.681003329254759,0.6040788835752513,0.4208566108007449,537,226,0.8418605272750558,0.11950222593932053,0.7969593050795075,0.14447383244222353,0.33867961574002114,0.7914805224369008,0.576318567932044,0.3949775458988245,,0.39
A,A|n600|mis0.4|chi|shi,4,d:kmmatch,,,,,,1.0,1.0,,,0.4208566108007449,537,226,,,,,,,,,,0.03
A,A|n600|mis0.4|chi|shi,4,d:random,,,,,,0.5659448538827078,0.4775473719513752,,,0.4208566108007449,537,226,,,,,,,,,,0.02
A,A|n600|mis0.2|clo|slo,4,b:default,0.030725688472178492,0.0702356306647698,0.3433333333333333,0.3556085918854415,0.3017241379310345,,,,,,535,116,,,,,,,,,,0.47
A,A|n600|mis0.2|clo|slo,4,b:rank16,0.03235043791893455,0.07600212118791597,0.34,0.36754176610978523,0.25862068965517243,,,,,,535,116,,,,,,,,,,0.24
A,A|n600|mis0.2|clo|slo,4,b:robust,0.12415164342622753,0.08202198249556028,0.485,0.4988066825775656,0.45689655172413796,,,,,,535,116,,,,,,,,,,0.53
A,A|n600|mis0.2|clo|slo,4,b:alpha05,0.023419190571018156,0.0777982078827114,0.385,0.39618138424821003,0.3793103448275862,,,,,,535,116,,,,,,,,,,0.47
A,A|n600|mis0.2|clo|slo,4,b:concat05,0.0,0.07346742298903992,0.4033333333333333,0.38902147971360385,0.45689655172413796,,,,,,535,116,,,,,,,,,,0.48
A,A|n600|mis0.2|clo|slo,4,b:text_only,0.016237946342745335,0.07178131037254246,0.27,0.2840095465393795,0.22413793103448276,,,,,,535,116,,,,,,,,,,0.55
A,A|n600|mis0.2|clo|slo,4,b:image_only,0.006267078581111307,0.07291906234242415,0.28,0.28162291169451076,0.25862068965517243,,,,,,535,116,,,,,,,,,,0.8
A,A|n600|mis0.2|clo|slo,4,b:structure_only,0.10399969274156784,0.08488640558497221,0.44,0.4343675417661098,0.4224137931034483,,,,,,535,116,,,,,,,,,,0.06
A,A|n600|mis0.2|clo|slo,4,b:spectral,0.0,0.06450772277967282,0.37833333333333335,0.3818615751789976,0.3706896551724138,,,,,,535,116,,,,,,,,,,0.09
A,A|n600|mis0.2|clo|slo,4,b:kmeans_content,0.0,-0.0008438517391888105,0.23333333333333334,0.24821002386634844,0.1724137931034483,,,,,,535,116,,,,,,,,,,0.11
A,A|n600|mis0.2|clo|slo,4,d:default,,,,,,0.5133528104682742,0.22255866953507233,0.5133528104682742,0.22255866953507233,0.21682242990654205,535,116,0.8129604419148959,0.14044483943519304,0.8127407892360126,0.12465690347427728,0.0016541889729437972,0.8179162208871698,0.618495751849813,0.6176203808363652,,0.0
A,A|n600|mis0.2|clo|slo,4,d:rank16,,,,,,0.5088264340383507,0.22452992508073844,0.5088264340383507,0.22452992508073844,0.21682242990654205,535,116,0.3824760299140969,0.3104124561890464,0.3755662651142621,0.30049495355999967,0.02261833578855115,0.7504114887663567,0.28106155491532797,0.27143239984674483,,0.02
A,A|n600|mis0.2|clo|slo,4,d:cons,,,,,,0.5133528104682742,0.22255866953507233,0.5275080240309439,0.24647571284898015,0.21682242990654205,535,116,0.8129604419148959,0.14044483943519304,0.8127407892360126,0.12465690347427728,0.0016541889729437972,0.8179162208871698,0.505975525819456,0.47841598863489604,,0.39
A,A|n600|mis0.2|clo|slo,4,d:kmmatch,,,,,,0.5240412311743889,0.22538086309436617,,,0.21682242990654205,535,116,,,,,,,,,,0.05
A,A|n600|mis0.2|clo|slo,4,d:random,,,,,,0.5812073080404905,0.30709018074469513,,,0.21682242990654205,535,116,,,,,,,,,,0.01
A,A|n600|mis0.2|chi|slo,4,b:default,0.19118960147676944,0.07228822870396981,0.565,0.6109785202863962,0.4396551724137931,,,,,,535,116,,,,,,,,,,0.39
A,A|n600|mis0.2|chi|slo,4,b:rank16,0.2295465871504514,0.08163985601910607,0.6133333333333333,0.6778042959427207,0.4396551724137931,,,,,,535,116,,,,,,,,,,0.22
A,A|n600|mis0.2|chi|slo,4,b:robust,0.6728592935420246,0.09094233006067136,0.9516666666666667,1.0,0.8275862068965517,,,,,,535,116,,,,,,,,,,0.48
A,A|n600|mis0.2|chi|slo,4,b:alpha05,0.1972443364607418,0.0786896038730673,0.5516666666666666,0.6062052505966588,0.4224137931034483,,,,,,535,116,,,,,,,,,,0.36
A,A|n600|mis0.2|chi|slo,4,b:concat05,0.6880477234669352,0.08978682194137239,0.9516666666666667,1.0,0.8189655172413793,,,,,,535,116,,,,,,,,,,0.42
A,A|n600|mis0.2|chi|slo,4,b:text_only,0.024092357861567715,0.07580853847969447,0.325,0.34844868735083534,0.25862068965517243,,,,,,535,116,,,,,,,,,,1.31
A,A|n600|mis0.2|chi|slo,4,b:image_only,0.010465139020618963,0.07182873960705914,0.29833333333333334,0.32935560859188545,0.20689655172413793,,,,,,535,116,,,,,,,,,,1.08
A,A|n600|mis0.2|chi|slo,4,b:structure_only,0.10399969274156784,0.08488640558497221,0.44,0.4343675417661098,0.4224137931034483,,,,,,535,116,,,,,,,,,,0.08
A,A|n600|mis0.2|chi|slo,4,b:spectral,0.7219841519883579,0.08981327940306717,0.9416666666666667,1.0,0.7413793103448276,,,,,,535,116,,,,,,,,,,0.06
A,A|n600|mis0.2|chi|slo,4,b:kmeans_content,0.8349760159753565,0.09190789120860281,0.9866666666666667,1.0,1.0,,,,,,535,116,,,,,,,,,,0.08
A,A|n600|mis0.2|chi|slo,4,d:default,,,,,,0.8694551888733437,0.7321141005741578,0.8694551888733437,0.7321141005741578,0.21682242990654205,535,116,0.8952612786547062,0.07071951044637072,0.7112621449025743,0.1711096092877749,1.4054388965157774,0.3858941650892931,0.6940930551794507,0.5184348547427466,,0.02
A,A|n600|mis0.2|chi|slo,4,d:rank16,,,,,,0.9907826516336105,0.9666774421656049,0.9907826516336105,0.9666774421656049,0.21682242990654205,535,116,0.7769739022414536,0.14862690628180292,0.13404435888980892,0.22605493298638904,3.3608579964494103,0.07213398074232573,0.5809638219684652,0.14001695766109684,,0.0
A,A|n600|mis0.2|chi|slo,4,d:cons,,,,,,0.8694551888733437,0.7321141005741578,0.7105793761830302,0.3720336388009711,0.21682242990654205,535,116,0.8952612786547062,0.07071951044637072,0.7112621449025743,0.1711096092877749,1.4054388965157774,0.3858941650892931,0.5457438345266508,0.33477011494252873,,0.39
A,A|n600|mis0.2|chi|slo,4,d:kmmatch,,,,,,1.0,1.0,,,0.21682242990654205,535,116,,,,,,,,,,0.03
A,A|n600|mis0.2|chi|slo,4,d:random,,,,,,0.5812073080404905,0.30709018074469513,,,0.21682242990654205,535,116,,,,,,,,,,0.0
A,A|n600|mis0.4|clo|shi,4,b:default,0.5475332435435578,0.3852420565866148,0.845,0.8713826366559485,0.8053097345132744,,,,,,537,226,,,,,,,,,,0.41
A,A|n600|mis0.4|clo|shi,4,b:rank16,0.8739176802938,0.4713281967841776,1.0,1.0,1.0,,,,,,537,226,,,,,,,,,,0.19
A,A|n600|mis0.4|clo|shi,4,b:robust,0.8671108478928786,0.4713281967841776,1.0,1.0,1.0,,,,,,537,226,,,,,,,,,,0.42
A,A|n600|mis0.4|clo|shi,4,b:alpha05,0.5028653671883518,0.328871373990049,0.7716666666666666,0.7909967845659164,0.7389380530973452,,,,,,537,226,,,,,,,,,,0.42
A,A|n600|mis0.4|clo|shi,4,b:concat05,0.5136904674133832,0.3657155750382124,0.8133333333333334,0.8585209003215434,0.7654867256637168,,,,,,537,226,,,,,,,,,,0.48
A,A|n600|mis0.4|clo|shi,4,b:text_only,0.8777050180109148,0.4713281967841776,1.0,1.0,1.0,,,,,,537,226,,,,,,,,,,0.16
A,A|n600|mis0.4|clo|shi,4,b:image_only,0.8777050180109148,0.4713281967841776,1.0,1.0,1.0,,,,,,537,226,,,,,,,,,,0.17
A,A|n600|mis0.4|clo|shi,4,b:structure_only,0.8777050180109148,0.4713281967841776,1.0,1.0,1.0,,,,,,537,226,,,,,,,,,,0.03
A,A|n600|mis0.4|clo|shi,4,b:spectral,0.8719246216997008,0.4709716660969995,0.9983333333333333,1.0,0.995575221238938,,,,,,537,226,,,,,,,,,,0.08
A,A|n600|mis0.4|clo|shi,4,b:kmeans_content,0.0,0.0008492812951150126,0.21166666666666667,0.19292604501607716,0.24336283185840707,,,,,,537,226,,,,,,,,,,0.09
A,A|n600|mis0.4|clo|shi,4,d:default,,,,,,0.5139003499985773,0.4194572650090454,0.5139003499985773,0.4194572650090454,0.4208566108007449,537,226,0.7952479875143826,0.17638905482157188,0.8003365716004539,0.15926691329349274,-0.030280864377738265,0.8195088637851066,0.6030636501127594,0.6079256248201629,,0.0
A,A|n600|mis0.4|clo|shi,4,d:rank16,,,,,,0.5012662550152235,0.4294552363060917,0.5012662550152235,0.4294552363060917,0.4208566108007449,537,226,0.3686628705303149,0.32321254332732674,0.36433870489948383,0.3244266655501799,0.013353601736970599,0.8167060296502859,0.278514563734477,0.2739086814410169,,0.0
A,A|n600|mis0.4|clo|shi,4,d:cons,,,,,,0.5139003499985773,0.4194572650090454,0.5487294767094443,0.45678917983030787,0.4208566108007449,537,226,0.7952479875143826,0.17638905482157188,0.8003365716004539,0.15926691329349274,-0.030280864377738265,0.8195088637851066,0.5205463838364448,0.47172599392418435,,0.44
A,A|n600|mis0.4|clo|shi,4,d:kmmatch,,,,,,0.5560068861508694,0.4504283502375328,,,0.4208566108007449,537,226,,,,,,,,,,0.05
A,A|n600|mis0.4|clo|shi,4,d:random,,,,,,0.5659448538827078,0.4775473719513752,,,0.4208566108007449,537,226,,,,,,,,,,0.0
A,A|n600|mis0.4|chi|slo,4,b:default,0.07821800372016852,0.06854993937242324,0.4766666666666667,0.5498392282958199,0.4247787610619469,,,,,,537,226,,,,,,,,,,0.48
A,A|n600|mis0.4|chi|slo,4,b:rank16,0.12328180239071096,0.07941305497192475,0.5066666666666667,0.5627009646302251,0.4778761061946903,,,,,,537,226,,,,,,,,,,0.2
A,A|n600|mis0.4|chi|slo,4,b:robust,0.6133245221715313,0.09192933152293735,0.9466666666666667,1.0,0.9203539823008849,,,,,,537,226,,,,,,,,,,0.45
A,A|n600|mis0.4|chi|slo,4,b:alpha05,0.07202128068174174,0.07557976067645324,0.4483333333333333,0.4790996784565916,0.415929203539823,,,,,,537,226,,,,,,,,,,0.44
A,A|n600|mis0.4|chi|slo,4,b:concat05,0.17571617615214707,0.06991613983471558,0.4533333333333333,0.5273311897106109,0.38495575221238937,,,,,,537,226,,,,,,,,,,0.44
A,A|n600|mis0.4|chi|slo,4,b:text_only,0.04658219829146526,0.07974109698726013,0.36833333333333335,0.3858520900321543,0.37610619469026546,,,,,,537,226,,,,,,,,,,0.94
A,A|n600|mis0.4|chi|slo,4,b:image_only,0.01594549550291746,0.07147422560160993,0.2683333333333333,0.2540192926045016,0.26548672566371684,,,,,,537,226,,,,,,,,,,0.89
A,A|n600|mis0.4|chi|slo,4,b:structure_only,0.10399969274156784,0.08488640558497221,0.44,0.42765273311897106,0.43805309734513276,,,,,,537,226,,,,,,,,,,0.08
A,A|n600|mis0.4|chi|slo,4,b:spectral,0.8328992417805905,0.09499872154755634,0.985,1.0,0.9778761061946902,,,,,,537,226,,,,,,,,,,0.08
A,A|n600|mis0.4|chi|slo,4,b:kmeans_content,0.8387910821372354,0.09252009093899215,0.9883333333333333,1.0,1.0,,,,,,537,226,,,,,,,,,,0.09
A,A|n600|mis0.4|chi|slo,4,d:default,,,,,,0.617064564778192,0.5176512124097925,0.617064564778192,0.5176512124097925,0.4208566108007449,537,226,0.8418605272750558,0.11950222593932053,0.7969593050795075,0.14447383244222353,0.33867961574002114,0.7914805224369008,0.6455600086018692,0.6044174829689352,,0.0
A,A|n600|mis0.4|chi|slo,4,d:rank16,,,,,,0.951853854252625,0.9374355759486008,0.951853854252625,0.9374355759486008,0.4208566108007449,537,226,0.716535532388036,0.1741390914362268,0.17577318622686397,0.26675565384997807,2.4006275648817,0.20988532566940785,0.5229605474938878,0.16682850434055088,,0.0
A,A|n600|mis0.4|chi|slo,4,d:cons,,,,,,0.617064564778192,0.5176512124097925,0.5903167060296504,0.5085646043301949,0.4208566108007449,537,226,0.8418605272750558,0.11950222593932053,0.7969593050795075,0.14447383244222353,0.33867961574002114,0.7914805224369008,0.5380812976916063,0.4475960903447365,,0.45
A,A|n600|mis0.4|chi|slo,4,d:kmmatch,,,,,,1.0,1.0,,,0.4208566108007449,537,226,,,,,,,,,,0.05
A,A|n600|mis0.4|chi|slo,4,d:random,,,,,,0.5659448538827078,0.4775473719513752,,,0.4208566108007449,537,226,,,,,,,,,,0.0
A,A|n600|mis0.4|clo|slo,4,b:default,0.0,0.07123097143953996,0.3383333333333333,0.3183279742765273,0.3495575221238938,,,,,,537,226,,,,,,,,,,0.44
A,A|n600|mis0.4|clo|slo,4,b:rank16,0.0,0.06998060606190921,0.30833333333333335,0.29260450160771706,0.3053097345132743,,,,,,537,226,,,,,,,,,,0.2
A,A|n600|mis0.4|clo|slo,4,b:robust,0.10458983566252678,0.08614400127245704,0.4866666666666667,0.4919614147909968,0.4778761061946903,,,,,,537,226,,,,,,,,,,0.55
A,A|n600|mis0.4|clo|slo,4,b:alpha05,0.027471048673925358,0.07463374267347568,0.405,0.4115755627009646,0.3938053097345133,,,,,,537,226,,,,,,,,,,0.44
A,A|n600|mis0.4|clo|slo,4,b:concat05,0.0,0.07717262142491807,0.4033333333333333,0.42443729903536975,0.37168141592920356,,,,,,537,226,,,,,,,,,,0.48
A,A|n600|mis0.4|clo|slo,4,b:text_only,0.016143594018023677,0.07013054903156896,0.2866666666666667,0.2733118971061093,0.2831858407079646,,,,,,537,226,,,,,,,,,,0.53
A,A|n600|mis0.4|clo|slo,4,b:image_only,0.017048576747414446,0.07120654674580314,0.2633333333333333,0.2572347266881029,0.27876106194690264,,,,,,537,226,,,,,,,,,,0.67
A,A|n600|mis0.4|clo|slo,4,b:structure_only,0.10399969274156784,0.08488640558497221,0.44,0.42765273311897106,0.43805309734513276,,,,,,537,226,,,,,,,,,,0.08
A,A|n600|mis0.4|clo|slo,4,b:spectral,0.05100140526730468,0.060446641034855024,0.46166666666666667,0.4662379421221865,0.43805309734513276,,,,,,537,226,,,,,,,,,,0.11
A,A|n600|mis0.4|clo|slo,4,b:kmeans_content,0.0,-0.0035674871843121014,0.21166666666666667,0.19292604501607716,0.24336283185840707,,,,,,537,226,,,,,,,,,,0.08
A,A|n600|mis0.4|clo|slo,4,d:default,,,,,,0.5139003499985773,0.4194572650090454,0.5139003499985773,0.4194572650090454,0.4208566108007449,537,226,0.7952479875143826,0.17638905482157188,0.8003365716004539,0.15926691329349274,-0.030280864377738265,0.8195088637851066,0.6030636501127594,0.6079256248201629,,0.0
A,A|n600|mis0.4|clo|slo,4,d:rank16,,,,,,0.5012662550152235,0.4294552363060917,0.5012662550152235,0.4294552363060917,0.4208566108007449,537,226,0.3686628705303149,0.32321254332732674,0.36433870489948383,0.3244266655501799,0.013353601736970599,0.8167060296502859,0.278514563734477,0.2739086814410169,,0.02
A,A|n600|mis0.4|clo|slo,4,d:cons,,,,,,0.5139003499985773,0.4194572650090454,0.5266909484107788,0.43132297087500593,0.4208566108007449,537,226,0.7952479875143826,0.17638905482157188,0.8003365716004539,0.15926691329349274,-0.030280864377738265,0.8195088637851066,0.5112540192926045,0.48451327433628316,,0.41
A,A|n600|mis0.4|clo|slo,4,d:kmmatch,,,,,,0.5560068861508694,0.4504283502375328,,,0.4208566108007449,537,226,,,,,,,,,,0.05
A,A|n600|mis0.4|clo|slo,4,d:random,,,,,,0.5659448538827078,0.4775473719513752,,,0.4208566108007449,537,226,,,,,,,,,,0.0
B,B|crisismmd|q0.0,4,b:default,0.5493116525858651,0.5220553476794157,0.845,0.845,nan,,,,,,800,0,,,,,,,,,,0.84
B,B|crisismmd|q0.0,4,b:rank16,0.7091326833340112,0.44655374680977633,0.8125,0.8125,nan,,,,,,800,0,,,,,,,,,,0.31
B,B|crisismmd|q0.0,4,b:robust,0.6711496229011213,0.517849103440624,0.92875,0.92875,nan,,,,,,800,0,,,,,,,,,,0.92
B,B|crisismmd|q0.0,4,b:alpha05,0.662893245383947,0.37096767715570383,0.72375,0.72375,nan,,,,,,800,0,,,,,,,,,,0.95
B,B|crisismmd|q0.0,4,b:concat05,0.6646614027152244,0.3035636999436163,0.6,0.6,nan,,,,,,800,0,,,,,,,,,,0.97
B,B|crisismmd|q0.0,4,b:text_only,0.5928419673562474,0.5115193624920358,0.87375,0.87375,nan,,,,,,800,0,,,,,,,,,,0.33
B,B|crisismmd|q0.0,4,b:image_only,0.6547473018941881,0.4294559929975001,0.71375,0.71375,nan,,,,,,800,0,,,,,,,,,,0.7
B,B|crisismmd|q0.0,4,b:structure_only,0.5491887431801526,0.516106322896425,0.89375,0.89375,nan,,,,,,800,0,,,,,,,,,,0.05
B,B|crisismmd|q0.0,4,b:spectral,0.8788156780705653,0.5166905339443814,0.96875,0.96875,nan,,,,,,800,0,,,,,,,,,,0.11
B,B|crisismmd|q0.0,4,b:kmeans_content,0.40571927522390316,0.20297622979793467,0.605,0.605,nan,,,,,,800,0,,,,,,,,,,0.25
B,B|crisismmd|q0.0,4,d:default,,,,,,nan,nan,nan,nan,0.0,800,0,0.8410650684870249,0.14777091182233879,,,,,0.6415888145678664,,,0.0
B,B|crisismmd|q0.0,4,d:rank16,,,,,,nan,nan,nan,nan,0.0,800,0,0.6133121317582665,0.2847069787357056,,,,,0.4498322514014248,,,0.0
B,B|crisismmd|q0.0,4,d:cons,,,,,,nan,nan,nan,nan,0.0,800,0,0.8410650684870249,0.14777091182233879,,,,,0.499375,,,0.86
B,B|crisismmd|q0.0,4,d:kmmatch,,,,,,nan,nan,,,0.0,800,0,,,,,,,,,,0.11
B,B|crisismmd|q0.0,4,d:random,,,,,,nan,nan,,,0.0,800,0,,,,,,,,,,0.0
B,B|crisismmd|q0.1,4,b:default,0.2178035603042059,0.3402371886813837,0.51625,0.5173852573018081,0.5061728395061729,,,,,,800,81,,,,,,,,,,0.88
B,B|crisismmd|q0.1,4,b:rank16,0.7485257357690889,0.38332361112546354,0.70625,0.6995827538247567,0.7654320987654321,,,,,,800,81,,,,,,,,,,0.33
B,B|crisismmd|q0.1,4,b:robust,0.6701156676864286,0.5211572549795478,0.9325,0.9388038942976356,0.8765432098765432,,,,,,800,81,,,,,,,,,,0.97
B,B|crisismmd|q0.1,4,b:alpha05,0.563863234119749,0.5216988760212868,0.895,0.8998609179415855,0.8518518518518519,,,,,,800,81,,,,,,,,,,0.88
B,B|crisismmd|q0.1,4,b:concat05,0.6431093786683025,0.5339664503710748,0.90375,0.9095966620305981,0.8518518518518519,,,,,,800,81,,,,,,,,,,0.89
B,B|crisismmd|q0.1,4,b:text_only,0.5928419673562474,0.5115193624920358,0.87375,0.8831710709318498,0.7901234567901234,,,,,,800,81,,,,,,,,,,0.3
B,B|crisismmd|q0.1,4,b:image_only,0.6547473018941881,0.4287268169480278,0.71375,0.713490959666203,0.7160493827160493,,,,,,800,81,,,,,,,,,,0.72
B,B|crisismmd|q0.1,4,b:structure_only,0.5491887431801526,0.516106322896425,0.89375,0.8998609179415855,0.8395061728395061,,,,,,800,81,,,,,,,,,,0.05
B,B|crisismmd|q0.1,4,b:spectral,0.8659161954897804,0.5145463907040659,0.96625,0.9735744089012517,0.9012345679012346,,,,,,800,81,,,,,,,,,,0.12
B,B|crisismmd|q0.1,4,b:kmeans_content,0.41782778458184056,0.22248174141749663,0.6375,0.6397774687065368,0.6172839506172839,,,,,,800,81,,,,,,,,,,0.23
B,B|crisismmd|q0.1,4,d:default,,,,,,0.6877693641717749,0.16547195530378006,0.6877693641717749,0.16547195530378006,0.10125,800,81,0.8354207556873151,0.1572335740372618,0.7603095692400063,0.15144744148802516,0.4865734559213716,0.6069815759199162,0.6374213317228401,0.5645002574768644,,0.0
B,B|crisismmd|q0.1,4,d:rank16,,,,,,0.7928879273339171,0.2830324203129256,0.7928879273339171,0.2830324203129256,0.10125,800,81,0.609019336122993,0.2861201264868338,0.2786526164121954,0.30435865704173704,1.1184457373460654,0.4758666872714161,0.44695780358473497,0.22142080154685578,,0.0
B,B|crisismmd|q0.1,4,d:cons,,,,,,0.6877693641717749,0.16547195530378006,0.5724514500592386,0.11740114999636436,0.10125,800,81,0.8354207556873151,0.1572335740372618,0.7603095692400063,0.15144744148802516,0.4865734559213716,0.6069815759199162,0.5067292710217826,0.43409449549800433,,0.92
B,B|crisismmd|q0.1,4,d:kmmatch,,,,,,0.6252511203832483,0.13177730696798493,,,0.10125,800,81,,,,,,,,,,0.11
B,B|crisismmd|q0.1,4,d:random,,,,,,0.4591253283881934,0.0883045919012415,,,0.10125,800,81,,,,,,,,,,0.0
B,B|crisismmd|q0.2,4,b:default,0.5806655302506534,0.5229398224548988,0.8425,0.8612903225806452,0.7777777777777778,,,,,,800,180,,,,,,,,,,0.84
B,B|crisismmd|q0.2,4,b:rank16,0.7372328255927603,0.41191982987760895,0.7575,0.7516129032258064,0.7777777777777778,,,,,,800,180,,,,,,,,,,0.31
B,B|crisismmd|q0.2,4,b:robust,0.6613548416128525,0.5190629813732315,0.92875,0.9370967741935484,0.9,,,,,,800,180,,,,,,,,,,0.92
B,B|crisismmd|q0.2,4,b:alpha05,0.671161506112244,0.4790492521625829,0.8,0.8290322580645161,0.7,,,,,,800,180,,,,,,,,,,0.97
B,B|crisismmd|q0.2,4,b:concat05,0.6630739999231565,0.3161177109118399,0.65375,0.6612903225806451,0.6277777777777778,,,,,,800,180,,,,,,,,,,0.92
B,B|crisismmd|q0.2,4,b:text_only,0.5928419673562474,0.5115193624920358,0.87375,0.885483870967742,0.8333333333333334,,,,,,800,180,,,,,,,,,,0.36
B,B|crisismmd|q0.2,4,b:image_only,0.5478769812935559,0.5158942514411048,0.89375,0.9,0.8722222222222222,,,,,,800,180,,,,,,,,,,0.78
B,B|crisismmd|q0.2,4,b:structure_only,0.5491887431801526,0.516106322896425,0.89375,0.9,0.8722222222222222,,,,,,800,180,,,,,,,,,,0.06
B,B|crisismmd|q0.2,4,b:spectral,0.8726130904227585,0.5207838393602027,0.97,0.9725806451612903,0.9611111111111111,,,,,,800,180,,,,,,,,,,0.11
B,B|crisismmd|q0.2,4,b:kmeans_content,0.41812485542509537,0.22966794730938472,0.65,0.65,0.65,,,,,,800,180,,,,,,,,,,0.3
B,B|crisismmd|q0.2,4,d:default,,,,,,0.6211738351254481,0.32850852919037393,0.6211738351254481,0.32850852919037393,0.225,800,180,0.8254864886134301,0.1527659331681049,0.7519407503383838,0.21535813427703485,0.3939168390323178,0.767562724014337,0.6265780766424559,0.5657424201762977,,0.0
B,B|crisismmd|q0.2,4,d:rank16,,,,,,0.7729569892473118,0.5049509740639022,0.7729569892473118,0.5049509740639022,0.225,800,180,0.5929503816061558,0.28165388499543204,0.2668545569158646,0.34630514230430837,1.033128530454942,0.5629032258064517,0.43124273553654885,0.23079626295053227,,0.0
B,B|crisismmd|q0.2,4,d:cons,,,,,,0.6211738351254481,0.32850852919037393,0.551747311827957,0.2567797147472732,0.225,800,180,0.8254864886134301,0.1527659331681049,0.7519407503383838,0.21535813427703485,0.3939168390323178,0.767562724014337,0.511047780742178,0.4591687552213868,,0.88
B,B|crisismmd|q0.2,4,d:kmmatch,,,,,,0.5845878136200717,0.2597983257229833,,,0.225,800,180,,,,,,,,,,0.11
B,B|crisismmd|q0.2,4,d:random,,,,,,0.5170340501792114,0.23413340117387516,,,0.225,800,180,,,,,,,,,,0.0
B,B|crisismmd|q0.4,4,b:default,0.5212322204076116,0.5169292973682346,0.83625,0.8739130434782608,0.7852941176470588,,,,,,800,340,,,,,,,,,,0.95
B,B|crisismmd|q0.4,4,b:rank16,0.6465301110415343,0.4823428444459431,0.86,0.8717391304347826,0.8441176470588235,,,,,,800,340,,,,,,,,,,0.31
B,B|crisismmd|q0.4,4,b:robust,0.548837064357374,0.5231272101148671,0.91,0.9326086956521739,0.8794117647058823,,,,,,800,340,,,,,,,,,,0.95
B,B|crisismmd|q0.4,4,b:alpha05,0.5501704370034296,0.49791465858064576,0.8425,0.8826086956521739,0.788235294117647,,,,,,800,340,,,,,,,,,,0.91
B,B|crisismmd|q0.4,4,b:concat05,0.6635516110663893,0.3349948316734596,0.685,0.6869565217391305,0.6823529411764706,,,,,,800,340,,,,,,,,,,0.92
B,B|crisismmd|q0.4,4,b:text_only,0.5928419673562474,0.5115193624920358,0.87375,0.8869565217391304,0.8558823529411764,,,,,,800,340,,,,,,,,,,0.34
B,B|crisismmd|q0.4,4,b:image_only,0.5491887431801525,0.5151129674812751,0.8925,0.9043478260869565,0.8764705882352941,,,,,,800,340,,,,,,,,,,0.83
B,B|crisismmd|q0.4,4,b:structure_only,0.5491887431801526,0.516106322896425,0.89375,0.9043478260869565,0.8794117647058823,,,,,,800,340,,,,,,,,,,0.05
B,B|crisismmd|q0.4,4,b:spectral,0.8938362206562053,0.525990551294161,0.975,0.9739130434782609,0.9764705882352941,,,,,,800,340,,,,,,,,,,0.11
B,B|crisismmd|q0.4,4,b:kmeans_content,0.41867853579465275,0.2176304552181355,0.6325,0.6326086956521739,0.6323529411764706,,,,,,800,340,,,,,,,,,,0.27
B,B|crisismmd|q0.4,4,d:default,,,,,,0.5754731457800513,0.49893785219554215,0.5754731457800513,0.49893785219554215,0.425,800,340,0.8172061463788559,0.16414910672768854,0.7691481708886018,0.21514081914106087,0.2511507421648862,0.8185421994884912,0.618616371545985,0.582329714801978,,0.02
B,B|crisismmd|q0.4,4,d:rank16,,,,,,0.7230498721227621,0.6232548178703902,0.7230498721227621,0.6232548178703902,0.425,800,340,0.5555941738465356,0.2873215826006948,0.32200217180202223,0.3141287909111634,0.7759919493695937,0.6391304347826087,0.4037496503166997,0.24791634315419847,,0.0
B,B|crisismmd|q0.4,4,d:cons,,,,,,0.5754731457800513,0.49893785219554215,0.5218222506393861,0.43292343553714796,0.425,800,340,0.8172061463788559,0.16414910672768854,0.7691481708886018,0.21514081914106087,0.2511507421648862,0.8185421994884912,0.508673858559442,0.4867941913607549,,0.81
B,B|crisismmd|q0.4,4,d:kmmatch,,,,,,0.6310102301790281,0.5022690697205126,,,0.425,800,340,,,,,,,,,,0.11
B,B|crisismmd|q0.4,4,d:random,,,,,,0.48829283887468033,0.42017899597250175,,,0.425,800,340,,,,,,,,,,0.0
B,B|fakeddit_real_lcc|q0.0,4,b:default,0.1335901331374192,0.5650564865816888,0.4797297297297297,0.47952218430034127,nan,,,,,,586,0,,,,,,,,,,0.53
B,B|fakeddit_real_lcc|q0.0,4,b:rank16,0.18858535001232157,0.7103214158420432,0.3902027027027027,0.3873720136518771,nan,,,,,,586,0,,,,,,,,,,0.27
B,B|fakeddit_real_lcc|q0.0,4,b:robust,0.2269648103018871,0.743576166864303,0.46959459459459457,0.46928327645051193,nan,,,,,,586,0,,,,,,,,,,0.56
B,B|fakeddit_real_lcc|q0.0,4,b:alpha05,0.16884253380354797,0.6540404981123024,0.42905405405405406,0.42662116040955633,nan,,,,,,586,0,,,,,,,,,,0.55
B,B|fakeddit_real_lcc|q0.0,4,b:concat05,0.15107602245899243,0.5784207146315968,0.4847972972972973,0.48464163822525597,nan,,,,,,586,0,,,,,,,,,,0.56
B,B|fakeddit_real_lcc|q0.0,4,b:text_only,0.2105948863430167,0.7683001310039427,0.3935810810810811,0.39078498293515357,nan,,,,,,586,0,,,,,,,,,,0.72
B,B|fakeddit_real_lcc|q0.0,4,b:image_only,0.21090957734894522,0.7679716796332668,0.3935810810810811,0.39078498293515357,nan,,,,,,586,0,,,,,,,,,,0.58
B,B|fakeddit_real_lcc|q0.0,4,b:structure_only,0.16312667245490853,0.7179566101631203,0.3260135135135135,0.32764505119453924,nan,,,,,,586,0,,,,,,,,,,0.06
B,B|fakeddit_real_lcc|q0.0,4,b:spectral,0.5227766958073978,0.6186289805504904,0.7280405405405406,0.7286689419795221,nan,,,,,,586,0,,,,,,,,,,0.06
B,B|fakeddit_real_lcc|q0.0,4,b:kmeans_content,0.3085728181288129,0.37923300740160554,0.6655405405405406,0.6672354948805461,nan,,,,,,586,0,,,,,,,,,,0.14
B,B|fakeddit_real_lcc|q0.0,4,d:default,,,,,,nan,nan,nan,nan,0.0,586,0,0.8005706057472957,0.20415412889419554,,,,,0.6098027444579067,,,0.0
B,B|fakeddit_real_lcc|q0.0,4,d:rank16,,,,,,nan,nan,nan,nan,0.0,586,0,0.5119512716913551,0.3119584160951792,,,,,0.3755535940141899,,,0.0
B,B|fakeddit_real_lcc|q0.0,4,d:cons,,,,,,nan,nan,nan,nan,0.0,586,0,0.8005706057472957,0.20415412889419554,,,,,0.5,,,0.47
B,B|fakeddit_real_lcc|q0.0,4,d:kmmatch,,,,,,nan,nan,,,0.0,586,0,,,,,,,,,,0.08
B,B|fakeddit_real_lcc|q0.0,4,d:random,,,,,,nan,nan,,,0.0,586,0,,,,,,,,,,0.0
B,B|fakeddit_real_lcc|q0.1,4,b:default,0.0830762076574536,0.4604454945560613,0.36824324324324326,0.3702290076335878,0.3709677419354839,,,,,,586,62,,,,,,,,,,0.48
B,B|fakeddit_real_lcc|q0.1,4,b:rank16,0.18145418297460625,0.7181312653745877,0.3918918918918919,0.3893129770992366,0.3870967741935484,,,,,,586,62,,,,,,,,,,0.25
B,B|fakeddit_real_lcc|q0.1,4,b:robust,0.20237234829017714,0.7302498966928912,0.46790540540540543,0.46564885496183206,0.4838709677419355,,,,,,586,62,,,,,,,,,,0.53
B,B|fakeddit_real_lcc|q0.1,4,b:alpha05,0.15977106516997763,0.6177636563509734,0.4155405405405405,0.4122137404580153,0.41935483870967744,,,,,,586,62,,,,,,,,,,0.48
B,B|fakeddit_real_lcc|q0.1,4,b:concat05,0.1525528511269294,0.5825700103657481,0.4864864864864865,0.4847328244274809,0.5,,,,,,586,62,,,,,,,,,,0.55
B,B|fakeddit_real_lcc|q0.1,4,b:text_only,0.2105948863430167,0.7683001310039427,0.3935810810810811,0.39122137404580154,0.3870967741935484,,,,,,586,62,,,,,,,,,,0.7
B,B|fakeddit_real_lcc|q0.1,4,b:image_only,0.21690327448983604,0.7686022433030404,0.3918918918918919,0.39122137404580154,0.3870967741935484,,,,,,586,62,,,,,,,,,,0.39
B,B|fakeddit_real_lcc|q0.1,4,b:structure_only,0.16312667245490853,0.7179566101631203,0.3260135135135135,0.33396946564885494,0.27419354838709675,,,,,,586,62,,,,,,,,,,0.06
B,B|fakeddit_real_lcc|q0.1,4,b:spectral,0.5042147989492287,0.6176193277996098,0.7212837837837838,0.7213740458015268,0.7258064516129032,,,,,,586,62,,,,,,,,,,0.08
B,B|fakeddit_real_lcc|q0.1,4,b:kmeans_content,0.1557979467939291,0.2439467852346966,0.40371621621621623,0.41603053435114506,0.3064516129032258,,,,,,586,62,,,,,,,,,,0.16
B,B|fakeddit_real_lcc|q0.1,4,d:default,,,,,,0.5610687022900763,0.12655837318130575,0.5610687022900763,0.12655837318130575,0.10580204778156997,586,62,0.7909298997501824,0.22571653486515164,0.7613547486047444,0.22564329890379325,0.13104910336910408,0.6907165722728392,0.6059120762629306,0.5777980814585602,,0.0
B,B|fakeddit_real_lcc|q0.1,4,d:rank16,,,,,,0.7407966018222113,0.21004023187337365,0.7407966018222113,0.21004023187337365,0.10580204778156997,586,62,0.5042942664681563,0.3133843362201858,0.2454697608436576,0.2830061503588354,0.8668461240788635,0.5233316917015514,0.3694455743236493,0.19953077002505934,,0.02
B,B|fakeddit_real_lcc|q0.1,4,d:cons,,,,,,0.5610687022900763,0.12655837318130575,0.6211216449150455,0.15628277001413235,0.10580204778156997,586,62,0.7909298997501824,0.22571653486515164,0.7613547486047444,0.22564329890379325,0.13104910336910408,0.6907165722728392,0.5128368239055262,0.39150813344361723,,0.48
B,B|fakeddit_real_lcc|q0.1,4,d:kmmatch,,,,,,0.6001292785028318,0.12976859312045924,,,0.10580204778156997,586,62,,,,,,,,,,0.11
B,B|fakeddit_real_lcc|q0.1,4,d:random,,,,,,0.5182836739719281,0.10570183714196026,,,0.10580204778156997,586,62,,,,,,,,,,0.0
B,B|fakeddit_real_lcc|q0.2,4,b:default,0.09476383186805015,0.4565199759937843,0.4543918918918919,0.4501108647450111,0.48148148148148145,,,,,,586,135,,,,,,,,,,0.5
B,B|fakeddit_real_lcc|q0.2,4,b:rank16,0.1725858961615372,0.7251233444497274,0.3918918918918919,0.3991130820399113,0.35555555555555557,,,,,,586,135,,,,,,,,,,0.22
B,B|fakeddit_real_lcc|q0.2,4,b:robust,0.21093942073759386,0.7210097271392278,0.46452702702702703,0.4501108647450111,0.5111111111111111,,,,,,586,135,,,,,,,,,,0.55
B,B|fakeddit_real_lcc|q0.2,4,b:alpha05,0.15724663146263984,0.6673195351810303,0.4206081081081081,0.4057649667405765,0.45925925925925926,,,,,,586,135,,,,,,,,,,0.52
B,B|fakeddit_real_lcc|q0.2,4,b:concat05,0.128739431759759,0.5775314182624629,0.49155405405405406,0.4811529933481153,0.5259259259259259,,,,,,586,135,,,,,,,,,,0.64
B,B|fakeddit_real_lcc|q0.2,4,b:text_only,0.2105948863430167,0.7683001310039427,0.3935810810810811,0.401330376940133,0.35555555555555557,,,,,,586,135,,,,,,,,,,0.77
B,B|fakeddit_real_lcc|q0.2,4,b:image_only,0.21090957734894522,0.7679716796332668,0.3935810810810811,0.401330376940133,0.35555555555555557,,,,,,586,135,,,,,,,,,,0.8
B,B|fakeddit_real_lcc|q0.2,4,b:structure_only,0.16312667245490853,0.7179566101631203,0.3260135135135135,0.3370288248337029,0.2962962962962963,,,,,,586,135,,,,,,,,,,0.06
B,B|fakeddit_real_lcc|q0.2,4,b:spectral,0.5102011491001202,0.6173442774682558,0.7195945945945946,0.7228381374722838,0.7111111111111111,,,,,,586,135,,,,,,,,,,0.08
B,B|fakeddit_real_lcc|q0.2,4,b:kmeans_content,0.11826440970996699,0.23875384314046333,0.46621621621621623,0.5055432372505543,0.34074074074074073,,,,,,586,135,,,,,,,,,,0.19
B,B|fakeddit_real_lcc|q0.2,4,d:default,,,,,,0.5307711258930771,0.24060833252512165,0.5307711258930771,0.24060833252512165,0.23037542662116042,586,135,0.7801069084814084,0.21439880531239414,0.7761382675271101,0.1934249152848987,0.019436843752938016,0.8479921162847993,0.5915896229623088,0.5861511536479912,,0.0
B,B|fakeddit_real_lcc|q0.2,4,d:rank16,,,,,,0.667274369713394,0.37134824513553644,0.667274369713394,0.37134824513553644,0.23037542662116042,586,135,0.4991258210883406,0.2955737475390027,0.31825034582416867,0.31024756182480573,0.5969497550563875,0.7110782622977745,0.35805064534429465,0.24556750497583046,,0.01
B,B|fakeddit_real_lcc|q0.2,4,d:cons,,,,,,0.5307711258930771,0.24060833252512165,0.5413484437874683,0.2748925190637087,0.23037542662116042,586,135,0.7801069084814084,0.21439880531239414,0.7761382675271101,0.1934249152848987,0.019436843752938016,0.8479921162847993,0.5095419485663388,0.46812282367837926,,0.53
B,B|fakeddit_real_lcc|q0.2,4,d:kmmatch,,,,,,0.5644575839697792,0.25643464262815385,,,0.23037542662116042,586,135,,,,,,,,,,0.08
B,B|fakeddit_real_lcc|q0.2,4,d:random,,,,,,0.487509238728751,0.2207861697536573,,,0.23037542662116042,586,135,,,,,,,,,,0.0
B,B|fakeddit_real_lcc|q0.4,4,b:default,0.1093180572130934,0.4498172594281139,0.4543918918918919,0.45,0.46747967479674796,,,,,,586,246,,,,,,,,,,0.48
B,B|fakeddit_real_lcc|q0.4,4,b:rank16,0.1828124943741959,0.7276846588409892,0.3935810810810811,0.3911764705882353,0.3902439024390244,,,,,,586,246,,,,,,,,,,0.24
B,B|fakeddit_real_lcc|q0.4,4,b:robust,0.2063322949377,0.7039318998698798,0.46283783783783783,0.4588235294117647,0.46747967479674796,,,,,,586,246,,,,,,,,,,0.61
B,B|fakeddit_real_lcc|q0.4,4,b:alpha05,0.1114491620445216,0.5541981081317645,0.4814189189189189,0.4647058823529412,0.5040650406504065,,,,,,586,246,,,,,,,,,,0.56
B,B|fakeddit_real_lcc|q0.4,4,b:concat05,0.1728471460686658,0.5929075246390122,0.48817567567567566,0.4764705882352941,0.5040650406504065,,,,,,586,246,,,,,,,,,,0.55
B,B|fakeddit_real_lcc|q0.4,4,b:text_only,0.2105948863430167,0.7683001310039427,0.3935810810810811,0.3911764705882353,0.3902439024390244,,,,,,586,246,,,,,,,,,,0.84
B,B|fakeddit_real_lcc|q0.4,4,b:image_only,0.21090957734894522,0.7679716796332668,0.3935810810810811,0.3911764705882353,0.3902439024390244,,,,,,586,246,,,,,,,,,,0.74
B,B|fakeddit_real_lcc|q0.4,4,b:structure_only,0.16312667245490853,0.7179566101631203,0.3260135135135135,0.3352941176470588,0.3170731707317073,,,,,,586,246,,,,,,,,,,0.08
B,B|fakeddit_real_lcc|q0.4,4,b:spectral,0.4853990663354735,0.6580580110414461,0.6638513513513513,0.6764705882352942,0.6504065040650406,,,,,,586,246,,,,,,,,,,0.08
B,B|fakeddit_real_lcc|q0.4,4,b:kmeans_content,0.039378584581881926,0.13693662326176556,0.375,0.47058823529411764,0.24390243902439024,,,,,,586,246,,,,,,,,,,0.2
B,B|fakeddit_real_lcc|q0.4,4,d:default,,,,,,0.5307986609277857,0.4353548447147545,0.5307986609277857,0.4353548447147545,0.4197952218430034,586,246,0.7957521363641781,0.17864249924062314,0.7884390174619967,0.16876316781064502,0.042084308748381004,0.8604256336681013,0.6025300152715191,0.5951317421947748,,0.0
B,B|fakeddit_real_lcc|q0.4,4,d:rank16,,,,,,0.6425394548063128,0.5588565200203257,0.6425394548063128,0.5588565200203257,0.4197952218430034,586,246,0.4713645129387646,0.28568413098324513,0.3149177483470778,0.322069394398012,0.5139160491431073,0.736441893830703,0.3322286790848134,0.24572782205739213,,0.02
B,B|fakeddit_real_lcc|q0.4,4,d:cons,,,,,,0.5307986609277857,0.4353548447147545,0.5459230033476805,0.4526304715596559,0.4197952218430034,586,246,0.7957521363641781,0.17864249924062314,0.7884390174619967,0.16876316781064502,0.042084308748381004,0.8604256336681013,0.5193112116641528,0.47330970745604894,,0.53
B,B|fakeddit_real_lcc|q0.4,4,d:kmmatch,,,,,,0.596987087517934,0.4744598113947985,,,0.4197952218430034,586,246,,,,,,,,,,0.08
B,B|fakeddit_real_lcc|q0.4,4,d:random,,,,,,0.5031563845050215,0.4235055737656418,,,0.4197952218430034,586,246,,,,,,,,,,0.0
B,B|fakeddit|q0.0,4,b:default,0.30428928501697006,0.27454104227414206,0.4091666666666667,0.39720034995625547,nan,,,,,,1143,0,,,,,,,,,,2.09
B,B|fakeddit|q0.0,4,b:rank16,0.7084209070304591,0.3480646872278901,0.7483333333333333,0.7384076990376203,nan,,,,,,1143,0,,,,,,,,,,0.59
B,B|fakeddit|q0.0,4,b:robust,0.6699919056999716,0.2937989674474813,0.6883333333333334,0.6754155730533683,nan,,,,,,1143,0,,,,,,,,,,2.31
B,B|fakeddit|q0.0,4,b:alpha05,0.3721923299462653,0.30409515691016425,0.43166666666666664,0.4243219597550306,nan,,,,,,1143,0,,,,,,,,,,2.39
B,B|fakeddit|q0.0,4,b:concat05,0.3081657136506667,0.28126869535293647,0.5183333333333333,0.5135608048993876,nan,,,,,,1143,0,,,,,,,,,,2.49
B,B|fakeddit|q0.0,4,b:text_only,0.7778980735698674,0.375179952053896,0.8108333333333333,0.8057742782152231,nan,,,,,,1143,0,,,,,,,,,,0.78
B,B|fakeddit|q0.0,4,b:image_only,0.8294259730874671,0.4367853968051046,0.96,0.9597550306211724,nan,,,,,,1143,0,,,,,,,,,,2.7
B,B|fakeddit|q0.0,4,b:structure_only,0.8175660382680203,0.37338005725352347,0.8208333333333333,0.8162729658792651,nan,,,,,,1143,0,,,,,,,,,,0.12
B,B|fakeddit|q0.0,4,b:spectral,0.5441146202720282,0.3627046056087064,0.8033333333333333,0.8075240594925635,nan,,,,,,1143,0,,,,,,,,,,0.3
B,B|fakeddit|q0.0,4,b:kmeans_content,0.12301097420307361,0.12069047618607757,0.4141666666666667,0.4321959755030621,nan,,,,,,1143,0,,,,,,,,,,0.52
B,B|fakeddit|q0.0,4,d:default,,,,,,nan,nan,nan,nan,0.0,1143,0,0.8449068432178072,0.13302566318353762,,,,,0.6468709216459559,,,0.0
B,B|fakeddit|q0.0,4,d:rank16,,,,,,nan,nan,nan,nan,0.0,1143,0,0.575404145056186,0.29254952359887176,,,,,0.42008473345862873,,,0.0
B,B|fakeddit|q0.0,4,d:cons,,,,,,nan,nan,nan,nan,0.0,1143,0,0.8449068432178072,0.13302566318353762,,,,,0.5,,,2.25
B,B|fakeddit|q0.0,4,d:kmmatch,,,,,,nan,nan,,,0.0,1143,0,,,,,,,,,,0.3
B,B|fakeddit|q0.0,4,d:random,,,,,,nan,nan,,,0.0,1143,0,,,,,,,,,,0.0
B,B|fakeddit|q0.1,4,b:default,0.26991330883255193,0.2961920363274244,0.49333333333333335,0.5077821011673151,0.33043478260869563,,,,,,1143,115,,,,,,,,,,2.49
B,B|fakeddit|q0.1,4,b:rank16,0.7322650794766036,0.344785144358615,0.7608333333333334,0.7645914396887159,0.6608695652173913,,,,,,1143,115,,,,,,,,,,0.62
B,B|fakeddit|q0.1,4,b:robust,0.6763874028377559,0.3379558960286124,0.755,0.7402723735408561,0.8173913043478261,,,,,,1143,115,,,,,,,,,,2.5
B,B|fakeddit|q0.1,4,b:alpha05,0.36895847446768015,0.31162914425793714,0.5933333333333334,0.603112840466926,0.4260869565217391,,,,,,1143,115,,,,,,,,,,2.59
B,B|fakeddit|q0.1,4,b:concat05,0.43573690349132477,0.3491356386490071,0.5891666666666666,0.6040856031128404,0.45217391304347826,,,,,,1143,115,,,,,,,,,,2.76
B,B|fakeddit|q0.1,4,b:text_only,0.7778980735698674,0.375179952053896,0.8108333333333333,0.806420233463035,0.8,,,,,,1143,115,,,,,,,,,,0.81
B,B|fakeddit|q0.1,4,b:image_only,0.8217746631828012,0.37276781973093553,0.8133333333333334,0.8093385214007782,0.8,,,,,,1143,115,,,,,,,,,,0.73
B,B|fakeddit|q0.1,4,b:structure_only,0.8175660382680203,0.37338005725352347,0.8208333333333333,0.8171206225680934,0.808695652173913,,,,,,1143,115,,,,,,,,,,0.11
B,B|fakeddit|q0.1,4,b:spectral,0.6663435571598115,0.4014919467767018,0.895,0.8998054474708171,0.8608695652173913,,,,,,1143,115,,,,,,,,,,0.3
B,B|fakeddit|q0.1,4,b:kmeans_content,0.04536561992508514,0.11635862170663572,0.42333333333333334,0.4591439688715953,0.21739130434782608,,,,,,1143,115,,,,,,,,,,0.7
B,B|fakeddit|q0.1,4,d:default,,,,,,0.6113601759431568,0.13475298205875222,0.6113601759431568,0.13475298205875222,0.10061242344706911,1143,115,0.8410366074909053,0.1357610012287068,0.8038901944146202,0.13636866870865016,0.27300456045986843,0.7607765183556082,0.6435825642217773,0.609125433596878,,0.02
B,B|fakeddit|q0.1,4,d:rank16,,,,,,0.7660548130603959,0.2591981337386266,0.7660548130603959,0.2591981337386266,0.10061242344706911,1143,115,0.5736015066463158,0.28231378330078893,0.27422333856910397,0.3283022467874594,0.9778081900730579,0.5251987819319912,0.4147226812231283,0.22805084972703238,,0.02
B,B|fakeddit|q0.1,4,d:cons,,,,,,0.6113601759431568,0.13475298205875222,0.6394857046185078,0.1671271525243663,0.10061242344706911,1143,115,0.8410366074909053,0.1357610012287068,0.8038901944146202,0.13636866870865016,0.27300456045986843,0.7607765183556082,0.5140462837400424,0.374438437523795,,2.11
B,B|fakeddit|q0.1,4,d:kmmatch,,,,,,0.6018905430553205,0.12357584845728924,,,0.10061242344706911,1143,115,,,,,,,,,,0.22
B,B|fakeddit|q0.1,4,d:random,,,,,,0.4639993232955506,0.09849339844107644,,,0.10061242344706911,1143,115,,,,,,,,,,0.0
B,B|fakeddit|q0.4,4,b:default,0.16430437047882562,0.3368583513433765,0.5058333333333334,0.5212765957446809,0.4845360824742268,,,,,,1143,485,,,,,,,,,,2.41
B,B|fakeddit|q0.4,4,b:rank16,0.7076661829890478,0.37098375857721955,0.8166666666666667,0.8130699088145896,0.8061855670103093,,,,,,1143,485,,,,,,,,,,0.59
B,B|fakeddit|q0.4,4,b:robust,0.632060366051275,0.3394271160490231,0.73,0.6565349544072948,0.8103092783505155,,,,,,1143,485,,,,,,,,,,2.66
B,B|fakeddit|q0.4,4,b:alpha05,0.30967851380895506,0.36517482330290557,0.6125,0.6276595744680851,0.5752577319587628,,,,,,1143,485,,,,,,,,,,2.59
B,B|fakeddit|q0.4,4,b:concat05,0.399322240501064,0.353372210950601,0.7125,0.7720364741641338,0.6164948453608248,,,,,,1143,485,,,,,,,,,,2.47
B,B|fakeddit|q0.4,4,b:text_only,0.7778980735698674,0.375179952053896,0.8108333333333333,0.8085106382978723,0.8020618556701031,,,,,,1143,485,,,,,,,,,,0.88
B,B|fakeddit|q0.4,4,b:image_only,0.7853099992443067,0.37140804042578757,0.8158333333333333,0.8297872340425532,0.7855670103092783,,,,,,1143,485,,,,,,,,,,1.06
B,B|fakeddit|q0.4,4,b:structure_only,0.8175660382680203,0.37338005725352347,0.8208333333333333,0.8191489361702128,0.8123711340206186,,,,,,1143,485,,,,,,,,,,0.12
B,B|fakeddit|q0.4,4,b:spectral,0.6398137941383153,0.3948878254457002,0.875,0.8936170212765957,0.8556701030927835,,,,,,1143,485,,,,,,,,,,0.28
B,B|fakeddit|q0.4,4,b:kmeans_content,0.004385907740951156,0.034154532734753745,0.29583333333333334,0.4133738601823708,0.14845360824742268,,,,,,1143,485,,,,,,,,,,0.49
B,B|fakeddit|q0.4,4,d:default,,,,,,0.5489173690972331,0.4476297898393543,0.5489173690972331,0.4476297898393543,0.4243219597550306,1143,485,0.8109069680830021,0.20182518964115365,0.8022915244675438,0.17230344253424767,0.045913333354514495,0.891241813680945,0.6226944971542355,0.6100587024580361,,0.0
B,B|fakeddit|q0.4,4,d:rank16,,,,,,0.6686585404067308,0.5836648318562215,0.6686585404067308,0.5836648318562215,0.4243219597550306,1143,485,0.5293334030698547,0.2776830970141431,0.3507047201570769,0.3226255127796937,0.5934620340601037,0.7273180208692382,0.3768145821065166,0.2664860845849775,,0.0
B,B|fakeddit|q0.4,4,d:cons,,,,,,0.5489173690972331,0.4476297898393543,0.5019114467458402,0.42717538703309704,0.4243219597550306,1143,485,0.8109069680830021,0.20182518964115365,0.8022915244675438,0.17230344253424767,0.045913333354514495,0.891241813680945,0.5008117790470512,0.49889865852997994,,1.7
B,B|fakeddit|q0.4,4,d:kmmatch,,,,,,0.5917416100021935,0.4749729629090534,,,0.4243219597550306,1143,485,,,,,,,,,,0.17
B,B|fakeddit|q0.4,4,d:random,,,,,,0.48662613981762914,0.4150901944255627,,,0.4243219597550306,1143,485,,,,,,,,,,0.01
B,B|fakeddit|q0.2,4,b:default,0.2619771457581842,0.37358189085924376,0.5016666666666667,0.5,0.5102880658436214,,,,,,1143,243,,,,,,,,,,2.39
B,B|fakeddit|q0.2,4,b:rank16,0.7196563164990879,0.3501961139357743,0.7758333333333334,0.7411111111111112,0.8641975308641975,,,,,,1143,243,,,,,,,,,,0.66
B,B|fakeddit|q0.2,4,b:robust,0.6633331415163298,0.33788079848541785,0.7366666666666667,0.6988888888888889,0.8395061728395061,,,,,,1143,243,,,,,,,,,,2.41
B,B|fakeddit|q0.2,4,b:alpha05,0.35079661528419237,0.31852422118891527,0.5608333333333333,0.5711111111111111,0.51440329218107,,,,,,1143,243,,,,,,,,,,2.31
B,B|fakeddit|q0.2,4,b:concat05,0.376069505883319,0.3541648138072405,0.5233333333333333,0.5644444444444444,0.36213991769547327,,,,,,1143,243,,,,,,,,,,2.67
B,B|fakeddit|q0.2,4,b:text_only,0.7778980735698674,0.375179952053896,0.8108333333333333,0.8022222222222222,0.8189300411522634,,,,,,1143,243,,,,,,,,,,0.88
B,B|fakeddit|q0.2,4,b:image_only,0.7709975272495858,0.3128262010712846,0.6933333333333334,0.6866666666666666,0.691358024691358,,,,,,1143,243,,,,,,,,,,4.03
B,B|fakeddit|q0.2,4,b:structure_only,0.8175660382680203,0.37338005725352347,0.8208333333333333,0.81,0.8395061728395061,,,,,,1143,243,,,,,,,,,,0.11
B,B|fakeddit|q0.2,4,b:spectral,0.6570991931307103,0.4024417585378632,0.8958333333333334,0.9011111111111111,0.8806584362139918,,,,,,1143,243,,,,,,,,,,0.23
B,B|fakeddit|q0.2,4,b:kmeans_content,0.014188936940237484,0.06578788770432516,0.3491666666666667,0.43222222222222223,0.1111111111111111,,,,,,1143,243,,,,,,,,,,0.39
B,B|fakeddit|q0.2,4,d:default,,,,,,0.5705121170553269,0.2569686878153853,0.5705121170553269,0.2569686878153853,0.2125984251968504,1143,243,0.8304751670470927,0.15375276263770776,0.8006548968284869,0.17749775832939518,0.17958582731239,0.8092592592592593,0.634163950909092,0.610792553790657,,0.0
B,B|fakeddit|q0.2,4,d:rank16,,,,,,0.7214311842706904,0.41061199246755414,0.7214311842706904,0.41061199246755414,0.2125984251968504,1143,243,0.5600994758658817,0.2804090216563103,0.31181756116145565,0.3386576142679459,0.7985897163465505,0.6446913580246914,0.40318369668247844,0.25088949273556344,,0.0
B,B|fakeddit|q0.2,4,d:cons,,,,,,0.5705121170553269,0.2569686878153853,0.5513671696387745,0.2527529592128648,0.2125984251968504,1143,243,0.8304751670470927,0.15375276263770776,0.8006548968284869,0.17749775832939518,0.17958582731239,0.8092592592592593,0.5109301420509826,0.4595179924037679,,1.5
B,B|fakeddit|q0.2,4,d:kmmatch,,,,,,0.5970164609053499,0.2515325884689982,,,0.2125984251968504,1143,243,,,,,,,,,,0.17
B,B|fakeddit|q0.2,4,d:random,,,,,,0.46462734339277556,0.20278923591540227,,,0.2125984251968504,1143,243,,,,,,,,,,0.0
