dataset,mode,p,method,mask_seed,seed,k_used,onmi,modularity,f1,frac_nocontent,frac_no_text,frac_no_image,mean_conf,mean_alpha,fl_both,fl_text,fl_image,fl_none,fl_unaligned,error,secs
crisismmd,none,0.00,nfmcd_all_changes,0,0,7,0.7016987804810223,0.4491504402438575,0.7229345578570907,0.0,0.0,0.0,0.499375,0.37471875,1.0,0.0,0.0,0.0,0.0,,2.47
crisismmd,none,0.00,nfmcd_all_changes,0,1,7,0.7472249586473159,0.3759511890079628,0.6422452845301211,0.0,0.0,0.0,0.499375,0.37471875,1.0,0.0,0.0,0.0,0.0,,2.5
crisismmd,none,0.00,nfmcd_rank16,0,0,7,0.7587872490260358,0.3719536274322481,0.6431645942664554,0.0,0.0,0.0,0.4497171238303191,0.46480198668122336,1.0,0.0,0.0,0.0,0.0,,0.36
crisismmd,none,0.00,nfmcd_rank16,0,1,7,0.6957404851982161,0.4551391264471764,0.7011065207021936,0.0,0.0,0.0,0.4491328347367386,0.46439298431571685,1.0,0.0,0.0,0.0,0.0,,0.34
crisismmd,none,0.00,nfmcd_full,0,0,7,0.590905302529789,0.5197824512523282,0.7572625076058666,0.0,0.0,0.0,0.6430985242576375,0.6001689669803463,1.0,0.0,0.0,0.0,0.0,,2.99
crisismmd,none,0.00,spectral_graph+content,0,0,7,0.8788156780705653,0.5166905339443814,0.9560991920649711,0.0,0.0,0.0,nan,nan,nan,nan,nan,nan,nan,,0.19
crisismmd,none,0.00,spectral_graph+content,0,1,7,0.8788156780705653,0.5166905339443814,0.9560991920649711,0.0,0.0,0.0,nan,nan,nan,nan,nan,nan,nan,,0.19
crisismmd,none,0.00,nfmcd_full,0,1,7,0.6290563695197424,0.5267513351527662,0.506950028298826,0.0,0.0,0.0,0.6471371057933639,0.6029959740553547,1.0,0.0,0.0,0.0,0.0,,3.03
crisismmd,none,0.00,louvain,0,1,7,0.5336043897656694,0.5348812150920406,0.6909389872845079,0.0,0.0,0.0,nan,nan,nan,nan,nan,nan,nan,,0.09
crisismmd,none,0.00,louvain,0,0,6,0.5763871869900328,0.5373657018496237,0.7152286011426329,0.0,0.0,0.0,nan,nan,nan,nan,nan,nan,nan,,0.11
crisismmd,none,0.00,nfmcd_structure_only,0,0,7,0.5992508767181561,0.4831182712339944,0.7111104559420166,0.0,0.0,0.0,nan,nan,nan,nan,nan,nan,nan,,0.05
crisismmd,none,0.00,nfmcd_structure_only,0,1,7,0.5491887431801526,0.516106322896425,0.7565386255900963,0.0,0.0,0.0,nan,nan,nan,nan,nan,nan,nan,,0.05
crisismmd,none,0.00,kmeans_content,0,1,7,0.4064742121714391,0.1989244266278576,0.5603964460777323,0.0,0.0,0.0,nan,nan,nan,nan,nan,nan,nan,,0.24
crisismmd,none,0.00,kmeans_content,0,0,7,0.3943730374016603,0.20111718439393395,0.5610033449335877,0.0,0.0,0.0,nan,nan,nan,nan,nan,nan,nan,,0.33
crisismmd,image,0.10,nfmcd_all_changes,0,0,7,0.6916476165067755,0.447235793544903,0.6970357791275805,0.0,0.0,0.08875,0.455,0.35474999999999995,0.91125,0.08875,0.0,0.0,0.0,,0.28
crisismmd,image,0.10,nfmcd_all_changes,0,1,7,0.737409774242291,0.39068199694916655,0.6434051022897975,0.0,0.0,0.08875,0.455,0.35474999999999995,0.91125,0.08875,0.0,0.0,0.0,,0.3
crisismmd,image,0.10,nfmcd_rank16,0,0,7,0.7446556229038419,0.39009284914213976,0.6369973958649054,0.0,0.0,0.08875,0.40165605112399017,0.43115923578679305,0.91125,0.08875,0.0,0.0,0.0,,0.28
crisismmd,image,0.10,nfmcd_rank16,0,1,7,0.7028353626876708,0.4499156588182378,0.7018345715743274,0.0,0.0,0.08875,0.4013125092941236,0.43091875650588646,0.91125,0.08875,0.0,0.0,0.0,,0.3
crisismmd,image,0.10,spectral_graph+content,0,0,7,0.8843696086434182,0.5183939668453118,0.9595887623533007,0.0,0.0,0.08875,nan,nan,nan,nan,nan,nan,nan,,0.09
crisismmd,image,0.10,nfmcd_full,0,0,7,0.5318675488921372,0.5207142854453339,0.6501648488860289,0.0,0.0,0.08875,0.592020016110747,0.5644140112775229,0.91125,0.08875,0.0,0.0,0.0,,0.8
crisismmd,image,0.10,nfmcd_full,0,1,7,0.5393710890512471,0.521981923847479,0.6362562119880095,0.0,0.0,0.08875,0.5915701486633227,0.5640991040643258,0.91125,0.08875,0.0,0.0,0.0,,0.83
crisismmd,image,0.10,spectral_graph+content,0,1,7,0.8843696086434182,0.5183939668453118,0.9595887623533007,0.0,0.0,0.08875,nan,nan,nan,nan,nan,nan,nan,,0.14
crisismmd,image,0.10,kmeans_content,0,0,7,0.3378929602906495,0.15876872375699413,0.5120305178684555,0.0,0.0,0.08875,nan,nan,nan,nan,nan,nan,nan,,0.31
crisismmd,image,0.10,kmeans_content,0,1,7,0.28172650521200715,0.10019110696404754,0.45731432670972666,0.0,0.0,0.08875,nan,nan,nan,nan,nan,nan,nan,,0.39
crisismmd,image,0.10,nfmcd_all_changes,1,0,7,0.7354875390086693,0.37977680075503967,0.642405774048587,0.0,0.0,0.11,0.44375,0.3496875,0.89,0.11,0.0,0.0,0.0,,0.3
crisismmd,image,0.10,nfmcd_all_changes,1,1,7,0.7388381627552314,0.3795806482558744,0.6439814609216967,0.0,0.0,0.11,0.44375,0.3496875,0.89,0.11,0.0,0.0,0.0,,0.27
crisismmd,image,0.10,nfmcd_full,1,1,7,0.6202083300794358,0.5175238212222152,0.7509481838669106,0.0,0.0,0.11,0.5726745938195532,0.5508722156736873,0.89,0.11,0.0,0.0,0.0,,0.7
crisismmd,image,0.10,nfmcd_full,1,0,7,0.6490970442262272,0.5142379687729908,0.7522416213687537,0.0,0.0,0.11,0.5705565805573807,0.5493896063901664,0.89,0.11,0.0,0.0,0.0,,0.75
crisismmd,image,0.10,nfmcd_rank16,1,0,7,0.6591849858315982,0.515276508084717,0.749109430802268,0.0,0.0,0.11,0.39660004125337023,0.42762002887735917,0.89,0.11,0.0,0.0,0.0,,0.27
crisismmd,image,0.10,spectral_graph+content,1,0,7,0.8742161479627897,0.517842535040844,0.9531535883693892,0.0,0.0,0.11,nan,nan,nan,nan,nan,nan,nan,,0.09
crisismmd,image,0.10,nfmcd_rank16,1,1,7,0.7012687362290253,0.4451127570414605,0.7006930600900348,0.0,0.0,0.11,0.3962670208495899,0.42738691459471295,0.89,0.11,0.0,0.0,0.0,,0.23
crisismmd,image,0.10,spectral_graph+content,1,1,7,0.8742161479627897,0.517842535040844,0.9531535883693892,0.0,0.0,0.11,nan,nan,nan,nan,nan,nan,nan,,0.16
crisismmd,image,0.10,kmeans_content,1,0,7,0.30071268493676484,0.1567152830053617,0.5091260796526305,0.0,0.0,0.11,nan,nan,nan,nan,nan,nan,nan,,0.3
crisismmd,image,0.10,kmeans_content,1,1,7,0.2680211620607196,0.1276829559773714,0.4870646815812896,0.0,0.0,0.11,nan,nan,nan,nan,nan,nan,nan,,0.3
crisismmd,image,0.10,nfmcd_all_changes,2,0,7,0.74483916954088,0.3928808838271396,0.6446993125716226,0.0,0.0,0.10875,0.445625,0.35053124999999996,0.89125,0.10875,0.0,0.0,0.0,,0.36
crisismmd,image,0.10,nfmcd_all_changes,2,1,7,0.6490432066244207,0.3291320119079649,0.5844219344769803,0.0,0.0,0.10875,0.445625,0.35053124999999996,0.89125,0.10875,0.0,0.0,0.0,,0.34
crisismmd,image,0.10,nfmcd_full,2,0,7,0.5323005047995708,0.5231349708674734,0.639624030442932,0.0,0.0,0.10875,0.5783978727832196,0.5548785109482537,0.89125,0.10875,0.0,0.0,0.0,,0.7
crisismmd,image,0.10,nfmcd_full,2,1,7,0.47777433337431807,0.5163724476798718,0.6709034602239795,0.0,0.0,0.10875,0.5786564054791525,0.5550594838354067,0.89125,0.10875,0.0,0.0,0.0,,0.69
crisismmd,image,0.10,nfmcd_rank16,2,1,7,0.7525539317710894,0.39736749832788204,0.646930459076885,0.0,0.0,0.10875,0.39825598066973855,0.42877918646881696,0.89125,0.10875,0.0,0.0,0.0,,0.25
crisismmd,image,0.10,spectral_graph+content,2,0,7,0.902349350104744,0.5216122944713193,0.9658592736406453,0.0,0.0,0.10875,nan,nan,nan,nan,nan,nan,nan,,0.16
crisismmd,image,0.10,nfmcd_rank16,2,0,7,0.7543821622237948,0.39752877973649503,0.6473566594149088,0.0,0.0,0.10875,0.3994480229382728,0.42961361605679094,0.89125,0.10875,0.0,0.0,0.0,,0.28
crisismmd,image,0.10,spectral_graph+content,2,1,7,0.902349350104744,0.5216122944713193,0.9658592736406453,0.0,0.0,0.10875,nan,nan,nan,nan,nan,nan,nan,,0.12
crisismmd,image,0.10,kmeans_content,2,0,7,0.23064151004153444,0.10306338033030349,0.4485596311695565,0.0,0.0,0.10875,nan,nan,nan,nan,nan,nan,nan,,0.25
crisismmd,image,0.10,kmeans_content,2,1,7,0.3089676114344402,0.16246332312246997,0.518997968236547,0.0,0.0,0.10875,nan,nan,nan,nan,nan,nan,nan,,0.3
crisismmd,image,0.10,nfmcd_all_changes,3,1,7,0.728670581338664,0.38937003230774114,0.6420016424735965,0.0,0.0,0.09875,0.449375,0.35221874999999997,0.90125,0.09875,0.0,0.0,0.0,,0.3
crisismmd,image,0.10,nfmcd_all_changes,3,0,7,0.6899754997939145,0.45506486587641426,0.7043038644136058,0.0,0.0,0.09875,0.449375,0.35221874999999997,0.90125,0.09875,0.0,0.0,0.0,,0.34
crisismmd,image,0.10,nfmcd_full,3,0,7,0.5846835644642011,0.5202573214542638,0.7055186230243145,0.0,0.0,0.09875,0.583027958310002,0.5581195708170014,0.90125,0.09875,0.0,0.0,0.0,,0.7
crisismmd,image,0.10,nfmcd_full,3,1,7,0.5340028184530307,0.5226010896598702,0.6400084302520167,0.0,0.0,0.09875,0.5830064407561434,0.5581045085293003,0.90125,0.09875,0.0,0.0,0.0,,0.69
crisismmd,image,0.10,spectral_graph+content,3,0,7,0.885697173581812,0.5191137714199386,0.9592139717536573,0.0,0.0,0.09875,nan,nan,nan,nan,nan,nan,nan,,0.09
crisismmd,image,0.10,spectral_graph+content,3,1,7,0.885697173581812,0.5191137714199386,0.9592139717536573,0.0,0.0,0.09875,nan,nan,nan,nan,nan,nan,nan,,0.09
crisismmd,image,0.10,nfmcd_rank16,3,1,7,0.693215610587479,0.4551094222188715,0.6989681806455483,0.0,0.0,0.09875,0.40446074529411946,0.4331225217058836,0.90125,0.09875,0.0,0.0,0.0,,0.23
crisismmd,image,0.10,nfmcd_rank16,3,0,7,0.6970373260782101,0.44497534360784463,0.692339182402881,0.0,0.0,0.09875,0.4048525973132343,0.43339681811926406,0.90125,0.09875,0.0,0.0,0.0,,0.28
crisismmd,image,0.10,kmeans_content,3,0,7,0.273519937346856,0.14934277721397848,0.4972211927452311,0.0,0.0,0.09875,nan,nan,nan,nan,nan,nan,nan,,0.3
crisismmd,image,0.10,kmeans_content,3,1,7,0.31544635910364605,0.14103630354558452,0.5016766179238549,0.0,0.0,0.09875,nan,nan,nan,nan,nan,nan,nan,,0.33
crisismmd,image,0.10,nfmcd_all_changes,4,0,7,0.7485224741423073,0.380597599705903,0.6461018444258,0.0,0.0,0.085,0.455625,0.35503124999999996,0.915,0.085,0.0,0.0,0.0,,0.33
crisismmd,image,0.10,nfmcd_all_changes,4,1,7,0.6938052397994726,0.4485698062543801,0.7211125628645082,0.0,0.0,0.085,0.455625,0.35503124999999996,0.915,0.085,0.0,0.0,0.0,,0.33
crisismmd,image,0.10,nfmcd_full,4,1,7,0.6199694236729165,0.5137950829126594,0.7539575962708035,0.0,0.0,0.085,0.5927107455338897,0.5648975218737228,0.915,0.085,0.0,0.0,0.0,,0.72
crisismmd,image,0.10,nfmcd_full,4,0,7,0.6117297683923641,0.5151393456727487,0.7523121681835441,0.0,0.0,0.085,0.5935615456812343,0.565493081976864,0.915,0.085,0.0,0.0,0.0,,0.78
crisismmd,image,0.10,spectral_graph+content,4,0,7,0.8842020116520533,0.5196487194695444,0.9573028562603486,0.0,0.0,0.085,nan,nan,nan,nan,nan,nan,nan,,0.09
crisismmd,image,0.10,spectral_graph+content,4,1,7,0.8842020116520533,0.5196487194695444,0.9573028562603486,0.0,0.0,0.085,nan,nan,nan,nan,nan,nan,nan,,0.09
crisismmd,image,0.10,nfmcd_rank16,4,0,7,0.70311592613941,0.4450636823093456,0.6949986156646305,0.0,0.0,0.085,0.4105612360161385,0.43739286521129694,0.915,0.085,0.0,0.0,0.0,,0.3
crisismmd,image,0.10,nfmcd_rank16,4,1,7,0.759513183511075,0.39127453354843655,0.6471443042766108,0.0,0.0,0.085,0.4114370928276952,0.43800596497938654,0.915,0.085,0.0,0.0,0.0,,0.27
crisismmd,image,0.10,kmeans_content,4,0,7,0.33236493749872953,0.15099489710643582,0.5280590729141242,0.0,0.0,0.085,nan,nan,nan,nan,nan,nan,nan,,0.23
crisismmd,image,0.10,kmeans_content,4,1,7,0.35243443693174115,0.17452248674929935,0.5129882480958141,0.0,0.0,0.085,nan,nan,nan,nan,nan,nan,nan,,0.27
crisismmd,image,0.20,nfmcd_all_changes,0,0,7,0.724253984136281,0.38524442877325593,0.6364366397149205,0.0,0.0,0.185,0.40625,0.3328125,0.815,0.185,0.0,0.0,0.0,,0.27
crisismmd,image,0.20,nfmcd_all_changes,0,1,7,0.7232984644869855,0.3919359337530443,0.6370068242690454,0.0,0.0,0.185,0.40625,0.3328125,0.815,0.185,0.0,0.0,0.0,,0.27
crisismmd,image,0.20,nfmcd_full,0,0,7,0.495249814170449,0.5250604742526886,0.6217129083461898,0.0,0.0,0.185,0.5263070463599205,0.5184149324519443,0.815,0.185,0.0,0.0,0.0,,0.58
crisismmd,image,0.20,nfmcd_full,0,1,7,0.5321064629657377,0.5226620042463659,0.6413740076332605,0.0,0.0,0.185,0.5260467240964617,0.5182327068675232,0.815,0.185,0.0,0.0,0.0,,0.62
crisismmd,image,0.20,spectral_graph+content,0,0,7,0.8936502350739111,0.5172323641708267,0.9647389008812469,0.0,0.0,0.185,nan,nan,nan,nan,nan,nan,nan,,0.11
crisismmd,image,0.20,nfmcd_rank16,0,0,7,0.7209974680162414,0.42949082225111107,0.6409357595093104,0.0,0.0,0.185,0.3625876163016602,0.4038113314111621,0.815,0.185,0.0,0.0,0.0,,0.25
crisismmd,image,0.20,spectral_graph+content,0,1,7,0.8885609685659879,0.5170898466303754,0.9622407467766988,0.0,0.0,0.185,nan,nan,nan,nan,nan,nan,nan,,0.09
crisismmd,image,0.20,nfmcd_rank16,0,1,7,0.6950531086636741,0.45111755046717006,0.6916545389179488,0.0,0.0,0.185,0.361647604107999,0.40315332287559924,0.815,0.185,0.0,0.0,0.0,,0.28
crisismmd,image,0.20,kmeans_content,0,1,7,0.26613179053816993,0.121976439024478,0.4848561212886359,0.0,0.0,0.185,nan,nan,nan,nan,nan,nan,nan,,0.27
crisismmd,image,0.20,kmeans_content,0,0,7,0.27375322013477954,0.1297999470427997,0.4874267867142268,0.0,0.0,0.185,nan,nan,nan,nan,nan,nan,nan,,0.3
crisismmd,image,0.20,nfmcd_all_changes,1,0,7,0.6859837197579914,0.4428811745938815,0.7179087914554609,0.0,0.0,0.2025,0.3975,0.32887500000000003,0.7975,0.2025,0.0,0.0,0.0,,0.25
crisismmd,image,0.20,nfmcd_all_changes,1,1,7,0.6825066093354123,0.45746572058838975,0.7245256672730267,0.0,0.0,0.2025,0.3975,0.32887499999999986,0.7975,0.2025,0.0,0.0,0.0,,0.25
crisismmd,image,0.20,nfmcd_full,1,0,7,0.6320502450369178,0.514597473609362,0.7470018208019231,0.0,0.0,0.2025,0.5129591392341207,0.5090713974638845,0.7975,0.2025,0.0,0.0,0.0,,0.58
crisismmd,image,0.20,nfmcd_full,1,1,7,0.6319764127997813,0.5142095614898654,0.7478491594970987,0.0,0.0,0.2025,0.511478161461224,0.5080347130228569,0.7975,0.2025,0.0,0.0,0.0,,0.56
crisismmd,image,0.20,spectral_graph+content,1,0,7,0.8735429117138913,0.5163729915601083,0.9526909098128511,0.0,0.0,0.2025,nan,nan,nan,nan,nan,nan,nan,,0.12
crisismmd,image,0.20,nfmcd_rank16,1,0,7,0.7139487679456509,0.4063377778250071,0.6428369890165438,0.0,0.0,0.2025,0.34717624139848524,0.39302336897893964,0.7975,0.2025,0.0,0.0,0.0,,0.23
crisismmd,image,0.20,spectral_graph+content,1,1,7,0.8708167806277992,0.514936645692274,0.9519908784916683,0.0,0.0,0.2025,nan,nan,nan,nan,nan,nan,nan,,0.09
crisismmd,image,0.20,nfmcd_rank16,1,1,7,0.6847281950767374,0.4467967566831689,0.6906421862275867,0.0,0.0,0.2025,0.34860498700832,0.394023490905824,0.7975,0.2025,0.0,0.0,0.0,,0.25
crisismmd,image,0.20,kmeans_content,1,0,7,0.2677963513211299,0.11200073415464548,0.48741572450757287,0.0,0.0,0.2025,nan,nan,nan,nan,nan,nan,nan,,0.3
crisismmd,image,0.20,kmeans_content,1,1,7,0.2542053358503613,0.10166855762668403,0.47872963538005486,0.0,0.0,0.2025,nan,nan,nan,nan,nan,nan,nan,,0.28
crisismmd,image,0.20,nfmcd_all_changes,2,1,7,0.695416991126748,0.4501374782808749,0.7264746736247635,0.0,0.0,0.20375,0.398125,0.32915625,0.79625,0.20375,0.0,0.0,0.0,,0.25
crisismmd,image,0.20,nfmcd_all_changes,2,0,7,0.7153144334810444,0.3929172610475778,0.639289320561098,0.0,0.0,0.20375,0.398125,0.32915625,0.79625,0.20375,0.0,0.0,0.0,,0.28
crisismmd,image,0.20,nfmcd_full,2,0,7,0.5877430811171014,0.5236456953280814,0.6359145291110757,0.0,0.0,0.20375,0.5159440817499995,0.5111608572249996,0.79625,0.20375,0.0,0.0,0.0,,0.55
crisismmd,image,0.20,spectral_graph+content,2,0,7,0.9089714975634762,0.5228760629563965,0.968632078125945,0.0,0.0,0.20375,nan,nan,nan,nan,nan,nan,nan,,0.09
crisismmd,image,0.20,nfmcd_full,2,1,7,0.5772502178388648,0.5197154703093478,0.6305576071132668,0.0,0.0,0.20375,0.5158563857823272,0.511099470047629,0.79625,0.20375,0.0,0.0,0.0,,0.66
crisismmd,image,0.20,nfmcd_rank16,2,0,7,0.7025654421153822,0.40155054398273704,0.6441813081233081,0.0,0.0,0.20375,0.3555565231078877,0.3988895661755214,0.79625,0.20375,0.0,0.0,0.0,,0.22
crisismmd,image,0.20,spectral_graph+content,2,1,7,0.9089714975634762,0.5228760629563965,0.968632078125945,0.0,0.0,0.20375,nan,nan,nan,nan,nan,nan,nan,,0.11
crisismmd,image,0.20,nfmcd_rank16,2,1,7,0.6899124833943868,0.4507222122905972,0.6913352550581813,0.0,0.0,0.20375,0.3547332804862237,0.39831329634035656,0.79625,0.20375,0.0,0.0,0.0,,0.22
crisismmd,image,0.20,kmeans_content,2,1,7,0.2474039369496368,0.11511223115110872,0.49145394679973203,0.0,0.0,0.20375,nan,nan,nan,nan,nan,nan,nan,,0.2
crisismmd,image,0.20,kmeans_content,2,0,7,0.2888526393663551,0.14107738742191606,0.49123042320995397,0.0,0.0,0.20375,nan,nan,nan,nan,nan,nan,nan,,0.28
crisismmd,image,0.20,nfmcd_all_changes,3,0,7,0.6386426505517664,0.5249568023122106,0.7365486990889386,0.0,0.0,0.22,0.38875,0.3249375,0.78,0.22,0.0,0.0,0.0,,0.24
crisismmd,image,0.20,nfmcd_all_changes,3,1,7,0.7249453442677555,0.39638681950593835,0.6325332570868286,0.0,0.0,0.22,0.38875,0.3249375,0.78,0.22,0.0,0.0,0.0,,0.31
crisismmd,image,0.20,nfmcd_full,3,0,7,0.6029088207907572,0.5269473412226369,0.616401941595613,0.0,0.0,0.22,0.4996399906995477,0.49974799348968335,0.78,0.22,0.0,0.0,0.0,,0.55
crisismmd,image,0.20,nfmcd_full,3,1,7,0.5674649756045251,0.5279962560957993,0.6114449099811051,0.0,0.0,0.22,0.5018671652171173,0.5013070156519821,0.78,0.22,0.0,0.0,0.0,,0.62
crisismmd,image,0.20,spectral_graph+content,3,0,7,0.8949405883960188,0.5216522278317658,0.962586807642368,0.0,0.0,0.22,nan,nan,nan,nan,nan,nan,nan,,0.09
crisismmd,image,0.20,nfmcd_rank16,3,0,7,0.6914092714648211,0.4629458369335765,0.6911106967335943,0.0,0.0,0.22,0.35416130440068444,0.3979129130804791,0.78,0.22,0.0,0.0,0.0,,0.22
crisismmd,image,0.20,spectral_graph+content,3,1,7,0.8949405883960188,0.5216522278317658,0.962586807642368,0.0,0.0,0.22,nan,nan,nan,nan,nan,nan,nan,,0.09
crisismmd,image,0.20,nfmcd_rank16,3,1,7,0.720166081678877,0.41324543336188985,0.6403523150499922,0.0,0.0,0.22,0.35427770155477945,0.3979943910883456,0.78,0.22,0.0,0.0,0.0,,0.22
crisismmd,image,0.20,kmeans_content,3,1,7,0.24681402044277911,0.12884537447221128,0.465420109572507,0.0,0.0,0.22,nan,nan,nan,nan,nan,nan,nan,,0.25
crisismmd,image,0.20,kmeans_content,3,0,7,0.25449718334657434,0.12649397102482224,0.46750390941584496,0.0,0.0,0.22,nan,nan,nan,nan,nan,nan,nan,,0.27
crisismmd,image,0.20,nfmcd_all_changes,4,1,7,0.6436792258757755,0.3509955999670492,0.5918563982210394,0.0,0.0,0.18875,0.40375,0.33168749999999997,0.81125,0.18875,0.0,0.0,0.0,,0.27
crisismmd,image,0.20,nfmcd_all_changes,4,0,7,0.7290830122461006,0.38589327789548133,0.6361719627522737,0.0,0.0,0.18875,0.40375,0.33168749999999997,0.81125,0.18875,0.0,0.0,0.0,,0.3
crisismmd,image,0.20,nfmcd_full,4,1,7,0.5944568704479578,0.5243842637708698,0.6231419463825213,0.0,0.0,0.18875,0.5164764480468449,0.5115335136327914,0.81125,0.18875,0.0,0.0,0.0,,0.59
crisismmd,image,0.20,nfmcd_full,4,0,7,0.561717854841233,0.5242056827870397,0.6187589889980322,0.0,0.0,0.18875,0.5243990315996032,0.5170793221197222,0.81125,0.18875,0.0,0.0,0.0,,0.62
crisismmd,image,0.20,nfmcd_rank16,4,1,7,0.7321722683843814,0.3995876802089638,0.6466404372437736,0.0,0.0,0.18875,0.3627411851454414,0.4039188296018089,0.81125,0.18875,0.0,0.0,0.0,,0.22
crisismmd,image,0.20,nfmcd_rank16,4,0,7,0.6747546154471806,0.46072385606401994,0.6951422481363797,0.0,0.0,0.18875,0.360419785325121,0.4022938497275847,0.81125,0.18875,0.0,0.0,0.0,,0.27
crisismmd,image,0.20,spectral_graph+content,4,0,7,0.9174601965644921,0.5247852290160442,0.9713485951254324,0.0,0.0,0.18875,nan,nan,nan,nan,nan,nan,nan,,0.12
crisismmd,image,0.20,spectral_graph+content,4,1,7,0.9174601965644921,0.5247852290160442,0.9713485951254324,0.0,0.0,0.18875,nan,nan,nan,nan,nan,nan,nan,,0.12
crisismmd,image,0.20,kmeans_content,4,0,7,0.2717191852247508,0.12360519298523352,0.48354329112256755,0.0,0.0,0.18875,nan,nan,nan,nan,nan,nan,nan,,0.27
crisismmd,image,0.20,kmeans_content,4,1,7,0.27969398837057347,0.13314817837146442,0.4808317086077774,0.0,0.0,0.18875,nan,nan,nan,nan,nan,nan,nan,,0.28
crisismmd,image,0.40,nfmcd_full,0,0,7,0.5837673291025054,0.5232619250657708,0.6314969939698651,0.0,0.0,0.39875,0.385717173616209,0.42000202153134625,0.60125,0.39875,0.0,0.0,0.0,,0.39
crisismmd,image,0.40,nfmcd_full,0,1,7,0.5792545617380769,0.5239733204152015,0.6313601312304093,0.0,0.0,0.39875,0.3900616068065718,0.42304312476460026,0.60125,0.39875,0.0,0.0,0.0,,0.39
crisismmd,image,0.40,nfmcd_all_changes,0,0,7,0.6509565831545601,0.40594712538585687,0.6307803217531769,0.0,0.0,0.39875,0.29875,0.28443749999999995,0.60125,0.39875,0.0,0.0,0.0,,0.22
crisismmd,image,0.40,nfmcd_all_changes,0,1,7,0.6727881863065353,0.4662596155411016,0.7277789779560744,0.0,0.0,0.39875,0.29875,0.28443749999999995,0.60125,0.39875,0.0,0.0,0.0,,0.2
crisismmd,image,0.40,spectral_graph+content,0,0,7,0.9152516409534259,0.5217166985582697,0.9722951677945867,0.0,0.0,0.39875,nan,nan,nan,nan,nan,nan,nan,,0.12
crisismmd,image,0.40,spectral_graph+content,0,1,7,0.9152516409534259,0.5217166985582697,0.9722951677945867,0.0,0.0,0.39875,nan,nan,nan,nan,nan,nan,nan,,0.11
crisismmd,image,0.40,nfmcd_rank16,0,1,7,0.6556270970735538,0.4458435019762307,0.6849999937244784,0.0,0.0,0.39875,0.2593076604110606,0.3315153622877423,0.60125,0.39875,0.0,0.0,0.0,,0.19
crisismmd,image,0.40,nfmcd_rank16,0,0,7,0.6332324218662271,0.5234491453779739,0.7314254668225212,0.0,0.0,0.39875,0.2580894858288636,0.3306626400802045,0.60125,0.39875,0.0,0.0,0.0,,0.23
crisismmd,image,0.40,kmeans_content,0,1,7,0.20170941792430452,0.09170364668770031,0.410850944363452,0.0,0.0,0.39875,nan,nan,nan,nan,nan,nan,nan,,0.23
crisismmd,image,0.40,kmeans_content,0,0,7,0.16194727657664876,0.0850352566179661,0.3983197016365191,0.0,0.0,0.39875,nan,nan,nan,nan,nan,nan,nan,,0.27
crisismmd,image,0.40,nfmcd_full,1,0,7,0.585952002824015,0.5251655268122287,0.6282823320344599,0.0,0.0,0.395,0.3887228192803167,0.4221059734962217,0.605,0.395,0.0,0.0,0.0,,0.41
crisismmd,image,0.40,nfmcd_all_changes,1,0,7,0.6780948268975905,0.4047278295693544,0.6373444551972447,0.0,0.0,0.395,0.300625,0.28528124999999993,0.605,0.395,0.0,0.0,0.0,,0.22
crisismmd,image,0.40,nfmcd_all_changes,1,1,7,0.6687111192003317,0.46125229846925747,0.7249076971513941,0.0,0.0,0.395,0.300625,0.28528124999999993,0.605,0.395,0.0,0.0,0.0,,0.22
crisismmd,image,0.40,nfmcd_full,1,1,7,0.5762827992333649,0.5179523988486306,0.6326109527111002,0.0,0.0,0.395,0.38739595796379817,0.42117717057465875,0.605,0.395,0.0,0.0,0.0,,0.45
crisismmd,image,0.40,spectral_graph+content,1,0,7,0.9061680281905108,0.5224981498658645,0.9683067984511181,0.0,0.0,0.395,nan,nan,nan,nan,nan,nan,nan,,0.09
crisismmd,image,0.40,spectral_graph+content,1,1,7,0.9061680281905108,0.5224981498658645,0.9683067984511181,0.0,0.0,0.395,nan,nan,nan,nan,nan,nan,nan,,0.09
crisismmd,image,0.40,nfmcd_rank16,1,0,7,0.6498684934649228,0.4655076383586347,0.6902523276809022,0.0,0.0,0.395,0.2624290772340232,0.33370035406381626,0.605,0.395,0.0,0.0,0.0,,0.24
crisismmd,image,0.40,nfmcd_rank16,1,1,7,0.6570893836935194,0.46855508299800674,0.6906500326344576,0.0,0.0,0.395,0.26153912445370614,0.33307738711759427,0.605,0.395,0.0,0.0,0.0,,0.2
crisismmd,image,0.40,kmeans_content,1,0,7,0.17855133077784457,0.07887254965741611,0.42235443281082474,0.0,0.0,0.395,nan,nan,nan,nan,nan,nan,nan,,0.24
crisismmd,image,0.40,kmeans_content,1,1,7,0.1609500519031073,0.08709748312726616,0.39653918471078964,0.0,0.0,0.395,nan,nan,nan,nan,nan,nan,nan,,0.25
crisismmd,image,0.40,nfmcd_full,2,0,7,0.5651570249366114,0.5184400920730668,0.6300516530325269,0.0,0.0,0.4125,0.37622842109291155,0.4133598947650381,0.5875,0.4125,0.0,0.0,0.0,,0.36
crisismmd,image,0.40,nfmcd_all_changes,2,0,7,0.6726147775763874,0.4568770748246583,0.7257786974335547,0.0,0.0,0.4125,0.29125,0.28106249999999994,0.5875,0.4125,0.0,0.0,0.0,,0.2
crisismmd,image,0.40,nfmcd_all_changes,2,1,7,0.6591410776534284,0.4505320006370929,0.7235916911207724,0.0,0.0,0.4125,0.29125,0.28106249999999994,0.5875,0.4125,0.0,0.0,0.0,,0.19
crisismmd,image,0.40,nfmcd_full,2,1,7,0.5667697882890409,0.5194404342574096,0.6322825972430557,0.0,0.0,0.4125,0.37519547852504703,0.4126368349675329,0.5875,0.4125,0.0,0.0,0.0,,0.39
crisismmd,image,0.40,spectral_graph+content,2,0,7,0.8919771178454651,0.5266753174304705,0.9610636235852608,0.0,0.0,0.4125,nan,nan,nan,nan,nan,nan,nan,,0.09
crisismmd,image,0.40,spectral_graph+content,2,1,7,0.8919771178454651,0.5266753174304705,0.9610636235852608,0.0,0.0,0.4125,nan,nan,nan,nan,nan,nan,nan,,0.12
crisismmd,image,0.40,nfmcd_rank16,2,0,7,0.6188203376198614,0.5213348527952578,0.7244972984213446,0.0,0.0,0.4125,0.25933381352499724,0.33153366946749807,0.5875,0.4125,0.0,0.0,0.0,,0.23
crisismmd,image,0.40,nfmcd_rank16,2,1,7,0.6502632650314585,0.4609360948671052,0.6878316210007315,0.0,0.0,0.4125,0.2603326997136715,0.33223288979957005,0.5875,0.4125,0.0,0.0,0.0,,0.27
crisismmd,image,0.40,kmeans_content,2,1,7,0.23089057689205106,0.09922080370353992,0.42667152323680574,0.0,0.0,0.4125,nan,nan,nan,nan,nan,nan,nan,,0.24
crisismmd,image,0.40,kmeans_content,2,0,7,0.22073669450915467,0.09763928364948324,0.419737290271374,0.0,0.0,0.4125,nan,nan,nan,nan,nan,nan,nan,,0.3
crisismmd,image,0.40,nfmcd_all_changes,3,0,7,0.6335564773093082,0.39535095775845364,0.6296955733130246,0.0,0.0,0.4075,0.293125,0.28190624999999997,0.5925,0.4075,0.0,0.0,0.0,,0.2
crisismmd,image,0.40,nfmcd_full,3,0,7,0.6368043788929016,0.513899361488786,0.7445045816884758,0.0,0.0,0.4075,0.37572174828331467,0.41300522379832033,0.5925,0.4075,0.0,0.0,0.0,,0.36
crisismmd,image,0.40,nfmcd_full,3,1,7,0.6386733061964931,0.5175543621893455,0.7438604403858804,0.0,0.0,0.4075,0.3770097836991272,0.413906848589389,0.5925,0.4075,0.0,0.0,0.0,,0.33
crisismmd,image,0.40,nfmcd_all_changes,3,1,7,0.6704350586865891,0.45907617088733765,0.7199916419324889,0.0,0.0,0.4075,0.293125,0.28190624999999997,0.5925,0.4075,0.0,0.0,0.0,,0.2
crisismmd,image,0.40,spectral_graph+content,3,0,7,0.904248741150448,0.5256916472672256,0.9665222724492978,0.0,0.0,0.4075,nan,nan,nan,nan,nan,nan,nan,,0.11
crisismmd,image,0.40,spectral_graph+content,3,1,7,0.904248741150448,0.5256916472672256,0.9665222724492978,0.0,0.0,0.4075,nan,nan,nan,nan,nan,nan,nan,,0.11
crisismmd,image,0.40,nfmcd_rank16,3,0,7,0.6576636882112992,0.4546625827675898,0.6879997236925448,0.0,0.0,0.4075,0.2540708775750969,0.3278496143025677,0.5925,0.4075,0.0,0.0,0.0,,0.22
crisismmd,image,0.40,nfmcd_rank16,3,1,7,0.6586712758562696,0.4563083225265028,0.6875005609782472,0.0,0.0,0.4075,0.2523579753073593,0.3266505827151515,0.5925,0.4075,0.0,0.0,0.0,,0.27
crisismmd,image,0.40,kmeans_content,3,1,7,0.2335934524743184,0.07267285884077952,0.4024259284163304,0.0,0.0,0.4075,nan,nan,nan,nan,nan,nan,nan,,0.2
crisismmd,image,0.40,kmeans_content,3,0,7,0.25870881965782355,0.07966625918880428,0.4281140966565425,0.0,0.0,0.4075,nan,nan,nan,nan,nan,nan,nan,,0.22
crisismmd,image,0.40,nfmcd_all_changes,4,0,7,0.6626953175063997,0.45014814670089986,0.7140420077490147,0.0,0.0,0.39375,0.29875,0.28443749999999995,0.60625,0.39375,0.0,0.0,0.0,,0.19
crisismmd,image,0.40,nfmcd_all_changes,4,1,7,0.6635811208631812,0.4520983757184083,0.7147446516892234,0.0,0.0,0.39375,0.29875,0.28443749999999995,0.60625,0.39375,0.0,0.0,0.0,,0.22
crisismmd,image,0.40,nfmcd_full,4,0,7,0.5772732143201272,0.5224326750527699,0.6306542307697706,0.0,0.0,0.39375,0.3894627079812107,0.42262389558684743,0.60625,0.39375,0.0,0.0,0.0,,0.36
crisismmd,image,0.40,nfmcd_full,4,1,7,0.5792929703339516,0.5219718411446319,0.6291130179555865,0.0,0.0,0.39375,0.3928139523624899,0.4249697666537429,0.60625,0.39375,0.0,0.0,0.0,,0.36
crisismmd,image,0.40,spectral_graph+content,4,0,7,0.911803291267634,0.5261647184806865,0.9705452374302653,0.0,0.0,0.39375,nan,nan,nan,nan,nan,nan,nan,,0.09
crisismmd,image,0.40,nfmcd_rank16,4,0,7,0.6233761539793664,0.5227270188531064,0.7303285538881928,0.0,0.0,0.39375,0.2628200367801681,0.3339740257461176,0.60625,0.39375,0.0,0.0,0.0,,0.2
crisismmd,image,0.40,spectral_graph+content,4,1,7,0.911803291267634,0.5261647184806865,0.9705452374302653,0.0,0.0,0.39375,nan,nan,nan,nan,nan,nan,nan,,0.09
crisismmd,image,0.40,nfmcd_rank16,4,1,7,0.6405355204613318,0.46405405567099534,0.6856536950747826,0.0,0.0,0.39375,0.26302264382906376,0.33411585068034455,0.60625,0.39375,0.0,0.0,0.0,,0.22
crisismmd,image,0.40,kmeans_content,4,0,7,0.20428287504096598,0.06117441481938093,0.4359285867220918,0.0,0.0,0.39375,nan,nan,nan,nan,nan,nan,nan,,0.2
crisismmd,image,0.60,nfmcd_full,0,0,7,0.6052623904479729,0.5169610306881913,0.7127052315703392,0.0,0.0,0.645,0.22893209590663374,0.31025246713464355,0.355,0.645,0.0,0.0,0.0,,0.2
crisismmd,image,0.40,kmeans_content,4,1,7,0.16546804760796396,0.06655050361008873,0.3819559066583923,0.0,0.0,0.39375,nan,nan,nan,nan,nan,nan,nan,,0.24
crisismmd,image,0.60,nfmcd_full,0,1,7,0.5992810821603409,0.514932378324264,0.7114496130188573,0.0,0.0,0.645,0.22847085814964507,0.3099296007047515,0.355,0.645,0.0,0.0,0.0,,0.2
crisismmd,image,0.60,nfmcd_all_changes,0,0,7,0.6556100992261006,0.46854391253468647,0.732752781808507,0.0,0.0,0.645,0.171875,0.22734374999999993,0.355,0.645,0.0,0.0,0.0,,0.14
crisismmd,image,0.60,nfmcd_all_changes,0,1,7,0.6545053018315687,0.4698114045075371,0.7226395035566048,0.0,0.0,0.645,0.171875,0.22734374999999996,0.355,0.645,0.0,0.0,0.0,,0.12
crisismmd,image,0.60,nfmcd_rank16,0,0,7,0.652915237742057,0.4679330304366676,0.7271244122926654,0.0,0.0,0.645,0.1432329613866452,0.2502630729706516,0.355,0.645,0.0,0.0,0.0,,0.14
crisismmd,image,0.60,spectral_graph+content,0,0,7,0.9002831617240815,0.5258894732440418,0.9647686866161224,0.0,0.0,0.645,nan,nan,nan,nan,nan,nan,nan,,0.09
crisismmd,image,0.60,nfmcd_rank16,0,1,7,0.5554703917450269,0.5133431811914835,0.7704313997410227,0.0,0.0,0.645,0.1431763641761741,0.2502234549233219,0.355,0.645,0.0,0.0,0.0,,0.17
crisismmd,image,0.60,spectral_graph+content,0,1,7,0.9002831617240815,0.5258894732440418,0.9647686866161224,0.0,0.0,0.645,nan,nan,nan,nan,nan,nan,nan,,0.11
crisismmd,image,0.60,nfmcd_full,1,0,7,0.5926453157150665,0.5161742033336428,0.7149742580401408,0.0,0.0,0.6025,0.25269327964088684,0.32688529574862074,0.3975,0.6025,0.0,0.0,0.0,,0.23
crisismmd,image,0.60,kmeans_content,0,0,7,0.23035821388934263,0.15472664767576336,0.49755798557230463,0.0,0.0,0.645,nan,nan,nan,nan,nan,nan,nan,,0.28
crisismmd,image,0.60,kmeans_content,0,1,7,0.11993883194490818,0.13315729882466223,0.43695362659643905,0.0,0.0,0.645,nan,nan,nan,nan,nan,nan,nan,,0.28
crisismmd,image,0.60,nfmcd_full,1,1,7,0.5929133147298696,0.5204000690978922,0.7147374842734749,0.0,0.0,0.6025,0.25238437003431485,0.3266690590240204,0.3975,0.6025,0.0,0.0,0.0,,0.25
crisismmd,image,0.60,nfmcd_all_changes,1,0,7,0.6440754540838273,0.4758430990864862,0.7338457224120413,0.0,0.0,0.6025,0.19,0.23549999999999996,0.3975,0.6025,0.0,0.0,0.0,,0.14
crisismmd,image,0.60,nfmcd_all_changes,1,1,7,0.6614311888421012,0.4662999045155489,0.7279435761733098,0.0,0.0,0.6025,0.19,0.23549999999999996,0.3975,0.6025,0.0,0.0,0.0,,0.17
crisismmd,image,0.60,nfmcd_rank16,1,0,7,0.659235149823717,0.4629087694036073,0.7226412979264059,0.0,0.0,0.6025,0.16231847873599684,0.26362293511519774,0.3975,0.6025,0.0,0.0,0.0,,0.16
crisismmd,image,0.60,nfmcd_rank16,1,1,7,0.5946211123452634,0.5115948572525655,0.7637331967014939,0.0,0.0,0.6025,0.1627535602367293,0.2639274921657105,0.3975,0.6025,0.0,0.0,0.0,,0.17
crisismmd,image,0.60,spectral_graph+content,1,0,7,0.9074900410156771,0.5264556944072503,0.9687782233003776,0.0,0.0,0.6025,nan,nan,nan,nan,nan,nan,nan,,0.11
crisismmd,image,0.60,spectral_graph+content,1,1,7,0.9074900410156771,0.5264556944072503,0.9687782233003776,0.0,0.0,0.6025,nan,nan,nan,nan,nan,nan,nan,,0.12
crisismmd,image,0.60,kmeans_content,1,0,7,0.2656065030406155,0.09560351900553923,0.4444597673836442,0.0,0.0,0.6025,nan,nan,nan,nan,nan,nan,nan,,0.22
crisismmd,image,0.60,nfmcd_full,2,0,7,0.5960285801855166,0.5167266601431719,0.712579652912059,0.0,0.0,0.6025,0.2509910547824629,0.32569373834772397,0.3975,0.6025,0.0,0.0,0.0,,0.2
crisismmd,image,0.60,nfmcd_full,2,1,7,0.5996867258457185,0.5175861164277729,0.7124512216558252,0.0,0.0,0.6025,0.25010077380323503,0.3250705416622645,0.3975,0.6025,0.0,0.0,0.0,,0.2
crisismmd,image,0.60,kmeans_content,1,1,7,0.34769947239886534,0.13718671923115752,0.5130967882782572,0.0,0.0,0.6025,nan,nan,nan,nan,nan,nan,nan,,0.3
crisismmd,image,0.60,nfmcd_all_changes,2,0,7,0.5556159328768628,0.5128166632855445,0.7586332115925524,0.0,0.0,0.6025,0.195625,0.23803124999999994,0.3975,0.6025,0.0,0.0,0.0,,0.17
crisismmd,image,0.60,nfmcd_all_changes,2,1,7,0.6587460357021773,0.4620885143329805,0.7252665048024449,0.0,0.0,0.6025,0.195625,0.23803124999999994,0.3975,0.6025,0.0,0.0,0.0,,0.16
crisismmd,image,0.60,nfmcd_rank16,2,1,7,0.6470206885191456,0.4613442560661787,0.7225398761351911,0.0,0.0,0.6025,0.16863568612587973,0.2680449802881158,0.3975,0.6025,0.0,0.0,0.0,,0.14
crisismmd,image,0.60,nfmcd_rank16,2,0,7,0.6015837951780738,0.5104315183450177,0.7682319659128513,0.0,0.0,0.6025,0.16810856605173297,0.267675996236213,0.3975,0.6025,0.0,0.0,0.0,,0.17
crisismmd,image,0.60,spectral_graph+content,2,0,7,0.8654912127517432,0.5235907006687761,0.9483403661242239,0.0,0.0,0.6025,nan,nan,nan,nan,nan,nan,nan,,0.09
crisismmd,image,0.60,spectral_graph+content,2,1,7,0.8654912127517432,0.5235907006687761,0.9483403661242239,0.0,0.0,0.6025,nan,nan,nan,nan,nan,nan,nan,,0.11
crisismmd,image,0.60,kmeans_content,2,1,7,0.3737957224985653,0.18664892417769804,0.5440530438530806,0.0,0.0,0.6025,nan,nan,nan,nan,nan,nan,nan,,0.2
crisismmd,image,0.60,nfmcd_full,3,0,7,0.6236658944070674,0.52138875969409,0.728043151747957,0.0,0.0,0.59625,0.2548337087839122,0.3283835961487385,0.40375,0.59625,0.0,0.0,0.0,,0.22
crisismmd,image,0.60,kmeans_content,2,0,7,0.2751923241705023,0.15964928677846807,0.4817960108761265,0.0,0.0,0.6025,nan,nan,nan,nan,nan,nan,nan,,0.25
crisismmd,image,0.60,nfmcd_full,3,1,7,0.6238597371717202,0.5214241955833494,0.7284038760824206,0.0,0.0,0.59625,0.25520957979715136,0.328646705858006,0.40375,0.59625,0.0,0.0,0.0,,0.22
crisismmd,image,0.60,nfmcd_all_changes,3,0,7,0.6454550967093812,0.46732905143395903,0.7168648951003845,0.0,0.0,0.59625,0.1975,0.23887499999999995,0.40375,0.59625,0.0,0.0,0.0,,0.16
crisismmd,image,0.60,nfmcd_all_changes,3,1,7,0.6594978882835761,0.4549338325763427,0.7227406117567786,0.0,0.0,0.59625,0.1975,0.23887499999999995,0.40375,0.59625,0.0,0.0,0.0,,0.16
crisismmd,image,0.60,nfmcd_rank16,3,0,7,0.6499026907846298,0.4613649653521095,0.7230576176304332,0.0,0.0,0.59625,0.15829609515333745,0.26080726660733616,0.40375,0.59625,0.0,0.0,0.0,,0.14
crisismmd,image,0.60,spectral_graph+content,3,0,7,0.9158231231709789,0.5257167075950491,0.9733078031184454,0.0,0.0,0.59625,nan,nan,nan,nan,nan,nan,nan,,0.11
crisismmd,image,0.60,nfmcd_rank16,3,1,7,0.6054081011965717,0.5124803570331099,0.7715751422618025,0.0,0.0,0.59625,0.15720065959409374,0.2600404617158656,0.40375,0.59625,0.0,0.0,0.0,,0.19
crisismmd,image,0.60,spectral_graph+content,3,1,7,0.91954872138915,0.526038349999567,0.9740132815232653,0.0,0.0,0.59625,nan,nan,nan,nan,nan,nan,nan,,0.11
crisismmd,image,0.60,kmeans_content,3,0,7,0.2500985382208083,0.12034105390853046,0.4545572931242473,0.0,0.0,0.59625,nan,nan,nan,nan,nan,nan,nan,,0.28
crisismmd,image,0.60,nfmcd_full,4,0,7,0.6013699328979424,0.5159349378664942,0.7180503525013054,0.0,0.0,0.59625,0.2545490802887463,0.32818435620212233,0.40375,0.59625,0.0,0.0,0.0,,0.2
crisismmd,image,0.60,nfmcd_full,4,1,7,0.605051713449312,0.5183030970088637,0.7201001089058723,0.0,0.0,0.59625,0.2541384513388109,0.3278969159371677,0.40375,0.59625,0.0,0.0,0.0,,0.2
crisismmd,image,0.60,kmeans_content,3,1,7,0.3257863780072663,0.14397093487281004,0.5105834145971352,0.0,0.0,0.59625,nan,nan,nan,nan,nan,nan,nan,,0.25
crisismmd,image,0.60,nfmcd_all_changes,4,0,7,0.6398140208679636,0.46338755135955206,0.7248121298600803,0.0,0.0,0.59625,0.19625,0.23831249999999993,0.40375,0.59625,0.0,0.0,0.0,,0.14
crisismmd,image,0.60,nfmcd_all_changes,4,1,7,0.6398140208679636,0.46338755135955206,0.7248121298600803,0.0,0.0,0.59625,0.19625,0.23831249999999998,0.40375,0.59625,0.0,0.0,0.0,,0.14
crisismmd,image,0.60,nfmcd_rank16,4,0,7,0.6425228455814121,0.46756225054462286,0.728593742274611,0.0,0.0,0.59625,0.16785549131141772,0.2674988439179924,0.40375,0.59625,0.0,0.0,0.0,,0.17
crisismmd,image,0.60,spectral_graph+content,4,0,7,0.9027788986139329,0.5233821853534643,0.9680816518450917,0.0,0.0,0.59625,nan,nan,nan,nan,nan,nan,nan,,0.09
crisismmd,image,0.60,nfmcd_rank16,4,1,7,0.5999831225477256,0.5136032396184455,0.7716212683852168,0.0,0.0,0.59625,0.16754086042686547,0.2672786022988058,0.40375,0.59625,0.0,0.0,0.0,,0.17
crisismmd,image,0.60,spectral_graph+content,4,1,7,0.9027788986139329,0.5233821853534643,0.9680816518450917,0.0,0.0,0.59625,nan,nan,nan,nan,nan,nan,nan,,0.09
crisismmd,image,0.80,nfmcd_full,0,1,7,0.545373462948294,0.5138530898317364,0.7564959778111963,0.0,0.0,0.8325,0.09726660337797055,0.21808662236457935,0.1675,0.8325,0.0,0.0,0.0,,0.11
crisismmd,image,0.80,nfmcd_full,0,0,7,0.545373462948294,0.5130976611016144,0.7570575783727967,0.0,0.0,0.8325,0.09736204801228641,0.2181534336086004,0.1675,0.8325,0.0,0.0,0.0,,0.14
crisismmd,image,0.80,nfmcd_all_changes,0,0,7,0.548382008825471,0.5161021392022975,0.7595083986858467,0.0,0.0,0.8325,0.070625,0.18178124999999995,0.1675,0.8325,0.0,0.0,0.0,,0.08
crisismmd,image,0.60,kmeans_content,4,0,7,0.3730937005911157,0.14501782065432056,0.5354131778486,0.0,0.0,0.59625,nan,nan,nan,nan,nan,nan,nan,,0.25
crisismmd,image,0.80,nfmcd_all_changes,0,1,7,0.6200239548143317,0.47957708793217196,0.7184390223794822,0.0,0.0,0.8325,0.070625,0.18178124999999995,0.1675,0.8325,0.0,0.0,0.0,,0.08
crisismmd,image,0.60,kmeans_content,4,1,7,0.3611618561875122,0.1527517557813737,0.5369351615208481,0.0,0.0,0.59625,nan,nan,nan,nan,nan,nan,nan,,0.25
crisismmd,image,0.80,nfmcd_rank16,0,0,7,0.5476881612777499,0.5159526558111239,0.7595271887678976,0.0,0.0,0.8325,0.05077826999506403,0.18554478899654478,0.1675,0.8325,0.0,0.0,0.0,,0.11
crisismmd,image,0.80,nfmcd_rank16,0,1,7,0.5826663102129584,0.5118702698369753,0.7321885654659115,0.0,0.0,0.8325,0.05062291437296478,0.18543604006107528,0.1675,0.8325,0.0,0.0,0.0,,0.09
crisismmd,image,0.80,spectral_graph+content,0,0,7,0.891532639748399,0.52458156678592,0.9614802512560391,0.0,0.0,0.8325,nan,nan,nan,nan,nan,nan,nan,,0.11
crisismmd,image,0.80,spectral_graph+content,0,1,7,0.891532639748399,0.52458156678592,0.9614802512560391,0.0,0.0,0.8325,nan,nan,nan,nan,nan,nan,nan,,0.09
crisismmd,image,0.80,nfmcd_full,1,0,7,0.5491583964525577,0.5080218360384332,0.7587120310537454,0.0,0.0,0.7825,0.1314527121065513,0.24201689847458588,0.2175,0.7825,0.0,0.0,0.0,,0.14
crisismmd,image,0.80,nfmcd_full,1,1,7,0.5471645845518283,0.5079266988339751,0.7548702015064375,0.0,0.0,0.7825,0.13192513084273327,0.24234759158991323,0.2175,0.7825,0.0,0.0,0.0,,0.14
crisismmd,image,0.80,kmeans_content,0,1,7,0.3330104840897423,0.17502503208788803,0.5400151284026932,0.0,0.0,0.8325,nan,nan,nan,nan,nan,nan,nan,,0.25
crisismmd,image,0.80,kmeans_content,0,0,7,0.3622312855784191,0.17260731708857896,0.5371662937815668,0.0,0.0,0.8325,nan,nan,nan,nan,nan,nan,nan,,0.25
crisismmd,image,0.80,nfmcd_all_changes,1,1,7,0.552623314405471,0.5128909866117186,0.7590573216951358,0.0,0.0,0.7825,0.094375,0.19246874999999997,0.2175,0.7825,0.0,0.0,0.0,,0.11
crisismmd,image,0.80,nfmcd_all_changes,1,0,7,0.6471805287152841,0.4711876306907601,0.7221100296629682,0.0,0.0,0.7825,0.094375,0.19246874999999997,0.2175,0.7825,0.0,0.0,0.0,,0.14
crisismmd,image,0.80,nfmcd_rank16,1,1,7,0.6513149664235172,0.4649051445673414,0.7235777812747534,0.0,0.0,0.7825,0.06698720122113952,0.1968910408547976,0.2175,0.7825,0.0,0.0,0.0,,0.09
crisismmd,image,0.80,nfmcd_rank16,1,0,7,0.6504649895481776,0.4658230052219615,0.7237655092968953,0.0,0.0,0.7825,0.06760812965303067,0.19732569075712142,0.2175,0.7825,0.0,0.0,0.0,,0.14
crisismmd,image,0.80,spectral_graph+content,1,0,7,0.9317144383510434,0.5276350987002476,0.9789456659245933,0.0,0.0,0.7825,nan,nan,nan,nan,nan,nan,nan,,0.11
crisismmd,image,0.80,spectral_graph+content,1,1,7,0.9317144383510434,0.5276350987002476,0.9789456659245933,0.0,0.0,0.7825,nan,nan,nan,nan,nan,nan,nan,,0.11
crisismmd,image,0.80,nfmcd_full,2,1,7,0.5475206688343016,0.5069575042524113,0.7592456665650406,0.0,0.0,0.77875,0.13754502833642004,0.24628151983549398,0.22125,0.77875,0.0,0.0,0.0,,0.14
crisismmd,image,0.80,nfmcd_full,2,0,7,0.5874474160313244,0.5058557284039487,0.7603798448685717,0.0,0.0,0.77875,0.1391631479565662,0.24741420356959629,0.22125,0.77875,0.0,0.0,0.0,,0.19
crisismmd,image,0.80,kmeans_content,1,0,7,0.3955629295680536,0.19788235209459365,0.5740884601759401,0.0,0.0,0.7825,nan,nan,nan,nan,nan,nan,nan,,0.24
crisismmd,image,0.80,kmeans_content,1,1,7,0.37384290487518623,0.1558163744851389,0.5247235089579954,0.0,0.0,0.7825,nan,nan,nan,nan,nan,nan,nan,,0.2
crisismmd,image,0.80,nfmcd_all_changes,2,0,7,0.5479762409126688,0.5128516598869206,0.7532632871320495,0.0,0.0,0.77875,0.103125,0.19640624999999998,0.22125,0.77875,0.0,0.0,0.0,,0.09
crisismmd,image,0.80,nfmcd_all_changes,2,1,7,0.5479762409126687,0.513402945262094,0.7532513189022595,0.0,0.0,0.77875,0.103125,0.19640624999999992,0.22125,0.77875,0.0,0.0,0.0,,0.09
crisismmd,image,0.80,nfmcd_rank16,2,0,7,0.5485099738027548,0.5128043841432804,0.755177429743399,0.0,0.0,0.77875,0.07909371441009798,0.20536560008706858,0.22125,0.77875,0.0,0.0,0.0,,0.11
crisismmd,image,0.80,nfmcd_rank16,2,1,7,0.549873014589549,0.5128043841432804,0.7558858419137408,0.0,0.0,0.77875,0.07980235701273222,0.20586164990891256,0.22125,0.77875,0.0,0.0,0.0,,0.11
crisismmd,image,0.80,spectral_graph+content,2,0,7,0.897069600340113,0.5257783334095463,0.9647193112244253,0.0,0.0,0.77875,nan,nan,nan,nan,nan,nan,nan,,0.12
crisismmd,image,0.80,spectral_graph+content,2,1,7,0.897069600340113,0.5257783334095463,0.9647193112244253,0.0,0.0,0.77875,nan,nan,nan,nan,nan,nan,nan,,0.14
crisismmd,image,0.80,kmeans_content,2,0,7,0.31430771452173945,0.1474831251743293,0.5194501971427972,0.0,0.0,0.77875,nan,nan,nan,nan,nan,nan,nan,,0.22
crisismmd,image,0.80,kmeans_content,2,1,7,0.39509874075226636,0.193735035187587,0.5804811149945331,0.0,0.0,0.77875,nan,nan,nan,nan,nan,nan,nan,,0.23
crisismmd,image,0.80,nfmcd_full,3,1,7,0.5447612814090027,0.5103178892125162,0.7531523679748905,0.0,0.0,0.7925,0.12372917483252302,0.23661042238276608,0.2075,0.7925,0.0,0.0,0.0,,0.14
crisismmd,image,0.80,nfmcd_full,3,0,7,0.5461277477041503,0.5105192294923995,0.7534816244447038,0.0,0.0,0.7925,0.12420512067753306,0.23694358447427308,0.2075,0.7925,0.0,0.0,0.0,,0.19
crisismmd,image,0.80,nfmcd_all_changes,3,0,7,0.6156660061983442,0.4762040263788609,0.7150262814140033,0.0,0.0,0.7925,0.094375,0.19246874999999997,0.2075,0.7925,0.0,0.0,0.0,,0.09
crisismmd,image,0.80,nfmcd_all_changes,3,1,7,0.6156660061983442,0.4762040263788609,0.7150262814140032,0.0,0.0,0.7925,0.094375,0.19246874999999997,0.2075,0.7925,0.0,0.0,0.0,,0.09
crisismmd,image,0.80,nfmcd_rank16,3,0,7,0.6134440912773427,0.47497297438186026,0.7145351622591806,0.0,0.0,0.7925,0.06282358042936266,0.1939765063005538,0.2075,0.7925,0.0,0.0,0.0,,0.09
crisismmd,image,0.80,nfmcd_rank16,3,1,7,0.5507745353930281,0.5139666143718846,0.7566796596737014,0.0,0.0,0.7925,0.06307363970240214,0.19415154779168148,0.2075,0.7925,0.0,0.0,0.0,,0.12
crisismmd,image,0.80,spectral_graph+content,3,0,7,0.9064990787213111,0.5255936023953489,0.9677437701937324,0.0,0.0,0.7925,nan,nan,nan,nan,nan,nan,nan,,0.09
crisismmd,image,0.80,spectral_graph+content,3,1,7,0.9153630244922789,0.5261584429394953,0.9710135423171565,0.0,0.0,0.7925,nan,nan,nan,nan,nan,nan,nan,,0.11
crisismmd,image,0.80,nfmcd_full,4,0,7,0.5942318310454873,0.5135236657561414,0.742849866230496,0.0,0.0,0.78875,0.13040250640305803,0.2412817544821406,0.21125,0.78875,0.0,0.0,0.0,,0.12
crisismmd,image,0.80,nfmcd_full,4,1,7,0.5928808584945958,0.5154401951174532,0.7415280578628801,0.0,0.0,0.78875,0.13140046532803387,0.2419803257296237,0.21125,0.78875,0.0,0.0,0.0,,0.12
crisismmd,image,0.80,kmeans_content,3,0,7,0.32102490531359407,0.1463693839606622,0.5202819915210767,0.0,0.0,0.7925,nan,nan,nan,nan,nan,nan,nan,,0.28
crisismmd,image,0.80,kmeans_content,3,1,7,0.3193801458939658,0.14775778469379602,0.5196147641175997,0.0,0.0,0.7925,nan,nan,nan,nan,nan,nan,nan,,0.26
crisismmd,image,0.80,nfmcd_all_changes,4,0,7,0.5485099738027548,0.5148947669140582,0.7592914824343018,0.0,0.0,0.78875,0.095625,0.19303124999999993,0.21125,0.78875,0.0,0.0,0.0,,0.14
crisismmd,image,0.80,nfmcd_all_changes,4,1,7,0.6253954732685961,0.4797408377203201,0.7223142489701544,0.0,0.0,0.78875,0.095625,0.19303124999999993,0.21125,0.78875,0.0,0.0,0.0,,0.14
crisismmd,image,0.80,nfmcd_rank16,4,1,7,0.5744217880963268,0.5140440963871249,0.7183069866698941,0.0,0.0,0.78875,0.0692415824223103,0.19846910769561718,0.21125,0.78875,0.0,0.0,0.0,,0.12
crisismmd,image,0.80,spectral_graph+content,4,0,7,0.916241043354289,0.5276203511784483,0.9720978046873513,0.0,0.0,0.78875,nan,nan,nan,nan,nan,nan,nan,,0.12
crisismmd,image,0.80,spectral_graph+content,4,1,7,0.9166939563116108,0.5271210482028084,0.972124815992266,0.0,0.0,0.78875,nan,nan,nan,nan,nan,nan,nan,,0.09
crisismmd,image,0.80,nfmcd_rank16,4,0,7,0.636302317893912,0.47414217640203227,0.7140401357909157,0.0,0.0,0.78875,0.069308182862784,0.1985157280039488,0.21125,0.78875,0.0,0.0,0.0,,0.19
crisismmd,image,0.80,kmeans_content,4,0,7,0.36967063303867587,0.15283658017980764,0.5267058514860121,0.0,0.0,0.78875,nan,nan,nan,nan,nan,nan,nan,,0.24
crisismmd,image,0.80,kmeans_content,4,1,7,0.37262229157205806,0.14958691668478552,0.5260819258973005,0.0,0.0,0.78875,nan,nan,nan,nan,nan,nan,nan,,0.27
crisismmd,text,0.10,nfmcd_all_changes,0,0,7,0.7035681254891072,0.45731251370944265,0.7314295305457433,0.0,0.10125,0.0,0.44875,0.35193749999999996,0.89875,0.0,0.10125,0.0,0.0,,0.3
crisismmd,text,0.10,nfmcd_all_changes,0,1,7,0.700963744056719,0.44642168850464353,0.7249757904254935,0.0,0.10125,0.0,0.44875,0.35193749999999996,0.89875,0.0,0.10125,0.0,0.0,,0.31
crisismmd,text,0.10,nfmcd_full,0,1,7,0.6257826659055971,0.5131271143082716,0.755491053875687,0.0,0.10125,0.0,0.5747304547720544,0.5523113183404381,0.89875,0.0,0.10125,0.0,0.0,,0.67
crisismmd,text,0.10,nfmcd_full,0,0,7,0.648511113312576,0.5149394069303981,0.7619539840414021,0.0,0.10125,0.0,0.5795763400915224,0.5557034380640656,0.89875,0.0,0.10125,0.0,0.0,,0.72
crisismmd,text,0.10,nfmcd_rank16,0,0,7,0.6812454710604768,0.5186762406880905,0.7547588691197543,0.0,0.10125,0.0,0.40194223360237885,0.43135956352166516,0.89875,0.0,0.10125,0.0,0.0,,0.3
crisismmd,text,0.10,spectral_graph+content,0,0,7,0.8453347455076758,0.5110317111045408,0.9380710374210882,0.0,0.10125,0.0,nan,nan,nan,nan,nan,nan,nan,,0.11
crisismmd,text,0.10,nfmcd_rank16,0,1,7,0.706441072948954,0.4523782021001224,0.7012718987695727,0.0,0.10125,0.0,0.4022857666139859,0.4316000366297901,0.89875,0.0,0.10125,0.0,0.0,,0.27
crisismmd,text,0.10,spectral_graph+content,0,1,7,0.8453347455076758,0.5110317111045408,0.9380710374210882,0.0,0.10125,0.0,nan,nan,nan,nan,nan,nan,nan,,0.11
crisismmd,text,0.10,kmeans_content,0,1,7,0.37844022668213995,0.19125038108223882,0.5659307378666167,0.0,0.10125,0.0,nan,nan,nan,nan,nan,nan,nan,,0.3
crisismmd,text,0.10,kmeans_content,0,0,7,0.3159921545144304,0.14800370223460724,0.4939058917610528,0.0,0.10125,0.0,nan,nan,nan,nan,nan,nan,nan,,0.33
crisismmd,text,0.10,nfmcd_all_changes,1,0,7,0.740511060066503,0.38434309371043923,0.6440369955254475,0.0,0.07625,0.0,0.46062500000000006,0.35728125,0.92375,0.0,0.07625,0.0,0.0,,0.34
crisismmd,text,0.10,nfmcd_all_changes,1,1,7,0.708782623440892,0.4520333820301384,0.7250605557470716,0.0,0.07625,0.0,0.460625,0.35728124999999994,0.92375,0.0,0.07625,0.0,0.0,,0.33
crisismmd,text,0.10,nfmcd_full,1,0,7,0.6264039019223597,0.5168035355227637,0.7600764031637526,0.0,0.07625,0.0,0.5992341939162419,0.5694639357413693,0.92375,0.0,0.07625,0.0,0.0,,0.7
crisismmd,text,0.10,nfmcd_full,1,1,7,0.6260384262784737,0.5123602640931816,0.7586444071059116,0.0,0.07625,0.0,0.6007883324706297,0.5705518327294408,0.92375,0.0,0.07625,0.0,0.0,,0.72
crisismmd,text,0.10,spectral_graph+content,1,0,7,0.863785565782861,0.5137989528297273,0.9502716762780935,0.0,0.07625,0.0,nan,nan,nan,nan,nan,nan,nan,,0.11
crisismmd,text,0.10,spectral_graph+content,1,1,7,0.863785565782861,0.5137989528297273,0.9502716762780935,0.0,0.07625,0.0,nan,nan,nan,nan,nan,nan,nan,,0.11
crisismmd,text,0.10,nfmcd_rank16,1,0,7,0.7580662311681268,0.38792588385035914,0.6476871969368198,0.0,0.07625,0.0,0.4175471544259112,0.4422830080981378,0.92375,0.0,0.07625,0.0,0.0,,0.28
crisismmd,text,0.10,nfmcd_rank16,1,1,7,0.7093045568658417,0.4508913799626404,0.6947017881682795,0.0,0.07625,0.0,0.41670988834142103,0.4416969218389947,0.92375,0.0,0.07625,0.0,0.0,,0.26
crisismmd,text,0.10,kmeans_content,1,0,7,0.3462169549909919,0.19264125019490785,0.564952224347173,0.0,0.07625,0.0,nan,nan,nan,nan,nan,nan,nan,,0.23
crisismmd,text,0.10,kmeans_content,1,1,7,0.3599365914918028,0.16516870892998214,0.5646834597866512,0.0,0.07625,0.0,nan,nan,nan,nan,nan,nan,nan,,0.27
crisismmd,text,0.10,nfmcd_all_changes,2,0,7,0.7323231100571459,0.38328694104643646,0.6349917453283123,0.0,0.1125,0.0,0.443125,0.34940625,0.8875,0.0,0.1125,0.0,0.0,,0.27
crisismmd,text,0.10,nfmcd_all_changes,2,1,7,0.7274419247220616,0.3857746910854389,0.639401415128314,0.0,0.1125,0.0,0.443125,0.34940625,0.8875,0.0,0.1125,0.0,0.0,,0.28
crisismmd,text,0.10,nfmcd_rank16,2,0,7,0.747387400660263,0.3881499206708838,0.6467098108452809,0.0,0.1125,0.0,0.39474697210572474,0.4263228804740072,0.8875,0.0,0.1125,0.0,0.0,,0.3
crisismmd,text,0.10,nfmcd_full,2,1,7,0.5488609797133785,0.5289568322674606,0.6387491710660026,0.0,0.1125,0.0,0.5766987055538728,0.5536890938877109,0.8875,0.0,0.1125,0.0,0.0,,0.75
crisismmd,text,0.10,nfmcd_rank16,2,1,7,0.7409369498507276,0.3965559871779816,0.6339596550929851,0.0,0.1125,0.0,0.39235903782389825,0.42465132647672876,0.8875,0.0,0.1125,0.0,0.0,,0.28
crisismmd,text,0.10,nfmcd_full,2,0,7,0.5650319895259639,0.5267869383897907,0.6369471215290473,0.0,0.1125,0.0,0.5785373277719272,0.554976129440349,0.8875,0.0,0.1125,0.0,0.0,,0.81
crisismmd,text,0.10,spectral_graph+content,2,0,7,0.8353785676706849,0.5140510622378471,0.9381420379330043,0.0,0.1125,0.0,nan,nan,nan,nan,nan,nan,nan,,0.09
crisismmd,text,0.10,spectral_graph+content,2,1,7,0.8353785676706849,0.5140510622378471,0.9381420379330043,0.0,0.1125,0.0,nan,nan,nan,nan,nan,nan,nan,,0.11
crisismmd,text,0.10,kmeans_content,2,0,7,0.2737904043188366,0.13054822165596386,0.508399319008438,0.0,0.1125,0.0,nan,nan,nan,nan,nan,nan,nan,,0.31
crisismmd,text,0.10,kmeans_content,2,1,7,0.2828260872503291,0.12577222103242608,0.48538001115738855,0.0,0.1125,0.0,nan,nan,nan,nan,nan,nan,nan,,0.36
crisismmd,text,0.10,nfmcd_all_changes,3,0,7,0.6394900407316579,0.3109930830566622,0.5594165950206996,0.0,0.10375,0.0,0.446875,0.35109375,0.89625,0.0,0.10375,0.0,0.0,,0.26
crisismmd,text,0.10,nfmcd_all_changes,3,1,7,0.7403327080266453,0.3806515693601471,0.6373082423781866,0.0,0.10375,0.0,0.446875,0.3510937499999999,0.89625,0.0,0.10375,0.0,0.0,,0.3
crisismmd,text,0.10,nfmcd_full,3,1,7,0.5616910143807996,0.525791323779812,0.6308522925782741,0.0,0.10375,0.0,0.5817444463963206,0.5572211124774245,0.89625,0.0,0.10375,0.0,0.0,,0.7
crisismmd,text,0.10,nfmcd_full,3,0,7,0.64943003959235,0.5102828716926695,0.7569787983176085,0.0,0.10375,0.0,0.5827291737063822,0.5579104215944675,0.89625,0.0,0.10375,0.0,0.0,,0.78
crisismmd,text,0.10,nfmcd_rank16,3,0,7,0.7508458592360372,0.39644560040842897,0.6465242080981634,0.0,0.10375,0.0,0.39725965429600874,0.4280817580072061,0.89625,0.0,0.10375,0.0,0.0,,0.3
crisismmd,text,0.10,spectral_graph+content,3,0,7,0.8247863079905843,0.5047354187905015,0.9241435402538825,0.0,0.10375,0.0,nan,nan,nan,nan,nan,nan,nan,,0.09
crisismmd,text,0.10,spectral_graph+content,3,1,7,0.8247863079905843,0.5047354187905015,0.9241435402538825,0.0,0.10375,0.0,nan,nan,nan,nan,nan,nan,nan,,0.09
crisismmd,text,0.10,nfmcd_rank16,3,1,7,0.7501724896989796,0.3925579863143834,0.6394183751148382,0.0,0.10375,0.0,0.39927714612275794,0.42949400228593054,0.89625,0.0,0.10375,0.0,0.0,,0.34
crisismmd,text,0.10,kmeans_content,3,1,7,0.34945831115596904,0.1568256070195024,0.5416002167881747,0.0,0.10375,0.0,nan,nan,nan,nan,nan,nan,nan,,0.34
crisismmd,text,0.10,kmeans_content,3,0,7,0.3613761039239445,0.16997514592829707,0.5538966135729734,0.0,0.10375,0.0,nan,nan,nan,nan,nan,nan,nan,,0.36
crisismmd,text,0.10,nfmcd_all_changes,4,1,7,0.7110322905653188,0.4500881943640536,0.7268607333753929,0.0,0.095,0.0,0.451875,0.35334375,0.905,0.0,0.095,0.0,0.0,,0.31
crisismmd,text,0.10,nfmcd_all_changes,4,0,7,0.7167771274742272,0.45458867781082846,0.7306053189041409,0.0,0.095,0.0,0.451875,0.35334374999999996,0.905,0.0,0.095,0.0,0.0,,0.33
crisismmd,text,0.10,nfmcd_full,4,0,7,0.6310913984692539,0.5106187386572207,0.750635952817899,0.0,0.095,0.0,0.5841778182631421,0.5589244727841993,0.905,0.0,0.095,0.0,0.0,,0.83
crisismmd,text,0.10,nfmcd_rank16,4,0,7,0.701216724261678,0.4428702551522089,0.6935491031650292,0.0,0.095,0.0,0.4061606324319571,0.43431244270236996,0.905,0.0,0.095,0.0,0.0,,0.31
crisismmd,text,0.10,nfmcd_rank16,4,1,7,0.7059653347935315,0.4356313765512563,0.6944073857522154,0.0,0.095,0.0,0.40460623151103065,0.43322436205772136,0.905,0.0,0.095,0.0,0.0,,0.31
crisismmd,text,0.10,spectral_graph+content,4,0,7,0.8210542497474249,0.5079550851986299,0.9311410190594481,0.0,0.095,0.0,nan,nan,nan,nan,nan,nan,nan,,0.12
crisismmd,text,0.10,nfmcd_full,4,1,7,0.6293327303771888,0.5151954490109977,0.7446145793623276,0.0,0.095,0.0,0.5888203756565901,0.562174262959613,0.905,0.0,0.095,0.0,0.0,,0.84
crisismmd,text,0.10,spectral_graph+content,4,1,7,0.8210238929566694,0.5077561923798112,0.9311425292833148,0.0,0.095,0.0,nan,nan,nan,nan,nan,nan,nan,,0.09
crisismmd,text,0.10,kmeans_content,4,1,7,0.28207936866845573,0.12152999702413834,0.5107223495783869,0.0,0.095,0.0,nan,nan,nan,nan,nan,nan,nan,,0.27
crisismmd,text,0.10,kmeans_content,4,0,7,0.3290918476651792,0.15839520354529588,0.5461865481471898,0.0,0.095,0.0,nan,nan,nan,nan,nan,nan,nan,,0.31
crisismmd,text,0.20,nfmcd_all_changes,0,1,7,0.6883391328436778,0.46019438865372114,0.732130041431197,0.0,0.21875,0.0,0.389375,0.32521874999999995,0.78125,0.0,0.21875,0.0,0.0,,0.22
crisismmd,text,0.20,nfmcd_all_changes,0,0,7,0.6418182681516835,0.36080462646284434,0.5603512760855839,0.0,0.21875,0.0,0.389375,0.32521874999999995,0.78125,0.0,0.21875,0.0,0.0,,0.3
crisismmd,text,0.20,nfmcd_full,0,0,7,0.6198646275978308,0.5138372545494639,0.7523590324418089,0.0,0.21875,0.0,0.5047861940067593,0.5033503358047315,0.78125,0.0,0.21875,0.0,0.0,,0.59
crisismmd,text,0.20,nfmcd_full,0,1,7,0.6335964873004772,0.5203491535403612,0.7480405486952407,0.0,0.21875,0.0,0.4963191686279875,0.4974234180395912,0.78125,0.0,0.21875,0.0,0.0,,0.55
crisismmd,text,0.20,spectral_graph+content,0,0,7,0.7859090862661897,0.5005609706270784,0.9114387655467071,0.0,0.21875,0.0,nan,nan,nan,nan,nan,nan,nan,,0.11
crisismmd,text,0.20,spectral_graph+content,0,1,7,0.7859090862661897,0.5005609706270784,0.9114387655467071,0.0,0.21875,0.0,nan,nan,nan,nan,nan,nan,nan,,0.09
crisismmd,text,0.20,nfmcd_rank16,0,0,7,0.7277323714082545,0.40698348917663685,0.6341903826565288,0.0,0.21875,0.0,0.3444537896577829,0.391117652760448,0.78125,0.0,0.21875,0.0,0.0,,0.22
crisismmd,text,0.20,nfmcd_rank16,0,1,7,0.7280494672459907,0.39769773822383186,0.6324519818151454,0.0,0.21875,0.0,0.34615119618672113,0.39230583733070473,0.78125,0.0,0.21875,0.0,0.0,,0.25
crisismmd,text,0.20,kmeans_content,0,1,7,0.26578580470786295,0.12359318578308776,0.4972405869289438,0.0,0.21875,0.0,nan,nan,nan,nan,nan,nan,nan,,0.25
crisismmd,text,0.20,kmeans_content,0,0,7,0.27382832651086497,0.12835621695483043,0.4909828561090482,0.0,0.21875,0.0,nan,nan,nan,nan,nan,nan,nan,,0.26
crisismmd,text,0.20,nfmcd_all_changes,1,0,7,0.7333424645421605,0.3845483039073904,0.6406262772169481,0.0,0.18375,0.0,0.405625,0.33253124999999994,0.81625,0.0,0.18375,0.0,0.0,,0.23
crisismmd,text,0.20,nfmcd_all_changes,1,1,7,0.7340134699145832,0.3848724983653261,0.6350144531535431,0.0,0.18375,0.0,0.40562500000000007,0.33253124999999994,0.81625,0.0,0.18375,0.0,0.0,,0.25
crisismmd,text,0.20,nfmcd_full,1,0,7,0.6263280595016365,0.5170230539536307,0.7551147446033476,0.0,0.18375,0.0,0.5361735945834605,0.5253215162084223,0.81625,0.0,0.18375,0.0,0.0,,0.56
crisismmd,text,0.20,spectral_graph+content,1,0,7,0.8159397483220564,0.5031635839883499,0.9269725185963101,0.0,0.18375,0.0,nan,nan,nan,nan,nan,nan,nan,,0.09
crisismmd,text,0.20,nfmcd_full,1,1,7,0.5169857579840806,0.5150514044221898,0.6186407523982123,0.0,0.18375,0.0,0.5301829663700133,0.5211280764590093,0.81625,0.0,0.18375,0.0,0.0,,0.61
crisismmd,text,0.20,nfmcd_rank16,1,0,7,0.739871525946627,0.3991615500436129,0.6448577753223186,0.0,0.18375,0.0,0.36313224220163265,0.4041925695411429,0.81625,0.0,0.18375,0.0,0.0,,0.24
crisismmd,text,0.20,nfmcd_rank16,1,1,7,0.6610235818568895,0.5233261866075684,0.7516832200205062,0.0,0.18375,0.0,0.36319815653606713,0.404238709575247,0.81625,0.0,0.18375,0.0,0.0,,0.22
crisismmd,text,0.20,spectral_graph+content,1,1,7,0.8159397483220564,0.5031635839883499,0.9269725185963101,0.0,0.18375,0.0,nan,nan,nan,nan,nan,nan,nan,,0.09
crisismmd,text,0.20,kmeans_content,1,1,7,0.2708660735533296,0.13628383620151363,0.4897016839402978,0.0,0.18375,0.0,nan,nan,nan,nan,nan,nan,nan,,0.26
crisismmd,text,0.20,kmeans_content,1,0,7,0.3310825110101949,0.1822342273790064,0.5527986104459186,0.0,0.18375,0.0,nan,nan,nan,nan,nan,nan,nan,,0.31
crisismmd,text,0.20,nfmcd_all_changes,2,0,7,0.6843890448914993,0.44703514357455076,0.7174333963257717,0.0,0.205,0.0,0.396875,0.32859375,0.795,0.0,0.205,0.0,0.0,,0.25
crisismmd,text,0.20,nfmcd_all_changes,2,1,7,0.7182675742038175,0.3933967333130535,0.6376863033836647,0.0,0.205,0.0,0.396875,0.32859375,0.795,0.0,0.205,0.0,0.0,,0.24
crisismmd,text,0.20,nfmcd_full,2,0,7,0.563189275389038,0.519914446802049,0.6194369290010175,0.0,0.205,0.0,0.513678020237064,0.5095746141659449,0.795,0.0,0.205,0.0,0.0,,0.58
crisismmd,text,0.20,nfmcd_full,2,1,7,0.5980982047657979,0.5242239446119061,0.612982630245624,0.0,0.205,0.0,0.5083122302588235,0.5058185611811764,0.795,0.0,0.205,0.0,0.0,,0.58
crisismmd,text,0.20,spectral_graph+content,2,0,7,0.8237228449765647,0.5078794649272763,0.932156245088098,0.0,0.205,0.0,nan,nan,nan,nan,nan,nan,nan,,0.11
crisismmd,text,0.20,spectral_graph+content,2,1,7,0.8237228449765647,0.5078794649272763,0.932156245088098,0.0,0.205,0.0,nan,nan,nan,nan,nan,nan,nan,,0.11
crisismmd,text,0.20,nfmcd_rank16,2,0,7,0.6481706134931868,0.5146552713437326,0.7424917231404784,0.0,0.205,0.0,0.35044488157445697,0.3953114171021198,0.795,0.0,0.205,0.0,0.0,,0.24
crisismmd,text,0.20,nfmcd_rank16,2,1,7,0.6940017985785911,0.45311911341162225,0.6939301178545227,0.0,0.205,0.0,0.3499338570141359,0.39495369990989504,0.795,0.0,0.205,0.0,0.0,,0.25
crisismmd,text,0.20,kmeans_content,2,0,7,0.2506385875610664,0.11752492571746484,0.4748931179591079,0.0,0.205,0.0,nan,nan,nan,nan,nan,nan,nan,,0.23
crisismmd,text,0.20,kmeans_content,2,1,7,0.27655515941064013,0.1367873437897516,0.49669963521726374,0.0,0.205,0.0,nan,nan,nan,nan,nan,nan,nan,,0.26
crisismmd,text,0.20,nfmcd_all_changes,3,0,7,0.6396045976914119,0.5256492664457146,0.7404311163816886,0.0,0.2075,0.0,0.395,0.32774999999999993,0.7925,0.0,0.2075,0.0,0.0,,0.23
crisismmd,text,0.20,nfmcd_full,3,0,7,0.5952949762327893,0.5250083454238608,0.6174487958454993,0.0,0.2075,0.0,0.5159741511773721,0.5111819058241605,0.7925,0.0,0.2075,0.0,0.0,,0.5
crisismmd,text,0.20,nfmcd_all_changes,3,1,7,0.6906425350059862,0.44879834054609175,0.7202440944565585,0.0,0.2075,0.0,0.395,0.32775,0.7925,0.0,0.2075,0.0,0.0,,0.28
crisismmd,text,0.20,nfmcd_full,3,1,7,0.562943960213949,0.5235590091857607,0.6093897869346258,0.0,0.2075,0.0,0.515741938799696,0.5110193571597871,0.7925,0.0,0.2075,0.0,0.0,,0.53
crisismmd,text,0.20,spectral_graph+content,3,0,7,0.8043663717797694,0.4979222938224284,0.9235598103284247,0.0,0.2075,0.0,nan,nan,nan,nan,nan,nan,nan,,0.11
crisismmd,text,0.20,spectral_graph+content,3,1,7,0.8043663717797694,0.4979222938224284,0.9235598103284247,0.0,0.2075,0.0,nan,nan,nan,nan,nan,nan,nan,,0.09
crisismmd,text,0.20,nfmcd_rank16,3,1,7,0.6832118231253657,0.4464493218043553,0.6921682293755568,0.0,0.2075,0.0,0.35217715285035467,0.3965240069952482,0.7925,0.0,0.2075,0.0,0.0,,0.23
crisismmd,text,0.20,nfmcd_rank16,3,0,7,0.6849483602688452,0.4446242270781988,0.6911768804368449,0.0,0.2075,0.0,0.35042814840275854,0.3952997038819309,0.7925,0.0,0.2075,0.0,0.0,,0.31
crisismmd,text,0.20,kmeans_content,3,1,7,0.30508010721847656,0.11320519877546618,0.477523412159838,0.0,0.2075,0.0,nan,nan,nan,nan,nan,nan,nan,,0.3
crisismmd,text,0.20,kmeans_content,3,0,7,0.271153430141162,0.11673824479221075,0.47313991789649396,0.0,0.2075,0.0,nan,nan,nan,nan,nan,nan,nan,,0.3
crisismmd,text,0.20,nfmcd_all_changes,4,0,7,0.7032720962185469,0.4570093004775561,0.7275268089598983,0.0,0.17875,0.0,0.40875,0.3339375,0.82125,0.0,0.17875,0.0,0.0,,0.25
crisismmd,text,0.20,nfmcd_all_changes,4,1,7,0.7247755230582449,0.3851870284898274,0.6393377495288141,0.0,0.17875,0.0,0.40875,0.3339375,0.82125,0.0,0.17875,0.0,0.0,,0.28
crisismmd,text,0.20,nfmcd_full,4,1,7,0.4936514523961164,0.5150463421522956,0.6778392146494875,0.0,0.17875,0.0,0.5295732834249814,0.520701298397487,0.82125,0.0,0.17875,0.0,0.0,,0.58
crisismmd,text,0.20,nfmcd_full,4,0,7,0.6493347686167399,0.5130286719854528,0.7525643455701724,0.0,0.17875,0.0,0.5303951932368808,0.5212766352658166,0.82125,0.0,0.17875,0.0,0.0,,0.58
crisismmd,text,0.20,spectral_graph+content,4,1,7,0.7985751949220111,0.5043027829807825,0.9180783929930183,0.0,0.17875,0.0,nan,nan,nan,nan,nan,nan,nan,,0.09
crisismmd,text,0.20,nfmcd_rank16,4,0,7,0.6980280193661866,0.44732124549745605,0.6951378913123119,0.0,0.17875,0.0,0.37066486105666613,0.40946540273966625,0.82125,0.0,0.17875,0.0,0.0,,0.22
crisismmd,text,0.20,spectral_graph+content,4,0,7,0.7984683271921589,0.505131530950488,0.9174827982892022,0.0,0.17875,0.0,nan,nan,nan,nan,nan,nan,nan,,0.12
crisismmd,text,0.20,nfmcd_rank16,4,1,7,0.7428715696386761,0.396718168080832,0.6461618978866136,0.0,0.17875,0.0,0.37084184501902206,0.40958929151331547,0.82125,0.0,0.17875,0.0,0.0,,0.31
crisismmd,text,0.20,kmeans_content,4,0,7,0.2820883799151026,0.12318977307684889,0.4996762364391727,0.0,0.17875,0.0,nan,nan,nan,nan,nan,nan,nan,,0.3
crisismmd,text,0.20,kmeans_content,4,1,7,0.25413549457051643,0.11543408274033304,0.49277277083185167,0.0,0.17875,0.0,nan,nan,nan,nan,nan,nan,nan,,0.33
crisismmd,text,0.40,nfmcd_full,0,0,7,0.5723749674125179,0.5243230144888439,0.6265753910666162,0.0,0.41375,0.0,0.3762537500947377,0.4133776250663164,0.58625,0.0,0.41375,0.0,0.0,,0.41
crisismmd,text,0.40,nfmcd_all_changes,0,1,7,0.6645717138847936,0.4628463486872258,0.726357034533991,0.0,0.41375,0.0,0.28937499999999994,0.28021874999999996,0.58625,0.0,0.41375,0.0,0.0,,0.19
crisismmd,text,0.40,nfmcd_full,0,1,7,0.5721213160911469,0.5078842761755228,0.7260256717807805,0.0,0.41375,0.0,0.3715768527019111,0.41010379689133786,0.58625,0.0,0.41375,0.0,0.0,,0.42
crisismmd,text,0.40,nfmcd_all_changes,0,0,7,0.6767106596454684,0.44897959909416324,0.7199042583378862,0.0,0.41375,0.0,0.289375,0.28021874999999996,0.58625,0.0,0.41375,0.0,0.0,,0.27
crisismmd,text,0.40,nfmcd_rank16,0,0,7,0.6368568504433243,0.46721435545945517,0.6843447033000618,0.0,0.41375,0.0,0.2536571498352388,0.3275600048846672,0.58625,0.0,0.41375,0.0,0.0,,0.2
crisismmd,text,0.40,spectral_graph+content,0,0,7,0.5933399576333929,0.4264554684877674,0.7976239581181603,0.0,0.41375,0.0,nan,nan,nan,nan,nan,nan,nan,,0.11
crisismmd,text,0.40,spectral_graph+content,0,1,7,0.5932827684986195,0.42670828912388886,0.7975915416332567,0.0,0.41375,0.0,nan,nan,nan,nan,nan,nan,nan,,0.11
crisismmd,text,0.40,nfmcd_rank16,0,1,7,0.6169795112752369,0.5228084335408264,0.7261678620793158,0.0,0.41375,0.0,0.25230611690684573,0.326614281834792,0.58625,0.0,0.41375,0.0,0.0,,0.22
crisismmd,text,0.40,kmeans_content,0,0,7,0.11799288706586819,0.0440517052716345,0.3553476526222331,0.0,0.41375,0.0,nan,nan,nan,nan,nan,nan,nan,,0.3
crisismmd,text,0.40,kmeans_content,0,1,7,0.1544417175816839,0.05558732141535542,0.3845891159661893,0.0,0.41375,0.0,nan,nan,nan,nan,nan,nan,nan,,0.27
crisismmd,text,0.40,nfmcd_full,1,0,7,0.5743548811286384,0.5267139329272668,0.6333744335097754,0.0,0.41875,0.0,0.3701069738744269,0.4090748817120988,0.58125,0.0,0.41875,0.0,0.0,,0.31
crisismmd,text,0.40,nfmcd_full,1,1,7,0.5760402343068612,0.5250510818593725,0.6307257921576189,0.0,0.41875,0.0,0.37164933781024473,0.41015453646717126,0.58125,0.0,0.41875,0.0,0.0,,0.31
crisismmd,text,0.40,nfmcd_all_changes,1,0,7,0.6750600293822664,0.4526817500275392,0.7206983622210996,0.0,0.41875,0.0,0.2875,0.279375,0.58125,0.0,0.41875,0.0,0.0,,0.23
crisismmd,text,0.40,nfmcd_all_changes,1,1,7,0.6778635343816816,0.45248363119213403,0.7328215806082977,0.0,0.41875,0.0,0.2875,0.279375,0.58125,0.0,0.41875,0.0,0.0,,0.23
crisismmd,text,0.40,nfmcd_rank16,1,0,7,0.6281795445851832,0.5243455227632496,0.732157335915573,0.0,0.41875,0.0,0.25624815197881107,0.32937370638516766,0.58125,0.0,0.41875,0.0,0.0,,0.22
crisismmd,text,0.40,spectral_graph+content,1,1,7,0.7114975122498068,0.4755057050735784,0.8742081691408624,0.0,0.41875,0.0,nan,nan,nan,nan,nan,nan,nan,,0.11
crisismmd,text,0.40,spectral_graph+content,1,0,7,0.714718506475516,0.475980345172337,0.8759696334142114,0.0,0.41875,0.0,nan,nan,nan,nan,nan,nan,nan,,0.11
crisismmd,text,0.40,nfmcd_rank16,1,1,7,0.6499121678836409,0.46520586850122214,0.6855247701484074,0.0,0.41875,0.0,0.2575776353604921,0.33030434475234444,0.58125,0.0,0.41875,0.0,0.0,,0.22
crisismmd,text,0.40,kmeans_content,1,0,7,0.16607211521229392,0.05995409399781719,0.3924046765620392,0.0,0.41875,0.0,nan,nan,nan,nan,nan,nan,nan,,0.28
crisismmd,text,0.40,kmeans_content,1,1,7,0.16607211521229392,0.05647261201119338,0.3776555224247629,0.0,0.41875,0.0,nan,nan,nan,nan,nan,nan,nan,,0.3
crisismmd,text,0.40,nfmcd_full,2,1,7,0.5882254903710997,0.524102052683503,0.6281922338580055,0.0,0.41875,0.0,0.369455436203489,0.4086188053424424,0.58125,0.0,0.41875,0.0,0.0,,0.33
crisismmd,text,0.40,nfmcd_full,2,0,7,0.5854808831304394,0.5252565849149126,0.634191610136716,0.0,0.41875,0.0,0.3688500652449476,0.40819504567146336,0.58125,0.0,0.41875,0.0,0.0,,0.38
crisismmd,text,0.40,nfmcd_all_changes,2,0,7,0.6014530623081442,0.5175600729318295,0.7698116835653528,0.0,0.41875,0.0,0.2875,0.279375,0.58125,0.0,0.41875,0.0,0.0,,0.19
crisismmd,text,0.40,nfmcd_all_changes,2,1,7,0.6499884490916683,0.46385940930171593,0.7214927634006274,0.0,0.41875,0.0,0.2875,0.279375,0.58125,0.0,0.41875,0.0,0.0,,0.19
crisismmd,text,0.40,spectral_graph+content,2,0,7,0.720478095114887,0.4768537959137943,0.8833048806522158,0.0,0.41875,0.0,nan,nan,nan,nan,nan,nan,nan,,0.11
crisismmd,text,0.40,nfmcd_rank16,2,0,7,0.6109979039307913,0.5197167881729979,0.7227074212394434,0.0,0.41875,0.0,0.2515125840694886,0.3260588088486421,0.58125,0.0,0.41875,0.0,0.0,,0.19
crisismmd,text,0.40,nfmcd_rank16,2,1,7,0.6346690077505212,0.4580848654823103,0.6850036877462512,0.0,0.41875,0.0,0.25296374507954744,0.32707462155568323,0.58125,0.0,0.41875,0.0,0.0,,0.2
crisismmd,text,0.40,spectral_graph+content,2,1,7,0.720478095114887,0.4768537959137943,0.8833048806522158,0.0,0.41875,0.0,nan,nan,nan,nan,nan,nan,nan,,0.11
crisismmd,text,0.40,kmeans_content,2,0,7,0.15073207002551503,0.043053685037532555,0.3780063130852512,0.0,0.41875,0.0,nan,nan,nan,nan,nan,nan,nan,,0.27
crisismmd,text,0.40,kmeans_content,2,1,7,0.0756592988334619,0.03177538700112009,0.3446968334455553,0.0,0.41875,0.0,nan,nan,nan,nan,nan,nan,nan,,0.27
crisismmd,text,0.40,nfmcd_full,3,1,7,0.5764921555487152,0.5254995947883052,0.633290652681665,0.0,0.42625,0.0,0.3676539149301866,0.4073577404511306,0.57375,0.0,0.42625,0.0,0.0,,0.38
crisismmd,text,0.40,nfmcd_all_changes,3,1,7,0.6548826109361717,0.45802392997734404,0.7145672527741943,0.0,0.42625,0.0,0.285625,0.27853124999999995,0.57375,0.0,0.42625,0.0,0.0,,0.2
crisismmd,text,0.40,nfmcd_full,3,0,7,0.5616508396850471,0.5191573655127466,0.6357930237470955,0.0,0.42625,0.0,0.3676750449797487,0.4073725314858241,0.57375,0.0,0.42625,0.0,0.0,,0.41
crisismmd,text,0.40,nfmcd_all_changes,3,0,7,0.6692472957814667,0.40821006462092113,0.636338687386021,0.0,0.42625,0.0,0.285625,0.27853125,0.57375,0.0,0.42625,0.0,0.0,,0.25
crisismmd,text,0.40,spectral_graph+content,3,0,7,0.7507750077724351,0.4736146544095027,0.9008232003548303,0.0,0.42625,0.0,nan,nan,nan,nan,nan,nan,nan,,0.11
crisismmd,text,0.40,spectral_graph+content,3,1,7,0.7445413743240827,0.4737123436673786,0.8963855884623408,0.0,0.42625,0.0,nan,nan,nan,nan,nan,nan,nan,,0.09
crisismmd,text,0.40,nfmcd_rank16,3,1,7,0.594756906504283,0.5229244892159217,0.725399638498506,0.0,0.42625,0.0,0.24670144074436287,0.32269100852105403,0.57375,0.0,0.42625,0.0,0.0,,0.2
crisismmd,text,0.40,nfmcd_rank16,3,0,7,0.5951187989450091,0.5235499514879748,0.7258267888307797,0.0,0.42625,0.0,0.24641041334605468,0.3224872893422382,0.57375,0.0,0.42625,0.0,0.0,,0.26
crisismmd,text,0.40,kmeans_content,3,1,7,0.13317232961979442,0.06511564295366963,0.3996331743720218,0.0,0.42625,0.0,nan,nan,nan,nan,nan,nan,nan,,0.24
crisismmd,text,0.40,kmeans_content,3,0,7,0.11820457987880317,0.05125991739463292,0.36684019927851563,0.0,0.42625,0.0,nan,nan,nan,nan,nan,nan,nan,,0.31
crisismmd,text,0.40,nfmcd_all_changes,4,0,7,0.6876686083381962,0.46462289164303333,0.7329212092449143,0.0,0.36875,0.0,0.313125,0.29090625,0.63125,0.0,0.36875,0.0,0.0,,0.19
crisismmd,text,0.40,nfmcd_full,4,0,7,0.5860344907278281,0.524322617037902,0.6299578582522941,0.0,0.36875,0.0,0.4049103246472386,0.43343722725306705,0.63125,0.0,0.36875,0.0,0.0,,0.36
crisismmd,text,0.40,nfmcd_all_changes,4,1,7,0.6675080169882684,0.40466802366180255,0.6368038301052561,0.0,0.36875,0.0,0.313125,0.29090625,0.63125,0.0,0.36875,0.0,0.0,,0.19
crisismmd,text,0.40,nfmcd_full,4,1,7,0.5948087337727452,0.5248936703678274,0.6254322194474613,0.0,0.36875,0.0,0.40554111141152416,0.4338787779880669,0.63125,0.0,0.36875,0.0,0.0,,0.39
crisismmd,text,0.40,spectral_graph+content,4,0,7,0.5993747438030209,0.4223544441562809,0.8065466752149104,0.0,0.36875,0.0,nan,nan,nan,nan,nan,nan,nan,,0.11
crisismmd,text,0.40,spectral_graph+content,4,1,7,0.5993747438030209,0.4223544441562809,0.8065466752149104,0.0,0.36875,0.0,nan,nan,nan,nan,nan,nan,nan,,0.09
crisismmd,text,0.40,nfmcd_rank16,4,1,7,0.6336365010118805,0.5237916434977172,0.7342021389819376,0.0,0.36875,0.0,0.27130693742181683,0.33991485619527184,0.63125,0.0,0.36875,0.0,0.0,,0.2
crisismmd,text,0.40,nfmcd_rank16,4,0,7,0.6512980385427771,0.46769842978847115,0.6858783801770046,0.0,0.36875,0.0,0.2724137078942352,0.3406895955259646,0.63125,0.0,0.36875,0.0,0.0,,0.23
crisismmd,text,0.60,nfmcd_full,0,0,7,0.5820759009197827,0.5200985711805979,0.7182218071134482,0.0,0.60875,0.0,0.2467910617162042,0.3227537432013429,0.39125,0.0,0.60875,0.0,0.0,,0.22
crisismmd,text,0.60,nfmcd_full,0,1,7,0.5821962399194606,0.5198659996240532,0.7207182797043156,0.0,0.60875,0.0,0.2476930033017697,0.3233851023112388,0.39125,0.0,0.60875,0.0,0.0,,0.2
crisismmd,text,0.40,kmeans_content,4,0,7,0.17817591405270972,0.05656011397386889,0.41889706901977863,0.0,0.36875,0.0,nan,nan,nan,nan,nan,nan,nan,,0.3
crisismmd,text,0.40,kmeans_content,4,1,7,0.18052861265780018,0.05612925623415399,0.41964828375144225,0.0,0.36875,0.0,nan,nan,nan,nan,nan,nan,nan,,0.33
crisismmd,text,0.60,nfmcd_all_changes,0,0,7,0.6515135047043146,0.469907880494116,0.7262070712611968,0.0,0.60875,0.0,0.188125,0.23465624999999996,0.39125,0.0,0.60875,0.0,0.0,,0.14
crisismmd,text,0.60,nfmcd_rank16,0,0,7,0.6037157457506397,0.5131622991758834,0.7728946571153178,0.0,0.60875,0.0,0.16221303157855743,0.26354912210499015,0.39125,0.0,0.60875,0.0,0.0,,0.16
crisismmd,text,0.60,nfmcd_all_changes,0,1,7,0.6458754278931345,0.4636809956656511,0.7217239994761039,0.0,0.60875,0.0,0.188125,0.23465624999999996,0.39125,0.0,0.60875,0.0,0.0,,0.19
crisismmd,text,0.60,nfmcd_rank16,0,1,7,0.605436438801528,0.5125997596635071,0.7738537928701579,0.0,0.60875,0.0,0.16151716372356137,0.2630620146064929,0.39125,0.0,0.60875,0.0,0.0,,0.19
crisismmd,text,0.60,spectral_graph+content,0,0,7,0.4572906686050353,0.34474091449110733,0.6904921375959102,0.0,0.60875,0.0,nan,nan,nan,nan,nan,nan,nan,,0.12
crisismmd,text,0.60,spectral_graph+content,0,1,7,0.4572906686050353,0.34474091449110733,0.6904921375959102,0.0,0.60875,0.0,nan,nan,nan,nan,nan,nan,nan,,0.11
crisismmd,text,0.60,kmeans_content,0,0,7,0.029241917017029273,0.026304830397014565,0.2540201401603146,0.0,0.60875,0.0,nan,nan,nan,nan,nan,nan,nan,,0.27
crisismmd,text,0.60,nfmcd_full,1,0,7,0.5934370055939218,0.5250430282481772,0.7184400089670947,0.0,0.61625,0.0,0.24432643718093314,0.3210285060266531,0.38375,0.0,0.61625,0.0,0.0,,0.19
crisismmd,text,0.60,nfmcd_full,1,1,7,0.5964521698935179,0.5244956755454836,0.7212065562269342,0.0,0.61625,0.0,0.2455983652502978,0.3219188556752085,0.38375,0.0,0.61625,0.0,0.0,,0.2
crisismmd,text,0.60,kmeans_content,0,1,7,0.031832681374547867,0.033953648267044854,0.2682467860701322,0.0,0.60875,0.0,nan,nan,nan,nan,nan,nan,nan,,0.27
crisismmd,text,0.60,nfmcd_all_changes,1,1,7,0.6540524361008395,0.4717998306524291,0.7243458187982067,0.0,0.61625,0.0,0.18875,0.2349375,0.38375,0.0,0.61625,0.0,0.0,,0.14
crisismmd,text,0.60,nfmcd_all_changes,1,0,7,0.6537294847834544,0.47304736640429185,0.7261096381261314,0.0,0.61625,0.0,0.18875,0.23493749999999994,0.38375,0.0,0.61625,0.0,0.0,,0.19
crisismmd,text,0.60,nfmcd_rank16,1,0,7,0.5999796450254233,0.5124003020459812,0.7708824904255968,0.0,0.61625,0.0,0.16148276814478602,0.2630379377013502,0.38375,0.0,0.61625,0.0,0.0,,0.19
crisismmd,text,0.60,nfmcd_rank16,1,1,7,0.5999796450254233,0.5127644507828341,0.7685212153370491,0.0,0.61625,0.0,0.16156314835483399,0.2630942038483838,0.38375,0.0,0.61625,0.0,0.0,,0.17
crisismmd,text,0.60,spectral_graph+content,1,0,7,0.43385733255176695,0.2805223810691857,0.6737048519065992,0.0,0.61625,0.0,nan,nan,nan,nan,nan,nan,nan,,0.11
crisismmd,text,0.60,spectral_graph+content,1,1,7,0.4346327435807631,0.2813927567954593,0.6738398424034562,0.0,0.61625,0.0,nan,nan,nan,nan,nan,nan,nan,,0.12
crisismmd,text,0.60,nfmcd_full,2,0,7,0.6017176647607383,0.5159700390602235,0.7156356328249966,0.0,0.62375,0.0,0.23999381474335593,0.31799567032034914,0.37625,0.0,0.62375,0.0,0.0,,0.17
crisismmd,text,0.60,nfmcd_full,2,1,7,0.6029652274026752,0.5155121755749159,0.7159445850171212,0.0,0.62375,0.0,0.2413515342368985,0.3189460739658289,0.37625,0.0,0.62375,0.0,0.0,,0.2
crisismmd,text,0.60,kmeans_content,1,0,7,0.06665395562967502,0.02247091401709482,0.27900022318807005,0.0,0.61625,0.0,nan,nan,nan,nan,nan,nan,nan,,0.31
crisismmd,text,0.60,kmeans_content,1,1,7,0.0,0.025882925762732406,0.24922373511612772,0.0,0.61625,0.0,nan,nan,nan,nan,nan,nan,nan,,0.31
crisismmd,text,0.60,nfmcd_all_changes,2,0,7,0.6438661743508158,0.47103005185144986,0.7238414829415069,0.0,0.62375,0.0,0.18,0.23099999999999998,0.37625,0.0,0.62375,0.0,0.0,,0.14
crisismmd,text,0.60,spectral_graph+content,2,0,7,0.3092298197747112,0.29466747183254716,0.5063401748254426,0.0,0.62375,0.0,nan,nan,nan,nan,nan,nan,nan,,0.11
crisismmd,text,0.60,nfmcd_all_changes,2,1,7,0.5555065520038526,0.5129032029985707,0.7658340407729082,0.0,0.62375,0.0,0.18,0.23099999999999996,0.37625,0.0,0.62375,0.0,0.0,,0.17
crisismmd,text,0.60,nfmcd_rank16,2,0,7,0.5908355289543206,0.5115204502525089,0.7628553217157581,0.0,0.62375,0.0,0.1563822534396934,0.2594675774077853,0.37625,0.0,0.62375,0.0,0.0,,0.14
crisismmd,text,0.60,nfmcd_rank16,2,1,7,0.5908355289543206,0.5111537285437677,0.7632487127464428,0.0,0.62375,0.0,0.15574618520570402,0.2590223296439928,0.37625,0.0,0.62375,0.0,0.0,,0.14
crisismmd,text,0.60,spectral_graph+content,2,1,7,0.3115604106549491,0.2964532607523763,0.5068344075882341,0.0,0.62375,0.0,nan,nan,nan,nan,nan,nan,nan,,0.12
crisismmd,text,0.60,nfmcd_full,3,0,7,0.5888479886884428,0.519718398895237,0.7195959899270706,0.0,0.60875,0.0,0.24971410865078297,0.32479987605554805,0.39125,0.0,0.60875,0.0,0.0,,0.19
crisismmd,text,0.60,kmeans_content,2,0,7,0.061029289182299884,0.017038805562020524,0.32145320840112185,0.0,0.62375,0.0,nan,nan,nan,nan,nan,nan,nan,,0.24
crisismmd,text,0.60,kmeans_content,2,1,7,0.061029289182299884,0.02103032169972112,0.3002881770754678,0.0,0.62375,0.0,nan,nan,nan,nan,nan,nan,nan,,0.27
crisismmd,text,0.60,nfmcd_full,3,1,7,0.5867103962529951,0.5208429967951648,0.7194634669162454,0.0,0.60875,0.0,0.2505118965786164,0.32535832760503147,0.39125,0.0,0.60875,0.0,0.0,,0.22
crisismmd,text,0.60,nfmcd_all_changes,3,0,7,0.640025342970114,0.4719031051419651,0.7211348261420676,0.0,0.60875,0.0,0.190625,0.23578124999999994,0.39125,0.0,0.60875,0.0,0.0,,0.17
crisismmd,text,0.60,nfmcd_all_changes,3,1,7,0.6400833234020264,0.46841187514802435,0.7220161261955372,0.0,0.60875,0.0,0.190625,0.23578124999999994,0.39125,0.0,0.60875,0.0,0.0,,0.16
crisismmd,text,0.60,nfmcd_rank16,3,0,7,0.6514892543480393,0.4634223596946924,0.7254681430963104,0.0,0.60875,0.0,0.15494166017787214,0.2584591621245104,0.39125,0.0,0.60875,0.0,0.0,,0.16
crisismmd,text,0.60,nfmcd_rank16,3,1,7,0.6517689047569508,0.4657311731358641,0.7262992103303197,0.0,0.60875,0.0,0.15559171215150072,0.25891419850605046,0.39125,0.0,0.60875,0.0,0.0,,0.14
crisismmd,text,0.60,spectral_graph+content,3,0,7,0.46427696398588925,0.34395691113009486,0.7134259360280518,0.0,0.60875,0.0,nan,nan,nan,nan,nan,nan,nan,,0.09
crisismmd,text,0.60,spectral_graph+content,3,1,7,0.4654632004877317,0.34770267707474933,0.7143188321688791,0.0,0.60875,0.0,nan,nan,nan,nan,nan,nan,nan,,0.09
crisismmd,text,0.60,kmeans_content,3,0,7,0.0431618149849029,0.01900472343250682,0.2579354976541063,0.0,0.60875,0.0,nan,nan,nan,nan,nan,nan,nan,,0.27
crisismmd,text,0.60,nfmcd_full,4,0,7,0.6034434486824252,0.5197936217156485,0.7178180051422929,0.0,0.59125,0.0,0.25724016897753366,0.3300681182842735,0.40875,0.0,0.59125,0.0,0.0,,0.24
crisismmd,text,0.60,nfmcd_full,4,1,7,0.6031207319188467,0.5173268110657538,0.7174042893759117,0.0,0.59125,0.0,0.25816671565823396,0.3307167009607637,0.40875,0.0,0.59125,0.0,0.0,,0.22
crisismmd,text,0.60,kmeans_content,3,1,7,0.0,0.014535805957923486,0.2367103739451936,0.0,0.60875,0.0,nan,nan,nan,nan,nan,nan,nan,,0.25
crisismmd,text,0.60,nfmcd_rank16,4,0,7,0.647172187529627,0.4683531779194163,0.7255524675146086,0.0,0.59125,0.0,0.16967951458610547,0.26877566021027377,0.40875,0.0,0.59125,0.0,0.0,,0.16
crisismmd,text,0.60,nfmcd_all_changes,4,0,7,0.6589299331524872,0.4617786699459019,0.7257778299764361,0.0,0.59125,0.0,0.1975,0.23887499999999995,0.40875,0.0,0.59125,0.0,0.0,,0.17
crisismmd,text,0.60,nfmcd_rank16,4,1,7,0.6467758628687759,0.4675078206840248,0.7257234915072696,0.0,0.59125,0.0,0.16926660449054254,0.26848662314337973,0.40875,0.0,0.59125,0.0,0.0,,0.16
crisismmd,text,0.60,nfmcd_all_changes,4,1,7,0.6589299331524872,0.4612395172836981,0.7257778299764361,0.0,0.59125,0.0,0.1975,0.23887499999999995,0.40875,0.0,0.59125,0.0,0.0,,0.2
crisismmd,text,0.60,spectral_graph+content,4,1,7,0.49738887262379683,0.3593212977099588,0.7224424654246234,0.0,0.59125,0.0,nan,nan,nan,nan,nan,nan,nan,,0.11
crisismmd,text,0.60,spectral_graph+content,4,0,7,0.496329130511202,0.3566858214313162,0.7205829774499584,0.0,0.59125,0.0,nan,nan,nan,nan,nan,nan,nan,,0.11
crisismmd,text,0.80,nfmcd_full,0,1,7,0.5492815182237439,0.5145280870422584,0.7583314036986835,0.0,0.8075,0.0,0.1156278581136123,0.23093950067952856,0.1925,0.0,0.8075,0.0,0.0,,0.12
crisismmd,text,0.60,kmeans_content,4,0,7,0.055475512318079234,0.02758510355542459,0.31597604262249274,0.0,0.59125,0.0,nan,nan,nan,nan,nan,nan,nan,,0.25
crisismmd,text,0.80,nfmcd_full,0,0,7,0.549281518223744,0.5147186543097635,0.7588191459654015,0.0,0.8075,0.0,0.1173932954379563,0.23217530680656936,0.1925,0.0,0.8075,0.0,0.0,,0.17
crisismmd,text,0.60,kmeans_content,4,1,7,0.0,0.03646049686973913,0.27000337957978054,0.0,0.59125,0.0,nan,nan,nan,nan,nan,nan,nan,,0.27
crisismmd,text,0.80,nfmcd_all_changes,0,0,7,0.621185778781729,0.4746761203650474,0.7075158302848351,0.0,0.8075,0.0,0.08625,0.18881249999999997,0.1925,0.0,0.8075,0.0,0.0,,0.11
crisismmd,text,0.80,nfmcd_rank16,0,0,7,0.6300108631815764,0.4679770847358296,0.7143195891219639,0.0,0.8075,0.0,0.059151467994802046,0.19140602759636138,0.1925,0.0,0.8075,0.0,0.0,,0.08
crisismmd,text,0.80,nfmcd_all_changes,0,1,7,0.5476881612777499,0.5149470212537101,0.7547157420590782,0.0,0.8075,0.0,0.08625,0.18881249999999997,0.1925,0.0,0.8075,0.0,0.0,,0.09
crisismmd,text,0.80,nfmcd_rank16,0,1,7,0.6300108631815764,0.4679770847358296,0.7143195891219639,0.0,0.8075,0.0,0.058715055194025,0.19110053863581747,0.1925,0.0,0.8075,0.0,0.0,,0.11
crisismmd,text,0.80,spectral_graph+content,0,0,7,0.3651398555594314,0.2251350402331221,0.6075813772822475,0.0,0.8075,0.0,nan,nan,nan,nan,nan,nan,nan,,0.12
crisismmd,text,0.80,spectral_graph+content,0,1,7,0.3651398555594314,0.2251350402331221,0.6075813772822475,0.0,0.8075,0.0,nan,nan,nan,nan,nan,nan,nan,,0.11
crisismmd,text,0.80,nfmcd_full,1,0,7,0.5975393041377465,0.5083768852405589,0.7659025069672941,0.0,0.78875,0.0,0.1322568397016974,0.24257978779118816,0.21125,0.0,0.78875,0.0,0.0,,0.12
crisismmd,text,0.80,nfmcd_full,1,1,7,0.5984188556766642,0.5077996818802659,0.7648917895365228,0.0,0.78875,0.0,0.13383076721401974,0.24368153704981382,0.21125,0.0,0.78875,0.0,0.0,,0.12
crisismmd,text,0.80,kmeans_content,0,0,7,0.0,0.019751052627901687,0.2233701494286187,0.0,0.8075,0.0,nan,nan,nan,nan,nan,nan,nan,,0.27
crisismmd,text,0.80,nfmcd_all_changes,1,1,7,0.5465752001428976,0.5137543755687993,0.7566447221945279,0.0,0.78875,0.0,0.09375,0.19218749999999996,0.21125,0.0,0.78875,0.0,0.0,,0.09
crisismmd,text,0.80,nfmcd_all_changes,1,0,7,0.6063759649027883,0.4793600587993107,0.7106243459559198,0.0,0.78875,0.0,0.09375,0.1921875,0.21125,0.0,0.78875,0.0,0.0,,0.09
crisismmd,text,0.80,kmeans_content,0,1,7,0.0,0.016100382050764018,0.22922382388076956,0.0,0.8075,0.0,nan,nan,nan,nan,nan,nan,nan,,0.28
crisismmd,text,0.80,nfmcd_rank16,1,0,7,0.6187145311227458,0.4758703140167852,0.7159041839528938,0.0,0.78875,0.0,0.07337064262616912,0.20135944983831833,0.21125,0.0,0.78875,0.0,0.0,,0.09
crisismmd,text,0.80,nfmcd_rank16,1,1,7,0.5544276213697883,0.5124920922951374,0.7626600995999081,0.0,0.78875,0.0,0.07365126814029864,0.201555887698209,0.21125,0.0,0.78875,0.0,0.0,,0.11
crisismmd,text,0.80,spectral_graph+content,1,0,7,0.22493515946928966,0.24420724665190463,0.4609387982493284,0.0,0.78875,0.0,nan,nan,nan,nan,nan,nan,nan,,0.12
crisismmd,text,0.80,spectral_graph+content,1,1,7,0.22493515946928966,0.24420724665190463,0.4609387982493284,0.0,0.78875,0.0,nan,nan,nan,nan,nan,nan,nan,,0.14
crisismmd,text,0.80,nfmcd_full,2,0,7,0.5418342872307583,0.5133128494090595,0.7603272929209977,0.0,0.82,0.0,0.11028166044214899,0.22719716230950426,0.18,0.0,0.82,0.0,0.0,,0.11
crisismmd,text,0.80,nfmcd_full,2,1,7,0.5418342872307583,0.5131133290361216,0.758907139843872,0.0,0.82,0.0,0.1080331123449683,0.2256231786414778,0.18,0.0,0.82,0.0,0.0,,0.11
crisismmd,text,0.80,kmeans_content,1,0,7,0.0,0.013913544211878001,0.19072045392580175,0.0,0.78875,0.0,nan,nan,nan,nan,nan,nan,nan,,0.25
crisismmd,text,0.80,nfmcd_all_changes,2,0,7,0.636630967655915,0.4744931046654423,0.7223609513845481,0.0,0.82,0.0,0.07500000000000001,0.18374999999999997,0.18,0.0,0.82,0.0,0.0,,0.11
crisismmd,text,0.80,kmeans_content,1,1,7,0.0,0.017447761662978248,0.2224174816854149,0.0,0.78875,0.0,nan,nan,nan,nan,nan,nan,nan,,0.23
crisismmd,text,0.80,nfmcd_rank16,2,0,7,0.5778305393773117,0.5078234452629098,0.7319058805334723,0.0,0.82,0.0,0.061787247290246386,0.19325107310317244,0.18,0.0,0.82,0.0,0.0,,0.08
crisismmd,text,0.80,nfmcd_all_changes,2,1,7,0.6100818832626024,0.48411836239668943,0.7168663030242753,0.0,0.82,0.0,0.075,0.18374999999999997,0.18,0.0,0.82,0.0,0.0,,0.12
crisismmd,text,0.80,nfmcd_rank16,2,1,7,0.5418188629108203,0.5151495538864197,0.7539301393089103,0.0,0.82,0.0,0.061926282005363854,0.19334839740375465,0.18,0.0,0.82,0.0,0.0,,0.08
crisismmd,text,0.80,spectral_graph+content,2,0,7,0.27669518875013954,0.23292675217607528,0.5219357014365643,0.0,0.82,0.0,nan,nan,nan,nan,nan,nan,nan,,0.12
crisismmd,text,0.80,spectral_graph+content,2,1,7,0.27697944968129784,0.2328383088822211,0.5220086500784031,0.0,0.82,0.0,nan,nan,nan,nan,nan,nan,nan,,0.12
crisismmd,text,0.80,nfmcd_full,3,0,7,0.5526845740416068,0.5133601879081114,0.7605628455311348,0.0,0.8025,0.0,0.12043742622490694,0.23430619835743477,0.1975,0.0,0.8025,0.0,0.0,,0.11
crisismmd,text,0.80,nfmcd_full,3,1,7,0.5513215332548127,0.5133601879081114,0.7584741711109656,0.0,0.8025,0.0,0.11993885105074144,0.23395719573551899,0.1975,0.0,0.8025,0.0,0.0,,0.09
crisismmd,text,0.80,kmeans_content,2,0,7,0.0,0.006184671354719064,0.21863303734593506,0.0,0.82,0.0,nan,nan,nan,nan,nan,nan,nan,,0.27
crisismmd,text,0.80,kmeans_content,2,1,7,0.0,0.008892169927765585,0.21195914683287262,0.0,0.82,0.0,nan,nan,nan,nan,nan,nan,nan,,0.25
crisismmd,text,0.80,nfmcd_all_changes,3,1,7,0.6156197661314521,0.47854509610175516,0.7146975819461424,0.0,0.8025,0.0,0.091875,0.19134374999999995,0.1975,0.0,0.8025,0.0,0.0,,0.09
crisismmd,text,0.80,nfmcd_all_changes,3,0,7,0.6141491174270747,0.4792816354528918,0.713301057088,0.0,0.8025,0.0,0.091875,0.19134374999999998,0.1975,0.0,0.8025,0.0,0.0,,0.11
crisismmd,text,0.80,nfmcd_rank16,3,0,7,0.624362914850167,0.4836101063156168,0.7250505118529088,0.0,0.8025,0.0,0.06220690896653208,0.19354483627657237,0.1975,0.0,0.8025,0.0,0.0,,0.11
crisismmd,text,0.80,nfmcd_rank16,3,1,7,0.6272227573151197,0.47462282010186374,0.7149537962932044,0.0,0.8025,0.0,0.06234485706673521,0.19364139994671462,0.1975,0.0,0.8025,0.0,0.0,,0.09
crisismmd,text,0.80,spectral_graph+content,3,0,7,0.24026046384796573,0.1817122069442545,0.48900853223516766,0.0,0.8025,0.0,nan,nan,nan,nan,nan,nan,nan,,0.11
crisismmd,text,0.80,spectral_graph+content,3,1,7,0.2381338057212521,0.17945338864790578,0.4860655293204607,0.0,0.8025,0.0,nan,nan,nan,nan,nan,nan,nan,,0.11
crisismmd,text,0.80,nfmcd_full,4,0,7,0.5945403483580907,0.5157836136499045,0.7491909337935131,0.0,0.77875,0.0,0.13776625777909832,0.24643638044536878,0.22125,0.0,0.77875,0.0,0.0,,0.16
crisismmd,text,0.80,nfmcd_full,4,1,7,0.5495732851937819,0.5121025066979897,0.7508540214386691,0.0,0.77875,0.0,0.1352048142226304,0.24464336995584124,0.22125,0.0,0.77875,0.0,0.0,,0.16
crisismmd,text,0.80,kmeans_content,3,0,7,0.07008175443981468,0.036092436378877164,0.2993147200598297,0.0,0.8025,0.0,nan,nan,nan,nan,nan,nan,nan,,0.23
crisismmd,text,0.80,nfmcd_all_changes,4,0,7,0.6315490144729093,0.4805664060824888,0.7232044173924049,0.0,0.77875,0.0,0.10125,0.19556249999999997,0.22125,0.0,0.77875,0.0,0.0,,0.09
crisismmd,text,0.80,kmeans_content,3,1,7,0.0,0.028514009162541154,0.22418470465226223,0.0,0.8025,0.0,nan,nan,nan,nan,nan,nan,nan,,0.27
crisismmd,text,0.80,nfmcd_all_changes,4,1,7,0.6427489747706898,0.46902056080662624,0.7196575353808451,0.0,0.77875,0.0,0.10125,0.19556249999999997,0.22125,0.0,0.77875,0.0,0.0,,0.09
crisismmd,text,0.80,nfmcd_rank16,4,0,7,0.622941131241845,0.47907732475017806,0.716378259037639,0.0,0.77875,0.0,0.07526814953283616,0.20268770467298527,0.22125,0.0,0.77875,0.0,0.0,,0.11
crisismmd,text,0.80,nfmcd_rank16,4,1,7,0.5518668264902784,0.5148402742980482,0.756809856536114,0.0,0.77875,0.0,0.0749985740837286,0.20249900185861003,0.22125,0.0,0.77875,0.0,0.0,,0.09
crisismmd,text,0.80,spectral_graph+content,4,0,7,0.37080057294377133,0.24773295028545553,0.6330805098065466,0.0,0.77875,0.0,nan,nan,nan,nan,nan,nan,nan,,0.12
crisismmd,text,0.80,spectral_graph+content,4,1,7,0.36448913271635086,0.24909806876077012,0.6286764299946181,0.0,0.77875,0.0,nan,nan,nan,nan,nan,nan,nan,,0.12
crisismmd,text,0.80,kmeans_content,4,1,7,0.0,0.018691490253185027,0.2439200038907341,0.0,0.77875,0.0,nan,nan,nan,nan,nan,nan,nan,,0.23
crisismmd,text,0.80,kmeans_content,4,0,7,0.0,0.02150385311953596,0.21693734281938956,0.0,0.77875,0.0,nan,nan,nan,nan,nan,nan,nan,,0.28
crisismmd,both,0.10,nfmcd_all_changes,0,0,7,0.686131503201513,0.4470084725244883,0.7112524653781805,0.0125,0.10125,0.08875,0.41,0.3345,0.8225,0.07625,0.08875,0.0125,0.0,,0.27
crisismmd,both,0.10,nfmcd_full,0,0,7,0.5254924375636263,0.5170399560779055,0.6273233176420768,0.0125,0.10125,0.08875,0.5267900638795351,0.5187530447156746,0.8225,0.07625,0.08875,0.0125,0.0,,0.53
crisismmd,both,0.10,nfmcd_all_changes,0,1,7,0.6861932856707388,0.4628041770504212,0.7135697498614426,0.0125,0.10125,0.08875,0.41,0.3345,0.8225,0.07625,0.08875,0.0125,0.0,,0.34
crisismmd,both,0.10,nfmcd_full,0,1,7,0.6356721432928706,0.511165421968854,0.7581988429845341,0.0125,0.10125,0.08875,0.5315464724390131,0.5220825307073091,0.8225,0.07625,0.08875,0.0125,0.0,,0.66
crisismmd,both,0.10,spectral_graph+content,0,0,7,0.8538623657863423,0.5130371439660608,0.9455040437865471,0.0125,0.10125,0.08875,nan,nan,nan,nan,nan,nan,nan,,0.11
crisismmd,both,0.10,nfmcd_rank16,0,0,7,0.7183045980511078,0.41194275652142737,0.635339570081202,0.0125,0.10125,0.08875,0.36656845233346824,0.4065979166334277,0.8225,0.07625,0.08875,0.0125,0.0,,0.27
crisismmd,both,0.10,nfmcd_rank16,0,1,7,0.6748641941265908,0.4690401614136134,0.6924677233363391,0.0125,0.10125,0.08875,0.3637180049675523,0.4046026034772865,0.8225,0.07625,0.08875,0.0125,0.0,,0.22
crisismmd,both,0.10,spectral_graph+content,0,1,7,0.8538623657863423,0.5130371439660608,0.9455040437865471,0.0125,0.10125,0.08875,nan,nan,nan,nan,nan,nan,nan,,0.11
crisismmd,both,0.10,kmeans_content,0,0,7,0.23735839390904157,0.08951233229609794,0.44116228818166336,0.0125,0.10125,0.08875,nan,nan,nan,nan,nan,nan,nan,,0.28
crisismmd,both,0.10,kmeans_content,0,1,7,0.23333033665315162,0.08543109683783426,0.4444251289070524,0.0125,0.10125,0.08875,nan,nan,nan,nan,nan,nan,nan,,0.28
crisismmd,both,0.10,nfmcd_all_changes,1,0,7,0.7345333568560188,0.37925948697618106,0.6365761705542244,0.005,0.07625,0.11,0.408125,0.33365624999999993,0.81875,0.105,0.07125,0.005,0.0,,0.27
crisismmd,both,0.10,nfmcd_all_changes,1,1,7,0.7019316468810236,0.44680882664072663,0.7247821062124079,0.005,0.07625,0.11,0.408125,0.33365624999999993,0.81875,0.105,0.07125,0.005,0.0,,0.27
crisismmd,both,0.10,nfmcd_full,1,0,7,0.5267583766683757,0.5140657679227051,0.6491654652267265,0.005,0.07625,0.11,0.5282121248137317,0.5197484873696122,0.81875,0.105,0.07125,0.005,0.0,,0.61
crisismmd,both,0.10,nfmcd_full,1,1,7,0.48891097450333576,0.5114195186316843,0.6251809209461434,0.005,0.07625,0.11,0.5258722708430877,0.5181105895901614,0.81875,0.105,0.07125,0.005,0.0,,0.62
crisismmd,both,0.10,spectral_graph+content,1,0,7,0.8550117792775168,0.5095688615344092,0.9470016470244869,0.005,0.07625,0.11,nan,nan,nan,nan,nan,nan,nan,,0.09
crisismmd,both,0.10,nfmcd_rank16,1,0,7,0.740965308818563,0.3926635618356895,0.6374418841117475,0.005,0.07625,0.11,0.36325539966847253,0.40427877976793075,0.81875,0.105,0.07125,0.005,0.0,,0.23
crisismmd,both,0.10,nfmcd_rank16,1,1,7,0.7007293218095374,0.4597587405842303,0.6961401128519707,0.005,0.07625,0.11,0.3643360196039588,0.4050352137227711,0.81875,0.105,0.07125,0.005,0.0,,0.22
crisismmd,both,0.10,spectral_graph+content,1,1,7,0.8550117792775168,0.5095688615344092,0.9470016470244869,0.005,0.07625,0.11,nan,nan,nan,nan,nan,nan,nan,,0.09
crisismmd,both,0.10,kmeans_content,1,0,7,0.2304615462612266,0.08681002150376944,0.469735756426099,0.005,0.07625,0.11,nan,nan,nan,nan,nan,nan,nan,,0.22
crisismmd,both,0.10,kmeans_content,1,1,7,0.2192200150971375,0.08504981587352958,0.46920505034180077,0.005,0.07625,0.11,nan,nan,nan,nan,nan,nan,nan,,0.3
crisismmd,both,0.10,nfmcd_all_changes,2,0,7,0.7202963711961992,0.39536534966625203,0.6356782577110838,0.0075,0.1125,0.10875,0.393125,0.32690624999999995,0.78625,0.10125,0.105,0.0075,0.0,,0.27
crisismmd,both,0.10,nfmcd_all_changes,2,1,7,0.6807360219800141,0.44961428641176726,0.7144711347096818,0.0075,0.1125,0.10875,0.393125,0.32690624999999995,0.78625,0.10125,0.105,0.0075,0.0,,0.27
crisismmd,both,0.10,nfmcd_full,2,0,7,0.5658109067383065,0.5244715356303682,0.6227799484010227,0.0075,0.1125,0.10875,0.5088693547570673,0.5062085483299471,0.78625,0.10125,0.105,0.0075,0.0,,0.58
crisismmd,both,0.10,nfmcd_full,2,1,7,0.5971256475664319,0.5204115742567427,0.6369809400910803,0.0075,0.1125,0.10875,0.5085834039498287,0.50600838276488,0.78625,0.10125,0.105,0.0075,0.0,,0.61
crisismmd,both,0.10,spectral_graph+content,2,0,7,0.855463957589026,0.5143245294044876,0.9481037272798566,0.0075,0.1125,0.10875,nan,nan,nan,nan,nan,nan,nan,,0.09
crisismmd,both,0.10,nfmcd_rank16,2,0,7,0.7243457682617396,0.3987769012055356,0.638188793209532,0.0075,0.1125,0.10875,0.3469212317821862,0.3928448622475303,0.78625,0.10125,0.105,0.0075,0.0,,0.25
crisismmd,both,0.10,spectral_graph+content,2,1,7,0.855463957589026,0.5143245294044876,0.9481037272798566,0.0075,0.1125,0.10875,nan,nan,nan,nan,nan,nan,nan,,0.12
crisismmd,both,0.10,nfmcd_rank16,2,1,7,0.6867361027280255,0.45345759518500317,0.6922659079759381,0.0075,0.1125,0.10875,0.3473644498060017,0.3931551148642011,0.78625,0.10125,0.105,0.0075,0.0,,0.3
crisismmd,both,0.10,kmeans_content,2,0,7,0.20849689810177996,0.09511463342827667,0.4645415893571859,0.0075,0.1125,0.10875,nan,nan,nan,nan,nan,nan,nan,,0.24
crisismmd,both,0.10,kmeans_content,2,1,7,0.2031895992311199,0.0869630401164807,0.42857150258416654,0.0075,0.1125,0.10875,nan,nan,nan,nan,nan,nan,nan,,0.27
crisismmd,both,0.10,nfmcd_all_changes,3,0,7,0.7110368745063866,0.3933644979498016,0.6356765342349916,0.0075,0.10375,0.09875,0.40125,0.3305624999999999,0.805,0.09125,0.09625,0.0075,0.0,,0.23
crisismmd,both,0.10,nfmcd_all_changes,3,1,7,0.6490453222744906,0.34639857777828353,0.5508917533590808,0.0075,0.10375,0.09875,0.40125,0.3305625,0.805,0.09125,0.09625,0.0075,0.0,,0.27
crisismmd,both,0.10,nfmcd_full,3,0,7,0.5495896432496504,0.5269003165006444,0.6067336152936871,0.0075,0.10375,0.09875,0.5271279293054973,0.5189895505138482,0.805,0.09125,0.09625,0.0075,0.0,,0.58
crisismmd,both,0.10,nfmcd_rank16,3,0,7,0.7250604981690636,0.3981084933132644,0.6461850796496865,0.0075,0.10375,0.09875,0.3620356950612926,0.4034249865429048,0.805,0.09125,0.09625,0.0075,0.0,,0.22
crisismmd,both,0.10,spectral_graph+content,3,0,7,0.8385001427287146,0.5114038088602357,0.9336474488351392,0.0075,0.10375,0.09875,nan,nan,nan,nan,nan,nan,nan,,0.09
crisismmd,both,0.10,spectral_graph+content,3,1,7,0.8385001427287146,0.5114038088602357,0.9336474488351392,0.0075,0.10375,0.09875,nan,nan,nan,nan,nan,nan,nan,,0.11
crisismmd,both,0.10,nfmcd_rank16,3,1,7,0.6472064579247162,0.5141557591833864,0.7424555162093187,0.0075,0.10375,0.09875,0.3606612190575555,0.4024628533402888,0.805,0.09125,0.09625,0.0075,0.0,,0.25
crisismmd,both,0.10,nfmcd_full,3,1,7,0.5500326107160274,0.5231724986037967,0.6122736510324617,0.0075,0.10375,0.09875,0.5299043847234176,0.5209330693063924,0.805,0.09125,0.09625,0.0075,0.0,,0.64
crisismmd,both,0.10,kmeans_content,3,0,7,0.237561127464068,0.09142953104847014,0.4392888921501431,0.0075,0.10375,0.09875,nan,nan,nan,nan,nan,nan,nan,,0.25
crisismmd,both,0.10,kmeans_content,3,1,7,0.21257900610654556,0.09738405738923847,0.45223209015180316,0.0075,0.10375,0.09875,nan,nan,nan,nan,nan,nan,nan,,0.28
crisismmd,both,0.10,nfmcd_all_changes,4,0,7,0.7018853523712905,0.4481796976954665,0.7256506435038911,0.01,0.095,0.085,0.413125,0.33590625,0.83,0.075,0.085,0.01,0.0,,0.28
crisismmd,both,0.10,nfmcd_all_changes,4,1,7,0.7005035687273449,0.45002851396732557,0.7252890513685202,0.01,0.095,0.085,0.413125,0.33590625,0.83,0.075,0.085,0.01,0.0,,0.23
crisismmd,both,0.10,nfmcd_full,4,1,7,0.5226433637936423,0.5208730775559411,0.6190686762030815,0.01,0.095,0.085,0.5390267796930588,0.5273187457851413,0.83,0.075,0.085,0.01,0.0,,0.59
crisismmd,both,0.10,spectral_graph+content,4,0,7,0.8288243700942947,0.5126007219131564,0.9359896919251246,0.01,0.095,0.085,nan,nan,nan,nan,nan,nan,nan,,0.11
crisismmd,both,0.10,nfmcd_full,4,0,7,0.4925696293963566,0.5147481075164206,0.6342233882405349,0.01,0.095,0.085,0.5372033612934409,0.5260423529054086,0.83,0.075,0.085,0.01,0.0,,0.7
crisismmd,both,0.10,nfmcd_rank16,4,0,7,0.6889217662431448,0.46432758559304765,0.6926184321503969,0.01,0.095,0.085,0.3705814148939728,0.40940699042578105,0.83,0.075,0.085,0.01,0.0,,0.28
crisismmd,both,0.10,nfmcd_rank16,4,1,7,0.69604874513439,0.457136505697501,0.6933902796396891,0.01,0.095,0.085,0.3733261574052966,0.41132831018370763,0.83,0.075,0.085,0.01,0.0,,0.25
crisismmd,both,0.10,spectral_graph+content,4,1,7,0.8288243700942947,0.5126007219131564,0.9359896919251246,0.01,0.095,0.085,nan,nan,nan,nan,nan,nan,nan,,0.16
crisismmd,both,0.10,kmeans_content,4,0,7,0.289668724505747,0.14064232506960306,0.5256211506974109,0.01,0.095,0.085,nan,nan,nan,nan,nan,nan,nan,,0.31
crisismmd,both,0.10,kmeans_content,4,1,7,0.22843529375495286,0.0831576356120395,0.4665641127966848,0.01,0.095,0.085,nan,nan,nan,nan,nan,nan,nan,,0.33
crisismmd,both,0.20,nfmcd_full,0,0,7,0.5938614517632103,0.5190712232506625,0.6255901740272406,0.0475,0.21875,0.185,0.408217012845951,0.43575190899216565,0.64375,0.1375,0.17125,0.0475,0.0,,0.42
crisismmd,both,0.20,nfmcd_all_changes,0,0,7,0.6723281652977782,0.4550172972741852,0.7181224770230681,0.0475,0.21875,0.185,0.319375,0.29371875,0.64375,0.1375,0.17125,0.0475,0.0,,0.2
crisismmd,both,0.20,nfmcd_full,0,1,7,0.5796467486565052,0.5214973683936384,0.620446271876444,0.0475,0.21875,0.185,0.4106744564313972,0.437472119501978,0.64375,0.1375,0.17125,0.0475,0.0,,0.41
crisismmd,both,0.20,nfmcd_all_changes,0,1,7,0.6817368021730948,0.40960135210300286,0.632720106577953,0.0475,0.21875,0.185,0.319375,0.29371875,0.64375,0.1375,0.17125,0.0475,0.0,,0.2
crisismmd,both,0.20,spectral_graph+content,0,0,7,0.8345104219715181,0.5130144474254195,0.9362501148039174,0.0475,0.21875,0.185,nan,nan,nan,nan,nan,nan,nan,,0.11
crisismmd,both,0.20,nfmcd_rank16,0,0,7,0.6622709369192328,0.4510090045230335,0.6878228975910083,0.0475,0.21875,0.185,0.2770017903757504,0.34390125326302523,0.64375,0.1375,0.17125,0.0475,0.0,,0.19
crisismmd,both,0.20,spectral_graph+content,0,1,7,0.8345104219715181,0.5130144474254195,0.9362501148039174,0.0475,0.21875,0.185,nan,nan,nan,nan,nan,nan,nan,,0.09
crisismmd,both,0.20,nfmcd_rank16,0,1,7,0.6593635833461275,0.4658378782545845,0.6901514401950182,0.0475,0.21875,0.185,0.2757736710243555,0.34304156971704886,0.64375,0.1375,0.17125,0.0475,0.0,,0.17
crisismmd,both,0.20,kmeans_content,0,1,7,0.08745368260592623,0.0522279405418411,0.3338473724243713,0.0475,0.21875,0.185,nan,nan,nan,nan,nan,nan,nan,,0.25
crisismmd,both,0.20,kmeans_content,0,0,7,0.14784105608702802,0.07468946216561981,0.38495742175974357,0.0475,0.21875,0.185,nan,nan,nan,nan,nan,nan,nan,,0.34
crisismmd,both,0.20,nfmcd_full,1,1,7,0.5970990964876812,0.5263522107330079,0.6307169091849086,0.03625,0.18375,0.2025,0.4177246805533633,0.4424072763873543,0.65,0.16625,0.1475,0.03625,0.0,,0.42
crisismmd,both,0.20,nfmcd_all_changes,1,0,7,0.6930867468902395,0.3933197533411086,0.6346841861423014,0.03625,0.18375,0.2025,0.3225,0.29512499999999997,0.65,0.16625,0.1475,0.03625,0.0,,0.22
crisismmd,both,0.20,nfmcd_full,1,0,7,0.5976002210168605,0.5275356104538969,0.6281966988200587,0.03625,0.18375,0.2025,0.4173538480486572,0.44214769363406003,0.65,0.16625,0.1475,0.03625,0.0,,0.47
crisismmd,both,0.20,nfmcd_all_changes,1,1,7,0.6765780277388492,0.4526387834888503,0.7213345154906765,0.03625,0.18375,0.2025,0.3225,0.29512499999999997,0.65,0.16625,0.1475,0.03625,0.0,,0.22
crisismmd,both,0.20,spectral_graph+content,1,0,7,0.8307122996190812,0.5099571920233186,0.9346279633782625,0.03625,0.18375,0.2025,nan,nan,nan,nan,nan,nan,nan,,0.12
crisismmd,both,0.20,nfmcd_rank16,1,0,7,0.6602400235215656,0.4624339619570836,0.6851417020291046,0.03625,0.18375,0.2025,0.27854234026555535,0.3449796381858888,0.65,0.16625,0.1475,0.03625,0.0,,0.23
crisismmd,both,0.20,nfmcd_rank16,1,1,7,0.6617032257149189,0.4615791495729641,0.6871271098439323,0.03625,0.18375,0.2025,0.27866000561097753,0.34506200392768427,0.65,0.16625,0.1475,0.03625,0.0,,0.2
crisismmd,both,0.20,spectral_graph+content,1,1,7,0.8307122996190812,0.5099571920233186,0.9346279633782625,0.03625,0.18375,0.2025,nan,nan,nan,nan,nan,nan,nan,,0.12
crisismmd,both,0.20,kmeans_content,1,0,7,0.18226749263505349,0.07475077420305751,0.42931084443775935,0.03625,0.18375,0.2025,nan,nan,nan,nan,nan,nan,nan,,0.3
crisismmd,both,0.20,kmeans_content,1,1,7,0.19184080962246175,0.07156047732770386,0.43295787566372596,0.03625,0.18375,0.2025,nan,nan,nan,nan,nan,nan,nan,,0.25
crisismmd,both,0.20,nfmcd_full,2,0,7,0.5941169856911456,0.5219565706610668,0.6253482279199108,0.03875,0.205,0.20375,0.40575267045159835,0.43402686931611884,0.63,0.165,0.16625,0.03875,0.0,,0.39
crisismmd,both,0.20,nfmcd_full,2,1,7,0.5915776091997036,0.5211474442168189,0.6248485107588458,0.03875,0.205,0.20375,0.40796003061974434,0.43557202143382107,0.63,0.165,0.16625,0.03875,0.0,,0.39
crisismmd,both,0.20,nfmcd_all_changes,2,0,7,0.6682681145061561,0.4492983756682039,0.7263491975702279,0.03875,0.205,0.20375,0.314375,0.29146875,0.63,0.165,0.16625,0.03875,0.0,,0.2
crisismmd,both,0.20,nfmcd_all_changes,2,1,7,0.6632455069097667,0.45453376682540575,0.7232271983580024,0.03875,0.205,0.20375,0.314375,0.29146875,0.63,0.165,0.16625,0.03875,0.0,,0.22
crisismmd,both,0.20,spectral_graph+content,2,0,7,0.8538660056881531,0.5121698850919122,0.9478748698515116,0.03875,0.205,0.20375,nan,nan,nan,nan,nan,nan,nan,,0.11
crisismmd,both,0.20,spectral_graph+content,2,1,7,0.8538660056881531,0.5121698850919122,0.9478748698515116,0.03875,0.205,0.20375,nan,nan,nan,nan,nan,nan,nan,,0.11
crisismmd,both,0.20,nfmcd_rank16,2,0,7,0.6412340777171317,0.4597086199285835,0.6872990270584763,0.03875,0.205,0.20375,0.2719655478196215,0.3403758834737351,0.63,0.165,0.16625,0.03875,0.0,,0.23
crisismmd,both,0.20,nfmcd_rank16,2,1,7,0.6198033599381587,0.5228341423412396,0.7253050455666956,0.03875,0.205,0.20375,0.27246120644637645,0.3407228445124635,0.63,0.165,0.16625,0.03875,0.0,,0.24
crisismmd,both,0.20,kmeans_content,2,0,7,0.1872795194924266,0.061755550852153646,0.41096183332994773,0.03875,0.205,0.20375,nan,nan,nan,nan,nan,nan,nan,,0.27
crisismmd,both,0.20,kmeans_content,2,1,7,0.18909883809925243,0.0649368737036039,0.4222126228876523,0.03875,0.205,0.20375,nan,nan,nan,nan,nan,nan,nan,,0.33
crisismmd,both,0.20,nfmcd_full,3,0,7,0.5802432005137327,0.525015248519171,0.633733966503672,0.03625,0.2075,0.22,0.395284740870527,0.42669931860936894,0.60875,0.18375,0.17125,0.03625,0.0,,0.34
crisismmd,both,0.20,nfmcd_all_changes,3,0,7,0.6770105879227976,0.40501807334944584,0.6353229243030183,0.03625,0.2075,0.22,0.303125,0.28640625,0.60875,0.18375,0.17125,0.03625,0.0,,0.23
crisismmd,both,0.20,nfmcd_full,3,1,7,0.613408444490336,0.508899177615429,0.7304206327486737,0.03625,0.2075,0.22,0.39362478740079404,0.42553735118055586,0.60875,0.18375,0.17125,0.03625,0.0,,0.42
crisismmd,both,0.20,nfmcd_all_changes,3,1,7,0.6571329515192151,0.40223231877774546,0.6354758138672372,0.03625,0.2075,0.22,0.303125,0.28640625,0.60875,0.18375,0.17125,0.03625,0.0,,0.24
crisismmd,both,0.20,spectral_graph+content,3,0,7,0.8424458010316179,0.5168842599009528,0.9367423255842972,0.03625,0.2075,0.22,nan,nan,nan,nan,nan,nan,nan,,0.11
crisismmd,both,0.20,nfmcd_rank16,3,0,7,0.6228152046626365,0.5223869681944276,0.7276819472384821,0.03625,0.2075,0.22,0.2685565739093494,0.3379896017365445,0.60875,0.18375,0.17125,0.03625,0.0,,0.22
crisismmd,both,0.20,spectral_graph+content,3,1,7,0.8424458010316179,0.5168842599009528,0.9367423255842972,0.03625,0.2075,0.22,nan,nan,nan,nan,nan,nan,nan,,0.09
crisismmd,both,0.20,nfmcd_rank16,3,1,7,0.6253118654535956,0.5230967528216193,0.7281847782592435,0.03625,0.2075,0.22,0.2681728099352766,0.33772096695469367,0.60875,0.18375,0.17125,0.03625,0.0,,0.25
crisismmd,both,0.20,kmeans_content,3,0,7,0.08275987685663178,0.05829101282674598,0.3180364766897031,0.03625,0.2075,0.22,nan,nan,nan,nan,nan,nan,nan,,0.31
crisismmd,both,0.20,kmeans_content,3,1,7,0.11678608935032275,0.052678984605720916,0.3693167955066042,0.03625,0.2075,0.22,nan,nan,nan,nan,nan,nan,nan,,0.3
crisismmd,both,0.20,nfmcd_full,4,0,7,0.5917305394615184,0.5187998060941446,0.6256009327542028,0.03125,0.17875,0.18875,0.424979349296219,0.44748554450735334,0.66375,0.1575,0.1475,0.03125,0.0,,0.41
crisismmd,both,0.20,nfmcd_all_changes,4,0,7,0.6818301064596508,0.44581371407404324,0.7216784894544156,0.03125,0.17875,0.18875,0.328125,0.29765624999999996,0.66375,0.1575,0.1475,0.03125,0.0,,0.23
crisismmd,both,0.20,nfmcd_all_changes,4,1,7,0.674117582281808,0.4561674575452317,0.7321858539379569,0.03125,0.17875,0.18875,0.328125,0.29765624999999996,0.66375,0.1575,0.1475,0.03125,0.0,,0.23
crisismmd,both,0.20,nfmcd_full,4,1,7,0.5599796217799762,0.5128774314427456,0.6304756215607484,0.03125,0.17875,0.18875,0.4243087597041374,0.4470161317928962,0.66375,0.1575,0.1475,0.03125,0.0,,0.44
crisismmd,both,0.20,nfmcd_rank16,4,0,7,0.6632728790859047,0.4531111434743094,0.6842179908124782,0.03125,0.17875,0.18875,0.28996602764897955,0.35297621935428564,0.66375,0.1575,0.1475,0.03125,0.0,,0.2
crisismmd,both,0.20,spectral_graph+content,4,1,7,0.8402882138044112,0.510896598702695,0.9390081710028684,0.03125,0.17875,0.18875,nan,nan,nan,nan,nan,nan,nan,,0.12
crisismmd,both,0.20,spectral_graph+content,4,0,7,0.8402882138044112,0.510896598702695,0.9390081710028684,0.03125,0.17875,0.18875,nan,nan,nan,nan,nan,nan,nan,,0.14
crisismmd,both,0.20,nfmcd_rank16,4,1,7,0.6661005642228176,0.44718439686254735,0.6859277645441334,0.03125,0.17875,0.18875,0.29005989376227037,0.35304192563358927,0.66375,0.1575,0.1475,0.03125,0.0,,0.23
crisismmd,both,0.40,nfmcd_full,0,0,7,0.598121927702744,0.5202113217373325,0.7117655637946992,0.1675,0.41375,0.39875,0.22125086274992128,0.3048756039249449,0.355,0.23125,0.24625,0.1675,0.0,,0.2
crisismmd,both,0.20,kmeans_content,4,0,7,0.1860555312098804,0.060698958900267455,0.4136344500427333,0.03125,0.17875,0.18875,nan,nan,nan,nan,nan,nan,nan,,0.28
crisismmd,both,0.40,nfmcd_full,0,1,7,0.6027684017194841,0.5181419411110746,0.7145847241650477,0.1675,0.41375,0.39875,0.22046353129848115,0.30432447190893674,0.355,0.23125,0.24625,0.1675,0.0,,0.22
crisismmd,both,0.40,nfmcd_all_changes,0,0,7,0.5494803189754884,0.5149454732868829,0.7599437878626727,0.1675,0.41375,0.39875,0.171875,0.22734374999999993,0.355,0.23125,0.24625,0.1675,0.0,,0.12
crisismmd,both,0.20,kmeans_content,4,1,7,0.18854771462514175,0.05768050726119861,0.41097584376658236,0.03125,0.17875,0.18875,nan,nan,nan,nan,nan,nan,nan,,0.34
crisismmd,both,0.40,nfmcd_all_changes,0,1,7,0.6395218183089464,0.47275582567902086,0.7202145072745586,0.1675,0.41375,0.39875,0.171875,0.22734374999999996,0.355,0.23125,0.24625,0.1675,0.0,,0.17
crisismmd,both,0.40,spectral_graph+content,0,0,7,0.7498122959120173,0.5102146147229802,0.88305375334456,0.1675,0.41375,0.39875,nan,nan,nan,nan,nan,nan,nan,,0.11
crisismmd,both,0.40,nfmcd_rank16,0,1,7,0.6503877458829352,0.45832873301299903,0.716915133185729,0.1675,0.41375,0.39875,0.13693641935861742,0.24585549355103212,0.355,0.23125,0.24625,0.1675,0.0,,0.14
crisismmd,both,0.40,nfmcd_rank16,0,0,7,0.5530040917922989,0.5124533722059879,0.7678200257804617,0.1675,0.41375,0.39875,0.13685545100334987,0.24579881570234485,0.355,0.23125,0.24625,0.1675,0.0,,0.16
crisismmd,both,0.40,spectral_graph+content,0,1,7,0.7498122959120173,0.5102146147229802,0.88305375334456,0.1675,0.41375,0.39875,nan,nan,nan,nan,nan,nan,nan,,0.11
crisismmd,both,0.40,nfmcd_full,1,0,7,0.6041478267926941,0.523673621486382,0.7155898608341837,0.15625,0.41875,0.395,0.21814503370782368,0.30270152359547653,0.3425,0.23875,0.2625,0.15625,0.0,,0.19
crisismmd,both,0.40,kmeans_content,0,1,7,0.0,0.012493577506552592,0.2064551616922228,0.1675,0.41375,0.39875,nan,nan,nan,nan,nan,nan,nan,,0.22
crisismmd,both,0.40,kmeans_content,0,0,7,0.09447758742778722,0.023976813799797925,0.28379406160961795,0.1675,0.41375,0.39875,nan,nan,nan,nan,nan,nan,nan,,0.23
crisismmd,both,0.40,nfmcd_full,1,1,7,0.6058754714520878,0.5227041968016412,0.717252679752664,0.15625,0.41875,0.395,0.21988935591673775,0.3039225491417164,0.3425,0.23875,0.2625,0.15625,0.0,,0.2
crisismmd,both,0.40,nfmcd_all_changes,1,1,7,0.643224977010207,0.4701086559752921,0.7248742794453128,0.15625,0.41875,0.395,0.163125,0.22340624999999995,0.3425,0.23875,0.2625,0.15625,0.0,,0.11
crisismmd,both,0.40,nfmcd_all_changes,1,0,7,0.6592006892166177,0.4609600046790435,0.7267769942805795,0.15625,0.41875,0.395,0.163125,0.22340624999999995,0.3425,0.23875,0.2625,0.15625,0.0,,0.16
crisismmd,both,0.40,nfmcd_rank16,1,0,7,0.6557353898015797,0.4666854946848049,0.7291999535882271,0.15625,0.41875,0.395,0.14219136154663267,0.24953395308264284,0.3425,0.23875,0.2625,0.15625,0.0,,0.12
crisismmd,both,0.40,nfmcd_rank16,1,1,7,0.5550097321418467,0.5100924090175176,0.7622920387737159,0.15625,0.41875,0.395,0.14085396263151528,0.2485977738420606,0.3425,0.23875,0.2625,0.15625,0.0,,0.16
crisismmd,both,0.40,spectral_graph+content,1,0,7,0.7528331114401393,0.5086286599531484,0.8866793045680023,0.15625,0.41875,0.395,nan,nan,nan,nan,nan,nan,nan,,0.11
crisismmd,both,0.40,spectral_graph+content,1,1,7,0.7528331114401393,0.5086286599531484,0.8866793045680023,0.15625,0.41875,0.395,nan,nan,nan,nan,nan,nan,nan,,0.12
crisismmd,both,0.40,kmeans_content,1,0,7,0.05991442828948812,0.012240317582547733,0.23909169726045063,0.15625,0.41875,0.395,nan,nan,nan,nan,nan,nan,nan,,0.27
crisismmd,both,0.40,nfmcd_full,2,0,7,0.5982378007074198,0.5166496592527563,0.7125069460353817,0.17,0.41875,0.4125,0.2120887744177449,0.2984621420924214,0.33875,0.2425,0.24875,0.17,0.0,,0.22
crisismmd,both,0.40,nfmcd_full,2,1,7,0.6010293305591387,0.5178470115935603,0.7136308055235714,0.17,0.41875,0.4125,0.21309401552388074,0.2991658108667165,0.33875,0.2425,0.24875,0.17,0.0,,0.2
crisismmd,both,0.40,kmeans_content,1,1,7,0.12250728380182108,0.02992569215349421,0.3178178912591611,0.15625,0.41875,0.395,nan,nan,nan,nan,nan,nan,nan,,0.23
crisismmd,both,0.40,nfmcd_all_changes,2,0,7,0.6415744584642685,0.47280644837796293,0.7259643946974139,0.17,0.41875,0.4125,0.161875,0.22284374999999998,0.33875,0.2425,0.24875,0.17,0.0,,0.12
crisismmd,both,0.40,nfmcd_all_changes,2,1,7,0.6435432718470757,0.4623844270186146,0.7211563775297599,0.17,0.41875,0.4125,0.161875,0.22284374999999998,0.33875,0.2425,0.24875,0.17,0.0,,0.12
crisismmd,both,0.40,nfmcd_rank16,2,0,7,0.5511162479275467,0.5104216448268769,0.7679450377956855,0.17,0.41875,0.4125,0.1346884145279302,0.2442818901695511,0.33875,0.2425,0.24875,0.17,0.0,,0.14
crisismmd,both,0.40,nfmcd_rank16,2,1,7,0.5511162479275467,0.5104143651990951,0.7646004712119308,0.17,0.41875,0.4125,0.13462360515951866,0.24423652361166304,0.33875,0.2425,0.24875,0.17,0.0,,0.14
crisismmd,both,0.40,spectral_graph+content,2,0,7,0.7771735812501459,0.50751159270265,0.893217237277533,0.17,0.41875,0.4125,nan,nan,nan,nan,nan,nan,nan,,0.11
crisismmd,both,0.40,spectral_graph+content,2,1,7,0.7771735812501459,0.50751159270265,0.893217237277533,0.17,0.41875,0.4125,nan,nan,nan,nan,nan,nan,nan,,0.11
crisismmd,both,0.40,kmeans_content,2,1,7,0.05880204109643228,0.0011401821605525196,0.27493682530557867,0.17,0.41875,0.4125,nan,nan,nan,nan,nan,nan,nan,,0.19
crisismmd,both,0.40,nfmcd_full,3,0,7,0.5807848211071828,0.5184756953100914,0.7143422355694378,0.16875,0.42625,0.4075,0.2171283493842971,0.3019898445690079,0.335,0.23875,0.2575,0.16875,0.0,,0.17
crisismmd,both,0.40,kmeans_content,2,0,7,0.08966969417509119,0.009781393196083331,0.2576165566975283,0.17,0.41875,0.4125,nan,nan,nan,nan,nan,nan,nan,,0.2
crisismmd,both,0.40,nfmcd_full,3,1,7,0.5789342100015604,0.5169287534879982,0.7138621679718421,0.16875,0.42625,0.4075,0.21487100411064194,0.30040970287744934,0.335,0.23875,0.2575,0.16875,0.0,,0.16
crisismmd,both,0.40,nfmcd_all_changes,3,0,7,0.5513080053464847,0.5131309005514568,0.7557523104115589,0.16875,0.42625,0.4075,0.16375,0.22368749999999998,0.335,0.23875,0.2575,0.16875,0.0,,0.12
crisismmd,both,0.40,nfmcd_rank16,3,0,7,0.6385655677186062,0.46567529990079204,0.7197891092859606,0.16875,0.42625,0.4075,0.12571343691245626,0.23799940583871937,0.335,0.23875,0.2575,0.16875,0.0,,0.12
crisismmd,both,0.40,nfmcd_all_changes,3,1,7,0.6380170435088565,0.4718673763941167,0.7208182143125988,0.16875,0.42625,0.4075,0.16375,0.22368749999999996,0.335,0.23875,0.2575,0.16875,0.0,,0.12
crisismmd,both,0.40,nfmcd_rank16,3,1,7,0.554272890706351,0.5110479856746967,0.7603510675540884,0.16875,0.42625,0.4075,0.12575050238778757,0.23802535167145128,0.335,0.23875,0.2575,0.16875,0.0,,0.12
crisismmd,both,0.40,spectral_graph+content,3,0,7,0.7689739699418668,0.5116644948413169,0.898890609358083,0.16875,0.42625,0.4075,nan,nan,nan,nan,nan,nan,nan,,0.09
crisismmd,both,0.40,spectral_graph+content,3,1,7,0.7714481760257049,0.5123207700206185,0.9000509203831593,0.16875,0.42625,0.4075,nan,nan,nan,nan,nan,nan,nan,,0.12
crisismmd,both,0.40,kmeans_content,3,0,7,0.07582967440510324,0.02411843184601193,0.28216591673676494,0.16875,0.42625,0.4075,nan,nan,nan,nan,nan,nan,nan,,0.23
crisismmd,both,0.40,kmeans_content,3,1,7,0.07714413955764587,0.018283349972582158,0.276355998197664,0.16875,0.42625,0.4075,nan,nan,nan,nan,nan,nan,nan,,0.22
crisismmd,both,0.40,nfmcd_full,4,0,7,0.6165472957790755,0.5194197668084201,0.7264635360828573,0.13875,0.36875,0.39375,0.23522783242444112,0.3146594826971088,0.37625,0.255,0.23,0.13875,0.0,,0.2
crisismmd,both,0.40,nfmcd_full,4,1,7,0.6126098888659155,0.5189940968494231,0.7218896008974908,0.13875,0.36875,0.39375,0.23438947357483528,0.31407263150238474,0.37625,0.255,0.23,0.13875,0.0,,0.2
crisismmd,both,0.40,nfmcd_all_changes,4,1,7,0.5515293496694806,0.5132683139850729,0.7684558265627774,0.13875,0.36875,0.39375,0.18,0.23099999999999996,0.37625,0.255,0.23,0.13875,0.0,,0.12
crisismmd,both,0.40,nfmcd_all_changes,4,0,7,0.6426838707014282,0.47588294877305015,0.7232635970751675,0.13875,0.36875,0.39375,0.18,0.23099999999999996,0.37625,0.255,0.23,0.13875,0.0,,0.14
crisismmd,both,0.40,nfmcd_rank16,4,0,7,0.6504226145233546,0.46464040040295673,0.7291811874453377,0.13875,0.36875,0.39375,0.15666912727095617,0.25966838908966927,0.37625,0.255,0.23,0.13875,0.0,,0.17
crisismmd,both,0.40,spectral_graph+content,4,0,7,0.745027718337322,0.49744499707789885,0.8864374964959081,0.13875,0.36875,0.39375,nan,nan,nan,nan,nan,nan,nan,,0.09
crisismmd,both,0.40,nfmcd_rank16,4,1,7,0.651534395239656,0.4674775307385421,0.730567825538001,0.13875,0.36875,0.39375,0.15767041864091436,0.26036929304864,0.37625,0.255,0.23,0.13875,0.0,,0.14
crisismmd,both,0.40,spectral_graph+content,4,1,7,0.745027718337322,0.49744499707789885,0.8864374964959081,0.13875,0.36875,0.39375,nan,nan,nan,nan,nan,nan,nan,,0.09
crisismmd,both,0.60,nfmcd_full,0,0,7,0.5467278281173612,0.5154894371973333,0.7565183569391658,0.39875,0.60875,0.645,0.0814818177897868,0.20703727245285072,0.145,0.24625,0.21,0.39875,0.0,,0.09
crisismmd,both,0.60,nfmcd_full,0,1,7,0.6124358036398029,0.47768312960067766,0.7150040811264937,0.39875,0.60875,0.645,0.08164553127500249,0.2071518718925017,0.145,0.24625,0.21,0.39875,0.0,,0.11
crisismmd,both,0.60,nfmcd_all_changes,0,0,7,0.6095963734092874,0.47884862311070125,0.7158472096877233,0.39875,0.60875,0.645,0.0625,0.17812499999999992,0.145,0.24625,0.21,0.39875,0.0,,0.11
crisismmd,both,0.60,nfmcd_all_changes,0,1,7,0.6382647835431003,0.4721621176453952,0.7202296025208762,0.39875,0.60875,0.645,0.0625,0.178125,0.145,0.24625,0.21,0.39875,0.0,,0.09
crisismmd,both,0.40,kmeans_content,4,0,7,0.11938609905460718,0.023368609266020638,0.3235933123637977,0.13875,0.36875,0.39375,nan,nan,nan,nan,nan,nan,nan,,0.23
crisismmd,both,0.40,kmeans_content,4,1,7,0.05991442828948812,0.01096383066732305,0.2769436155774053,0.13875,0.36875,0.39375,nan,nan,nan,nan,nan,nan,nan,,0.23
crisismmd,both,0.60,nfmcd_rank16,0,0,7,0.6141878045519691,0.47365933626278384,0.7062531869018738,0.39875,0.60875,0.645,0.03886268339162859,0.17720387837413998,0.145,0.24625,0.21,0.39875,0.0,,0.09
crisismmd,both,0.60,nfmcd_rank16,0,1,7,0.6351981300195144,0.47191714143576263,0.7177082409856472,0.39875,0.60875,0.645,0.04036978908575413,0.17825885236002786,0.145,0.24625,0.21,0.39875,0.0,,0.11
crisismmd,both,0.60,spectral_graph+content,0,0,7,0.5019832104195985,0.4942035754603078,0.6589839358201435,0.39875,0.60875,0.645,nan,nan,nan,nan,nan,nan,nan,,0.09
crisismmd,both,0.60,spectral_graph+content,0,1,7,0.5021979352644745,0.49430708005302076,0.6590308783197234,0.39875,0.60875,0.645,nan,nan,nan,nan,nan,nan,nan,,0.09
crisismmd,both,0.60,nfmcd_full,1,1,7,0.5495164064060309,0.5102278142779524,0.7536655601734367,0.3625,0.61625,0.6025,0.08686789701333973,0.2108075279093378,0.14375,0.24,0.25375,0.3625,0.0,,0.09
crisismmd,both,0.60,nfmcd_full,1,0,7,0.5495164064060309,0.511309633905427,0.7536655601734366,0.3625,0.61625,0.6025,0.0873587441474792,0.2111511209032354,0.14375,0.24,0.25375,0.3625,0.0,,0.11
crisismmd,both,0.60,kmeans_content,0,0,7,0.0,-0.0036309862962680627,0.1759678924380568,0.39875,0.60875,0.645,nan,nan,nan,nan,nan,nan,nan,,0.19
crisismmd,both,0.60,kmeans_content,0,1,7,0.05064104272698544,0.008678320402441247,0.2628375259429033,0.39875,0.60875,0.645,nan,nan,nan,nan,nan,nan,nan,,0.19
crisismmd,both,0.60,nfmcd_all_changes,1,0,7,0.6105776960309115,0.48106857488860605,0.7158402071574324,0.3625,0.61625,0.6025,0.056875,0.17559374999999997,0.14375,0.24,0.25375,0.3625,0.0,,0.08
crisismmd,both,0.60,nfmcd_all_changes,1,1,7,0.5500105557051576,0.5150130608655118,0.7549131768270454,0.3625,0.61625,0.6025,0.056875,0.17559374999999997,0.14375,0.24,0.25375,0.3625,0.0,,0.08
crisismmd,both,0.60,nfmcd_rank16,1,0,7,0.5485099738027548,0.5147538600958459,0.756075645576855,0.3625,0.61625,0.6025,0.047479490839999965,0.18323564358799993,0.14375,0.24,0.25375,0.3625,0.0,,0.09
crisismmd,both,0.60,nfmcd_rank16,1,1,7,0.6134058941051652,0.474176670960113,0.7062708509194845,0.3625,0.61625,0.6025,0.04745168784672593,0.18321618149270813,0.14375,0.24,0.25375,0.3625,0.0,,0.08
crisismmd,both,0.60,spectral_graph+content,1,1,7,0.44934392266555956,0.47358526395825745,0.7398880010361248,0.3625,0.61625,0.6025,nan,nan,nan,nan,nan,nan,nan,,0.09
crisismmd,both,0.60,spectral_graph+content,1,0,7,0.44934392266555956,0.47358526395825745,0.7398880010361248,0.3625,0.61625,0.6025,nan,nan,nan,nan,nan,nan,nan,,0.11
crisismmd,both,0.60,nfmcd_full,2,0,7,0.5479500955971015,0.5130447792078434,0.7512306788522396,0.36625,0.62375,0.6025,0.08341236618566444,0.2083886563299651,0.14,0.23625,0.2575,0.36625,0.0,,0.11
crisismmd,both,0.60,nfmcd_full,2,1,7,0.5469627162996481,0.5127937157232555,0.7524688628490442,0.36625,0.62375,0.6025,0.08329442582268394,0.20830609807587874,0.14,0.23625,0.2575,0.36625,0.0,,0.12
crisismmd,both,0.60,kmeans_content,1,1,7,0.0,0.00521137675291032,0.21604118800864988,0.3625,0.61625,0.6025,nan,nan,nan,nan,nan,nan,nan,,0.19
crisismmd,both,0.60,kmeans_content,1,0,7,0.0,0.007043186308141374,0.24391036517206127,0.3625,0.61625,0.6025,nan,nan,nan,nan,nan,nan,nan,,0.2
crisismmd,both,0.60,nfmcd_all_changes,2,0,7,0.5816681851920192,0.5100235872491212,0.7135307938838504,0.36625,0.62375,0.6025,0.049375,0.17221874999999998,0.14,0.23625,0.2575,0.36625,0.0,,0.08
crisismmd,both,0.60,nfmcd_all_changes,2,1,7,0.6082844701604612,0.47987220571592193,0.7116351991010187,0.36625,0.62375,0.6025,0.049375,0.17221874999999998,0.14,0.23625,0.2575,0.36625,0.0,,0.09
crisismmd,both,0.60,nfmcd_rank16,2,0,7,0.6113117570844337,0.48174821599960943,0.7151906004990601,0.36625,0.62375,0.6025,0.047138524721308014,0.18299696730491558,0.14,0.23625,0.2575,0.36625,0.0,,0.08
crisismmd,both,0.60,spectral_graph+content,2,0,7,0.6175445372546219,0.49779904219343385,0.7468055607540321,0.36625,0.62375,0.6025,nan,nan,nan,nan,nan,nan,nan,,0.09
crisismmd,both,0.60,nfmcd_rank16,2,1,7,0.5495228909815526,0.5147083833406806,0.7558105084661101,0.36625,0.62375,0.6025,0.04728219983089083,0.18309753988162356,0.14,0.23625,0.2575,0.36625,0.0,,0.12
crisismmd,both,0.60,spectral_graph+content,2,1,7,0.6175445372546219,0.49779904219343385,0.7468055607540321,0.36625,0.62375,0.6025,nan,nan,nan,nan,nan,nan,nan,,0.11
crisismmd,both,0.60,nfmcd_full,3,0,7,0.5739430204565654,0.5097868529169196,0.722782450089139,0.3625,0.60875,0.59625,0.09238330422218745,0.21466831295553118,0.1575,0.23375,0.24625,0.3625,0.0,,0.12
crisismmd,both,0.60,nfmcd_full,3,1,7,0.5470774208278855,0.5119596335435375,0.7498925801666266,0.3625,0.60875,0.59625,0.09383990249569361,0.21568793174698547,0.1575,0.23375,0.24625,0.3625,0.0,,0.09
crisismmd,both,0.60,kmeans_content,2,0,7,0.061029289182299884,0.0033259113204947757,0.2845563814392463,0.36625,0.62375,0.6025,nan,nan,nan,nan,nan,nan,nan,,0.24
crisismmd,both,0.60,nfmcd_all_changes,3,0,7,0.5698985561322393,0.5160049729061876,0.7158242202563094,0.3625,0.60875,0.59625,0.06625,0.17981249999999996,0.1575,0.23375,0.24625,0.3625,0.0,,0.08
crisismmd,both,0.60,kmeans_content,2,1,7,0.0,0.003924158662248733,0.19932887298799212,0.36625,0.62375,0.6025,nan,nan,nan,nan,nan,nan,nan,,0.25
crisismmd,both,0.60,nfmcd_all_changes,3,1,7,0.6131690379931344,0.47675037499496387,0.7044488443683623,0.3625,0.60875,0.59625,0.06625,0.17981249999999996,0.1575,0.23375,0.24625,0.3625,0.0,,0.09
crisismmd,both,0.60,nfmcd_rank16,3,0,7,0.5484063826743109,0.5145422906838211,0.7556885865163674,0.3625,0.60875,0.59625,0.04106813192479683,0.17874769234735774,0.1575,0.23375,0.24625,0.3625,0.0,,0.08
crisismmd,both,0.60,nfmcd_rank16,3,1,7,0.5728836550704517,0.5112679643119176,0.7214016988814816,0.3625,0.60875,0.59625,0.04051319132545414,0.17835923392781786,0.1575,0.23375,0.24625,0.3625,0.0,,0.11
crisismmd,both,0.60,spectral_graph+content,3,0,7,0.6413926955501674,0.5088877770489317,0.8342968711340609,0.3625,0.60875,0.59625,nan,nan,nan,nan,nan,nan,nan,,0.11
crisismmd,both,0.60,spectral_graph+content,3,1,7,0.6413926955501674,0.5088877770489317,0.8342968711340609,0.3625,0.60875,0.59625,nan,nan,nan,nan,nan,nan,nan,,0.11
crisismmd,both,0.60,nfmcd_full,4,1,7,0.5467928883653561,0.5116835724865381,0.751349722400967,0.34375,0.59125,0.59625,0.09222160309996813,0.21455512216997769,0.15625,0.2525,0.2475,0.34375,0.0,,0.12
crisismmd,both,0.60,nfmcd_full,4,0,7,0.5452998143707479,0.5114696602058018,0.7498796026930341,0.34375,0.59125,0.59625,0.09217249836416887,0.21452074885491815,0.15625,0.2525,0.2475,0.34375,0.0,,0.12
crisismmd,both,0.60,kmeans_content,3,0,7,0.057691717609618554,0.00464333568275648,0.24318145063319307,0.3625,0.60875,0.59625,nan,nan,nan,nan,nan,nan,nan,,0.23
crisismmd,both,0.60,kmeans_content,3,1,7,0.04657812050626531,0.0007455552119812895,0.23481510281207513,0.3625,0.60875,0.59625,nan,nan,nan,nan,nan,nan,nan,,0.17
crisismmd,both,0.60,nfmcd_all_changes,4,1,7,0.610277643827901,0.48092829562451284,0.7149913401369815,0.34375,0.59125,0.59625,0.065625,0.17953124999999992,0.15625,0.2525,0.2475,0.34375,0.0,,0.06
crisismmd,both,0.60,nfmcd_all_changes,4,0,7,0.6113169532452609,0.4810104424587052,0.7147993849816416,0.34375,0.59125,0.59625,0.065625,0.17953124999999992,0.15625,0.2525,0.2475,0.34375,0.0,,0.06
crisismmd,both,0.60,nfmcd_rank16,4,0,7,0.6138580013553253,0.4799070349695329,0.7160892109395317,0.34375,0.59125,0.59625,0.0470731185455166,0.1829511829818616,0.15625,0.2525,0.2475,0.34375,0.0,,0.09
crisismmd,both,0.60,nfmcd_rank16,4,1,7,0.575588978666972,0.5150598973212686,0.7138744927708137,0.34375,0.59125,0.59625,0.04655591854974299,0.18258914298482004,0.15625,0.2525,0.2475,0.34375,0.0,,0.09
crisismmd,both,0.60,spectral_graph+content,4,0,7,0.41717298335681696,0.40989341579003985,0.6356859439906094,0.34375,0.59125,0.59625,nan,nan,nan,nan,nan,nan,nan,,0.11
crisismmd,both,0.60,spectral_graph+content,4,1,7,0.41717298335681696,0.40989341579003985,0.6356859439906094,0.34375,0.59125,0.59625,nan,nan,nan,nan,nan,nan,nan,,0.11
crisismmd,both,0.80,nfmcd_full,0,0,7,0.6077729293057934,0.47632805199126893,0.7043142923601559,0.685,0.8075,0.8325,0.017312642893448495,0.16211885002541393,0.045,0.1475,0.1225,0.685,0.0,,0.06
crisismmd,both,0.80,nfmcd_full,0,1,7,0.5778587002866237,0.510079753342782,0.7305367896245741,0.685,0.8075,0.8325,0.01674463828799823,0.16172124680159874,0.045,0.1475,0.1225,0.685,0.0,,0.08
crisismmd,both,0.80,nfmcd_all_changes,0,0,7,0.6002368732526582,0.482345103640772,0.710070503904212,0.685,0.8075,0.8325,0.00875,0.15393749999999998,0.045,0.1475,0.1225,0.685,0.0,,0.06
crisismmd,both,0.60,kmeans_content,4,1,7,0.0532620366593799,0.0056918740234473105,0.23378348281173195,0.34375,0.59125,0.59625,nan,nan,nan,nan,nan,nan,nan,,0.19
crisismmd,both,0.80,nfmcd_all_changes,0,1,7,0.5476881612777499,0.516106322896425,0.7534255100600961,0.685,0.8075,0.8325,0.00875,0.15393749999999998,0.045,0.1475,0.1225,0.685,0.0,,0.08
crisismmd,both,0.60,kmeans_content,4,0,7,0.0812631851834752,0.016734588243543347,0.26250566429235084,0.34375,0.59125,0.59625,nan,nan,nan,nan,nan,nan,nan,,0.22
crisismmd,both,0.80,nfmcd_rank16,0,0,7,0.6069711871283128,0.4764177922303027,0.7038610419069055,0.685,0.8075,0.8325,0.01938351595434745,0.1635684611680432,0.045,0.1475,0.1225,0.685,0.0,,0.06
crisismmd,both,0.80,nfmcd_rank16,0,1,7,0.5770009599621732,0.5098816972627888,0.7309881903536322,0.685,0.8075,0.8325,0.019383093622654855,0.16356816553585837,0.045,0.1475,0.1225,0.685,0.0,,0.08
crisismmd,both,0.80,spectral_graph+content,0,1,7,0.5060388724976359,0.4980083733291005,0.6834676300598523,0.685,0.8075,0.8325,nan,nan,nan,nan,nan,nan,nan,,0.11
crisismmd,both,0.80,spectral_graph+content,0,0,7,0.5060388724976359,0.4980083733291005,0.6834676300598523,0.685,0.8075,0.8325,nan,nan,nan,nan,nan,nan,nan,,0.12
crisismmd,both,0.80,nfmcd_full,1,0,7,0.5952139898315557,0.47547903402351593,0.699299149291204,0.615,0.78875,0.7825,0.017104254565988058,0.16197297819619158,0.04375,0.1675,0.17375,0.615,0.0,,0.06
crisismmd,both,0.80,nfmcd_full,1,1,7,0.6002469099488047,0.48258865739440115,0.7109112174056994,0.615,0.78875,0.7825,0.016980751286003716,0.16188652590020258,0.04375,0.1675,0.17375,0.615,0.0,,0.08
crisismmd,both,0.80,kmeans_content,0,0,7,0.002004683250499517,0.00702423417374401,0.15883494223085334,0.685,0.8075,0.8325,nan,nan,nan,nan,nan,nan,nan,,0.17
crisismmd,both,0.80,nfmcd_all_changes,1,0,7,0.621531080864219,0.4750135980518377,0.7152706530313251,0.615,0.78875,0.7825,0.009375,0.15421874999999996,0.04375,0.1675,0.17375,0.615,0.0,,0.06
crisismmd,both,0.80,kmeans_content,0,1,7,0.0018677236757416171,0.008037713157646911,0.19396022432369422,0.685,0.8075,0.8325,nan,nan,nan,nan,nan,nan,nan,,0.19
crisismmd,both,0.80,nfmcd_all_changes,1,1,7,0.6221659510226532,0.4750135980518377,0.7156636290669907,0.615,0.78875,0.7825,0.009375,0.15421874999999996,0.04375,0.1675,0.17375,0.615,0.0,,0.06
crisismmd,both,0.80,nfmcd_rank16,1,0,7,0.603499597568913,0.476792693061063,0.7020647853783047,0.615,0.78875,0.7825,0.017927016076865015,0.16254891125380547,0.04375,0.1675,0.17375,0.615,0.0,,0.06
crisismmd,both,0.80,nfmcd_rank16,1,1,7,0.6025768135093972,0.4760537062488618,0.7031101418420214,0.615,0.78875,0.7825,0.01793188411970966,0.16255231888379673,0.04375,0.1675,0.17375,0.615,0.0,,0.05
crisismmd,both,0.80,spectral_graph+content,1,0,7,0.42476012717570577,0.39229196612328987,0.6768605577846779,0.615,0.78875,0.7825,nan,nan,nan,nan,nan,nan,nan,,0.09
crisismmd,both,0.80,spectral_graph+content,1,1,7,0.42476012717570577,0.39229196612328987,0.6768605577846779,0.615,0.78875,0.7825,nan,nan,nan,nan,nan,nan,nan,,0.09
crisismmd,both,0.80,nfmcd_full,2,1,7,0.625704837362,0.4732274325995371,0.7161976977190166,0.6375,0.82,0.77875,0.016255582558837217,0.16137890779118602,0.03875,0.14125,0.1825,0.6375,0.0,,0.05
crisismmd,both,0.80,kmeans_content,1,0,7,0.0006061564844874745,0.007074396666332098,0.18517030653376712,0.615,0.78875,0.7825,nan,nan,nan,nan,nan,nan,nan,,0.16
crisismmd,both,0.80,nfmcd_full,2,0,7,0.6016383244629904,0.4821905579797041,0.7105618018011205,0.6375,0.82,0.77875,0.016168868543608286,0.16131820798052576,0.03875,0.14125,0.1825,0.6375,0.0,,0.08
crisismmd,both,0.80,nfmcd_all_changes,2,0,7,0.6007178842254959,0.4742459947718048,0.7046171593056142,0.6375,0.82,0.77875,0.005625,0.15253124999999998,0.03875,0.14125,0.1825,0.6375,0.0,,0.08
crisismmd,both,0.80,kmeans_content,1,1,7,0.000627671668639973,0.0031185674395385545,0.15237059842248418,0.615,0.78875,0.7825,nan,nan,nan,nan,nan,nan,nan,,0.17
crisismmd,both,0.80,nfmcd_rank16,2,0,7,0.5983832124245163,0.47440158635640445,0.7024490816901583,0.6375,0.82,0.77875,0.015417970917358859,0.16079257964215116,0.03875,0.14125,0.1825,0.6375,0.0,,0.06
crisismmd,both,0.80,nfmcd_all_changes,2,1,7,0.5990830493767771,0.48201902652047895,0.7105380131797582,0.6375,0.82,0.77875,0.005625,0.15253124999999998,0.03875,0.14125,0.1825,0.6375,0.0,,0.08
crisismmd,both,0.80,nfmcd_rank16,2,1,7,0.6010889522253537,0.48265645415773645,0.7121760235655205,0.6375,0.82,0.77875,0.015408619069142093,0.16078603334839944,0.03875,0.14125,0.1825,0.6375,0.0,,0.05
crisismmd,both,0.80,spectral_graph+content,2,0,7,0.46033053495516196,0.5036742456935459,0.7049348200021143,0.6375,0.82,0.77875,nan,nan,nan,nan,nan,nan,nan,,0.11
crisismmd,both,0.80,spectral_graph+content,2,1,7,0.4611565440800739,0.503990114600168,0.7044563163936906,0.6375,0.82,0.77875,nan,nan,nan,nan,nan,nan,nan,,0.12
crisismmd,both,0.80,kmeans_content,2,0,7,0.0010246688808930315,-0.012443080318434323,0.1891551223913551,0.6375,0.82,0.77875,nan,nan,nan,nan,nan,nan,nan,,0.16
crisismmd,both,0.80,kmeans_content,2,1,7,0.0008995655530799063,-0.009898034588356516,0.16866650304071376,0.6375,0.82,0.77875,nan,nan,nan,nan,nan,nan,nan,,0.16
crisismmd,both,0.80,nfmcd_full,3,0,7,0.6233305498211318,0.47619892227202537,0.7145027226232605,0.64125,0.8025,0.7925,0.020784230932014376,0.16454896165241004,0.04625,0.15125,0.16125,0.64125,0.0,,0.09
crisismmd,both,0.80,nfmcd_full,3,1,7,0.5491887431801526,0.5151357058588578,0.7554085196851226,0.64125,0.8025,0.7925,0.02072106637030706,0.1645047464592149,0.04625,0.15125,0.16125,0.64125,0.0,,0.09
crisismmd,both,0.80,nfmcd_all_changes,3,0,7,0.622577652140722,0.47649102779600355,0.7147991919965234,0.64125,0.8025,0.7925,0.010625,0.15478124999999995,0.04625,0.15125,0.16125,0.64125,0.0,,0.06
crisismmd,both,0.80,nfmcd_all_changes,3,1,7,0.5994448874502456,0.48348756591462394,0.7127261552004239,0.64125,0.8025,0.7925,0.010625,0.15478124999999998,0.04625,0.15125,0.16125,0.64125,0.0,,0.05
crisismmd,both,0.80,nfmcd_rank16,3,0,7,0.6016323905138141,0.4755094285613518,0.7016916948125981,0.64125,0.8025,0.7925,0.01645926880853486,0.1615214881659744,0.04625,0.15125,0.16125,0.64125,0.0,,0.09
crisismmd,both,0.80,nfmcd_rank16,3,1,7,0.6021115659156298,0.4754874223302415,0.7021655030821831,0.64125,0.8025,0.7925,0.01644018537812589,0.1615081297646881,0.04625,0.15125,0.16125,0.64125,0.0,,0.09
crisismmd,both,0.80,spectral_graph+content,3,0,7,0.4180687500820832,0.49096669315084507,0.5820723168667346,0.64125,0.8025,0.7925,nan,nan,nan,nan,nan,nan,nan,,0.09
crisismmd,both,0.80,spectral_graph+content,3,1,7,0.4178955724198077,0.49060743933612133,0.5848010795809582,0.64125,0.8025,0.7925,nan,nan,nan,nan,nan,nan,nan,,0.08
crisismmd,both,0.80,nfmcd_full,4,1,7,0.6024084194470546,0.4760851885471708,0.7046268085898512,0.61625,0.77875,0.78875,0.019098828521677415,0.16336917996517414,0.04875,0.1725,0.1625,0.61625,0.0,,0.08
crisismmd,both,0.80,nfmcd_full,4,0,7,0.5854651115353122,0.5114640331372003,0.7171833404796997,0.61625,0.77875,0.78875,0.01948714590146085,0.16364100213102253,0.04875,0.1725,0.1625,0.61625,0.0,,0.08
crisismmd,both,0.80,kmeans_content,3,0,7,0.0008540219897463786,0.012112819504013796,0.20734217672612318,0.64125,0.8025,0.7925,nan,nan,nan,nan,nan,nan,nan,,0.14
crisismmd,both,0.80,kmeans_content,3,1,7,0.0006942813966395178,0.010073059432178148,0.18719169002028782,0.64125,0.8025,0.7925,nan,nan,nan,nan,nan,nan,nan,,0.16
crisismmd,both,0.80,nfmcd_all_changes,4,0,7,0.5991928700987967,0.4825610868501013,0.7100425380379544,0.61625,0.77875,0.78875,0.01375,0.15618749999999998,0.04875,0.1725,0.1625,0.61625,0.0,,0.06
crisismmd,both,0.80,nfmcd_all_changes,4,1,7,0.5991928700987967,0.4825610868501013,0.7100425380379544,0.61625,0.77875,0.78875,0.01375,0.15618749999999998,0.04875,0.1725,0.1625,0.61625,0.0,,0.06
crisismmd,both,0.80,nfmcd_rank16,4,0,7,0.602550162567923,0.48238139718732753,0.7126542395128206,0.61625,0.77875,0.78875,0.017894733037088644,0.16252631312596205,0.04875,0.1725,0.1625,0.61625,0.0,,0.08
crisismmd,both,0.80,nfmcd_rank16,4,1,7,0.6040864677436352,0.47575563896075196,0.7064511101565698,0.61625,0.77875,0.78875,0.017890608805753928,0.1625234261640277,0.04875,0.1725,0.1625,0.61625,0.0,,0.05
crisismmd,both,0.80,spectral_graph+content,4,1,7,0.4520002462113466,0.47048947673324276,0.6938802362904146,0.61625,0.77875,0.78875,nan,nan,nan,nan,nan,nan,nan,,0.09
crisismmd,both,0.80,spectral_graph+content,4,0,7,0.49537263987511837,0.46814411872386785,0.6960323167680589,0.61625,0.77875,0.78875,nan,nan,nan,nan,nan,nan,nan,,0.11
crisismmd,both,0.80,kmeans_content,4,0,7,0.002445775384232629,-0.004406182981142291,0.14461215042511608,0.61625,0.77875,0.78875,nan,nan,nan,nan,nan,nan,nan,,0.19
crisismmd,both,0.80,kmeans_content,4,1,7,0.002445775384232629,-0.004568677661052245,0.14325230681137774,0.61625,0.77875,0.78875,nan,nan,nan,nan,nan,nan,nan,,0.22
fakeddit,none,0.00,nfmcd_all_changes,0,0,10,0.7896012752764039,0.31004604077897563,0.6435592975591472,0.0,0.0,0.0475,0.47625,0.3643125,0.9525,0.0475,0.0,0.0,0.0,,0.59
fakeddit,none,0.00,nfmcd_all_changes,0,1,10,0.7274186066257562,0.35270575170863394,0.7599697409751406,0.0,0.0,0.0475,0.47625,0.3643125,0.9525,0.0475,0.0,0.0,0.0,,0.62
fakeddit,none,0.00,nfmcd_rank16,0,1,10,0.7345812032778278,0.3469052444828118,0.6916385252122733,0.0,0.0,0.0475,0.39690448737647016,0.42783314116352905,0.9525,0.0475,0.0,0.0,0.0,,0.66
fakeddit,none,0.00,nfmcd_rank16,0,0,10,0.7328147293718531,0.35073453436697943,0.6877192323548633,0.0,0.0,0.0475,0.39516881432258477,0.4266181700258093,0.9525,0.0475,0.0,0.0,0.0,,0.74
fakeddit,none,0.00,spectral_graph+content,0,1,10,0.558267171382854,0.3665328857833608,0.7135813227392899,0.0,0.0,0.0475,nan,nan,nan,nan,nan,nan,nan,,0.36
fakeddit,none,0.00,spectral_graph+content,0,0,10,0.5550827656017339,0.36495366825268355,0.7086974478858832,0.0,0.0,0.0475,nan,nan,nan,nan,nan,nan,nan,,0.38
fakeddit,none,0.00,nfmcd_full,0,0,10,0.32404460142087477,0.28399931936023204,0.26519627888330477,0.0,0.0,0.0475,0.6136812900227092,0.5795769030158964,0.9525,0.0475,0.0,0.0,0.0,,2.03
fakeddit,none,0.00,nfmcd_full,0,1,10,0.3641407378164382,0.3173147611930934,0.19635999725760228,0.0,0.0,0.0475,0.6162685661119895,0.5813879962783927,0.9525,0.0475,0.0,0.0,0.0,,2.16
fakeddit,none,0.00,louvain,0,0,6,0.630828565951995,0.4501480804297777,0.887446322743587,0.0,0.0,0.0475,nan,nan,nan,nan,nan,nan,nan,,0.19
fakeddit,none,0.00,kmeans_content,0,1,10,0.05281184324661137,0.11747181848192807,0.3080640691677653,0.0,0.0,0.0475,nan,nan,nan,nan,nan,nan,nan,,0.52
fakeddit,none,0.00,nfmcd_structure_only,0,0,10,0.8175660382680203,0.37338005725352347,0.8302133349413312,0.0,0.0,0.0475,nan,nan,nan,nan,nan,nan,nan,,0.14
fakeddit,none,0.00,nfmcd_structure_only,0,1,10,0.8325951496888002,0.4385062412247245,0.9095704366543513,0.0,0.0,0.0475,nan,nan,nan,nan,nan,nan,nan,,0.11
fakeddit,none,0.00,louvain,0,1,6,0.6685839387881221,0.4511259251670453,0.8949522173875257,0.0,0.0,0.0475,nan,nan,nan,nan,nan,nan,nan,,0.28
fakeddit,none,0.00,kmeans_content,0,0,10,0.08148429537517676,0.1358541343951137,0.27069755766412107,0.0,0.0,0.0475,nan,nan,nan,nan,nan,nan,nan,,0.64
fakeddit,image,0.10,nfmcd_all_changes,0,0,10,0.7504856540542286,0.35375717146181745,0.69131085362877,0.0,0.0,0.14666666666666667,0.4266666666666667,0.34199999999999997,0.8533333333333334,0.14666666666666667,0.0,0.0,0.0,,0.5
fakeddit,image,0.10,nfmcd_all_changes,0,1,10,0.7232813529869737,0.35683372449649753,0.750838352829673,0.0,0.0,0.14666666666666667,0.4266666666666667,0.34199999999999997,0.8533333333333334,0.14666666666666667,0.0,0.0,0.0,,0.55
fakeddit,image,0.10,nfmcd_rank16,0,0,10,0.6861850854871479,0.35015697096981946,0.7138512649843809,0.0,0.0,0.14666666666666667,0.3542359607876799,0.3979651725513758,0.8533333333333334,0.14666666666666667,0.0,0.0,0.0,,0.47
fakeddit,image,0.10,nfmcd_rank16,0,1,10,0.7324009878220666,0.353328939960895,0.6835477558822687,0.0,0.0,0.14666666666666667,0.3550002186430337,0.39850015305012354,0.8533333333333334,0.14666666666666667,0.0,0.0,0.0,,0.58
fakeddit,image,0.10,spectral_graph+content,0,0,10,0.5390519116436984,0.35682535696687234,0.7021609070634356,0.0,0.0,0.14666666666666667,nan,nan,nan,nan,nan,nan,nan,,0.28
fakeddit,image,0.10,spectral_graph+content,0,1,10,0.5413252123420149,0.3649699319018141,0.7049242551378336,0.0,0.0,0.14666666666666667,nan,nan,nan,nan,nan,nan,nan,,0.28
fakeddit,image,0.10,nfmcd_full,0,0,10,0.3950479780514702,0.3346617681124575,0.310155955547404,0.0,0.0,0.14666666666666667,0.552957141483547,0.5370699990384828,0.8533333333333334,0.14666666666666667,0.0,0.0,0.0,,1.64
fakeddit,image,0.10,nfmcd_full,0,1,10,0.27478297479157954,0.3023811702337049,0.2957990972380439,0.0,0.0,0.14666666666666667,0.5530888374897953,0.5371621862428567,0.8533333333333334,0.14666666666666667,0.0,0.0,0.0,,1.64
fakeddit,image,0.10,kmeans_content,0,0,10,0.029005274895469668,0.11075068551472199,0.29247375606879233,0.0,0.0,0.14666666666666667,nan,nan,nan,nan,nan,nan,nan,,0.47
fakeddit,image,0.10,kmeans_content,0,1,10,0.028511696495864047,0.09679166490339108,0.3416584850122161,0.0,0.0,0.14666666666666667,nan,nan,nan,nan,nan,nan,nan,,0.55
fakeddit,image,0.10,nfmcd_all_changes,1,0,10,0.7533605611264073,0.30522327317870523,0.6948344969410045,0.0,0.0,0.14916666666666667,0.42541666666666667,0.34143749999999995,0.8508333333333333,0.14916666666666667,0.0,0.0,0.0,,0.53
fakeddit,image,0.10,nfmcd_all_changes,1,1,10,0.6759091631184807,0.36235710627599055,0.5776504102657022,0.0,0.0,0.14916666666666667,0.4254166666666667,0.34143749999999995,0.8508333333333333,0.14916666666666667,0.0,0.0,0.0,,0.61
fakeddit,image,0.10,nfmcd_rank16,1,0,10,0.7403419252775383,0.35185464940429906,0.6923780918290341,0.0,0.0,0.14916666666666667,0.34977564785477694,0.3948429534983438,0.8508333333333333,0.14916666666666667,0.0,0.0,0.0,,0.49
fakeddit,image,0.10,spectral_graph+content,1,0,10,0.5446056262986659,0.35705946623977636,0.7048776005732332,0.0,0.0,0.14916666666666667,nan,nan,nan,nan,nan,nan,nan,,0.26
fakeddit,image,0.10,nfmcd_rank16,1,1,10,0.7417847339648145,0.32963421422281153,0.686955417192,0.0,0.0,0.14916666666666667,0.3500600618833325,0.39504204331833276,0.8508333333333333,0.14916666666666667,0.0,0.0,0.0,,0.53
fakeddit,image,0.10,nfmcd_full,1,0,10,0.3126253547611392,0.29524872556663034,0.2956786970637421,0.0,0.0,0.14916666666666667,0.5488182334598409,0.5341727634218886,0.8508333333333333,0.14916666666666667,0.0,0.0,0.0,,1.62
fakeddit,image,0.10,spectral_graph+content,1,1,10,0.5410368454476917,0.3554582962864968,0.7028969506123008,0.0,0.0,0.14916666666666667,nan,nan,nan,nan,nan,nan,nan,,0.31
fakeddit,image,0.10,nfmcd_full,1,1,10,0.3152685880982866,0.2898628235411078,0.30208743487787537,0.0,0.0,0.14916666666666667,0.5504900497938988,0.5353430348557292,0.8508333333333333,0.14916666666666667,0.0,0.0,0.0,,1.73
fakeddit,image,0.10,kmeans_content,1,0,10,0.09828245533046986,0.11160639043813116,0.3405405318721474,0.0,0.0,0.14916666666666667,nan,nan,nan,nan,nan,nan,nan,,0.53
fakeddit,image,0.10,kmeans_content,1,1,10,0.059965017903602646,0.12896644076587557,0.2858037911521592,0.0,0.0,0.14916666666666667,nan,nan,nan,nan,nan,nan,nan,,0.53
fakeddit,image,0.10,nfmcd_all_changes,2,0,10,0.7491629236536776,0.358051405502583,0.691311934339642,0.0,0.0,0.13666666666666666,0.43166666666666664,0.34424999999999994,0.8633333333333333,0.13666666666666666,0.0,0.0,0.0,,0.62
fakeddit,image,0.10,nfmcd_all_changes,2,1,10,0.7877602977440248,0.3132199272625652,0.6434558079754383,0.0,0.0,0.13666666666666666,0.43166666666666664,0.34424999999999994,0.8633333333333333,0.13666666666666666,0.0,0.0,0.0,,0.62
fakeddit,image,0.10,nfmcd_rank16,2,0,10,0.7076020206392126,0.35382321665663186,0.6435145791288941,0.0,0.0,0.13666666666666666,0.3527758430216066,0.3969430901151245,0.8633333333333333,0.13666666666666666,0.0,0.0,0.0,,0.56
fakeddit,image,0.10,nfmcd_rank16,2,1,10,0.6186784487578925,0.3447466065813274,0.5459060895832417,0.0,0.0,0.13666666666666666,0.3552781983128925,0.3986947388190247,0.8633333333333333,0.13666666666666666,0.0,0.0,0.0,,0.58
fakeddit,image,0.10,nfmcd_full,2,0,10,0.3467494594494147,0.2694369288328896,0.3031013949357242,0.0,0.0,0.13666666666666666,0.5502459450758935,0.5351721615531253,0.8633333333333333,0.13666666666666666,0.0,0.0,0.0,,1.75
fakeddit,image,0.10,spectral_graph+content,2,0,10,0.5466942712406262,0.36338435351972403,0.7061901303821005,0.0,0.0,0.13666666666666666,nan,nan,nan,nan,nan,nan,nan,,0.3
fakeddit,image,0.10,nfmcd_full,2,1,10,0.3328837750175144,0.2675955276455566,0.30211438884297337,0.0,0.0,0.13666666666666666,0.5497304968478725,0.5348113477935107,0.8633333333333333,0.13666666666666666,0.0,0.0,0.0,,1.77
fakeddit,image,0.10,spectral_graph+content,2,1,10,0.5533123007091009,0.3692898227568661,0.7111276709941028,0.0,0.0,0.13666666666666666,nan,nan,nan,nan,nan,nan,nan,,0.31
fakeddit,image,0.10,kmeans_content,2,0,10,0.04440793031105472,0.0907937100970843,0.28760349247040945,0.0,0.0,0.13666666666666666,nan,nan,nan,nan,nan,nan,nan,,0.5
fakeddit,image,0.10,kmeans_content,2,1,10,0.05792696705513689,0.11714511215773643,0.2880967427384468,0.0,0.0,0.13666666666666666,nan,nan,nan,nan,nan,nan,nan,,0.5
fakeddit,image,0.10,nfmcd_all_changes,3,0,10,0.7868810472616514,0.3103081129535085,0.6438610540703397,0.0,0.0,0.15083333333333335,0.4245833333333333,0.3410625,0.8491666666666666,0.15083333333333335,0.0,0.0,0.0,,0.55
fakeddit,image,0.10,nfmcd_all_changes,3,1,10,0.7169938900673039,0.3503681945554921,0.7573905304599895,0.0,0.0,0.15083333333333335,0.4245833333333333,0.3410625,0.8491666666666666,0.15083333333333335,0.0,0.0,0.0,,0.58
fakeddit,image,0.10,nfmcd_rank16,3,0,10,0.7525546824180728,0.3616745904231212,0.6973371108907946,0.0,0.0,0.15083333333333335,0.34880049636125876,0.3941603474528811,0.8491666666666666,0.15083333333333335,0.0,0.0,0.0,,0.58
fakeddit,image,0.10,nfmcd_full,3,0,10,0.3657803999040631,0.33002686063010167,0.3011106829965188,0.0,0.0,0.15083333333333335,0.5450452425143063,0.5315316697600144,0.8491666666666666,0.15083333333333335,0.0,0.0,0.0,,1.58
fakeddit,image,0.10,nfmcd_rank16,3,1,10,0.6624434546853539,0.3544413213240883,0.5381500607904844,0.0,0.0,0.15083333333333335,0.3465322916063545,0.39257260412444817,0.8491666666666666,0.15083333333333335,0.0,0.0,0.0,,0.48
fakeddit,image,0.10,nfmcd_full,3,1,10,0.34658079451073154,0.30244900869809643,0.28502703192109125,0.0,0.0,0.15083333333333335,0.5458701433926475,0.5321091003748533,0.8491666666666666,0.15083333333333335,0.0,0.0,0.0,,1.62
fakeddit,image,0.10,spectral_graph+content,3,0,10,0.5752361757620414,0.37079385674385396,0.7198159956249608,0.0,0.0,0.15083333333333335,nan,nan,nan,nan,nan,nan,nan,,0.36
fakeddit,image,0.10,spectral_graph+content,3,1,10,0.5752361757620414,0.37079385674385396,0.7198159956249608,0.0,0.0,0.15083333333333335,nan,nan,nan,nan,nan,nan,nan,,0.33
fakeddit,image,0.10,kmeans_content,3,0,10,0.04590628393878027,0.10366298021617225,0.2880802887271382,0.0,0.0,0.15083333333333335,nan,nan,nan,nan,nan,nan,nan,,0.59
fakeddit,image,0.10,kmeans_content,3,1,10,0.046800414742170116,0.08953810287278538,0.32783397611636533,0.0,0.0,0.15083333333333335,nan,nan,nan,nan,nan,nan,nan,,0.53
fakeddit,image,0.10,nfmcd_all_changes,4,0,10,0.7518256347965786,0.3499112994081682,0.6928812010987534,0.0,0.0,0.13083333333333333,0.4345833333333333,0.34556249999999994,0.8691666666666666,0.13083333333333333,0.0,0.0,0.0,,0.62
fakeddit,image,0.10,nfmcd_all_changes,4,1,10,0.7557148565409558,0.308303428678557,0.695056723165735,0.0,0.0,0.13083333333333333,0.4345833333333333,0.34556249999999994,0.8691666666666666,0.13083333333333333,0.0,0.0,0.0,,0.58
fakeddit,image,0.10,nfmcd_rank16,4,1,10,0.7280963876908516,0.3516599060615958,0.6368608626137877,0.0,0.0,0.13083333333333333,0.35658778907804634,0.39961145235463247,0.8691666666666666,0.13083333333333333,0.0,0.0,0.0,,0.56
fakeddit,image,0.10,nfmcd_rank16,4,0,10,0.7041216893224023,0.34788817280488404,0.6293814522576467,0.0,0.0,0.13083333333333333,0.3569912298154958,0.399893860870847,0.8691666666666666,0.13083333333333333,0.0,0.0,0.0,,0.59
fakeddit,image,0.10,nfmcd_full,4,0,10,0.2702045934679361,0.3026179869295938,0.2838847869324402,0.0,0.0,0.13083333333333333,0.5615812167470504,0.5431068517229353,0.8691666666666666,0.13083333333333333,0.0,0.0,0.0,,1.53
fakeddit,image,0.10,spectral_graph+content,4,0,10,0.6405999677775724,0.395078176392761,0.7822059429990242,0.0,0.0,0.13083333333333333,nan,nan,nan,nan,nan,nan,nan,,0.3
fakeddit,image,0.10,spectral_graph+content,4,1,10,0.6405999677775724,0.395078176392761,0.7822059429990242,0.0,0.0,0.13083333333333333,nan,nan,nan,nan,nan,nan,nan,,0.33
fakeddit,image,0.10,nfmcd_full,4,1,10,0.3355737083985799,0.3195948859417163,0.2604100069151592,0.0,0.0,0.13083333333333333,0.5585384041645991,0.5409768829152193,0.8691666666666666,0.13083333333333333,0.0,0.0,0.0,,1.83
fakeddit,image,0.10,kmeans_content,4,0,10,0.07144628576424283,0.12077973832928852,0.3110225854374907,0.0,0.0,0.13083333333333333,nan,nan,nan,nan,nan,nan,nan,,0.53
fakeddit,image,0.10,kmeans_content,4,1,10,0.017377161822610954,0.0837261352847283,0.25966001210288187,0.0,0.0,0.13083333333333333,nan,nan,nan,nan,nan,nan,nan,,0.5
fakeddit,image,0.20,nfmcd_all_changes,0,0,10,0.7506921612159828,0.30984143604620024,0.6930039001434949,0.0,0.0,0.24083333333333334,0.37958333333333333,0.3208125,0.7591666666666667,0.24083333333333334,0.0,0.0,0.0,,0.45
fakeddit,image,0.20,nfmcd_all_changes,0,1,10,0.7062979492185425,0.3562962596263459,0.7397434320670756,0.0,0.0,0.24083333333333334,0.37958333333333333,0.32081249999999994,0.7591666666666667,0.24083333333333334,0.0,0.0,0.0,,0.44
fakeddit,image,0.20,nfmcd_rank16,0,0,10,0.6911510581874785,0.35209850858515224,0.7279405247951354,0.0,0.0,0.24083333333333334,0.31239136369313003,0.368673954585191,0.7591666666666667,0.24083333333333334,0.0,0.0,0.0,,0.42
fakeddit,image,0.20,nfmcd_full,0,0,10,0.28012896178733215,0.29109771101656334,0.34916910134763446,0.0,0.0,0.24083333333333334,0.48831551548427266,0.49182086083899074,0.7591666666666667,0.24083333333333334,0.0,0.0,0.0,,1.22
fakeddit,image,0.20,nfmcd_rank16,0,1,10,0.7499566175761028,0.3615284405451919,0.6900857057772904,0.0,0.0,0.24083333333333334,0.3121873509829228,0.3685311456880459,0.7591666666666667,0.24083333333333334,0.0,0.0,0.0,,0.5
fakeddit,image,0.20,nfmcd_full,0,1,10,0.47028944695823405,0.33041915985020903,0.39777613798175715,0.0,0.0,0.24083333333333334,0.4885326799299103,0.4919728759509373,0.7591666666666667,0.24083333333333334,0.0,0.0,0.0,,1.41
fakeddit,image,0.20,spectral_graph+content,0,0,10,0.6527644689082719,0.39505368854816325,0.8011467395141288,0.0,0.0,0.24083333333333334,nan,nan,nan,nan,nan,nan,nan,,0.3
fakeddit,image,0.20,spectral_graph+content,0,1,10,0.6530068226435684,0.3944356539551841,0.801406491599509,0.0,0.0,0.24083333333333334,nan,nan,nan,nan,nan,nan,nan,,0.3
fakeddit,image,0.20,kmeans_content,0,0,10,0.006819061926911285,0.07402053033116096,0.24791132179816353,0.0,0.0,0.24083333333333334,nan,nan,nan,nan,nan,nan,nan,,0.5
fakeddit,image,0.20,kmeans_content,0,1,10,0.03091706886496315,0.08832368670029932,0.2561546043805037,0.0,0.0,0.24083333333333334,nan,nan,nan,nan,nan,nan,nan,,0.5
fakeddit,image,0.20,nfmcd_all_changes,1,0,10,0.7452524179213542,0.3088905954643046,0.6946492208011124,0.0,0.0,0.25416666666666665,0.3729166666666667,0.3178125,0.7458333333333333,0.25416666666666665,0.0,0.0,0.0,,0.42
fakeddit,image,0.20,nfmcd_all_changes,1,1,10,0.7419286550579166,0.30718351112385506,0.6938465761302881,0.0,0.0,0.25416666666666665,0.3729166666666667,0.31781249999999994,0.7458333333333333,0.25416666666666665,0.0,0.0,0.0,,0.45
fakeddit,image,0.20,nfmcd_full,1,0,10,0.3320792737790833,0.3063460637869747,0.27499351086859625,0.0,0.0,0.25416666666666665,0.47833510737863016,0.48483457516504114,0.7458333333333333,0.25416666666666665,0.0,0.0,0.0,,1.24
fakeddit,image,0.20,nfmcd_rank16,1,0,10,0.7450400897542591,0.34651764343788416,0.6916070872823111,0.0,0.0,0.25416666666666665,0.3041959081300206,0.36293713569101443,0.7458333333333333,0.25416666666666665,0.0,0.0,0.0,,0.39
fakeddit,image,0.20,nfmcd_full,1,1,10,0.3256999516095882,0.30692903884490097,0.2772062032828491,0.0,0.0,0.25416666666666665,0.47600948981358615,0.4832066428695102,0.7458333333333333,0.25416666666666665,0.0,0.0,0.0,,1.25
fakeddit,image,0.20,nfmcd_rank16,1,1,10,0.7503852377736072,0.35165539581342325,0.6936143913806946,0.0,0.0,0.25416666666666665,0.3024450338784283,0.3617115237148998,0.7458333333333333,0.25416666666666665,0.0,0.0,0.0,,0.44
fakeddit,image,0.20,spectral_graph+content,1,0,10,0.6124431025130439,0.3888487974401105,0.7765858454265231,0.0,0.0,0.25416666666666665,nan,nan,nan,nan,nan,nan,nan,,0.31
fakeddit,image,0.20,spectral_graph+content,1,1,10,0.6150438668689278,0.39237490372802014,0.7764467485856873,0.0,0.0,0.25416666666666665,nan,nan,nan,nan,nan,nan,nan,,0.33
fakeddit,image,0.20,kmeans_content,1,0,10,0.019015657836624955,0.08475330926878104,0.2769025598452556,0.0,0.0,0.25416666666666665,nan,nan,nan,nan,nan,nan,nan,,0.52
fakeddit,image,0.20,kmeans_content,1,1,10,0.03689685331772208,0.1053438280352962,0.2615708431221579,0.0,0.0,0.25416666666666665,nan,nan,nan,nan,nan,nan,nan,,0.56
fakeddit,image,0.20,nfmcd_all_changes,2,0,10,0.7059776115436035,0.35219048770695865,0.7484519300434673,0.0,0.0,0.22833333333333333,0.3858333333333333,0.323625,0.7716666666666666,0.22833333333333333,0.0,0.0,0.0,,0.45
fakeddit,image,0.20,nfmcd_all_changes,2,1,10,0.7340416549198638,0.33792816246163637,0.6888990732245792,0.0,0.0,0.22833333333333333,0.3858333333333333,0.32362499999999994,0.7716666666666666,0.22833333333333333,0.0,0.0,0.0,,0.48
fakeddit,image,0.20,nfmcd_rank16,2,0,10,0.7547664780031296,0.353166899102646,0.6977729026819057,0.0,0.0,0.22833333333333333,0.3175907300401023,0.3723135110280716,0.7716666666666666,0.22833333333333333,0.0,0.0,0.0,,0.47
fakeddit,image,0.20,nfmcd_full,2,0,10,0.41067649897652636,0.41659622960707693,0.2652004869002301,0.0,0.0,0.22833333333333333,0.49902391451698946,0.4993167401618926,0.7716666666666666,0.22833333333333333,0.0,0.0,0.0,,1.27
fakeddit,image,0.20,nfmcd_rank16,2,1,10,0.7075830304998065,0.34889212984054024,0.740317129528978,0.0,0.0,0.22833333333333333,0.31402287558264474,0.3698160129078513,0.7716666666666666,0.22833333333333333,0.0,0.0,0.0,,0.41
fakeddit,image,0.20,nfmcd_full,2,1,10,0.3557484780653888,0.2863804564678204,0.3270458142232397,0.0,0.0,0.22833333333333333,0.4980275545614647,0.49861928819302515,0.7716666666666666,0.22833333333333333,0.0,0.0,0.0,,1.34
fakeddit,image,0.20,spectral_graph+content,2,1,10,0.5275871029340639,0.35217351375744493,0.6849178330325219,0.0,0.0,0.22833333333333333,nan,nan,nan,nan,nan,nan,nan,,0.31
fakeddit,image,0.20,spectral_graph+content,2,0,10,0.5305453735500909,0.35405913512513043,0.6876989107056446,0.0,0.0,0.22833333333333333,nan,nan,nan,nan,nan,nan,nan,,0.34
fakeddit,image,0.20,kmeans_content,2,0,10,0.013548414360346595,0.08121590187881204,0.26546577887970796,0.0,0.0,0.22833333333333333,nan,nan,nan,nan,nan,nan,nan,,0.5
fakeddit,image,0.20,kmeans_content,2,1,10,0.055276649445286874,0.08611093856155866,0.3536903439016733,0.0,0.0,0.22833333333333333,nan,nan,nan,nan,nan,nan,nan,,0.55
fakeddit,image,0.20,nfmcd_all_changes,3,0,10,0.7292589875664303,0.33680370599193027,0.6881267238793092,0.0,0.0,0.245,0.3775,0.31987499999999996,0.755,0.245,0.0,0.0,0.0,,0.49
fakeddit,image,0.20,nfmcd_all_changes,3,1,10,0.7802740471328073,0.3078071261933867,0.6443701513922042,0.0,0.0,0.245,0.3775,0.31987499999999996,0.755,0.245,0.0,0.0,0.0,,0.53
fakeddit,image,0.20,nfmcd_rank16,3,0,10,0.6112634620423345,0.34651697773035023,0.5577254378695429,0.0,0.0,0.245,0.3066088455629193,0.36462619189404344,0.755,0.245,0.0,0.0,0.0,,0.38
fakeddit,image,0.20,nfmcd_full,3,0,10,0.3099362365141256,0.2823596116296647,0.3910970711283663,0.0,0.0,0.245,0.48636849655884246,0.4904579475911898,0.755,0.245,0.0,0.0,0.0,,1.12
fakeddit,image,0.20,nfmcd_full,3,1,10,0.3266515250781805,0.30149160341176323,0.26471428314432893,0.0,0.0,0.245,0.4900280510024466,0.4930196357017127,0.755,0.245,0.0,0.0,0.0,,1.25
fakeddit,image,0.20,nfmcd_rank16,3,1,10,0.703315580512112,0.3500400134820746,0.7308676257216076,0.0,0.0,0.245,0.3073564476886189,0.3651495133820332,0.755,0.245,0.0,0.0,0.0,,0.48
fakeddit,image,0.20,spectral_graph+content,3,0,10,0.5977616298732507,0.38191163441513276,0.768404063326145,0.0,0.0,0.245,nan,nan,nan,nan,nan,nan,nan,,0.34
fakeddit,image,0.20,spectral_graph+content,3,1,10,0.5977616298732507,0.38191163441513276,0.768404063326145,0.0,0.0,0.245,nan,nan,nan,nan,nan,nan,nan,,0.3
fakeddit,image,0.20,kmeans_content,3,0,10,0.018131412373395772,0.06315196935304203,0.2976062018731557,0.0,0.0,0.245,nan,nan,nan,nan,nan,nan,nan,,0.55
fakeddit,image,0.20,kmeans_content,3,1,10,0.030459043557071963,0.09905931320985885,0.2837147410703754,0.0,0.0,0.245,nan,nan,nan,nan,nan,nan,nan,,0.53
fakeddit,image,0.20,nfmcd_all_changes,4,0,10,0.7392376663811788,0.3075714083927093,0.694059232124987,0.0,0.0,0.2275,0.3862499999999999,0.32381249999999995,0.7725,0.2275,0.0,0.0,0.0,,0.55
fakeddit,image,0.20,nfmcd_all_changes,4,1,10,0.7339230085392844,0.30591456108204573,0.6927242471846428,0.0,0.0,0.2275,0.38625,0.3238125,0.7725,0.2275,0.0,0.0,0.0,,0.5
fakeddit,image,0.20,nfmcd_full,4,1,10,0.33515570248114424,0.3144407202124816,0.28945489680116643,0.0,0.0,0.2275,0.49373869236401957,0.4956170846548137,0.7725,0.2275,0.0,0.0,0.0,,1.27
fakeddit,image,0.20,nfmcd_full,4,0,10,0.2743206136192561,0.3061778085966745,0.2937842749861428,0.0,0.0,0.2275,0.49214449368081964,0.4945011455765737,0.7725,0.2275,0.0,0.0,0.0,,1.3
fakeddit,image,0.20,nfmcd_rank16,4,0,10,0.6732194926224848,0.3430577861978137,0.7377613515978833,0.0,0.0,0.2275,0.31255583458452213,0.36878908420916545,0.7725,0.2275,0.0,0.0,0.0,,0.42
fakeddit,image,0.20,nfmcd_rank16,4,1,10,0.7529637866800554,0.3553101046931164,0.6948624671240011,0.0,0.0,0.2275,0.3125026980515953,0.36875188863611674,0.7725,0.2275,0.0,0.0,0.0,,0.48
fakeddit,image,0.20,spectral_graph+content,4,0,10,0.6545025209961807,0.3962958478432359,0.8003917060495953,0.0,0.0,0.2275,nan,nan,nan,nan,nan,nan,nan,,0.28
fakeddit,image,0.20,spectral_graph+content,4,1,10,0.652256119551818,0.39608633789705255,0.7988838470493571,0.0,0.0,0.2275,nan,nan,nan,nan,nan,nan,nan,,0.28
fakeddit,image,0.20,kmeans_content,4,0,10,0.03562493366560848,0.08474145394131063,0.25622871191926144,0.0,0.0,0.2275,nan,nan,nan,nan,nan,nan,nan,,0.53
fakeddit,image,0.20,kmeans_content,4,1,10,0.02139656708751969,0.06681844437450728,0.254783992505968,0.0,0.0,0.2275,nan,nan,nan,nan,nan,nan,nan,,0.48
fakeddit,image,0.40,nfmcd_full,0,0,10,0.5306348010655808,0.33424626786997114,0.5063128670093991,0.0,0.0,0.43666666666666665,0.3616841085623117,0.4031788759936182,0.5633333333333334,0.43666666666666665,0.0,0.0,0.0,,0.75
fakeddit,image,0.40,nfmcd_all_changes,0,1,10,0.6770123532670296,0.3458734997317198,0.6199895182937692,0.0,0.0,0.43666666666666665,0.28125,0.27656249999999993,0.5633333333333334,0.43666666666666665,0.0,0.0,0.0,,0.36
fakeddit,image,0.40,nfmcd_all_changes,0,0,10,0.7399011605129518,0.33472233794243533,0.7304222492158698,0.0,0.0,0.43666666666666665,0.28125,0.2765625,0.5633333333333334,0.43666666666666665,0.0,0.0,0.0,,0.47
fakeddit,image,0.40,nfmcd_full,0,1,10,0.6638949122222805,0.3506064063705191,0.6610003169336662,0.0,0.0,0.43666666666666665,0.363446539159956,0.4044125774119691,0.5633333333333334,0.43666666666666665,0.0,0.0,0.0,,0.77
fakeddit,image,0.40,spectral_graph+content,0,1,10,0.6486756982448147,0.3959470202806558,0.7989518696755233,0.0,0.0,0.43666666666666665,nan,nan,nan,nan,nan,nan,nan,,0.3
fakeddit,image,0.40,spectral_graph+content,0,0,10,0.6466633663356204,0.3958437687236216,0.7974554543248613,0.0,0.0,0.43666666666666665,nan,nan,nan,nan,nan,nan,nan,,0.31
fakeddit,image,0.40,nfmcd_rank16,0,1,10,0.7206864671585883,0.33641728984270897,0.6844738275264306,0.0,0.0,0.43666666666666665,0.22325605529635767,0.30627923870745033,0.5633333333333334,0.43666666666666665,0.0,0.0,0.0,,0.41
fakeddit,image,0.40,nfmcd_rank16,0,0,10,0.7070145683305233,0.34971067936498584,0.7360637090222012,0.0,0.0,0.43666666666666665,0.2255686001826579,0.30789802012786055,0.5633333333333334,0.43666666666666665,0.0,0.0,0.0,,0.48
fakeddit,image,0.40,kmeans_content,0,0,10,0.009875559688694802,0.07887195520742583,0.26767905433477157,0.0,0.0,0.43666666666666665,nan,nan,nan,nan,nan,nan,nan,,0.58
fakeddit,image,0.40,kmeans_content,0,1,10,0.01659568559170732,0.0643903573671569,0.248877274853035,0.0,0.0,0.43666666666666665,nan,nan,nan,nan,nan,nan,nan,,0.62
fakeddit,image,0.40,nfmcd_full,1,1,10,0.6301524610733321,0.34314232149901336,0.6064289380348253,0.0,0.0,0.43,0.36653906001985576,0.406577342013899,0.57,0.43,0.0,0.0,0.0,,0.7
fakeddit,image,0.40,nfmcd_all_changes,1,0,10,0.6864586953439308,0.33662203153923537,0.677312985965177,0.0,0.0,0.43,0.28458333333333335,0.27806249999999993,0.57,0.43,0.0,0.0,0.0,,0.33
fakeddit,image,0.40,nfmcd_full,1,0,10,0.6266666654186283,0.3504794218621195,0.6305762803370923,0.0,0.0,0.43,0.36527007189965793,0.40568905032976055,0.57,0.43,0.0,0.0,0.0,,0.84
fakeddit,image,0.40,nfmcd_all_changes,1,1,10,0.6889199847363392,0.33654971467870654,0.6785136071675365,0.0,0.0,0.43,0.28458333333333335,0.27806249999999993,0.57,0.43,0.0,0.0,0.0,,0.39
fakeddit,image,0.40,spectral_graph+content,1,0,10,0.6782118994242885,0.3998384917077782,0.8213095322641333,0.0,0.0,0.43,nan,nan,nan,nan,nan,nan,nan,,0.28
fakeddit,image,0.40,nfmcd_rank16,1,1,10,0.7117492796911267,0.33262670655161514,0.6847275045240653,0.0,0.0,0.43,0.22689063392793007,0.308823443749551,0.57,0.43,0.0,0.0,0.0,,0.38
fakeddit,image,0.40,nfmcd_rank16,1,0,10,0.7092286707356976,0.3537455550246104,0.737892775701704,0.0,0.0,0.43,0.22908955592324673,0.31036268914627263,0.57,0.43,0.0,0.0,0.0,,0.45
fakeddit,image,0.40,spectral_graph+content,1,1,10,0.6772394624321454,0.4005652213705929,0.817855320393096,0.0,0.0,0.43,nan,nan,nan,nan,nan,nan,nan,,0.31
fakeddit,image,0.40,kmeans_content,1,1,10,0.007636409654664944,0.06811575228318094,0.22534289199380667,0.0,0.0,0.43,nan,nan,nan,nan,nan,nan,nan,,0.42
fakeddit,image,0.40,kmeans_content,1,0,10,0.01093652292287317,0.07291463085711387,0.27496377706286756,0.0,0.0,0.43,nan,nan,nan,nan,nan,nan,nan,,0.58
fakeddit,image,0.40,nfmcd_all_changes,2,0,10,0.7166450267197394,0.3131347007722035,0.6891825281230273,0.0,0.0,0.43666666666666665,0.28125,0.27656249999999993,0.5633333333333334,0.43666666666666665,0.0,0.0,0.0,,0.3
fakeddit,image,0.40,nfmcd_all_changes,2,1,10,0.6857817480421549,0.34175767212484626,0.6769086929448334,0.0,0.0,0.43666666666666665,0.28125,0.2765625,0.5633333333333334,0.43666666666666665,0.0,0.0,0.0,,0.34
fakeddit,image,0.40,nfmcd_full,2,0,10,0.4691794639703921,0.3533557784856843,0.4258934741680013,0.0,0.0,0.43666666666666665,0.36116658586589656,0.40281661010612757,0.5633333333333334,0.43666666666666665,0.0,0.0,0.0,,0.83
fakeddit,image,0.40,nfmcd_full,2,1,10,0.4559181946403439,0.34824736501969117,0.4051712318158616,0.0,0.0,0.43666666666666665,0.3599232986772004,0.4019463090740403,0.5633333333333334,0.43666666666666665,0.0,0.0,0.0,,0.83
fakeddit,image,0.40,nfmcd_rank16,2,0,10,0.7153563163403669,0.35765758694040056,0.7341840909852515,0.0,0.0,0.43666666666666665,0.2270879619595767,0.30896157337170366,0.5633333333333334,0.43666666666666665,0.0,0.0,0.0,,0.36
fakeddit,image,0.40,spectral_graph+content,2,0,10,0.5997592209224152,0.3879466426938906,0.778633483776277,0.0,0.0,0.43666666666666665,nan,nan,nan,nan,nan,nan,nan,,0.25
fakeddit,image,0.40,spectral_graph+content,2,1,10,0.5928247899469763,0.3852263801536187,0.7742846987585692,0.0,0.0,0.43666666666666665,nan,nan,nan,nan,nan,nan,nan,,0.27
fakeddit,image,0.40,nfmcd_rank16,2,1,10,0.712818872255921,0.3591227455185286,0.7343027346984833,0.0,0.0,0.43666666666666665,0.22584044498142233,0.30808831148699556,0.5633333333333334,0.43666666666666665,0.0,0.0,0.0,,0.44
fakeddit,image,0.40,kmeans_content,2,1,10,0.016569067561311712,0.07591546523391457,0.2190036484850794,0.0,0.0,0.43666666666666665,nan,nan,nan,nan,nan,nan,nan,,0.53
fakeddit,image,0.40,kmeans_content,2,0,10,0.012531300957230318,0.06641528998083215,0.22602433871997415,0.0,0.0,0.43666666666666665,nan,nan,nan,nan,nan,nan,nan,,0.61
fakeddit,image,0.40,nfmcd_all_changes,3,0,10,0.6881884457538373,0.357960474312732,0.7390996846798664,0.0,0.0,0.4083333333333333,0.29583333333333334,0.283125,0.5916666666666667,0.4083333333333333,0.0,0.0,0.0,,0.3
fakeddit,image,0.40,nfmcd_full,3,0,10,0.5716541341014816,0.3413353109539958,0.6513289096373168,0.0,0.0,0.4083333333333333,0.3763124267737063,0.41341869874159437,0.5916666666666667,0.4083333333333333,0.0,0.0,0.0,,0.84
fakeddit,image,0.40,nfmcd_all_changes,3,1,10,0.6891050307758821,0.3431612925711288,0.6778225987719102,0.0,0.0,0.4083333333333333,0.29583333333333334,0.283125,0.5916666666666667,0.4083333333333333,0.0,0.0,0.0,,0.36
fakeddit,image,0.40,nfmcd_full,3,1,10,0.6199170311458946,0.3452648009702333,0.6879837618215887,0.0,0.0,0.4083333333333333,0.378630218580478,0.4150411530063346,0.5916666666666667,0.4083333333333333,0.0,0.0,0.0,,0.88
fakeddit,image,0.40,nfmcd_rank16,3,0,10,0.7131606925075334,0.3508966230032811,0.7405564209659687,0.0,0.0,0.4083333333333333,0.23836754689595782,0.31685728282717046,0.5916666666666667,0.4083333333333333,0.0,0.0,0.0,,0.34
fakeddit,image,0.40,spectral_graph+content,3,0,10,0.7050903174211369,0.4095784458960153,0.8286200764765053,0.0,0.0,0.4083333333333333,nan,nan,nan,nan,nan,nan,nan,,0.3
fakeddit,image,0.40,nfmcd_rank16,3,1,10,0.7191699332945986,0.3416332644460876,0.6851427648925094,0.0,0.0,0.4083333333333333,0.23860484161137596,0.31702338912796313,0.5916666666666667,0.4083333333333333,0.0,0.0,0.0,,0.45
fakeddit,image,0.40,spectral_graph+content,3,1,10,0.7045083075203873,0.40866874540267634,0.8284329916904081,0.0,0.0,0.4083333333333333,nan,nan,nan,nan,nan,nan,nan,,0.31
fakeddit,image,0.40,kmeans_content,3,0,10,0.01292296561978823,0.08665483435760028,0.24203123343881594,0.0,0.0,0.4083333333333333,nan,nan,nan,nan,nan,nan,nan,,0.55
fakeddit,image,0.40,kmeans_content,3,1,10,0.03681143633674977,0.08741891053158937,0.2720615033595036,0.0,0.0,0.4083333333333333,nan,nan,nan,nan,nan,nan,nan,,0.53
fakeddit,image,0.40,nfmcd_all_changes,4,0,10,0.6921177275198481,0.35212563059305413,0.7382424820384806,0.0,0.0,0.42833333333333334,0.28541666666666665,0.2784375,0.5716666666666667,0.42833333333333334,0.0,0.0,0.0,,0.42
fakeddit,image,0.40,nfmcd_full,4,0,10,0.58624484065347,0.35212542355482584,0.6296300774103598,0.0,0.0,0.42833333333333334,0.3675640388484675,0.40729482719392723,0.5716666666666667,0.42833333333333334,0.0,0.0,0.0,,0.8
fakeddit,image,0.40,nfmcd_full,4,1,10,0.623357844604786,0.3492807947434408,0.6416878386524608,0.0,0.0,0.42833333333333334,0.3685885243482817,0.40801196704379716,0.5716666666666667,0.42833333333333334,0.0,0.0,0.0,,0.78
fakeddit,image,0.40,nfmcd_all_changes,4,1,10,0.6863848361150179,0.34469219374973753,0.6755587626611209,0.0,0.0,0.42833333333333334,0.28541666666666665,0.27843749999999995,0.5716666666666667,0.42833333333333334,0.0,0.0,0.0,,0.41
fakeddit,image,0.40,spectral_graph+content,4,0,10,0.6793300120830208,0.40151295956426825,0.8138293588339799,0.0,0.0,0.42833333333333334,nan,nan,nan,nan,nan,nan,nan,,0.28
fakeddit,image,0.40,spectral_graph+content,4,1,10,0.6809162207620109,0.4023378922365512,0.8142851658923874,0.0,0.0,0.42833333333333334,nan,nan,nan,nan,nan,nan,nan,,0.25
fakeddit,image,0.40,nfmcd_rank16,4,0,10,0.7081881800626983,0.3482297795111033,0.7406775545096338,0.0,0.0,0.42833333333333334,0.23246636612940164,0.3127264562905811,0.5716666666666667,0.42833333333333334,0.0,0.0,0.0,,0.31
fakeddit,image,0.40,nfmcd_rank16,4,1,10,0.7046998546363222,0.3366555908434343,0.6818269663378076,0.0,0.0,0.42833333333333334,0.23012703892805955,0.31108892724964166,0.5716666666666667,0.42833333333333334,0.0,0.0,0.0,,0.34
fakeddit,image,0.60,nfmcd_full,0,0,10,0.6343365963212654,0.35149533933696203,0.715434409780447,0.0,0.0,0.6333333333333333,0.23443718370437258,0.31410602859306075,0.36666666666666664,0.6333333333333333,0.0,0.0,0.0,,0.45
fakeddit,image,0.40,kmeans_content,4,0,10,0.01618915171835411,0.08119594976401497,0.23920480074210038,0.0,0.0,0.42833333333333334,nan,nan,nan,nan,nan,nan,nan,,0.48
fakeddit,image,0.60,nfmcd_full,0,1,10,0.6355888539238961,0.348156408348212,0.7181362370848794,0.0,0.0,0.6333333333333333,0.2344968903843154,0.3141478232690207,0.36666666666666664,0.6333333333333333,0.0,0.0,0.0,,0.44
fakeddit,image,0.40,kmeans_content,4,1,10,0.015194322772120072,0.06675533593733063,0.26474856938457303,0.0,0.0,0.42833333333333334,nan,nan,nan,nan,nan,nan,nan,,0.52
fakeddit,image,0.60,nfmcd_all_changes,0,0,10,0.7537319503408284,0.3463266458945106,0.7407538310527066,0.0,0.0,0.6333333333333333,0.1825,0.23212499999999997,0.36666666666666664,0.6333333333333333,0.0,0.0,0.0,,0.28
fakeddit,image,0.60,nfmcd_all_changes,0,1,10,0.755379637103372,0.3413303515921281,0.7410208866482206,0.0,0.0,0.6333333333333333,0.1825,0.23212499999999997,0.36666666666666664,0.6333333333333333,0.0,0.0,0.0,,0.28
fakeddit,image,0.60,nfmcd_rank16,0,1,10,0.8011246060660182,0.34716851747906863,0.8150165733732733,0.0,0.0,0.6333333333333333,0.13717664223137632,0.2460236495619634,0.36666666666666664,0.6333333333333333,0.0,0.0,0.0,,0.27
fakeddit,image,0.60,nfmcd_rank16,0,0,10,0.7645679776497024,0.3427221007849227,0.7367710130887081,0.0,0.0,0.6333333333333333,0.1371539031011296,0.24600773217079072,0.36666666666666664,0.6333333333333333,0.0,0.0,0.0,,0.41
fakeddit,image,0.60,spectral_graph+content,0,0,10,0.6738292213434176,0.4044188653208107,0.8103577287062113,0.0,0.0,0.6333333333333333,nan,nan,nan,nan,nan,nan,nan,,0.31
fakeddit,image,0.60,spectral_graph+content,0,1,10,0.6803405506288686,0.40497133886990927,0.8146865970170651,0.0,0.0,0.6333333333333333,nan,nan,nan,nan,nan,nan,nan,,0.33
fakeddit,image,0.60,kmeans_content,0,0,10,0.014083903774088746,0.07114806602628744,0.258496618345474,0.0,0.0,0.6333333333333333,nan,nan,nan,nan,nan,nan,nan,,0.61
fakeddit,image,0.60,kmeans_content,0,1,10,0.010718195015576137,0.06546730971168997,0.24913240367533995,0.0,0.0,0.6333333333333333,nan,nan,nan,nan,nan,nan,nan,,0.55
fakeddit,image,0.60,nfmcd_full,1,0,10,0.6889282413854989,0.34623873109238507,0.7452170896747943,0.0,0.0,0.625,0.23495786348870135,0.3144705044420909,0.375,0.625,0.0,0.0,0.0,,0.41
fakeddit,image,0.60,nfmcd_full,1,1,10,0.6431310656713848,0.3503783872067295,0.7225764025921565,0.0,0.0,0.625,0.23469841207443398,0.31428888845210373,0.375,0.625,0.0,0.0,0.0,,0.48
fakeddit,image,0.60,nfmcd_all_changes,1,0,10,0.7498318358053593,0.34301711433417326,0.736063554801451,0.0,0.0,0.625,0.18583333333333332,0.23362499999999997,0.375,0.625,0.0,0.0,0.0,,0.33
fakeddit,image,0.60,nfmcd_all_changes,1,1,10,0.7468451195259178,0.34238351365163255,0.7356987737376218,0.0,0.0,0.625,0.18583333333333332,0.23362499999999997,0.375,0.625,0.0,0.0,0.0,,0.3
fakeddit,image,0.60,nfmcd_rank16,1,0,10,0.8230370296178867,0.34882406522669945,0.8293744238412761,0.0,0.0,0.625,0.14000126862710796,0.24800088803897552,0.375,0.625,0.0,0.0,0.0,,0.38
fakeddit,image,0.60,nfmcd_rank16,1,1,10,0.7760624628204416,0.3439317837449904,0.7375396176187203,0.0,0.0,0.625,0.13905371303597666,0.24733759912518366,0.375,0.625,0.0,0.0,0.0,,0.31
fakeddit,image,0.60,spectral_graph+content,1,0,10,0.661173637069491,0.40383169216465603,0.8007332489777781,0.0,0.0,0.625,nan,nan,nan,nan,nan,nan,nan,,0.34
fakeddit,image,0.60,spectral_graph+content,1,1,10,0.6636199736287369,0.4036901034981555,0.8013231122717995,0.0,0.0,0.625,nan,nan,nan,nan,nan,nan,nan,,0.36
fakeddit,image,0.60,kmeans_content,1,0,10,0.010798147091048205,0.04164221677907749,0.22961303981014275,0.0,0.0,0.625,nan,nan,nan,nan,nan,nan,nan,,0.47
fakeddit,image,0.60,kmeans_content,1,1,10,0.016386929386361215,0.04833605892259561,0.22810543820757218,0.0,0.0,0.625,nan,nan,nan,nan,nan,nan,nan,,0.48
fakeddit,image,0.60,nfmcd_full,2,1,10,0.6764641087715326,0.35361219055357695,0.727458035795711,0.0,0.0,0.6308333333333334,0.232903318251689,0.31303232277618226,0.36916666666666664,0.6308333333333334,0.0,0.0,0.0,,0.36
fakeddit,image,0.60,nfmcd_full,2,0,10,0.6784588187381654,0.35462475719432524,0.7268884480942119,0.0,0.0,0.6308333333333334,0.23489190538843563,0.3144243337719049,0.36916666666666664,0.6308333333333334,0.0,0.0,0.0,,0.45
fakeddit,image,0.60,nfmcd_all_changes,2,0,10,0.8164923473971337,0.35968294000093937,0.832407274628099,0.0,0.0,0.6308333333333334,0.18333333333333332,0.23249999999999996,0.36916666666666664,0.6308333333333334,0.0,0.0,0.0,,0.26
fakeddit,image,0.60,nfmcd_all_changes,2,1,10,0.8128295371337947,0.36062189977373654,0.8322799006600347,0.0,0.0,0.6308333333333334,0.18333333333333332,0.23249999999999996,0.36916666666666664,0.6308333333333334,0.0,0.0,0.0,,0.3
fakeddit,image,0.60,nfmcd_rank16,2,1,10,0.8225666377137373,0.35144097746862846,0.8287354975988068,0.0,0.0,0.6308333333333334,0.1454574374897172,0.251820206242802,0.36916666666666664,0.6308333333333334,0.0,0.0,0.0,,0.34
fakeddit,image,0.60,nfmcd_rank16,2,0,10,0.8164066326160775,0.3531425131845607,0.8256784265435808,0.0,0.0,0.6308333333333334,0.14643504741033214,0.2525045331872325,0.36916666666666664,0.6308333333333334,0.0,0.0,0.0,,0.39
fakeddit,image,0.60,spectral_graph+content,2,0,10,0.6538056512237811,0.3721312472535184,0.787493508764423,0.0,0.0,0.6308333333333334,nan,nan,nan,nan,nan,nan,nan,,0.3
fakeddit,image,0.60,spectral_graph+content,2,1,10,0.6475458104392773,0.37206604613763467,0.7845521756799747,0.0,0.0,0.6308333333333334,nan,nan,nan,nan,nan,nan,nan,,0.34
fakeddit,image,0.60,nfmcd_full,3,0,10,0.6812137019372121,0.3496565468313051,0.7348266898726239,0.0,0.0,0.6166666666666667,0.2453623926113616,0.3217536748279531,0.38333333333333336,0.6166666666666667,0.0,0.0,0.0,,0.42
fakeddit,image,0.60,kmeans_content,2,1,10,0.021419160713091467,0.0553767920249588,0.2162000702995653,0.0,0.0,0.6308333333333334,nan,nan,nan,nan,nan,nan,nan,,0.53
fakeddit,image,0.60,kmeans_content,2,0,10,0.008271294336047452,0.058424044372535,0.2133437645244725,0.0,0.0,0.6308333333333334,nan,nan,nan,nan,nan,nan,nan,,0.58
fakeddit,image,0.60,nfmcd_full,3,1,10,0.6877165260655173,0.3459854118571023,0.7461702536587285,0.0,0.0,0.6166666666666667,0.24413250785550852,0.3208927554988559,0.38333333333333336,0.6166666666666667,0.0,0.0,0.0,,0.47
fakeddit,image,0.60,nfmcd_all_changes,3,0,10,0.8102232996170067,0.357037650780925,0.8290131194664367,0.0,0.0,0.6166666666666667,0.18875,0.23493749999999997,0.38333333333333336,0.6166666666666667,0.0,0.0,0.0,,0.42
fakeddit,image,0.60,nfmcd_all_changes,3,1,10,0.8102232996170067,0.3559053746365977,0.8290131194664367,0.0,0.0,0.6166666666666667,0.18875,0.23493749999999997,0.38333333333333336,0.6166666666666667,0.0,0.0,0.0,,0.33
fakeddit,image,0.60,nfmcd_rank16,3,1,10,0.7139492172410628,0.35586933405886323,0.7326529473117348,0.0,0.0,0.6166666666666667,0.14838363823763098,0.2538685467663417,0.38333333333333336,0.6166666666666667,0.0,0.0,0.0,,0.36
fakeddit,image,0.60,nfmcd_rank16,3,0,10,0.7591603549373733,0.34670811223747483,0.7376694321608392,0.0,0.0,0.6166666666666667,0.14801812761746386,0.25361268933222464,0.38333333333333336,0.6166666666666667,0.0,0.0,0.0,,0.42
fakeddit,image,0.60,spectral_graph+content,3,0,10,0.6360112252583257,0.3702446161763198,0.8094272168059435,0.0,0.0,0.6166666666666667,nan,nan,nan,nan,nan,nan,nan,,0.33
fakeddit,image,0.60,spectral_graph+content,3,1,10,0.6402154212156406,0.37461411339086254,0.8134118989842483,0.0,0.0,0.6166666666666667,nan,nan,nan,nan,nan,nan,nan,,0.33
fakeddit,image,0.60,kmeans_content,3,0,10,0.016959761284427666,0.06559386421761551,0.24606772641586402,0.0,0.0,0.6166666666666667,nan,nan,nan,nan,nan,nan,nan,,0.5
fakeddit,image,0.60,nfmcd_full,4,0,10,0.6847764736300843,0.35068877891853434,0.7359783786313948,0.0,0.0,0.6283333333333333,0.23464245104881334,0.3142497157341693,0.37166666666666665,0.6283333333333333,0.0,0.0,0.0,,0.41
fakeddit,image,0.60,kmeans_content,3,1,10,0.016262139165653222,0.06493082269901647,0.21270253153998464,0.0,0.0,0.6166666666666667,nan,nan,nan,nan,nan,nan,nan,,0.62
fakeddit,image,0.60,nfmcd_full,4,1,10,0.6865558770759699,0.3538962374471369,0.7419148479249691,0.0,0.0,0.6283333333333333,0.23500581921243432,0.314504073448704,0.37166666666666665,0.6283333333333333,0.0,0.0,0.0,,0.48
fakeddit,image,0.60,nfmcd_all_changes,4,1,10,0.7407629479177323,0.33651414551109177,0.7347488899155492,0.0,0.0,0.6283333333333333,0.18333333333333332,0.23249999999999996,0.37166666666666665,0.6283333333333333,0.0,0.0,0.0,,0.25
fakeddit,image,0.60,nfmcd_all_changes,4,0,10,0.7382431466360558,0.3388737793097729,0.7346547253408955,0.0,0.0,0.6283333333333333,0.18333333333333332,0.2325,0.37166666666666665,0.6283333333333333,0.0,0.0,0.0,,0.36
fakeddit,image,0.60,nfmcd_rank16,4,0,10,0.8091405721199039,0.35062003267114206,0.8193535616005532,0.0,0.0,0.6283333333333333,0.1403074347843158,0.24821520434902103,0.37166666666666665,0.6283333333333333,0.0,0.0,0.0,,0.39
fakeddit,image,0.60,spectral_graph+content,4,1,10,0.6470838082226802,0.38011867061760163,0.8060554165076678,0.0,0.0,0.6283333333333333,nan,nan,nan,nan,nan,nan,nan,,0.36
fakeddit,image,0.60,spectral_graph+content,4,0,10,0.6416575819190722,0.37787043294133393,0.8087241242476569,0.0,0.0,0.6283333333333333,nan,nan,nan,nan,nan,nan,nan,,0.36
fakeddit,image,0.60,nfmcd_rank16,4,1,10,0.7536600712373618,0.34539224733314217,0.7347890899559932,0.0,0.0,0.6283333333333333,0.13951269623774668,0.24765888736642264,0.37166666666666665,0.6283333333333333,0.0,0.0,0.0,,0.55
fakeddit,image,0.80,nfmcd_full,0,1,10,0.8068398011427956,0.36240580803768396,0.8230796298447318,0.0,0.0,0.8225,0.10771521968946224,0.2254006537826235,0.1775,0.8225,0.0,0.0,0.0,,0.3
fakeddit,image,0.80,nfmcd_full,0,0,10,0.8096509197393689,0.36349128080161075,0.8249049785489422,0.0,0.0,0.8225,0.10735531244841393,0.22514871871388972,0.1775,0.8225,0.0,0.0,0.0,,0.33
fakeddit,image,0.60,kmeans_content,4,0,10,0.007972356850590612,0.0423394355313567,0.20406316966298732,0.0,0.0,0.6283333333333333,nan,nan,nan,nan,nan,nan,nan,,0.53
fakeddit,image,0.80,nfmcd_all_changes,0,0,10,0.8232727494642231,0.3673584331999215,0.8341878380186085,0.0,0.0,0.8225,0.085,0.18824999999999997,0.1775,0.8225,0.0,0.0,0.0,,0.28
fakeddit,image,0.60,kmeans_content,4,1,10,0.029110283587208463,0.06953233650775599,0.255155565121549,0.0,0.0,0.6283333333333333,nan,nan,nan,nan,nan,nan,nan,,0.59
fakeddit,image,0.80,nfmcd_all_changes,0,1,10,0.7658232570638019,0.3396229073236817,0.7623789106868499,0.0,0.0,0.8225,0.085,0.18824999999999997,0.1775,0.8225,0.0,0.0,0.0,,0.33
fakeddit,image,0.80,nfmcd_rank16,0,0,10,0.8192146043843513,0.3710739858370945,0.8299543992652559,0.0,0.0,0.8225,0.057929010005428834,0.19055030700380016,0.1775,0.8225,0.0,0.0,0.0,,0.34
fakeddit,image,0.80,spectral_graph+content,0,0,10,0.5800349323463675,0.379878251456541,0.7523302406929038,0.0,0.0,0.8225,nan,nan,nan,nan,nan,nan,nan,,0.28
fakeddit,image,0.80,nfmcd_rank16,0,1,10,0.8192146043843513,0.37100606774261524,0.8299543992652559,0.0,0.0,0.8225,0.058199145770627014,0.1907394020394389,0.1775,0.8225,0.0,0.0,0.0,,0.3
fakeddit,image,0.80,spectral_graph+content,0,1,10,0.5867020299041255,0.38086018599511756,0.7567959137913841,0.0,0.0,0.8225,nan,nan,nan,nan,nan,nan,nan,,0.3
fakeddit,image,0.80,nfmcd_full,1,0,10,0.8128425451712659,0.352910945704059,0.8256545976828205,0.0,0.0,0.805,0.12176849247650376,0.2352379447335526,0.195,0.805,0.0,0.0,0.0,,0.3
fakeddit,image,0.80,nfmcd_full,1,1,10,0.8135160530027234,0.3533737143666585,0.8263477680969391,0.0,0.0,0.805,0.12040044720999997,0.2342803130469999,0.195,0.805,0.0,0.0,0.0,,0.3
fakeddit,image,0.80,kmeans_content,0,0,10,0.012104504254422777,0.04942591134135093,0.23026338152026224,0.0,0.0,0.8225,nan,nan,nan,nan,nan,nan,nan,,0.59
fakeddit,image,0.80,kmeans_content,0,1,10,0.031040443330033307,0.0696979033862924,0.25954093848455273,0.0,0.0,0.8225,nan,nan,nan,nan,nan,nan,nan,,0.5
fakeddit,image,0.80,nfmcd_all_changes,1,0,10,0.7754322132816183,0.3416906522577573,0.7308576725224077,0.0,0.0,0.805,0.09291666666666666,0.19181249999999997,0.195,0.805,0.0,0.0,0.0,,0.22
fakeddit,image,0.80,nfmcd_rank16,1,0,10,0.8193448116847116,0.37033831530802247,0.830773109632748,0.0,0.0,0.805,0.06345242219772032,0.1944166955384042,0.195,0.805,0.0,0.0,0.0,,0.25
fakeddit,image,0.80,nfmcd_rank16,1,1,10,0.8180729190386409,0.37025274800088503,0.8301460709820363,0.0,0.0,0.805,0.0630709104990835,0.19414963734935842,0.195,0.805,0.0,0.0,0.0,,0.19
fakeddit,image,0.80,nfmcd_all_changes,1,1,10,0.759085169734482,0.340674393966139,0.7685691267231725,0.0,0.0,0.805,0.09291666666666666,0.19181249999999997,0.195,0.805,0.0,0.0,0.0,,0.31
fakeddit,image,0.80,spectral_graph+content,1,0,10,0.559783196265271,0.3807850024514282,0.7449632596569472,0.0,0.0,0.805,nan,nan,nan,nan,nan,nan,nan,,0.36
fakeddit,image,0.80,spectral_graph+content,1,1,10,0.5623855677828761,0.3814807687509061,0.7463831586890195,0.0,0.0,0.805,nan,nan,nan,nan,nan,nan,nan,,0.31
fakeddit,image,0.80,kmeans_content,1,1,10,0.011275909165089693,0.0484156157507065,0.22825244406075534,0.0,0.0,0.805,nan,nan,nan,nan,nan,nan,nan,,0.47
fakeddit,image,0.80,kmeans_content,1,0,10,0.012607885247934325,0.046214286566555164,0.2199865894296308,0.0,0.0,0.805,nan,nan,nan,nan,nan,nan,nan,,0.53
fakeddit,image,0.80,nfmcd_full,2,1,10,0.8130172036705429,0.3606718851724451,0.8222947355704889,0.0,0.0,0.7991666666666667,0.12370328630566227,0.2365923004139635,0.20083333333333334,0.7991666666666667,0.0,0.0,0.0,,0.34
fakeddit,image,0.80,nfmcd_full,2,0,10,0.810759041818069,0.35949972390974483,0.8211690200300794,0.0,0.0,0.7991666666666667,0.12241686204479314,0.23569180343135515,0.20083333333333334,0.7991666666666667,0.0,0.0,0.0,,0.44
fakeddit,image,0.80,nfmcd_all_changes,2,0,10,0.8219854131783266,0.3641150933537601,0.8311451851484245,0.0,0.0,0.7991666666666667,0.095,0.19274999999999995,0.20083333333333334,0.7991666666666667,0.0,0.0,0.0,,0.28
fakeddit,image,0.80,nfmcd_all_changes,2,1,10,0.8224588885433295,0.3637324612263106,0.83171232443116,0.0,0.0,0.7991666666666667,0.095,0.19274999999999995,0.20083333333333334,0.7991666666666667,0.0,0.0,0.0,,0.25
fakeddit,image,0.80,nfmcd_rank16,2,1,10,0.8192831548673141,0.36985575060559794,0.829112251969832,0.0,0.0,0.7991666666666667,0.06982881461711754,0.19888017023198226,0.20083333333333334,0.7991666666666667,0.0,0.0,0.0,,0.23
fakeddit,image,0.80,nfmcd_rank16,2,0,10,0.7562003668024873,0.34410573089396607,0.7555209513893706,0.0,0.0,0.7991666666666667,0.06946290418533717,0.19862403292973602,0.20083333333333334,0.7991666666666667,0.0,0.0,0.0,,0.36
fakeddit,image,0.80,spectral_graph+content,2,0,10,0.6195285802803646,0.3890871876265342,0.770729900470225,0.0,0.0,0.7991666666666667,nan,nan,nan,nan,nan,nan,nan,,0.31
fakeddit,image,0.80,spectral_graph+content,2,1,10,0.6222691321469669,0.3892046834136726,0.7717653372650679,0.0,0.0,0.7991666666666667,nan,nan,nan,nan,nan,nan,nan,,0.31
fakeddit,image,0.80,nfmcd_full,3,1,10,0.7128925177070062,0.3683100286750494,0.7327566230509258,0.0,0.0,0.82,0.11275616711935349,0.22892931698354743,0.18,0.82,0.0,0.0,0.0,,0.28
fakeddit,image,0.80,nfmcd_full,3,0,10,0.8170895198420935,0.3668313552784215,0.8281923698092575,0.0,0.0,0.82,0.11185391222501664,0.22829773855751162,0.18,0.82,0.0,0.0,0.0,,0.3
fakeddit,image,0.80,kmeans_content,2,0,10,0.030757181173088677,0.05398830129535665,0.2330480976109784,0.0,0.0,0.7991666666666667,nan,nan,nan,nan,nan,nan,nan,,0.59
fakeddit,image,0.80,kmeans_content,2,1,10,0.03685398452251065,0.06505015316337755,0.23526305466943556,0.0,0.0,0.7991666666666667,nan,nan,nan,nan,nan,nan,nan,,0.5
fakeddit,image,0.80,nfmcd_all_changes,3,0,10,0.8183800415567891,0.36871676960787875,0.8295133429788132,0.0,0.0,0.82,0.08416666666666667,0.18787499999999996,0.18,0.82,0.0,0.0,0.0,,0.22
fakeddit,image,0.80,nfmcd_all_changes,3,1,10,0.8194629025217558,0.368769672653004,0.8302876792619991,0.0,0.0,0.82,0.08416666666666667,0.187875,0.18,0.82,0.0,0.0,0.0,,0.23
fakeddit,image,0.80,nfmcd_rank16,3,1,10,0.7822203238530598,0.3546173165589219,0.737255082869064,0.0,0.0,0.82,0.05568957232112386,0.18898270062478667,0.18,0.82,0.0,0.0,0.0,,0.22
fakeddit,image,0.80,nfmcd_rank16,3,0,10,0.8289768592551777,0.43620897689600524,0.9058882103009889,0.0,0.0,0.82,0.05721331742992338,0.19004932220094634,0.18,0.82,0.0,0.0,0.0,,0.28
fakeddit,image,0.80,spectral_graph+content,3,0,10,0.535261405282526,0.3605671811626096,0.7122331494472535,0.0,0.0,0.82,nan,nan,nan,nan,nan,nan,nan,,0.33
fakeddit,image,0.80,spectral_graph+content,3,1,10,0.5315072667312692,0.3599559565347384,0.7084787354114842,0.0,0.0,0.82,nan,nan,nan,nan,nan,nan,nan,,0.31
fakeddit,image,0.80,nfmcd_full,4,0,10,0.8209897730636567,0.352052004613882,0.829565580080795,0.0,0.0,0.8166666666666667,0.11393643175888736,0.22975550223122107,0.18333333333333332,0.8166666666666667,0.0,0.0,0.0,,0.27
fakeddit,image,0.80,nfmcd_full,4,1,10,0.8201791685599915,0.35400049552848073,0.8287912437976092,0.0,0.0,0.8166666666666667,0.11429521728519414,0.23000665209963586,0.18333333333333332,0.8166666666666667,0.0,0.0,0.0,,0.31
fakeddit,image,0.80,kmeans_content,3,1,10,0.014806900855218963,0.06452535266238835,0.2573749267208593,0.0,0.0,0.82,nan,nan,nan,nan,nan,nan,nan,,0.5
fakeddit,image,0.80,kmeans_content,3,0,10,0.010912353844583889,0.04749719735535611,0.23062977937218312,0.0,0.0,0.82,nan,nan,nan,nan,nan,nan,nan,,0.64
fakeddit,image,0.80,nfmcd_all_changes,4,0,10,0.7744235798567793,0.34070694993123174,0.7312887326889628,0.0,0.0,0.8166666666666667,0.08458333333333333,0.1880625,0.18333333333333332,0.8166666666666667,0.0,0.0,0.0,,0.2
fakeddit,image,0.80,nfmcd_all_changes,4,1,10,0.8196675203612867,0.3627415603398487,0.8303992323183211,0.0,0.0,0.8166666666666667,0.08458333333333333,0.18806249999999997,0.18333333333333332,0.8166666666666667,0.0,0.0,0.0,,0.2
fakeddit,image,0.80,nfmcd_rank16,4,0,10,0.8180989669062222,0.3702862945642699,0.8290472541730898,0.0,0.0,0.8166666666666667,0.05770134311144081,0.19039094017800853,0.18333333333333332,0.8166666666666667,0.0,0.0,0.0,,0.22
fakeddit,image,0.80,nfmcd_rank16,4,1,10,0.81858465939632,0.36928791163475916,0.8296248960351355,0.0,0.0,0.8166666666666667,0.05749614966377581,0.19024730476464305,0.18333333333333332,0.8166666666666667,0.0,0.0,0.0,,0.28
fakeddit,image,0.80,spectral_graph+content,4,0,10,0.5276748305996858,0.36150625878793663,0.7051323114223683,0.0,0.0,0.8166666666666667,nan,nan,nan,nan,nan,nan,nan,,0.3
fakeddit,image,0.80,spectral_graph+content,4,1,10,0.5338466888024622,0.3641064741930575,0.7095837787039432,0.0,0.0,0.8166666666666667,nan,nan,nan,nan,nan,nan,nan,,0.28
fakeddit,image,0.80,kmeans_content,4,0,10,0.008244271020327432,0.05462416984279766,0.2182281933984683,0.0,0.0,0.8166666666666667,nan,nan,nan,nan,nan,nan,nan,,0.56
fakeddit,image,0.80,kmeans_content,4,1,10,0.03802609508268051,0.06994672192901327,0.2797885289229488,0.0,0.0,0.8166666666666667,nan,nan,nan,nan,nan,nan,nan,,0.58
fakeddit,text,0.10,nfmcd_all_changes,0,0,10,0.7248408236571366,0.3526955080941404,0.7570427015387915,0.0075,0.095,0.0475,0.4325,0.34462499999999996,0.865,0.04,0.0875,0.0075,0.0,,0.62
fakeddit,text,0.10,nfmcd_all_changes,0,1,10,0.7500244235257619,0.3542422715862372,0.6914753145864463,0.0075,0.095,0.0475,0.4325,0.34462499999999996,0.865,0.04,0.0875,0.0075,0.0,,0.53
fakeddit,text,0.10,nfmcd_rank16,0,0,10,0.7305969289785659,0.3436223953722917,0.6829980962435608,0.0075,0.095,0.0475,0.3609088939030314,0.402636225732122,0.865,0.04,0.0875,0.0075,0.0,,0.55
fakeddit,text,0.10,nfmcd_rank16,0,1,10,0.7362920291140869,0.3399503876523267,0.6831318523448348,0.0075,0.095,0.0475,0.36143873523546943,0.40300711466482864,0.865,0.04,0.0875,0.0075,0.0,,0.52
fakeddit,text,0.10,nfmcd_full,0,0,10,0.3850274446852784,0.3461432068390702,0.29949175676338635,0.0075,0.095,0.0475,0.5587170928429516,0.5411019649900661,0.865,0.04,0.0875,0.0075,0.0,,1.81
fakeddit,text,0.10,spectral_graph+content,0,0,10,0.5660090203331685,0.3743149686326573,0.7168888041434942,0.0075,0.095,0.0475,nan,nan,nan,nan,nan,nan,nan,,0.31
fakeddit,text,0.10,nfmcd_full,0,1,10,0.2909048897154435,0.30197919755053265,0.2712252672542597,0.0075,0.095,0.0475,0.558229463611745,0.5407606245282215,0.865,0.04,0.0875,0.0075,0.0,,1.8
fakeddit,text,0.10,spectral_graph+content,0,1,10,0.564299727563352,0.37469296310379374,0.7156322789592872,0.0075,0.095,0.0475,nan,nan,nan,nan,nan,nan,nan,,0.28
fakeddit,text,0.10,kmeans_content,0,0,10,0.0644335573016247,0.09310558176910802,0.27138726192967605,0.0075,0.095,0.0475,nan,nan,nan,nan,nan,nan,nan,,0.5
fakeddit,text,0.10,kmeans_content,0,1,10,0.0935619803180876,0.12307241596495096,0.31003269683422935,0.0075,0.095,0.0475,nan,nan,nan,nan,nan,nan,nan,,0.7
fakeddit,text,0.10,nfmcd_all_changes,1,0,10,0.7193843998362837,0.3551633464413164,0.7579311017183124,0.0025,0.08583333333333333,0.0475,0.4345833333333333,0.34556249999999994,0.8691666666666666,0.045,0.08333333333333333,0.0025,0.0,,0.52
fakeddit,text,0.10,nfmcd_all_changes,1,1,10,0.7460579069885978,0.31138084171818514,0.6932893671622747,0.0025,0.08583333333333333,0.0475,0.4345833333333333,0.34556249999999994,0.8691666666666666,0.045,0.08333333333333333,0.0025,0.0,,0.56
fakeddit,text,0.10,nfmcd_rank16,1,0,10,0.7246284629253427,0.35434011785291214,0.6359291375641811,0.0025,0.08583333333333333,0.0475,0.36276584238304976,0.40393608966813477,0.8691666666666666,0.045,0.08333333333333333,0.0025,0.0,,0.58
fakeddit,text,0.10,nfmcd_rank16,1,1,10,0.7440752184831474,0.3382176656088117,0.6921836488252892,0.0025,0.08583333333333333,0.0475,0.36422567802414324,0.4049579746169002,0.8691666666666666,0.045,0.08333333333333333,0.0025,0.0,,0.53
fakeddit,text,0.10,nfmcd_full,1,0,10,0.30962712457197616,0.28965940051883526,0.3107002097633317,0.0025,0.08583333333333333,0.0475,0.5539093627033189,0.5377365538923232,0.8691666666666666,0.045,0.08333333333333333,0.0025,0.0,,1.8
fakeddit,text,0.10,nfmcd_full,1,1,10,0.4144129189943532,0.3384585115871429,0.30356482901538334,0.0025,0.08583333333333333,0.0475,0.5568266977581381,0.5397786884306967,0.8691666666666666,0.045,0.08333333333333333,0.0025,0.0,,1.8
fakeddit,text,0.10,spectral_graph+content,1,0,10,0.5386396248615184,0.3621756165650993,0.7000867764707943,0.0025,0.08583333333333333,0.0475,nan,nan,nan,nan,nan,nan,nan,,0.26
fakeddit,text,0.10,spectral_graph+content,1,1,10,0.5380105337887969,0.3608953558656201,0.6998656211768584,0.0025,0.08583333333333333,0.0475,nan,nan,nan,nan,nan,nan,nan,,0.31
fakeddit,text,0.10,kmeans_content,1,0,10,0.0476589095477955,0.10561709938537613,0.2986854147248065,0.0025,0.08583333333333333,0.0475,nan,nan,nan,nan,nan,nan,nan,,0.59
fakeddit,text,0.10,kmeans_content,1,1,10,0.08075845754963962,0.12998560396309647,0.27112328085373727,0.0025,0.08583333333333333,0.0475,nan,nan,nan,nan,nan,nan,nan,,0.66
fakeddit,text,0.10,nfmcd_all_changes,2,0,10,0.7530158367796936,0.3128877678699616,0.6931712164410954,0.005,0.11333333333333333,0.0475,0.4220833333333333,0.33993749999999995,0.8441666666666666,0.0425,0.10833333333333334,0.005,0.0,,0.58
fakeddit,text,0.10,nfmcd_all_changes,2,1,10,0.7159701276075835,0.3565230811536152,0.744244540652655,0.005,0.11333333333333333,0.0475,0.4220833333333333,0.33993749999999995,0.8441666666666666,0.0425,0.10833333333333334,0.005,0.0,,0.59
fakeddit,text,0.10,nfmcd_full,2,0,10,0.37340614368635683,0.2955353429194241,0.2642466272018696,0.005,0.11333333333333333,0.0475,0.5423462061101597,0.5296423442771118,0.8441666666666666,0.0425,0.10833333333333334,0.005,0.0,,1.61
fakeddit,text,0.10,nfmcd_rank16,2,0,10,0.8315738541858955,0.35349206060313443,0.8224260731174061,0.005,0.11333333333333333,0.0475,0.348823788091507,0.3941766516640548,0.8441666666666666,0.0425,0.10833333333333334,0.005,0.0,,0.55
fakeddit,text,0.10,nfmcd_rank16,2,1,10,0.7401613708460646,0.3574681182947126,0.6869469484365528,0.005,0.11333333333333333,0.0475,0.34932614091849146,0.39452829864294403,0.8441666666666666,0.0425,0.10833333333333334,0.005,0.0,,0.56
fakeddit,text,0.10,nfmcd_full,2,1,10,0.35668720953961686,0.4178940089258703,0.26520571947361055,0.005,0.11333333333333333,0.0475,0.5437070038669428,0.53059490270686,0.8441666666666666,0.0425,0.10833333333333334,0.005,0.0,,1.59
fakeddit,text,0.10,spectral_graph+content,2,0,10,0.5504476659317196,0.36907853546712327,0.7080614000626031,0.005,0.11333333333333333,0.0475,nan,nan,nan,nan,nan,nan,nan,,0.28
fakeddit,text,0.10,spectral_graph+content,2,1,10,0.5504476659317196,0.36907853546712327,0.7080614000626031,0.005,0.11333333333333333,0.0475,nan,nan,nan,nan,nan,nan,nan,,0.25
fakeddit,text,0.10,kmeans_content,2,1,10,0.039786478628907385,0.11185398904790707,0.2726165494623616,0.005,0.11333333333333333,0.0475,nan,nan,nan,nan,nan,nan,nan,,0.52
fakeddit,text,0.10,kmeans_content,2,0,10,0.022500785474398932,0.1072755584090166,0.25803089175976124,0.005,0.11333333333333333,0.0475,nan,nan,nan,nan,nan,nan,nan,,0.73
fakeddit,text,0.10,nfmcd_all_changes,3,0,10,0.752854340857146,0.30619881182863035,0.6929582192665682,0.0033333333333333335,0.10583333333333333,0.0475,0.425,0.34124999999999994,0.85,0.04416666666666667,0.1025,0.0033333333333333335,0.0,,0.64
fakeddit,text,0.10,nfmcd_all_changes,3,1,10,0.7554765165928501,0.3125787840181089,0.6943886619554303,0.0033333333333333335,0.10583333333333333,0.0475,0.425,0.34125,0.85,0.04416666666666667,0.1025,0.0033333333333333335,0.0,,0.61
fakeddit,text,0.10,nfmcd_full,3,0,10,0.3538722423741144,0.4171648680639973,0.2682502767602369,0.0033333333333333335,0.10583333333333333,0.0475,0.5493303453341771,0.534531241733924,0.85,0.04416666666666667,0.1025,0.0033333333333333335,0.0,,1.67
fakeddit,text,0.10,nfmcd_rank16,3,0,10,0.6004666448668958,0.3369190549519018,0.5379038251115084,0.0033333333333333335,0.10583333333333333,0.0475,0.35124564338981257,0.39587195037286876,0.85,0.04416666666666667,0.1025,0.0033333333333333335,0.0,,0.55
fakeddit,text,0.10,nfmcd_rank16,3,1,10,0.7399682979335026,0.3621992858123945,0.6919959116132994,0.0033333333333333335,0.10583333333333333,0.0475,0.3484794757988902,0.3939356330592231,0.85,0.04416666666666667,0.1025,0.0033333333333333335,0.0,,0.52
fakeddit,text,0.10,nfmcd_full,3,1,10,0.2736051363195391,0.2844851711926805,0.29090571289106376,0.0033333333333333335,0.10583333333333333,0.0475,0.5434364383094953,0.5304055068166467,0.85,0.04416666666666667,0.1025,0.0033333333333333335,0.0,,1.75
fakeddit,text,0.10,spectral_graph+content,3,0,10,0.5317942512290689,0.3552969370617992,0.6955060449109478,0.0033333333333333335,0.10583333333333333,0.0475,nan,nan,nan,nan,nan,nan,nan,,0.36
fakeddit,text,0.10,spectral_graph+content,3,1,10,0.5330892359745265,0.35494205761254694,0.6965262535814543,0.0033333333333333335,0.10583333333333333,0.0475,nan,nan,nan,nan,nan,nan,nan,,0.34
fakeddit,text,0.10,kmeans_content,3,1,10,0.08743282613448555,0.15881127529681463,0.2463666437348711,0.0033333333333333335,0.10583333333333333,0.0475,nan,nan,nan,nan,nan,nan,nan,,0.5
fakeddit,text,0.10,kmeans_content,3,0,10,0.08616872141149345,0.16155130521008007,0.21702133414661745,0.0033333333333333335,0.10583333333333333,0.0475,nan,nan,nan,nan,nan,nan,nan,,0.66
fakeddit,text,0.10,nfmcd_all_changes,4,0,10,0.7456112210696957,0.35102647419484123,0.7536230305807375,0.006666666666666667,0.095,0.0475,0.4320833333333333,0.3444375,0.8641666666666666,0.04083333333333333,0.08833333333333333,0.006666666666666667,0.0,,0.59
fakeddit,text,0.10,nfmcd_all_changes,4,1,10,0.7887041628876964,0.31286042608301745,0.6442733479234132,0.006666666666666667,0.095,0.0475,0.4320833333333333,0.34443749999999995,0.8641666666666666,0.04083333333333333,0.08833333333333333,0.006666666666666667,0.0,,0.75
fakeddit,text,0.10,nfmcd_rank16,4,0,10,0.7189078717189118,0.3518216443255112,0.76820507521579,0.006666666666666667,0.095,0.0475,0.3598361908374046,0.4018853335861832,0.8641666666666666,0.04083333333333333,0.08833333333333333,0.006666666666666667,0.0,,0.53
fakeddit,text,0.10,nfmcd_rank16,4,1,10,0.7399719365851054,0.35869464779615357,0.6853385088538074,0.006666666666666667,0.095,0.0475,0.35966183154251197,0.4017632820797583,0.8641666666666666,0.04083333333333333,0.08833333333333333,0.006666666666666667,0.0,,0.48
fakeddit,text,0.10,spectral_graph+content,4,0,10,0.5556412701695255,0.36746845331441796,0.7093981351089422,0.006666666666666667,0.095,0.0475,nan,nan,nan,nan,nan,nan,nan,,0.25
fakeddit,text,0.10,nfmcd_full,4,1,10,0.38532121891736626,0.3290287325168718,0.3435452964058318,0.006666666666666667,0.095,0.0475,0.5548069412767354,0.5383648588937147,0.8641666666666666,0.04083333333333333,0.08833333333333333,0.006666666666666667,0.0,,1.69
fakeddit,text,0.10,nfmcd_full,4,0,10,0.3984733507654179,0.30042816270052664,0.27305915276966186,0.006666666666666667,0.095,0.0475,0.5532777657967147,0.5372944360577003,0.8641666666666666,0.04083333333333333,0.08833333333333333,0.006666666666666667,0.0,,1.73
fakeddit,text,0.10,spectral_graph+content,4,1,10,0.5496963996925287,0.3635099620202067,0.7077827343503957,0.006666666666666667,0.095,0.0475,nan,nan,nan,nan,nan,nan,nan,,0.31
fakeddit,text,0.10,kmeans_content,4,0,10,0.09909980679296682,0.09880427077947619,0.3528896261797667,0.006666666666666667,0.095,0.0475,nan,nan,nan,nan,nan,nan,nan,,0.67
fakeddit,text,0.10,kmeans_content,4,1,10,0.05773587262272162,0.1324463361212379,0.2386084973720195,0.006666666666666667,0.095,0.0475,nan,nan,nan,nan,nan,nan,nan,,0.69
fakeddit,text,0.20,nfmcd_all_changes,0,0,10,0.7329025533373821,0.3141095004549139,0.690414675573706,0.010833333333333334,0.2025,0.0475,0.3804166666666667,0.32118749999999996,0.7608333333333334,0.03666666666666667,0.19166666666666668,0.010833333333333334,0.0,,0.5
fakeddit,text,0.20,nfmcd_all_changes,0,1,10,0.7358022025877387,0.3114530821338298,0.6916043800820983,0.010833333333333334,0.2025,0.0475,0.3804166666666667,0.32118749999999996,0.7608333333333334,0.03666666666666667,0.19166666666666668,0.010833333333333334,0.0,,0.47
fakeddit,text,0.20,nfmcd_full,0,0,10,0.28730686245715176,0.2891443913334409,0.3257384486187546,0.010833333333333334,0.2025,0.0475,0.49016750708681267,0.4931172549607688,0.7608333333333334,0.03666666666666667,0.19166666666666668,0.010833333333333334,0.0,,1.23
fakeddit,text,0.20,nfmcd_full,0,1,10,0.2883049136477285,0.30424226234914703,0.2937877592522803,0.010833333333333334,0.2025,0.0475,0.4895087515340221,0.4926561260738154,0.7608333333333334,0.03666666666666667,0.19166666666666668,0.010833333333333334,0.0,,1.23
fakeddit,text,0.20,spectral_graph+content,0,0,10,0.5547972354245087,0.36687856955007486,0.7096809993328524,0.010833333333333334,0.2025,0.0475,nan,nan,nan,nan,nan,nan,nan,,0.25
fakeddit,text,0.20,nfmcd_rank16,0,0,10,0.5591737646059016,0.4426117328462027,0.5237553138269718,0.010833333333333334,0.2025,0.0475,0.31352907866435153,0.3694703550650461,0.7608333333333334,0.03666666666666667,0.19166666666666668,0.010833333333333334,0.0,,0.45
fakeddit,text,0.20,nfmcd_rank16,0,1,10,0.6702874953353775,0.3542334135352713,0.7307027653047272,0.010833333333333334,0.2025,0.0475,0.3153265054349743,0.370728553804482,0.7608333333333334,0.03666666666666667,0.19166666666666668,0.010833333333333334,0.0,,0.53
fakeddit,text,0.20,spectral_graph+content,0,1,10,0.5527359041868559,0.36536071815025345,0.708655537731833,0.010833333333333334,0.2025,0.0475,nan,nan,nan,nan,nan,nan,nan,,0.28
fakeddit,text,0.20,kmeans_content,0,0,10,0.09006723733073851,0.13082967970848455,0.2735043528499168,0.010833333333333334,0.2025,0.0475,nan,nan,nan,nan,nan,nan,nan,,0.62
fakeddit,text,0.20,kmeans_content,0,1,10,0.1235552916330297,0.13596636185564376,0.31752044524739464,0.010833333333333334,0.2025,0.0475,nan,nan,nan,nan,nan,nan,nan,,0.64
fakeddit,text,0.20,nfmcd_all_changes,1,0,10,0.7399308987588904,0.29996694204683383,0.6391660373217204,0.008333333333333333,0.19,0.0475,0.3854166666666667,0.32343749999999993,0.7708333333333334,0.03916666666666667,0.18166666666666667,0.008333333333333333,0.0,,0.44
fakeddit,text,0.20,nfmcd_all_changes,1,1,10,0.7160607681590929,0.34138813755423675,0.686592158458809,0.008333333333333333,0.19,0.0475,0.3854166666666667,0.32343749999999993,0.7708333333333334,0.03916666666666667,0.18166666666666667,0.008333333333333333,0.0,,0.44
fakeddit,text,0.20,nfmcd_rank16,1,0,10,0.6778045068742644,0.351849027520101,0.7260510264724154,0.008333333333333333,0.19,0.0475,0.3193125155881358,0.37351876091169495,0.7708333333333334,0.03916666666666667,0.18166666666666667,0.008333333333333333,0.0,,0.41
fakeddit,text,0.20,nfmcd_full,1,0,10,0.2905431066442843,0.30673753803937254,0.3011162871343021,0.008333333333333333,0.19,0.0475,0.49661527812503103,0.4976306946875218,0.7708333333333334,0.03916666666666667,0.18166666666666667,0.008333333333333333,0.0,,1.34
fakeddit,text,0.20,nfmcd_rank16,1,1,10,0.7378743801296005,0.3557764694504806,0.6908732584644337,0.008333333333333333,0.19,0.0475,0.3214601386428228,0.37502209704997597,0.7708333333333334,0.03916666666666667,0.18166666666666667,0.008333333333333333,0.0,,0.47
fakeddit,text,0.20,spectral_graph+content,1,0,10,0.5546342567751114,0.3518805865164946,0.6981371363182967,0.008333333333333333,0.19,0.0475,nan,nan,nan,nan,nan,nan,nan,,0.31
fakeddit,text,0.20,spectral_graph+content,1,1,10,0.5535450617224495,0.35158173798221604,0.6986596784617533,0.008333333333333333,0.19,0.0475,nan,nan,nan,nan,nan,nan,nan,,0.33
fakeddit,text,0.20,nfmcd_full,1,1,10,0.36209978191669423,0.3015941287423967,0.2858795051835021,0.008333333333333333,0.19,0.0475,0.49089360095853396,0.49362552067097376,0.7708333333333334,0.03916666666666667,0.18166666666666667,0.008333333333333333,0.0,,1.61
fakeddit,text,0.20,kmeans_content,1,0,10,0.06620613452250979,0.11300305121474075,0.22236888326692772,0.008333333333333333,0.19,0.0475,nan,nan,nan,nan,nan,nan,nan,,0.5
fakeddit,text,0.20,kmeans_content,1,1,10,0.04502385362273453,0.10056109207276043,0.2741760983631269,0.008333333333333333,0.19,0.0475,nan,nan,nan,nan,nan,nan,nan,,0.67
fakeddit,text,0.20,nfmcd_all_changes,2,0,10,0.741060865970281,0.3095339014619453,0.6921311471935833,0.0075,0.20666666666666667,0.0475,0.37666666666666665,0.3195,0.7533333333333333,0.04,0.19916666666666666,0.0075,0.0,,0.49
fakeddit,text,0.20,nfmcd_all_changes,2,1,10,0.7035532205447402,0.33543036409022964,0.6825461139144525,0.0075,0.20666666666666667,0.0475,0.37666666666666665,0.3195,0.7533333333333333,0.04,0.19916666666666666,0.0075,0.0,,0.39
fakeddit,text,0.20,nfmcd_rank16,2,0,10,0.6842536735763377,0.35102976132486524,0.6431680629629789,0.0075,0.20666666666666667,0.0475,0.31300852772055693,0.36910596940438983,0.7533333333333333,0.04,0.19916666666666666,0.0075,0.0,,0.41
fakeddit,text,0.20,nfmcd_full,2,1,10,0.2558345097938134,0.27619111147173275,0.37388275637352175,0.0075,0.20666666666666667,0.0475,0.48655756644468945,0.4905902965112826,0.7533333333333333,0.04,0.19916666666666666,0.0075,0.0,,1.2
fakeddit,text,0.20,nfmcd_full,2,0,10,0.31782966826584513,0.31138048497539184,0.3387589183988906,0.0075,0.20666666666666667,0.0475,0.48968927510423516,0.4927824925729646,0.7533333333333333,0.04,0.19916666666666666,0.0075,0.0,,1.28
fakeddit,text,0.20,spectral_graph+content,2,0,10,0.5589347106271284,0.3673826853394594,0.7135665077046693,0.0075,0.20666666666666667,0.0475,nan,nan,nan,nan,nan,nan,nan,,0.3
fakeddit,text,0.20,spectral_graph+content,2,1,10,0.5559952604855786,0.36581155185529474,0.7118198853180971,0.0075,0.20666666666666667,0.0475,nan,nan,nan,nan,nan,nan,nan,,0.28
fakeddit,text,0.20,nfmcd_rank16,2,1,10,0.7531250466839535,0.35507126857820115,0.6952911730321911,0.0075,0.20666666666666667,0.0475,0.3138011924731713,0.36966083473121986,0.7533333333333333,0.04,0.19916666666666666,0.0075,0.0,,0.5
fakeddit,text,0.20,kmeans_content,2,0,10,0.09616494745591098,0.1594209041377265,0.2584451206482391,0.0075,0.20666666666666667,0.0475,nan,nan,nan,nan,nan,nan,nan,,0.75
fakeddit,text,0.20,kmeans_content,2,1,10,0.05795473562259623,0.1225990087226225,0.27054323646631173,0.0075,0.20666666666666667,0.0475,nan,nan,nan,nan,nan,nan,nan,,0.61
fakeddit,text,0.20,nfmcd_all_changes,3,0,10,0.7374844789304832,0.31156598167230076,0.690918649588333,0.0075,0.21333333333333335,0.0475,0.37333333333333335,0.31799999999999995,0.7466666666666667,0.04,0.20583333333333334,0.0075,0.0,,0.44
fakeddit,text,0.20,nfmcd_all_changes,3,1,10,0.7290922356434631,0.34413055955533944,0.6886039644537669,0.0075,0.21333333333333335,0.0475,0.37333333333333335,0.31799999999999995,0.7466666666666667,0.04,0.20583333333333334,0.0075,0.0,,0.47
fakeddit,text,0.20,nfmcd_full,3,1,10,0.26789208426280064,0.29288618367714303,0.2805987073758189,0.0075,0.21333333333333335,0.0475,0.481654194293425,0.4871579360053975,0.7466666666666667,0.04,0.20583333333333334,0.0075,0.0,,1.17
fakeddit,text,0.20,nfmcd_full,3,0,10,0.2659696855850632,0.2910058561176939,0.2957968836969751,0.0075,0.21333333333333335,0.0475,0.47928675823061934,0.48550073076143346,0.7466666666666667,0.04,0.20583333333333334,0.0075,0.0,,1.25
fakeddit,text,0.20,nfmcd_rank16,3,0,10,0.7518832537639489,0.34933041702894907,0.6963665122539597,0.0075,0.21333333333333335,0.0475,0.30602205188419795,0.36421543631893855,0.7466666666666667,0.04,0.20583333333333334,0.0075,0.0,,0.45
fakeddit,text,0.20,spectral_graph+content,3,0,10,0.5298074984938703,0.3585926480240995,0.6927137558174369,0.0075,0.21333333333333335,0.0475,nan,nan,nan,nan,nan,nan,nan,,0.27
fakeddit,text,0.20,nfmcd_rank16,3,1,10,0.7508741925992451,0.35128683591508836,0.6934761511700329,0.0075,0.21333333333333335,0.0475,0.303467757965041,0.36242743057552873,0.7466666666666667,0.04,0.20583333333333334,0.0075,0.0,,0.42
fakeddit,text,0.20,spectral_graph+content,3,1,10,0.5291814469688526,0.35799062226396994,0.6920546539185924,0.0075,0.21333333333333335,0.0475,nan,nan,nan,nan,nan,nan,nan,,0.28
fakeddit,text,0.20,kmeans_content,3,0,10,0.06720694031198082,0.11958417856159152,0.19342818684708057,0.0075,0.21333333333333335,0.0475,nan,nan,nan,nan,nan,nan,nan,,0.58
fakeddit,text,0.20,kmeans_content,3,1,10,0.04299121062801847,0.10035014878499679,0.29373805994618685,0.0075,0.21333333333333335,0.0475,nan,nan,nan,nan,nan,nan,nan,,0.58
fakeddit,text,0.20,nfmcd_all_changes,4,0,10,0.738255304022327,0.3077217054056108,0.6923466720148799,0.015833333333333335,0.18583333333333332,0.0475,0.39125,0.3260625,0.7825,0.03166666666666667,0.17,0.015833333333333335,0.0,,0.45
fakeddit,text,0.20,nfmcd_all_changes,4,1,10,0.7228627495074228,0.3435937189850762,0.6864163279220251,0.015833333333333335,0.18583333333333332,0.0475,0.39125,0.3260625,0.7825,0.03166666666666667,0.17,0.015833333333333335,0.0,,0.47
fakeddit,text,0.20,nfmcd_full,4,0,10,0.3082054994104131,0.28915414442659365,0.29180727825549957,0.015833333333333335,0.18583333333333332,0.0475,0.5022289785947192,0.5015602850163033,0.7825,0.03166666666666667,0.17,0.015833333333333335,0.0,,1.3
fakeddit,text,0.20,nfmcd_full,4,1,10,0.35115997311846914,0.4143348051882709,0.27004409269541985,0.015833333333333335,0.18583333333333332,0.0475,0.5060584888949549,0.5042409422264684,0.7825,0.03166666666666667,0.17,0.015833333333333335,0.0,,1.36
fakeddit,text,0.20,nfmcd_rank16,4,0,10,0.7401813984923513,0.35531227700191137,0.7314963114805593,0.015833333333333335,0.18583333333333332,0.0475,0.32536101144683954,0.3777527080127876,0.7825,0.03166666666666667,0.17,0.015833333333333335,0.0,,0.44
fakeddit,text,0.20,spectral_graph+content,4,0,10,0.5517818206290224,0.36896714890032023,0.7056862448723429,0.015833333333333335,0.18583333333333332,0.0475,nan,nan,nan,nan,nan,nan,nan,,0.28
fakeddit,text,0.20,nfmcd_rank16,4,1,10,0.758075207452783,0.3601022784136573,0.6999196162816306,0.015833333333333335,0.18583333333333332,0.0475,0.32193047651579637,0.37535133356105743,0.7825,0.03166666666666667,0.17,0.015833333333333335,0.0,,0.58
fakeddit,text,0.20,spectral_graph+content,4,1,10,0.5517818206290224,0.36896714890032023,0.7056862448723429,0.015833333333333335,0.18583333333333332,0.0475,nan,nan,nan,nan,nan,nan,nan,,0.28
fakeddit,text,0.20,kmeans_content,4,0,10,0.08468201464711522,0.1586978374589501,0.22073044311369205,0.015833333333333335,0.18583333333333332,0.0475,nan,nan,nan,nan,nan,nan,nan,,0.66
fakeddit,text,0.20,kmeans_content,4,1,10,0.07164579439509478,0.14380822141924374,0.2400092569510471,0.015833333333333335,0.18583333333333332,0.0475,nan,nan,nan,nan,nan,nan,nan,,0.55
fakeddit,text,0.40,nfmcd_full,0,0,10,0.5998409687318077,0.35015690089534224,0.6168257995560491,0.019166666666666665,0.405,0.0475,0.36157893159619325,0.4031052521173352,0.5666666666666667,0.028333333333333332,0.3858333333333333,0.019166666666666665,0.0,,0.73
fakeddit,text,0.40,nfmcd_all_changes,0,1,10,0.6883053670110245,0.34537401204303786,0.6767066346911204,0.019166666666666665,0.405,0.0475,0.28291666666666665,0.2773124999999999,0.5666666666666667,0.028333333333333332,0.3858333333333333,0.019166666666666665,0.0,,0.33
fakeddit,text,0.40,nfmcd_all_changes,0,0,10,0.7198380947223277,0.31808230923891023,0.6894449999129303,0.019166666666666665,0.405,0.0475,0.28291666666666665,0.27731249999999996,0.5666666666666667,0.028333333333333332,0.3858333333333333,0.019166666666666665,0.0,,0.36
fakeddit,text,0.40,nfmcd_full,0,1,10,0.6560677746571966,0.35207632364269353,0.6663813835133342,0.019166666666666665,0.405,0.0475,0.36235875160655684,0.4036511261245897,0.5666666666666667,0.028333333333333332,0.3858333333333333,0.019166666666666665,0.0,,0.81
fakeddit,text,0.40,nfmcd_rank16,0,0,10,0.7100352860767096,0.3543903357714771,0.7408871736960027,0.019166666666666665,0.405,0.0475,0.22803368461274498,0.3096235792289215,0.5666666666666667,0.028333333333333332,0.3858333333333333,0.019166666666666665,0.0,,0.39
fakeddit,text,0.40,spectral_graph+content,0,0,10,0.5179089852421472,0.36241385386175445,0.6804383857486508,0.019166666666666665,0.405,0.0475,nan,nan,nan,nan,nan,nan,nan,,0.3
fakeddit,text,0.40,spectral_graph+content,0,1,10,0.5144633660420119,0.3616030953450983,0.6775558739564342,0.019166666666666665,0.405,0.0475,nan,nan,nan,nan,nan,nan,nan,,0.26
fakeddit,text,0.40,nfmcd_rank16,0,1,10,0.7053401124023222,0.35704253369790834,0.7385907384224198,0.019166666666666665,0.405,0.0475,0.22766009986518962,0.3093620699056327,0.5666666666666667,0.028333333333333332,0.3858333333333333,0.019166666666666665,0.0,,0.38
fakeddit,text,0.40,kmeans_content,0,0,10,0.05048830104186597,0.09626628469536277,0.26753153459685397,0.019166666666666665,0.405,0.0475,nan,nan,nan,nan,nan,nan,nan,,0.59
fakeddit,text,0.40,kmeans_content,0,1,10,0.05326921066112289,0.10632792214185365,0.22829967277788402,0.019166666666666665,0.405,0.0475,nan,nan,nan,nan,nan,nan,nan,,0.69
fakeddit,text,0.40,nfmcd_full,1,0,10,0.42182900800150547,0.3327813577377171,0.4621474107098889,0.0225,0.4141666666666667,0.0475,0.3586104734755738,0.4010273314329016,0.5608333333333333,0.025,0.39166666666666666,0.0225,0.0,,0.72
fakeddit,text,0.40,nfmcd_full,1,1,10,0.6632240475021227,0.342098336010826,0.6201178623456879,0.0225,0.4141666666666667,0.0475,0.35787101608386235,0.40050971125870366,0.5608333333333333,0.025,0.39166666666666666,0.0225,0.0,,0.72
fakeddit,text,0.40,nfmcd_all_changes,1,1,10,0.6826854403597618,0.35296247592647073,0.732921120801113,0.0225,0.4141666666666667,0.0475,0.27958333333333335,0.27581249999999996,0.5608333333333333,0.025,0.39166666666666666,0.0225,0.0,,0.34
fakeddit,text,0.40,nfmcd_rank16,1,0,10,0.7069351871325964,0.35274235606738996,0.7335853351020647,0.0225,0.4141666666666667,0.0475,0.22248525318943743,0.3057396772326062,0.5608333333333333,0.025,0.39166666666666666,0.0225,0.0,,0.36
fakeddit,text,0.40,nfmcd_rank16,1,1,10,0.7149739546173794,0.3342965208257747,0.6831578085221521,0.0225,0.4141666666666667,0.0475,0.2235544168628123,0.3064880918039685,0.5608333333333333,0.025,0.39166666666666666,0.0225,0.0,,0.31
fakeddit,text,0.40,nfmcd_all_changes,1,0,10,0.7583730354122336,0.3154837915472611,0.7524785859984284,0.0225,0.4141666666666667,0.0475,0.27958333333333335,0.27581249999999996,0.5608333333333333,0.025,0.39166666666666666,0.0225,0.0,,0.58
fakeddit,text,0.40,spectral_graph+content,1,0,10,0.5585927776099557,0.36265913682857737,0.7383574365735479,0.0225,0.4141666666666667,0.0475,nan,nan,nan,nan,nan,nan,nan,,0.33
fakeddit,text,0.40,spectral_graph+content,1,1,10,0.5572336001527364,0.3622728512727001,0.7353570523274293,0.0225,0.4141666666666667,0.0475,nan,nan,nan,nan,nan,nan,nan,,0.33
fakeddit,text,0.40,kmeans_content,1,1,10,0.030238432976526286,0.09462199345694221,0.2633524032111371,0.0225,0.4141666666666667,0.0475,nan,nan,nan,nan,nan,nan,nan,,0.58
fakeddit,text,0.40,kmeans_content,1,0,10,0.027709650832712596,0.08272128002168179,0.26785236391158157,0.0225,0.4141666666666667,0.0475,nan,nan,nan,nan,nan,nan,nan,,0.69
fakeddit,text,0.40,nfmcd_full,2,0,10,0.47402748143731066,0.3389957280114206,0.5451018903171414,0.021666666666666667,0.4116666666666667,0.0475,0.3592556379316874,0.40147894655218114,0.5625,0.025833333333333333,0.39,0.021666666666666667,0.0,,0.73
fakeddit,text,0.40,nfmcd_all_changes,2,0,10,0.7487671690488487,0.31842190289651,0.733975936249969,0.021666666666666667,0.4116666666666667,0.0475,0.28125,0.27656249999999993,0.5625,0.025833333333333333,0.39,0.021666666666666667,0.0,,0.34
fakeddit,text,0.40,nfmcd_full,2,1,10,0.4950843612073276,0.34075477894716294,0.4341753180301845,0.021666666666666667,0.4116666666666667,0.0475,0.3626789131683283,0.40387523921782975,0.5625,0.025833333333333333,0.39,0.021666666666666667,0.0,,0.7
fakeddit,text,0.40,nfmcd_all_changes,2,1,10,0.6869023941446566,0.35532635560143294,0.7320801983304087,0.021666666666666667,0.4116666666666667,0.0475,0.28125,0.2765625,0.5625,0.025833333333333333,0.39,0.021666666666666667,0.0,,0.34
fakeddit,text,0.40,nfmcd_rank16,2,0,10,0.7071064064755067,0.3478535942355614,0.7526678833092744,0.021666666666666667,0.4116666666666667,0.0475,0.23193349940653082,0.31235344958457156,0.5625,0.025833333333333333,0.39,0.021666666666666667,0.0,,0.31
fakeddit,text,0.40,spectral_graph+content,2,1,10,0.5618186053767671,0.3568558966981422,0.7108715494630772,0.021666666666666667,0.4116666666666667,0.0475,nan,nan,nan,nan,nan,nan,nan,,0.28
fakeddit,text,0.40,nfmcd_rank16,2,1,10,0.7061194688525789,0.33289869107947634,0.686504530726585,0.021666666666666667,0.4116666666666667,0.0475,0.23178396310801289,0.31224877417560903,0.5625,0.025833333333333333,0.39,0.021666666666666667,0.0,,0.36
fakeddit,text,0.40,spectral_graph+content,2,0,10,0.5623564531212991,0.35593807075064504,0.7112876511354373,0.021666666666666667,0.4116666666666667,0.0475,nan,nan,nan,nan,nan,nan,nan,,0.33
fakeddit,text,0.40,kmeans_content,2,1,10,0.04663377769485133,0.10055134853521823,0.25466022637821756,0.021666666666666667,0.4116666666666667,0.0475,nan,nan,nan,nan,nan,nan,nan,,0.53
fakeddit,text,0.40,kmeans_content,2,0,10,0.029679348263224048,0.09777456137342817,0.2737872933632958,0.021666666666666667,0.4116666666666667,0.0475,nan,nan,nan,nan,nan,nan,nan,,0.62
fakeddit,text,0.40,nfmcd_full,3,1,10,0.5050954326824487,0.32081900742930247,0.4798504925100282,0.0225,0.425,0.0475,0.3503586239195101,0.3952510367436571,0.55,0.025,0.4025,0.0225,0.0,,0.72
fakeddit,text,0.40,nfmcd_full,3,0,10,0.32050717706751763,0.42111437708430566,0.2876903652200557,0.0225,0.425,0.0475,0.3503462299305317,0.39524236095137216,0.55,0.025,0.4025,0.0225,0.0,,0.75
fakeddit,text,0.40,nfmcd_all_changes,3,0,10,0.6895276171302465,0.3380945224558472,0.6789763574274053,0.0225,0.425,0.0475,0.27458333333333335,0.2735625,0.55,0.025,0.4025,0.0225,0.0,,0.31
fakeddit,text,0.40,nfmcd_all_changes,3,1,10,0.7149236533209472,0.30354574434164044,0.6341538619183257,0.0225,0.425,0.0475,0.27458333333333335,0.2735625,0.55,0.025,0.4025,0.0225,0.0,,0.38
fakeddit,text,0.40,spectral_graph+content,3,0,10,0.5271653868212387,0.3616906820712622,0.6869452578657078,0.0225,0.425,0.0475,nan,nan,nan,nan,nan,nan,nan,,0.25
fakeddit,text,0.40,nfmcd_rank16,3,0,10,0.7069527310265444,0.3475680885187931,0.734807387910279,0.0225,0.425,0.0475,0.22656439479312918,0.30859507635519035,0.55,0.025,0.4025,0.0225,0.0,,0.34
fakeddit,text,0.40,nfmcd_rank16,3,1,10,0.7141058233198749,0.3474174506891159,0.7374302734398674,0.0225,0.425,0.0475,0.2246148542935841,0.3072303980055089,0.55,0.025,0.4025,0.0225,0.0,,0.34
fakeddit,text,0.40,spectral_graph+content,3,1,10,0.5271594982606338,0.36136073002469216,0.6856842661208875,0.0225,0.425,0.0475,nan,nan,nan,nan,nan,nan,nan,,0.34
fakeddit,text,0.40,kmeans_content,3,0,10,0.050683908548358136,0.09195153157357508,0.25156405797725523,0.0225,0.425,0.0475,nan,nan,nan,nan,nan,nan,nan,,0.69
fakeddit,text,0.40,kmeans_content,3,1,10,0.06964162802853124,0.11575798788044078,0.23738447822903302,0.0225,0.425,0.0475,nan,nan,nan,nan,nan,nan,nan,,0.69
fakeddit,text,0.40,nfmcd_full,4,0,10,0.6231511353269619,0.3407477746846408,0.6064605335403623,0.023333333333333334,0.38666666666666666,0.0475,0.37879288252822724,0.415155017769759,0.5891666666666666,0.024166666666666666,0.36333333333333334,0.023333333333333334,0.0,,0.84
fakeddit,text,0.40,nfmcd_all_changes,4,0,10,0.7540047749921376,0.3114823382280844,0.7298877073387926,0.023333333333333334,0.38666666666666666,0.0475,0.29375,0.2821874999999999,0.5891666666666666,0.024166666666666666,0.36333333333333334,0.023333333333333334,0.0,,0.34
fakeddit,text,0.40,nfmcd_all_changes,4,1,10,0.6805459158693192,0.3391455249473707,0.6743910097557961,0.023333333333333334,0.38666666666666666,0.0475,0.29375,0.2821875,0.5891666666666666,0.024166666666666666,0.36333333333333334,0.023333333333333334,0.0,,0.39
fakeddit,text,0.40,nfmcd_full,4,1,10,0.5366138544508263,0.3252162222848037,0.4813895520330494,0.023333333333333334,0.38666666666666666,0.0475,0.37395473545813684,0.41176831482069576,0.5891666666666666,0.024166666666666666,0.36333333333333334,0.023333333333333334,0.0,,0.86
fakeddit,text,0.40,nfmcd_rank16,4,0,10,0.7211237580640676,0.350959110325773,0.7659458964988507,0.023333333333333334,0.38666666666666666,0.0475,0.2401189505376526,0.3180832653763568,0.5891666666666666,0.024166666666666666,0.36333333333333334,0.023333333333333334,0.0,,0.3
fakeddit,text,0.40,spectral_graph+content,4,0,10,0.5521130060195758,0.3727119002980847,0.7130265561429725,0.023333333333333334,0.38666666666666666,0.0475,nan,nan,nan,nan,nan,nan,nan,,0.3
fakeddit,text,0.40,nfmcd_rank16,4,1,10,0.6984137777866618,0.3376803504432252,0.6828870152559332,0.023333333333333334,0.38666666666666666,0.0475,0.24103554822399512,0.3187248837567965,0.5891666666666666,0.024166666666666666,0.36333333333333334,0.023333333333333334,0.0,,0.38
fakeddit,text,0.40,spectral_graph+content,4,1,10,0.570162876444561,0.38784972013623414,0.747336436070742,0.023333333333333334,0.38666666666666666,0.0475,nan,nan,nan,nan,nan,nan,nan,,0.33
fakeddit,text,0.40,kmeans_content,4,0,10,0.05224654463822831,0.09855617209274897,0.21098403723720396,0.023333333333333334,0.38666666666666666,0.0475,nan,nan,nan,nan,nan,nan,nan,,0.66
fakeddit,text,0.60,nfmcd_full,0,0,10,0.563637252032035,0.4337993194761734,0.603736330396033,0.029166666666666667,0.6283333333333333,0.0475,0.2249284452853273,0.3074499116997291,0.35333333333333333,0.018333333333333333,0.5991666666666666,0.029166666666666667,0.0,,0.44
fakeddit,text,0.60,nfmcd_full,0,1,10,0.6806822672582087,0.3492324624653548,0.7379349359027347,0.029166666666666667,0.6283333333333333,0.0475,0.22553706287876538,0.30787594401513574,0.35333333333333333,0.018333333333333333,0.5991666666666666,0.029166666666666667,0.0,,0.47
fakeddit,text,0.40,kmeans_content,4,1,10,0.023623143685736814,0.09185822422190432,0.28762373607061253,0.023333333333333334,0.38666666666666666,0.0475,nan,nan,nan,nan,nan,nan,nan,,0.55
fakeddit,text,0.60,nfmcd_all_changes,0,0,10,0.8205116386153564,0.3541935666393404,0.8312830396293764,0.029166666666666667,0.6283333333333333,0.0475,0.17625,0.22931249999999997,0.35333333333333333,0.018333333333333333,0.5991666666666666,0.029166666666666667,0.0,,0.27
fakeddit,text,0.60,nfmcd_all_changes,0,1,10,0.8205116386153564,0.3541619630500976,0.8312830396293764,0.029166666666666667,0.6283333333333333,0.0475,0.17625,0.22931249999999997,0.35333333333333333,0.018333333333333333,0.5991666666666666,0.029166666666666667,0.0,,0.31
fakeddit,text,0.60,nfmcd_rank16,0,0,10,0.819647464441934,0.35484569565070845,0.8300887752212036,0.029166666666666667,0.6283333333333333,0.0475,0.1309386812285758,0.24165707686000304,0.35333333333333333,0.018333333333333333,0.5991666666666666,0.029166666666666667,0.0,,0.34
fakeddit,text,0.60,nfmcd_rank16,0,1,10,0.8202565170125861,0.3542992293954329,0.8302151914932792,0.029166666666666667,0.6283333333333333,0.0475,0.13082643112603567,0.24157850178822496,0.35333333333333333,0.018333333333333333,0.5991666666666666,0.029166666666666667,0.0,,0.3
fakeddit,text,0.60,spectral_graph+content,0,0,10,0.4968517241779493,0.3537532727727192,0.660790282053459,0.029166666666666667,0.6283333333333333,0.0475,nan,nan,nan,nan,nan,nan,nan,,0.28
fakeddit,text,0.60,spectral_graph+content,0,1,10,0.4968517241779493,0.3537532727727192,0.660790282053459,0.029166666666666667,0.6283333333333333,0.0475,nan,nan,nan,nan,nan,nan,nan,,0.33
fakeddit,text,0.60,nfmcd_full,1,0,10,0.6767572380118196,0.352311108178742,0.7313294462780221,0.03,0.615,0.0475,0.23136199258037843,0.31195339480626494,0.3675,0.0175,0.585,0.03,0.0,,0.42
fakeddit,text,0.60,kmeans_content,0,1,10,0.03272849393179711,0.08170418402153998,0.25935898100918103,0.029166666666666667,0.6283333333333333,0.0475,nan,nan,nan,nan,nan,nan,nan,,0.61
fakeddit,text,0.60,kmeans_content,0,0,10,0.01660414782285291,0.07420588369391184,0.24583852925884825,0.029166666666666667,0.6283333333333333,0.0475,nan,nan,nan,nan,nan,nan,nan,,0.66
fakeddit,text,0.60,nfmcd_full,1,1,10,0.6774928230758761,0.35232242839202244,0.7312858194043839,0.03,0.615,0.0475,0.23274926271124124,0.31292448389786887,0.3675,0.0175,0.585,0.03,0.0,,0.42
fakeddit,text,0.60,nfmcd_all_changes,1,0,10,0.8183280532490418,0.3528098728262268,0.8297422449939658,0.03,0.615,0.0475,0.18208333333333335,0.2319375,0.3675,0.0175,0.585,0.03,0.0,,0.28
fakeddit,text,0.60,nfmcd_all_changes,1,1,10,0.8152128559588983,0.35282875471264397,0.8293610831950595,0.03,0.615,0.0475,0.18208333333333335,0.23193749999999994,0.3675,0.0175,0.585,0.03,0.0,,0.33
fakeddit,text,0.60,nfmcd_rank16,1,0,10,0.8156250766963208,0.352163136364404,0.8268304331755516,0.03,0.615,0.0475,0.13987429090955425,0.24791200363668792,0.3675,0.0175,0.585,0.03,0.0,,0.31
fakeddit,text,0.60,nfmcd_rank16,1,1,10,0.817678302530852,0.3537682177475959,0.828197199133849,0.03,0.615,0.0475,0.139069632328803,0.2473487426301621,0.3675,0.0175,0.585,0.03,0.0,,0.33
fakeddit,text,0.60,spectral_graph+content,1,0,10,0.5548474437941088,0.3771640376177376,0.7158040840425174,0.03,0.615,0.0475,nan,nan,nan,nan,nan,nan,nan,,0.3
fakeddit,text,0.60,spectral_graph+content,1,1,10,0.5548474437941088,0.3771640376177376,0.7158040840425174,0.03,0.615,0.0475,nan,nan,nan,nan,nan,nan,nan,,0.33
fakeddit,text,0.60,nfmcd_full,2,0,10,0.6752000211587946,0.35050841039927916,0.7271041865827882,0.03,0.6141666666666666,0.0475,0.235654297714668,0.31495800840026755,0.36833333333333335,0.0175,0.5841666666666666,0.03,0.0,,0.45
fakeddit,text,0.60,kmeans_content,1,1,10,0.04195580963753631,0.07651009813669353,0.2976425998323252,0.03,0.615,0.0475,nan,nan,nan,nan,nan,nan,nan,,0.66
fakeddit,text,0.60,kmeans_content,1,0,10,0.025120098455819972,0.0866334329752054,0.2683994457543585,0.03,0.615,0.0475,nan,nan,nan,nan,nan,nan,nan,,0.73
fakeddit,text,0.60,nfmcd_full,2,1,10,0.5166808192891694,0.348859720394809,0.43430258880326855,0.03,0.6141666666666666,0.0475,0.23704413776626382,0.31593089643638467,0.36833333333333335,0.0175,0.5841666666666666,0.03,0.0,,0.48
fakeddit,text,0.60,nfmcd_all_changes,2,0,10,0.7353374386291717,0.3488111046336105,0.7334208696572507,0.03,0.6141666666666666,0.0475,0.1825,0.23212499999999997,0.36833333333333335,0.0175,0.5841666666666666,0.03,0.0,,0.42
fakeddit,text,0.60,nfmcd_all_changes,2,1,10,0.7374466972877515,0.34954845376493315,0.734127496205918,0.03,0.6141666666666666,0.0475,0.1825,0.23212499999999997,0.36833333333333335,0.0175,0.5841666666666666,0.03,0.0,,0.38
fakeddit,text,0.60,nfmcd_rank16,2,0,10,0.7142024519909033,0.35494314695214785,0.7305516847615118,0.03,0.6141666666666666,0.0475,0.14060203323934842,0.24842142326754388,0.36833333333333335,0.0175,0.5841666666666666,0.03,0.0,,0.39
fakeddit,text,0.60,nfmcd_rank16,2,1,10,0.7134287856334535,0.354344710916376,0.7286000601378223,0.03,0.6141666666666666,0.0475,0.14094581584195923,0.24866207108937147,0.36833333333333335,0.0175,0.5841666666666666,0.03,0.0,,0.38
fakeddit,text,0.60,spectral_graph+content,2,0,10,0.5582677600870738,0.35535975246025275,0.7122280529917014,0.03,0.6141666666666666,0.0475,nan,nan,nan,nan,nan,nan,nan,,0.33
fakeddit,text,0.60,spectral_graph+content,2,1,10,0.554424202259206,0.3541210937038395,0.7088981171604187,0.03,0.6141666666666666,0.0475,nan,nan,nan,nan,nan,nan,nan,,0.34
fakeddit,text,0.60,kmeans_content,2,1,10,0.12602860538892713,0.09197449052048716,0.3453096449681994,0.03,0.6141666666666666,0.0475,nan,nan,nan,nan,nan,nan,nan,,0.64
fakeddit,text,0.60,kmeans_content,2,0,10,0.020140786491769203,0.06309531095297652,0.2566346433911081,0.03,0.6141666666666666,0.0475,nan,nan,nan,nan,nan,nan,nan,,0.69
fakeddit,text,0.60,nfmcd_full,3,0,10,0.6681112778840353,0.34864202766080415,0.7201260520083854,0.0325,0.6041666666666666,0.0475,0.2419122346056566,0.31933856422395956,0.38083333333333336,0.015,0.5716666666666667,0.0325,0.0,,0.44
fakeddit,text,0.60,nfmcd_full,3,1,10,0.6766065608103816,0.3516131918668937,0.7300893460086179,0.0325,0.6041666666666666,0.0475,0.24418866823447563,0.32093206776413286,0.38083333333333336,0.015,0.5716666666666667,0.0325,0.0,,0.48
fakeddit,text,0.60,nfmcd_all_changes,3,1,10,0.8209799510454634,0.35376641492240835,0.8314975273782228,0.0325,0.6041666666666666,0.0475,0.18916666666666668,0.23512499999999997,0.38083333333333336,0.015,0.5716666666666667,0.0325,0.0,,0.27
fakeddit,text,0.60,nfmcd_all_changes,3,0,10,0.746870012871484,0.3484741037316691,0.7386216310064422,0.0325,0.6041666666666666,0.0475,0.18916666666666668,0.23512499999999997,0.38083333333333336,0.015,0.5716666666666667,0.0325,0.0,,0.36
fakeddit,text,0.60,nfmcd_rank16,3,0,10,0.8093753749593555,0.351217933592724,0.8201676127132602,0.0325,0.6041666666666666,0.0475,0.14414498224380173,0.25090148757066116,0.38083333333333336,0.015,0.5716666666666667,0.0325,0.0,,0.39
fakeddit,text,0.60,nfmcd_rank16,3,1,10,0.7593518769169865,0.3491823655845233,0.7374498995459986,0.0325,0.6041666666666666,0.0475,0.14495637223857097,0.2514694605669997,0.38083333333333336,0.015,0.5716666666666667,0.0325,0.0,,0.34
fakeddit,text,0.60,spectral_graph+content,3,0,10,0.5607940508261969,0.38491558710617124,0.7349595202498025,0.0325,0.6041666666666666,0.0475,nan,nan,nan,nan,nan,nan,nan,,0.39
fakeddit,text,0.60,spectral_graph+content,3,1,10,0.5592679555837037,0.3851102858560254,0.7320922341933433,0.0325,0.6041666666666666,0.0475,nan,nan,nan,nan,nan,nan,nan,,0.34
fakeddit,text,0.60,nfmcd_full,4,1,10,0.6847314153906034,0.3534393773370515,0.7391988456299708,0.02666666666666667,0.6008333333333333,0.0475,0.2420024759774599,0.3194017331842219,0.37833333333333335,0.020833333333333332,0.5741666666666667,0.02666666666666667,0.0,,0.39
fakeddit,text,0.60,kmeans_content,3,0,10,0.038703083183019515,0.08108930278003736,0.23583077325458285,0.0325,0.6041666666666666,0.0475,nan,nan,nan,nan,nan,nan,nan,,0.7
fakeddit,text,0.60,kmeans_content,3,1,10,0.034371475612486435,0.07437769675653465,0.23859512726355447,0.0325,0.6041666666666666,0.0475,nan,nan,nan,nan,nan,nan,nan,,0.7
fakeddit,text,0.60,nfmcd_full,4,0,10,0.6883719492380052,0.3522124783520032,0.7371382269586502,0.02666666666666667,0.6008333333333333,0.0475,0.24147662730391412,0.31903363911273985,0.37833333333333335,0.020833333333333332,0.5741666666666667,0.02666666666666667,0.0,,0.52
fakeddit,text,0.60,nfmcd_all_changes,4,1,10,0.7197552063620333,0.3547184626964349,0.7348648575395209,0.02666666666666667,0.6008333333333333,0.0475,0.18708333333333332,0.2341875,0.37833333333333335,0.020833333333333332,0.5741666666666667,0.02666666666666667,0.0,,0.25
fakeddit,text,0.60,nfmcd_all_changes,4,0,10,0.8193042092512248,0.35820697084209285,0.8294441695835637,0.02666666666666667,0.6008333333333333,0.0475,0.18708333333333332,0.2341875,0.37833333333333335,0.020833333333333332,0.5741666666666667,0.02666666666666667,0.0,,0.3
fakeddit,text,0.60,nfmcd_rank16,4,0,10,0.7166129781384679,0.3412871092692537,0.685633796616798,0.02666666666666667,0.6008333333333333,0.0475,0.14907636642192415,0.25435345649534685,0.37833333333333335,0.020833333333333332,0.5741666666666667,0.02666666666666667,0.0,,0.31
fakeddit,text,0.60,nfmcd_rank16,4,1,10,0.7657821870810216,0.3465512855573744,0.7372800177726131,0.02666666666666667,0.6008333333333333,0.0475,0.14910051654967435,0.25437036158477205,0.37833333333333335,0.020833333333333332,0.5741666666666667,0.02666666666666667,0.0,,0.33
fakeddit,text,0.60,spectral_graph+content,4,0,10,0.54637422854047,0.3801333798874184,0.7128193006640269,0.02666666666666667,0.6008333333333333,0.0475,nan,nan,nan,nan,nan,nan,nan,,0.33
fakeddit,text,0.60,spectral_graph+content,4,1,10,0.5475684842435017,0.3817023474331951,0.7117074157052203,0.02666666666666667,0.6008333333333333,0.0475,nan,nan,nan,nan,nan,nan,nan,,0.33
fakeddit,text,0.80,nfmcd_full,0,1,10,0.8147990720986312,0.36491050555989696,0.8272461799213566,0.03666666666666667,0.8208333333333333,0.0475,0.1016972186710462,0.22118805306973233,0.16833333333333333,0.010833333333333334,0.7841666666666667,0.03666666666666667,0.0,,0.27
fakeddit,text,0.80,nfmcd_full,0,0,10,0.8150275171502257,0.36378466989707037,0.8274806888095843,0.03666666666666667,0.8208333333333333,0.0475,0.10103140896831642,0.22072198627782144,0.16833333333333333,0.010833333333333334,0.7841666666666667,0.03666666666666667,0.0,,0.31
fakeddit,text,0.60,kmeans_content,4,0,10,0.1050121278679993,0.08872650027719871,0.33865450002607067,0.02666666666666667,0.6008333333333333,0.0475,nan,nan,nan,nan,nan,nan,nan,,0.61
fakeddit,text,0.60,kmeans_content,4,1,10,0.022287125925938067,0.09348300290361242,0.24845056726156947,0.02666666666666667,0.6008333333333333,0.0475,nan,nan,nan,nan,nan,nan,nan,,0.61
fakeddit,text,0.80,nfmcd_all_changes,0,0,10,0.8205383852931043,0.36762625466679294,0.8306429975492271,0.03666666666666667,0.8208333333333333,0.0475,0.07875,0.18543749999999998,0.16833333333333333,0.010833333333333334,0.7841666666666667,0.03666666666666667,0.0,,0.17
fakeddit,text,0.80,nfmcd_rank16,0,0,10,0.827981850230975,0.43735144569156986,0.9060989702599646,0.03666666666666667,0.8208333333333333,0.0475,0.05467366458081358,0.18827156520656946,0.16833333333333333,0.010833333333333334,0.7841666666666667,0.03666666666666667,0.0,,0.19
fakeddit,text,0.80,nfmcd_all_changes,0,1,10,0.8199293327224522,0.36745141247563057,0.8305165812771517,0.03666666666666667,0.8208333333333333,0.0475,0.07875,0.18543749999999995,0.16833333333333333,0.010833333333333334,0.7841666666666667,0.03666666666666667,0.0,,0.28
fakeddit,text,0.80,nfmcd_rank16,0,1,10,0.7565504556799827,0.43373383806238053,0.8162068371239499,0.03666666666666667,0.8208333333333333,0.0475,0.05406025808339332,0.1878421806583753,0.16833333333333333,0.010833333333333334,0.7841666666666667,0.03666666666666667,0.0,,0.23
fakeddit,text,0.80,spectral_graph+content,0,0,10,0.5043408135616272,0.35642293517000495,0.6613536890946113,0.03666666666666667,0.8208333333333333,0.0475,nan,nan,nan,nan,nan,nan,nan,,0.3
fakeddit,text,0.80,spectral_graph+content,0,1,10,0.5077453231472737,0.35718184812910164,0.6633020195083766,0.03666666666666667,0.8208333333333333,0.0475,nan,nan,nan,nan,nan,nan,nan,,0.31
fakeddit,text,0.80,nfmcd_full,1,0,10,0.8118256160255688,0.3583841318614117,0.8249692525447896,0.04,0.7866666666666666,0.0475,0.12485385392968354,0.2373976977507784,0.20583333333333334,0.0075,0.7466666666666667,0.04,0.0,,0.28
fakeddit,text,0.80,kmeans_content,0,0,10,0.13070550794460778,0.08924552600422127,0.33435427834688725,0.03666666666666667,0.8208333333333333,0.0475,nan,nan,nan,nan,nan,nan,nan,,0.5
fakeddit,text,0.80,nfmcd_full,1,1,10,0.8094666836591831,0.3575320580700058,0.8234927224130535,0.04,0.7866666666666666,0.0475,0.12577532099646457,0.23804272469752513,0.20583333333333334,0.0075,0.7466666666666667,0.04,0.0,,0.3
fakeddit,text,0.80,kmeans_content,0,1,10,0.10588602907897271,0.1020283019219499,0.3474437773023399,0.03666666666666667,0.8208333333333333,0.0475,nan,nan,nan,nan,nan,nan,nan,,0.59
fakeddit,text,0.80,nfmcd_all_changes,1,1,10,0.8170807581084539,0.3737121083492077,0.8288905650169889,0.04,0.7866666666666666,0.0475,0.09666666666666666,0.19349999999999998,0.20583333333333334,0.0075,0.7466666666666667,0.04,0.0,,0.23
fakeddit,text,0.80,nfmcd_all_changes,1,0,10,0.8170807581084539,0.36814772981531596,0.8288905650169889,0.04,0.7866666666666666,0.0475,0.09666666666666666,0.19349999999999998,0.20583333333333334,0.0075,0.7466666666666667,0.04,0.0,,0.28
fakeddit,text,0.80,nfmcd_rank16,1,0,10,0.8154103629364399,0.37193879088693654,0.8279894944333701,0.04,0.7866666666666666,0.0475,0.06835572594803264,0.1978490081636228,0.20583333333333334,0.0075,0.7466666666666667,0.04,0.0,,0.23
fakeddit,text,0.80,nfmcd_rank16,1,1,10,0.8154103629364399,0.36763501397645004,0.8279894944333701,0.04,0.7866666666666666,0.0475,0.0689657942414932,0.19827605596904518,0.20583333333333334,0.0075,0.7466666666666667,0.04,0.0,,0.17
fakeddit,text,0.80,spectral_graph+content,1,0,10,0.5363717346444841,0.36167965808190833,0.7030682878830545,0.04,0.7866666666666666,0.0475,nan,nan,nan,nan,nan,nan,nan,,0.33
fakeddit,text,0.80,spectral_graph+content,1,1,10,0.5367492739293069,0.36237124539437887,0.703003372140267,0.04,0.7866666666666666,0.0475,nan,nan,nan,nan,nan,nan,nan,,0.33
fakeddit,text,0.80,kmeans_content,1,0,10,0.02403553823138238,0.08061920814936102,0.28070889248593894,0.04,0.7866666666666666,0.0475,nan,nan,nan,nan,nan,nan,nan,,0.56
fakeddit,text,0.80,nfmcd_full,2,1,10,0.8166542168139681,0.35251285896917095,0.8276196422789293,0.03916666666666667,0.8116666666666666,0.0475,0.1119592270770404,0.22837145895392827,0.18,0.008333333333333333,0.7725,0.03916666666666667,0.0,,0.31
fakeddit,text,0.80,nfmcd_full,2,0,10,0.81797579342448,0.3524924800371033,0.8283241538627253,0.03916666666666667,0.8116666666666666,0.0475,0.111769483780163,0.22823863864611407,0.18,0.008333333333333333,0.7725,0.03916666666666667,0.0,,0.34
fakeddit,text,0.80,kmeans_content,1,1,10,0.09709920464910171,0.0959628303568063,0.31727513892772763,0.04,0.7866666666666666,0.0475,nan,nan,nan,nan,nan,nan,nan,,0.59
fakeddit,text,0.80,nfmcd_all_changes,2,0,10,0.8178946820960031,0.3661408923427905,0.8290164818451423,0.03916666666666667,0.8116666666666666,0.0475,0.08249999999999999,0.18712499999999996,0.18,0.008333333333333333,0.7725,0.03916666666666667,0.0,,0.23
fakeddit,text,0.80,nfmcd_all_changes,2,1,10,0.8178946820960031,0.3662493039295136,0.8290164818451423,0.03916666666666667,0.8116666666666666,0.0475,0.0825,0.18712499999999996,0.18,0.008333333333333333,0.7725,0.03916666666666667,0.0,,0.27
fakeddit,text,0.80,nfmcd_rank16,2,1,10,0.8178946820960031,0.37059168550656146,0.8290164818451423,0.03916666666666667,0.8116666666666666,0.0475,0.05914755134917416,0.19140328594442188,0.18,0.008333333333333333,0.7725,0.03916666666666667,0.0,,0.23
fakeddit,text,0.80,nfmcd_rank16,2,0,10,0.8178946820960031,0.37071487643757867,0.8290164818451423,0.03916666666666667,0.8116666666666666,0.0475,0.05847143569957813,0.19093000498970467,0.18,0.008333333333333333,0.7725,0.03916666666666667,0.0,,0.31
fakeddit,text,0.80,spectral_graph+content,2,0,10,0.5184987694209259,0.3681225412259457,0.6867818655566836,0.03916666666666667,0.8116666666666666,0.0475,nan,nan,nan,nan,nan,nan,nan,,0.33
fakeddit,text,0.80,spectral_graph+content,2,1,10,0.5253621860639869,0.3700262545495775,0.6910847026203684,0.03916666666666667,0.8116666666666666,0.0475,nan,nan,nan,nan,nan,nan,nan,,0.33
fakeddit,text,0.80,kmeans_content,2,0,10,0.02024315740595939,0.07953488842910546,0.2659746357409825,0.03916666666666667,0.8116666666666666,0.0475,nan,nan,nan,nan,nan,nan,nan,,0.53
fakeddit,text,0.80,kmeans_content,2,1,10,0.06809647567129629,0.0785725492625327,0.32001230652004936,0.03916666666666667,0.8116666666666666,0.0475,nan,nan,nan,nan,nan,nan,nan,,0.53
fakeddit,text,0.80,nfmcd_full,3,0,10,0.7085547033237142,0.3612531720725102,0.7278370718383381,0.03833333333333333,0.7933333333333333,0.0475,0.12230136812057357,0.2356109576844015,0.1975,0.009166666666666667,0.755,0.03833333333333333,0.0,,0.31
fakeddit,text,0.80,nfmcd_full,3,1,10,0.8203901138860383,0.35686285636781523,0.8296230376129531,0.03833333333333333,0.7933333333333333,0.0475,0.12142425994496236,0.23499698196147364,0.1975,0.009166666666666667,0.755,0.03833333333333333,0.0,,0.42
fakeddit,text,0.80,nfmcd_all_changes,3,0,10,0.8237633155871728,0.43659630719863446,0.9017350530169693,0.03833333333333333,0.7933333333333333,0.0475,0.09291666666666666,0.19181249999999997,0.1975,0.009166666666666667,0.755,0.03833333333333333,0.0,,0.22
fakeddit,text,0.80,nfmcd_all_changes,3,1,10,0.8263039526133018,0.36632243620214144,0.8346262597000198,0.03833333333333333,0.7933333333333333,0.0475,0.09291666666666666,0.19181249999999997,0.1975,0.009166666666666667,0.755,0.03833333333333333,0.0,,0.25
fakeddit,text,0.80,nfmcd_rank16,3,0,10,0.8219238939698135,0.37028074593975263,0.8315289083872017,0.03833333333333333,0.7933333333333333,0.0475,0.06419849313588513,0.19493894519511956,0.1975,0.009166666666666667,0.755,0.03833333333333333,0.0,,0.24
fakeddit,text,0.80,nfmcd_rank16,3,1,10,0.8206298002975918,0.36848523397941213,0.8308449342998723,0.03833333333333333,0.7933333333333333,0.0475,0.06464473809823419,0.1952513166687639,0.1975,0.009166666666666667,0.755,0.03833333333333333,0.0,,0.27
fakeddit,text,0.80,spectral_graph+content,3,0,10,0.558528008468009,0.38573495204271596,0.7457014190007522,0.03833333333333333,0.7933333333333333,0.0475,nan,nan,nan,nan,nan,nan,nan,,0.31
fakeddit,text,0.80,spectral_graph+content,3,1,10,0.558528008468009,0.38573495204271596,0.7457014190007522,0.03833333333333333,0.7933333333333333,0.0475,nan,nan,nan,nan,nan,nan,nan,,0.3
fakeddit,text,0.80,kmeans_content,3,0,10,0.0970117356727409,0.09120432423738377,0.3190741917024194,0.03833333333333333,0.7933333333333333,0.0475,nan,nan,nan,nan,nan,nan,nan,,0.56
fakeddit,text,0.80,nfmcd_full,4,0,10,0.8150208353445376,0.35461373957537834,0.8270877758997743,0.03916666666666667,0.7825,0.0475,0.1305858190700611,0.24141007334904274,0.20916666666666667,0.008333333333333333,0.7433333333333333,0.03916666666666667,0.0,,0.34
fakeddit,text,0.80,nfmcd_full,4,1,10,0.8150208353445376,0.35325444123596067,0.8270877758997743,0.03916666666666667,0.7825,0.0475,0.13046782461952663,0.24132747723366862,0.20916666666666667,0.008333333333333333,0.7433333333333333,0.03916666666666667,0.0,,0.28
fakeddit,text,0.80,kmeans_content,3,1,10,0.04039015402539192,0.08509769665766595,0.27330622666836163,0.03833333333333333,0.7933333333333333,0.0475,nan,nan,nan,nan,nan,nan,nan,,0.64
fakeddit,text,0.80,nfmcd_rank16,4,0,10,0.8164932239014067,0.3672080501865252,0.828763830716556,0.03916666666666667,0.7825,0.0475,0.07491578792974674,0.20244105155082268,0.20916666666666667,0.008333333333333333,0.7433333333333333,0.03916666666666667,0.0,,0.27
fakeddit,text,0.80,nfmcd_all_changes,4,0,10,0.8186962422042661,0.3629298759418655,0.8302564951673228,0.03916666666666667,0.7825,0.0475,0.09833333333333333,0.19424999999999998,0.20916666666666667,0.008333333333333333,0.7433333333333333,0.03916666666666667,0.0,,0.28
fakeddit,text,0.80,nfmcd_all_changes,4,1,10,0.75896400983465,0.33472481284556393,0.7574623954170244,0.03916666666666667,0.7825,0.0475,0.09833333333333333,0.19424999999999998,0.20916666666666667,0.008333333333333333,0.7433333333333333,0.03916666666666667,0.0,,0.3
fakeddit,text,0.80,nfmcd_rank16,4,1,10,0.8164932239014067,0.36698630268845,0.828763830716556,0.03916666666666667,0.7825,0.0475,0.07460557433632896,0.20222390203543023,0.20916666666666667,0.008333333333333333,0.7433333333333333,0.03916666666666667,0.0,,0.27
fakeddit,text,0.80,spectral_graph+content,4,0,10,0.49560561977695416,0.37241560948222596,0.726725028428856,0.03916666666666667,0.7825,0.0475,nan,nan,nan,nan,nan,nan,nan,,0.31
fakeddit,text,0.80,spectral_graph+content,4,1,10,0.4954171150283414,0.3713902096565293,0.7279407959229631,0.03916666666666667,0.7825,0.0475,nan,nan,nan,nan,nan,nan,nan,,0.33
fakeddit,text,0.80,kmeans_content,4,0,10,0.02346082956923823,0.07277710332509064,0.24115197054667153,0.03916666666666667,0.7825,0.0475,nan,nan,nan,nan,nan,nan,nan,,0.66
fakeddit,text,0.80,kmeans_content,4,1,10,0.017672528007296906,0.06398550526001004,0.2494769493079433,0.03916666666666667,0.7825,0.0475,nan,nan,nan,nan,nan,nan,nan,,0.61
fakeddit,both,0.10,nfmcd_all_changes,0,0,10,0.7394030338125236,0.3395722307358111,0.6891403708625894,0.013333333333333334,0.095,0.14666666666666667,0.3858333333333333,0.323625,0.7716666666666666,0.13333333333333333,0.08166666666666667,0.013333333333333334,0.0,,0.55
fakeddit,both,0.10,nfmcd_all_changes,0,1,10,0.7276583264002568,0.3355121951536479,0.6874459828071146,0.013333333333333334,0.095,0.14666666666666667,0.3858333333333333,0.323625,0.7716666666666666,0.13333333333333333,0.08166666666666667,0.013333333333333334,0.0,,0.44
fakeddit,both,0.10,nfmcd_full,0,1,10,0.34925695844149307,0.3157755466333192,0.3029767701903179,0.013333333333333334,0.095,0.14666666666666667,0.49658020327229346,0.49760614229060535,0.7716666666666666,0.13333333333333333,0.08166666666666667,0.013333333333333334,0.0,,1.23
fakeddit,both,0.10,nfmcd_full,0,0,10,0.2945324662470734,0.2806229813414409,0.3367688178805418,0.013333333333333334,0.095,0.14666666666666667,0.49589001295330964,0.49712300906731666,0.7716666666666666,0.13333333333333333,0.08166666666666667,0.013333333333333334,0.0,,1.3
fakeddit,both,0.10,nfmcd_rank16,0,0,10,0.7451801252418915,0.35559866502005233,0.6933293657381082,0.013333333333333334,0.095,0.14666666666666667,0.31647659990062965,0.37153361993044076,0.7716666666666666,0.13333333333333333,0.08166666666666667,0.013333333333333334,0.0,,0.41
fakeddit,both,0.10,nfmcd_rank16,0,1,10,0.5914188286787563,0.34604289203967376,0.5728408189820625,0.013333333333333334,0.095,0.14666666666666667,0.320937006527323,0.3746559045691261,0.7716666666666666,0.13333333333333333,0.08166666666666667,0.013333333333333334,0.0,,0.44
fakeddit,both,0.10,spectral_graph+content,0,0,10,0.557508538705229,0.3734655481157766,0.7105670791901983,0.013333333333333334,0.095,0.14666666666666667,nan,nan,nan,nan,nan,nan,nan,,0.3
fakeddit,both,0.10,spectral_graph+content,0,1,10,0.5575937599795442,0.3735831458294273,0.7104557825901024,0.013333333333333334,0.095,0.14666666666666667,nan,nan,nan,nan,nan,nan,nan,,0.33
fakeddit,both,0.10,kmeans_content,0,0,10,0.07098234961187821,0.1141994773577929,0.22872893072114805,0.013333333333333334,0.095,0.14666666666666667,nan,nan,nan,nan,nan,nan,nan,,0.61
fakeddit,both,0.10,kmeans_content,0,1,10,0.033704965898998074,0.05997973917527857,0.2964045048255872,0.013333333333333334,0.095,0.14666666666666667,nan,nan,nan,nan,nan,nan,nan,,0.56
fakeddit,both,0.10,nfmcd_all_changes,1,1,10,0.7179964282411825,0.3511255754316997,0.7431601862453082,0.006666666666666667,0.08583333333333333,0.14916666666666667,0.3858333333333333,0.323625,0.7716666666666666,0.1425,0.07916666666666666,0.006666666666666667,0.0,,0.5
fakeddit,both,0.10,nfmcd_all_changes,1,0,10,0.7770410906352113,0.30843813730547237,0.6444532119286774,0.006666666666666667,0.08583333333333333,0.14916666666666667,0.3858333333333333,0.323625,0.7716666666666666,0.1425,0.07916666666666666,0.006666666666666667,0.0,,0.72
fakeddit,both,0.10,nfmcd_full,1,0,10,0.38411129332338945,0.29243720694574904,0.38861959167191407,0.006666666666666667,0.08583333333333333,0.14916666666666667,0.49522619424334313,0.4966583359703402,0.7716666666666666,0.1425,0.07916666666666666,0.006666666666666667,0.0,,1.39
fakeddit,both,0.10,nfmcd_rank16,1,0,10,0.5387228531251539,0.34570974841918506,0.5536051696607431,0.006666666666666667,0.08583333333333333,0.14916666666666667,0.3172460828308793,0.3720722579816155,0.7716666666666666,0.1425,0.07916666666666666,0.006666666666666667,0.0,,0.48
fakeddit,both,0.10,nfmcd_full,1,1,10,0.3260435672956363,0.304187636108922,0.27433473813813036,0.006666666666666667,0.08583333333333333,0.14916666666666667,0.4955862364262575,0.49691036549838025,0.7716666666666666,0.1425,0.07916666666666666,0.006666666666666667,0.0,,1.36
fakeddit,both,0.10,nfmcd_rank16,1,1,10,0.7470595405409886,0.344033245217651,0.6915790678867836,0.006666666666666667,0.08583333333333333,0.14916666666666667,0.31803656762135885,0.37262559733495115,0.7716666666666666,0.1425,0.07916666666666666,0.006666666666666667,0.0,,0.45
fakeddit,both,0.10,spectral_graph+content,1,0,10,0.5458096243214783,0.3594197912276196,0.7063354226190024,0.006666666666666667,0.08583333333333333,0.14916666666666667,nan,nan,nan,nan,nan,nan,nan,,0.3
fakeddit,both,0.10,spectral_graph+content,1,1,10,0.5445465938942391,0.3594143254183936,0.7054299250893546,0.006666666666666667,0.08583333333333333,0.14916666666666667,nan,nan,nan,nan,nan,nan,nan,,0.3
fakeddit,both,0.10,kmeans_content,1,0,10,0.10750231635953189,0.11485722188295204,0.3663171834478151,0.006666666666666667,0.08583333333333333,0.14916666666666667,nan,nan,nan,nan,nan,nan,nan,,0.58
fakeddit,both,0.10,kmeans_content,1,1,10,0.05965178849007935,0.12476545037271054,0.25075829194858473,0.006666666666666667,0.08583333333333333,0.14916666666666667,nan,nan,nan,nan,nan,nan,nan,,0.75
fakeddit,both,0.10,nfmcd_all_changes,2,0,10,0.7289989345574439,0.343145232775023,0.6868452742248936,0.0125,0.11333333333333333,0.13666666666666666,0.38125,0.3215625,0.7625,0.12416666666666666,0.10083333333333333,0.0125,0.0,,0.5
fakeddit,both,0.10,nfmcd_all_changes,2,1,10,0.7460945382849241,0.3407168527289495,0.6892354311831641,0.0125,0.11333333333333333,0.13666666666666666,0.38125,0.3215625,0.7625,0.12416666666666666,0.10083333333333333,0.0125,0.0,,0.56
fakeddit,both,0.10,nfmcd_full,2,0,10,0.2715448088085358,0.2738786537222629,0.3374167685345491,0.0125,0.11333333333333333,0.13666666666666666,0.4911094726172155,0.4937766308320508,0.7625,0.12416666666666666,0.10083333333333333,0.0125,0.0,,1.19
fakeddit,both,0.10,nfmcd_rank16,2,0,10,0.7565474700520383,0.3546995394023721,0.6959698229816622,0.0125,0.11333333333333333,0.13666666666666666,0.3155027740649067,0.3708519418454347,0.7625,0.12416666666666666,0.10083333333333333,0.0125,0.0,,0.41
fakeddit,both,0.10,nfmcd_full,2,1,10,0.39522659573413255,0.28252416879868797,0.3881930717233338,0.0125,0.11333333333333333,0.13666666666666666,0.4928730548340412,0.49501113838382876,0.7625,0.12416666666666666,0.10083333333333333,0.0125,0.0,,1.23
fakeddit,both,0.10,spectral_graph+content,2,0,10,0.5551806052525778,0.37041132654291686,0.7114097223475864,0.0125,0.11333333333333333,0.13666666666666666,nan,nan,nan,nan,nan,nan,nan,,0.3
fakeddit,both,0.10,spectral_graph+content,2,1,10,0.5593884838874313,0.3709302981214798,0.7140674177769423,0.0125,0.11333333333333333,0.13666666666666666,nan,nan,nan,nan,nan,nan,nan,,0.26
fakeddit,both,0.10,nfmcd_rank16,2,1,10,0.7605555954738736,0.35416535529183757,0.6996035275354162,0.0125,0.11333333333333333,0.13666666666666666,0.3153752248265618,0.3707626573785932,0.7625,0.12416666666666666,0.10083333333333333,0.0125,0.0,,0.48
fakeddit,both,0.10,kmeans_content,2,0,10,0.10228844440737195,0.09933446701521415,0.37127782969421497,0.0125,0.11333333333333333,0.13666666666666666,nan,nan,nan,nan,nan,nan,nan,,0.55
fakeddit,both,0.10,kmeans_content,2,1,10,0.08667599366756784,0.14833546265249822,0.22672733110288384,0.0125,0.11333333333333333,0.13666666666666666,nan,nan,nan,nan,nan,nan,nan,,0.72
fakeddit,both,0.10,nfmcd_all_changes,3,0,10,0.7458545460115691,0.30574165549461846,0.6932326025284558,0.014166666666666666,0.10583333333333333,0.15083333333333335,0.37875,0.3204375,0.7575,0.13666666666666666,0.09166666666666666,0.014166666666666666,0.0,,0.67
fakeddit,both,0.10,nfmcd_all_changes,3,1,10,0.7439533643935653,0.3036318945410205,0.6929390114867113,0.014166666666666666,0.10583333333333333,0.15083333333333335,0.37875,0.3204375,0.7575,0.13666666666666666,0.09166666666666666,0.014166666666666666,0.0,,0.5
fakeddit,both,0.10,nfmcd_full,3,0,10,0.27128044329075207,0.28991249041946526,0.2870062764969848,0.014166666666666666,0.10583333333333333,0.15083333333333335,0.4845859988471635,0.48921019919301445,0.7575,0.13666666666666666,0.09166666666666666,0.014166666666666666,0.0,,1.3
fakeddit,both,0.10,nfmcd_rank16,3,0,10,0.749270030516217,0.352265664880241,0.6909984592859273,0.014166666666666666,0.10583333333333333,0.15083333333333335,0.3063622837251296,0.36445359860759063,0.7575,0.13666666666666666,0.09166666666666666,0.014166666666666666,0.0,,0.44
fakeddit,both,0.10,nfmcd_full,3,1,10,0.2917307389379429,0.28657401810002087,0.32291027110119147,0.014166666666666666,0.10583333333333333,0.15083333333333335,0.4842460101923255,0.48897220713462786,0.7575,0.13666666666666666,0.09166666666666666,0.014166666666666666,0.0,,1.25
fakeddit,both,0.10,spectral_graph+content,3,0,10,0.6355748973089409,0.3948540813996977,0.7858869397793765,0.014166666666666666,0.10583333333333333,0.15083333333333335,nan,nan,nan,nan,nan,nan,nan,,0.3
fakeddit,both,0.10,nfmcd_rank16,3,1,10,0.6723546677364335,0.3513506769490727,0.7234487497635571,0.014166666666666666,0.10583333333333333,0.15083333333333335,0.3047850698650464,0.36334954890553245,0.7575,0.13666666666666666,0.09166666666666666,0.014166666666666666,0.0,,0.42
fakeddit,both,0.10,spectral_graph+content,3,1,10,0.6355748973089409,0.3948540813996977,0.7858869397793765,0.014166666666666666,0.10583333333333333,0.15083333333333335,nan,nan,nan,nan,nan,nan,nan,,0.27
fakeddit,both,0.10,kmeans_content,3,0,10,0.05521888492192306,0.09271204669003812,0.2509099260754898,0.014166666666666666,0.10583333333333333,0.15083333333333335,nan,nan,nan,nan,nan,nan,nan,,0.56
fakeddit,both,0.10,kmeans_content,3,1,10,0.0342642314773145,0.11678852225419833,0.2203029556545783,0.014166666666666666,0.10583333333333333,0.15083333333333335,nan,nan,nan,nan,nan,nan,nan,,0.59
fakeddit,both,0.10,nfmcd_all_changes,4,0,10,0.7369453539626554,0.30763115644018113,0.6920186913039205,0.013333333333333334,0.095,0.13083333333333333,0.39375,0.32718749999999996,0.7875,0.1175,0.08166666666666667,0.013333333333333334,0.0,,0.53
fakeddit,both,0.10,nfmcd_all_changes,4,1,10,0.712201378917277,0.3504903853326067,0.7432322326378892,0.013333333333333334,0.095,0.13083333333333333,0.39375,0.32718749999999996,0.7875,0.1175,0.08166666666666667,0.013333333333333334,0.0,,0.55
fakeddit,both,0.10,nfmcd_full,4,0,10,0.3720510756332873,0.3045105552261383,0.3760824903543217,0.013333333333333334,0.095,0.13083333333333333,0.5075903302073912,0.5053132311451738,0.7875,0.1175,0.08166666666666667,0.013333333333333334,0.0,,1.31
fakeddit,both,0.10,nfmcd_rank16,4,0,10,0.7381564590911645,0.355016212335502,0.6873012689751739,0.013333333333333334,0.095,0.13083333333333333,0.3256893447845011,0.3779825413491507,0.7875,0.1175,0.08166666666666667,0.013333333333333334,0.0,,0.48
fakeddit,both,0.10,nfmcd_full,4,1,10,0.3020329415312373,0.28650343399020234,0.36387070913669795,0.013333333333333334,0.095,0.13083333333333333,0.5057702234750274,0.5040391564325192,0.7875,0.1175,0.08166666666666667,0.013333333333333334,0.0,,1.5
fakeddit,both,0.10,nfmcd_rank16,4,1,10,0.7180811033564096,0.3473385404573179,0.7638801318106326,0.013333333333333334,0.095,0.13083333333333333,0.3273581437525947,0.37915070062681633,0.7875,0.1175,0.08166666666666667,0.013333333333333334,0.0,,0.45
fakeddit,both,0.10,spectral_graph+content,4,0,10,0.5362226340455869,0.3547107576891402,0.6973096630303015,0.013333333333333334,0.095,0.13083333333333333,nan,nan,nan,nan,nan,nan,nan,,0.31
fakeddit,both,0.10,spectral_graph+content,4,1,10,0.5370949682501108,0.3564780073387216,0.6982422923928422,0.013333333333333334,0.095,0.13083333333333333,nan,nan,nan,nan,nan,nan,nan,,0.28
fakeddit,both,0.10,kmeans_content,4,1,10,0.021236686889093637,0.11932959798571806,0.21166628111401428,0.013333333333333334,0.095,0.13083333333333333,nan,nan,nan,nan,nan,nan,nan,,0.59
fakeddit,both,0.10,kmeans_content,4,0,10,0.055924200632418875,0.13809863582766216,0.2618436286033834,0.013333333333333334,0.095,0.13083333333333333,nan,nan,nan,nan,nan,nan,nan,,0.7
fakeddit,both,0.20,nfmcd_full,0,0,10,0.5856200693690312,0.3437683605084173,0.6007242668125812,0.04833333333333333,0.2025,0.24083333333333334,0.3890349174366184,0.4223244422056328,0.605,0.1925,0.15416666666666667,0.04833333333333333,0.0,,0.86
fakeddit,both,0.20,nfmcd_full,0,1,10,0.35472949915914864,0.30068005177943274,0.4390516444064188,0.04833333333333333,0.2025,0.24083333333333334,0.3853923106941598,0.4197746174859119,0.605,0.1925,0.15416666666666667,0.04833333333333333,0.0,,0.89
fakeddit,both,0.20,nfmcd_all_changes,0,0,10,0.7095951879378884,0.30653373597788214,0.6308627535303405,0.04833333333333333,0.2025,0.24083333333333334,0.30166666666666664,0.28575,0.605,0.1925,0.15416666666666667,0.04833333333333333,0.0,,0.42
fakeddit,both,0.20,nfmcd_all_changes,0,1,10,0.6862297431682464,0.34357166145075785,0.6769606912196996,0.04833333333333333,0.2025,0.24083333333333334,0.3016666666666667,0.28575,0.605,0.1925,0.15416666666666667,0.04833333333333333,0.0,,0.39
fakeddit,both,0.20,spectral_graph+content,0,0,10,0.5503299843601814,0.37494251105811877,0.7066531684168269,0.04833333333333333,0.2025,0.24083333333333334,nan,nan,nan,nan,nan,nan,nan,,0.28
fakeddit,both,0.20,nfmcd_rank16,0,0,10,0.689688665898742,0.35144485386130214,0.7365423940588871,0.04833333333333333,0.2025,0.24083333333333334,0.2477963674021818,0.32345745718152724,0.605,0.1925,0.15416666666666667,0.04833333333333333,0.0,,0.41
fakeddit,both,0.20,spectral_graph+content,0,1,10,0.5530029683807768,0.37560449827435544,0.7079783912920435,0.04833333333333333,0.2025,0.24083333333333334,nan,nan,nan,nan,nan,nan,nan,,0.25
fakeddit,both,0.20,nfmcd_rank16,0,1,10,0.7052594878879622,0.33178131850238024,0.6825498552426955,0.04833333333333333,0.2025,0.24083333333333334,0.24472071808078033,0.3213045026565462,0.605,0.1925,0.15416666666666667,0.04833333333333333,0.0,,0.38
fakeddit,both,0.20,kmeans_content,0,0,10,0.044955564800647,0.11171374453728837,0.20117907715279512,0.04833333333333333,0.2025,0.24083333333333334,nan,nan,nan,nan,nan,nan,nan,,0.47
fakeddit,both,0.20,kmeans_content,0,1,10,0.018838499862933733,0.08283954025766296,0.2289986107918276,0.04833333333333333,0.2025,0.24083333333333334,nan,nan,nan,nan,nan,nan,nan,,0.69
fakeddit,both,0.20,nfmcd_all_changes,1,0,10,0.7616117686071239,0.3112039928488104,0.7619721900291061,0.05416666666666667,0.19,0.25416666666666665,0.305,0.28724999999999995,0.61,0.2,0.13583333333333333,0.05416666666666667,0.0,,0.38
fakeddit,both,0.20,nfmcd_full,1,0,10,0.548445109223287,0.33816336744454834,0.6058771198438077,0.05416666666666667,0.19,0.25416666666666665,0.3901396211145433,0.4230977347801803,0.61,0.2,0.13583333333333333,0.05416666666666667,0.0,,0.88
fakeddit,both,0.20,nfmcd_full,1,1,10,0.6177236048489527,0.34461718857744483,0.6207486463673602,0.05416666666666667,0.19,0.25416666666666665,0.3914487906517821,0.42401415345624743,0.61,0.2,0.13583333333333333,0.05416666666666667,0.0,,1.0
fakeddit,both,0.20,nfmcd_all_changes,1,1,10,0.692527282906007,0.3348368587494938,0.6791677938468693,0.05416666666666667,0.19,0.25416666666666665,0.305,0.28724999999999995,0.61,0.2,0.13583333333333333,0.05416666666666667,0.0,,0.42
fakeddit,both,0.20,nfmcd_rank16,1,0,10,0.7215720886150166,0.3312579449725642,0.6871562310588205,0.05416666666666667,0.19,0.25416666666666665,0.246585884928537,0.32261011944997586,0.61,0.2,0.13583333333333333,0.05416666666666667,0.0,,0.33
fakeddit,both,0.20,nfmcd_rank16,1,1,10,0.7207424601605084,0.3334790701965406,0.6863177615479097,0.05416666666666667,0.19,0.25416666666666665,0.24540178704575571,0.321781250932029,0.61,0.2,0.13583333333333333,0.05416666666666667,0.0,,0.36
fakeddit,both,0.20,spectral_graph+content,1,0,10,0.5722403054555312,0.3593166893751504,0.7335647891696986,0.05416666666666667,0.19,0.25416666666666665,nan,nan,nan,nan,nan,nan,nan,,0.3
fakeddit,both,0.20,spectral_graph+content,1,1,10,0.5722403054555312,0.3593166893751504,0.7335647891696986,0.05416666666666667,0.19,0.25416666666666665,nan,nan,nan,nan,nan,nan,nan,,0.3
fakeddit,both,0.20,kmeans_content,1,0,10,0.029471558881276394,0.09566663191184943,0.18363006320097078,0.05416666666666667,0.19,0.25416666666666665,nan,nan,nan,nan,nan,nan,nan,,0.53
fakeddit,both,0.20,kmeans_content,1,1,10,0.01839589893400695,0.08464324456143543,0.22644519038518904,0.05416666666666667,0.19,0.25416666666666665,nan,nan,nan,nan,nan,nan,nan,,0.44
fakeddit,both,0.20,nfmcd_all_changes,2,1,10,0.6888594235339077,0.34040763954244396,0.6769846993220565,0.0425,0.20666666666666667,0.22833333333333333,0.30333333333333334,0.2865,0.6075,0.18583333333333332,0.16416666666666666,0.0425,0.0,,0.36
fakeddit,both,0.20,nfmcd_full,2,0,10,0.4787947512800492,0.326873286189306,0.5108330046869548,0.0425,0.20666666666666667,0.22833333333333333,0.39300042916406414,0.42510030041484487,0.6075,0.18583333333333332,0.16416666666666666,0.0425,0.0,,0.84
fakeddit,both,0.20,nfmcd_full,2,1,10,0.5567930844688757,0.3212800306003775,0.5672329072356216,0.0425,0.20666666666666667,0.22833333333333333,0.39304134811134744,0.4251289436779432,0.6075,0.18583333333333332,0.16416666666666666,0.0425,0.0,,0.78
fakeddit,both,0.20,nfmcd_all_changes,2,0,10,0.6836205975839195,0.33975371407629534,0.6756049572136773,0.0425,0.20666666666666667,0.22833333333333333,0.30333333333333334,0.2865,0.6075,0.18583333333333332,0.16416666666666666,0.0425,0.0,,0.55
fakeddit,both,0.20,spectral_graph+content,2,0,10,0.558582751707128,0.3670483823048924,0.7244055261744732,0.0425,0.20666666666666667,0.22833333333333333,nan,nan,nan,nan,nan,nan,nan,,0.26
fakeddit,both,0.20,nfmcd_rank16,2,0,10,0.7161790994883788,0.35177044536426466,0.742644757438826,0.0425,0.20666666666666667,0.22833333333333333,0.25156719564842883,0.32609703695390013,0.6075,0.18583333333333332,0.16416666666666666,0.0425,0.0,,0.41
fakeddit,both,0.20,spectral_graph+content,2,1,10,0.5547625485587953,0.36647730398208217,0.7217517100132353,0.0425,0.20666666666666667,0.22833333333333333,nan,nan,nan,nan,nan,nan,nan,,0.28
fakeddit,both,0.20,nfmcd_rank16,2,1,10,0.7453207546933974,0.35034618479922647,0.7501791499508698,0.0425,0.20666666666666667,0.22833333333333333,0.24727008019780736,0.3230890561384651,0.6075,0.18583333333333332,0.16416666666666666,0.0425,0.0,,0.44
fakeddit,both,0.20,kmeans_content,2,0,10,0.037003535394596776,0.10129189561086663,0.22112419631784958,0.0425,0.20666666666666667,0.22833333333333333,nan,nan,nan,nan,nan,nan,nan,,0.47
fakeddit,both,0.20,kmeans_content,2,1,10,0.040693874604625924,0.11512469934784424,0.22598840319586086,0.0425,0.20666666666666667,0.22833333333333333,nan,nan,nan,nan,nan,nan,nan,,0.56
fakeddit,both,0.20,nfmcd_full,3,0,10,0.5907968788407183,0.34067903799285904,0.5887996348504991,0.04833333333333333,0.21333333333333335,0.245,0.37367189342148266,0.41157032539503785,0.59,0.19666666666666666,0.165,0.04833333333333333,0.0,,0.81
fakeddit,both,0.20,nfmcd_full,3,1,10,0.596614094498149,0.340682710532508,0.5956151256243356,0.04833333333333333,0.21333333333333335,0.245,0.37402959740747943,0.4118207181852355,0.59,0.19666666666666666,0.165,0.04833333333333333,0.0,,0.74
fakeddit,both,0.20,nfmcd_all_changes,3,0,10,0.7492904726560019,0.3377846785990464,0.7323442000373321,0.04833333333333333,0.21333333333333335,0.245,0.2945833333333333,0.2825625,0.59,0.19666666666666666,0.165,0.04833333333333333,0.0,,0.58
fakeddit,both,0.20,nfmcd_all_changes,3,1,10,0.7496030058055246,0.34380655428372575,0.7329381906944865,0.04833333333333333,0.21333333333333335,0.245,0.2945833333333333,0.2825625,0.59,0.19666666666666666,0.165,0.04833333333333333,0.0,,0.47
fakeddit,both,0.20,nfmcd_rank16,3,0,10,0.713011438804406,0.3494364651946665,0.7343648036673451,0.04833333333333333,0.21333333333333335,0.245,0.23660432102468273,0.3156230247172779,0.59,0.19666666666666666,0.165,0.04833333333333333,0.0,,0.41
fakeddit,both,0.20,spectral_graph+content,3,0,10,0.5946452481777742,0.38969624950122106,0.7585743429985319,0.04833333333333333,0.21333333333333335,0.245,nan,nan,nan,nan,nan,nan,nan,,0.28
fakeddit,both,0.20,spectral_graph+content,3,1,10,0.5765637989021545,0.3872801993779413,0.7576794611957427,0.04833333333333333,0.21333333333333335,0.245,nan,nan,nan,nan,nan,nan,nan,,0.31
fakeddit,both,0.20,nfmcd_rank16,3,1,10,0.7479243755177039,0.3527132974557531,0.6895053281997832,0.04833333333333333,0.21333333333333335,0.245,0.23738185820766453,0.3161673007453651,0.59,0.19666666666666666,0.165,0.04833333333333333,0.0,,0.56
fakeddit,both,0.20,kmeans_content,3,0,10,0.016291779925805105,0.06679450438491359,0.168649544635408,0.04833333333333333,0.21333333333333335,0.245,nan,nan,nan,nan,nan,nan,nan,,0.56
fakeddit,both,0.20,kmeans_content,3,1,10,0.033099744691446054,0.08735105932638383,0.19423335758108803,0.04833333333333333,0.21333333333333335,0.245,nan,nan,nan,nan,nan,nan,nan,,0.55
fakeddit,both,0.20,nfmcd_all_changes,4,1,10,0.6843432128534432,0.34159842469007695,0.6761767347457117,0.04583333333333333,0.18583333333333332,0.2275,0.31625,0.2923125,0.6325,0.18166666666666667,0.14,0.04583333333333333,0.0,,0.38
fakeddit,both,0.20,nfmcd_all_changes,4,0,10,0.6837165767715703,0.34070479036325085,0.6758673876987904,0.04583333333333333,0.18583333333333332,0.2275,0.31625,0.2923125,0.6325,0.18166666666666667,0.14,0.04583333333333333,0.0,,0.5
fakeddit,both,0.20,nfmcd_full,4,0,10,0.3969222229865943,0.30380004461960486,0.45729963870990253,0.04583333333333333,0.18583333333333332,0.2275,0.4027101988097176,0.43189713916680234,0.6325,0.18166666666666667,0.14,0.04583333333333333,0.0,,0.97
fakeddit,both,0.20,nfmcd_full,4,1,10,0.43309441891466827,0.334833772287291,0.4592399730449036,0.04583333333333333,0.18583333333333332,0.2275,0.40497953701365785,0.43348567590956044,0.6325,0.18166666666666667,0.14,0.04583333333333333,0.0,,0.97
fakeddit,both,0.20,nfmcd_rank16,4,0,10,0.73579231759071,0.3546916974313264,0.746990773721799,0.04583333333333333,0.18583333333333332,0.2275,0.25770171990974866,0.33039120393682403,0.6325,0.18166666666666667,0.14,0.04583333333333333,0.0,,0.34
fakeddit,both,0.20,spectral_graph+content,4,0,10,0.6562164348730938,0.3878655856349258,0.8030508831590109,0.04583333333333333,0.18583333333333332,0.2275,nan,nan,nan,nan,nan,nan,nan,,0.33
fakeddit,both,0.20,spectral_graph+content,4,1,10,0.6530688773995628,0.3868306429395081,0.8011194132680043,0.04583333333333333,0.18583333333333332,0.2275,nan,nan,nan,nan,nan,nan,nan,,0.28
fakeddit,both,0.20,nfmcd_rank16,4,1,10,0.7163526083155785,0.3337313192034435,0.6865247357266689,0.04583333333333333,0.18583333333333332,0.2275,0.25820855587786584,0.3307459891145061,0.6325,0.18166666666666667,0.14,0.04583333333333333,0.0,,0.41
fakeddit,both,0.40,nfmcd_full,0,0,10,0.6722642445523902,0.3539416138563641,0.7313751889066056,0.1775,0.405,0.43666666666666665,0.21271655431049893,0.2989015880173492,0.3358333333333333,0.25916666666666666,0.2275,0.1775,0.0,,0.39
fakeddit,both,0.40,nfmcd_full,0,1,10,0.67184369681918,0.35202068769295525,0.7321808053853702,0.1775,0.405,0.43666666666666665,0.2136469558653002,0.2995528691057101,0.3358333333333333,0.25916666666666666,0.2275,0.1775,0.0,,0.39
fakeddit,both,0.20,kmeans_content,4,0,10,0.018083801667996502,0.07127012939526153,0.18781451766306184,0.04583333333333333,0.18583333333333332,0.2275,nan,nan,nan,nan,nan,nan,nan,,0.55
fakeddit,both,0.20,kmeans_content,4,1,10,0.0415590700771562,0.09612399528408962,0.18849366166936402,0.04583333333333333,0.18583333333333332,0.2275,nan,nan,nan,nan,nan,nan,nan,,0.58
fakeddit,both,0.40,nfmcd_all_changes,0,0,10,0.8225311968572948,0.35515229697033446,0.8313575194850957,0.1775,0.405,0.43666666666666665,0.165,0.22424999999999998,0.3358333333333333,0.25916666666666666,0.2275,0.1775,0.0,,0.33
fakeddit,both,0.40,nfmcd_rank16,0,0,10,0.6969488798256253,0.3552711114317266,0.7308945521291628,0.1775,0.405,0.43666666666666665,0.12622657740930032,0.2383586041865102,0.3358333333333333,0.25916666666666666,0.2275,0.1775,0.0,,0.3
fakeddit,both,0.40,nfmcd_all_changes,0,1,10,0.7554938224190124,0.3449436910486118,0.7397806437981441,0.1775,0.405,0.43666666666666665,0.165,0.22424999999999992,0.3358333333333333,0.25916666666666666,0.2275,0.1775,0.0,,0.34
fakeddit,both,0.40,nfmcd_rank16,0,1,10,0.7515827011454405,0.34184590863252645,0.7341283158099159,0.1775,0.405,0.43666666666666665,0.1260092041792206,0.23820644292545437,0.3358333333333333,0.25916666666666666,0.2275,0.1775,0.0,,0.34
fakeddit,both,0.40,spectral_graph+content,0,1,10,0.6616057323884021,0.4092756381537717,0.8001982473439668,0.1775,0.405,0.43666666666666665,nan,nan,nan,nan,nan,nan,nan,,0.27
fakeddit,both,0.40,spectral_graph+content,0,0,10,0.6646585640479292,0.40940238377190796,0.8018383475738297,0.1775,0.405,0.43666666666666665,nan,nan,nan,nan,nan,nan,nan,,0.33
fakeddit,both,0.40,kmeans_content,0,0,10,0.007624364392255556,0.03813868721365856,0.17242366613347804,0.1775,0.405,0.43666666666666665,nan,nan,nan,nan,nan,nan,nan,,0.59
fakeddit,both,0.40,nfmcd_full,1,1,10,0.6738074170654895,0.35595756101093284,0.732021989803215,0.18,0.4141666666666667,0.43,0.21209097585683293,0.298463683099783,0.3358333333333333,0.25,0.23416666666666666,0.18,0.0,,0.38
fakeddit,both,0.40,nfmcd_full,1,0,10,0.6808645863441438,0.356729020486662,0.7439585196310896,0.18,0.4141666666666667,0.43,0.2138769084531926,0.2997138359172348,0.3358333333333333,0.25,0.23416666666666666,0.18,0.0,,0.44
fakeddit,both,0.40,kmeans_content,0,1,10,0.0095842852246939,0.04355570230708303,0.2328068768227732,0.1775,0.405,0.43666666666666665,nan,nan,nan,nan,nan,nan,nan,,0.58
fakeddit,both,0.40,nfmcd_all_changes,1,0,10,0.8190761537090553,0.35610916077207067,0.8319474667805367,0.18,0.4141666666666667,0.43,0.16375,0.22368749999999996,0.3358333333333333,0.25,0.23416666666666666,0.18,0.0,,0.23
fakeddit,both,0.40,nfmcd_rank16,1,0,10,0.8188608716354868,0.3551704080375018,0.8284207067712446,0.18,0.4141666666666667,0.43,0.12598496162982267,0.23818947314087585,0.3358333333333333,0.25,0.23416666666666666,0.18,0.0,,0.34
fakeddit,both,0.40,nfmcd_all_changes,1,1,10,0.7444061912879367,0.3448190858872353,0.7401278267303932,0.18,0.4141666666666667,0.43,0.16375,0.22368749999999996,0.3358333333333333,0.25,0.23416666666666666,0.18,0.0,,0.36
fakeddit,both,0.40,nfmcd_rank16,1,1,10,0.7570875860728452,0.3437911506395433,0.7377268991466908,0.18,0.4141666666666667,0.43,0.12558312358503285,0.23790818650952295,0.3358333333333333,0.25,0.23416666666666666,0.18,0.0,,0.33
fakeddit,both,0.40,spectral_graph+content,1,0,10,0.7025990747571014,0.383798698680009,0.8233492711644754,0.18,0.4141666666666667,0.43,nan,nan,nan,nan,nan,nan,nan,,0.25
fakeddit,both,0.40,spectral_graph+content,1,1,10,0.6985802888236505,0.3836469173622711,0.821157388637431,0.18,0.4141666666666667,0.43,nan,nan,nan,nan,nan,nan,nan,,0.26
fakeddit,both,0.40,kmeans_content,1,0,10,0.007892156980575438,0.033396043407724126,0.15668096481174115,0.18,0.4141666666666667,0.43,nan,nan,nan,nan,nan,nan,nan,,0.53
fakeddit,both,0.40,nfmcd_full,2,0,10,0.679215867035842,0.3556844075133829,0.7374848190995388,0.18583333333333332,0.4116666666666667,0.43666666666666665,0.217757983180304,0.30243058822621277,0.3375,0.25083333333333335,0.22583333333333333,0.18583333333333332,0.0,,0.48
fakeddit,both,0.40,kmeans_content,1,1,10,0.008244271020327432,0.036767135396331474,0.16392933225645842,0.18,0.4141666666666667,0.43,nan,nan,nan,nan,nan,nan,nan,,0.58
fakeddit,both,0.40,nfmcd_full,2,1,10,0.6749436428887494,0.355358589860971,0.7339591223462388,0.18583333333333332,0.4116666666666667,0.43666666666666665,0.21834034604164523,0.3028382422291516,0.3375,0.25083333333333335,0.22583333333333333,0.18583333333333332,0.0,,0.38
fakeddit,both,0.40,nfmcd_all_changes,2,0,10,0.8106703052958365,0.3606588194676402,0.8312335480763224,0.18583333333333332,0.4116666666666667,0.43666666666666665,0.16833333333333333,0.22574999999999998,0.3375,0.25083333333333335,0.22583333333333333,0.18583333333333332,0.0,,0.34
fakeddit,both,0.40,nfmcd_rank16,2,0,10,0.8209646534757346,0.3554607743748288,0.8305102834908142,0.18583333333333332,0.4116666666666667,0.43666666666666665,0.1270092510436917,0.2389064757305842,0.3375,0.25083333333333335,0.22583333333333333,0.18583333333333332,0.0,,0.31
fakeddit,both,0.40,nfmcd_all_changes,2,1,10,0.8109598066942079,0.36168815620487743,0.8312335480763224,0.18583333333333332,0.4116666666666667,0.43666666666666665,0.16833333333333333,0.22574999999999998,0.3375,0.25083333333333335,0.22583333333333333,0.18583333333333332,0.0,,0.36
fakeddit,both,0.40,nfmcd_rank16,2,1,10,0.7547706928488226,0.34602169769550717,0.7382660597886341,0.18583333333333332,0.4116666666666667,0.43666666666666665,0.12603779861583717,0.238226459031086,0.3375,0.25083333333333335,0.22583333333333333,0.18583333333333332,0.0,,0.38
fakeddit,both,0.40,spectral_graph+content,2,1,10,0.7011875109083048,0.39029647243616306,0.8415219714144456,0.18583333333333332,0.4116666666666667,0.43666666666666665,nan,nan,nan,nan,nan,nan,nan,,0.31
fakeddit,both,0.40,spectral_graph+content,2,0,10,0.7071935905829627,0.39089666033386633,0.8448468773932577,0.18583333333333332,0.4116666666666667,0.43666666666666665,nan,nan,nan,nan,nan,nan,nan,,0.36
fakeddit,both,0.40,kmeans_content,2,0,10,0.009106779028605239,0.04663753959438893,0.14809867168079657,0.18583333333333332,0.4116666666666667,0.43666666666666665,nan,nan,nan,nan,nan,nan,nan,,0.56
fakeddit,both,0.40,kmeans_content,2,1,10,0.009424143076894653,0.0394120423919245,0.18586179718585777,0.18583333333333332,0.4116666666666667,0.43666666666666665,nan,nan,nan,nan,nan,nan,nan,,0.56
fakeddit,both,0.40,nfmcd_full,3,0,10,0.6837501984529794,0.34824990362688996,0.7362028292740496,0.18166666666666667,0.425,0.4083333333333333,0.21595229706500774,0.3011666079455054,0.34833333333333333,0.22666666666666666,0.24333333333333335,0.18166666666666667,0.0,,0.39
fakeddit,both,0.40,nfmcd_full,3,1,10,0.6500231177503714,0.3467133996753042,0.7401625896023039,0.18166666666666667,0.425,0.4083333333333333,0.2186210135759884,0.30303470950319183,0.34833333333333333,0.22666666666666666,0.24333333333333335,0.18166666666666667,0.0,,0.39
fakeddit,both,0.40,nfmcd_all_changes,3,0,10,0.742434019479899,0.3432942780029444,0.7306317403272076,0.18166666666666667,0.425,0.4083333333333333,0.17083333333333334,0.226875,0.34833333333333333,0.22666666666666666,0.24333333333333335,0.18166666666666667,0.0,,0.36
fakeddit,both,0.40,nfmcd_rank16,3,0,10,0.7134641149257978,0.352127235935624,0.7298573491493905,0.18166666666666667,0.425,0.4083333333333333,0.13377886905137093,0.2436452083359596,0.34833333333333333,0.22666666666666666,0.24333333333333335,0.18166666666666667,0.0,,0.39
fakeddit,both,0.40,nfmcd_rank16,3,1,10,0.7559773177112828,0.34009135201893903,0.736063678948263,0.18166666666666667,0.425,0.4083333333333333,0.1313246286024781,0.24192724002173463,0.34833333333333333,0.22666666666666666,0.24333333333333335,0.18166666666666667,0.0,,0.42
fakeddit,both,0.40,nfmcd_all_changes,3,1,10,0.8214100152529535,0.3537175029372832,0.8312401869359061,0.18166666666666667,0.425,0.4083333333333333,0.17083333333333334,0.226875,0.34833333333333333,0.22666666666666666,0.24333333333333335,0.18166666666666667,0.0,,0.48
fakeddit,both,0.40,spectral_graph+content,3,0,10,0.7038436445530886,0.3878594668589799,0.8269062919521621,0.18166666666666667,0.425,0.4083333333333333,nan,nan,nan,nan,nan,nan,nan,,0.28
fakeddit,both,0.40,spectral_graph+content,3,1,10,0.7109464255310304,0.39101621057726965,0.8296387807137384,0.18166666666666667,0.425,0.4083333333333333,nan,nan,nan,nan,nan,nan,nan,,0.3
fakeddit,both,0.40,kmeans_content,3,0,10,0.0718928969950412,0.042965522318813364,0.2535352936974883,0.18166666666666667,0.425,0.4083333333333333,nan,nan,nan,nan,nan,nan,nan,,0.47
fakeddit,both,0.40,nfmcd_full,4,0,10,0.6775365222164279,0.3497875415109259,0.7406615588299417,0.16416666666666666,0.38666666666666666,0.42833333333333334,0.22219432378194245,0.3055360266473596,0.3491666666666667,0.26416666666666666,0.2225,0.16416666666666666,0.0,,0.45
fakeddit,both,0.40,kmeans_content,3,1,10,0.00897311839939996,0.04001884595732154,0.17686273250870688,0.18166666666666667,0.425,0.4083333333333333,nan,nan,nan,nan,nan,nan,nan,,0.53
fakeddit,both,0.40,nfmcd_full,4,1,10,0.677206019871059,0.35057807080007936,0.7389552121495637,0.16416666666666666,0.38666666666666666,0.42833333333333334,0.22196951138090146,0.305378657966631,0.3491666666666667,0.26416666666666666,0.2225,0.16416666666666666,0.0,,0.41
fakeddit,both,0.40,nfmcd_all_changes,4,0,10,0.8169062947838474,0.3486391482368296,0.8279198675884455,0.16416666666666666,0.38666666666666666,0.42833333333333334,0.1725,0.227625,0.3491666666666667,0.26416666666666666,0.2225,0.16416666666666666,0.0,,0.39
fakeddit,both,0.40,nfmcd_rank16,4,0,10,0.7105347672253605,0.3502204616314175,0.7333265818536183,0.16416666666666666,0.38666666666666666,0.42833333333333334,0.13744083900201157,0.24620858730140802,0.3491666666666667,0.26416666666666666,0.2225,0.16416666666666666,0.0,,0.36
fakeddit,both,0.40,nfmcd_all_changes,4,1,10,0.7444059319169405,0.34166967450742947,0.7366645973926486,0.16416666666666666,0.38666666666666666,0.42833333333333334,0.1725,0.227625,0.3491666666666667,0.26416666666666666,0.2225,0.16416666666666666,0.0,,0.39
fakeddit,both,0.40,nfmcd_rank16,4,1,10,0.7107151104851318,0.3497872229905747,0.734337479680965,0.16416666666666666,0.38666666666666666,0.42833333333333334,0.1359654019741508,0.24517578138190554,0.3491666666666667,0.26416666666666666,0.2225,0.16416666666666666,0.0,,0.31
fakeddit,both,0.40,spectral_graph+content,4,0,10,0.6956209348687719,0.3827934898593726,0.8126622119751035,0.16416666666666666,0.38666666666666666,0.42833333333333334,nan,nan,nan,nan,nan,nan,nan,,0.3
fakeddit,both,0.40,spectral_graph+content,4,1,10,0.6929674107063482,0.3812294020453758,0.8100214297968987,0.16416666666666666,0.38666666666666666,0.42833333333333334,nan,nan,nan,nan,nan,nan,nan,,0.31
fakeddit,both,0.40,kmeans_content,4,0,10,0.009811701016223306,0.02853739448989478,0.20683724245442342,0.16416666666666666,0.38666666666666666,0.42833333333333334,nan,nan,nan,nan,nan,nan,nan,,0.48
fakeddit,both,0.60,nfmcd_full,0,0,10,0.8153893744985551,0.3664048183057672,0.8287218185363617,0.4041666666666667,0.6283333333333333,0.6333333333333333,0.08533402593889709,0.20973381815722794,0.1425,0.22916666666666666,0.22416666666666665,0.4041666666666667,0.0,,0.28
fakeddit,both,0.40,kmeans_content,4,1,10,0.009632663875012604,0.02034547468995563,0.193372686918656,0.16416666666666666,0.38666666666666666,0.42833333333333334,nan,nan,nan,nan,nan,nan,nan,,0.51
fakeddit,both,0.60,nfmcd_full,0,1,10,0.8153893744985551,0.36809598299906543,0.8287218185363617,0.4041666666666667,0.6283333333333333,0.6333333333333333,0.08478083960921493,0.2093465877264504,0.1425,0.22916666666666666,0.22416666666666665,0.4041666666666667,0.0,,0.25
fakeddit,both,0.60,nfmcd_all_changes,0,0,10,0.818190789785316,0.3705911918000172,0.830695398851617,0.4041666666666667,0.6283333333333333,0.6333333333333333,0.06333333333333334,0.17849999999999996,0.1425,0.22916666666666666,0.22416666666666665,0.4041666666666667,0.0,,0.19
fakeddit,both,0.60,nfmcd_rank16,0,1,10,0.8174937988495825,0.36975856367605003,0.8300500124259333,0.4041666666666667,0.6283333333333333,0.6333333333333333,0.03935518462237231,0.17754862923566062,0.1425,0.22916666666666666,0.22416666666666665,0.4041666666666667,0.0,,0.17
fakeddit,both,0.60,nfmcd_all_changes,0,1,10,0.818190789785316,0.36973700940388654,0.830695398851617,0.4041666666666667,0.6283333333333333,0.6333333333333333,0.06333333333333334,0.1785,0.1425,0.22916666666666666,0.22416666666666665,0.4041666666666667,0.0,,0.23
fakeddit,both,0.60,nfmcd_rank16,0,0,10,0.8183261218649629,0.36900535860164624,0.830177065956342,0.4041666666666667,0.6283333333333333,0.6333333333333333,0.04020936557409522,0.1781465559018666,0.1425,0.22916666666666666,0.22416666666666665,0.4041666666666667,0.0,,0.25
fakeddit,both,0.60,spectral_graph+content,0,0,10,0.6945782625830307,0.41618052551156587,0.8198163111038932,0.4041666666666667,0.6283333333333333,0.6333333333333333,nan,nan,nan,nan,nan,nan,nan,,0.28
fakeddit,both,0.60,spectral_graph+content,0,1,10,0.6976569862215709,0.4168402416776987,0.820644922342575,0.4041666666666667,0.6283333333333333,0.6333333333333333,nan,nan,nan,nan,nan,nan,nan,,0.27
fakeddit,both,0.60,nfmcd_full,1,0,10,0.8196632986066521,0.3636752454156305,0.8295447416102757,0.385,0.615,0.625,0.08801338320764783,0.21160936824535345,0.145,0.24,0.23,0.385,0.0,,0.28
fakeddit,both,0.60,kmeans_content,0,0,10,0.010030578571479265,0.02242836845193267,0.1637215388449104,0.4041666666666667,0.6283333333333333,0.6333333333333333,nan,nan,nan,nan,nan,nan,nan,,0.5
fakeddit,both,0.60,nfmcd_full,1,1,10,0.8196632986066521,0.3656055934110269,0.8295447416102757,0.385,0.615,0.625,0.08739397890661744,0.21117578523463215,0.145,0.24,0.23,0.385,0.0,,0.27
fakeddit,both,0.60,kmeans_content,0,1,10,0.011157190401345662,0.015395843619019106,0.17854004303054954,0.4041666666666667,0.6283333333333333,0.6333333333333333,nan,nan,nan,nan,nan,nan,nan,,0.55
fakeddit,both,0.60,nfmcd_rank16,1,0,10,0.8203116194769031,0.36884999074475416,0.8306098787445638,0.385,0.615,0.625,0.04209422578489874,0.1794659580494291,0.145,0.24,0.23,0.385,0.0,,0.17
fakeddit,both,0.60,nfmcd_all_changes,1,1,10,0.8186874584672186,0.3622283157571998,0.8297153613505792,0.385,0.615,0.625,0.06458333333333334,0.17906249999999996,0.145,0.24,0.23,0.385,0.0,,0.2
fakeddit,both,0.60,nfmcd_all_changes,1,0,10,0.8186874584672186,0.3677358192971873,0.8297153613505792,0.385,0.615,0.625,0.06458333333333334,0.17906249999999996,0.145,0.24,0.23,0.385,0.0,,0.25
fakeddit,both,0.60,nfmcd_rank16,1,1,10,0.8286695259379666,0.43612907606591517,0.9064373091547605,0.385,0.615,0.625,0.04160200776835979,0.17912140543785182,0.145,0.24,0.23,0.385,0.0,,0.16
fakeddit,both,0.60,spectral_graph+content,1,0,10,0.723799082486172,0.4119223798265874,0.8283343669169074,0.385,0.615,0.625,nan,nan,nan,nan,nan,nan,nan,,0.26
fakeddit,both,0.60,spectral_graph+content,1,1,10,0.7288172306857563,0.41373941420705623,0.8322987105787292,0.385,0.615,0.625,nan,nan,nan,nan,nan,nan,nan,,0.3
fakeddit,both,0.60,kmeans_content,1,0,10,0.0012657053060991519,0.011195904343012868,0.16125919105027475,0.385,0.615,0.625,nan,nan,nan,nan,nan,nan,nan,,0.44
fakeddit,both,0.60,kmeans_content,1,1,10,0.0012657053060991519,0.006748583051069606,0.1333845259471582,0.385,0.615,0.625,nan,nan,nan,nan,nan,nan,nan,,0.47
fakeddit,both,0.60,nfmcd_full,2,1,10,0.8194047992906436,0.3600738886947578,0.8302161480737281,0.4041666666666667,0.6141666666666666,0.6308333333333334,0.09658486847795035,0.2176094079345652,0.15916666666666668,0.22666666666666666,0.21,0.4041666666666667,0.0,,0.23
fakeddit,both,0.60,nfmcd_full,2,0,10,0.8201239149810882,0.3591439685295268,0.8304618483194283,0.4041666666666667,0.6141666666666666,0.6308333333333334,0.0964656099782089,0.2175259269847462,0.15916666666666668,0.22666666666666666,0.21,0.4041666666666667,0.0,,0.28
fakeddit,both,0.60,nfmcd_rank16,2,0,10,0.8215860257712214,0.37206735207107444,0.8315056010794946,0.4041666666666667,0.6141666666666666,0.6308333333333334,0.05075434674212897,0.18552804271949025,0.15916666666666668,0.22666666666666666,0.21,0.4041666666666667,0.0,,0.22
fakeddit,both,0.60,nfmcd_all_changes,2,1,10,0.8206872816738515,0.36829882949950243,0.8310942231391969,0.4041666666666667,0.6141666666666666,0.6308333333333334,0.07166666666666667,0.18224999999999997,0.15916666666666668,0.22666666666666666,0.21,0.4041666666666667,0.0,,0.27
fakeddit,both,0.60,nfmcd_rank16,2,1,10,0.8215860257712214,0.3735842733914705,0.8315056010794946,0.4041666666666667,0.6141666666666666,0.6308333333333334,0.05113725044072257,0.18579607530850578,0.15916666666666668,0.22666666666666666,0.21,0.4041666666666667,0.0,,0.25
fakeddit,both,0.60,nfmcd_all_changes,2,0,10,0.777068211052669,0.3440259128791672,0.7339077140444518,0.4041666666666667,0.6141666666666666,0.6308333333333334,0.07166666666666667,0.18224999999999997,0.15916666666666668,0.22666666666666666,0.21,0.4041666666666667,0.0,,0.34
fakeddit,both,0.60,spectral_graph+content,2,0,10,0.7087519926444116,0.3920856171746836,0.8421275171185851,0.4041666666666667,0.6141666666666666,0.6308333333333334,nan,nan,nan,nan,nan,nan,nan,,0.28
fakeddit,both,0.60,spectral_graph+content,2,1,10,0.7034267808865357,0.3893600417149541,0.8394955666917033,0.4041666666666667,0.6141666666666666,0.6308333333333334,nan,nan,nan,nan,nan,nan,nan,,0.28
fakeddit,both,0.60,kmeans_content,2,1,10,0.0004170395510620928,0.012230936224128889,0.16760209737580692,0.4041666666666667,0.6141666666666666,0.6308333333333334,nan,nan,nan,nan,nan,nan,nan,,0.42
fakeddit,both,0.60,nfmcd_full,3,0,10,0.8186148368595616,0.3677771887203968,0.8282937563604232,0.36833333333333335,0.6041666666666666,0.6166666666666667,0.08947490794600212,0.2126324355622014,0.1475,0.24833333333333332,0.23583333333333334,0.36833333333333335,0.0,,0.27
fakeddit,both,0.60,kmeans_content,2,0,10,0.00042291757326939905,0.009589364136612606,0.1622904748290391,0.4041666666666667,0.6141666666666666,0.6308333333333334,nan,nan,nan,nan,nan,nan,nan,,0.52
fakeddit,both,0.60,nfmcd_full,3,1,10,0.8186874584672186,0.3666853774014818,0.8297153613505792,0.36833333333333335,0.6041666666666666,0.6166666666666667,0.08933763316444865,0.21253634321511403,0.1475,0.24833333333333332,0.23583333333333334,0.36833333333333335,0.0,,0.3
fakeddit,both,0.60,nfmcd_all_changes,3,0,10,0.7648506465257473,0.43403757906925305,0.8226591502670724,0.36833333333333335,0.6041666666666666,0.6166666666666667,0.065,0.17924999999999996,0.1475,0.24833333333333332,0.23583333333333334,0.36833333333333335,0.0,,0.19
fakeddit,both,0.60,nfmcd_rank16,3,0,10,0.81858465939632,0.3695191064464499,0.8296248960351352,0.36833333333333335,0.6041666666666666,0.6166666666666667,0.0448203542671158,0.18137424798698104,0.1475,0.24833333333333332,0.23583333333333334,0.36833333333333335,0.0,,0.22
fakeddit,both,0.60,nfmcd_all_changes,3,1,10,0.8196675203612867,0.37120319998795226,0.8303992323183211,0.36833333333333335,0.6041666666666666,0.6166666666666667,0.065,0.17924999999999996,0.1475,0.24833333333333332,0.23583333333333334,0.36833333333333335,0.0,,0.22
fakeddit,both,0.60,nfmcd_rank16,3,1,10,0.8186874584672186,0.3691605608279557,0.8297153613505792,0.36833333333333335,0.6041666666666666,0.6166666666666667,0.044986508043271416,0.18149055563028996,0.1475,0.24833333333333332,0.23583333333333334,0.36833333333333335,0.0,,0.28
fakeddit,both,0.60,spectral_graph+content,3,0,10,0.6704499430802537,0.4104536729317475,0.7851244022924599,0.36833333333333335,0.6041666666666666,0.6166666666666667,nan,nan,nan,nan,nan,nan,nan,,0.28
fakeddit,both,0.60,spectral_graph+content,3,1,10,0.6704499430802537,0.4104536729317475,0.7851244022924599,0.36833333333333335,0.6041666666666666,0.6166666666666667,nan,nan,nan,nan,nan,nan,nan,,0.28
fakeddit,both,0.60,nfmcd_full,4,0,10,0.8146591719267664,0.3596321328197248,0.8260713899877554,0.3858333333333333,0.6008333333333333,0.6283333333333333,0.0956843044053495,0.2169790130837446,0.15666666666666668,0.2425,0.215,0.3858333333333333,0.0,,0.23
fakeddit,both,0.60,kmeans_content,3,0,10,0.0004014482217933324,0.008711904273218746,0.16449486575636932,0.36833333333333335,0.6041666666666666,0.6166666666666667,nan,nan,nan,nan,nan,nan,nan,,0.5
fakeddit,both,0.60,nfmcd_full,4,1,10,0.8146591719267664,0.357325159990702,0.8260713899877554,0.3858333333333333,0.6008333333333333,0.6283333333333333,0.0958780034563393,0.2171146024194375,0.15666666666666668,0.2425,0.215,0.3858333333333333,0.0,,0.22
fakeddit,both,0.60,nfmcd_all_changes,4,0,10,0.8173648986655385,0.3647665598427977,0.8288202868679242,0.3858333333333333,0.6008333333333333,0.6283333333333333,0.07,0.18149999999999997,0.15666666666666668,0.2425,0.215,0.3858333333333333,0.0,,0.19
fakeddit,both,0.60,kmeans_content,3,1,10,0.00040035626979939565,0.01391572732520032,0.16015961484222313,0.36833333333333335,0.6041666666666666,0.6166666666666667,nan,nan,nan,nan,nan,nan,nan,,0.52
fakeddit,both,0.60,nfmcd_rank16,4,0,10,0.8162701536047887,0.36826326351709116,0.8281162287338031,0.3858333333333333,0.6008333333333333,0.6283333333333333,0.045896029217299954,0.18212722045210994,0.15666666666666668,0.2425,0.215,0.3858333333333333,0.0,,0.2
fakeddit,both,0.60,nfmcd_all_changes,4,1,10,0.8173648986655385,0.36425825232559195,0.8288202868679242,0.3858333333333333,0.6008333333333333,0.6283333333333333,0.07,0.18149999999999997,0.15666666666666668,0.2425,0.215,0.3858333333333333,0.0,,0.23
fakeddit,both,0.60,nfmcd_rank16,4,1,10,0.8162701536047887,0.3691834879228327,0.8281162287338031,0.3858333333333333,0.6008333333333333,0.6283333333333333,0.046410995515260005,0.18248769686068197,0.15666666666666668,0.2425,0.215,0.3858333333333333,0.0,,0.24
fakeddit,both,0.60,spectral_graph+content,4,0,10,0.6895234842841382,0.403504342429355,0.8239486130125393,0.3858333333333333,0.6008333333333333,0.6283333333333333,nan,nan,nan,nan,nan,nan,nan,,0.3
fakeddit,both,0.60,spectral_graph+content,4,1,10,0.6895234842841382,0.403504342429355,0.8239486130125393,0.3858333333333333,0.6008333333333333,0.6283333333333333,nan,nan,nan,nan,nan,nan,nan,,0.31
fakeddit,both,0.60,kmeans_content,4,0,10,0.0008266668595248161,0.003853675802252905,0.14866982457873393,0.3858333333333333,0.6008333333333333,0.6283333333333333,nan,nan,nan,nan,nan,nan,nan,,0.47
fakeddit,both,0.80,nfmcd_full,0,0,10,0.8183124029350186,0.3720682821504998,0.8296248960351352,0.675,0.8208333333333333,0.8225,0.010909380617550172,0.1576365664322851,0.03166666666666667,0.1475,0.14583333333333334,0.675,0.0,,0.33
fakeddit,both,0.60,kmeans_content,4,1,10,0.008975765514515732,0.005931221607533882,0.1704814278993104,0.3858333333333333,0.6008333333333333,0.6283333333333333,nan,nan,nan,nan,nan,nan,nan,,0.44
fakeddit,both,0.80,nfmcd_full,0,1,10,0.7553238623786711,0.37228178634188686,0.8011560645675531,0.675,0.8208333333333333,0.8225,0.010776642302660728,0.1575436496118625,0.03166666666666667,0.1475,0.14583333333333334,0.675,0.0,,0.27
fakeddit,both,0.80,nfmcd_all_changes,0,1,10,0.8182924384926679,0.37426796139923213,0.8302133349413312,0.675,0.8208333333333333,0.8225,0.004583333333333333,0.15206249999999996,0.03166666666666667,0.1475,0.14583333333333334,0.675,0.0,,0.12
fakeddit,both,0.80,nfmcd_all_changes,0,0,10,0.8182924384926679,0.3735639709042871,0.8302133349413312,0.675,0.8208333333333333,0.8225,0.004583333333333333,0.15206249999999996,0.03166666666666667,0.1475,0.14583333333333334,0.675,0.0,,0.19
fakeddit,both,0.80,nfmcd_rank16,0,1,10,0.8300912832793764,0.4386923685919288,0.9080213152172455,0.675,0.8208333333333333,0.8225,0.010887251267839687,0.15762107588748775,0.03166666666666667,0.1475,0.14583333333333334,0.675,0.0,,0.14
fakeddit,both,0.80,nfmcd_rank16,0,0,10,0.8183124029350186,0.3727423795104879,0.8296248960351352,0.675,0.8208333333333333,0.8225,0.010864743066993442,0.1576053201468954,0.03166666666666667,0.1475,0.14583333333333334,0.675,0.0,,0.17
fakeddit,both,0.80,spectral_graph+content,0,1,10,0.6832578361571059,0.3944164185111772,0.8278061022534461,0.675,0.8208333333333333,0.8225,nan,nan,nan,nan,nan,nan,nan,,0.28
fakeddit,both,0.80,spectral_graph+content,0,0,10,0.6752164837187138,0.3902644611408707,0.8238173736889932,0.675,0.8208333333333333,0.8225,nan,nan,nan,nan,nan,nan,nan,,0.28
fakeddit,both,0.80,nfmcd_full,1,0,10,0.8281591158314406,0.4378974755739643,0.9065314928939786,0.6316666666666667,0.7866666666666666,0.805,0.016894557689054176,0.16182619038233792,0.04,0.17333333333333334,0.155,0.6316666666666667,0.0,,0.12
fakeddit,both,0.80,kmeans_content,0,0,10,0.001174278592984579,0.004484623210268441,0.15447530973851203,0.675,0.8208333333333333,0.8225,nan,nan,nan,nan,nan,nan,nan,,0.41
fakeddit,both,0.80,kmeans_content,0,1,10,0.001174278592984579,0.002296248248799051,0.13702740888206816,0.675,0.8208333333333333,0.8225,nan,nan,nan,nan,nan,nan,nan,,0.38
fakeddit,both,0.80,nfmcd_all_changes,1,0,10,0.8199750708161463,0.37242362982466837,0.8303397512134068,0.6316666666666667,0.7866666666666666,0.805,0.010416666666666666,0.15468749999999995,0.04,0.17333333333333334,0.155,0.6316666666666667,0.0,,0.12
fakeddit,both,0.80,nfmcd_all_changes,1,1,10,0.8196921660330652,0.37242362982466837,0.8303397512134068,0.6316666666666667,0.7866666666666666,0.805,0.010416666666666666,0.15468749999999998,0.04,0.17333333333333334,0.155,0.6316666666666667,0.0,,0.12
fakeddit,both,0.80,nfmcd_full,1,1,10,0.820610059071068,0.37328833613320156,0.8304658506527203,0.6316666666666667,0.7866666666666666,0.805,0.016516484376843932,0.16156153906379075,0.04,0.17333333333333334,0.155,0.6316666666666667,0.0,,0.31
fakeddit,both,0.80,nfmcd_rank16,1,0,10,0.8199750708161463,0.3730465919274801,0.8303397512134069,0.6316666666666667,0.7866666666666666,0.805,0.013426432429504202,0.15939850270065292,0.04,0.17333333333333334,0.155,0.6316666666666667,0.0,,0.19
fakeddit,both,0.80,nfmcd_rank16,1,1,10,0.8300366840411544,0.4385062412247245,0.9079735966059076,0.6316666666666667,0.7866666666666666,0.805,0.013431605052619566,0.15940212353683367,0.04,0.17333333333333334,0.155,0.6316666666666667,0.0,,0.14
fakeddit,both,0.80,spectral_graph+content,1,0,10,0.6055211044465056,0.38857374237606407,0.7833959676190976,0.6316666666666667,0.7866666666666666,0.805,nan,nan,nan,nan,nan,nan,nan,,0.28
fakeddit,both,0.80,spectral_graph+content,1,1,10,0.6731833530968543,0.3939041358599888,0.7952269254203178,0.6316666666666667,0.7866666666666666,0.805,nan,nan,nan,nan,nan,nan,nan,,0.27
fakeddit,both,0.80,kmeans_content,1,0,10,0.0010281820160582544,0.0017876795449051869,0.10877822450538206,0.6316666666666667,0.7866666666666666,0.805,nan,nan,nan,nan,nan,nan,nan,,0.34
fakeddit,both,0.80,nfmcd_full,2,1,10,0.8315800091599059,0.4385062412247245,0.9089194027243126,0.6508333333333334,0.8116666666666666,0.7991666666666667,0.018143316996510325,0.1627003218975572,0.04,0.14833333333333334,0.16083333333333333,0.6508333333333334,0.0,,0.14
fakeddit,both,0.80,kmeans_content,1,1,10,0.0010036106278122903,0.0021054067803975246,0.11668530313063938,0.6316666666666667,0.7866666666666666,0.805,nan,nan,nan,nan,nan,nan,nan,,0.34
fakeddit,both,0.80,nfmcd_full,2,0,10,0.8181372082360463,0.3721484314264639,0.8298471646413168,0.6508333333333334,0.8116666666666666,0.7991666666666667,0.017748242100267705,0.16242376947018736,0.04,0.14833333333333334,0.16083333333333333,0.6508333333333334,0.0,,0.2
fakeddit,both,0.80,nfmcd_all_changes,2,0,10,0.8196687643280277,0.374226021824594,0.8311416969892601,0.6508333333333334,0.8116666666666666,0.7991666666666667,0.010833333333333334,0.15487499999999998,0.04,0.14833333333333334,0.16083333333333333,0.6508333333333334,0.0,,0.12
fakeddit,both,0.80,nfmcd_rank16,2,0,10,0.8303799052539953,0.4385062412247245,0.9080940753023405,0.6508333333333334,0.8116666666666666,0.7991666666666667,0.013425926631090821,0.15939814864176355,0.04,0.14833333333333334,0.16083333333333333,0.6508333333333334,0.0,,0.17
fakeddit,both,0.80,nfmcd_rank16,2,1,10,0.81858465939632,0.37375335036427676,0.8296248960351355,0.6508333333333334,0.8116666666666666,0.7991666666666667,0.013454847519668777,0.15941839326376814,0.04,0.14833333333333334,0.16083333333333333,0.6508333333333334,0.0,,0.19
fakeddit,both,0.80,nfmcd_all_changes,2,1,10,0.8196687643280277,0.374461363771257,0.8311416969892601,0.6508333333333334,0.8116666666666666,0.7991666666666667,0.010833333333333334,0.15487499999999998,0.04,0.14833333333333334,0.16083333333333333,0.6508333333333334,0.0,,0.25
fakeddit,both,0.80,spectral_graph+content,2,0,10,0.6718874331048987,0.38810602390720755,0.8206855004827679,0.6508333333333334,0.8116666666666666,0.7991666666666667,nan,nan,nan,nan,nan,nan,nan,,0.2
fakeddit,both,0.80,spectral_graph+content,2,1,10,0.6704858241885727,0.38821325059822426,0.8196089541999069,0.6508333333333334,0.8116666666666666,0.7991666666666667,nan,nan,nan,nan,nan,nan,nan,,0.25
fakeddit,both,0.80,kmeans_content,2,0,10,0.002285502355079183,0.0014043594134972438,0.14162421303902825,0.6508333333333334,0.8116666666666666,0.7991666666666667,nan,nan,nan,nan,nan,nan,nan,,0.34
fakeddit,both,0.80,nfmcd_full,3,0,10,0.8189014910633199,0.37346758027561705,0.8303397512134068,0.6441666666666667,0.7933333333333333,0.82,0.011725238785361854,0.1582076671497533,0.030833333333333334,0.17583333333333334,0.14916666666666667,0.6441666666666667,0.0,,0.3
fakeddit,both,0.80,nfmcd_full,3,1,10,0.8189014910633199,0.37346758027561705,0.8303397512134068,0.6441666666666667,0.7933333333333333,0.82,0.01185856422205179,0.15830099495543623,0.030833333333333334,0.17583333333333334,0.14916666666666667,0.6441666666666667,0.0,,0.17
fakeddit,both,0.80,kmeans_content,2,1,10,0.002285502355079183,0.00014109814515978004,0.11983178854583114,0.6508333333333334,0.8116666666666666,0.7991666666666667,nan,nan,nan,nan,nan,nan,nan,,0.36
fakeddit,both,0.80,nfmcd_rank16,3,1,10,0.8320681365060055,0.4378974755739643,0.9089643760482906,0.6441666666666667,0.7933333333333333,0.82,0.01061568382148525,0.15743097867503966,0.030833333333333334,0.17583333333333334,0.14916666666666667,0.6441666666666667,0.0,,0.09
fakeddit,both,0.80,nfmcd_rank16,3,0,10,0.8184113217636395,0.37346758027561705,0.8303397512134068,0.6441666666666667,0.7933333333333333,0.82,0.010609710268336287,0.1574267971878354,0.030833333333333334,0.17583333333333334,0.14916666666666667,0.6441666666666667,0.0,,0.11
fakeddit,both,0.80,nfmcd_all_changes,3,1,10,0.8181750908386725,0.3728080329252703,0.8303397512134068,0.6441666666666667,0.7933333333333333,0.82,0.005833333333333334,0.15262499999999998,0.030833333333333334,0.17583333333333334,0.14916666666666667,0.6441666666666667,0.0,,0.14
fakeddit,both,0.80,nfmcd_all_changes,3,0,10,0.7343641201117639,0.33741888345735954,0.7243701876816141,0.6441666666666667,0.7933333333333333,0.82,0.005833333333333334,0.15262499999999998,0.030833333333333334,0.17583333333333334,0.14916666666666667,0.6441666666666667,0.0,,0.16
fakeddit,both,0.80,spectral_graph+content,3,0,10,0.6840796742654336,0.4032448438992597,0.8005700735354221,0.6441666666666667,0.7933333333333333,0.82,nan,nan,nan,nan,nan,nan,nan,,0.23
fakeddit,both,0.80,spectral_graph+content,3,1,10,0.6887490345567588,0.4043193277110711,0.8048344890089325,0.6441666666666667,0.7933333333333333,0.82,nan,nan,nan,nan,nan,nan,nan,,0.28
fakeddit,both,0.80,kmeans_content,3,0,10,0.002091430976972619,0.004512844113381788,0.1255984720431832,0.6441666666666667,0.7933333333333333,0.82,nan,nan,nan,nan,nan,nan,nan,,0.38
fakeddit,both,0.80,kmeans_content,3,1,10,0.002091430976972619,0.004168087240889543,0.1264239083937142,0.6441666666666667,0.7933333333333333,0.82,nan,nan,nan,nan,nan,nan,nan,,0.39
fakeddit,both,0.80,nfmcd_full,4,1,10,0.820077869887045,0.3719373575453563,0.8304302165288506,0.6408333333333334,0.7825,0.8166666666666667,0.01712228920232126,0.16198560244162485,0.041666666666666664,0.17583333333333334,0.14166666666666666,0.6408333333333334,0.0,,0.17
fakeddit,both,0.80,nfmcd_full,4,0,10,0.8190347068694428,0.3724989280356842,0.8305371714838282,0.6408333333333334,0.7825,0.8166666666666667,0.017778575076165596,0.1624450025533159,0.041666666666666664,0.17583333333333334,0.14166666666666666,0.6408333333333334,0.0,,0.25
fakeddit,both,0.80,nfmcd_all_changes,4,0,10,0.8196921660330652,0.37194474084709633,0.8303397512134068,0.6408333333333334,0.7825,0.8166666666666667,0.008333333333333333,0.15375,0.041666666666666664,0.17583333333333334,0.14166666666666666,0.6408333333333334,0.0,,0.16
fakeddit,both,0.80,nfmcd_all_changes,4,1,10,0.8311857852907268,0.4385062412247245,0.9081154372218239,0.6408333333333334,0.7825,0.8166666666666667,0.008333333333333333,0.15374999999999997,0.041666666666666664,0.17583333333333334,0.14166666666666666,0.6408333333333334,0.0,,0.16
fakeddit,both,0.80,nfmcd_rank16,4,1,10,0.8314806022989581,0.4385062412247245,0.9088376417478576,0.6408333333333334,0.7825,0.8166666666666667,0.011217124299430408,0.1578519870096013,0.041666666666666664,0.17583333333333334,0.14166666666666666,0.6408333333333334,0.0,,0.12
fakeddit,both,0.80,nfmcd_rank16,4,0,10,0.8196921660330652,0.3728900359896782,0.8303397512134069,0.6408333333333334,0.7825,0.8166666666666667,0.011160161981217893,0.1578121133868525,0.041666666666666664,0.17583333333333334,0.14166666666666666,0.6408333333333334,0.0,,0.14
fakeddit,both,0.80,spectral_graph+content,4,0,10,0.6794893103068447,0.384791281353925,0.8133726064307781,0.6408333333333334,0.7825,0.8166666666666667,nan,nan,nan,nan,nan,nan,nan,,0.23
fakeddit,both,0.80,spectral_graph+content,4,1,10,0.6881577612090112,0.3941087055555256,0.8179646841321014,0.6408333333333334,0.7825,0.8166666666666667,nan,nan,nan,nan,nan,nan,nan,,0.25
fakeddit,both,0.80,kmeans_content,4,0,10,0.0010846858254307534,-0.00193868685818983,0.11536207621447869,0.6408333333333334,0.7825,0.8166666666666667,nan,nan,nan,nan,nan,nan,nan,,0.33
fakeddit,both,0.80,kmeans_content,4,1,10,0.0010647477953241724,-0.0003662569961959281,0.11500198188694995,0.6408333333333334,0.7825,0.8166666666666667,nan,nan,nan,nan,nan,nan,nan,,0.33
fakeddit_real_lcc,none,0.00,nfmcd_all_changes,0,0,6,0.15611851006561595,0.7758136980451756,0.30601883800111945,0.0,0.0,0.010135135135135136,0.49493243243243246,0.3727195945945946,0.9898648648648649,0.010135135135135136,0.0,0.0,0.0,,0.23
fakeddit_real_lcc,none,0.00,nfmcd_all_changes,0,1,6,0.21027082813414255,0.7681100501210729,0.3710889049015749,0.0,0.0,0.010135135135135136,0.49493243243243246,0.3727195945945946,0.9898648648648649,0.010135135135135136,0.0,0.0,0.0,,0.27
fakeddit_real_lcc,none,0.00,nfmcd_full,0,1,6,0.1421476531269955,0.5522990132665555,0.27249832332118,0.0,0.0,0.010135135135135136,0.6035126094902826,0.5724588266431978,0.9898648648648649,0.010135135135135136,0.0,0.0,0.0,,0.47
fakeddit_real_lcc,none,0.00,nfmcd_full,0,0,6,0.13624927109591334,0.5471847152793584,0.29870584349690205,0.0,0.0,0.010135135135135136,0.6043362415089966,0.5730353690562975,0.9898648648648649,0.010135135135135136,0.0,0.0,0.0,,0.53
fakeddit_real_lcc,none,0.00,spectral_graph+content,0,0,6,0.5227766958073978,0.6186289805504904,0.6185039315384402,0.0,0.0,0.010135135135135136,nan,nan,nan,nan,nan,nan,nan,,0.08
fakeddit_real_lcc,none,0.00,spectral_graph+content,0,1,6,0.5227766958073978,0.6186289805504904,0.6185039315384402,0.0,0.0,0.010135135135135136,nan,nan,nan,nan,nan,nan,nan,,0.08
fakeddit_real_lcc,none,0.00,nfmcd_rank16,0,0,6,0.1880881135198592,0.710563312056517,0.3417758182328543,0.0,0.0,0.010135135135135136,0.37243819077770945,0.4107067335443966,0.9898648648648649,0.010135135135135136,0.0,0.0,0.0,,0.25
fakeddit_real_lcc,none,0.00,nfmcd_rank16,0,1,6,0.1889974945199202,0.7118681221458063,0.33923264535351677,0.0,0.0,0.010135135135135136,0.37129703695998084,0.4099079258719866,0.9898648648648649,0.010135135135135136,0.0,0.0,0.0,,0.27
fakeddit_real_lcc,none,0.00,kmeans_content,0,0,6,0.24680504946879145,0.3670097485229628,0.37684914024031957,0.0,0.0,0.010135135135135136,nan,nan,nan,nan,nan,nan,nan,,0.14
fakeddit_real_lcc,none,0.00,kmeans_content,0,1,6,0.25283335752573743,0.32670839806314667,0.3550885832761748,0.0,0.0,0.010135135135135136,nan,nan,nan,nan,nan,nan,nan,,0.12
fakeddit_real_lcc,none,0.00,louvain,0,0,21,0.3132431794118209,0.9112186617370746,0.6275532403387196,0.0,0.0,0.010135135135135136,nan,nan,nan,nan,nan,nan,nan,,0.12
fakeddit_real_lcc,none,0.00,louvain,0,1,21,0.3132431794118209,0.9112186617370746,0.6275532403387196,0.0,0.0,0.010135135135135136,nan,nan,nan,nan,nan,nan,nan,,0.12
fakeddit_real_lcc,none,0.00,nfmcd_structure_only,0,1,6,0.21746408286671293,0.7662884450609583,0.33939209656766905,0.0,0.0,0.010135135135135136,nan,nan,nan,nan,nan,nan,nan,,0.06
fakeddit_real_lcc,none,0.00,nfmcd_structure_only,0,0,6,0.21751675123407788,0.7686022433030404,0.37281489798012674,0.0,0.0,0.010135135135135136,nan,nan,nan,nan,nan,nan,nan,,0.06
fakeddit_real_lcc,image,0.10,nfmcd_all_changes,0,0,6,0.15767161153439901,0.7788745220271767,0.311065790804867,0.0,0.0,0.1097972972972973,0.44425675675675674,0.3499155405405405,0.8902027027027027,0.1097972972972973,0.0,0.0,0.0,,0.22
fakeddit_real_lcc,image,0.10,nfmcd_all_changes,0,1,6,0.1612534085074635,0.7788745220271767,0.3119015421829177,0.0,0.0,0.1097972972972973,0.44425675675675674,0.3499155405405405,0.8902027027027027,0.1097972972972973,0.0,0.0,0.0,,0.23
fakeddit_real_lcc,image,0.10,nfmcd_full,0,1,6,0.14409262143075063,0.6240711002891224,0.32614856052530067,0.0,0.0,0.1097972972972973,0.5402488335047998,0.5281741834533599,0.8902027027027027,0.1097972972972973,0.0,0.0,0.0,,0.44
fakeddit_real_lcc,image,0.10,nfmcd_rank16,0,1,6,0.18365353782653648,0.7102834288145082,0.33290543868139166,0.0,0.0,0.1097972972972973,0.33026947171176946,0.38118863019823856,0.8902027027027027,0.1097972972972973,0.0,0.0,0.0,,0.2
fakeddit_real_lcc,image,0.10,nfmcd_rank16,0,0,6,0.18822683982257948,0.7179314603723305,0.3457634389703808,0.0,0.0,0.1097972972972973,0.3295103977927097,0.3806572784548967,0.8902027027027027,0.1097972972972973,0.0,0.0,0.0,,0.22
fakeddit_real_lcc,image,0.10,nfmcd_full,0,0,6,0.14856141294218028,0.6079979063061509,0.3308581636577584,0.0,0.0,0.1097972972972973,0.5449868976480974,0.5314908283536681,0.8902027027027027,0.1097972972972973,0.0,0.0,0.0,,0.5
fakeddit_real_lcc,image,0.10,spectral_graph+content,0,0,6,0.5117692293602558,0.6182033579436338,0.6146791663025793,0.0,0.0,0.1097972972972973,nan,nan,nan,nan,nan,nan,nan,,0.08
fakeddit_real_lcc,image,0.10,spectral_graph+content,0,1,6,0.5117692293602558,0.6182033579436338,0.6146791663025793,0.0,0.0,0.1097972972972973,nan,nan,nan,nan,nan,nan,nan,,0.08
fakeddit_real_lcc,image,0.10,kmeans_content,0,0,6,0.1947273305827384,0.2505218873079266,0.3187035377479639,0.0,0.0,0.1097972972972973,nan,nan,nan,nan,nan,nan,nan,,0.17
fakeddit_real_lcc,image,0.10,kmeans_content,0,1,6,0.19057311025041113,0.28332774896045493,0.3518050978881045,0.0,0.0,0.1097972972972973,nan,nan,nan,nan,nan,nan,nan,,0.17
fakeddit_real_lcc,image,0.10,nfmcd_all_changes,1,1,6,0.20220458865213387,0.7641767837442479,0.3579792735305161,0.0,0.0,0.09966216216216216,0.4501689189189189,0.3525760135135135,0.9003378378378378,0.09966216216216216,0.0,0.0,0.0,,0.2
fakeddit_real_lcc,image,0.10,nfmcd_all_changes,1,0,6,0.15969337281813045,0.7865853989129344,0.3132218475639634,0.0,0.0,0.09966216216216216,0.4501689189189189,0.35257601351351353,0.9003378378378378,0.09966216216216216,0.0,0.0,0.0,,0.23
fakeddit_real_lcc,image,0.10,nfmcd_full,1,1,6,0.13480384218279162,0.6162845175194528,0.32171227122163315,0.0,0.0,0.09966216216216216,0.5509696908324239,0.5356787835826967,0.9003378378378378,0.09966216216216216,0.0,0.0,0.0,,0.39
fakeddit_real_lcc,image,0.10,nfmcd_full,1,0,6,0.14107267174282923,0.6234920779499868,0.32308690599225504,0.0,0.0,0.09966216216216216,0.5548862737670672,0.538420391636947,0.9003378378378378,0.09966216216216216,0.0,0.0,0.0,,0.41
fakeddit_real_lcc,image,0.10,spectral_graph+content,1,0,6,0.5227766958073978,0.6186289805504904,0.6185039315384402,0.0,0.0,0.09966216216216216,nan,nan,nan,nan,nan,nan,nan,,0.08
fakeddit_real_lcc,image,0.10,spectral_graph+content,1,1,6,0.5227766958073978,0.6186289805504904,0.6185039315384402,0.0,0.0,0.09966216216216216,nan,nan,nan,nan,nan,nan,nan,,0.08
fakeddit_real_lcc,image,0.10,nfmcd_rank16,1,0,6,0.1752645795467883,0.7176804288490557,0.31901601723145134,0.0,0.0,0.09966216216216216,0.33400790755731474,0.38380553529012024,0.9003378378378378,0.09966216216216216,0.0,0.0,0.0,,0.22
fakeddit_real_lcc,image,0.10,nfmcd_rank16,1,1,6,0.18342909686779463,0.7148361006090038,0.3303916316002962,0.0,0.0,0.09966216216216216,0.33802844211579613,0.38661990948105723,0.9003378378378378,0.09966216216216216,0.0,0.0,0.0,,0.2
fakeddit_real_lcc,image,0.10,kmeans_content,1,0,6,0.20854404597092957,0.25355163258461927,0.322889076531475,0.0,0.0,0.09966216216216216,nan,nan,nan,nan,nan,nan,nan,,0.14
fakeddit_real_lcc,image,0.10,kmeans_content,1,1,6,0.19389486250007648,0.27055872096628925,0.34627245773955506,0.0,0.0,0.09966216216216216,nan,nan,nan,nan,nan,nan,nan,,0.14
fakeddit_real_lcc,image,0.10,nfmcd_all_changes,2,1,6,0.21664693897687037,0.7681100501210729,0.38334987666267323,0.0,0.0,0.1266891891891892,0.4358108108108108,0.3461148648648648,0.8733108108108109,0.1266891891891892,0.0,0.0,0.0,,0.2
fakeddit_real_lcc,image,0.10,nfmcd_all_changes,2,0,6,0.19377145882342395,0.7338573117933129,0.3566814297767606,0.0,0.0,0.1266891891891892,0.4358108108108108,0.3461148648648648,0.8733108108108109,0.1266891891891892,0.0,0.0,0.0,,0.23
fakeddit_real_lcc,image,0.10,nfmcd_full,2,1,6,0.15794762823266206,0.6517723705844176,0.3302911013418695,0.0,0.0,0.1266891891891892,0.5400497449869404,0.5280348214908581,0.8733108108108109,0.1266891891891892,0.0,0.0,0.0,,0.42
fakeddit_real_lcc,image,0.10,nfmcd_full,2,0,6,0.1504439558376477,0.7343051168187961,0.31225847367577153,0.0,0.0,0.1266891891891892,0.5415403703965506,0.5290782592775853,0.8733108108108109,0.1266891891891892,0.0,0.0,0.0,,0.44
fakeddit_real_lcc,image,0.10,spectral_graph+content,2,0,6,0.5178401411163357,0.6180382402977045,0.6164633006077607,0.0,0.0,0.1266891891891892,nan,nan,nan,nan,nan,nan,nan,,0.06
fakeddit_real_lcc,image,0.10,spectral_graph+content,2,1,6,0.5178401411163357,0.6180382402977045,0.6164633006077607,0.0,0.0,0.1266891891891892,nan,nan,nan,nan,nan,nan,nan,,0.06
fakeddit_real_lcc,image,0.10,nfmcd_rank16,2,0,6,0.18291836592408506,0.7169485897584199,0.33924128463804726,0.0,0.0,0.1266891891891892,0.32904392422018724,0.38033074695413105,0.8733108108108109,0.1266891891891892,0.0,0.0,0.0,,0.2
fakeddit_real_lcc,image,0.10,nfmcd_rank16,2,1,6,0.18687436497402543,0.7223007264138716,0.34585985748637044,0.0,0.0,0.1266891891891892,0.3296398328818347,0.38074788301728424,0.8733108108108109,0.1266891891891892,0.0,0.0,0.0,,0.2
fakeddit_real_lcc,image,0.10,kmeans_content,2,0,6,0.1579384773707908,0.2613602053892585,0.304772636000859,0.0,0.0,0.1266891891891892,nan,nan,nan,nan,nan,nan,nan,,0.14
fakeddit_real_lcc,image,0.10,kmeans_content,2,1,6,0.2121584263008247,0.25600764898764633,0.3654224630021326,0.0,0.0,0.1266891891891892,nan,nan,nan,nan,nan,nan,nan,,0.2
fakeddit_real_lcc,image,0.10,nfmcd_all_changes,3,0,6,0.15826785297537715,0.7658129834273373,0.3169049129230589,0.0,0.0,0.11824324324324324,0.4408783783783784,0.3483952702702703,0.8817567567567568,0.11824324324324324,0.0,0.0,0.0,,0.22
fakeddit_real_lcc,image,0.10,nfmcd_full,3,1,6,0.14465219154103603,0.6249342558001428,0.3263273370236221,0.0,0.0,0.11824324324324324,0.5403894278764988,0.528272599513549,0.8817567567567568,0.11824324324324324,0.0,0.0,0.0,,0.42
fakeddit_real_lcc,image,0.10,nfmcd_all_changes,3,1,6,0.20559207458102358,0.7658766157793239,0.36296242307535104,0.0,0.0,0.11824324324324324,0.4408783783783784,0.3483952702702703,0.8817567567567568,0.11824324324324324,0.0,0.0,0.0,,0.26
fakeddit_real_lcc,image,0.10,nfmcd_rank16,3,0,6,0.1801371990233569,0.7140433516866176,0.33282341391402454,0.0,0.0,0.11824324324324324,0.32459246198335473,0.37721472338834827,0.8817567567567568,0.11824324324324324,0.0,0.0,0.0,,0.19
fakeddit_real_lcc,image,0.10,spectral_graph+content,3,0,6,0.5178401411163357,0.6180382402977045,0.6164633006077607,0.0,0.0,0.11824324324324324,nan,nan,nan,nan,nan,nan,nan,,0.06
fakeddit_real_lcc,image,0.10,nfmcd_full,3,0,6,0.14466718554080948,0.6441130700081447,0.3272744608774661,0.0,0.0,0.11824324324324324,0.5396307236194797,0.5277415065336359,0.8817567567567568,0.11824324324324324,0.0,0.0,0.0,,0.53
fakeddit_real_lcc,image,0.10,spectral_graph+content,3,1,6,0.5178401411163357,0.6180382402977045,0.6164633006077607,0.0,0.0,0.11824324324324324,nan,nan,nan,nan,nan,nan,nan,,0.06
fakeddit_real_lcc,image,0.10,nfmcd_rank16,3,1,6,0.17951025224189965,0.7157700824548192,0.3318321854657748,0.0,0.0,0.11824324324324324,0.3224173088663694,0.37569211620645854,0.8817567567567568,0.11824324324324324,0.0,0.0,0.0,,0.19
fakeddit_real_lcc,image,0.10,kmeans_content,3,0,6,0.19751403621910146,0.28763505580484394,0.3662064927693304,0.0,0.0,0.11824324324324324,nan,nan,nan,nan,nan,nan,nan,,0.19
fakeddit_real_lcc,image,0.10,kmeans_content,3,1,6,0.20258865634087753,0.29164960136182444,0.36644921301884875,0.0,0.0,0.11824324324324324,nan,nan,nan,nan,nan,nan,nan,,0.2
fakeddit_real_lcc,image,0.10,nfmcd_all_changes,4,0,6,0.1581728802293796,0.7801685119932147,0.30674823260359946,0.0,0.0,0.10135135135135136,0.44932432432432434,0.3521959459459459,0.8986486486486487,0.10135135135135136,0.0,0.0,0.0,,0.24
fakeddit_real_lcc,image,0.10,nfmcd_all_changes,4,1,6,0.15615420974561967,0.7561059220574987,0.31092179569033146,0.0,0.0,0.10135135135135136,0.44932432432432434,0.3521959459459459,0.8986486486486487,0.10135135135135136,0.0,0.0,0.0,,0.26
fakeddit_real_lcc,image,0.10,nfmcd_full,4,1,6,0.14867429163324353,0.5944466405330375,0.3178445823448187,0.0,0.0,0.10135135135135136,0.551619476423333,0.536133633496333,0.8986486486486487,0.10135135135135136,0.0,0.0,0.0,,0.41
fakeddit_real_lcc,image,0.10,nfmcd_full,4,0,6,0.1533542312529922,0.6112087953703771,0.3241803729665547,0.0,0.0,0.10135135135135136,0.5454736299079681,0.5318315409355777,0.8986486486486487,0.10135135135135136,0.0,0.0,0.0,,0.45
fakeddit_real_lcc,image,0.10,spectral_graph+content,4,0,6,0.5234312119466082,0.6182565083012207,0.6180450134058382,0.0,0.0,0.10135135135135136,nan,nan,nan,nan,nan,nan,nan,,0.08
fakeddit_real_lcc,image,0.10,spectral_graph+content,4,1,6,0.5234312119466082,0.6182565083012207,0.6180450134058382,0.0,0.0,0.10135135135135136,nan,nan,nan,nan,nan,nan,nan,,0.08
fakeddit_real_lcc,image,0.10,nfmcd_rank16,4,0,6,0.18234033381569126,0.7128537094501453,0.3352560056796179,0.0,0.0,0.10135135135135136,0.3378912127696129,0.386523848938729,0.8986486486486487,0.10135135135135136,0.0,0.0,0.0,,0.22
fakeddit_real_lcc,image,0.10,nfmcd_rank16,4,1,6,0.17772362365368433,0.7222281802857797,0.33430722432951643,0.0,0.0,0.10135135135135136,0.33813124799227134,0.38669187359458995,0.8986486486486487,0.10135135135135136,0.0,0.0,0.0,,0.24
fakeddit_real_lcc,image,0.10,kmeans_content,4,0,6,0.1998386901012773,0.29027474613198373,0.3685679487414701,0.0,0.0,0.10135135135135136,nan,nan,nan,nan,nan,nan,nan,,0.16
fakeddit_real_lcc,image,0.10,kmeans_content,4,1,6,0.2058264522128166,0.30483448120499707,0.3805752393985519,0.0,0.0,0.10135135135135136,nan,nan,nan,nan,nan,nan,nan,,0.14
fakeddit_real_lcc,image,0.20,nfmcd_all_changes,0,0,6,0.20121497375243913,0.7445428422721834,0.3648635869060503,0.0,0.0,0.20101351351351351,0.39780405405405406,0.3290118243243243,0.7989864864864865,0.20101351351351351,0.0,0.0,0.0,,0.23
fakeddit_real_lcc,image,0.20,nfmcd_all_changes,0,1,6,0.16356794548039888,0.7682904593528254,0.3155169050111058,0.0,0.0,0.20101351351351351,0.39780405405405406,0.3290118243243243,0.7989864864864865,0.20101351351351351,0.0,0.0,0.0,,0.25
fakeddit_real_lcc,image,0.20,nfmcd_full,0,0,6,0.14594552399196137,0.607297046814091,0.3313817035147115,0.0,0.0,0.20101351351351351,0.4942670945881099,0.49598696621167687,0.7989864864864865,0.20101351351351351,0.0,0.0,0.0,,0.39
fakeddit_real_lcc,image,0.20,spectral_graph+content,0,0,6,0.5117692293602558,0.6182033579436338,0.6146791663025793,0.0,0.0,0.20101351351351351,nan,nan,nan,nan,nan,nan,nan,,0.08
fakeddit_real_lcc,image,0.20,nfmcd_full,0,1,6,0.14719348862614778,0.6299543266040911,0.33402698663237457,0.0,0.0,0.20101351351351351,0.494983043728691,0.4964881306100837,0.7989864864864865,0.20101351351351351,0.0,0.0,0.0,,0.41
fakeddit_real_lcc,image,0.20,nfmcd_rank16,0,0,6,0.19280009020834232,0.7248540423088505,0.351298102306762,0.0,0.0,0.20101351351351351,0.2953626810447104,0.35675387673129727,0.7989864864864865,0.20101351351351351,0.0,0.0,0.0,,0.2
fakeddit_real_lcc,image,0.20,spectral_graph+content,0,1,6,0.5117692293602558,0.6182033579436338,0.6146791663025793,0.0,0.0,0.20101351351351351,nan,nan,nan,nan,nan,nan,nan,,0.08
fakeddit_real_lcc,image,0.20,nfmcd_rank16,0,1,6,0.18901860790066327,0.7222036892632698,0.34811286832619875,0.0,0.0,0.20101351351351351,0.29467673621475077,0.3562737153503255,0.7989864864864865,0.20101351351351351,0.0,0.0,0.0,,0.2
fakeddit_real_lcc,image,0.20,kmeans_content,0,0,6,0.1389784943588721,0.2340506049002729,0.26685610953242056,0.0,0.0,0.20101351351351351,nan,nan,nan,nan,nan,nan,nan,,0.16
fakeddit_real_lcc,image,0.20,kmeans_content,0,1,6,0.1401089554444952,0.2599641996167694,0.34447656920661124,0.0,0.0,0.20101351351351351,nan,nan,nan,nan,nan,nan,nan,,0.16
fakeddit_real_lcc,image,0.20,nfmcd_all_changes,1,0,6,0.16163883679655633,0.7896310595648834,0.31311341920238744,0.0,0.0,0.19594594594594594,0.40118243243243246,0.33053209459459454,0.8040540540540541,0.19594594594594594,0.0,0.0,0.0,,0.23
fakeddit_real_lcc,image,0.20,nfmcd_full,1,0,6,0.14715108615937478,0.6387696255961023,0.33128420474751424,0.0,0.0,0.19594594594594594,0.49713593690700797,0.49799515583490556,0.8040540540540541,0.19594594594594594,0.0,0.0,0.0,,0.34
fakeddit_real_lcc,image,0.20,nfmcd_full,1,1,6,0.14700028157670197,0.6570673576341408,0.3330092309335439,0.0,0.0,0.19594594594594594,0.4938645138657593,0.4957051597060316,0.8040540540540541,0.19594594594594594,0.0,0.0,0.0,,0.38
fakeddit_real_lcc,image,0.20,nfmcd_all_changes,1,1,6,0.1607763921080797,0.7666203068691891,0.32138277835080875,0.0,0.0,0.19594594594594594,0.40118243243243246,0.33053209459459454,0.8040540540540541,0.19594594594594594,0.0,0.0,0.0,,0.25
fakeddit_real_lcc,image,0.20,spectral_graph+content,1,0,6,0.5282101467983953,0.6194353887125198,0.6205052159312984,0.0,0.0,0.19594594594594594,nan,nan,nan,nan,nan,nan,nan,,0.06
fakeddit_real_lcc,image,0.20,spectral_graph+content,1,1,6,0.5282101467983953,0.6194353887125198,0.6205052159312984,0.0,0.0,0.19594594594594594,nan,nan,nan,nan,nan,nan,nan,,0.06
fakeddit_real_lcc,image,0.20,nfmcd_rank16,1,0,6,0.17591625243690412,0.7253027218055017,0.31732913957335,0.0,0.0,0.19594594594594594,0.2930089528046506,0.3551062669632554,0.8040540540540541,0.19594594594594594,0.0,0.0,0.0,,0.23
fakeddit_real_lcc,image,0.20,kmeans_content,1,0,6,0.17367534610620605,0.1942275901693164,0.30971212464812975,0.0,0.0,0.19594594594594594,nan,nan,nan,nan,nan,nan,nan,,0.14
fakeddit_real_lcc,image,0.20,nfmcd_rank16,1,1,6,0.17715263610693843,0.7246159879377079,0.3173626593830682,0.0,0.0,0.19594594594594594,0.29566500264829954,0.3569655018538097,0.8040540540540541,0.19594594594594594,0.0,0.0,0.0,,0.25
fakeddit_real_lcc,image,0.20,kmeans_content,1,1,6,0.15584758208399285,0.2280309902321454,0.28545960861750336,0.0,0.0,0.19594594594594594,nan,nan,nan,nan,nan,nan,nan,,0.16
fakeddit_real_lcc,image,0.20,nfmcd_all_changes,2,0,6,0.19887606126323354,0.7454061085495519,0.363078590181144,0.0,0.0,0.21114864864864866,0.3935810810810811,0.32711148648648647,0.7888513513513513,0.21114864864864866,0.0,0.0,0.0,,0.23
fakeddit_real_lcc,image,0.20,nfmcd_all_changes,2,1,6,0.19887606126323354,0.7454061085495519,0.36307859018114397,0.0,0.0,0.21114864864864866,0.3935810810810811,0.32711148648648647,0.7888513513513513,0.21114864864864866,0.0,0.0,0.0,,0.26
fakeddit_real_lcc,image,0.20,nfmcd_full,2,1,6,0.1480350739330789,0.650571715841037,0.33090591853430545,0.0,0.0,0.21114864864864866,0.4858479741585866,0.49009358191101055,0.7888513513513513,0.21114864864864866,0.0,0.0,0.0,,0.34
fakeddit_real_lcc,image,0.20,nfmcd_full,2,0,6,0.15986111125725322,0.6985719337825713,0.3136938217476789,0.0,0.0,0.21114864864864866,0.4827980807896032,0.48795865655272225,0.7888513513513513,0.21114864864864866,0.0,0.0,0.0,,0.36
fakeddit_real_lcc,image,0.20,spectral_graph+content,2,0,6,0.5178401411163357,0.6180382402977045,0.6164633006077607,0.0,0.0,0.21114864864864866,nan,nan,nan,nan,nan,nan,nan,,0.08
fakeddit_real_lcc,image,0.20,spectral_graph+content,2,1,6,0.5178401411163357,0.6180382402977045,0.6164633006077607,0.0,0.0,0.21114864864864866,nan,nan,nan,nan,nan,nan,nan,,0.09
fakeddit_real_lcc,image,0.20,nfmcd_rank16,2,0,6,0.17313908047858573,0.7248944895152714,0.3205869689589364,0.0,0.0,0.21114864864864866,0.29389645244150253,0.3557275167090518,0.7888513513513513,0.21114864864864866,0.0,0.0,0.0,,0.25
fakeddit_real_lcc,image,0.20,nfmcd_rank16,2,1,6,0.1816820428916026,0.7138542210624169,0.33226719163478546,0.0,0.0,0.21114864864864866,0.29142723502583645,0.3539990645180855,0.7888513513513513,0.21114864864864866,0.0,0.0,0.0,,0.3
fakeddit_real_lcc,image,0.20,kmeans_content,2,0,6,0.150737217275148,0.22392620508044195,0.29442390201888496,0.0,0.0,0.21114864864864866,nan,nan,nan,nan,nan,nan,nan,,0.19
fakeddit_real_lcc,image,0.20,kmeans_content,2,1,6,0.14694069768430185,0.21778136614106636,0.35152719255723763,0.0,0.0,0.21114864864864866,nan,nan,nan,nan,nan,nan,nan,,0.19
fakeddit_real_lcc,image,0.20,nfmcd_all_changes,3,1,6,0.1569006511348925,0.7675200152750292,0.31506149236043146,0.0,0.0,0.2195945945945946,0.3902027027027027,0.32559121621621623,0.7804054054054054,0.2195945945945946,0.0,0.0,0.0,,0.2
fakeddit_real_lcc,image,0.20,nfmcd_all_changes,3,0,6,0.15805813067382746,0.7771150860372944,0.31227865839704494,0.0,0.0,0.2195945945945946,0.3902027027027027,0.3255912162162162,0.7804054054054054,0.2195945945945946,0.0,0.0,0.0,,0.23
fakeddit_real_lcc,image,0.20,nfmcd_full,3,0,6,0.14998413464413296,0.6921382861654661,0.3117757232152105,0.0,0.0,0.2195945945945946,0.48141619873361824,0.48699133911353265,0.7804054054054054,0.2195945945945946,0.0,0.0,0.0,,0.39
fakeddit_real_lcc,image,0.20,nfmcd_full,3,1,6,0.14871082341304642,0.6620332695237552,0.3300598357404848,0.0,0.0,0.2195945945945946,0.4858136139312321,0.49006952975186246,0.7804054054054054,0.2195945945945946,0.0,0.0,0.0,,0.33
fakeddit_real_lcc,image,0.20,spectral_graph+content,3,0,6,0.5027495718687932,0.6174532132565492,0.6104736752789445,0.0,0.0,0.2195945945945946,nan,nan,nan,nan,nan,nan,nan,,0.06
fakeddit_real_lcc,image,0.20,spectral_graph+content,3,1,6,0.5027495718687932,0.6174532132565492,0.6104736752789445,0.0,0.0,0.2195945945945946,nan,nan,nan,nan,nan,nan,nan,,0.08
fakeddit_real_lcc,image,0.20,nfmcd_rank16,3,1,6,0.1959903918300061,0.715317858435034,0.3414987135162824,0.0,0.0,0.2195945945945946,0.2857569326746009,0.35002985287222066,0.7804054054054054,0.2195945945945946,0.0,0.0,0.0,,0.2
fakeddit_real_lcc,image,0.20,nfmcd_rank16,3,0,6,0.19285274016757126,0.7155996771732279,0.33868363458135553,0.0,0.0,0.2195945945945946,0.2855647204666048,0.3498953043266233,0.7804054054054054,0.2195945945945946,0.0,0.0,0.0,,0.25
fakeddit_real_lcc,image,0.20,kmeans_content,3,0,6,0.1647005794374059,0.2289608212548169,0.27973103478097927,0.0,0.0,0.2195945945945946,nan,nan,nan,nan,nan,nan,nan,,0.16
fakeddit_real_lcc,image,0.20,kmeans_content,3,1,6,0.16427480789066418,0.2575110514791732,0.37420794152203696,0.0,0.0,0.2195945945945946,nan,nan,nan,nan,nan,nan,nan,,0.14
fakeddit_real_lcc,image,0.20,nfmcd_all_changes,4,0,6,0.1587754790060576,0.7826197771028959,0.30743081509619086,0.0,0.0,0.19256756756756757,0.40371621621621623,0.33167229729729725,0.8074324324324325,0.19256756756756757,0.0,0.0,0.0,,0.27
fakeddit_real_lcc,image,0.20,nfmcd_all_changes,4,1,6,0.1571186950971979,0.7845104420660461,0.3234628497303531,0.0,0.0,0.19256756756756757,0.40371621621621623,0.33167229729729725,0.8074324324324325,0.19256756756756757,0.0,0.0,0.0,,0.23
fakeddit_real_lcc,image,0.20,nfmcd_full,4,0,6,0.14548337026147484,0.6283871226961518,0.3279214678596542,0.0,0.0,0.19256756756756757,0.5007837483198325,0.5005486238238828,0.8074324324324325,0.19256756756756757,0.0,0.0,0.0,,0.39
fakeddit_real_lcc,image,0.20,nfmcd_full,4,1,6,0.14541790298301827,0.6183368547121304,0.3279655193522722,0.0,0.0,0.19256756756756757,0.5004841613569656,0.500338912949876,0.8074324324324325,0.19256756756756757,0.0,0.0,0.0,,0.39
fakeddit_real_lcc,image,0.20,spectral_graph+content,4,0,6,0.5283427683150133,0.6188474817463181,0.6200864890135578,0.0,0.0,0.19256756756756757,nan,nan,nan,nan,nan,nan,nan,,0.08
fakeddit_real_lcc,image,0.20,spectral_graph+content,4,1,6,0.5283427683150133,0.6188474817463181,0.6200864890135578,0.0,0.0,0.19256756756756757,nan,nan,nan,nan,nan,nan,nan,,0.06
fakeddit_real_lcc,image,0.20,nfmcd_rank16,4,0,6,0.17670836038766913,0.7201815446451169,0.32909780524152743,0.0,0.0,0.19256756756756757,0.2996731825681561,0.3597712277977093,0.8074324324324325,0.19256756756756757,0.0,0.0,0.0,,0.2
fakeddit_real_lcc,image,0.20,nfmcd_rank16,4,1,6,0.17594689072846792,0.7208270326228232,0.32630028591703436,0.0,0.0,0.19256756756756757,0.2979581154867105,0.3585706808406973,0.8074324324324325,0.19256756756756757,0.0,0.0,0.0,,0.25
fakeddit_real_lcc,image,0.20,kmeans_content,4,0,6,0.15867208908893526,0.22801548294343407,0.2763330247069716,0.0,0.0,0.19256756756756757,nan,nan,nan,nan,nan,nan,nan,,0.16
fakeddit_real_lcc,image,0.20,kmeans_content,4,1,6,0.15178267364386633,0.25693138786118125,0.326947328918257,0.0,0.0,0.19256756756756757,nan,nan,nan,nan,nan,nan,nan,,0.16
fakeddit_real_lcc,image,0.40,nfmcd_full,0,0,6,0.19468438526045706,0.755791701247629,0.35754273462242914,0.0,0.0,0.4155405405405405,0.35779253236032876,0.4004547726522301,0.5844594594594594,0.4155405405405405,0.0,0.0,0.0,,0.25
fakeddit_real_lcc,image,0.40,nfmcd_all_changes,0,0,6,0.20617249468970422,0.7574261869672292,0.36898955589703286,0.0,0.0,0.4155405405405405,0.28969594594594594,0.2803631756756756,0.5844594594594594,0.4155405405405405,0.0,0.0,0.0,,0.22
fakeddit_real_lcc,image,0.40,nfmcd_full,0,1,6,0.19785486820825238,0.759462049123103,0.3567940550086302,0.0,0.0,0.4155405405405405,0.3575319632465713,0.40027237427259993,0.5844594594594594,0.4155405405405405,0.0,0.0,0.0,,0.28
fakeddit_real_lcc,image,0.40,nfmcd_all_changes,0,1,6,0.21144231923968748,0.7686022433030404,0.36783240704246883,0.0,0.0,0.4155405405405405,0.28969594594594594,0.2803631756756756,0.5844594594594594,0.4155405405405405,0.0,0.0,0.0,,0.22
fakeddit_real_lcc,image,0.40,spectral_graph+content,0,0,6,0.5117692293602558,0.6182033579436338,0.6146791663025793,0.0,0.0,0.4155405405405405,nan,nan,nan,nan,nan,nan,nan,,0.08
fakeddit_real_lcc,image,0.40,spectral_graph+content,0,1,6,0.5117692293602558,0.6182033579436338,0.6146791663025793,0.0,0.0,0.4155405405405405,nan,nan,nan,nan,nan,nan,nan,,0.08
fakeddit_real_lcc,image,0.40,nfmcd_rank16,0,0,6,0.20333726956109066,0.7355521010446537,0.3440453312283788,0.0,0.0,0.4155405405405405,0.2023100386672218,0.2916170270670552,0.5844594594594594,0.4155405405405405,0.0,0.0,0.0,,0.22
fakeddit_real_lcc,image,0.40,nfmcd_rank16,0,1,6,0.20056598450480534,0.7303892116095585,0.34218572180799484,0.0,0.0,0.4155405405405405,0.20400097480124738,0.29280068236087314,0.5844594594594594,0.4155405405405405,0.0,0.0,0.0,,0.23
fakeddit_real_lcc,image,0.40,kmeans_content,0,1,6,0.14867625553709307,0.16911597296093173,0.31596970807915853,0.0,0.0,0.4155405405405405,nan,nan,nan,nan,nan,nan,nan,,0.17
fakeddit_real_lcc,image,0.40,kmeans_content,0,0,6,0.15428625248071248,0.18785397791279382,0.259812664555503,0.0,0.0,0.4155405405405405,nan,nan,nan,nan,nan,nan,nan,,0.2
fakeddit_real_lcc,image,0.40,nfmcd_full,1,0,6,0.16050693041898367,0.7414065689178132,0.3039522521513429,0.0,0.0,0.41047297297297297,0.35869395816809724,0.4010857707176681,0.589527027027027,0.41047297297297297,0.0,0.0,0.0,,0.26
fakeddit_real_lcc,image,0.40,nfmcd_all_changes,1,0,6,0.17989380761046925,0.7431855639128182,0.34214928092655295,0.0,0.0,0.41047297297297297,0.29138513513513514,0.28112331081081077,0.589527027027027,0.41047297297297297,0.0,0.0,0.0,,0.19
fakeddit_real_lcc,image,0.40,nfmcd_all_changes,1,1,6,0.1572120795386467,0.730505452147008,0.31725458028916714,0.0,0.0,0.41047297297297297,0.29138513513513514,0.28112331081081077,0.589527027027027,0.41047297297297297,0.0,0.0,0.0,,0.2
fakeddit_real_lcc,image,0.40,nfmcd_full,1,1,6,0.15024432548448352,0.7525887057431454,0.29423068439603245,0.0,0.0,0.41047297297297297,0.35762669688072307,0.40033868781650617,0.589527027027027,0.41047297297297297,0.0,0.0,0.0,,0.27
fakeddit_real_lcc,image,0.40,spectral_graph+content,1,0,6,0.5178401411163357,0.6180382402977045,0.6164633006077607,0.0,0.0,0.41047297297297297,nan,nan,nan,nan,nan,nan,nan,,0.06
fakeddit_real_lcc,image,0.40,spectral_graph+content,1,1,6,0.5178401411163357,0.6180382402977045,0.6164633006077607,0.0,0.0,0.41047297297297297,nan,nan,nan,nan,nan,nan,nan,,0.08
fakeddit_real_lcc,image,0.40,nfmcd_rank16,1,0,6,0.17044735017380042,0.7400646812510036,0.3173699374608457,0.0,0.0,0.41047297297297297,0.20525637241467665,0.2936794606902736,0.589527027027027,0.41047297297297297,0.0,0.0,0.0,,0.19
fakeddit_real_lcc,image,0.40,nfmcd_rank16,1,1,6,0.21504678913469366,0.7686022433030404,0.3799774198437869,0.0,0.0,0.41047297297297297,0.20626810124390865,0.294387670870736,0.589527027027027,0.41047297297297297,0.0,0.0,0.0,,0.17
fakeddit_real_lcc,image,0.40,kmeans_content,1,0,6,0.1703237067491854,0.13056484739469565,0.34205078467451866,0.0,0.0,0.41047297297297297,nan,nan,nan,nan,nan,nan,nan,,0.12
fakeddit_real_lcc,image,0.40,kmeans_content,1,1,6,0.10616753761042141,0.13098336346586084,0.2721639452255933,0.0,0.0,0.41047297297297297,nan,nan,nan,nan,nan,nan,nan,,0.12
fakeddit_real_lcc,image,0.40,nfmcd_all_changes,2,1,6,0.16484902493713594,0.7698748961725808,0.3127390005770363,0.0,0.0,0.38513513513513514,0.30574324324324326,0.28758445945945943,0.6148648648648649,0.38513513513513514,0.0,0.0,0.0,,0.17
fakeddit_real_lcc,image,0.40,nfmcd_all_changes,2,0,6,0.18319907956254822,0.7299019446151703,0.342099799632866,0.0,0.0,0.38513513513513514,0.30574324324324326,0.28758445945945943,0.6148648648648649,0.38513513513513514,0.0,0.0,0.0,,0.2
fakeddit_real_lcc,image,0.40,nfmcd_full,2,1,6,0.1718650243263563,0.7275702546929923,0.3173343879217322,0.0,0.0,0.38513513513513514,0.3791697446581397,0.41541882126069773,0.6148648648648649,0.38513513513513514,0.0,0.0,0.0,,0.28
fakeddit_real_lcc,image,0.40,nfmcd_full,2,0,6,0.16999560771861055,0.728790106993413,0.30951500256077613,0.0,0.0,0.38513513513513514,0.38134645273941264,0.4169425169175888,0.6148648648648649,0.38513513513513514,0.0,0.0,0.0,,0.3
fakeddit_real_lcc,image,0.40,spectral_graph+content,2,1,6,0.5178401411163357,0.6180382402977045,0.6164633006077607,0.0,0.0,0.38513513513513514,nan,nan,nan,nan,nan,nan,nan,,0.06
fakeddit_real_lcc,image,0.40,spectral_graph+content,2,0,6,0.5178401411163357,0.6180382402977045,0.6164633006077607,0.0,0.0,0.38513513513513514,nan,nan,nan,nan,nan,nan,nan,,0.08
fakeddit_real_lcc,image,0.40,nfmcd_rank16,2,1,6,0.17662297916270053,0.7263679967524705,0.3223142023739127,0.0,0.0,0.38513513513513514,0.21283456263935935,0.2989841938475515,0.6148648648648649,0.38513513513513514,0.0,0.0,0.0,,0.19
fakeddit_real_lcc,image,0.40,nfmcd_rank16,2,0,6,0.1744936975826018,0.7309603870274137,0.32076658026325505,0.0,0.0,0.38513513513513514,0.21334503243328617,0.2993415227033003,0.6148648648648649,0.38513513513513514,0.0,0.0,0.0,,0.2
fakeddit_real_lcc,image,0.40,kmeans_content,2,1,6,0.14323852670010073,0.19565216199995802,0.3386907739713612,0.0,0.0,0.38513513513513514,nan,nan,nan,nan,nan,nan,nan,,0.11
fakeddit_real_lcc,image,0.40,kmeans_content,2,0,6,0.1482377985730131,0.1556437768708229,0.31731157907849755,0.0,0.0,0.38513513513513514,nan,nan,nan,nan,nan,nan,nan,,0.12
fakeddit_real_lcc,image,0.40,nfmcd_all_changes,3,0,6,0.21717166029794255,0.7858116726533546,0.39652979960844553,0.0,0.0,0.42736486486486486,0.2846283783783784,0.27808277027027023,0.5726351351351351,0.42736486486486486,0.0,0.0,0.0,,0.16
fakeddit_real_lcc,image,0.40,nfmcd_full,3,1,6,0.19293864389206106,0.7641296963867585,0.34125406708269596,0.0,0.0,0.42736486486486486,0.3493495133477921,0.39454465934345445,0.5726351351351351,0.42736486486486486,0.0,0.0,0.0,,0.2
fakeddit_real_lcc,image,0.40,nfmcd_all_changes,3,1,6,0.15321615120253518,0.7911533039951755,0.3233376134169752,0.0,0.0,0.42736486486486486,0.2846283783783784,0.27808277027027023,0.5726351351351351,0.42736486486486486,0.0,0.0,0.0,,0.17
fakeddit_real_lcc,image,0.40,nfmcd_full,3,0,6,0.20143169268182803,0.7669877654837626,0.3533840714793133,0.0,0.0,0.42736486486486486,0.3524811173430178,0.39673678214011243,0.5726351351351351,0.42736486486486486,0.0,0.0,0.0,,0.22
fakeddit_real_lcc,image,0.40,spectral_graph+content,3,0,6,0.4941394985971469,0.61740541466251,0.6065691160502477,0.0,0.0,0.42736486486486486,nan,nan,nan,nan,nan,nan,nan,,0.08
fakeddit_real_lcc,image,0.40,spectral_graph+content,3,1,6,0.4941394985971469,0.61740541466251,0.6065691160502477,0.0,0.0,0.42736486486486486,nan,nan,nan,nan,nan,nan,nan,,0.08
fakeddit_real_lcc,image,0.40,nfmcd_rank16,3,0,6,0.1730301245713628,0.7324259715558314,0.31893724825833975,0.0,0.0,0.42736486486486486,0.2053856521801277,0.2937699565260894,0.5726351351351351,0.42736486486486486,0.0,0.0,0.0,,0.19
fakeddit_real_lcc,image,0.40,nfmcd_rank16,3,1,6,0.17295213862213032,0.734154993438493,0.3191278934047029,0.0,0.0,0.42736486486486486,0.20445850679545421,0.29312095475681793,0.5726351351351351,0.42736486486486486,0.0,0.0,0.0,,0.19
fakeddit_real_lcc,image,0.40,kmeans_content,3,0,6,0.11908612818106734,0.14559800366860476,0.23050151575062605,0.0,0.0,0.42736486486486486,nan,nan,nan,nan,nan,nan,nan,,0.14
fakeddit_real_lcc,image,0.40,kmeans_content,3,1,6,0.1462541525456822,0.18471179896313603,0.2571495779387197,0.0,0.0,0.42736486486486486,nan,nan,nan,nan,nan,nan,nan,,0.12
fakeddit_real_lcc,image,0.40,nfmcd_all_changes,4,1,6,0.16455382426564302,0.7698748961725808,0.31253660462427607,0.0,0.0,0.3902027027027027,0.30405405405405406,0.2868243243243243,0.6097972972972973,0.3902027027027027,0.0,0.0,0.0,,0.17
fakeddit_real_lcc,image,0.40,nfmcd_all_changes,4,0,6,0.17525843088543613,0.7343515454080056,0.32662185846978264,0.0,0.0,0.3902027027027027,0.30405405405405406,0.28682432432432436,0.6097972972972973,0.3902027027027027,0.0,0.0,0.0,,0.19
fakeddit_real_lcc,image,0.40,nfmcd_full,4,0,6,0.15503633635879832,0.7554311334658589,0.29457628789863516,0.0,0.0,0.3902027027027027,0.37371785570076904,0.4116024989905383,0.6097972972972973,0.3902027027027027,0.0,0.0,0.0,,0.25
fakeddit_real_lcc,image,0.40,nfmcd_full,4,1,6,0.16322972726953544,0.735189230488808,0.3053746090315239,0.0,0.0,0.3902027027027027,0.3730626073498917,0.4111438251449242,0.6097972972972973,0.3902027027027027,0.0,0.0,0.0,,0.27
fakeddit_real_lcc,image,0.40,spectral_graph+content,4,0,6,0.5234312119466082,0.6182565083012207,0.6180450134058382,0.0,0.0,0.3902027027027027,nan,nan,nan,nan,nan,nan,nan,,0.09
fakeddit_real_lcc,image,0.40,spectral_graph+content,4,1,6,0.5234312119466082,0.6182565083012207,0.6180450134058382,0.0,0.0,0.3902027027027027,nan,nan,nan,nan,nan,nan,nan,,0.08
fakeddit_real_lcc,image,0.40,nfmcd_rank16,4,0,6,0.1714040891468691,0.741036481059928,0.3180258903280486,0.0,0.0,0.3902027027027027,0.21299362053278026,0.29909553437294617,0.6097972972972973,0.3902027027027027,0.0,0.0,0.0,,0.16
fakeddit_real_lcc,image,0.40,kmeans_content,4,0,6,0.12541755820465084,0.1301074873142508,0.27651573016028624,0.0,0.0,0.3902027027027027,nan,nan,nan,nan,nan,nan,nan,,0.12
fakeddit_real_lcc,image,0.40,kmeans_content,4,1,6,0.12353540349947911,0.1311981510741287,0.2834946626182937,0.0,0.0,0.3902027027027027,nan,nan,nan,nan,nan,nan,nan,,0.14
fakeddit_real_lcc,image,0.40,nfmcd_rank16,4,1,6,0.1709528827916651,0.7426741207055406,0.3180860016737579,0.0,0.0,0.3902027027027027,0.21280051537962497,0.29896036076573745,0.6097972972972973,0.3902027027027027,0.0,0.0,0.0,,0.28
fakeddit_real_lcc,image,0.60,nfmcd_full,0,0,6,0.17580903373753975,0.7892097043773263,0.3525804515055944,0.0,0.0,0.652027027027027,0.211665182764441,0.29816562793510865,0.34797297297297297,0.652027027027027,0.0,0.0,0.0,,0.14
fakeddit_real_lcc,image,0.60,nfmcd_full,0,1,6,0.15342711787912955,0.7910509558896806,0.29613041793725936,0.0,0.0,0.652027027027027,0.2115685872649624,0.2980980110854736,0.34797297297297297,0.652027027027027,0.0,0.0,0.0,,0.16
fakeddit_real_lcc,image,0.60,nfmcd_all_changes,0,0,6,0.15689721847655946,0.7910509558896806,0.3026037435580013,0.0,0.0,0.652027027027027,0.17314189189189189,0.2279138513513513,0.34797297297297297,0.652027027027027,0.0,0.0,0.0,,0.12
fakeddit_real_lcc,image,0.60,nfmcd_rank16,0,0,6,0.1663619514654643,0.7699606351556928,0.3145845566722281,0.0,0.0,0.652027027027027,0.10446131858299479,0.22312292300809633,0.34797297297297297,0.652027027027027,0.0,0.0,0.0,,0.12
fakeddit_real_lcc,image,0.60,nfmcd_all_changes,0,1,6,0.21263694614011786,0.7569625248645675,0.34484238677092743,0.0,0.0,0.652027027027027,0.17314189189189189,0.2279138513513513,0.34797297297297297,0.652027027027027,0.0,0.0,0.0,,0.12
fakeddit_real_lcc,image,0.60,spectral_graph+content,0,0,6,0.4815775428259229,0.6967181132046301,0.6013981721868323,0.0,0.0,0.652027027027027,nan,nan,nan,nan,nan,nan,nan,,0.08
fakeddit_real_lcc,image,0.60,spectral_graph+content,0,1,6,0.4815775428259229,0.6967181132046301,0.6013981721868323,0.0,0.0,0.652027027027027,nan,nan,nan,nan,nan,nan,nan,,0.06
fakeddit_real_lcc,image,0.60,nfmcd_rank16,0,1,6,0.2175583519114197,0.7662884450609583,0.33939209656766905,0.0,0.0,0.652027027027027,0.10536762605825029,0.22375733824077518,0.34797297297297297,0.652027027027027,0.0,0.0,0.0,,0.11
fakeddit_real_lcc,image,0.60,kmeans_content,0,0,6,0.16527273064326542,0.14608759675629962,0.34611489538941226,0.0,0.0,0.652027027027027,nan,nan,nan,nan,nan,nan,nan,,0.16
fakeddit_real_lcc,image,0.60,kmeans_content,0,1,6,0.15152199797732724,0.16384027674517307,0.33165454099877684,0.0,0.0,0.652027027027027,nan,nan,nan,nan,nan,nan,nan,,0.12
fakeddit_real_lcc,image,0.60,nfmcd_full,1,1,6,0.16469989817123365,0.7652829314736059,0.3122396549630122,0.0,0.0,0.606418918918919,0.23901856393574714,0.3173129947550229,0.3935810810810811,0.606418918918919,0.0,0.0,0.0,,0.17
fakeddit_real_lcc,image,0.60,nfmcd_full,1,0,6,0.16469989817123365,0.7615755235100349,0.3122396549630122,0.0,0.0,0.606418918918919,0.23976596958207058,0.3178361787074494,0.3935810810810811,0.606418918918919,0.0,0.0,0.0,,0.19
fakeddit_real_lcc,image,0.60,nfmcd_all_changes,1,0,6,0.21802503874163592,0.7877267645111291,0.3993909741270258,0.0,0.0,0.606418918918919,0.19341216216216217,0.23703547297297295,0.3935810810810811,0.606418918918919,0.0,0.0,0.0,,0.14
fakeddit_real_lcc,image,0.60,nfmcd_all_changes,1,1,6,0.1654454203277228,0.7699606351556928,0.314389624898349,0.0,0.0,0.606418918918919,0.19341216216216217,0.23703547297297295,0.3935810810810811,0.606418918918919,0.0,0.0,0.0,,0.17
fakeddit_real_lcc,image,0.60,spectral_graph+content,1,0,6,0.5226564468597222,0.6166681363612097,0.6182437507824563,0.0,0.0,0.606418918918919,nan,nan,nan,nan,nan,nan,nan,,0.08
fakeddit_real_lcc,image,0.60,nfmcd_rank16,1,1,6,0.16968766034634664,0.7490007855199607,0.31731538917981444,0.0,0.0,0.606418918918919,0.12695244934580113,0.23886671454206074,0.3935810810810811,0.606418918918919,0.0,0.0,0.0,,0.12
fakeddit_real_lcc,image,0.60,nfmcd_rank16,1,0,6,0.16968766034634664,0.7490007855199607,0.3173153891798145,0.0,0.0,0.606418918918919,0.12761494527344172,0.23933046169140917,0.3935810810810811,0.606418918918919,0.0,0.0,0.0,,0.17
fakeddit_real_lcc,image,0.60,spectral_graph+content,1,1,6,0.5226564468597222,0.6166681363612097,0.6182437507824563,0.0,0.0,0.606418918918919,nan,nan,nan,nan,nan,nan,nan,,0.09
fakeddit_real_lcc,image,0.60,kmeans_content,1,0,6,0.15901962608673426,0.1683485312341455,0.29910800533512344,0.0,0.0,0.606418918918919,nan,nan,nan,nan,nan,nan,nan,,0.11
fakeddit_real_lcc,image,0.60,kmeans_content,1,1,6,0.15028996163842478,0.1451813764551623,0.27072847966362235,0.0,0.0,0.606418918918919,nan,nan,nan,nan,nan,nan,nan,,0.16
fakeddit_real_lcc,image,0.60,nfmcd_full,2,0,6,0.17444603235577194,0.7290115813912116,0.32023729940270257,0.0,0.0,0.6131756756756757,0.23492877597290354,0.3144501431810324,0.38682432432432434,0.6131756756756757,0.0,0.0,0.0,,0.17
fakeddit_real_lcc,image,0.60,nfmcd_all_changes,2,0,6,0.20501064302511174,0.7606551775846315,0.36701328409052486,0.0,0.0,0.6131756756756757,0.19087837837837837,0.23589527027027024,0.38682432432432434,0.6131756756756757,0.0,0.0,0.0,,0.16
fakeddit_real_lcc,image,0.60,nfmcd_all_changes,2,1,6,0.20501064302511174,0.7606551775846315,0.36701328409052486,0.0,0.0,0.6131756756756757,0.19087837837837837,0.23589527027027024,0.38682432432432434,0.6131756756756757,0.0,0.0,0.0,,0.12
fakeddit_real_lcc,image,0.60,nfmcd_full,2,1,6,0.17398331844629644,0.7361295143568403,0.3152138875160458,0.0,0.0,0.6131756756756757,0.23277856238360034,0.31294499366852024,0.38682432432432434,0.6131756756756757,0.0,0.0,0.0,,0.2
fakeddit_real_lcc,image,0.60,nfmcd_rank16,2,0,6,0.18899508357655082,0.7160503388045263,0.33717589965759576,0.0,0.0,0.6131756756756757,0.12217381834508419,0.23552167284155892,0.38682432432432434,0.6131756756756757,0.0,0.0,0.0,,0.12
fakeddit_real_lcc,image,0.60,spectral_graph+content,2,0,6,0.5178401411163357,0.6180382402977045,0.6164633006077607,0.0,0.0,0.6131756756756757,nan,nan,nan,nan,nan,nan,nan,,0.06
fakeddit_real_lcc,image,0.60,spectral_graph+content,2,1,6,0.5178401411163357,0.6180382402977045,0.6164633006077607,0.0,0.0,0.6131756756756757,nan,nan,nan,nan,nan,nan,nan,,0.08
fakeddit_real_lcc,image,0.60,nfmcd_rank16,2,1,6,0.21746408286671293,0.7662884450609583,0.33939209656766905,0.0,0.0,0.6131756756756757,0.12326565243397966,0.23628595670378574,0.38682432432432434,0.6131756756756757,0.0,0.0,0.0,,0.12
fakeddit_real_lcc,image,0.60,kmeans_content,2,1,6,0.07984474853946866,0.09562923453189634,0.306376978692372,0.0,0.0,0.6131756756756757,nan,nan,nan,nan,nan,nan,nan,,0.11
fakeddit_real_lcc,image,0.60,kmeans_content,2,0,6,0.13069266493192666,0.18073087973746652,0.30891380859047196,0.0,0.0,0.6131756756756757,nan,nan,nan,nan,nan,nan,nan,,0.12
fakeddit_real_lcc,image,0.60,nfmcd_full,3,0,6,0.20774958385122844,0.7535358046564797,0.3761447170404959,0.0,0.0,0.6013513513513513,0.24473193580226474,0.3213123550615853,0.39864864864864863,0.6013513513513513,0.0,0.0,0.0,,0.19
fakeddit_real_lcc,image,0.60,nfmcd_all_changes,3,0,6,0.2105948863430167,0.7683001310039427,0.37285635163362363,0.0,0.0,0.6013513513513513,0.19763513513513514,0.23893581081081078,0.39864864864864863,0.6013513513513513,0.0,0.0,0.0,,0.11
fakeddit_real_lcc,image,0.60,nfmcd_full,3,1,6,0.20896821033873603,0.7561118684614406,0.3777292960731354,0.0,0.0,0.6013513513513513,0.2460527665996321,0.32223693661974245,0.39864864864864863,0.6013513513513513,0.0,0.0,0.0,,0.19
fakeddit_real_lcc,image,0.60,nfmcd_all_changes,3,1,6,0.21580896356749202,0.7662884450609583,0.34179449897007147,0.0,0.0,0.6013513513513513,0.19763513513513514,0.23893581081081078,0.39864864864864863,0.6013513513513513,0.0,0.0,0.0,,0.16
fakeddit_real_lcc,image,0.60,spectral_graph+content,3,0,6,0.49007066392430443,0.6174616198393769,0.6043564946003971,0.0,0.0,0.6013513513513513,nan,nan,nan,nan,nan,nan,nan,,0.06
fakeddit_real_lcc,image,0.60,nfmcd_rank16,3,0,6,0.21017526371038964,0.7570835866530561,0.3708460833190075,0.0,0.0,0.6013513513513513,0.12011143228426184,0.23407800259898326,0.39864864864864863,0.6013513513513513,0.0,0.0,0.0,,0.14
fakeddit_real_lcc,image,0.60,nfmcd_rank16,3,1,6,0.2175583519114197,0.7662884450609583,0.33939209656766905,0.0,0.0,0.6013513513513513,0.12006857588910273,0.23404800312237187,0.39864864864864863,0.6013513513513513,0.0,0.0,0.0,,0.12
fakeddit_real_lcc,image,0.60,spectral_graph+content,3,1,6,0.49007066392430443,0.6174616198393769,0.6043564946003971,0.0,0.0,0.6013513513513513,nan,nan,nan,nan,nan,nan,nan,,0.06
fakeddit_real_lcc,image,0.60,kmeans_content,3,0,6,0.12467508940224747,0.13138288602325854,0.28643407173123686,0.0,0.0,0.6013513513513513,nan,nan,nan,nan,nan,nan,nan,,0.11
fakeddit_real_lcc,image,0.60,kmeans_content,3,1,6,0.15447855384505793,0.17568131593592765,0.2977504902316859,0.0,0.0,0.6013513513513513,nan,nan,nan,nan,nan,nan,nan,,0.12
fakeddit_real_lcc,image,0.60,nfmcd_full,4,0,6,0.17044792376697493,0.7453574296545369,0.3215324075848576,0.0,0.0,0.5912162162162162,0.24977287415224048,0.32484101190656833,0.40878378378378377,0.5912162162162162,0.0,0.0,0.0,,0.16
fakeddit_real_lcc,image,0.60,nfmcd_full,4,1,6,0.15259870039933698,0.7910509558896806,0.2972874697799922,0.0,0.0,0.5912162162162162,0.2477037595279108,0.3233926316695375,0.40878378378378377,0.5912162162162162,0.0,0.0,0.0,,0.2
fakeddit_real_lcc,image,0.60,nfmcd_all_changes,4,0,6,0.22235619404996054,0.7877267645111291,0.40203758917355126,0.0,0.0,0.5912162162162162,0.20354729729729729,0.24159628378378376,0.40878378378378377,0.5912162162162162,0.0,0.0,0.0,,0.17
fakeddit_real_lcc,image,0.60,nfmcd_all_changes,4,1,6,0.2163006757131578,0.7686022433030404,0.37143998181647825,0.0,0.0,0.5912162162162162,0.20354729729729729,0.24159628378378376,0.40878378378378377,0.5912162162162162,0.0,0.0,0.0,,0.14
fakeddit_real_lcc,image,0.60,spectral_graph+content,4,0,6,0.5144811640454141,0.6177215651387569,0.6138372182586677,0.0,0.0,0.5912162162162162,nan,nan,nan,nan,nan,nan,nan,,0.06
fakeddit_real_lcc,image,0.60,nfmcd_rank16,4,0,6,0.17006787436216508,0.7455829849177859,0.31742619433174263,0.0,0.0,0.5912162162162162,0.13191527453043542,0.2423406921713048,0.40878378378378377,0.5912162162162162,0.0,0.0,0.0,,0.16
fakeddit_real_lcc,image,0.60,spectral_graph+content,4,1,6,0.5144811640454141,0.6177215651387569,0.6138372182586677,0.0,0.0,0.5912162162162162,nan,nan,nan,nan,nan,nan,nan,,0.06
fakeddit_real_lcc,image,0.60,nfmcd_rank16,4,1,6,0.21768544255204436,0.7686022433030404,0.37432532031542176,0.0,0.0,0.5912162162162162,0.13190242029968238,0.24233169420977765,0.40878378378378377,0.5912162162162162,0.0,0.0,0.0,,0.14
fakeddit_real_lcc,image,0.60,kmeans_content,4,0,6,0.028799243013316156,0.1486887403943569,0.21837594115707723,0.0,0.0,0.5912162162162162,nan,nan,nan,nan,nan,nan,nan,,0.14
fakeddit_real_lcc,image,0.60,kmeans_content,4,1,6,0.1553930675623656,0.17511082843539116,0.28444438091475815,0.0,0.0,0.5912162162162162,nan,nan,nan,nan,nan,nan,nan,,0.14
fakeddit_real_lcc,image,0.80,nfmcd_full,0,1,6,0.16946463599709805,0.7699606351556928,0.31388223429769335,0.0,0.0,0.8412162162162162,0.08575584181038569,0.21002908926726993,0.15878378378378377,0.8412162162162162,0.0,0.0,0.0,,0.11
fakeddit_real_lcc,image,0.80,nfmcd_full,0,0,6,0.22122426133669304,0.7877267645111291,0.40279727071976085,0.0,0.0,0.8412162162162162,0.08589705506378452,0.21012793854464915,0.15878378378378377,0.8412162162162162,0.0,0.0,0.0,,0.12
fakeddit_real_lcc,image,0.80,nfmcd_all_changes,0,0,6,0.22394351366058118,0.7877267645111291,0.4022011660546854,0.0,0.0,0.8412162162162162,0.07601351351351351,0.18420608108108105,0.15878378378378377,0.8412162162162162,0.0,0.0,0.0,,0.06
fakeddit_real_lcc,image,0.80,nfmcd_rank16,0,1,6,0.16698665182560135,0.7699606351556928,0.31528685197884,0.0,0.0,0.8412162162162162,0.04365031181226733,0.18055521826858714,0.15878378378378377,0.8412162162162162,0.0,0.0,0.0,,0.08
fakeddit_real_lcc,image,0.80,nfmcd_rank16,0,0,6,0.16823880100775268,0.7588384112649795,0.31639030274627605,0.0,0.0,0.8412162162162162,0.043465439962953455,0.18042580797406738,0.15878378378378377,0.8412162162162162,0.0,0.0,0.0,,0.11
fakeddit_real_lcc,image,0.80,nfmcd_all_changes,0,1,6,0.16698665182560135,0.7699606351556928,0.31528685197884,0.0,0.0,0.8412162162162162,0.07601351351351351,0.18420608108108105,0.15878378378378377,0.8412162162162162,0.0,0.0,0.0,,0.11
fakeddit_real_lcc,image,0.80,spectral_graph+content,0,0,6,0.4920514620204416,0.6178447431474721,0.6042369451177095,0.0,0.0,0.8412162162162162,nan,nan,nan,nan,nan,nan,nan,,0.08
fakeddit_real_lcc,image,0.80,spectral_graph+content,0,1,6,0.4920514620204416,0.6178447431474721,0.6042369451177095,0.0,0.0,0.8412162162162162,nan,nan,nan,nan,nan,nan,nan,,0.08
fakeddit_real_lcc,image,0.80,kmeans_content,0,0,6,0.16756115477374633,0.2267915147987164,0.33459823619401946,0.0,0.0,0.8412162162162162,nan,nan,nan,nan,nan,nan,nan,,0.14
fakeddit_real_lcc,image,0.80,nfmcd_full,1,0,6,0.20519163268897933,0.7535103866945317,0.364852851168896,0.0,0.0,0.7736486486486487,0.12639686187643018,0.2384778033135011,0.22635135135135134,0.7736486486486487,0.0,0.0,0.0,,0.12
fakeddit_real_lcc,image,0.80,nfmcd_full,1,1,6,0.21590755667885175,0.7662884450609583,0.3367744737893991,0.0,0.0,0.7736486486486487,0.12484400570657142,0.23739080399459994,0.22635135135135134,0.7736486486486487,0.0,0.0,0.0,,0.11
fakeddit_real_lcc,image,0.80,kmeans_content,0,1,6,0.1856462338506082,0.19695923988447608,0.31591990947908144,0.0,0.0,0.8412162162162162,nan,nan,nan,nan,nan,nan,nan,,0.17
fakeddit_real_lcc,image,0.80,nfmcd_all_changes,1,0,6,0.22394351366058118,0.7877267645111291,0.4022011660546854,0.0,0.0,0.7736486486486487,0.10810810810810811,0.19864864864864865,0.22635135135135134,0.7736486486486487,0.0,0.0,0.0,,0.08
fakeddit_real_lcc,image,0.80,nfmcd_rank16,1,0,6,0.16596927001053152,0.7699606351556928,0.3140479370075307,0.0,0.0,0.7736486486486487,0.06057762820878065,0.19240433974614643,0.22635135135135134,0.7736486486486487,0.0,0.0,0.0,,0.08
fakeddit_real_lcc,image,0.80,nfmcd_all_changes,1,1,6,0.23022804285562692,0.800694804653693,0.3586179176959185,0.0,0.0,0.7736486486486487,0.10810810810810811,0.19864864864864865,0.22635135135135134,0.7736486486486487,0.0,0.0,0.0,,0.11
fakeddit_real_lcc,image,0.80,spectral_graph+content,1,0,6,0.49094017325084804,0.678661029802199,0.6143726043391325,0.0,0.0,0.7736486486486487,nan,nan,nan,nan,nan,nan,nan,,0.08
fakeddit_real_lcc,image,0.80,nfmcd_rank16,1,1,6,0.1657857301646457,0.7151088831451291,0.26093109952869037,0.0,0.0,0.7736486486486487,0.060823083345595816,0.19257615834191702,0.22635135135135134,0.7736486486486487,0.0,0.0,0.0,,0.12
fakeddit_real_lcc,image,0.80,spectral_graph+content,1,1,6,0.49094017325084804,0.678661029802199,0.6143726043391325,0.0,0.0,0.7736486486486487,nan,nan,nan,nan,nan,nan,nan,,0.08
fakeddit_real_lcc,image,0.80,nfmcd_full,2,0,6,0.17391132137854626,0.7361295143568403,0.31990342365200375,0.0,0.0,0.8108108108108109,0.10638614037188235,0.22447029826031767,0.1891891891891892,0.8108108108108109,0.0,0.0,0.0,,0.11
fakeddit_real_lcc,image,0.80,kmeans_content,1,0,6,0.14071772163105334,0.19169741278144084,0.3132740934163331,0.0,0.0,0.7736486486486487,nan,nan,nan,nan,nan,nan,nan,,0.17
fakeddit_real_lcc,image,0.80,nfmcd_full,2,1,6,0.21754788424484284,0.7662884450609583,0.33919932919932916,0.0,0.0,0.8108108108108109,0.10748092182467386,0.22523664527727166,0.1891891891891892,0.8108108108108109,0.0,0.0,0.0,,0.11
fakeddit_real_lcc,image,0.80,kmeans_content,1,1,6,0.14795916066774684,0.1928319166958711,0.32058488518864336,0.0,0.0,0.7736486486486487,nan,nan,nan,nan,nan,nan,nan,,0.17
fakeddit_real_lcc,image,0.80,nfmcd_all_changes,2,0,6,0.21751675123407788,0.7686022433030404,0.37281489798012674,0.0,0.0,0.8108108108108109,0.09037162162162163,0.19066722972972971,0.1891891891891892,0.8108108108108109,0.0,0.0,0.0,,0.09
fakeddit_real_lcc,image,0.80,nfmcd_all_changes,2,1,6,0.21703240245359878,0.7662884450609583,0.34317414913020944,0.0,0.0,0.8108108108108109,0.09037162162162163,0.19066722972972971,0.1891891891891892,0.8108108108108109,0.0,0.0,0.0,,0.09
fakeddit_real_lcc,image,0.80,nfmcd_rank16,2,0,6,0.20750783216943736,0.7285884131334329,0.35549498757222836,0.0,0.0,0.8108108108108109,0.048419786902561525,0.18389385083179305,0.1891891891891892,0.8108108108108109,0.0,0.0,0.0,,0.11
fakeddit_real_lcc,image,0.80,nfmcd_rank16,2,1,6,0.1664734903181495,0.7699606351556928,0.31466306262265625,0.0,0.0,0.8108108108108109,0.04912570398170368,0.18438799278719253,0.1891891891891892,0.8108108108108109,0.0,0.0,0.0,,0.08
fakeddit_real_lcc,image,0.80,spectral_graph+content,2,0,6,0.5019972806184325,0.7092814772397134,0.6130030592634621,0.0,0.0,0.8108108108108109,nan,nan,nan,nan,nan,nan,nan,,0.08
fakeddit_real_lcc,image,0.80,spectral_graph+content,2,1,6,0.5019972806184325,0.7092814772397134,0.6130030592634621,0.0,0.0,0.8108108108108109,nan,nan,nan,nan,nan,nan,nan,,0.06
fakeddit_real_lcc,image,0.80,nfmcd_full,3,1,6,0.16116335289580652,0.7151088831451291,0.29607477841474833,0.0,0.0,0.7888513513513513,0.12122505983508623,0.2348575418845603,0.21114864864864866,0.7888513513513513,0.0,0.0,0.0,,0.09
fakeddit_real_lcc,image,0.80,kmeans_content,2,0,6,0.19207441336253273,0.2024215715667029,0.3030763965879278,0.0,0.0,0.8108108108108109,nan,nan,nan,nan,nan,nan,nan,,0.16
fakeddit_real_lcc,image,0.80,nfmcd_full,3,0,6,0.21729342140113483,0.7686022433030404,0.3732284934610192,0.0,0.0,0.7888513513513513,0.12186061296556949,0.23530242907589863,0.21114864864864866,0.7888513513513513,0.0,0.0,0.0,,0.11
fakeddit_real_lcc,image,0.80,kmeans_content,2,1,6,0.1808602871621121,0.21038605675077693,0.31040147221552017,0.0,0.0,0.8108108108108109,nan,nan,nan,nan,nan,nan,nan,,0.19
fakeddit_real_lcc,image,0.80,nfmcd_all_changes,3,0,6,0.15571749879781693,0.7908568116307837,0.3212805684165305,0.0,0.0,0.7888513513513513,0.09966216216216216,0.19484797297297293,0.21114864864864866,0.7888513513513513,0.0,0.0,0.0,,0.12
fakeddit_real_lcc,image,0.80,nfmcd_rank16,3,0,6,0.21690327448983604,0.7686022433030404,0.3721225643090697,0.0,0.0,0.7888513513513513,0.05502082266177167,0.18851457586324016,0.21114864864864866,0.7888513513513513,0.0,0.0,0.0,,0.11
fakeddit_real_lcc,image,0.80,nfmcd_rank16,3,1,6,0.21851759341000254,0.7662884450609583,0.34199291166848417,0.0,0.0,0.7888513513513513,0.055096555401024094,0.18856758878071683,0.21114864864864866,0.7888513513513513,0.0,0.0,0.0,,0.08
fakeddit_real_lcc,image,0.80,nfmcd_all_changes,3,1,6,0.2160074757688908,0.7662884450609583,0.3430727683899339,0.0,0.0,0.7888513513513513,0.09966216216216216,0.1948479729729729,0.21114864864864866,0.7888513513513513,0.0,0.0,0.0,,0.14
fakeddit_real_lcc,image,0.80,spectral_graph+content,3,0,6,0.49517780047886384,0.6786679497840412,0.5918416458371644,0.0,0.0,0.7888513513513513,nan,nan,nan,nan,nan,nan,nan,,0.08
fakeddit_real_lcc,image,0.80,spectral_graph+content,3,1,6,0.49517780047886384,0.6786679497840412,0.5918416458371644,0.0,0.0,0.7888513513513513,nan,nan,nan,nan,nan,nan,nan,,0.08
fakeddit_real_lcc,image,0.80,kmeans_content,3,0,6,0.1322197218647181,0.21827682401539417,0.33465709435206864,0.0,0.0,0.7888513513513513,nan,nan,nan,nan,nan,nan,nan,,0.17
fakeddit_real_lcc,image,0.80,nfmcd_full,4,1,6,0.1883701941610083,0.7283598147105196,0.3478131509061237,0.0,0.0,0.7804054054054054,0.12629983373497933,0.2384098836144855,0.2195945945945946,0.7804054054054054,0.0,0.0,0.0,,0.12
fakeddit_real_lcc,image,0.80,nfmcd_full,4,0,6,0.1716490749415147,0.7424313558497067,0.32150657089810597,0.0,0.0,0.7804054054054054,0.12537024581478126,0.23775917207034689,0.2195945945945946,0.7804054054054054,0.0,0.0,0.0,,0.14
fakeddit_real_lcc,image,0.80,kmeans_content,3,1,6,0.14324082340908917,0.23476949598781552,0.3340495197299817,0.0,0.0,0.7888513513513513,nan,nan,nan,nan,nan,nan,nan,,0.19
fakeddit_real_lcc,image,0.80,nfmcd_rank16,4,0,6,0.1664734903181495,0.7699606351556928,0.3146630626226563,0.0,0.0,0.7804054054054054,0.05212692380423753,0.18648884666296625,0.2195945945945946,0.7804054054054054,0.0,0.0,0.0,,0.08
fakeddit_real_lcc,image,0.80,nfmcd_rank16,4,1,6,0.1664734903181495,0.7699606351556928,0.31466306262265625,0.0,0.0,0.7804054054054054,0.0523639970313792,0.18665479792196543,0.2195945945945946,0.7804054054054054,0.0,0.0,0.0,,0.09
fakeddit_real_lcc,image,0.80,nfmcd_all_changes,4,0,6,0.16907792994924098,0.7552016955506242,0.31880781444565404,0.0,0.0,0.7804054054054054,0.10726351351351351,0.19826858108108103,0.2195945945945946,0.7804054054054054,0.0,0.0,0.0,,0.12
fakeddit_real_lcc,image,0.80,nfmcd_all_changes,4,1,6,0.20294582838127728,0.794452322263706,0.30626841781577946,0.0,0.0,0.7804054054054054,0.10726351351351351,0.19826858108108103,0.2195945945945946,0.7804054054054054,0.0,0.0,0.0,,0.12
fakeddit_real_lcc,image,0.80,spectral_graph+content,4,0,6,0.5145173713275419,0.7113002813780047,0.6498287482366073,0.0,0.0,0.7804054054054054,nan,nan,nan,nan,nan,nan,nan,,0.08
fakeddit_real_lcc,image,0.80,spectral_graph+content,4,1,6,0.5185614393566751,0.6936966812338407,0.5994141613004662,0.0,0.0,0.7804054054054054,nan,nan,nan,nan,nan,nan,nan,,0.08
fakeddit_real_lcc,image,0.80,kmeans_content,4,1,6,0.18705077956289617,0.1697463442470483,0.2943016840751007,0.0,0.0,0.7804054054054054,nan,nan,nan,nan,nan,nan,nan,,0.14
fakeddit_real_lcc,image,0.80,kmeans_content,4,0,6,0.1802291252038366,0.17242650509984006,0.2999704881978346,0.0,0.0,0.7804054054054054,nan,nan,nan,nan,nan,nan,nan,,0.19
fakeddit_real_lcc,text,0.10,nfmcd_all_changes,0,1,6,0.21249413132458783,0.7669352505752243,0.3730151434926779,0.0016891891891891893,0.08952702702702703,0.010135135135135136,0.4510135135135135,0.35295608108108106,0.902027027027027,0.008445945945945946,0.08783783783783784,0.0016891891891891893,0.0,,0.2
fakeddit_real_lcc,text,0.10,nfmcd_all_changes,0,0,6,0.15647751404871002,0.7826197771028959,0.30889573690849437,0.0016891891891891893,0.08952702702702703,0.010135135135135136,0.4510135135135135,0.35295608108108106,0.902027027027027,0.008445945945945946,0.08783783783783784,0.0016891891891891893,0.0,,0.25
fakeddit_real_lcc,text,0.10,nfmcd_full,0,0,6,0.14647166964400937,0.6037641832956395,0.3288185170423072,0.0016891891891891893,0.08952702702702703,0.010135135135135136,0.5516724597217953,0.5361707218052568,0.902027027027027,0.008445945945945946,0.08783783783783784,0.0016891891891891893,0.0,,0.38
fakeddit_real_lcc,text,0.10,spectral_graph+content,0,0,6,0.5282101467983953,0.6194353887125198,0.6205052159312984,0.0016891891891891893,0.08952702702702703,0.010135135135135136,nan,nan,nan,nan,nan,nan,nan,,0.06
fakeddit_real_lcc,text,0.10,spectral_graph+content,0,1,6,0.5282101467983953,0.6194353887125198,0.6205052159312984,0.0016891891891891893,0.08952702702702703,0.010135135135135136,nan,nan,nan,nan,nan,nan,nan,,0.06
fakeddit_real_lcc,text,0.10,nfmcd_full,0,1,6,0.14254184573597106,0.6077564589868767,0.32371816200562115,0.0016891891891891893,0.08952702702702703,0.010135135135135136,0.5533662755443034,0.5373563928810124,0.902027027027027,0.008445945945945946,0.08783783783783784,0.0016891891891891893,0.0,,0.5
fakeddit_real_lcc,text,0.10,nfmcd_rank16,0,0,6,0.1931380007177721,0.7176162543249449,0.3427855873682539,0.0016891891891891893,0.08952702702702703,0.010135135135135136,0.34181710935523757,0.38927197654866624,0.902027027027027,0.008445945945945946,0.08783783783783784,0.0016891891891891893,0.0,,0.22
fakeddit_real_lcc,text,0.10,nfmcd_rank16,0,1,6,0.19577212892374596,0.7168631247762738,0.34551950735809894,0.0016891891891891893,0.08952702702702703,0.010135135135135136,0.3416686640300681,0.38916806482104765,0.902027027027027,0.008445945945945946,0.08783783783783784,0.0016891891891891893,0.0,,0.23
fakeddit_real_lcc,text,0.10,kmeans_content,0,0,6,0.21338972432017855,0.2912630617863667,0.33920165008413355,0.0016891891891891893,0.08952702702702703,0.010135135135135136,nan,nan,nan,nan,nan,nan,nan,,0.14
fakeddit_real_lcc,text,0.10,kmeans_content,0,1,6,0.20479628028580477,0.3105677648637042,0.31323653672178303,0.0016891891891891893,0.08952702702702703,0.010135135135135136,nan,nan,nan,nan,nan,nan,nan,,0.14
fakeddit_real_lcc,text,0.10,nfmcd_all_changes,1,0,6,0.15723232253859065,0.7624548217588154,0.3164261339773305,0.0,0.08277027027027027,0.010135135135135136,0.4527027027027027,0.3537162162162162,0.9070945945945946,0.010135135135135136,0.08277027027027027,0.0,0.0,,0.2
fakeddit_real_lcc,text,0.10,nfmcd_all_changes,1,1,6,0.2111650891865069,0.7681100501210729,0.37183266900923256,0.0,0.08277027027027027,0.010135135135135136,0.4527027027027027,0.3537162162162162,0.9070945945945946,0.010135135135135136,0.08277027027027027,0.0,0.0,,0.23
fakeddit_real_lcc,text,0.10,nfmcd_full,1,0,6,0.15374355164717612,0.7282910346382577,0.3124797239002987,0.0,0.08277027027027027,0.010135135135135136,0.547816444678573,0.5334715112750011,0.9070945945945946,0.010135135135135136,0.08277027027027027,0.0,0.0,,0.39
fakeddit_real_lcc,text,0.10,spectral_graph+content,1,0,6,0.5227766958073978,0.6186289805504904,0.6185039315384402,0.0,0.08277027027027027,0.010135135135135136,nan,nan,nan,nan,nan,nan,nan,,0.06
fakeddit_real_lcc,text,0.10,nfmcd_full,1,1,6,0.14843013503462066,0.6098454948195686,0.32749004665827036,0.0,0.08277027027027027,0.010135135135135136,0.5512838082271901,0.5358986657590331,0.9070945945945946,0.010135135135135136,0.08277027027027027,0.0,0.0,,0.44
fakeddit_real_lcc,text,0.10,spectral_graph+content,1,1,6,0.5227766958073978,0.6186289805504904,0.6185039315384402,0.0,0.08277027027027027,0.010135135135135136,nan,nan,nan,nan,nan,nan,nan,,0.06
fakeddit_real_lcc,text,0.10,nfmcd_rank16,1,0,6,0.1747819122949159,0.7228991561831274,0.32810400345879337,0.0,0.08277027027027027,0.010135135135135136,0.3335025404331812,0.38345177830322685,0.9070945945945946,0.010135135135135136,0.08277027027027027,0.0,0.0,,0.25
fakeddit_real_lcc,text,0.10,nfmcd_rank16,1,1,6,0.17671215375136018,0.718660034770606,0.329414725867581,0.0,0.08277027027027027,0.010135135135135136,0.3294273701931629,0.380599159135214,0.9070945945945946,0.010135135135135136,0.08277027027027027,0.0,0.0,,0.25
fakeddit_real_lcc,text,0.10,kmeans_content,1,0,6,0.21867311351521734,0.34576578903457694,0.3331259993994077,0.0,0.08277027027027027,0.010135135135135136,nan,nan,nan,nan,nan,nan,nan,,0.12
fakeddit_real_lcc,text,0.10,kmeans_content,1,1,6,0.18172668004775372,0.26735875696185446,0.30005053335907445,0.0,0.08277027027027027,0.010135135135135136,nan,nan,nan,nan,nan,nan,nan,,0.14
fakeddit_real_lcc,text,0.10,nfmcd_all_changes,2,0,6,0.19146274115285644,0.7323180559839007,0.35315888221159936,0.0033783783783783786,0.1097972972972973,0.010135135135135136,0.4408783783783784,0.34839527027027023,0.8834459459459459,0.006756756756756757,0.10641891891891891,0.0033783783783783786,0.0,,0.25
fakeddit_real_lcc,text,0.10,nfmcd_all_changes,2,1,6,0.21109204482683608,0.7659491502478001,0.36930718143461533,0.0033783783783783786,0.1097972972972973,0.010135135135135136,0.4408783783783784,0.3483952702702703,0.8834459459459459,0.006756756756756757,0.10641891891891891,0.0033783783783783786,0.0,,0.25
fakeddit_real_lcc,text,0.10,nfmcd_full,2,0,6,0.1501155233878555,0.5802194260365349,0.3301687979592409,0.0033783783783783786,0.1097972972972973,0.010135135135135136,0.540748465088813,0.5285239255621692,0.8834459459459459,0.006756756756756757,0.10641891891891891,0.0033783783783783786,0.0,,0.41
fakeddit_real_lcc,text,0.10,nfmcd_full,2,1,6,0.15156487581353262,0.7127033878563774,0.3134760262629512,0.0033783783783783786,0.1097972972972973,0.010135135135135136,0.53516687000294,0.5246168090020579,0.8834459459459459,0.006756756756756757,0.10641891891891891,0.0033783783783783786,0.0,,0.42
fakeddit_real_lcc,text,0.10,nfmcd_rank16,2,0,6,0.17482737302373264,0.7183186645458759,0.3263723820688771,0.0033783783783783786,0.1097972972972973,0.010135135135135136,0.33322038313592284,0.38325426819514596,0.8834459459459459,0.006756756756756757,0.10641891891891891,0.0033783783783783786,0.0,,0.19
fakeddit_real_lcc,text,0.10,spectral_graph+content,2,0,6,0.5233165874886836,0.6178224907711519,0.6177850643979677,0.0033783783783783786,0.1097972972972973,0.010135135135135136,nan,nan,nan,nan,nan,nan,nan,,0.09
fakeddit_real_lcc,text,0.10,spectral_graph+content,2,1,6,0.5233165874886836,0.6178224907711519,0.6177850643979677,0.0033783783783783786,0.1097972972972973,0.010135135135135136,nan,nan,nan,nan,nan,nan,nan,,0.06
fakeddit_real_lcc,text,0.10,kmeans_content,2,0,6,0.17526720151139308,0.27627057425157425,0.37374728757032744,0.0033783783783783786,0.1097972972972973,0.010135135135135136,nan,nan,nan,nan,nan,nan,nan,,0.12
fakeddit_real_lcc,text,0.10,nfmcd_rank16,2,1,6,0.17821898818395843,0.7162347647738435,0.3327630150915561,0.0033783783783783786,0.1097972972972973,0.010135135135135136,0.33316577299679073,0.3832160410977535,0.8834459459459459,0.006756756756756757,0.10641891891891891,0.0033783783783783786,0.0,,0.25
fakeddit_real_lcc,text,0.10,kmeans_content,2,1,6,0.1814758099976166,0.23754198350651765,0.31598272094825897,0.0033783783783783786,0.1097972972972973,0.010135135135135136,nan,nan,nan,nan,nan,nan,nan,,0.14
fakeddit_real_lcc,text,0.10,nfmcd_all_changes,3,0,6,0.15171475641063537,0.751624916090119,0.32119101786944854,0.0016891891891891893,0.09966216216216216,0.010135135135135136,0.44594594594594594,0.3506756756756756,0.8918918918918919,0.008445945945945946,0.09797297297297297,0.0016891891891891893,0.0,,0.19
fakeddit_real_lcc,text,0.10,nfmcd_all_changes,3,1,6,0.15993175554503825,0.7637011180673544,0.32153447507470573,0.0016891891891891893,0.09966216216216216,0.010135135135135136,0.44594594594594594,0.3506756756756756,0.8918918918918919,0.008445945945945946,0.09797297297297297,0.0016891891891891893,0.0,,0.22
fakeddit_real_lcc,text,0.10,nfmcd_full,3,0,6,0.1742564806160154,0.6546929060718509,0.24551613592174248,0.0016891891891891893,0.09966216216216216,0.010135135135135136,0.5497548131883392,0.5348283692318374,0.8918918918918919,0.008445945945945946,0.09797297297297297,0.0016891891891891893,0.0,,0.39
fakeddit_real_lcc,text,0.10,spectral_graph+content,3,0,6,0.5227766958073978,0.6186289805504904,0.6185039315384402,0.0016891891891891893,0.09966216216216216,0.010135135135135136,nan,nan,nan,nan,nan,nan,nan,,0.06
fakeddit_real_lcc,text,0.10,nfmcd_rank16,3,0,6,0.18830857416448155,0.7093536094514522,0.3323518611491519,0.0016891891891891893,0.09966216216216216,0.010135135135135136,0.33792465042886005,0.38654725530020195,0.8918918918918919,0.008445945945945946,0.09797297297297297,0.0016891891891891893,0.0,,0.2
fakeddit_real_lcc,text,0.10,nfmcd_full,3,1,6,0.1351150187501956,0.5801284635456464,0.31644155645042127,0.0016891891891891893,0.09966216216216216,0.010135135135135136,0.5471525178286071,0.533006762480025,0.8918918918918919,0.008445945945945946,0.09797297297297297,0.0016891891891891893,0.0,,0.42
fakeddit_real_lcc,text,0.10,spectral_graph+content,3,1,6,0.5227766958073978,0.6186289805504904,0.6185039315384402,0.0016891891891891893,0.09966216216216216,0.010135135135135136,nan,nan,nan,nan,nan,nan,nan,,0.08
fakeddit_real_lcc,text,0.10,nfmcd_rank16,3,1,6,0.18404055063056668,0.7114386518658107,0.33602970879101246,0.0016891891891891893,0.09966216216216216,0.010135135135135136,0.3395001200623099,0.38765008404361695,0.8918918918918919,0.008445945945945946,0.09797297297297297,0.0016891891891891893,0.0,,0.23
fakeddit_real_lcc,text,0.10,kmeans_content,3,0,6,0.2113013052275179,0.31570428024837455,0.3177115230387868,0.0016891891891891893,0.09966216216216216,0.010135135135135136,nan,nan,nan,nan,nan,nan,nan,,0.14
fakeddit_real_lcc,text,0.10,kmeans_content,3,1,6,0.20641649752815983,0.2782406586861962,0.28636176214994613,0.0016891891891891893,0.09966216216216216,0.010135135135135136,nan,nan,nan,nan,nan,nan,nan,,0.14
fakeddit_real_lcc,text,0.10,nfmcd_all_changes,4,0,6,0.15375869490832295,0.754408620159002,0.32270679577562844,0.0,0.0945945945945946,0.010135135135135136,0.44763513513513514,0.35143581081081077,0.8952702702702703,0.010135135135135136,0.0945945945945946,0.0,0.0,,0.23
fakeddit_real_lcc,text,0.10,nfmcd_all_changes,4,1,6,0.2084365475721739,0.7670210245371829,0.3656197338989036,0.0,0.0945945945945946,0.010135135135135136,0.44763513513513514,0.35143581081081077,0.8952702702702703,0.010135135135135136,0.0945945945945946,0.0,0.0,,0.25
fakeddit_real_lcc,text,0.10,nfmcd_full,4,0,6,0.13995040228435573,0.5932015509947104,0.32664012654377855,0.0,0.0945945945945946,0.010135135135135136,0.5393069920387153,0.5275148944271008,0.8952702702702703,0.010135135135135136,0.0945945945945946,0.0,0.0,,0.39
fakeddit_real_lcc,text,0.10,nfmcd_full,4,1,6,0.1436834707106126,0.6106100799405397,0.32699421699834075,0.0,0.0945945945945946,0.010135135135135136,0.5373086467087308,0.5261160526961116,0.8952702702702703,0.010135135135135136,0.0945945945945946,0.0,0.0,,0.41
fakeddit_real_lcc,text,0.10,spectral_graph+content,4,0,6,0.5227766958073978,0.6186289805504904,0.6185039315384402,0.0,0.0945945945945946,0.010135135135135136,nan,nan,nan,nan,nan,nan,nan,,0.08
fakeddit_real_lcc,text,0.10,nfmcd_rank16,4,0,6,0.18208913930950066,0.7119784162793139,0.3352081827187338,0.0,0.0945945945945946,0.010135135135135136,0.3307692247622303,0.3815384573335612,0.8952702702702703,0.010135135135135136,0.0945945945945946,0.0,0.0,,0.19
fakeddit_real_lcc,text,0.10,spectral_graph+content,4,1,6,0.5227766958073978,0.6186289805504904,0.6185039315384402,0.0,0.0945945945945946,0.010135135135135136,nan,nan,nan,nan,nan,nan,nan,,0.09
fakeddit_real_lcc,text,0.10,kmeans_content,4,1,6,0.19051166607773973,0.2610739035288771,0.322012454261341,0.0,0.0945945945945946,0.010135135135135136,nan,nan,nan,nan,nan,nan,nan,,0.09
fakeddit_real_lcc,text,0.10,nfmcd_rank16,4,1,6,0.1868286918189075,0.7183867217219723,0.3430787502315218,0.0,0.0945945945945946,0.010135135135135136,0.3313342943793629,0.381934006065554,0.8952702702702703,0.010135135135135136,0.0945945945945946,0.0,0.0,,0.24
fakeddit_real_lcc,text,0.10,kmeans_content,4,0,6,0.2273423717757863,0.3041496653439649,0.3311190245040207,0.0,0.0945945945945946,0.010135135135135136,nan,nan,nan,nan,nan,nan,nan,,0.12
fakeddit_real_lcc,text,0.20,nfmcd_all_changes,0,0,6,0.15263883811157974,0.7650005297546336,0.3219749061471387,0.0016891891891891893,0.20777027027027026,0.010135135135135136,0.3902027027027027,0.32559121621621623,0.7837837837837838,0.008445945945945946,0.20608108108108109,0.0016891891891891893,0.0,,0.22
fakeddit_real_lcc,text,0.20,nfmcd_all_changes,0,1,6,0.211675071680141,0.7658766157793239,0.37055356872936746,0.0016891891891891893,0.20777027027027026,0.010135135135135136,0.3902027027027027,0.32559121621621623,0.7837837837837838,0.008445945945945946,0.20608108108108109,0.0016891891891891893,0.0,,0.26
fakeddit_real_lcc,text,0.20,nfmcd_full,0,0,6,0.14719229050358584,0.6224383693416659,0.3291095431963175,0.0016891891891891893,0.20777027027027026,0.010135135135135136,0.4771755063600389,0.4840228544520272,0.7837837837837838,0.008445945945945946,0.20608108108108109,0.0016891891891891893,0.0,,0.36
fakeddit_real_lcc,text,0.20,spectral_graph+content,0,0,6,0.5282101467983953,0.6194353887125198,0.6205052159312984,0.0016891891891891893,0.20777027027027026,0.010135135135135136,nan,nan,nan,nan,nan,nan,nan,,0.09
fakeddit_real_lcc,text,0.20,nfmcd_full,0,1,6,0.1487758994826347,0.7255270469793078,0.31099825853693425,0.0016891891891891893,0.20777027027027026,0.010135135135135136,0.48095148173055324,0.4866660372113873,0.7837837837837838,0.008445945945945946,0.20608108108108109,0.0016891891891891893,0.0,,0.42
fakeddit_real_lcc,text,0.20,nfmcd_rank16,0,0,6,0.18643422512369356,0.7115488702118171,0.33829962455306456,0.0016891891891891893,0.20777027027027026,0.010135135135135136,0.299061903806375,0.35934333266446244,0.7837837837837838,0.008445945945945946,0.20608108108108109,0.0016891891891891893,0.0,,0.2
fakeddit_real_lcc,text,0.20,spectral_graph+content,0,1,6,0.5282101467983953,0.6194353887125198,0.6205052159312984,0.0016891891891891893,0.20777027027027026,0.010135135135135136,nan,nan,nan,nan,nan,nan,nan,,0.05
fakeddit_real_lcc,text,0.20,nfmcd_rank16,0,1,6,0.1842110997416916,0.711742548086091,0.3360149497620255,0.0016891891891891893,0.20777027027027026,0.010135135135135136,0.2971151588832656,0.35798061121828595,0.7837837837837838,0.008445945945945946,0.20608108108108109,0.0016891891891891893,0.0,,0.22
fakeddit_real_lcc,text,0.20,kmeans_content,0,0,6,0.17868928605647083,0.2468142578116597,0.33724876166795953,0.0016891891891891893,0.20777027027027026,0.010135135135135136,nan,nan,nan,nan,nan,nan,nan,,0.12
fakeddit_real_lcc,text,0.20,kmeans_content,0,1,6,0.18022734904817184,0.2469107527901373,0.3032542086973575,0.0016891891891891893,0.20777027027027026,0.010135135135135136,nan,nan,nan,nan,nan,nan,nan,,0.14
fakeddit_real_lcc,text,0.20,nfmcd_all_changes,1,0,6,0.2125791521804038,0.7846644830771815,0.3954772272986644,0.0033783783783783786,0.19425675675675674,0.010135135135135136,0.3969594594594595,0.3286317567567567,0.7989864864864865,0.006756756756756757,0.19087837837837837,0.0033783783783783786,0.0,,0.2
fakeddit_real_lcc,text,0.20,nfmcd_all_changes,1,1,6,0.15460629370395607,0.7911533039951755,0.3212807888165116,0.0033783783783783786,0.19425675675675674,0.010135135135135136,0.3969594594594595,0.32863175675675677,0.7989864864864865,0.006756756756756757,0.19087837837837837,0.0033783783783783786,0.0,,0.23
fakeddit_real_lcc,text,0.20,nfmcd_full,1,0,6,0.14790349587949314,0.6602461885853506,0.3353084874813404,0.0033783783783783786,0.19425675675675674,0.010135135135135136,0.48793190603497055,0.49155233422447936,0.7989864864864865,0.006756756756756757,0.19087837837837837,0.0033783783783783786,0.0,,0.39
fakeddit_real_lcc,text,0.20,nfmcd_full,1,1,6,0.1465592996788434,0.6348010130946693,0.33533316538837116,0.0033783783783783786,0.19425675675675674,0.010135135135135136,0.4832756098377702,0.48829292688643905,0.7989864864864865,0.006756756756756757,0.19087837837837837,0.0033783783783783786,0.0,,0.41
fakeddit_real_lcc,text,0.20,spectral_graph+content,1,0,6,0.5233165874886836,0.6176052021753438,0.6177850643979677,0.0033783783783783786,0.19425675675675674,0.010135135135135136,nan,nan,nan,nan,nan,nan,nan,,0.08
fakeddit_real_lcc,text,0.20,nfmcd_rank16,1,0,6,0.18947932084891161,0.7284176988720289,0.33278765287198286,0.0033783783783783786,0.19425675675675674,0.010135135135135136,0.280041900427883,0.3460293302995181,0.7989864864864865,0.006756756756756757,0.19087837837837837,0.0033783783783783786,0.0,,0.2
fakeddit_real_lcc,text,0.20,spectral_graph+content,1,1,6,0.5233165874886836,0.6176052021753438,0.6177850643979677,0.0033783783783783786,0.19425675675675674,0.010135135135135136,nan,nan,nan,nan,nan,nan,nan,,0.08
fakeddit_real_lcc,text,0.20,nfmcd_rank16,1,1,6,0.188263079437464,0.7264298743323135,0.33170525069545037,0.0033783783783783786,0.19425675675675674,0.010135135135135136,0.27924323691394265,0.3454702658397598,0.7989864864864865,0.006756756756756757,0.19087837837837837,0.0033783783783783786,0.0,,0.2
fakeddit_real_lcc,text,0.20,kmeans_content,1,0,6,0.19256384719226372,0.22234460154727062,0.3135982643689395,0.0033783783783783786,0.19425675675675674,0.010135135135135136,nan,nan,nan,nan,nan,nan,nan,,0.14
fakeddit_real_lcc,text,0.20,kmeans_content,1,1,6,0.20407586302448988,0.22622772574732627,0.3167185183988377,0.0033783783783783786,0.19425675675675674,0.010135135135135136,nan,nan,nan,nan,nan,nan,nan,,0.14
fakeddit_real_lcc,text,0.20,nfmcd_all_changes,2,0,6,0.1856188584775692,0.738911422844925,0.34926695705298627,0.0033783783783783786,0.21114864864864866,0.010135135135135136,0.3885135135135135,0.324831081081081,0.7820945945945946,0.006756756756756757,0.20777027027027026,0.0033783783783783786,0.0,,0.25
fakeddit_real_lcc,text,0.20,nfmcd_full,2,0,6,0.15197554141794,0.779295218446454,0.31429996745170513,0.0033783783783783786,0.21114864864864866,0.010135135135135136,0.48630260186763047,0.49041182130734123,0.7820945945945946,0.006756756756756757,0.20777027027027026,0.0033783783783783786,0.0,,0.36
fakeddit_real_lcc,text,0.20,nfmcd_full,2,1,6,0.14571672342042685,0.659255739221318,0.3331704486818334,0.0033783783783783786,0.21114864864864866,0.010135135135135136,0.48764416288966733,0.49135091402276726,0.7820945945945946,0.006756756756756757,0.20777027027027026,0.0033783783783783786,0.0,,0.33
fakeddit_real_lcc,text,0.20,nfmcd_all_changes,2,1,6,0.15847958704140996,0.7679065023822168,0.3166545028598214,0.0033783783783783786,0.21114864864864866,0.010135135135135136,0.3885135135135135,0.324831081081081,0.7820945945945946,0.006756756756756757,0.20777027027027026,0.0033783783783783786,0.0,,0.27
fakeddit_real_lcc,text,0.20,spectral_graph+content,2,0,6,0.5233165874886836,0.6178224907711519,0.6177850643979677,0.0033783783783783786,0.21114864864864866,0.010135135135135136,nan,nan,nan,nan,nan,nan,nan,,0.08
fakeddit_real_lcc,text,0.20,spectral_graph+content,2,1,6,0.5233165874886836,0.6178224907711519,0.6177850643979677,0.0033783783783783786,0.21114864864864866,0.010135135135135136,nan,nan,nan,nan,nan,nan,nan,,0.06
fakeddit_real_lcc,text,0.20,nfmcd_rank16,2,0,6,0.17454857058954132,0.7251240440266618,0.32166173772387596,0.0033783783783783786,0.21114864864864866,0.010135135135135136,0.2869882280183315,0.35089175961283203,0.7820945945945946,0.006756756756756757,0.20777027027027026,0.0033783783783783786,0.0,,0.24
fakeddit_real_lcc,text,0.20,kmeans_content,2,0,6,0.14489897632529414,0.21246006916880383,0.33357710211737057,0.0033783783783783786,0.21114864864864866,0.010135135135135136,nan,nan,nan,nan,nan,nan,nan,,0.12
fakeddit_real_lcc,text,0.20,nfmcd_rank16,2,1,6,0.17252118153465068,0.7284750175421831,0.32049603455689285,0.0033783783783783786,0.21114864864864866,0.010135135135135136,0.28768686668777277,0.3513808066814409,0.7820945945945946,0.006756756756756757,0.20777027027027026,0.0033783783783783786,0.0,,0.22
fakeddit_real_lcc,text,0.20,kmeans_content,2,1,6,0.1620700589622761,0.20228302618466326,0.30230802579758426,0.0033783783783783786,0.21114864864864866,0.010135135135135136,nan,nan,nan,nan,nan,nan,nan,,0.17
fakeddit_real_lcc,text,0.20,nfmcd_all_changes,3,0,6,0.16025217141994164,0.7910509558896806,0.3138238637625287,0.0016891891891891893,0.20945945945945946,0.010135135135135136,0.3893581081081081,0.3252111486486486,0.7820945945945946,0.008445945945945946,0.20777027027027026,0.0016891891891891893,0.0,,0.2
fakeddit_real_lcc,text,0.20,nfmcd_all_changes,3,1,6,0.21628671124820076,0.7681958240830316,0.3774783056302346,0.0016891891891891893,0.20945945945945946,0.010135135135135136,0.3893581081081081,0.3252111486486486,0.7820945945945946,0.008445945945945946,0.20777027027027026,0.0016891891891891893,0.0,,0.2
fakeddit_real_lcc,text,0.20,nfmcd_full,3,1,6,0.14838870939563742,0.6423996370315035,0.3326485944774474,0.0016891891891891893,0.20945945945945946,0.010135135135135136,0.4776039392450396,0.48432275747152775,0.7820945945945946,0.008445945945945946,0.20777027027027026,0.0016891891891891893,0.0,,0.36
fakeddit_real_lcc,text,0.20,nfmcd_full,3,0,6,0.14677846010142492,0.6525666352568283,0.3325308121979352,0.0016891891891891893,0.20945945945945946,0.010135135135135136,0.4759652732775062,0.4831756912942544,0.7820945945945946,0.008445945945945946,0.20777027027027026,0.0016891891891891893,0.0,,0.41
fakeddit_real_lcc,text,0.20,nfmcd_rank16,3,0,6,0.19598280573357507,0.7289298008475864,0.3373727612585358,0.0016891891891891893,0.20945945945945946,0.010135135135135136,0.28427948029110267,0.34899563620377183,0.7820945945945946,0.008445945945945946,0.20777027027027026,0.0016891891891891893,0.0,,0.19
fakeddit_real_lcc,text,0.20,spectral_graph+content,3,0,6,0.5234312119466082,0.6182565083012207,0.6180450134058382,0.0016891891891891893,0.20945945945945946,0.010135135135135136,nan,nan,nan,nan,nan,nan,nan,,0.06
fakeddit_real_lcc,text,0.20,spectral_graph+content,3,1,6,0.5234312119466082,0.6182565083012207,0.6180450134058382,0.0016891891891891893,0.20945945945945946,0.010135135135135136,nan,nan,nan,nan,nan,nan,nan,,0.06
fakeddit_real_lcc,text,0.20,nfmcd_rank16,3,1,6,0.19464637087449865,0.7376335173185692,0.33621712380159513,0.0016891891891891893,0.20945945945945946,0.010135135135135136,0.28813260063122675,0.3516928204418587,0.7820945945945946,0.008445945945945946,0.20777027027027026,0.0016891891891891893,0.0,,0.25
fakeddit_real_lcc,text,0.20,kmeans_content,3,0,6,0.09018374300373111,0.1928743576965548,0.21513765813920935,0.0016891891891891893,0.20945945945945946,0.010135135135135136,nan,nan,nan,nan,nan,nan,nan,,0.12
fakeddit_real_lcc,text,0.20,kmeans_content,3,1,6,0.21037928316056265,0.29184706278135164,0.3115806030141796,0.0016891891891891893,0.20945945945945946,0.010135135135135136,nan,nan,nan,nan,nan,nan,nan,,0.16
fakeddit_real_lcc,text,0.20,nfmcd_all_changes,4,0,6,0.20566174898086098,0.7844567786853739,0.38890666725518147,0.0,0.18412162162162163,0.010135135135135136,0.40287162162162166,0.3312922297297297,0.8057432432432432,0.010135135135135136,0.18412162162162163,0.0,0.0,,0.27
fakeddit_real_lcc,text,0.20,nfmcd_all_changes,4,1,6,0.20517587607892995,0.7844567786853739,0.38808657443034017,0.0,0.18412162162162163,0.010135135135135136,0.4028716216216216,0.33129222972972966,0.8057432432432432,0.010135135135135136,0.18412162162162163,0.0,0.0,,0.23
fakeddit_real_lcc,text,0.20,nfmcd_full,4,0,6,0.1519019868129159,0.708328023835892,0.3137791054846699,0.0,0.18412162162162163,0.010135135135135136,0.4878332544147106,0.4914832780902974,0.8057432432432432,0.010135135135135136,0.18412162162162163,0.0,0.0,,0.39
fakeddit_real_lcc,text,0.20,nfmcd_full,4,1,6,0.14664365200295637,0.6293188075976993,0.32724989390439985,0.0,0.18412162162162163,0.010135135135135136,0.4908861297409774,0.4936202908186842,0.8057432432432432,0.010135135135135136,0.18412162162162163,0.0,0.0,,0.41
fakeddit_real_lcc,text,0.20,spectral_graph+content,4,0,6,0.5282101467983953,0.6194353887125198,0.6205052159312984,0.0,0.18412162162162163,0.010135135135135136,nan,nan,nan,nan,nan,nan,nan,,0.06
fakeddit_real_lcc,text,0.20,spectral_graph+content,4,1,6,0.5282101467983953,0.6194353887125198,0.6205052159312984,0.0,0.18412162162162163,0.010135135135135136,nan,nan,nan,nan,nan,nan,nan,,0.06
fakeddit_real_lcc,text,0.20,nfmcd_rank16,4,1,6,0.18438113351977958,0.7116352737930167,0.3388629045528837,0.0,0.18412162162162163,0.010135135135135136,0.2949258025374018,0.35644806177618127,0.8057432432432432,0.010135135135135136,0.18412162162162163,0.0,0.0,,0.22
fakeddit_real_lcc,text,0.20,nfmcd_rank16,4,0,6,0.186159586321625,0.7108127753614973,0.34133459013731476,0.0,0.18412162162162163,0.010135135135135136,0.297166907564468,0.35801683529512757,0.8057432432432432,0.010135135135135136,0.18412162162162163,0.0,0.0,,0.25
fakeddit_real_lcc,text,0.20,kmeans_content,4,0,6,0.16836505263744783,0.21729154569086778,0.26842710181593055,0.0,0.18412162162162163,0.010135135135135136,nan,nan,nan,nan,nan,nan,nan,,0.14
fakeddit_real_lcc,text,0.20,kmeans_content,4,1,6,0.19963866488269544,0.286734035692252,0.30613107699950565,0.0,0.18412162162162163,0.010135135135135136,nan,nan,nan,nan,nan,nan,nan,,0.12
fakeddit_real_lcc,text,0.40,nfmcd_all_changes,0,0,6,0.20428993373909154,0.7608526098551198,0.3684775122467327,0.0033783783783783786,0.3969594594594595,0.010135135135135136,0.2939189189189189,0.2822635135135135,0.5962837837837838,0.006756756756756757,0.3935810810810811,0.0033783783783783786,0.0,,0.17
fakeddit_real_lcc,text,0.40,nfmcd_full,0,1,6,0.17648144106062835,0.7208639761147645,0.3357329474402377,0.0033783783783783786,0.3969594594594595,0.010135135135135136,0.3627917566836377,0.4039542296785464,0.5962837837837838,0.006756756756756757,0.3935810810810811,0.0033783783783783786,0.0,,0.23
fakeddit_real_lcc,text,0.40,nfmcd_full,0,0,6,0.17822280425717674,0.7290378679945196,0.3317053222798751,0.0033783783783783786,0.3969594594594595,0.010135135135135136,0.36412410291853203,0.40488687204297236,0.5962837837837838,0.006756756756756757,0.3935810810810811,0.0033783783783783786,0.0,,0.27
fakeddit_real_lcc,text,0.40,nfmcd_all_changes,0,1,6,0.20880809594777783,0.7674274437571917,0.36473519990042874,0.0033783783783783786,0.3969594594594595,0.010135135135135136,0.2939189189189189,0.28226351351351353,0.5962837837837838,0.006756756756756757,0.3935810810810811,0.0033783783783783786,0.0,,0.19
fakeddit_real_lcc,text,0.40,spectral_graph+content,0,0,6,0.5197545424373842,0.619114842561202,0.618721966126393,0.0033783783783783786,0.3969594594594595,0.010135135135135136,nan,nan,nan,nan,nan,nan,nan,,0.06
fakeddit_real_lcc,text,0.40,spectral_graph+content,0,1,6,0.5197545424373842,0.619114842561202,0.618721966126393,0.0033783783783783786,0.3969594594594595,0.010135135135135136,nan,nan,nan,nan,nan,nan,nan,,0.08
fakeddit_real_lcc,text,0.40,nfmcd_rank16,0,0,6,0.18048058102814413,0.7239301751795444,0.32481742176549006,0.0033783783783783786,0.3969594594594595,0.010135135135135136,0.20778237165027066,0.2954476601551894,0.5962837837837838,0.006756756756756757,0.3935810810810811,0.0033783783783783786,0.0,,0.17
fakeddit_real_lcc,text,0.40,nfmcd_rank16,0,1,6,0.17606793764372997,0.7276803739322664,0.32140706599365876,0.0033783783783783786,0.3969594594594595,0.010135135135135136,0.20763792555693986,0.2953465478898578,0.5962837837837838,0.006756756756756757,0.3935810810810811,0.0033783783783783786,0.0,,0.19
fakeddit_real_lcc,text,0.40,kmeans_content,0,0,6,0.16524277156676392,0.2057023950051326,0.35460836704489074,0.0033783783783783786,0.3969594594594595,0.010135135135135136,nan,nan,nan,nan,nan,nan,nan,,0.12
fakeddit_real_lcc,text,0.40,kmeans_content,0,1,6,0.179321296647036,0.2293955208723967,0.3701686978991437,0.0033783783783783786,0.3969594594594595,0.010135135135135136,nan,nan,nan,nan,nan,nan,nan,,0.14
fakeddit_real_lcc,text,0.40,nfmcd_full,1,0,6,0.17657090668170705,0.7533721094836503,0.31675975137430745,0.005067567567567568,0.4206081081081081,0.010135135135135136,0.3445337021712721,0.3911735915198905,0.5743243243243243,0.005067567567567568,0.4155405405405405,0.005067567567567568,0.0,,0.22
fakeddit_real_lcc,text,0.40,nfmcd_all_changes,1,0,6,0.20937881082209664,0.7683001310039427,0.3714814354699751,0.005067567567567568,0.4206081081081081,0.010135135135135136,0.28378378378378377,0.27770270270270264,0.5743243243243243,0.005067567567567568,0.4155405405405405,0.005067567567567568,0.0,,0.16
fakeddit_real_lcc,text,0.40,nfmcd_all_changes,1,1,6,0.2124332757303371,0.7681958240830316,0.36892392331294693,0.005067567567567568,0.4206081081081081,0.010135135135135136,0.28378378378378377,0.27770270270270264,0.5743243243243243,0.005067567567567568,0.4155405405405405,0.005067567567567568,0.0,,0.16
fakeddit_real_lcc,text,0.40,nfmcd_full,1,1,6,0.1764036668566088,0.7529010843337546,0.31566668584401186,0.005067567567567568,0.4206081081081081,0.010135135135135136,0.34438285056887824,0.39106799539821474,0.5743243243243243,0.005067567567567568,0.4155405405405405,0.005067567567567568,0.0,,0.22
fakeddit_real_lcc,text,0.40,spectral_graph+content,1,0,6,0.528225324006115,0.618195825831974,0.6198264239973037,0.005067567567567568,0.4206081081081081,0.010135135135135136,nan,nan,nan,nan,nan,nan,nan,,0.06
fakeddit_real_lcc,text,0.40,spectral_graph+content,1,1,6,0.528225324006115,0.618195825831974,0.6198264239973037,0.005067567567567568,0.4206081081081081,0.010135135135135136,nan,nan,nan,nan,nan,nan,nan,,0.06
fakeddit_real_lcc,text,0.40,nfmcd_rank16,1,0,6,0.1996303412828987,0.7297999987664127,0.3544732174592802,0.005067567567567568,0.4206081081081081,0.010135135135135136,0.18999230892016172,0.28299461624411315,0.5743243243243243,0.005067567567567568,0.4155405405405405,0.005067567567567568,0.0,,0.17
fakeddit_real_lcc,text,0.40,nfmcd_rank16,1,1,6,0.21650994486061514,0.7662884450609583,0.3376345444247593,0.005067567567567568,0.4206081081081081,0.010135135135135136,0.190090264341638,0.2830631850391466,0.5743243243243243,0.005067567567567568,0.4155405405405405,0.005067567567567568,0.0,,0.17
fakeddit_real_lcc,text,0.40,kmeans_content,1,0,6,0.12021526901223378,0.17167689675507186,0.2896101234186091,0.005067567567567568,0.4206081081081081,0.010135135135135136,nan,nan,nan,nan,nan,nan,nan,,0.17
fakeddit_real_lcc,text,0.40,kmeans_content,1,1,6,0.1854443785381561,0.2392001615649611,0.2975199668000352,0.005067567567567568,0.4206081081081081,0.010135135135135136,nan,nan,nan,nan,nan,nan,nan,,0.16
fakeddit_real_lcc,text,0.40,nfmcd_full,2,1,6,0.1794774475026053,0.7187745030464885,0.3396044153397095,0.006756756756756757,0.4408783783783784,0.010135135135135136,0.3360834615949026,0.3852584231164318,0.5557432432432432,0.0033783783783783786,0.4341216216216216,0.006756756756756757,0.0,,0.22
fakeddit_real_lcc,text,0.40,nfmcd_full,2,0,6,0.17978570973075536,0.7221958540016051,0.33376163747940374,0.006756756756756757,0.4408783783783784,0.010135135135135136,0.33334789101899437,0.38334352371329605,0.5557432432432432,0.0033783783783783786,0.4341216216216216,0.006756756756756757,0.0,,0.27
fakeddit_real_lcc,text,0.40,nfmcd_all_changes,2,1,6,0.2159034665532813,0.7686022433030404,0.37132105536234405,0.006756756756756757,0.4408783783783784,0.010135135135135136,0.27618243243243246,0.27428209459459457,0.5557432432432432,0.0033783783783783786,0.4341216216216216,0.006756756756756757,0.0,,0.19
fakeddit_real_lcc,text,0.40,nfmcd_all_changes,2,0,6,0.205912078795235,0.7608526098551198,0.3680536388275339,0.006756756756756757,0.4408783783783784,0.010135135135135136,0.27618243243243246,0.27428209459459457,0.5557432432432432,0.0033783783783783786,0.4341216216216216,0.006756756756756757,0.0,,0.22
fakeddit_real_lcc,text,0.40,spectral_graph+content,2,0,6,0.5208945302295969,0.6183595676432656,0.6175987683179517,0.006756756756756757,0.4408783783783784,0.010135135135135136,nan,nan,nan,nan,nan,nan,nan,,0.06
fakeddit_real_lcc,text,0.40,spectral_graph+content,2,1,6,0.5208945302295969,0.6183595676432656,0.6175987683179517,0.006756756756756757,0.4408783783783784,0.010135135135135136,nan,nan,nan,nan,nan,nan,nan,,0.08
fakeddit_real_lcc,text,0.40,nfmcd_rank16,2,0,6,0.16895025099863403,0.7490007855199607,0.31645533133898174,0.006756756756756757,0.4408783783783784,0.010135135135135136,0.19149015355303242,0.2840431074871227,0.5557432432432432,0.0033783783783783786,0.4341216216216216,0.006756756756756757,0.0,,0.19
fakeddit_real_lcc,text,0.40,nfmcd_rank16,2,1,6,0.1498720331522163,0.7699606351556928,0.29372962746000536,0.006756756756756757,0.4408783783783784,0.010135135135135136,0.1913380835942059,0.2839366585159441,0.5557432432432432,0.0033783783783783786,0.4341216216216216,0.006756756756756757,0.0,,0.17
fakeddit_real_lcc,text,0.40,kmeans_content,2,1,6,0.15637461803945163,0.17430946888690466,0.24615781026207736,0.006756756756756757,0.4408783783783784,0.010135135135135136,nan,nan,nan,nan,nan,nan,nan,,0.11
fakeddit_real_lcc,text,0.40,kmeans_content,2,0,6,0.1501886758758768,0.17899050721904516,0.26287606562018534,0.006756756756756757,0.4408783783783784,0.010135135135135136,nan,nan,nan,nan,nan,nan,nan,,0.17
fakeddit_real_lcc,text,0.40,nfmcd_full,3,1,6,0.18228804183689562,0.7668144161492392,0.36009965841377306,0.005067567567567568,0.42736486486486486,0.010135135135135136,0.33871514865885355,0.38710060406119745,0.5675675675675675,0.005067567567567568,0.4222972972972973,0.005067567567567568,0.0,,0.22
fakeddit_real_lcc,text,0.40,nfmcd_full,3,0,6,0.18344469031723265,0.7668144161492392,0.3612141595068994,0.005067567567567568,0.42736486486486486,0.010135135135135136,0.3396105425659211,0.3877273797961448,0.5675675675675675,0.005067567567567568,0.4222972972972973,0.005067567567567568,0.0,,0.28
fakeddit_real_lcc,text,0.40,nfmcd_all_changes,3,1,6,0.1551239163442104,0.7518127816460302,0.31349175377712923,0.005067567567567568,0.42736486486486486,0.010135135135135136,0.28125,0.27656249999999993,0.5675675675675675,0.005067567567567568,0.4222972972972973,0.005067567567567568,0.0,,0.16
fakeddit_real_lcc,text,0.40,nfmcd_all_changes,3,0,6,0.20895956066379417,0.7681958240830316,0.36533171055114627,0.005067567567567568,0.42736486486486486,0.010135135135135136,0.28125,0.27656249999999993,0.5675675675675675,0.005067567567567568,0.4222972972972973,0.005067567567567568,0.0,,0.19
fakeddit_real_lcc,text,0.40,spectral_graph+content,3,0,6,0.5159912082523116,0.6177687982414408,0.615557846972509,0.005067567567567568,0.42736486486486486,0.010135135135135136,nan,nan,nan,nan,nan,nan,nan,,0.08
fakeddit_real_lcc,text,0.40,spectral_graph+content,3,1,6,0.5159912082523116,0.6177687982414408,0.615557846972509,0.005067567567567568,0.42736486486486486,0.010135135135135136,nan,nan,nan,nan,nan,nan,nan,,0.09
fakeddit_real_lcc,text,0.40,nfmcd_rank16,3,0,6,0.17437991509990103,0.729438270852893,0.3252594726437869,0.005067567567567568,0.42736486486486486,0.010135135135135136,0.19336838015667843,0.2853578661096749,0.5675675675675675,0.005067567567567568,0.4222972972972973,0.005067567567567568,0.0,,0.16
fakeddit_real_lcc,text,0.40,nfmcd_rank16,3,1,6,0.1550807975982742,0.7699606351556928,0.3005979639937428,0.005067567567567568,0.42736486486486486,0.010135135135135136,0.19574680251840676,0.2870227617628847,0.5675675675675675,0.005067567567567568,0.4222972972972973,0.005067567567567568,0.0,,0.2
fakeddit_real_lcc,text,0.40,kmeans_content,3,0,6,0.16539575160795206,0.23134998142215152,0.3219003878516323,0.005067567567567568,0.42736486486486486,0.010135135135135136,nan,nan,nan,nan,nan,nan,nan,,0.14
fakeddit_real_lcc,text,0.40,kmeans_content,3,1,6,0.18411336382624754,0.2633495165299594,0.2895816858863485,0.005067567567567568,0.42736486486486486,0.010135135135135136,nan,nan,nan,nan,nan,nan,nan,,0.17
fakeddit_real_lcc,text,0.40,nfmcd_all_changes,4,0,6,0.2103070213260626,0.7644772578673577,0.37488775844766553,0.0033783783783783786,0.38006756756756754,0.010135135135135136,0.30658783783783783,0.28796452702702696,0.6131756756756757,0.006756756756756757,0.3766891891891892,0.0033783783783783786,0.0,,0.17
fakeddit_real_lcc,text,0.40,nfmcd_full,4,0,6,0.20816653802030127,0.755617500761169,0.392886737227317,0.0033783783783783786,0.38006756756756754,0.010135135135135136,0.37648965852716604,0.41354276096901615,0.6131756756756757,0.006756756756756757,0.3766891891891892,0.0033783783783783786,0.0,,0.3
fakeddit_real_lcc,text,0.40,nfmcd_full,4,1,6,0.20740201098489952,0.7549239868269197,0.3917925602894155,0.0033783783783783786,0.38006756756756754,0.010135135135135136,0.37129018940718345,0.4099031325850284,0.6131756756756757,0.006756756756756757,0.3766891891891892,0.0033783783783783786,0.0,,0.27
fakeddit_real_lcc,text,0.40,nfmcd_all_changes,4,1,6,0.2168310389542445,0.7877267645111291,0.39842965819226345,0.0033783783783783786,0.38006756756756754,0.010135135135135136,0.30658783783783783,0.28796452702702696,0.6131756756756757,0.006756756756756757,0.3766891891891892,0.0033783783783783786,0.0,,0.27
fakeddit_real_lcc,text,0.40,spectral_graph+content,4,0,6,0.5283427683150133,0.6188474817463181,0.6200864890135578,0.0033783783783783786,0.38006756756756754,0.010135135135135136,nan,nan,nan,nan,nan,nan,nan,,0.08
fakeddit_real_lcc,text,0.40,nfmcd_rank16,4,0,6,0.18248384111637272,0.7183576659599658,0.3317009846057814,0.0033783783783783786,0.38006756756756754,0.010135135135135136,0.2102803262602747,0.2971962283821923,0.6131756756756757,0.006756756756756757,0.3766891891891892,0.0033783783783783786,0.0,,0.17
fakeddit_real_lcc,text,0.40,nfmcd_rank16,4,1,6,0.1819273398930925,0.7170569250765113,0.3315901946329766,0.0033783783783783786,0.38006756756756754,0.010135135135135136,0.2101449078066351,0.29710143546464457,0.6131756756756757,0.006756756756756757,0.3766891891891892,0.0033783783783783786,0.0,,0.2
fakeddit_real_lcc,text,0.40,spectral_graph+content,4,1,6,0.5283427683150133,0.6188474817463181,0.6200864890135578,0.0033783783783783786,0.38006756756756754,0.010135135135135136,nan,nan,nan,nan,nan,nan,nan,,0.08
fakeddit_real_lcc,text,0.40,kmeans_content,4,0,6,0.15570160468910887,0.24174391074536297,0.36296020140855284,0.0033783783783783786,0.38006756756756754,0.010135135135135136,nan,nan,nan,nan,nan,nan,nan,,0.16
fakeddit_real_lcc,text,0.40,kmeans_content,4,1,6,0.19143988899039388,0.22658529700789432,0.29386949488316316,0.0033783783783783786,0.38006756756756754,0.010135135135135136,nan,nan,nan,nan,nan,nan,nan,,0.16
fakeddit_real_lcc,text,0.60,nfmcd_full,0,0,6,0.20689509531162298,0.7596685525745066,0.3716231488283694,0.0033783783783783786,0.6047297297297297,0.010135135135135136,0.23584252179936138,0.3150897652595529,0.3885135135135135,0.006756756756756757,0.6013513513513513,0.0033783783783783786,0.0,,0.14
fakeddit_real_lcc,text,0.60,nfmcd_full,0,1,6,0.20891542150264675,0.7672854412991348,0.37446305729865825,0.0033783783783783786,0.6047297297297297,0.010135135135135136,0.23643676208625788,0.31550573346038047,0.3885135135135135,0.006756756756756757,0.6013513513513513,0.0033783783783783786,0.0,,0.2
fakeddit_real_lcc,text,0.60,nfmcd_all_changes,0,0,6,0.20387616678543075,0.7574261869672292,0.3673606381345332,0.0033783783783783786,0.6047297297297297,0.010135135135135136,0.19003378378378377,0.23551520270270263,0.3885135135135135,0.006756756756756757,0.6013513513513513,0.0033783783783783786,0.0,,0.12
fakeddit_real_lcc,text,0.60,nfmcd_all_changes,0,1,6,0.16504523639223478,0.7699606351556928,0.31820686029453177,0.0033783783783783786,0.6047297297297297,0.010135135135135136,0.19003378378378377,0.23551520270270263,0.3885135135135135,0.006756756756756757,0.6013513513513513,0.0033783783783783786,0.0,,0.14
fakeddit_real_lcc,text,0.60,nfmcd_rank16,0,0,6,0.20268821588836228,0.7605647456062516,0.3415489597930456,0.0033783783783783786,0.6047297297297297,0.010135135135135136,0.12279349838980601,0.2359554488728642,0.3885135135135135,0.006756756756756757,0.6013513513513513,0.0033783783783783786,0.0,,0.12
fakeddit_real_lcc,text,0.60,spectral_graph+content,0,0,6,0.5148506519426594,0.6175021544929146,0.6160003743983071,0.0033783783783783786,0.6047297297297297,0.010135135135135136,nan,nan,nan,nan,nan,nan,nan,,0.05
fakeddit_real_lcc,text,0.60,spectral_graph+content,0,1,6,0.5148506519426594,0.6175021544929146,0.6160003743983071,0.0033783783783783786,0.6047297297297297,0.010135135135135136,nan,nan,nan,nan,nan,nan,nan,,0.06
fakeddit_real_lcc,text,0.60,nfmcd_rank16,0,1,6,0.21614736779348354,0.7662884450609583,0.33939209656766905,0.0033783783783783786,0.6047297297297297,0.010135135135135136,0.12393853978232056,0.2367569778476243,0.3885135135135135,0.006756756756756757,0.6013513513513513,0.0033783783783783786,0.0,,0.12
fakeddit_real_lcc,text,0.60,kmeans_content,0,0,6,0.1540517518697162,0.1876133117877629,0.3240740397856048,0.0033783783783783786,0.6047297297297297,0.010135135135135136,nan,nan,nan,nan,nan,nan,nan,,0.14
fakeddit_real_lcc,text,0.60,kmeans_content,0,1,6,0.23383093012360545,0.2191089707787997,0.4011529822521392,0.0033783783783783786,0.6047297297297297,0.010135135135135136,nan,nan,nan,nan,nan,nan,nan,,0.14
fakeddit_real_lcc,text,0.60,nfmcd_full,1,0,6,0.16967910685547083,0.7480133443367457,0.31301980865867424,0.006756756756756757,0.6233108108108109,0.010135135135135136,0.21873319469836366,0.30311323628885456,0.3733108108108108,0.0033783783783783786,0.6165540540540541,0.006756756756756757,0.0,,0.16
fakeddit_real_lcc,text,0.60,nfmcd_full,1,1,6,0.21498011733203137,0.7656065907422815,0.3364022261351061,0.006756756756756757,0.6233108108108109,0.010135135135135136,0.2177360335136922,0.3024152234595845,0.3733108108108108,0.0033783783783783786,0.6165540540540541,0.006756756756756757,0.0,,0.16
fakeddit_real_lcc,text,0.60,nfmcd_all_changes,1,1,6,0.2130865656458346,0.7662884450609583,0.345719769916619,0.006756756756756757,0.6233108108108109,0.010135135135135136,0.18074324324324326,0.23133445945945944,0.3733108108108108,0.0033783783783783786,0.6165540540540541,0.006756756756756757,0.0,,0.12
fakeddit_real_lcc,text,0.60,nfmcd_all_changes,1,0,6,0.21463309403253938,0.7686022433030404,0.37000965328041424,0.006756756756756757,0.6233108108108109,0.010135135135135136,0.18074324324324326,0.23133445945945944,0.3733108108108108,0.0033783783783783786,0.6165540540540541,0.006756756756756757,0.0,,0.14
fakeddit_real_lcc,text,0.60,nfmcd_rank16,1,0,6,0.21552355717927352,0.7686022433030404,0.37059074280865206,0.006756756756756757,0.6233108108108109,0.010135135135135136,0.11544241115628448,0.23080968780939914,0.3733108108108108,0.0033783783783783786,0.6165540540540541,0.006756756756756757,0.0,,0.11
fakeddit_real_lcc,text,0.60,spectral_graph+content,1,0,6,0.5335190715827783,0.618566514160061,0.6215671253737441,0.006756756756756757,0.6233108108108109,0.010135135135135136,nan,nan,nan,nan,nan,nan,nan,,0.06
fakeddit_real_lcc,text,0.60,spectral_graph+content,1,1,6,0.5335190715827783,0.618566514160061,0.6215671253737441,0.006756756756756757,0.6233108108108109,0.010135135135135136,nan,nan,nan,nan,nan,nan,nan,,0.08
fakeddit_real_lcc,text,0.60,nfmcd_rank16,1,1,6,0.21624800734579286,0.7662884450609583,0.33801718040402057,0.006756756756756757,0.6233108108108109,0.010135135135135136,0.1142259272996919,0.22995814910978435,0.3733108108108108,0.0033783783783783786,0.6165540540540541,0.006756756756756757,0.0,,0.14
fakeddit_real_lcc,text,0.60,kmeans_content,1,0,6,0.17574252664177692,0.21507900538022467,0.27728156228119943,0.006756756756756757,0.6233108108108109,0.010135135135135136,nan,nan,nan,nan,nan,nan,nan,,0.14
fakeddit_real_lcc,text,0.60,kmeans_content,1,1,6,0.17101197866621964,0.22154367923436807,0.3002462820877143,0.006756756756756757,0.6233108108108109,0.010135135135135136,nan,nan,nan,nan,nan,nan,nan,,0.16
fakeddit_real_lcc,text,0.60,nfmcd_full,2,0,6,0.16219035472087984,0.7699606351556928,0.30967368189363215,0.008445945945945946,0.6182432432432432,0.010135135135135136,0.2233718760019308,0.30636031320135154,0.38006756756756754,0.0016891891891891893,0.6097972972972973,0.008445945945945946,0.0,,0.16
fakeddit_real_lcc,text,0.60,nfmcd_full,2,1,6,0.16261822478307586,0.7699606351556928,0.3102409147884512,0.008445945945945946,0.6182432432432432,0.010135135135135136,0.22572698229408694,0.3080088876058608,0.38006756756756754,0.0016891891891891893,0.6097972972972973,0.008445945945945946,0.0,,0.19
fakeddit_real_lcc,text,0.60,nfmcd_all_changes,2,0,6,0.20387616678543075,0.7574261869672292,0.3673606381345332,0.008445945945945946,0.6182432432432432,0.010135135135135136,0.1875,0.234375,0.38006756756756754,0.0016891891891891893,0.6097972972972973,0.008445945945945946,0.0,,0.12
fakeddit_real_lcc,text,0.60,nfmcd_all_changes,2,1,6,0.16504523639223478,0.7699606351556928,0.3145438566315281,0.008445945945945946,0.6182432432432432,0.010135135135135136,0.1875,0.234375,0.38006756756756754,0.0016891891891891893,0.6097972972972973,0.008445945945945946,0.0,,0.14
fakeddit_real_lcc,text,0.60,spectral_graph+content,2,0,6,0.5206776955101506,0.6143029308740685,0.617076852586755,0.008445945945945946,0.6182432432432432,0.010135135135135136,nan,nan,nan,nan,nan,nan,nan,,0.06
fakeddit_real_lcc,text,0.60,nfmcd_rank16,2,0,6,0.16561366415018797,0.7699606351556928,0.3137147476529298,0.008445945945945946,0.6182432432432432,0.010135135135135136,0.12279762940701304,0.2359583405849091,0.38006756756756754,0.0016891891891891893,0.6097972972972973,0.008445945945945946,0.0,,0.12
fakeddit_real_lcc,text,0.60,spectral_graph+content,2,1,6,0.5207840586106773,0.6162321366964936,0.6173381476072185,0.008445945945945946,0.6182432432432432,0.010135135135135136,nan,nan,nan,nan,nan,nan,nan,,0.06
fakeddit_real_lcc,text,0.60,nfmcd_rank16,2,1,6,0.16459628233511803,0.7699606351556928,0.3124758326816205,0.008445945945945946,0.6182432432432432,0.010135135135135136,0.12222178188640184,0.23555524732048125,0.38006756756756754,0.0016891891891891893,0.6097972972972973,0.008445945945945946,0.0,,0.14
fakeddit_real_lcc,text,0.60,kmeans_content,2,0,6,0.1726171716306364,0.2051129606292909,0.2758209848227997,0.008445945945945946,0.6182432432432432,0.010135135135135136,nan,nan,nan,nan,nan,nan,nan,,0.17
fakeddit_real_lcc,text,0.60,kmeans_content,2,1,6,0.15535265172373158,0.19660858860575028,0.3078023823627119,0.008445945945945946,0.6182432432432432,0.010135135135135136,nan,nan,nan,nan,nan,nan,nan,,0.2
fakeddit_real_lcc,text,0.60,nfmcd_full,3,0,6,0.15472283701499734,0.7872995095580924,0.32250469857915376,0.005067567567567568,0.606418918918919,0.010135135135135136,0.2333974706487772,0.313378229454144,0.3885135135135135,0.005067567567567568,0.6013513513513513,0.005067567567567568,0.0,,0.17
fakeddit_real_lcc,text,0.60,nfmcd_all_changes,3,0,6,0.2201294236396505,0.7877267645111291,0.40093004794190207,0.005067567567567568,0.606418918918919,0.010135135135135136,0.19172297297297297,0.2362753378378378,0.3885135135135135,0.005067567567567568,0.6013513513513513,0.005067567567567568,0.0,,0.11
fakeddit_real_lcc,text,0.60,nfmcd_full,3,1,6,0.18374608536262316,0.7679716796332668,0.34484074560289707,0.005067567567567568,0.606418918918919,0.010135135135135136,0.22979712059935592,0.3108579844195491,0.3885135135135135,0.005067567567567568,0.6013513513513513,0.005067567567567568,0.0,,0.25
fakeddit_real_lcc,text,0.60,nfmcd_rank16,3,0,6,0.17403198371756434,0.7329388139169778,0.32644165367323325,0.005067567567567568,0.606418918918919,0.010135135135135136,0.12111141061120048,0.2347779874278403,0.3885135135135135,0.005067567567567568,0.6013513513513513,0.005067567567567568,0.0,,0.11
fakeddit_real_lcc,text,0.60,nfmcd_all_changes,3,1,6,0.1658427437659291,0.7699606351556928,0.31385152296047103,0.005067567567567568,0.606418918918919,0.010135135135135136,0.19172297297297297,0.23627533783783783,0.3885135135135135,0.005067567567567568,0.6013513513513513,0.005067567567567568,0.0,,0.14
fakeddit_real_lcc,text,0.60,spectral_graph+content,3,0,6,0.5208945302295969,0.6183595676432656,0.6175987683179517,0.005067567567567568,0.606418918918919,0.010135135135135136,nan,nan,nan,nan,nan,nan,nan,,0.09
fakeddit_real_lcc,text,0.60,spectral_graph+content,3,1,6,0.5208945302295969,0.6183595676432656,0.6175987683179517,0.005067567567567568,0.606418918918919,0.010135135135135136,nan,nan,nan,nan,nan,nan,nan,,0.08
fakeddit_real_lcc,text,0.60,nfmcd_rank16,3,1,6,0.1593898070779567,0.7699606351556928,0.3060813694771483,0.005067567567567568,0.606418918918919,0.010135135135135136,0.12252953508099516,0.23577067455669662,0.3885135135135135,0.005067567567567568,0.6013513513513513,0.005067567567567568,0.0,,0.14
fakeddit_real_lcc,text,0.60,kmeans_content,3,0,6,0.1618339363990623,0.21524955057720288,0.33178971261999823,0.005067567567567568,0.606418918918919,0.010135135135135136,nan,nan,nan,nan,nan,nan,nan,,0.2
fakeddit_real_lcc,text,0.60,nfmcd_full,4,1,6,0.14785474126895104,0.7699606351556928,0.30759085511145773,0.005067567567567568,0.606418918918919,0.010135135135135136,0.23011477548350384,0.31108034283845265,0.3885135135135135,0.005067567567567568,0.6013513513513513,0.005067567567567568,0.0,,0.14
fakeddit_real_lcc,text,0.60,kmeans_content,3,1,6,0.1529363490538146,0.2000814109338115,0.3065316153441081,0.005067567567567568,0.606418918918919,0.010135135135135136,nan,nan,nan,nan,nan,nan,nan,,0.23
fakeddit_real_lcc,text,0.60,nfmcd_full,4,0,6,0.20592215253610746,0.7679716796332668,0.37233737622380536,0.005067567567567568,0.606418918918919,0.010135135135135136,0.23090786747113703,0.3116355072297959,0.3885135135135135,0.005067567567567568,0.6013513513513513,0.005067567567567568,0.0,,0.23
fakeddit_real_lcc,text,0.60,nfmcd_all_changes,4,1,6,0.21128665126947732,0.7686022433030404,0.36725076943727486,0.005067567567567568,0.606418918918919,0.010135135135135136,0.19256756756756757,0.2366554054054054,0.3885135135135135,0.005067567567567568,0.6013513513513513,0.005067567567567568,0.0,,0.12
fakeddit_real_lcc,text,0.60,nfmcd_all_changes,4,0,6,0.15720206530586545,0.7699606351556928,0.31581912457346273,0.005067567567567568,0.606418918918919,0.010135135135135136,0.19256756756756757,0.23665540540540536,0.3885135135135135,0.005067567567567568,0.6013513513513513,0.005067567567567568,0.0,,0.17
fakeddit_real_lcc,text,0.60,spectral_graph+content,4,0,6,0.5196397908523211,0.6174395248678671,0.6177813191529995,0.005067567567567568,0.606418918918919,0.010135135135135136,nan,nan,nan,nan,nan,nan,nan,,0.06
fakeddit_real_lcc,text,0.60,nfmcd_rank16,4,1,6,0.2163006757131578,0.7686022433030404,0.3714399818164782,0.005067567567567568,0.606418918918919,0.010135135135135136,0.11850708274066916,0.2329549579184684,0.3885135135135135,0.005067567567567568,0.6013513513513513,0.005067567567567568,0.0,,0.12
fakeddit_real_lcc,text,0.60,nfmcd_rank16,4,0,6,0.2100760378754163,0.7604593893199391,0.37051605031570717,0.005067567567567568,0.606418918918919,0.010135135135135136,0.11878305765156641,0.23314814035609643,0.3885135135135135,0.005067567567567568,0.6013513513513513,0.005067567567567568,0.0,,0.14
fakeddit_real_lcc,text,0.60,spectral_graph+content,4,1,6,0.5196397908523211,0.6174395248678671,0.6177813191529995,0.005067567567567568,0.606418918918919,0.010135135135135136,nan,nan,nan,nan,nan,nan,nan,,0.08
fakeddit_real_lcc,text,0.80,nfmcd_full,0,0,6,0.2043306607460107,0.7571416282193758,0.34461156541863885,0.008445945945945946,0.8006756756756757,0.010135135135135136,0.11483089627003297,0.23038162738902307,0.19763513513513514,0.0016891891891891893,0.7922297297297297,0.008445945945945946,0.0,,0.11
fakeddit_real_lcc,text,0.60,kmeans_content,4,0,6,0.16450867964866245,0.1941404695217591,0.29345676684747557,0.005067567567567568,0.606418918918919,0.010135135135135136,nan,nan,nan,nan,nan,nan,nan,,0.16
fakeddit_real_lcc,text,0.60,kmeans_content,4,1,6,0.1475169704226611,0.202653341405052,0.3809335065694525,0.005067567567567568,0.606418918918919,0.010135135135135136,nan,nan,nan,nan,nan,nan,nan,,0.16
fakeddit_real_lcc,text,0.80,nfmcd_full,0,1,6,0.21019291116343264,0.7784921041258238,0.35498053519853917,0.008445945945945946,0.8006756756756757,0.010135135135135136,0.11493954195329502,0.23045767936730643,0.19763513513513514,0.0016891891891891893,0.7922297297297297,0.008445945945945946,0.0,,0.12
fakeddit_real_lcc,text,0.80,nfmcd_all_changes,0,0,6,0.1663619514654643,0.7699606351556928,0.3145845566722281,0.008445945945945946,0.8006756756756757,0.010135135135135136,0.09037162162162163,0.1906672297297297,0.19763513513513514,0.0016891891891891893,0.7922297297297297,0.008445945945945946,0.0,,0.11
fakeddit_real_lcc,text,0.80,nfmcd_all_changes,0,1,6,0.21690327448983604,0.7686022433030404,0.3721225643090697,0.008445945945945946,0.8006756756756757,0.010135135135135136,0.09037162162162163,0.19066722972972971,0.19763513513513514,0.0016891891891891893,0.7922297297297297,0.008445945945945946,0.0,,0.09
fakeddit_real_lcc,text,0.80,nfmcd_rank16,0,1,6,0.21746408286671293,0.7662884450609583,0.3393920965676691,0.008445945945945946,0.8006756756756757,0.010135135135135136,0.051374830916919724,0.18596238164184375,0.19763513513513514,0.0016891891891891893,0.7922297297297297,0.008445945945945946,0.0,,0.11
fakeddit_real_lcc,text,0.80,nfmcd_rank16,0,0,6,0.20987585668566933,0.7537153510766799,0.36962997404996933,0.008445945945945946,0.8006756756756757,0.010135135135135136,0.051336571808877,0.18593560026621386,0.19763513513513514,0.0016891891891891893,0.7922297297297297,0.008445945945945946,0.0,,0.11
fakeddit_real_lcc,text,0.80,spectral_graph+content,0,0,6,0.5196397908523211,0.615963697367169,0.6177813191529995,0.008445945945945946,0.8006756756756757,0.010135135135135136,nan,nan,nan,nan,nan,nan,nan,,0.08
fakeddit_real_lcc,text,0.80,spectral_graph+content,0,1,6,0.5196397908523211,0.615963697367169,0.6177813191529995,0.008445945945945946,0.8006756756756757,0.010135135135135136,nan,nan,nan,nan,nan,nan,nan,,0.08
fakeddit_real_lcc,text,0.80,kmeans_content,0,0,6,0.24681575785103693,0.21628564733620168,0.43008903651105496,0.008445945945945946,0.8006756756756757,0.010135135135135136,nan,nan,nan,nan,nan,nan,nan,,0.14
fakeddit_real_lcc,text,0.80,nfmcd_full,1,0,6,0.22242099045862007,0.7686022433030404,0.3922899476335582,0.010135135135135136,0.7972972972972973,0.010135135135135136,0.11322624973880052,0.22925837481716035,0.20270270270270271,0.0,0.7871621621621622,0.010135135135135136,0.0,,0.11
fakeddit_real_lcc,text,0.80,kmeans_content,0,1,6,0.13830734047235005,0.18685501119958545,0.3378784003546764,0.008445945945945946,0.8006756756756757,0.010135135135135136,nan,nan,nan,nan,nan,nan,nan,,0.14
fakeddit_real_lcc,text,0.80,nfmcd_full,1,1,6,0.19825502505234893,0.7717127722262267,0.3271691144978816,0.010135135135135136,0.7972972972972973,0.010135135135135136,0.11281039719911017,0.22896727803937708,0.20270270270270271,0.0,0.7871621621621622,0.010135135135135136,0.0,,0.12
fakeddit_real_lcc,text,0.80,nfmcd_rank16,1,0,6,0.1664734903181495,0.7699606351556928,0.3146630626226563,0.010135135135135136,0.7972972972972973,0.010135135135135136,0.05386047302299675,0.18770233111609766,0.20270270270270271,0.0,0.7871621621621622,0.010135135135135136,0.0,,0.09
fakeddit_real_lcc,text,0.80,nfmcd_all_changes,1,1,6,0.1664734903181495,0.7699606351556928,0.31466306262265625,0.010135135135135136,0.7972972972972973,0.010135135135135136,0.09375000000000001,0.19218749999999996,0.20270270270270271,0.0,0.7871621621621622,0.010135135135135136,0.0,,0.09
fakeddit_real_lcc,text,0.80,nfmcd_all_changes,1,0,6,0.21751675123407788,0.7686022433030404,0.37281489798012674,0.010135135135135136,0.7972972972972973,0.010135135135135136,0.09375,0.19218749999999996,0.20270270270270271,0.0,0.7871621621621622,0.010135135135135136,0.0,,0.11
fakeddit_real_lcc,text,0.80,nfmcd_rank16,1,1,6,0.1664734903181495,0.7699606351556928,0.31466306262265625,0.010135135135135136,0.7972972972972973,0.010135135135135136,0.05416347805895309,0.18791443464126714,0.20270270270270271,0.0,0.7871621621621622,0.010135135135135136,0.0,,0.09
fakeddit_real_lcc,text,0.80,spectral_graph+content,1,1,6,0.5205753969593864,0.6134233527945143,0.6168148806361867,0.010135135135135136,0.7972972972972973,0.010135135135135136,nan,nan,nan,nan,nan,nan,nan,,0.08
fakeddit_real_lcc,text,0.80,spectral_graph+content,1,0,6,0.5205753969593864,0.6134233527945143,0.6168148806361867,0.010135135135135136,0.7972972972972973,0.010135135135135136,nan,nan,nan,nan,nan,nan,nan,,0.08
fakeddit_real_lcc,text,0.80,nfmcd_full,2,1,6,0.16685184125456687,0.7699606351556928,0.3151093766305988,0.008445945945945946,0.8141891891891891,0.010135135135135136,0.10131587208431389,0.22092111045901971,0.18412162162162163,0.0016891891891891893,0.8057432432432432,0.008445945945945946,0.0,,0.09
fakeddit_real_lcc,text,0.80,kmeans_content,1,1,6,0.1370480721582018,0.18881129064936958,0.32246681236203895,0.010135135135135136,0.7972972972972973,0.010135135135135136,nan,nan,nan,nan,nan,nan,nan,,0.14
fakeddit_real_lcc,text,0.80,nfmcd_full,2,0,6,0.16622714089442991,0.7699606351556928,0.3144070813239869,0.008445945945945946,0.8141891891891891,0.010135135135135136,0.10345931288521489,0.2224215190196504,0.18412162162162163,0.0016891891891891893,0.8057432432432432,0.008445945945945946,0.0,,0.11
fakeddit_real_lcc,text,0.80,kmeans_content,1,0,6,0.16259565190896685,0.2292817288542174,0.4203929289270718,0.010135135135135136,0.7972972972972973,0.010135135135135136,nan,nan,nan,nan,nan,nan,nan,,0.17
fakeddit_real_lcc,text,0.80,nfmcd_all_changes,2,0,6,0.16697860037708478,0.7698607122502369,0.3151764940636861,0.008445945945945946,0.8141891891891891,0.010135135135135136,0.08868243243243243,0.18990709459459457,0.18412162162162163,0.0016891891891891893,0.8057432432432432,0.008445945945945946,0.0,,0.09
fakeddit_real_lcc,text,0.80,nfmcd_all_changes,2,1,6,0.16698665182560135,0.7699606351556928,0.31528685197884,0.008445945945945946,0.8141891891891891,0.010135135135135136,0.08868243243243243,0.18990709459459457,0.18412162162162163,0.0016891891891891893,0.8057432432432432,0.008445945945945946,0.0,,0.09
fakeddit_real_lcc,text,0.80,nfmcd_rank16,2,0,6,0.17450950470494808,0.7397199647166042,0.3245169801774339,0.008445945945945946,0.8141891891891891,0.010135135135135136,0.05087019799258305,0.1856091385948081,0.18412162162162163,0.0016891891891891893,0.8057432432432432,0.008445945945945946,0.0,,0.14
fakeddit_real_lcc,text,0.80,spectral_graph+content,2,0,6,0.5121971647654918,0.6139797263304003,0.615291927055087,0.008445945945945946,0.8141891891891891,0.010135135135135136,nan,nan,nan,nan,nan,nan,nan,,0.06
fakeddit_real_lcc,text,0.80,spectral_graph+content,2,1,6,0.5121971647654918,0.6139797263304003,0.615291927055087,0.008445945945945946,0.8141891891891891,0.010135135135135136,nan,nan,nan,nan,nan,nan,nan,,0.06
fakeddit_real_lcc,text,0.80,nfmcd_rank16,2,1,6,0.16698665182560135,0.7699606351556928,0.31528685197884,0.008445945945945946,0.8141891891891891,0.010135135135135136,0.050734609653369345,0.1855142267573585,0.18412162162162163,0.0016891891891891893,0.8057432432432432,0.008445945945945946,0.0,,0.14
fakeddit_real_lcc,text,0.80,nfmcd_full,3,1,6,0.17130170533710487,0.74214835949034,0.32049711644564266,0.006756756756756757,0.7972972972972973,0.010135135135135136,0.11931248629423444,0.23351874040596407,0.19932432432432431,0.0033783783783783786,0.7905405405405406,0.006756756756756757,0.0,,0.12
fakeddit_real_lcc,text,0.80,nfmcd_full,3,0,6,0.16980606294018918,0.7453645245306127,0.31819616834107395,0.006756756756756757,0.7972972972972973,0.010135135135135136,0.11780472778645991,0.2324633094505219,0.19932432432432431,0.0033783783783783786,0.7905405405405406,0.006756756756756757,0.0,,0.12
fakeddit_real_lcc,text,0.80,kmeans_content,2,0,6,0.14591239171786397,0.19420906886997955,0.31217396224750027,0.008445945945945946,0.8141891891891891,0.010135135135135136,nan,nan,nan,nan,nan,nan,nan,,0.17
fakeddit_real_lcc,text,0.80,kmeans_content,2,1,6,0.14977122854903957,0.2061143700319617,0.35620843115665873,0.008445945945945946,0.8141891891891891,0.010135135135135136,nan,nan,nan,nan,nan,nan,nan,,0.2
fakeddit_real_lcc,text,0.80,nfmcd_all_changes,3,0,6,0.15062032046749274,0.7699606351556928,0.2945994364793038,0.006756756756756757,0.7972972972972973,0.010135135135135136,0.09712837837837837,0.19370777027027025,0.19932432432432431,0.0033783783783783786,0.7905405405405406,0.006756756756756757,0.0,,0.14
fakeddit_real_lcc,text,0.80,nfmcd_rank16,3,0,6,0.16534456965039457,0.7699606351556928,0.3133456417009189,0.006756756756756757,0.7972972972972973,0.010135135135135136,0.05713012136852858,0.18999108495796999,0.19932432432432431,0.0033783783783783786,0.7905405405405406,0.006756756756756757,0.0,,0.11
fakeddit_real_lcc,text,0.80,nfmcd_all_changes,3,1,6,0.2089145820530781,0.7644772578673577,0.3710466849836,0.006756756756756757,0.7972972972972973,0.010135135135135136,0.09712837837837837,0.19370777027027025,0.19932432432432431,0.0033783783783783786,0.7905405405405406,0.006756756756756757,0.0,,0.17
fakeddit_real_lcc,text,0.80,nfmcd_rank16,3,1,6,0.16534456965039457,0.7699606351556928,0.3133456417009189,0.006756756756756757,0.7972972972972973,0.010135135135135136,0.05783831459854568,0.19048682021898197,0.19932432432432431,0.0033783783783783786,0.7905405405405406,0.006756756756756757,0.0,,0.11
fakeddit_real_lcc,text,0.80,spectral_graph+content,3,0,6,0.5123108173021785,0.6173859664237351,0.6155533404300676,0.006756756756756757,0.7972972972972973,0.010135135135135136,nan,nan,nan,nan,nan,nan,nan,,0.06
fakeddit_real_lcc,text,0.80,spectral_graph+content,3,1,6,0.5123108173021785,0.6173859664237351,0.6155533404300676,0.006756756756756757,0.7972972972972973,0.010135135135135136,nan,nan,nan,nan,nan,nan,nan,,0.08
fakeddit_real_lcc,text,0.80,kmeans_content,3,0,6,0.23493535276122668,0.23767610989425533,0.42778355015597835,0.006756756756756757,0.7972972972972973,0.010135135135135136,nan,nan,nan,nan,nan,nan,nan,,0.12
fakeddit_real_lcc,text,0.80,nfmcd_full,4,0,6,0.16109667199274513,0.7699606351556928,0.307982377823886,0.006756756756756757,0.7804054054054054,0.010135135135135136,0.1242290073782561,0.23696030516477923,0.21621621621621623,0.0033783783783783786,0.7736486486486487,0.006756756756756757,0.0,,0.11
fakeddit_real_lcc,text,0.80,kmeans_content,3,1,6,0.16764457993581883,0.2235578661648928,0.4084491553050349,0.006756756756756757,0.7972972972972973,0.010135135135135136,nan,nan,nan,nan,nan,nan,nan,,0.16
fakeddit_real_lcc,text,0.80,nfmcd_full,4,1,6,0.21064085581164205,0.7679716796332668,0.3768689884024763,0.006756756756756757,0.7804054054054054,0.010135135135135136,0.1223533599162483,0.23564735194137373,0.21621621621621623,0.0033783783783783786,0.7736486486486487,0.006756756756756757,0.0,,0.12
fakeddit_real_lcc,text,0.80,nfmcd_all_changes,4,0,6,0.21751675123407788,0.7686022433030404,0.37281489798012674,0.006756756756756757,0.7804054054054054,0.010135135135135136,0.10472972972972974,0.19712837837837835,0.21621621621621623,0.0033783783783783786,0.7736486486486487,0.006756756756756757,0.0,,0.09
fakeddit_real_lcc,text,0.80,nfmcd_all_changes,4,1,6,0.2160074757688908,0.7662884450609583,0.3430727683899338,0.006756756756756757,0.7804054054054054,0.010135135135135136,0.10472972972972973,0.19712837837837835,0.21621621621621623,0.0033783783783783786,0.7736486486486487,0.006756756756756757,0.0,,0.09
fakeddit_real_lcc,text,0.80,nfmcd_rank16,4,0,6,0.21121958670315366,0.7683001310039427,0.3735586469402355,0.006756756756756757,0.7804054054054054,0.010135135135135136,0.04958178849627889,0.18470725194739518,0.21621621621621623,0.0033783783783783786,0.7736486486486487,0.006756756756756757,0.0,,0.09
fakeddit_real_lcc,text,0.80,spectral_graph+content,4,0,6,0.5121971647654918,0.6139797263304003,0.615291927055087,0.006756756756756757,0.7804054054054054,0.010135135135135136,nan,nan,nan,nan,nan,nan,nan,,0.06
fakeddit_real_lcc,text,0.80,nfmcd_rank16,4,1,6,0.21746408286671293,0.7662884450609583,0.3393920965676691,0.006756756756756757,0.7804054054054054,0.010135135135135136,0.04995171068398619,0.18496619747879028,0.21621621621621623,0.0033783783783783786,0.7736486486486487,0.006756756756756757,0.0,,0.11
fakeddit_real_lcc,text,0.80,spectral_graph+content,4,1,6,0.5121971647654918,0.6139797263304003,0.615291927055087,0.006756756756756757,0.7804054054054054,0.010135135135135136,nan,nan,nan,nan,nan,nan,nan,,0.09
fakeddit_real_lcc,text,0.80,kmeans_content,4,0,6,0.23437078207002227,0.22806704759330318,0.3946188940055532,0.006756756756756757,0.7804054054054054,0.010135135135135136,nan,nan,nan,nan,nan,nan,nan,,0.16
fakeddit_real_lcc,text,0.80,kmeans_content,4,1,6,0.18540459004986554,0.22322540388646,0.3966956009373323,0.006756756756756757,0.7804054054054054,0.010135135135135136,nan,nan,nan,nan,nan,nan,nan,,0.19
fakeddit_real_lcc,both,0.10,nfmcd_all_changes,0,0,6,0.19850277173340847,0.724616232789635,0.3582453443316353,0.010135135135135136,0.08952702702702703,0.1097972972972973,0.4045608108108108,0.33205236486486484,0.8108108108108109,0.09966216216216216,0.07939189189189189,0.010135135135135136,0.0,,0.2
fakeddit_real_lcc,both,0.10,nfmcd_full,0,0,6,0.1494806932634274,0.7226434258347768,0.3109772236757715,0.010135135135135136,0.08952702702702703,0.1097972972972973,0.49451090641321194,0.4961576344892483,0.8108108108108109,0.09966216216216216,0.07939189189189189,0.010135135135135136,0.0,,0.34
fakeddit_real_lcc,both,0.10,nfmcd_all_changes,0,1,6,0.1588825805852192,0.7909560757679597,0.30918470100204415,0.010135135135135136,0.08952702702702703,0.1097972972972973,0.4045608108108108,0.33205236486486484,0.8108108108108109,0.09966216216216216,0.07939189189189189,0.010135135135135136,0.0,,0.3
fakeddit_real_lcc,both,0.10,nfmcd_full,0,1,6,0.14778865828376564,0.6435586261386358,0.32952916195727283,0.010135135135135136,0.08952702702702703,0.1097972972972973,0.49548088496257914,0.4968366194738054,0.8108108108108109,0.09966216216216216,0.07939189189189189,0.010135135135135136,0.0,,0.45
fakeddit_real_lcc,both,0.10,spectral_graph+content,0,0,6,0.5178401411163357,0.6180382402977045,0.6164633006077607,0.010135135135135136,0.08952702702702703,0.1097972972972973,nan,nan,nan,nan,nan,nan,nan,,0.06
fakeddit_real_lcc,both,0.10,spectral_graph+content,0,1,6,0.5178401411163357,0.6180382402977045,0.6164633006077607,0.010135135135135136,0.08952702702702703,0.1097972972972973,nan,nan,nan,nan,nan,nan,nan,,0.06
fakeddit_real_lcc,both,0.10,nfmcd_rank16,0,0,6,0.18258128008829,0.7208854706160723,0.3297558355853864,0.010135135135135136,0.08952702702702703,0.1097972972972973,0.3053322164807004,0.36373255153649026,0.8108108108108109,0.09966216216216216,0.07939189189189189,0.010135135135135136,0.0,,0.27
fakeddit_real_lcc,both,0.10,nfmcd_rank16,0,1,6,0.1808144086237693,0.719847479169543,0.3281513581175312,0.010135135135135136,0.08952702702702703,0.1097972972972973,0.3074991681776066,0.3652494177243246,0.8108108108108109,0.09966216216216216,0.07939189189189189,0.010135135135135136,0.0,,0.25
fakeddit_real_lcc,both,0.10,kmeans_content,0,0,6,0.18899844303918,0.23595804805023188,0.3231004457294137,0.010135135135135136,0.08952702702702703,0.1097972972972973,nan,nan,nan,nan,nan,nan,nan,,0.14
fakeddit_real_lcc,both,0.10,kmeans_content,0,1,6,0.15632398864375519,0.26147628269209006,0.3431306029166789,0.010135135135135136,0.08952702702702703,0.1097972972972973,nan,nan,nan,nan,nan,nan,nan,,0.16
fakeddit_real_lcc,both,0.10,nfmcd_all_changes,1,0,6,0.16200144451315146,0.7759036986177794,0.3228932754193394,0.006756756756756757,0.08277027027027027,0.09966216216216216,0.41131756756756754,0.33509290540540543,0.8243243243243243,0.0929054054054054,0.07601351351351351,0.006756756756756757,0.0,,0.28
fakeddit_real_lcc,both,0.10,nfmcd_all_changes,1,1,6,0.20957392618250026,0.724059148017199,0.3517996463789845,0.006756756756756757,0.08277027027027027,0.09966216216216216,0.41131756756756754,0.3350929054054054,0.8243243243243243,0.0929054054054054,0.07601351351351351,0.006756756756756757,0.0,,0.28
fakeddit_real_lcc,both,0.10,nfmcd_full,1,1,6,0.14893412597511946,0.6329830574942289,0.3328983162357339,0.006756756756756757,0.08277027027027027,0.09966216216216216,0.49898727225337247,0.49929109057736076,0.8243243243243243,0.0929054054054054,0.07601351351351351,0.006756756756756757,0.0,,0.41
fakeddit_real_lcc,both,0.10,nfmcd_full,1,0,6,0.1498730613297654,0.727982159762128,0.31175273358699146,0.006756756756756757,0.08277027027027027,0.09966216216216216,0.4991196172489907,0.49938373207429343,0.8243243243243243,0.0929054054054054,0.07601351351351351,0.006756756756756757,0.0,,0.42
fakeddit_real_lcc,both,0.10,spectral_graph+content,1,0,6,0.5177226968074373,0.617386654341054,0.6162032355915066,0.006756756756756757,0.08277027027027027,0.09966216216216216,nan,nan,nan,nan,nan,nan,nan,,0.06
fakeddit_real_lcc,both,0.10,spectral_graph+content,1,1,6,0.5177226968074373,0.617386654341054,0.6162032355915066,0.006756756756756757,0.08277027027027027,0.09966216216216216,nan,nan,nan,nan,nan,nan,nan,,0.06
fakeddit_real_lcc,both,0.10,nfmcd_rank16,1,0,6,0.17652595308182406,0.7205694017571344,0.3249983232967555,0.006756756756756757,0.08277027027027027,0.09966216216216216,0.30652416718674813,0.36456691703072364,0.8243243243243243,0.0929054054054054,0.07601351351351351,0.006756756756756757,0.0,,0.22
fakeddit_real_lcc,both,0.10,kmeans_content,1,1,6,0.18211139224369177,0.2244298829837483,0.321339528250943,0.006756756756756757,0.08277027027027027,0.09966216216216216,nan,nan,nan,nan,nan,nan,nan,,0.12
fakeddit_real_lcc,both,0.10,kmeans_content,1,0,6,0.16224027004825725,0.25783162094972206,0.28443053334694196,0.006756756756756757,0.08277027027027027,0.09966216216216216,nan,nan,nan,nan,nan,nan,nan,,0.14
fakeddit_real_lcc,both,0.10,nfmcd_rank16,1,1,6,0.17690472159379977,0.7218785550532243,0.32324968257412706,0.006756756756756757,0.08277027027027027,0.09966216216216216,0.30106236689252697,0.36074365682476883,0.8243243243243243,0.0929054054054054,0.07601351351351351,0.006756756756756757,0.0,,0.25
fakeddit_real_lcc,both,0.10,nfmcd_all_changes,2,0,6,0.1577114184838968,0.7910509558896806,0.30825760613035397,0.013513513513513514,0.1097972972972973,0.1266891891891892,0.38682432432432434,0.3240709459459459,0.777027027027027,0.11317567567567567,0.09628378378378379,0.013513513513513514,0.0,,0.25
fakeddit_real_lcc,both,0.10,nfmcd_all_changes,2,1,6,0.2106862958594542,0.7669352505752243,0.36852205537339394,0.013513513513513514,0.1097972972972973,0.1266891891891892,0.38682432432432434,0.3240709459459459,0.777027027027027,0.11317567567567567,0.09628378378378379,0.013513513513513514,0.0,,0.27
fakeddit_real_lcc,both,0.10,nfmcd_full,2,0,6,0.15094245887421676,0.7785053494491141,0.31292244128710756,0.013513513513513514,0.1097972972972973,0.1266891891891892,0.47947299343033517,0.48563109540123456,0.777027027027027,0.11317567567567567,0.09628378378378379,0.013513513513513514,0.0,,0.36
fakeddit_real_lcc,both,0.10,nfmcd_full,2,1,6,0.14628713005121596,0.6802678006155833,0.3304890943263486,0.013513513513513514,0.1097972972972973,0.1266891891891892,0.47899934926115706,0.4852995444828098,0.777027027027027,0.11317567567567567,0.09628378378378379,0.013513513513513514,0.0,,0.34
fakeddit_real_lcc,both,0.10,spectral_graph+content,2,0,6,0.5234312119466082,0.6182565083012207,0.6180450134058382,0.013513513513513514,0.1097972972972973,0.1266891891891892,nan,nan,nan,nan,nan,nan,nan,,0.06
fakeddit_real_lcc,both,0.10,spectral_graph+content,2,1,6,0.5234312119466082,0.6182565083012207,0.6180450134058382,0.013513513513513514,0.1097972972972973,0.1266891891891892,nan,nan,nan,nan,nan,nan,nan,,0.06
fakeddit_real_lcc,both,0.10,nfmcd_rank16,2,0,6,0.17611755891099978,0.7224411081853638,0.32766808774583195,0.013513513513513514,0.1097972972972973,0.1266891891891892,0.29095504575745407,0.3536685320302178,0.777027027027027,0.11317567567567567,0.09628378378378379,0.013513513513513514,0.0,,0.2
fakeddit_real_lcc,both,0.10,nfmcd_rank16,2,1,6,0.17671227810204804,0.723959854730984,0.32903144924229266,0.013513513513513514,0.1097972972972973,0.1266891891891892,0.2900087608003529,0.353006132560247,0.777027027027027,0.11317567567567567,0.09628378378378379,0.013513513513513514,0.0,,0.22
fakeddit_real_lcc,both,0.10,kmeans_content,2,0,6,0.18774924344480293,0.23883527972542912,0.3507499731268601,0.013513513513513514,0.1097972972972973,0.1266891891891892,nan,nan,nan,nan,nan,nan,nan,,0.12
fakeddit_real_lcc,both,0.10,kmeans_content,2,1,6,0.1923139637820115,0.22944504508954067,0.34014033152435147,0.013513513513513514,0.1097972972972973,0.1266891891891892,nan,nan,nan,nan,nan,nan,nan,,0.11
fakeddit_real_lcc,both,0.10,nfmcd_all_changes,3,0,6,0.15218605333871071,0.7601143346566881,0.32361837102857977,0.02702702702702703,0.09966216216216216,0.11824324324324324,0.4045608108108108,0.33205236486486484,0.8091216216216216,0.09121621621621621,0.07263513513513513,0.02702702702702703,0.0,,0.23
fakeddit_real_lcc,both,0.10,nfmcd_all_changes,3,1,6,0.1434709379796708,0.7879583711148601,0.31391687388200934,0.02702702702702703,0.09966216216216216,0.11824324324324324,0.4045608108108108,0.33205236486486484,0.8091216216216216,0.09121621621621621,0.07263513513513513,0.02702702702702703,0.0,,0.3
fakeddit_real_lcc,both,0.10,nfmcd_full,3,0,6,0.14949327804709944,0.7285932168950489,0.3111223159352972,0.02702702702702703,0.09966216216216216,0.11824324324324324,0.4987171230195907,0.49910198611371354,0.8091216216216216,0.09121621621621621,0.07263513513513513,0.02702702702702703,0.0,,0.39
fakeddit_real_lcc,both,0.10,nfmcd_full,3,1,6,0.14754773622234296,0.653056286642601,0.32848939679810485,0.02702702702702703,0.09966216216216216,0.11824324324324324,0.4974002588114509,0.49818018116801555,0.8091216216216216,0.09121621621621621,0.07263513513513513,0.02702702702702703,0.0,,0.38
fakeddit_real_lcc,both,0.10,spectral_graph+content,3,0,6,0.5234312119466082,0.6182565083012207,0.6180450134058382,0.02702702702702703,0.09966216216216216,0.11824324324324324,nan,nan,nan,nan,nan,nan,nan,,0.08
fakeddit_real_lcc,both,0.10,spectral_graph+content,3,1,6,0.5234312119466082,0.6182565083012207,0.6180450134058382,0.02702702702702703,0.09966216216216216,0.11824324324324324,nan,nan,nan,nan,nan,nan,nan,,0.06
fakeddit_real_lcc,both,0.10,nfmcd_rank16,3,0,6,0.17696159929132227,0.7197383859764394,0.3246910351965851,0.02702702702702703,0.09966216216216216,0.11824324324324324,0.29273690214924797,0.3549158315044736,0.8091216216216216,0.09121621621621621,0.07263513513513513,0.02702702702702703,0.0,,0.25
fakeddit_real_lcc,both,0.10,kmeans_content,3,0,6,0.16190972203021736,0.2923811373024554,0.3380473653027871,0.02702702702702703,0.09966216216216216,0.11824324324324324,nan,nan,nan,nan,nan,nan,nan,,0.11
fakeddit_real_lcc,both,0.10,kmeans_content,3,1,6,0.15050345816458188,0.24055111458287826,0.37363561759410396,0.02702702702702703,0.09966216216216216,0.11824324324324324,nan,nan,nan,nan,nan,nan,nan,,0.11
fakeddit_real_lcc,both,0.10,nfmcd_rank16,3,1,6,0.1764076934579697,0.7198189539200449,0.32434601377248984,0.02702702702702703,0.09966216216216216,0.11824324324324324,0.29364408179155627,0.3555508572540894,0.8091216216216216,0.09121621621621621,0.07263513513513513,0.02702702702702703,0.0,,0.25
fakeddit_real_lcc,both,0.10,nfmcd_all_changes,4,0,6,0.20053112491802583,0.7866324629511926,0.3829425307521475,0.008445945945945946,0.0945945945945946,0.10135135135135136,0.40624999999999994,0.33281249999999996,0.8125,0.0929054054054054,0.08614864864864864,0.008445945945945946,0.0,,0.25
fakeddit_real_lcc,both,0.10,nfmcd_all_changes,4,1,6,0.19789859194631687,0.7866324629511926,0.38052522271204064,0.008445945945945946,0.0945945945945946,0.10135135135135136,0.40625,0.33281249999999996,0.8125,0.0929054054054054,0.08614864864864864,0.008445945945945946,0.0,,0.26
fakeddit_real_lcc,both,0.10,nfmcd_full,4,0,6,0.15150570740553926,0.7334348372826609,0.3098935621626026,0.008445945945945946,0.0945945945945946,0.10135135135135136,0.4913935964002052,0.4939755174801436,0.8125,0.0929054054054054,0.08614864864864864,0.008445945945945946,0.0,,0.38
fakeddit_real_lcc,both,0.10,spectral_graph+content,4,0,6,0.5283427683150133,0.6188474817463181,0.6200864890135578,0.008445945945945946,0.0945945945945946,0.10135135135135136,nan,nan,nan,nan,nan,nan,nan,,0.06
fakeddit_real_lcc,both,0.10,nfmcd_full,4,1,6,0.14751927589895653,0.6300449451363201,0.3303152941593761,0.008445945945945946,0.0945945945945946,0.10135135135135136,0.49194058562303566,0.49435840993612484,0.8125,0.0929054054054054,0.08614864864864864,0.008445945945945946,0.0,,0.48
fakeddit_real_lcc,both,0.10,spectral_graph+content,4,1,6,0.5283427683150133,0.6188474817463181,0.6200864890135578,0.008445945945945946,0.0945945945945946,0.10135135135135136,nan,nan,nan,nan,nan,nan,nan,,0.06
fakeddit_real_lcc,both,0.10,nfmcd_rank16,4,1,6,0.17751302024109106,0.7192087304496375,0.32282107716550584,0.008445945945945946,0.0945945945945946,0.10135135135135136,0.30057780787407096,0.3604044655118496,0.8125,0.0929054054054054,0.08614864864864864,0.008445945945945946,0.0,,0.24
fakeddit_real_lcc,both,0.10,nfmcd_rank16,4,0,6,0.18500630704676335,0.7220369859096227,0.34376967848245576,0.008445945945945946,0.0945945945945946,0.10135135135135136,0.2997817164916011,0.35984720154412075,0.8125,0.0929054054054054,0.08614864864864864,0.008445945945945946,0.0,,0.3
fakeddit_real_lcc,both,0.10,kmeans_content,4,0,6,0.1668085018013945,0.21482738504636348,0.30005906994640347,0.008445945945945946,0.0945945945945946,0.10135135135135136,nan,nan,nan,nan,nan,nan,nan,,0.11
fakeddit_real_lcc,both,0.10,kmeans_content,4,1,6,0.16571852293395373,0.24364301727018764,0.30929871711516305,0.008445945945945946,0.0945945945945946,0.10135135135135136,nan,nan,nan,nan,nan,nan,nan,,0.16
fakeddit_real_lcc,both,0.20,nfmcd_all_changes,0,0,6,0.21379522770132375,0.7877267645111291,0.39685214346231296,0.05067567567567568,0.20777027027027026,0.20101351351351351,0.31925675675675674,0.2936655405405405,0.6418918918918919,0.15033783783783783,0.1570945945945946,0.05067567567567568,0.0,,0.17
fakeddit_real_lcc,both,0.20,nfmcd_full,0,0,6,0.18952251823463406,0.7418423470498333,0.3792968115116672,0.05067567567567568,0.20777027027027026,0.20101351351351351,0.3914270052383536,0.42399890366684745,0.6418918918918919,0.15033783783783783,0.1570945945945946,0.05067567567567568,0.0,,0.26
fakeddit_real_lcc,both,0.20,nfmcd_all_changes,0,1,6,0.21087416887610622,0.7663688089612914,0.368097907066732,0.05067567567567568,0.20777027027027026,0.20101351351351351,0.31925675675675674,0.2936655405405405,0.6418918918918919,0.15033783783783783,0.1570945945945946,0.05067567567567568,0.0,,0.19
fakeddit_real_lcc,both,0.20,nfmcd_full,0,1,6,0.18377807270341828,0.7600160207781812,0.35509192758869607,0.05067567567567568,0.20777027027027026,0.20101351351351351,0.3869387756267079,0.4208571429386955,0.6418918918918919,0.15033783783783783,0.1570945945945946,0.05067567567567568,0.0,,0.25
fakeddit_real_lcc,both,0.20,spectral_graph+content,0,0,6,0.5197545424373842,0.619114842561202,0.618721966126393,0.05067567567567568,0.20777027027027026,0.20101351351351351,nan,nan,nan,nan,nan,nan,nan,,0.08
fakeddit_real_lcc,both,0.20,spectral_graph+content,0,1,6,0.5197545424373842,0.619114842561202,0.618721966126393,0.05067567567567568,0.20777027027027026,0.20101351351351351,nan,nan,nan,nan,nan,nan,nan,,0.09
fakeddit_real_lcc,both,0.20,nfmcd_rank16,0,0,6,0.1783171547227158,0.7210458952667336,0.32702599563898077,0.05067567567567568,0.20777027027027026,0.20101351351351351,0.23235974080347016,0.3126518185624291,0.6418918918918919,0.15033783783783783,0.1570945945945946,0.05067567567567568,0.0,,0.17
fakeddit_real_lcc,both,0.20,nfmcd_rank16,0,1,6,0.17783407645104998,0.721634111212748,0.3267519431702927,0.05067567567567568,0.20777027027027026,0.20101351351351351,0.2311246921658834,0.3117872845161183,0.6418918918918919,0.15033783783783783,0.1570945945945946,0.05067567567567568,0.0,,0.17
fakeddit_real_lcc,both,0.20,kmeans_content,0,0,6,0.11643833809292614,0.14919441209192613,0.27858454874822386,0.05067567567567568,0.20777027027027026,0.20101351351351351,nan,nan,nan,nan,nan,nan,nan,,0.12
fakeddit_real_lcc,both,0.20,kmeans_content,0,1,6,0.12627191056033948,0.19382026149929296,0.2948098442057015,0.05067567567567568,0.20777027027027026,0.20101351351351351,nan,nan,nan,nan,nan,nan,nan,,0.12
fakeddit_real_lcc,both,0.20,nfmcd_all_changes,1,0,6,0.1850907279180376,0.7450628261478679,0.3470282883517574,0.03209459459459459,0.19425675675675674,0.19594594594594594,0.31925675675675674,0.2936655405405405,0.6418918918918919,0.16385135135135134,0.16216216216216217,0.03209459459459459,0.0,,0.19
fakeddit_real_lcc,both,0.20,nfmcd_full,1,0,6,0.16332975105467784,0.7287445820244103,0.2995423964440287,0.03209459459459459,0.19425675675675674,0.19594594594594594,0.39603692110071925,0.4272258447705034,0.6418918918918919,0.16385135135135134,0.16216216216216217,0.03209459459459459,0.0,,0.28
fakeddit_real_lcc,both,0.20,nfmcd_all_changes,1,1,6,0.21083922147284706,0.7669230487875276,0.3664139373801371,0.03209459459459459,0.19425675675675674,0.19594594594594594,0.31925675675675674,0.2936655405405405,0.6418918918918919,0.16385135135135134,0.16216216216216217,0.03209459459459459,0.0,,0.19
fakeddit_real_lcc,both,0.20,nfmcd_full,1,1,6,0.17578722451081807,0.7421082504127707,0.3228578103658754,0.03209459459459459,0.19425675675675674,0.19594594594594594,0.389775511856032,0.4228428582992224,0.6418918918918919,0.16385135135135134,0.16216216216216217,0.03209459459459459,0.0,,0.3
fakeddit_real_lcc,both,0.20,spectral_graph+content,1,0,6,0.5234312119466082,0.6182565083012207,0.6180450134058382,0.03209459459459459,0.19425675675675674,0.19594594594594594,nan,nan,nan,nan,nan,nan,nan,,0.08
fakeddit_real_lcc,both,0.20,spectral_graph+content,1,1,6,0.5234312119466082,0.6182565083012207,0.6180450134058382,0.03209459459459459,0.19425675675675674,0.19594594594594594,nan,nan,nan,nan,nan,nan,nan,,0.06
fakeddit_real_lcc,both,0.20,nfmcd_rank16,1,0,6,0.17792937185696012,0.7423292292769076,0.31795637569536095,0.03209459459459459,0.19425675675675674,0.19594594594594594,0.22284894529883828,0.30599426170918675,0.6418918918918919,0.16385135135135134,0.16216216216216217,0.03209459459459459,0.0,,0.17
fakeddit_real_lcc,both,0.20,nfmcd_rank16,1,1,6,0.18417235883633687,0.7393606270242769,0.32469662213778266,0.03209459459459459,0.19425675675675674,0.19594594594594594,0.22272026259154382,0.3059041838140806,0.6418918918918919,0.16385135135135134,0.16216216216216217,0.03209459459459459,0.0,,0.19
fakeddit_real_lcc,both,0.20,kmeans_content,1,1,6,0.14081395137226593,0.15379562869585767,0.29343072173477713,0.03209459459459459,0.19425675675675674,0.19594594594594594,nan,nan,nan,nan,nan,nan,nan,,0.09
fakeddit_real_lcc,both,0.20,kmeans_content,1,0,6,0.052052081430189245,0.14574350984114112,0.19287005855487996,0.03209459459459459,0.19425675675675674,0.19594594594594594,nan,nan,nan,nan,nan,nan,nan,,0.11
fakeddit_real_lcc,both,0.20,nfmcd_all_changes,2,0,6,0.18453801932428426,0.7295415400680182,0.3446608894893977,0.04054054054054054,0.21114864864864866,0.21114864864864866,0.30574324324324326,0.2875844594594595,0.6182432432432432,0.17060810810810811,0.17060810810810811,0.04054054054054054,0.0,,0.19
fakeddit_real_lcc,both,0.20,nfmcd_all_changes,2,1,6,0.22637745227603,0.7662884450609583,0.34306174817010726,0.04054054054054054,0.21114864864864866,0.21114864864864866,0.30574324324324326,0.2875844594594595,0.6182432432432432,0.17060810810810811,0.17060810810810811,0.04054054054054054,0.0,,0.22
fakeddit_real_lcc,both,0.20,nfmcd_full,2,1,6,0.1699922708541277,0.728927603010051,0.3330692042505683,0.04054054054054054,0.21114864864864866,0.21114864864864866,0.3706531710050134,0.40945721970350935,0.6182432432432432,0.17060810810810811,0.17060810810810811,0.04054054054054054,0.0,,0.25
fakeddit_real_lcc,both,0.20,nfmcd_full,2,0,6,0.16127109924218574,0.7334216444276406,0.3211614728533934,0.04054054054054054,0.21114864864864866,0.21114864864864866,0.37606501806618436,0.41324551264632897,0.6182432432432432,0.17060810810810811,0.17060810810810811,0.04054054054054054,0.0,,0.3
fakeddit_real_lcc,both,0.20,spectral_graph+content,2,0,6,0.5234312119466082,0.6182565083012207,0.6180450134058382,0.04054054054054054,0.21114864864864866,0.21114864864864866,nan,nan,nan,nan,nan,nan,nan,,0.08
fakeddit_real_lcc,both,0.20,spectral_graph+content,2,1,6,0.5234312119466082,0.6182565083012207,0.6180450134058382,0.04054054054054054,0.21114864864864866,0.21114864864864866,nan,nan,nan,nan,nan,nan,nan,,0.09
fakeddit_real_lcc,both,0.20,nfmcd_rank16,2,0,6,0.1722287595254275,0.7391527768872747,0.32130696250816404,0.04054054054054054,0.21114864864864866,0.21114864864864866,0.21995019570360264,0.3039651369925218,0.6182432432432432,0.17060810810810811,0.17060810810810811,0.04054054054054054,0.0,,0.17
fakeddit_real_lcc,both,0.20,nfmcd_rank16,2,1,6,0.17083562079774717,0.7451927492441917,0.3195525419342092,0.04054054054054054,0.21114864864864866,0.21114864864864866,0.2200214815728806,0.3040150371010164,0.6182432432432432,0.17060810810810811,0.17060810810810811,0.04054054054054054,0.0,,0.16
fakeddit_real_lcc,both,0.20,kmeans_content,2,0,6,0.15281755107104145,0.11224598813323972,0.2904950722236513,0.04054054054054054,0.21114864864864866,0.21114864864864866,nan,nan,nan,nan,nan,nan,nan,,0.12
fakeddit_real_lcc,both,0.20,kmeans_content,2,1,6,0.15122844805305002,0.1637619765967963,0.30040248092389416,0.04054054054054054,0.21114864864864866,0.21114864864864866,nan,nan,nan,nan,nan,nan,nan,,0.11
fakeddit_real_lcc,both,0.20,nfmcd_full,3,1,6,0.14632875480629304,0.7083405112841702,0.3313034654819482,0.060810810810810814,0.20945945945945946,0.2195945945945946,0.3860613241375096,0.42024292689625664,0.6317567567567568,0.15878378378378377,0.14864864864864866,0.060810810810810814,0.0,,0.27
fakeddit_real_lcc,both,0.20,nfmcd_full,3,0,6,0.20644084841093746,0.7388447589928895,0.36108549853972466,0.060810810810810814,0.20945945945945946,0.2195945945945946,0.38731964425259524,0.42112375097681665,0.6317567567567568,0.15878378378378377,0.14864864864864866,0.060810810810810814,0.0,,0.3
fakeddit_real_lcc,both,0.20,nfmcd_all_changes,3,0,6,0.21988044293214348,0.7877267645111291,0.40072434960294395,0.060810810810810814,0.20945945945945946,0.2195945945945946,0.3141891891891892,0.2913851351351351,0.6317567567567568,0.15878378378378377,0.14864864864864866,0.060810810810810814,0.0,,0.2
fakeddit_real_lcc,both,0.20,nfmcd_all_changes,3,1,6,0.21969743771297012,0.7877267645111291,0.4004800052800757,0.060810810810810814,0.20945945945945946,0.2195945945945946,0.3141891891891892,0.29138513513513514,0.6317567567567568,0.15878378378378377,0.14864864864864866,0.060810810810810814,0.0,,0.22
fakeddit_real_lcc,both,0.20,spectral_graph+content,3,0,6,0.512757409455048,0.6179386030528301,0.6141773789826481,0.060810810810810814,0.20945945945945946,0.2195945945945946,nan,nan,nan,nan,nan,nan,nan,,0.08
fakeddit_real_lcc,both,0.20,spectral_graph+content,3,1,6,0.512757409455048,0.6179386030528301,0.6141773789826481,0.060810810810810814,0.20945945945945946,0.2195945945945946,nan,nan,nan,nan,nan,nan,nan,,0.12
fakeddit_real_lcc,both,0.20,kmeans_content,3,0,6,0.1376995158795551,0.17220487329723122,0.3042127600229073,0.060810810810810814,0.20945945945945946,0.2195945945945946,nan,nan,nan,nan,nan,nan,nan,,0.09
fakeddit_real_lcc,both,0.20,nfmcd_rank16,3,0,6,0.1983322163977661,0.7248507717866826,0.3406070096326648,0.060810810810810814,0.20945945945945946,0.2195945945945946,0.22293791517976572,0.30605654062583604,0.6317567567567568,0.15878378378378377,0.14864864864864866,0.060810810810810814,0.0,,0.22
fakeddit_real_lcc,both,0.20,nfmcd_rank16,3,1,6,0.19911540460543242,0.7270871210323246,0.3409048080201665,0.060810810810810814,0.20945945945945946,0.2195945945945946,0.22237352555782605,0.30566146789047816,0.6317567567567568,0.15878378378378377,0.14864864864864866,0.060810810810810814,0.0,,0.2
fakeddit_real_lcc,both,0.20,kmeans_content,3,1,6,0.12847494086085298,0.14839857337141318,0.31894532967344497,0.060810810810810814,0.20945945945945946,0.2195945945945946,nan,nan,nan,nan,nan,nan,nan,,0.12
fakeddit_real_lcc,both,0.20,nfmcd_all_changes,4,0,6,0.20456119270328044,0.7608526098551198,0.3665012473156441,0.03885135135135135,0.18412162162162163,0.19256756756756757,0.3302364864864865,0.29860641891891887,0.6621621621621622,0.15371621621621623,0.14527027027027026,0.03885135135135135,0.0,,0.19
fakeddit_real_lcc,both,0.20,nfmcd_full,4,0,6,0.17143176616203948,0.7329458854738224,0.3378851209804676,0.03885135135135135,0.18412162162162163,0.19256756756756757,0.40216639782778624,0.4315164784794503,0.6621621621621622,0.15371621621621623,0.14527027027027026,0.03885135135135135,0.0,,0.25
fakeddit_real_lcc,both,0.20,nfmcd_full,4,1,6,0.16890330193916303,0.7285701075369843,0.3312528579312455,0.03885135135135135,0.18412162162162163,0.19256756756756757,0.4014525650040282,0.43101679550281974,0.6621621621621622,0.15371621621621623,0.14527027027027026,0.03885135135135135,0.0,,0.25
fakeddit_real_lcc,both,0.20,nfmcd_all_changes,4,1,6,0.21511874454581859,0.7877267645111291,0.39821923930373665,0.03885135135135135,0.18412162162162163,0.19256756756756757,0.3302364864864865,0.29860641891891887,0.6621621621621622,0.15371621621621623,0.14527027027027026,0.03885135135135135,0.0,,0.19
fakeddit_real_lcc,both,0.20,spectral_graph+content,4,0,6,0.5283427683150133,0.6188474817463181,0.6200864890135578,0.03885135135135135,0.18412162162162163,0.19256756756756757,nan,nan,nan,nan,nan,nan,nan,,0.08
fakeddit_real_lcc,both,0.20,spectral_graph+content,4,1,6,0.5283427683150133,0.6188474817463181,0.6200864890135578,0.03885135135135135,0.18412162162162163,0.19256756756756757,nan,nan,nan,nan,nan,nan,nan,,0.08
fakeddit_real_lcc,both,0.20,nfmcd_rank16,4,0,6,0.18508239523214953,0.7139999021291868,0.3392379240268366,0.03885135135135135,0.18412162162162163,0.19256756756756757,0.23890846821339387,0.3172359277493757,0.6621621621621622,0.15371621621621623,0.14527027027027026,0.03885135135135135,0.0,,0.2
fakeddit_real_lcc,both,0.20,kmeans_content,4,0,6,0.13391090437616027,0.15586635310229316,0.3637449515152856,0.03885135135135135,0.18412162162162163,0.19256756756756757,nan,nan,nan,nan,nan,nan,nan,,0.09
fakeddit_real_lcc,both,0.20,nfmcd_rank16,4,1,6,0.18454506881304733,0.7147878006514949,0.3392978005620917,0.03885135135135135,0.18412162162162163,0.19256756756756757,0.23823697995034726,0.3167658859652431,0.6621621621621622,0.15371621621621623,0.14527027027027026,0.03885135135135135,0.0,,0.22
fakeddit_real_lcc,both,0.20,kmeans_content,4,1,6,0.13415972478403027,0.15679886000673857,0.272506155688408,0.03885135135135135,0.18412162162162163,0.19256756756756757,nan,nan,nan,nan,nan,nan,nan,,0.14
fakeddit_real_lcc,both,0.40,nfmcd_full,0,0,6,0.19267484139348778,0.7405539595290779,0.3332099705812434,0.18243243243243243,0.3969594594594595,0.4155405405405405,0.21905203434752496,0.3033364240432674,0.36993243243243246,0.23310810810810811,0.21452702702702703,0.18243243243243243,0.0,,0.14
fakeddit_real_lcc,both,0.40,nfmcd_all_changes,0,0,6,0.2089145820530781,0.7644772578673577,0.3710466849836,0.18243243243243243,0.3969594594594595,0.4155405405405405,0.17989864864864866,0.23095439189189185,0.36993243243243246,0.23310810810810811,0.21452702702702703,0.18243243243243243,0.0,,0.12
fakeddit_real_lcc,both,0.40,nfmcd_full,0,1,6,0.1911631124056139,0.7765938720721671,0.3089642402561336,0.18243243243243243,0.3969594594594595,0.4155405405405405,0.21780916199243353,0.30246641339470337,0.36993243243243246,0.23310810810810811,0.21452702702702703,0.18243243243243243,0.0,,0.17
fakeddit_real_lcc,both,0.40,nfmcd_all_changes,0,1,6,0.16514644821297875,0.7699606351556928,0.31450404137432153,0.18243243243243243,0.3969594594594595,0.4155405405405405,0.17989864864864866,0.23095439189189185,0.36993243243243246,0.23310810810810811,0.21452702702702703,0.18243243243243243,0.0,,0.12
fakeddit_real_lcc,both,0.40,nfmcd_rank16,0,0,6,0.20459005389429552,0.7451830950824977,0.34344371507834176,0.18243243243243243,0.3969594594594595,0.4155405405405405,0.11763048729967142,0.23234134110976995,0.36993243243243246,0.23310810810810811,0.21452702702702703,0.18243243243243243,0.0,,0.09
fakeddit_real_lcc,both,0.40,spectral_graph+content,0,0,6,0.5091493790925179,0.6183107546626716,0.6145528862943652,0.18243243243243243,0.3969594594594595,0.4155405405405405,nan,nan,nan,nan,nan,nan,nan,,0.06
fakeddit_real_lcc,both,0.40,spectral_graph+content,0,1,6,0.5091493790925179,0.6183107546626716,0.6145528862943652,0.18243243243243243,0.3969594594594595,0.4155405405405405,nan,nan,nan,nan,nan,nan,nan,,0.08
fakeddit_real_lcc,both,0.40,nfmcd_rank16,0,1,6,0.2175583519114197,0.7662884450609583,0.33939209656766905,0.18243243243243243,0.3969594594594595,0.4155405405405405,0.11768627747056931,0.2323803942293985,0.36993243243243246,0.23310810810810811,0.21452702702702703,0.18243243243243243,0.0,,0.16
fakeddit_real_lcc,both,0.40,kmeans_content,0,0,6,0.035060760584545436,0.06532066432152156,0.1500221540789492,0.18243243243243243,0.3969594594594595,0.4155405405405405,nan,nan,nan,nan,nan,nan,nan,,0.12
fakeddit_real_lcc,both,0.40,kmeans_content,0,1,6,0.024763278940400424,0.06777627263800352,0.1440235536939234,0.18243243243243243,0.3969594594594595,0.4155405405405405,nan,nan,nan,nan,nan,nan,nan,,0.12
fakeddit_real_lcc,both,0.40,nfmcd_full,1,0,6,0.1968391998887018,0.7606224781927586,0.33531513801732143,0.18243243243243243,0.4206081081081081,0.41047297297297297,0.21426618784124568,0.2999863314888719,0.35135135135135137,0.22804054054054054,0.23817567567567569,0.18243243243243243,0.0,,0.16
fakeddit_real_lcc,both,0.40,nfmcd_all_changes,1,0,6,0.21320503278246172,0.7681958240830316,0.3687801185622366,0.18243243243243243,0.4206081081081081,0.41047297297297297,0.17145270270270271,0.22715371621621616,0.35135135135135137,0.22804054054054054,0.23817567567567569,0.18243243243243243,0.0,,0.12
fakeddit_real_lcc,both,0.40,nfmcd_full,1,1,6,0.2206167714627838,0.7860432151292001,0.3565018268488667,0.18243243243243243,0.4206081081081081,0.41047297297297297,0.21067937822534163,0.29747556475773906,0.35135135135135137,0.22804054054054054,0.23817567567567569,0.18243243243243243,0.0,,0.2
fakeddit_real_lcc,both,0.40,nfmcd_all_changes,1,1,6,0.21420319602415971,0.7653942283340528,0.3459007791633082,0.18243243243243243,0.4206081081081081,0.41047297297297297,0.17145270270270271,0.22715371621621616,0.35135135135135137,0.22804054054054054,0.23817567567567569,0.18243243243243243,0.0,,0.14
fakeddit_real_lcc,both,0.40,nfmcd_rank16,1,0,6,0.2177218312903938,0.7686022433030404,0.37374462400855357,0.18243243243243243,0.4206081081081081,0.41047297297297297,0.11011151636443862,0.22707806145510703,0.35135135135135137,0.22804054054054054,0.23817567567567569,0.18243243243243243,0.0,,0.11
fakeddit_real_lcc,both,0.40,spectral_graph+content,1,1,6,0.5283427683150133,0.6188474817463181,0.6200864890135578,0.18243243243243243,0.4206081081081081,0.41047297297297297,nan,nan,nan,nan,nan,nan,nan,,0.06
fakeddit_real_lcc,both,0.40,spectral_graph+content,1,0,6,0.5283427683150133,0.6188474817463181,0.6200864890135578,0.18243243243243243,0.4206081081081081,0.41047297297297297,nan,nan,nan,nan,nan,nan,nan,,0.09
fakeddit_real_lcc,both,0.40,nfmcd_rank16,1,1,6,0.16103366732661883,0.7699606351556928,0.30799387441367976,0.18243243243243243,0.4206081081081081,0.41047297297297297,0.11007225254936591,0.22705057678455612,0.35135135135135137,0.22804054054054054,0.23817567567567569,0.18243243243243243,0.0,,0.17
fakeddit_real_lcc,both,0.40,kmeans_content,1,0,6,0.03176123046581103,0.0669366578908238,0.1553479157956155,0.18243243243243243,0.4206081081081081,0.41047297297297297,nan,nan,nan,nan,nan,nan,nan,,0.11
fakeddit_real_lcc,both,0.40,kmeans_content,1,1,6,0.0958051818727268,0.07789419554138399,0.2638028002936487,0.18243243243243243,0.4206081081081081,0.41047297297297297,nan,nan,nan,nan,nan,nan,nan,,0.12
fakeddit_real_lcc,both,0.40,nfmcd_full,2,0,6,0.19992731373456063,0.7503134250411069,0.3391948962346214,0.17567567567567569,0.4408783783783784,0.38513513513513514,0.20293614131204105,0.29205529891842874,0.34966216216216217,0.20945945945945946,0.2652027027027027,0.17567567567567569,0.0,,0.16
fakeddit_real_lcc,both,0.40,nfmcd_all_changes,2,0,6,0.20728908380179956,0.7608526098551198,0.36925929908516447,0.17567567567567569,0.4408783783783784,0.38513513513513514,0.17060810810810811,0.2267736486486486,0.34966216216216217,0.20945945945945946,0.2652027027027027,0.17567567567567569,0.0,,0.12
fakeddit_real_lcc,both,0.40,nfmcd_full,2,1,6,0.17769944102051438,0.7242759702283842,0.32264147789961883,0.17567567567567569,0.4408783783783784,0.38513513513513514,0.204421778957135,0.2930952452699945,0.34966216216216217,0.20945945945945946,0.2652027027027027,0.17567567567567569,0.0,,0.19
fakeddit_real_lcc,both,0.40,nfmcd_all_changes,2,1,6,0.21664577740900826,0.7662884450609583,0.34060135952189846,0.17567567567567569,0.4408783783783784,0.38513513513513514,0.17060810810810811,0.2267736486486486,0.34966216216216217,0.20945945945945946,0.2652027027027027,0.17567567567567569,0.0,,0.11
fakeddit_real_lcc,both,0.40,spectral_graph+content,2,1,6,0.5193258005594121,0.6189554789355579,0.6180288758448335,0.17567567567567569,0.4408783783783784,0.38513513513513514,nan,nan,nan,nan,nan,nan,nan,,0.06
fakeddit_real_lcc,both,0.40,nfmcd_rank16,2,0,6,0.1669424675064335,0.7588384112649795,0.3198982719371554,0.17567567567567569,0.4408783783783784,0.38513513513513514,0.10209828804546636,0.2214688016318264,0.34966216216216217,0.20945945945945946,0.2652027027027027,0.17567567567567569,0.0,,0.14
fakeddit_real_lcc,both,0.40,spectral_graph+content,2,0,6,0.5193258005594121,0.6189554789355579,0.6180288758448335,0.17567567567567569,0.4408783783783784,0.38513513513513514,nan,nan,nan,nan,nan,nan,nan,,0.08
fakeddit_real_lcc,both,0.40,nfmcd_rank16,2,1,6,0.21614736779348354,0.7662884450609583,0.3393920965676691,0.17567567567567569,0.4408783783783784,0.38513513513513514,0.10092441581089528,0.2206470910676267,0.34966216216216217,0.20945945945945946,0.2652027027027027,0.17567567567567569,0.0,,0.14
fakeddit_real_lcc,both,0.40,kmeans_content,2,1,6,0.11384055545942884,0.07633615026147679,0.2748156263603178,0.17567567567567569,0.4408783783783784,0.38513513513513514,nan,nan,nan,nan,nan,nan,nan,,0.09
fakeddit_real_lcc,both,0.40,kmeans_content,2,0,6,0.09947616477170895,0.06431938317462207,0.26128802134623885,0.17567567567567569,0.4408783783783784,0.38513513513513514,nan,nan,nan,nan,nan,nan,nan,,0.12
fakeddit_real_lcc,both,0.40,nfmcd_full,3,1,6,0.2068696866105344,0.7594696745116873,0.375907401776967,0.19087837837837837,0.42736486486486486,0.42736486486486486,0.2023022720202153,0.2916115904141507,0.33614864864864863,0.23648648648648649,0.23648648648648649,0.19087837837837837,0.0,,0.14
fakeddit_real_lcc,both,0.40,nfmcd_full,3,0,6,0.2068696866105344,0.7602518131839028,0.375907401776967,0.19087837837837837,0.42736486486486486,0.42736486486486486,0.1985198531356156,0.2889638971949309,0.33614864864864863,0.23648648648648649,0.23648648648648649,0.19087837837837837,0.0,,0.17
fakeddit_real_lcc,both,0.40,nfmcd_all_changes,3,0,6,0.16571397938697785,0.7699606351556928,0.3137832919678032,0.19087837837837837,0.42736486486486486,0.42736486486486486,0.16469594594594594,0.22411317567567565,0.33614864864864863,0.23648648648648649,0.23648648648648649,0.19087837837837837,0.0,,0.12
fakeddit_real_lcc,both,0.40,nfmcd_all_changes,3,1,6,0.21793844829599096,0.7662884450609583,0.3400466837391101,0.19087837837837837,0.42736486486486486,0.42736486486486486,0.16469594594594594,0.2241131756756756,0.33614864864864863,0.23648648648648649,0.23648648648648649,0.19087837837837837,0.0,,0.11
fakeddit_real_lcc,both,0.40,spectral_graph+content,3,0,6,0.48956529621812006,0.6184347546742845,0.6044890208145441,0.19087837837837837,0.42736486486486486,0.42736486486486486,nan,nan,nan,nan,nan,nan,nan,,0.08
fakeddit_real_lcc,both,0.40,spectral_graph+content,3,1,6,0.48956529621812006,0.6184347546742845,0.6044890208145441,0.19087837837837837,0.42736486486486486,0.42736486486486486,nan,nan,nan,nan,nan,nan,nan,,0.08
fakeddit_real_lcc,both,0.40,nfmcd_rank16,3,0,6,0.16349813884518127,0.7699606351556928,0.3111866090651465,0.19087837837837837,0.42736486486486486,0.42736486486486486,0.09523819853769597,0.21666673897638714,0.33614864864864863,0.23648648648648649,0.23648648648648649,0.19087837837837837,0.0,,0.14
fakeddit_real_lcc,both,0.40,nfmcd_rank16,3,1,6,0.21624800734579286,0.7662884450609583,0.33801718040402057,0.19087837837837837,0.42736486486486486,0.42736486486486486,0.0947763299095978,0.21634343093671846,0.33614864864864863,0.23648648648648649,0.23648648648648649,0.19087837837837837,0.0,,0.12
fakeddit_real_lcc,both,0.40,kmeans_content,3,1,6,0.04133096510517653,0.03981530772506311,0.16001372978190903,0.19087837837837837,0.42736486486486486,0.42736486486486486,nan,nan,nan,nan,nan,nan,nan,,0.11
fakeddit_real_lcc,both,0.40,kmeans_content,3,0,6,0.02533345252571073,0.042304215903620046,0.14893679168127116,0.19087837837837837,0.42736486486486486,0.42736486486486486,nan,nan,nan,nan,nan,nan,nan,,0.14
fakeddit_real_lcc,both,0.40,nfmcd_full,4,0,6,0.1663888597997918,0.7622301817753889,0.3154774209359654,0.14864864864864866,0.38006756756756754,0.3902027027027027,0.2258110412412764,0.3080677288688934,0.3783783783783784,0.24155405405405406,0.23141891891891891,0.14864864864864866,0.0,,0.16
fakeddit_real_lcc,both,0.40,nfmcd_full,4,1,6,0.16496659167646732,0.7699606351556928,0.31291475517322337,0.14864864864864866,0.38006756756756754,0.3902027027027027,0.22806535406165057,0.30964574784315535,0.3783783783783784,0.24155405405405406,0.23141891891891891,0.14864864864864866,0.0,,0.17
fakeddit_real_lcc,both,0.40,nfmcd_all_changes,4,0,6,0.1684322819604055,0.7588384112649795,0.3163521726463752,0.14864864864864866,0.38006756756756754,0.3902027027027027,0.18749999999999997,0.234375,0.3783783783783784,0.24155405405405406,0.23141891891891891,0.14864864864864866,0.0,,0.12
fakeddit_real_lcc,both,0.40,nfmcd_all_changes,4,1,6,0.20251321086361562,0.7686022433030404,0.3588874292639257,0.14864864864864866,0.38006756756756754,0.3902027027027027,0.1875,0.234375,0.3783783783783784,0.24155405405405406,0.23141891891891891,0.14864864864864866,0.0,,0.14
fakeddit_real_lcc,both,0.40,nfmcd_rank16,4,1,6,0.21793004867269605,0.7686022433030404,0.37466650633317294,0.14864864864864866,0.38006756756756754,0.3902027027027027,0.11893934441457836,0.2332575410902048,0.3783783783783784,0.24155405405405406,0.23141891891891891,0.14864864864864866,0.0,,0.11
fakeddit_real_lcc,both,0.40,spectral_graph+content,4,0,6,0.5283427683150133,0.6188474817463181,0.6200864890135578,0.14864864864864866,0.38006756756756754,0.3902027027027027,nan,nan,nan,nan,nan,nan,nan,,0.06
fakeddit_real_lcc,both,0.40,nfmcd_rank16,4,0,6,0.16284885273643146,0.7699606351556928,0.3101757400172482,0.14864864864864866,0.38006756756756754,0.3902027027027027,0.119371137277437,0.23355979609420588,0.3783783783783784,0.24155405405405406,0.23141891891891891,0.14864864864864866,0.0,,0.16
fakeddit_real_lcc,both,0.40,spectral_graph+content,4,1,6,0.5283427683150133,0.6188474817463181,0.6200864890135578,0.14864864864864866,0.38006756756756754,0.3902027027027027,nan,nan,nan,nan,nan,nan,nan,,0.08
fakeddit_real_lcc,both,0.40,kmeans_content,4,0,6,0.11750438889108605,0.0763552312223611,0.2670134348350835,0.14864864864864866,0.38006756756756754,0.3902027027027027,nan,nan,nan,nan,nan,nan,nan,,0.11
fakeddit_real_lcc,both,0.60,nfmcd_full,0,0,6,0.2024194943510591,0.7605647456062516,0.3411952813212817,0.40709459459459457,0.6047297297297297,0.652027027027027,0.0769322596937609,0.2038525817856326,0.15033783783783783,0.24493243243243243,0.19763513513513514,0.40709459459459457,0.0,,0.11
fakeddit_real_lcc,both,0.40,kmeans_content,4,1,6,0.10962401480933281,0.08009350218835244,0.2969286073509764,0.14864864864864866,0.38006756756756754,0.3902027027027027,nan,nan,nan,nan,nan,nan,nan,,0.12
fakeddit_real_lcc,both,0.60,nfmcd_all_changes,0,0,6,0.16622714089442991,0.7699606351556928,0.3144070813239869,0.40709459459459457,0.6047297297297297,0.652027027027027,0.07094594594594594,0.18192567567567566,0.15033783783783783,0.24493243243243243,0.19763513513513514,0.40709459459459457,0.0,,0.08
fakeddit_real_lcc,both,0.60,nfmcd_full,0,1,6,0.16609322992816122,0.7699606351556928,0.31423087820046425,0.40709459459459457,0.6047297297297297,0.652027027027027,0.07586542566962827,0.20310579796873976,0.15033783783783783,0.24493243243243243,0.19763513513513514,0.40709459459459457,0.0,,0.14
fakeddit_real_lcc,both,0.60,nfmcd_all_changes,0,1,6,0.16622714089442991,0.7699606351556928,0.3144070813239869,0.40709459459459457,0.6047297297297297,0.652027027027027,0.07094594594594594,0.18192567567567566,0.15033783783783783,0.24493243243243243,0.19763513513513514,0.40709459459459457,0.0,,0.08
fakeddit_real_lcc,both,0.60,nfmcd_rank16,0,0,6,0.16571397938697785,0.7699606351556928,0.3137832919678032,0.40709459459459457,0.6047297297297297,0.652027027027027,0.04700493807764426,0.18290345665435098,0.15033783783783783,0.24493243243243243,0.19763513513513514,0.40709459459459457,0.0,,0.09
fakeddit_real_lcc,both,0.60,spectral_graph+content,0,0,6,0.36520180497174215,0.5309655487392277,0.4608313533492528,0.40709459459459457,0.6047297297297297,0.652027027027027,nan,nan,nan,nan,nan,nan,nan,,0.06
fakeddit_real_lcc,both,0.60,spectral_graph+content,0,1,6,0.36520180497174215,0.5309655487392277,0.4608313533492528,0.40709459459459457,0.6047297297297297,0.652027027027027,nan,nan,nan,nan,nan,nan,nan,,0.06
fakeddit_real_lcc,both,0.60,nfmcd_rank16,0,1,6,0.16571397938697785,0.7699606351556928,0.31378329196780314,0.40709459459459457,0.6047297297297297,0.652027027027027,0.046888475286305444,0.18282193270041378,0.15033783783783783,0.24493243243243243,0.19763513513513514,0.40709459459459457,0.0,,0.09
fakeddit_real_lcc,both,0.60,kmeans_content,0,0,6,0.03261708907307059,0.025099153079337754,0.24644602709118837,0.40709459459459457,0.6047297297297297,0.652027027027027,nan,nan,nan,nan,nan,nan,nan,,0.12
fakeddit_real_lcc,both,0.60,nfmcd_full,1,1,6,0.1652353132137705,0.7699606351556928,0.31326843364498735,0.38682432432432434,0.6233108108108109,0.606418918918919,0.08276125272824587,0.20793287690977208,0.1570945945945946,0.2195945945945946,0.23648648648648649,0.38682432432432434,0.0,,0.09
fakeddit_real_lcc,both,0.60,nfmcd_full,1,0,6,0.16574847472122256,0.7699606351556928,0.3138922230011711,0.38682432432432434,0.6233108108108109,0.606418918918919,0.08311989525945006,0.208183926681615,0.1570945945945946,0.2195945945945946,0.23648648648648649,0.38682432432432434,0.0,,0.09
fakeddit_real_lcc,both,0.60,kmeans_content,0,1,6,0.039186129565228045,0.021647341378538087,0.16831377345396037,0.40709459459459457,0.6047297297297297,0.652027027027027,nan,nan,nan,nan,nan,nan,nan,,0.09
fakeddit_real_lcc,both,0.60,nfmcd_all_changes,1,0,6,0.16698665182560135,0.7699606351556928,0.31528685197884004,0.38682432432432434,0.6233108108108109,0.606418918918919,0.07094594594594594,0.18192567567567566,0.1570945945945946,0.2195945945945946,0.23648648648648649,0.38682432432432434,0.0,,0.06
fakeddit_real_lcc,both,0.60,nfmcd_rank16,1,0,6,0.1664734903181495,0.7699606351556928,0.3146630626226563,0.38682432432432434,0.6233108108108109,0.606418918918919,0.045496526770529386,0.18184756873937055,0.1570945945945946,0.2195945945945946,0.23648648648648649,0.38682432432432434,0.0,,0.08
fakeddit_real_lcc,both,0.60,nfmcd_rank16,1,1,6,0.1664734903181495,0.7699606351556928,0.31466306262265625,0.38682432432432434,0.6233108108108109,0.606418918918919,0.045590933796286544,0.18191365365740056,0.1570945945945946,0.2195945945945946,0.23648648648648649,0.38682432432432434,0.0,,0.08
fakeddit_real_lcc,both,0.60,nfmcd_all_changes,1,1,6,0.16698665182560135,0.7699606351556928,0.31528685197884,0.38682432432432434,0.6233108108108109,0.606418918918919,0.07094594594594594,0.18192567567567566,0.1570945945945946,0.2195945945945946,0.23648648648648649,0.38682432432432434,0.0,,0.08
fakeddit_real_lcc,both,0.60,spectral_graph+content,1,0,6,0.39561666730849976,0.623717353382462,0.4471082734029777,0.38682432432432434,0.6233108108108109,0.606418918918919,nan,nan,nan,nan,nan,nan,nan,,0.06
fakeddit_real_lcc,both,0.60,spectral_graph+content,1,1,6,0.39561666730849976,0.623717353382462,0.4471082734029777,0.38682432432432434,0.6233108108108109,0.606418918918919,nan,nan,nan,nan,nan,nan,nan,,0.06
fakeddit_real_lcc,both,0.60,kmeans_content,1,0,6,0.09521806734970006,0.03564472736268443,0.2736685104376577,0.38682432432432434,0.6233108108108109,0.606418918918919,nan,nan,nan,nan,nan,nan,nan,,0.11
fakeddit_real_lcc,both,0.60,kmeans_content,1,1,6,0.09380853714361193,0.03856116449524403,0.23270355375618532,0.38682432432432434,0.6233108108108109,0.606418918918919,nan,nan,nan,nan,nan,nan,nan,,0.12
fakeddit_real_lcc,both,0.60,nfmcd_full,2,0,6,0.21101022108497003,0.7644320127291288,0.3726664053660527,0.3733108108108108,0.6182432432432432,0.6131756756756757,0.07558725601834673,0.2029110792128427,0.14189189189189189,0.23986486486486486,0.24493243243243243,0.3733108108108108,0.0,,0.09
fakeddit_real_lcc,both,0.60,nfmcd_full,2,1,6,0.2182989192962862,0.7686022433030404,0.3750176539864789,0.3733108108108108,0.6182432432432432,0.6131756756756757,0.07553487618223653,0.20287441332756556,0.14189189189189189,0.23986486486486486,0.24493243243243243,0.3733108108108108,0.0,,0.11
fakeddit_real_lcc,both,0.60,nfmcd_all_changes,2,0,6,0.2106049037694846,0.7572904515525425,0.3708947838543775,0.3733108108108108,0.6182432432432432,0.6131756756756757,0.06841216216216216,0.18078547297297293,0.14189189189189189,0.23986486486486486,0.24493243243243243,0.3733108108108108,0.0,,0.09
fakeddit_real_lcc,both,0.60,nfmcd_rank16,2,0,6,0.21080541835345523,0.760762119578662,0.3717785211824946,0.3733108108108108,0.6182432432432432,0.6131756756756757,0.03832328284284845,0.17682629798999389,0.14189189189189189,0.23986486486486486,0.24493243243243243,0.3733108108108108,0.0,,0.09
fakeddit_real_lcc,both,0.60,nfmcd_all_changes,2,1,6,0.21746408286671293,0.7662884450609583,0.33939209656766905,0.3733108108108108,0.6182432432432432,0.6131756756756757,0.06841216216216216,0.18078547297297293,0.14189189189189189,0.23986486486486486,0.24493243243243243,0.3733108108108108,0.0,,0.12
fakeddit_real_lcc,both,0.60,spectral_graph+content,2,0,6,0.3815573839347488,0.6230208953952808,0.44307027508353203,0.3733108108108108,0.6182432432432432,0.6131756756756757,nan,nan,nan,nan,nan,nan,nan,,0.06
fakeddit_real_lcc,both,0.60,spectral_graph+content,2,1,6,0.3815573839347488,0.6230208953952808,0.44307027508353203,0.3733108108108108,0.6182432432432432,0.6131756756756757,nan,nan,nan,nan,nan,nan,nan,,0.05
fakeddit_real_lcc,both,0.60,nfmcd_rank16,2,1,6,0.21851759341000254,0.7662884450609583,0.34199291166848417,0.3733108108108108,0.6182432432432432,0.6131756756756757,0.039075995418147866,0.17735319679270348,0.14189189189189189,0.23986486486486486,0.24493243243243243,0.3733108108108108,0.0,,0.11
fakeddit_real_lcc,both,0.60,kmeans_content,2,0,6,0.018542198654966757,0.020105584581585522,0.17799721312073155,0.3733108108108108,0.6182432432432432,0.6131756756756757,nan,nan,nan,nan,nan,nan,nan,,0.12
fakeddit_real_lcc,both,0.60,nfmcd_full,3,0,6,0.20959286227571572,0.7679716796332668,0.3808449704965439,0.3733108108108108,0.606418918918919,0.6013513513513513,0.08552895517170875,0.2098702686201961,0.16554054054054054,0.22804054054054054,0.23310810810810811,0.3733108108108108,0.0,,0.12
fakeddit_real_lcc,both,0.60,nfmcd_full,3,1,6,0.20013774893570901,0.7151088831451291,0.32316740309746655,0.3733108108108108,0.606418918918919,0.6013513513513513,0.08442699461522239,0.20909889623065564,0.16554054054054054,0.22804054054054054,0.23310810810810811,0.3733108108108108,0.0,,0.11
fakeddit_real_lcc,both,0.60,kmeans_content,2,1,6,0.02322529650245464,0.0235120695268473,0.16450520826732704,0.3733108108108108,0.6182432432432432,0.6131756756756757,nan,nan,nan,nan,nan,nan,nan,,0.14
fakeddit_real_lcc,both,0.60,nfmcd_all_changes,3,0,6,0.1663619514654643,0.7699606351556928,0.31458455667222823,0.3733108108108108,0.606418918918919,0.6013513513513513,0.07685810810810811,0.1845861486486486,0.16554054054054054,0.22804054054054054,0.23310810810810811,0.3733108108108108,0.0,,0.06
fakeddit_real_lcc,both,0.60,nfmcd_all_changes,3,1,6,0.21590852485830903,0.7662884450609583,0.34243505083013553,0.3733108108108108,0.606418918918919,0.6013513513513513,0.07685810810810811,0.1845861486486486,0.16554054054054054,0.22804054054054054,0.23310810810810811,0.3733108108108108,0.0,,0.08
fakeddit_real_lcc,both,0.60,nfmcd_rank16,3,0,6,0.21690327448983604,0.7686022433030404,0.3721225643090697,0.3733108108108108,0.606418918918919,0.6013513513513513,0.03837844176880563,0.17686490923816392,0.16554054054054054,0.22804054054054054,0.23310810810810811,0.3733108108108108,0.0,,0.11
fakeddit_real_lcc,both,0.60,nfmcd_rank16,3,1,6,0.21884688910549954,0.800694804653693,0.3542556078017071,0.3733108108108108,0.606418918918919,0.6013513513513513,0.0385785708048662,0.17700499956340635,0.16554054054054054,0.22804054054054054,0.23310810810810811,0.3733108108108108,0.0,,0.09
fakeddit_real_lcc,both,0.60,spectral_graph+content,3,0,6,0.4927214158884774,0.6171857125262783,0.6058751485666006,0.3733108108108108,0.606418918918919,0.6013513513513513,nan,nan,nan,nan,nan,nan,nan,,0.06
fakeddit_real_lcc,both,0.60,spectral_graph+content,3,1,6,0.4927214158884774,0.6171857125262783,0.6058751485666006,0.3733108108108108,0.606418918918919,0.6013513513513513,nan,nan,nan,nan,nan,nan,nan,,0.08
fakeddit_real_lcc,both,0.60,nfmcd_full,4,0,6,0.1511102102565952,0.7699606351556928,0.29512425643767437,0.35135135135135137,0.606418918918919,0.5912162162162162,0.0831775224800007,0.20822426573600045,0.15371621621621623,0.23986486486486486,0.25506756756756754,0.35135135135135137,0.0,,0.09
fakeddit_real_lcc,both,0.60,kmeans_content,3,0,6,0.01929406164658709,0.015376392037130853,0.1751631497201931,0.3733108108108108,0.606418918918919,0.6013513513513513,nan,nan,nan,nan,nan,nan,nan,,0.09
fakeddit_real_lcc,both,0.60,kmeans_content,3,1,6,0.02145395317756371,0.012665910354042952,0.15607999368107187,0.3733108108108108,0.606418918918919,0.6013513513513513,nan,nan,nan,nan,nan,nan,nan,,0.09
fakeddit_real_lcc,both,0.60,nfmcd_full,4,1,6,0.21090957734894522,0.7679716796332668,0.3772226668742403,0.35135135135135137,0.606418918918919,0.5912162162162162,0.08114786931189859,0.20680350851832896,0.15371621621621623,0.23986486486486486,0.25506756756756754,0.35135135135135137,0.0,,0.09
fakeddit_real_lcc,both,0.60,nfmcd_all_changes,4,0,6,0.16698665182560135,0.7699606351556928,0.31528685197884004,0.35135135135135137,0.606418918918919,0.5912162162162162,0.07179054054054054,0.18230574324324322,0.15371621621621623,0.23986486486486486,0.25506756756756754,0.35135135135135137,0.0,,0.08
fakeddit_real_lcc,both,0.60,nfmcd_rank16,4,0,6,0.16698665182560135,0.7699606351556928,0.31528685197884004,0.35135135135135137,0.606418918918919,0.5912162162162162,0.04466517738637148,0.18126562417046,0.15371621621621623,0.23986486486486486,0.25506756756756754,0.35135135135135137,0.0,,0.09
fakeddit_real_lcc,both,0.60,nfmcd_all_changes,4,1,6,0.2105948863430167,0.7683001310039427,0.37285635163362363,0.35135135135135137,0.606418918918919,0.5912162162162162,0.07179054054054054,0.18230574324324322,0.15371621621621623,0.23986486486486486,0.25506756756756754,0.35135135135135137,0.0,,0.11
fakeddit_real_lcc,both,0.60,nfmcd_rank16,4,1,6,0.16698665182560135,0.7699606351556928,0.31528685197884,0.35135135135135137,0.606418918918919,0.5912162162162162,0.044904665104018505,0.18143326557281292,0.15371621621621623,0.23986486486486486,0.25506756756756754,0.35135135135135137,0.0,,0.09
fakeddit_real_lcc,both,0.60,spectral_graph+content,4,0,6,0.5125505413430902,0.618473575364333,0.6160741433345454,0.35135135135135137,0.606418918918919,0.5912162162162162,nan,nan,nan,nan,nan,nan,nan,,0.08
fakeddit_real_lcc,both,0.60,spectral_graph+content,4,1,6,0.5125505413430902,0.618473575364333,0.6160741433345454,0.35135135135135137,0.606418918918919,0.5912162162162162,nan,nan,nan,nan,nan,nan,nan,,0.06
fakeddit_real_lcc,both,0.80,nfmcd_full,0,0,6,0.21087541051393544,0.7644320127291288,0.3724889300178114,0.6672297297297297,0.8006756756756757,0.8412162162162162,0.011735010826847157,0.158214507578793,0.02533783783783784,0.17398648648648649,0.13344594594594594,0.6672297297297297,0.0,,0.08
fakeddit_real_lcc,both,0.80,nfmcd_full,0,1,6,0.16633867974711491,0.7699606351556928,0.31448558727441506,0.6672297297297297,0.8006756756756757,0.8412162162162162,0.01173501082684714,0.158214507578793,0.02533783783783784,0.17398648648648649,0.13344594594594594,0.6672297297297297,0.0,,0.08
fakeddit_real_lcc,both,0.60,kmeans_content,4,0,6,0.031003929737629554,0.010290012999421994,0.20174861422759519,0.35135135135135137,0.606418918918919,0.5912162162162162,nan,nan,nan,nan,nan,nan,nan,,0.12
fakeddit_real_lcc,both,0.60,kmeans_content,4,1,6,0.08403051904130487,0.030922355693339558,0.2954408506186231,0.35135135135135137,0.606418918918919,0.5912162162162162,nan,nan,nan,nan,nan,nan,nan,,0.14
fakeddit_real_lcc,both,0.80,nfmcd_all_changes,0,1,6,0.21746408286671293,0.7662884450609583,0.33939209656766905,0.6672297297297297,0.8006756756756757,0.8412162162162162,0.005067567567567568,0.15228040540540538,0.02533783783783784,0.17398648648648649,0.13344594594594594,0.6672297297297297,0.0,,0.06
fakeddit_real_lcc,both,0.80,nfmcd_all_changes,0,0,6,0.21121958670315366,0.7683001310039427,0.3735586469402355,0.6672297297297297,0.8006756756756757,0.8412162162162162,0.005067567567567568,0.15228040540540538,0.02533783783783784,0.17398648648648649,0.13344594594594594,0.6672297297297297,0.0,,0.06
fakeddit_real_lcc,both,0.80,nfmcd_rank16,0,0,6,0.21101022108497003,0.7644320127291288,0.3726664053660527,0.6672297297297297,0.8006756756756757,0.8412162162162162,0.012721934920790262,0.15890535444455317,0.02533783783783784,0.17398648648648649,0.13344594594594594,0.6672297297297297,0.0,,0.09
fakeddit_real_lcc,both,0.80,spectral_graph+content,0,1,6,0.3412062315285298,0.5305023238721499,0.4506872163002431,0.6672297297297297,0.8006756756756757,0.8412162162162162,nan,nan,nan,nan,nan,nan,nan,,0.06
fakeddit_real_lcc,both,0.80,spectral_graph+content,0,0,6,0.3412062315285298,0.5305023238721499,0.4506872163002431,0.6672297297297297,0.8006756756756757,0.8412162162162162,nan,nan,nan,nan,nan,nan,nan,,0.06
fakeddit_real_lcc,both,0.80,nfmcd_rank16,0,1,6,0.1664734903181495,0.7699606351556928,0.31466306262265625,0.6672297297297297,0.8006756756756757,0.8412162162162162,0.012744985761317034,0.1589214900329219,0.02533783783783784,0.17398648648648649,0.13344594594594594,0.6672297297297297,0.0,,0.08
fakeddit_real_lcc,both,0.80,kmeans_content,0,0,6,0.0289624788644669,0.005469700559268655,0.16997712878254753,0.6672297297297297,0.8006756756756757,0.8412162162162162,nan,nan,nan,nan,nan,nan,nan,,0.09
fakeddit_real_lcc,both,0.80,kmeans_content,0,1,6,0.03464235059480081,0.004825314415233995,0.19082766439909302,0.6672297297297297,0.8006756756756757,0.8412162162162162,nan,nan,nan,nan,nan,nan,nan,,0.08
fakeddit_real_lcc,both,0.80,nfmcd_full,1,1,6,0.16685184125456687,0.7699606351556928,0.31510937663059874,0.6216216216216216,0.7972972972972973,0.7736486486486487,0.016033394032955436,0.16122337582306878,0.05067567567567568,0.15202702702702703,0.17567567567567569,0.6216216216216216,0.0,,0.09
fakeddit_real_lcc,both,0.80,nfmcd_full,1,0,6,0.217331684379095,0.7686022433030404,0.37263869485660406,0.6216216216216216,0.7972972972972973,0.7736486486486487,0.01572608555063728,0.16100825988544606,0.05067567567567568,0.15202702702702703,0.17567567567567569,0.6216216216216216,0.0,,0.09
fakeddit_real_lcc,both,0.80,nfmcd_rank16,1,0,6,0.21751675123407788,0.7686022433030404,0.37281489798012674,0.6216216216216216,0.7972972972972973,0.7736486486486487,0.018605859149933204,0.16302410140495324,0.05067567567567568,0.15202702702702703,0.17567567567567569,0.6216216216216216,0.0,,0.06
fakeddit_real_lcc,both,0.80,nfmcd_all_changes,1,1,6,0.1521263213733084,0.7699606351556928,0.2964553444149381,0.6216216216216216,0.7972972972972973,0.7736486486486487,0.014358108108108109,0.15646114864864863,0.05067567567567568,0.15202702702702703,0.17567567567567569,0.6216216216216216,0.0,,0.09
fakeddit_real_lcc,both,0.80,nfmcd_all_changes,1,0,6,0.21751675123407788,0.7686022433030404,0.37281489798012674,0.6216216216216216,0.7972972972972973,0.7736486486486487,0.014358108108108109,0.15646114864864866,0.05067567567567568,0.15202702702702703,0.17567567567567569,0.6216216216216216,0.0,,0.11
fakeddit_real_lcc,both,0.80,nfmcd_rank16,1,1,6,0.16822880494415193,0.7623475941042035,0.31648064922285163,0.6216216216216216,0.7972972972972973,0.7736486486486487,0.018512101485235452,0.1629584710396648,0.05067567567567568,0.15202702702702703,0.17567567567567569,0.6216216216216216,0.0,,0.11
fakeddit_real_lcc,both,0.80,spectral_graph+content,1,1,6,0.36258629069353443,0.6213617962272073,0.43890308637166675,0.6216216216216216,0.7972972972972973,0.7736486486486487,nan,nan,nan,nan,nan,nan,nan,,0.05
fakeddit_real_lcc,both,0.80,spectral_graph+content,1,0,6,0.36258629069353443,0.6213617962272073,0.43890308637166675,0.6216216216216216,0.7972972972972973,0.7736486486486487,nan,nan,nan,nan,nan,nan,nan,,0.08
fakeddit_real_lcc,both,0.80,kmeans_content,1,0,6,0.03204629871252207,0.008068144996320902,0.16610932134187947,0.6216216216216216,0.7972972972972973,0.7736486486486487,nan,nan,nan,nan,nan,nan,nan,,0.11
fakeddit_real_lcc,both,0.80,nfmcd_full,2,0,6,0.21121958670315366,0.7683001310039427,0.3735586469402355,0.6638513513513513,0.8141891891891891,0.8108108108108109,0.015732056889344963,0.16101243982254146,0.03885135135135135,0.14695945945945946,0.15033783783783783,0.6638513513513513,0.0,,0.08
fakeddit_real_lcc,both,0.80,kmeans_content,1,1,6,0.040958367624608805,0.009102212982210095,0.1749595940184121,0.6216216216216216,0.7972972972972973,0.7736486486486487,nan,nan,nan,nan,nan,nan,nan,,0.09
fakeddit_real_lcc,both,0.80,nfmcd_full,2,1,6,0.16698665182560135,0.7699606351556928,0.31528685197884,0.6638513513513513,0.8141891891891891,0.8108108108108109,0.016050193618291374,0.1612351355328039,0.03885135135135135,0.14695945945945946,0.15033783783783783,0.6638513513513513,0.0,,0.06
fakeddit_real_lcc,both,0.80,nfmcd_all_changes,2,0,6,0.21121958670315366,0.7683001310039427,0.3735586469402355,0.6638513513513513,0.8141891891891891,0.8108108108108109,0.013513513513513514,0.15608108108108107,0.03885135135135135,0.14695945945945946,0.15033783783783783,0.6638513513513513,0.0,,0.06
fakeddit_real_lcc,both,0.80,nfmcd_all_changes,2,1,6,0.16698665182560135,0.7699606351556928,0.31528685197884,0.6638513513513513,0.8141891891891891,0.8108108108108109,0.013513513513513514,0.15608108108108107,0.03885135135135135,0.14695945945945946,0.15033783783783783,0.6638513513513513,0.0,,0.06
fakeddit_real_lcc,both,0.80,nfmcd_rank16,2,0,6,0.21121958670315366,0.7683001310039427,0.3735586469402355,0.6638513513513513,0.8141891891891891,0.8108108108108109,0.014956999845960588,0.1604698998921724,0.03885135135135135,0.14695945945945946,0.15033783783783783,0.6638513513513513,0.0,,0.08
fakeddit_real_lcc,both,0.80,nfmcd_rank16,2,1,6,0.21121958670315366,0.7683001310039427,0.3735586469402355,0.6638513513513513,0.8141891891891891,0.8108108108108109,0.01495323037151935,0.16046726126006353,0.03885135135135135,0.14695945945945946,0.15033783783783783,0.6638513513513513,0.0,,0.09
fakeddit_real_lcc,both,0.80,spectral_graph+content,2,1,6,0.20708287080346965,0.5269033619930182,0.26083302160831634,0.6638513513513513,0.8141891891891891,0.8108108108108109,nan,nan,nan,nan,nan,nan,nan,,0.05
fakeddit_real_lcc,both,0.80,spectral_graph+content,2,0,6,0.20708287080346965,0.5269033619930182,0.26083302160831634,0.6638513513513513,0.8141891891891891,0.8108108108108109,nan,nan,nan,nan,nan,nan,nan,,0.08
fakeddit_real_lcc,both,0.80,kmeans_content,2,0,6,0.028373678774552102,0.005547959898990919,0.16434427176133806,0.6638513513513513,0.8141891891891891,0.8108108108108109,nan,nan,nan,nan,nan,nan,nan,,0.08
fakeddit_real_lcc,both,0.80,kmeans_content,2,1,6,0.014632075556259228,0.0072808177951758,0.17536933713102498,0.6638513513513513,0.8141891891891891,0.8108108108108109,nan,nan,nan,nan,nan,nan,nan,,0.08
fakeddit_real_lcc,both,0.80,nfmcd_full,3,0,6,0.21690327448983604,0.7686022433030404,0.3721225643090697,0.6334459459459459,0.7972972972972973,0.7888513513513513,0.014991241206112406,0.16049386884427866,0.0472972972972973,0.1554054054054054,0.16385135135135134,0.6334459459459459,0.0,,0.08
fakeddit_real_lcc,both,0.80,nfmcd_full,3,1,6,0.16584878995801233,0.7699606351556928,0.31396076731604444,0.6334459459459459,0.7972972972972973,0.7888513513513513,0.014740310601054945,0.16031821742073843,0.0472972972972973,0.1554054054054054,0.16385135135135134,0.6334459459459459,0.0,,0.06
fakeddit_real_lcc,both,0.80,nfmcd_all_changes,3,0,6,0.21690327448983604,0.7686022433030404,0.3721225643090697,0.6334459459459459,0.7972972972972973,0.7888513513513513,0.018581081081081082,0.15836148648648646,0.0472972972972973,0.1554054054054054,0.16385135135135134,0.6334459459459459,0.0,,0.06
fakeddit_real_lcc,both,0.80,nfmcd_all_changes,3,1,6,0.21851759341000254,0.7662884450609583,0.34199291166848417,0.6334459459459459,0.7972972972972973,0.7888513513513513,0.018581081081081082,0.15836148648648646,0.0472972972972973,0.1554054054054054,0.16385135135135134,0.6334459459459459,0.0,,0.09
fakeddit_real_lcc,both,0.80,nfmcd_rank16,3,0,6,0.21690327448983604,0.7686022433030404,0.3721225643090697,0.6334459459459459,0.7972972972972973,0.7888513513513513,0.015390106620333363,0.16077307463423332,0.0472972972972973,0.1554054054054054,0.16385135135135134,0.6334459459459459,0.0,,0.08
fakeddit_real_lcc,both,0.80,spectral_graph+content,3,0,6,0.46896770342214567,0.6175696986459257,0.6027690679839594,0.6334459459459459,0.7972972972972973,0.7888513513513513,nan,nan,nan,nan,nan,nan,nan,,0.06
fakeddit_real_lcc,both,0.80,nfmcd_rank16,3,1,6,0.1663619514654643,0.7699606351556928,0.3145845566722282,0.6334459459459459,0.7972972972972973,0.7888513513513513,0.015369610329609845,0.16075872723072687,0.0472972972972973,0.1554054054054054,0.16385135135135134,0.6334459459459459,0.0,,0.11
fakeddit_real_lcc,both,0.80,spectral_graph+content,3,1,6,0.46896770342214567,0.6175696986459257,0.6027690679839594,0.6334459459459459,0.7972972972972973,0.7888513513513513,nan,nan,nan,nan,nan,nan,nan,,0.06
fakeddit_real_lcc,both,0.80,nfmcd_full,4,0,6,0.21121958670315366,0.7683001310039427,0.3735586469402355,0.6013513513513513,0.7804054054054054,0.7804054054054054,0.014104058835715203,0.15987284118500064,0.04054054054054054,0.17905405405405406,0.17905405405405406,0.6013513513513513,0.0,,0.06
fakeddit_real_lcc,both,0.80,kmeans_content,3,1,6,0.030051021972663516,0.012843859406909576,0.24925690953592158,0.6334459459459459,0.7972972972972973,0.7888513513513513,nan,nan,nan,nan,nan,nan,nan,,0.08
fakeddit_real_lcc,both,0.80,kmeans_content,3,0,6,0.034689165512859166,0.009591013216045937,0.2170154700551723,0.6334459459459459,0.7972972972972973,0.7888513513513513,nan,nan,nan,nan,nan,nan,nan,,0.11
fakeddit_real_lcc,both,0.80,nfmcd_full,4,1,6,0.22641935237587596,0.800694804653693,0.3577940726111551,0.6013513513513513,0.7804054054054054,0.7804054054054054,0.01396751691360681,0.15977726183952473,0.04054054054054054,0.17905405405405406,0.17905405405405406,0.6013513513513513,0.0,,0.06
fakeddit_real_lcc,both,0.80,nfmcd_all_changes,4,0,6,0.21121958670315366,0.7683001310039427,0.3735586469402355,0.6013513513513513,0.7804054054054054,0.7804054054054054,0.013513513513513514,0.15608108108108107,0.04054054054054054,0.17905405405405406,0.17905405405405406,0.6013513513513513,0.0,,0.06
fakeddit_real_lcc,both,0.80,nfmcd_all_changes,4,1,6,0.16698665182560135,0.7699606351556928,0.31528685197884,0.6013513513513513,0.7804054054054054,0.7804054054054054,0.013513513513513514,0.15608108108108107,0.04054054054054054,0.17905405405405406,0.17905405405405406,0.6013513513513513,0.0,,0.09
fakeddit_real_lcc,both,0.80,nfmcd_rank16,4,0,6,0.16698665182560135,0.7699606351556928,0.31528685197884004,0.6013513513513513,0.7804054054054054,0.7804054054054054,0.015551296441994641,0.16088590750939624,0.04054054054054054,0.17905405405405406,0.17905405405405406,0.6013513513513513,0.0,,0.08
fakeddit_real_lcc,both,0.80,nfmcd_rank16,4,1,6,0.16698665182560135,0.7699606351556928,0.31528685197884,0.6013513513513513,0.7804054054054054,0.7804054054054054,0.01552638926522113,0.16086847248565478,0.04054054054054054,0.17905405405405406,0.17905405405405406,0.6013513513513513,0.0,,0.08
fakeddit_real_lcc,both,0.80,spectral_graph+content,4,0,6,0.3531589762264069,0.5322419734944058,0.46006963423016994,0.6013513513513513,0.7804054054054054,0.7804054054054054,nan,nan,nan,nan,nan,nan,nan,,0.06
fakeddit_real_lcc,both,0.80,spectral_graph+content,4,1,6,0.3531589762264069,0.5322419734944058,0.46006963423016994,0.6013513513513513,0.7804054054054054,0.7804054054054054,nan,nan,nan,nan,nan,nan,nan,,0.08
fakeddit_real_lcc,both,0.80,kmeans_content,4,0,6,0.029797934341714072,0.010193203211323984,0.23833978323154947,0.6013513513513513,0.7804054054054054,0.7804054054054054,nan,nan,nan,nan,nan,nan,nan,,0.08
fakeddit_real_lcc,both,0.80,kmeans_content,4,1,6,0.01260666869545557,0.009662218488346965,0.2564132655611352,0.6013513513513513,0.7804054054054054,0.7804054054054054,nan,nan,nan,nan,nan,nan,nan,,0.09
pheme,none,0.00,nfmcd_full,0,0,9,0.0,0.8651647650342359,0.24983831226709954,0.0,0.0,1.0,0.0,0.14999999999999994,0.0,1.0,0.0,0.0,0.0,,3.03
pheme,none,0.00,nfmcd_all_changes,0,0,9,0.01341905215874839,0.6259832100082584,0.10915085284674629,0.0,0.0,1.0,0.4895,0.37027499999999997,0.0,1.0,0.0,0.0,0.0,,4.84
pheme,none,0.00,nfmcd_full,0,1,9,0.0,0.8570915188206584,0.26870436471210807,0.0,0.0,1.0,0.0,0.14999999999999994,0.0,1.0,0.0,0.0,0.0,,5.2
pheme,none,0.00,nfmcd_rank16,0,0,9,0.0,0.8651647650342359,0.24983831226709954,0.0,0.0,1.0,0.0,0.14999999999999994,0.0,1.0,0.0,0.0,0.0,,3.05
pheme,none,0.00,spectral_graph+content,0,0,9,0.37173659969718553,0.37161126504412,0.5390407947339645,0.0,0.0,1.0,nan,nan,nan,nan,nan,nan,nan,,0.83
pheme,none,0.00,kmeans_content,0,0,9,0.08652250524253047,0.26750039315123175,0.3015546726246779,0.0,0.0,1.0,nan,nan,nan,nan,nan,nan,nan,,0.51
pheme,none,0.00,spectral_graph+content,0,1,9,0.3730291283757452,0.37710874371289954,0.5404408655323404,0.0,0.0,1.0,nan,nan,nan,nan,nan,nan,nan,,0.78
pheme,none,0.00,kmeans_content,0,1,9,0.10975213170394671,0.29144765512213355,0.31920040836886504,0.0,0.0,1.0,nan,nan,nan,nan,nan,nan,nan,,0.41
pheme,none,0.00,louvain,0,0,162,0.0,0.9842180391652389,0.26626153478470876,0.0,0.0,1.0,nan,nan,nan,nan,nan,nan,nan,,0.52
pheme,none,0.00,louvain,0,1,162,0.0,0.9842180391652389,0.26626153478470876,0.0,0.0,1.0,nan,nan,nan,nan,nan,nan,nan,,0.55
pheme,none,0.00,nfmcd_structure_only,0,0,9,0.0,0.8742463372024922,0.22212180670056972,0.0,0.0,1.0,nan,nan,nan,nan,nan,nan,nan,,0.34
pheme,none,0.00,nfmcd_structure_only,0,1,9,0.0,0.8821977286628049,0.25040085918184823,0.0,0.0,1.0,nan,nan,nan,nan,nan,nan,nan,,0.47
pheme,none,0.00,nfmcd_all_changes,0,1,9,0.019978479016791395,0.4902414405887266,0.10883530421624427,0.0,0.0,1.0,0.4895,0.37027499999999997,0.0,1.0,0.0,0.0,0.0,,9.3
pheme,none,0.00,nfmcd_rank16,0,1,9,0.0,0.8570915188206584,0.26870436471210807,0.0,0.0,1.0,0.0,0.14999999999999994,0.0,1.0,0.0,0.0,0.0,,4.53
pheme,text,0.10,nfmcd_full,0,0,9,0.0,0.8617358666926702,0.26592700062607033,0.0975,0.0975,1.0,0.0,0.14999999999999994,0.0,0.9025,0.0,0.0975,0.0,,3.89
pheme,text,0.10,nfmcd_full,0,1,9,0.0,0.8551636763077479,0.26498202872117416,0.0975,0.0975,1.0,0.0,0.14999999999999994,0.0,0.9025,0.0,0.0975,0.0,,6.88
pheme,text,0.10,nfmcd_all_changes,0,1,9,0.013185385855091214,0.616496094599415,0.1224360393321278,0.0975,0.0975,1.0,0.419,0.33854999999999996,0.0,0.9025,0.0,0.0975,0.0,,5.53
pheme,text,0.10,nfmcd_rank16,0,0,9,0.0,0.8617358666926702,0.26592700062607033,0.0975,0.0975,1.0,0.0,0.14999999999999994,0.0,0.9025,0.0,0.0975,0.0,,3.89
pheme,text,0.10,spectral_graph+content,0,0,9,0.3908897393831523,0.3904943260827296,0.5398963626542064,0.0975,0.0975,1.0,nan,nan,nan,nan,nan,nan,nan,,0.8
pheme,text,0.10,spectral_graph+content,0,1,9,0.3907975465349931,0.39090783561469233,0.540141108011833,0.0975,0.0975,1.0,nan,nan,nan,nan,nan,nan,nan,,0.73
pheme,text,0.10,kmeans_content,0,0,9,0.11847162442283643,0.1991363359957466,0.3045141566340048,0.0975,0.0975,1.0,nan,nan,nan,nan,nan,nan,nan,,0.53
pheme,text,0.10,kmeans_content,0,1,9,0.0718106435794792,0.2162083934616221,0.29629118922907344,0.0975,0.0975,1.0,nan,nan,nan,nan,nan,nan,nan,,0.41
pheme,text,0.10,nfmcd_full,1,0,9,0.0,0.8615529370388587,0.26772374146700845,0.097,0.097,1.0,0.0,0.14999999999999994,0.0,0.903,0.0,0.097,0.0,,3.98
pheme,text,0.10,nfmcd_all_changes,0,0,9,0.015948455545576,0.6300895381645841,0.11322160532256234,0.0975,0.0975,1.0,0.419,0.33854999999999996,0.0,0.9025,0.0,0.0975,0.0,,12.23
pheme,text,0.10,nfmcd_rank16,0,1,9,0.0,0.8551636763077479,0.26498202872117416,0.0975,0.0975,1.0,0.0,0.14999999999999994,0.0,0.9025,0.0,0.0975,0.0,,6.72
pheme,text,0.10,nfmcd_full,1,1,9,0.0,0.8600850740909355,0.25325654056756325,0.097,0.097,1.0,0.0,0.14999999999999994,0.0,0.903,0.0,0.097,0.0,,5.14
pheme,text,0.10,nfmcd_rank16,1,0,9,0.0,0.8615529370388587,0.26772374146700845,0.097,0.097,1.0,0.0,0.14999999999999994,0.0,0.903,0.0,0.097,0.0,,4.02
pheme,text,0.10,spectral_graph+content,1,0,9,0.38107822884240283,0.3860259742405542,0.5131419519608365,0.097,0.097,1.0,nan,nan,nan,nan,nan,nan,nan,,0.81
pheme,text,0.10,nfmcd_rank16,1,1,9,0.0,0.8600850740909355,0.25325654056756325,0.097,0.097,1.0,0.0,0.14999999999999994,0.0,0.903,0.0,0.097,0.0,,5.19
pheme,text,0.10,spectral_graph+content,1,1,9,0.38107822884240283,0.3860259742405542,0.5131419519608365,0.097,0.097,1.0,nan,nan,nan,nan,nan,nan,nan,,0.81
pheme,text,0.10,kmeans_content,1,0,9,0.11751046751669247,0.2203467343073649,0.29738825836643545,0.097,0.097,1.0,nan,nan,nan,nan,nan,nan,nan,,0.59
pheme,text,0.10,kmeans_content,1,1,9,0.14562273087331667,0.2415221694512789,0.31367909869878446,0.097,0.097,1.0,nan,nan,nan,nan,nan,nan,nan,,0.47
pheme,text,0.10,nfmcd_all_changes,1,1,9,0.01961814819225216,0.6188544118944401,0.11531315892186973,0.097,0.097,1.0,0.41525,0.33686249999999995,0.0,0.903,0.0,0.097,0.0,,6.17
pheme,text,0.10,nfmcd_all_changes,1,0,9,0.015517891094144698,0.613121337534421,0.11032244530728058,0.097,0.097,1.0,0.41525,0.33686249999999995,0.0,0.903,0.0,0.097,0.0,,8.28
pheme,text,0.10,nfmcd_full,2,0,9,0.0,0.8581982432262182,0.2656239286968603,0.1085,0.1085,1.0,0.0,0.14999999999999994,0.0,0.8915,0.0,0.1085,0.0,,3.88
pheme,text,0.10,nfmcd_full,2,1,9,0.0,0.8557649837826962,0.26705925671697783,0.1085,0.1085,1.0,0.0,0.14999999999999994,0.0,0.8915,0.0,0.1085,0.0,,6.77
pheme,text,0.10,nfmcd_rank16,2,0,9,0.0,0.8581982432262182,0.2656239286968603,0.1085,0.1085,1.0,0.0,0.14999999999999994,0.0,0.8915,0.0,0.1085,0.0,,3.88
pheme,text,0.10,nfmcd_all_changes,2,1,9,0.018627353550761727,0.6168949992638556,0.11465407148233221,0.1085,0.1085,1.0,0.39725,0.3287625,0.0,0.8915,0.0,0.1085,0.0,,7.2
pheme,text,0.10,spectral_graph+content,2,0,9,0.34615902437554413,0.3971327547052015,0.5406746165924283,0.1085,0.1085,1.0,nan,nan,nan,nan,nan,nan,nan,,0.78
pheme,text,0.10,spectral_graph+content,2,1,9,0.34615902437554413,0.3971327547052015,0.5406746165924283,0.1085,0.1085,1.0,nan,nan,nan,nan,nan,nan,nan,,0.69
pheme,text,0.10,kmeans_content,2,0,9,0.0979880966510771,0.20016767568106628,0.2898371229956528,0.1085,0.1085,1.0,nan,nan,nan,nan,nan,nan,nan,,0.47
pheme,text,0.10,kmeans_content,2,1,9,0.09086383115019214,0.2029842022541064,0.2815310342706871,0.1085,0.1085,1.0,nan,nan,nan,nan,nan,nan,nan,,0.42
pheme,text,0.10,nfmcd_all_changes,2,0,9,0.015786509656024794,0.6254569922057215,0.11767147261690708,0.1085,0.1085,1.0,0.39725,0.3287625,0.0,0.8915,0.0,0.1085,0.0,,11.83
pheme,text,0.10,nfmcd_rank16,2,1,9,0.0,0.8557649837826962,0.26705925671697783,0.1085,0.1085,1.0,0.0,0.14999999999999994,0.0,0.8915,0.0,0.1085,0.0,,6.2
pheme,text,0.10,nfmcd_full,3,1,9,0.0,0.8593526178561176,0.26839555036858326,0.105,0.105,1.0,0.0,0.14999999999999994,0.0,0.895,0.0,0.105,0.0,,5.36
pheme,text,0.10,nfmcd_full,3,0,9,0.0,0.8615529370388587,0.2678582232567133,0.105,0.105,1.0,0.0,0.14999999999999994,0.0,0.895,0.0,0.105,0.0,,6.26
pheme,text,0.10,nfmcd_all_changes,3,0,9,0.00867725960975474,0.7201944896277411,0.15121031698988352,0.105,0.105,1.0,0.4025,0.331125,0.0,0.895,0.0,0.105,0.0,,4.14
pheme,text,0.10,spectral_graph+content,3,0,9,0.2951650771444527,0.38576087376644186,0.5038854391232522,0.105,0.105,1.0,nan,nan,nan,nan,nan,nan,nan,,0.78
pheme,text,0.10,spectral_graph+content,3,1,9,0.2951650771444527,0.38576087376644186,0.5038854391232522,0.105,0.105,1.0,nan,nan,nan,nan,nan,nan,nan,,0.86
pheme,text,0.10,kmeans_content,3,0,9,0.11163272389782675,0.208986065186097,0.28105923507818154,0.105,0.105,1.0,nan,nan,nan,nan,nan,nan,nan,,0.38
pheme,text,0.10,kmeans_content,3,1,9,0.08486844194302223,0.1852814800543242,0.28082337300496024,0.105,0.105,1.0,nan,nan,nan,nan,nan,nan,nan,,0.38
pheme,text,0.10,nfmcd_all_changes,3,1,9,0.00779970997726942,0.6242862424213277,0.1372538670716375,0.105,0.105,1.0,0.4025,0.331125,0.0,0.895,0.0,0.105,0.0,,5.51
pheme,text,0.10,nfmcd_rank16,3,1,9,0.0,0.8593526178561176,0.26839555036858326,0.105,0.105,1.0,0.0,0.14999999999999994,0.0,0.895,0.0,0.105,0.0,,5.03
pheme,text,0.10,nfmcd_rank16,3,0,9,0.0,0.8615529370388587,0.2678582232567133,0.105,0.105,1.0,0.0,0.14999999999999994,0.0,0.895,0.0,0.105,0.0,,5.99
pheme,text,0.10,nfmcd_full,4,0,9,0.0,0.8620005245950395,0.26672980723442596,0.091,0.091,1.0,0.0,0.14999999999999994,0.0,0.909,0.0,0.091,0.0,,3.73
pheme,text,0.10,nfmcd_full,4,1,9,0.0,0.8598443150626932,0.2679786802354387,0.091,0.091,1.0,0.0,0.14999999999999994,0.0,0.909,0.0,0.091,0.0,,6.17
pheme,text,0.10,nfmcd_rank16,4,0,9,0.0,0.8620005245950395,0.26672980723442596,0.091,0.091,1.0,0.0,0.14999999999999994,0.0,0.909,0.0,0.091,0.0,,3.75
pheme,text,0.10,nfmcd_all_changes,4,0,9,0.014971149751010326,0.6229099918242247,0.11326343647549401,0.091,0.091,1.0,0.423,0.34035,0.0,0.909,0.0,0.091,0.0,,6.33
pheme,text,0.10,spectral_graph+content,4,0,9,0.37476204595910645,0.390754558267668,0.5435233182223078,0.091,0.091,1.0,nan,nan,nan,nan,nan,nan,nan,,0.92
pheme,text,0.10,nfmcd_all_changes,4,1,9,0.011359489038917703,0.6211085773059242,0.1156534623735383,0.091,0.091,1.0,0.423,0.34035,0.0,0.909,0.0,0.091,0.0,,6.5
pheme,text,0.10,spectral_graph+content,4,1,9,0.37699208506324855,0.3941474607741288,0.5471734099043641,0.091,0.091,1.0,nan,nan,nan,nan,nan,nan,nan,,0.66
pheme,text,0.10,kmeans_content,4,0,9,0.08536727895963536,0.19680191757484847,0.28425935575633304,0.091,0.091,1.0,nan,nan,nan,nan,nan,nan,nan,,0.45
pheme,text,0.10,kmeans_content,4,1,9,0.07321235748460986,0.21350885335267272,0.27993335264624747,0.091,0.091,1.0,nan,nan,nan,nan,nan,nan,nan,,0.41
pheme,text,0.10,nfmcd_rank16,4,1,9,0.0,0.8598443150626932,0.2679786802354387,0.091,0.091,1.0,0.0,0.14999999999999994,0.0,0.909,0.0,0.091,0.0,,5.89
pheme,text,0.20,nfmcd_all_changes,0,0,9,0.0,0.7712787756459261,0.21471380840540802,0.203,0.203,1.0,0.34,0.303,0.0,0.797,0.0,0.203,0.0,,4.53
pheme,text,0.20,nfmcd_full,0,0,9,0.0,0.8552676806673746,0.26257211090377475,0.203,0.203,1.0,0.0,0.14999999999999994,0.0,0.797,0.0,0.203,0.0,,7.5
pheme,text,0.20,nfmcd_full,0,1,9,0.0,0.8584378220631455,0.2649797214774814,0.203,0.203,1.0,0.0,0.14999999999999994,0.0,0.797,0.0,0.203,0.0,,9.22
pheme,text,0.20,spectral_graph+content,0,0,9,0.34342717244966403,0.38669351995305196,0.47729678143782794,0.203,0.203,1.0,nan,nan,nan,nan,nan,nan,nan,,0.69
pheme,text,0.20,spectral_graph+content,0,1,9,0.34342717244966403,0.38669351995305196,0.47729678143782794,0.203,0.203,1.0,nan,nan,nan,nan,nan,nan,nan,,0.7
pheme,text,0.20,kmeans_content,0,0,9,0.06253446114141359,0.17152517008769708,0.2597283594105903,0.203,0.203,1.0,nan,nan,nan,nan,nan,nan,nan,,0.45
pheme,text,0.20,kmeans_content,0,1,9,0.06790509301099945,0.16227556818098,0.24689812347915197,0.203,0.203,1.0,nan,nan,nan,nan,nan,nan,nan,,0.52
pheme,text,0.20,nfmcd_rank16,0,0,9,0.0,0.8552676806673746,0.26257211090377475,0.203,0.203,1.0,0.0,0.14999999999999994,0.0,0.797,0.0,0.203,0.0,,7.52
pheme,text,0.20,nfmcd_all_changes,0,1,9,0.0,0.69995686400744,0.1460253577889807,0.203,0.203,1.0,0.34,0.303,0.0,0.797,0.0,0.203,0.0,,11.66
pheme,text,0.20,nfmcd_rank16,0,1,9,0.0,0.8584378220631455,0.2649797214774814,0.203,0.203,1.0,0.0,0.14999999999999994,0.0,0.797,0.0,0.203,0.0,,8.86
pheme,text,0.20,nfmcd_full,1,0,9,0.0,0.859938582843972,0.26251371298755477,0.2,0.2,1.0,0.0,0.14999999999999994,0.0,0.8,0.0,0.2,0.0,,5.94
pheme,text,0.20,nfmcd_all_changes,1,1,9,0.0,0.7645242457028496,0.17975968521671565,0.2,0.2,1.0,0.33775,0.3019875,0.0,0.8,0.0,0.2,0.0,,4.81
pheme,text,0.20,nfmcd_rank16,1,0,9,0.0,0.859938582843972,0.26251371298755477,0.2,0.2,1.0,0.0,0.14999999999999994,0.0,0.8,0.0,0.2,0.0,,6.2
pheme,text,0.20,nfmcd_full,1,1,9,0.0,0.8614862562295661,0.265716145733569,0.2,0.2,1.0,0.0,0.14999999999999994,0.0,0.8,0.0,0.2,0.0,,11.95
pheme,text,0.20,spectral_graph+content,1,0,9,0.373000908018555,0.41009922163432294,0.5072155484392223,0.2,0.2,1.0,nan,nan,nan,nan,nan,nan,nan,,0.83
pheme,text,0.20,spectral_graph+content,1,1,9,0.373000908018555,0.41009922163432294,0.5072155484392223,0.2,0.2,1.0,nan,nan,nan,nan,nan,nan,nan,,0.73
pheme,text,0.20,nfmcd_all_changes,1,0,9,0.0,0.6948445702790651,0.15158813862862702,0.2,0.2,1.0,0.33775,0.3019875,0.0,0.8,0.0,0.2,0.0,,9.92
pheme,text,0.20,kmeans_content,1,0,9,0.06703854536753773,0.17946652992183298,0.2772408515704017,0.2,0.2,1.0,nan,nan,nan,nan,nan,nan,nan,,0.42
pheme,text,0.20,kmeans_content,1,1,9,0.04453070976833584,0.16520495054850864,0.24073281143978542,0.2,0.2,1.0,nan,nan,nan,nan,nan,nan,nan,,0.34
pheme,text,0.20,nfmcd_full,2,0,9,0.0,0.8557931608503396,0.2619878589946196,0.1995,0.1995,1.0,0.0,0.14999999999999994,0.0,0.8005,0.0,0.1995,0.0,,5.36
pheme,text,0.20,nfmcd_rank16,1,1,9,0.0,0.8614862562295661,0.265716145733569,0.2,0.2,1.0,0.0,0.14999999999999994,0.0,0.8,0.0,0.2,0.0,,11.75
pheme,text,0.20,nfmcd_all_changes,2,0,9,0.0,0.7058234475099586,0.1466115140121406,0.1995,0.1995,1.0,0.33375,0.3001875,0.0,0.8005,0.0,0.1995,0.0,,8.58
pheme,text,0.20,nfmcd_full,2,1,9,0.0,0.8573492430990526,0.26585673773523316,0.1995,0.1995,1.0,0.0,0.14999999999999994,0.0,0.8005,0.0,0.1995,0.0,,12.17
pheme,text,0.20,nfmcd_all_changes,2,1,9,0.0,0.7135451442356063,0.15385368834697424,0.1995,0.1995,1.0,0.33375,0.3001875,0.0,0.8005,0.0,0.1995,0.0,,7.27
pheme,text,0.20,nfmcd_rank16,2,0,9,0.0,0.8557931608503396,0.2619878589946196,0.1995,0.1995,1.0,0.0,0.14999999999999994,0.0,0.8005,0.0,0.1995,0.0,,4.97
pheme,text,0.20,spectral_graph+content,2,0,9,0.40557587332325395,0.43026751101487304,0.5559799449785368,0.1995,0.1995,1.0,nan,nan,nan,nan,nan,nan,nan,,0.73
pheme,text,0.20,spectral_graph+content,2,1,9,0.40557587332325395,0.43026751101487304,0.5559799449785368,0.1995,0.1995,1.0,nan,nan,nan,nan,nan,nan,nan,,0.66
pheme,text,0.20,kmeans_content,2,0,9,0.08804618260346353,0.15906087456307103,0.2634178291748225,0.1995,0.1995,1.0,nan,nan,nan,nan,nan,nan,nan,,0.47
pheme,text,0.20,kmeans_content,2,1,9,0.06637163200383378,0.17667641012946403,0.2922666910527034,0.1995,0.1995,1.0,nan,nan,nan,nan,nan,nan,nan,,0.52
pheme,text,0.20,nfmcd_all_changes,3,0,9,0.0,0.7966090743139916,0.20076432802198493,0.2105,0.2105,1.0,0.3275,0.297375,0.0,0.7895,0.0,0.2105,0.0,,5.3
pheme,text,0.20,nfmcd_full,3,0,9,0.0,0.8583221633142841,0.2626001453180178,0.2105,0.2105,1.0,0.0,0.14999999999999994,0.0,0.7895,0.0,0.2105,0.0,,5.98
pheme,text,0.20,nfmcd_rank16,2,1,9,0.0,0.8573492430990526,0.26585673773523316,0.1995,0.1995,1.0,0.0,0.14999999999999994,0.0,0.8005,0.0,0.1995,0.0,,11.58
pheme,text,0.20,nfmcd_all_changes,3,1,9,0.0,0.7649648996350553,0.1790138070718026,0.2105,0.2105,1.0,0.3275,0.297375,0.0,0.7895,0.0,0.2105,0.0,,5.19
pheme,text,0.20,spectral_graph+content,3,0,9,0.2910443621274823,0.36364895681414433,0.4239003655947,0.2105,0.2105,1.0,nan,nan,nan,nan,nan,nan,nan,,0.7
pheme,text,0.20,nfmcd_full,3,1,9,0.0,0.8599615965746127,0.26687192750684896,0.2105,0.2105,1.0,0.0,0.14999999999999994,0.0,0.7895,0.0,0.2105,0.0,,11.77
pheme,text,0.20,nfmcd_rank16,3,0,9,0.0,0.8583221633142841,0.2626001453180178,0.2105,0.2105,1.0,0.0,0.14999999999999994,0.0,0.7895,0.0,0.2105,0.0,,5.95
pheme,text,0.20,spectral_graph+content,3,1,9,0.2910443621274823,0.36364895681414433,0.4239003655947,0.2105,0.2105,1.0,nan,nan,nan,nan,nan,nan,nan,,0.64
pheme,text,0.20,kmeans_content,3,0,9,0.07962356398112025,0.13783719909915995,0.25007857091008545,0.2105,0.2105,1.0,nan,nan,nan,nan,nan,nan,nan,,0.44
pheme,text,0.20,kmeans_content,3,1,9,0.07922975333542182,0.14341522582518237,0.25021386368781906,0.2105,0.2105,1.0,nan,nan,nan,nan,nan,nan,nan,,0.36
pheme,text,0.20,nfmcd_full,4,0,9,0.0,0.8603991525046167,0.2634349985384943,0.1855,0.1855,1.0,0.0,0.14999999999999994,0.0,0.8145,0.0,0.1855,0.0,,5.56
pheme,text,0.20,nfmcd_rank16,3,1,9,0.0,0.8599615965746127,0.26687192750684896,0.2105,0.2105,1.0,0.0,0.14999999999999994,0.0,0.7895,0.0,0.2105,0.0,,11.78
pheme,text,0.20,nfmcd_all_changes,4,0,9,0.0,0.7143557881450373,0.1505912963576798,0.1855,0.1855,1.0,0.34025,0.30311249999999995,0.0,0.8145,0.0,0.1855,0.0,,8.74
pheme,text,0.20,nfmcd_full,4,1,9,0.0,0.8530499536627385,0.2663017088264953,0.1855,0.1855,1.0,0.0,0.14999999999999994,0.0,0.8145,0.0,0.1855,0.0,,9.5
pheme,text,0.20,nfmcd_all_changes,4,1,9,0.0,0.772477112402306,0.1853487970482817,0.1855,0.1855,1.0,0.34025,0.30311249999999995,0.0,0.8145,0.0,0.1855,0.0,,4.78
pheme,text,0.20,spectral_graph+content,4,0,9,0.3287755910347625,0.37297910677810425,0.46462717811702703,0.1855,0.1855,1.0,nan,nan,nan,nan,nan,nan,nan,,0.8
pheme,text,0.20,kmeans_content,4,0,9,0.0691430311979706,0.17302430810546543,0.2706049820928395,0.1855,0.1855,1.0,nan,nan,nan,nan,nan,nan,nan,,0.45
pheme,text,0.20,spectral_graph+content,4,1,9,0.3288559385223194,0.37328639909172473,0.46467123418588663,0.1855,0.1855,1.0,nan,nan,nan,nan,nan,nan,nan,,0.74
pheme,text,0.20,kmeans_content,4,1,9,0.05857394136190208,0.17087473714926557,0.25609601356017175,0.1855,0.1855,1.0,nan,nan,nan,nan,nan,nan,nan,,0.38
pheme,text,0.20,nfmcd_rank16,4,0,9,0.0,0.8603991525046167,0.2634349985384943,0.1855,0.1855,1.0,0.0,0.14999999999999994,0.0,0.8145,0.0,0.1855,0.0,,4.97
pheme,text,0.40,nfmcd_full,0,0,9,0.011861725979495086,0.8712750580432842,0.24030507863789166,0.4085,0.4085,1.0,0.0,0.14999999999999994,0.0,0.5915,0.0,0.4085,0.0,,2.95
pheme,text,0.40,nfmcd_all_changes,0,0,9,0.0,0.8441014480652386,0.2729779914106353,0.4085,0.4085,1.0,0.1995,0.239775,0.0,0.5915,0.0,0.4085,0.0,,2.78
pheme,text,0.40,nfmcd_rank16,0,0,9,0.011861725979495086,0.8712750580432842,0.24030507863789166,0.4085,0.4085,1.0,0.0,0.14999999999999994,0.0,0.5915,0.0,0.4085,0.0,,3.02
pheme,text,0.20,nfmcd_rank16,4,1,9,0.0,0.8530499536627385,0.2663017088264953,0.1855,0.1855,1.0,0.0,0.14999999999999994,0.0,0.8145,0.0,0.1855,0.0,,9.34
pheme,text,0.40,spectral_graph+content,0,0,9,0.13576945812202668,0.1412486896188306,0.20393491990290336,0.4085,0.4085,1.0,nan,nan,nan,nan,nan,nan,nan,,0.7
pheme,text,0.40,spectral_graph+content,0,1,9,0.13576945812202668,0.1412486896188306,0.20393491990290336,0.4085,0.4085,1.0,nan,nan,nan,nan,nan,nan,nan,,0.72
pheme,text,0.40,nfmcd_all_changes,0,1,9,0.0,0.7976278744665903,0.2139238431462486,0.4085,0.4085,1.0,0.1995,0.239775,0.0,0.5915,0.0,0.4085,0.0,,6.05
pheme,text,0.40,kmeans_content,0,0,9,0.0,0.09491039544965436,0.21591162403556372,0.4085,0.4085,1.0,nan,nan,nan,nan,nan,nan,nan,,0.39
pheme,text,0.40,kmeans_content,0,1,9,0.0,0.09678365411425019,0.22309338006826934,0.4085,0.4085,1.0,nan,nan,nan,nan,nan,nan,nan,,0.44
pheme,text,0.40,nfmcd_full,0,1,9,0.0,0.8731556929035981,0.2328059797721124,0.4085,0.4085,1.0,0.0,0.14999999999999994,0.0,0.5915,0.0,0.4085,0.0,,11.62
pheme,text,0.40,nfmcd_full,1,0,9,0.0,0.8673501843016261,0.23586427586980546,0.41,0.41,1.0,0.0,0.14999999999999994,0.0,0.59,0.0,0.41,0.0,,4.36
pheme,text,0.40,nfmcd_all_changes,1,0,9,1.1102230246251565e-16,0.8281145765134257,0.26954235150624534,0.41,0.41,1.0,0.204,0.24179999999999996,0.0,0.59,0.0,0.41,0.0,,2.76
pheme,text,0.40,nfmcd_full,1,1,9,0.0,0.872639506727238,0.2375071651947109,0.41,0.41,1.0,0.0,0.14999999999999994,0.0,0.59,0.0,0.41,0.0,,8.48
pheme,text,0.40,nfmcd_rank16,0,1,9,0.0,0.8731556929035981,0.2328059797721124,0.4085,0.4085,1.0,0.0,0.14999999999999994,0.0,0.5915,0.0,0.4085,0.0,,11.69
pheme,text,0.40,nfmcd_rank16,1,0,9,0.0,0.8673501843016261,0.23586427586980546,0.41,0.41,1.0,0.0,0.14999999999999994,0.0,0.59,0.0,0.41,0.0,,4.33
pheme,text,0.40,spectral_graph+content,1,0,9,0.20081936299329017,0.1494555924988219,0.2831347771548876,0.41,0.41,1.0,nan,nan,nan,nan,nan,nan,nan,,0.7
pheme,text,0.40,kmeans_content,1,0,9,0.026812256470932994,0.10690217187657203,0.21758165702751198,0.41,0.41,1.0,nan,nan,nan,nan,nan,nan,nan,,0.38
pheme,text,0.40,nfmcd_all_changes,1,1,9,0.0,0.8147521553981508,0.20854134972818325,0.41,0.41,1.0,0.204,0.24179999999999996,0.0,0.59,0.0,0.41,0.0,,6.02
pheme,text,0.40,spectral_graph+content,1,1,9,0.20081936299329017,0.1494555924988219,0.2831347771548876,0.41,0.41,1.0,nan,nan,nan,nan,nan,nan,nan,,0.55
pheme,text,0.40,kmeans_content,1,1,9,0.0,0.07947083762013239,0.21716197414382477,0.41,0.41,1.0,nan,nan,nan,nan,nan,nan,nan,,0.38
pheme,text,0.40,nfmcd_full,2,1,9,0.0,0.8727467566129807,0.22962514552285462,0.4105,0.4105,1.0,0.0,0.14999999999999994,0.0,0.5895,0.0,0.4105,0.0,,3.5
pheme,text,0.40,nfmcd_all_changes,2,0,9,0.0,0.7934615040771184,0.3040833486394978,0.4105,0.4105,1.0,0.2085,0.243825,0.0,0.5895,0.0,0.4105,0.0,,3.72
pheme,text,0.40,nfmcd_full,2,0,9,0.0,0.8616365830983032,0.24221025564356694,0.4105,0.4105,1.0,0.0,0.14999999999999994,0.0,0.5895,0.0,0.4105,0.0,,4.42
pheme,text,0.40,nfmcd_rank16,1,1,9,0.0,0.872639506727238,0.2375071651947109,0.41,0.41,1.0,0.0,0.14999999999999994,0.0,0.59,0.0,0.41,0.0,,8.2
pheme,text,0.40,spectral_graph+content,2,0,9,0.2249757760572435,0.23398163209247028,0.31000551171793006,0.4105,0.4105,1.0,nan,nan,nan,nan,nan,nan,nan,,0.7
pheme,text,0.40,nfmcd_rank16,2,1,9,0.0,0.8727467566129807,0.22962514552285462,0.4105,0.4105,1.0,0.0,0.14999999999999994,0.0,0.5895,0.0,0.4105,0.0,,3.62
pheme,text,0.40,spectral_graph+content,2,1,9,0.22438746475821314,0.23008995123154433,0.3095113816292008,0.4105,0.4105,1.0,nan,nan,nan,nan,nan,nan,nan,,0.7
pheme,text,0.40,nfmcd_rank16,2,0,9,0.0,0.8616365830983032,0.24221025564356694,0.4105,0.4105,1.0,0.0,0.14999999999999994,0.0,0.5895,0.0,0.4105,0.0,,4.36
pheme,text,0.40,kmeans_content,2,0,9,0.07857642092346939,0.10525182184658044,0.27569431458213933,0.4105,0.4105,1.0,nan,nan,nan,nan,nan,nan,nan,,0.41
pheme,text,0.40,nfmcd_all_changes,2,1,9,0.0,0.8187540366231068,0.2183331806854626,0.4105,0.4105,1.0,0.2085,0.243825,0.0,0.5895,0.0,0.4105,0.0,,4.92
pheme,text,0.40,kmeans_content,2,1,9,0.03978524501608782,0.10938013106614647,0.2766697771916916,0.4105,0.4105,1.0,nan,nan,nan,nan,nan,nan,nan,,0.45
pheme,text,0.40,nfmcd_all_changes,3,0,9,0.0,0.8291500468683476,0.2707008984180533,0.407,0.407,1.0,0.1995,0.239775,0.0,0.593,0.0,0.407,0.0,,2.75
pheme,text,0.40,nfmcd_full,3,0,9,0.012377863251805454,0.8717877036456996,0.23826528754166829,0.407,0.407,1.0,0.0,0.14999999999999994,0.0,0.593,0.0,0.407,0.0,,3.48
pheme,text,0.40,nfmcd_rank16,3,0,9,0.012377863251805454,0.8717877036456996,0.23826528754166829,0.407,0.407,1.0,0.0,0.14999999999999994,0.0,0.593,0.0,0.407,0.0,,3.36
pheme,text,0.40,nfmcd_all_changes,3,1,9,0.0,0.8117568298409013,0.202348824552926,0.407,0.407,1.0,0.1995,0.239775,0.0,0.593,0.0,0.407,0.0,,6.12
pheme,text,0.40,spectral_graph+content,3,0,9,0.2635451009747948,0.1933106166175068,0.35224136545901413,0.407,0.407,1.0,nan,nan,nan,nan,nan,nan,nan,,0.7
pheme,text,0.40,spectral_graph+content,3,1,9,0.2635451009747948,0.1933106166175068,0.35224136545901413,0.407,0.407,1.0,nan,nan,nan,nan,nan,nan,nan,,0.7
pheme,text,0.40,kmeans_content,3,0,9,0.0,0.07911191193648445,0.24308138738701116,0.407,0.407,1.0,nan,nan,nan,nan,nan,nan,nan,,0.48
pheme,text,0.40,kmeans_content,3,1,9,0.0,0.08533727359873673,0.21803255578537076,0.407,0.407,1.0,nan,nan,nan,nan,nan,nan,nan,,0.44
pheme,text,0.40,nfmcd_full,3,1,9,0.0,0.8741871801128321,0.23250184503313356,0.407,0.407,1.0,0.0,0.14999999999999994,0.0,0.593,0.0,0.407,0.0,,11.36
pheme,text,0.40,nfmcd_full,4,0,9,0.012377863251805454,0.8738052406985435,0.2360401571784798,0.387,0.387,1.0,0.0,0.14999999999999994,0.0,0.613,0.0,0.387,0.0,,4.36
pheme,text,0.40,nfmcd_all_changes,4,0,9,0.0,0.8010488065167805,0.302568877794971,0.387,0.387,1.0,0.208,0.24359999999999996,0.0,0.613,0.0,0.387,0.0,,2.64
pheme,text,0.40,nfmcd_rank16,3,1,9,0.0,0.8741871801128321,0.23250184503313356,0.407,0.407,1.0,0.0,0.14999999999999994,0.0,0.593,0.0,0.407,0.0,,11.42
pheme,text,0.40,nfmcd_all_changes,4,1,9,0.0,0.797711963097778,0.21019463644353356,0.387,0.387,1.0,0.208,0.24359999999999996,0.0,0.613,0.0,0.387,0.0,,4.98
pheme,text,0.40,spectral_graph+content,4,0,9,0.2916073328394264,0.2316227247017878,0.39844597476147303,0.387,0.387,1.0,nan,nan,nan,nan,nan,nan,nan,,0.7
pheme,text,0.40,spectral_graph+content,4,1,9,0.2916073328394264,0.2316227247017878,0.39844597476147303,0.387,0.387,1.0,nan,nan,nan,nan,nan,nan,nan,,0.67
pheme,text,0.40,nfmcd_rank16,4,0,9,0.012377863251805454,0.8738052406985435,0.2360401571784798,0.387,0.387,1.0,0.0,0.14999999999999994,0.0,0.613,0.0,0.387,0.0,,4.25
pheme,text,0.40,kmeans_content,4,0,9,0.0,0.09363962445132168,0.23532981112643192,0.387,0.387,1.0,nan,nan,nan,nan,nan,nan,nan,,0.38
pheme,text,0.40,kmeans_content,4,1,9,0.0,0.1009662521343022,0.2491754098587292,0.387,0.387,1.0,nan,nan,nan,nan,nan,nan,nan,,0.42
pheme,text,0.40,nfmcd_full,4,1,9,0.0,0.8741871801128321,0.23341477818566,0.387,0.387,1.0,0.0,0.14999999999999994,0.0,0.613,0.0,0.387,0.0,,11.97
pheme,text,0.60,nfmcd_full,0,1,9,0.011168622420622887,0.8676518707065008,0.22751939117949757,0.625,0.625,1.0,0.0,0.14999999999999994,0.0,0.375,0.0,0.625,0.0,,5.55
pheme,text,0.40,nfmcd_rank16,4,1,9,0.0,0.8741871801128321,0.23341477818566,0.387,0.387,1.0,0.0,0.14999999999999994,0.0,0.613,0.0,0.387,0.0,,11.67
pheme,text,0.60,nfmcd_full,0,0,9,0.0,0.8572583683678042,0.2262452426741649,0.625,0.625,1.0,0.0,0.14999999999999994,0.0,0.375,0.0,0.625,0.0,,8.98
pheme,text,0.60,nfmcd_all_changes,0,0,9,0.0,0.8518551574803033,0.22684905254089674,0.625,0.625,1.0,0.08925,0.19016249999999996,0.0,0.375,0.0,0.625,0.0,,11.17
pheme,text,0.60,spectral_graph+content,0,0,9,0.006799382847659574,0.03547419054365808,0.1000327738486436,0.625,0.625,1.0,nan,nan,nan,nan,nan,nan,nan,,0.72
pheme,text,0.60,spectral_graph+content,0,1,9,0.007534774480291828,0.034407887690634076,0.10001526488126679,0.625,0.625,1.0,nan,nan,nan,nan,nan,nan,nan,,0.69
pheme,text,0.60,kmeans_content,0,0,9,0.00028637186646762736,0.036556425979433385,0.16883678259616733,0.625,0.625,1.0,nan,nan,nan,nan,nan,nan,nan,,0.36
pheme,text,0.60,kmeans_content,0,1,9,0.0014534201426603666,0.037561358884081936,0.15677603038128846,0.625,0.625,1.0,nan,nan,nan,nan,nan,nan,nan,,0.39
pheme,text,0.60,nfmcd_rank16,0,1,9,0.011168622420622887,0.8676518707065008,0.22751939117949757,0.625,0.625,1.0,0.0,0.14999999999999994,0.0,0.375,0.0,0.625,0.0,,5.34
pheme,text,0.60,nfmcd_all_changes,0,1,9,0.0,0.856255205750128,0.22716498851888842,0.625,0.625,1.0,0.08925,0.19016249999999996,0.0,0.375,0.0,0.625,0.0,,8.86
pheme,text,0.60,nfmcd_rank16,0,0,9,0.0,0.8572583683678042,0.2262452426741649,0.625,0.625,1.0,0.0,0.14999999999999994,0.0,0.375,0.0,0.625,0.0,,8.88
pheme,text,0.60,nfmcd_full,1,0,9,0.014232741759893197,0.8743376545054836,0.23916883289561128,0.6115,0.6115,1.0,0.0,0.14999999999999994,0.0,0.3885,0.0,0.6115,0.0,,2.92
pheme,text,0.60,nfmcd_all_changes,1,0,9,0.0,0.8491199165840779,0.22026373260816431,0.6115,0.6115,1.0,0.11125000000000002,0.20006249999999998,0.0,0.3885,0.0,0.6115,0.0,,4.28
pheme,text,0.60,nfmcd_rank16,1,0,9,0.014232741759893197,0.8743376545054836,0.23916883289561128,0.6115,0.6115,1.0,0.0,0.14999999999999994,0.0,0.3885,0.0,0.6115,0.0,,3.06
pheme,text,0.60,nfmcd_full,1,1,9,0.011168622420622887,0.8742874963745998,0.24529822944440394,0.6115,0.6115,1.0,0.0,0.14999999999999994,0.0,0.3885,0.0,0.6115,0.0,,5.98
pheme,text,0.60,spectral_graph+content,1,0,9,0.007689567358780458,0.020508184479244948,0.07551247883843724,0.6115,0.6115,1.0,nan,nan,nan,nan,nan,nan,nan,,0.75
pheme,text,0.60,spectral_graph+content,1,1,9,0.007689567358780458,0.020508184479244948,0.07551247883843724,0.6115,0.6115,1.0,nan,nan,nan,nan,nan,nan,nan,,0.72
pheme,text,0.60,kmeans_content,1,0,9,0.001706376826614009,0.0445975119796794,0.1654254942404136,0.6115,0.6115,1.0,nan,nan,nan,nan,nan,nan,nan,,0.41
pheme,text,0.60,kmeans_content,1,1,9,0.0017217170566631301,0.05025697190643091,0.19580723403108902,0.6115,0.6115,1.0,nan,nan,nan,nan,nan,nan,nan,,0.36
pheme,text,0.60,nfmcd_full,2,0,9,0.01373352382249804,0.874291627044202,0.2386325810714255,0.611,0.611,1.0,0.0,0.14999999999999994,0.0,0.389,0.0,0.611,0.0,,3.08
pheme,text,0.60,nfmcd_rank16,1,1,9,0.011168622420622887,0.8742874963745998,0.24529822944440394,0.6115,0.6115,1.0,0.0,0.14999999999999994,0.0,0.3885,0.0,0.6115,0.0,,5.7
pheme,text,0.60,nfmcd_full,2,1,9,0.0,0.8716690944185507,0.2375608348908845,0.611,0.611,1.0,0.0,0.14999999999999994,0.0,0.389,0.0,0.611,0.0,,4.61
pheme,text,0.60,nfmcd_all_changes,1,1,9,0.0,0.8404238244040549,0.2391218667427998,0.6115,0.6115,1.0,0.11125000000000002,0.20006249999999998,0.0,0.3885,0.0,0.6115,0.0,,11.39
pheme,text,0.60,nfmcd_rank16,2,0,9,0.01373352382249804,0.874291627044202,0.2386325810714255,0.611,0.611,1.0,0.0,0.14999999999999994,0.0,0.389,0.0,0.611,0.0,,2.89
pheme,text,0.60,spectral_graph+content,2,0,9,0.07985512937929051,0.14244732142303934,0.15769310061143094,0.611,0.611,1.0,nan,nan,nan,nan,nan,nan,nan,,0.77
pheme,text,0.60,spectral_graph+content,2,1,9,0.07985512937929051,0.14244732142303934,0.15769310061143094,0.611,0.611,1.0,nan,nan,nan,nan,nan,nan,nan,,0.7
pheme,text,0.60,kmeans_content,2,0,9,0.0007572123158244848,0.03094166579873433,0.2037891943211035,0.611,0.611,1.0,nan,nan,nan,nan,nan,nan,nan,,0.38
pheme,text,0.60,nfmcd_all_changes,2,0,9,0.0,0.8468790283248866,0.22741646124449474,0.611,0.611,1.0,0.095,0.19274999999999995,0.0,0.389,0.0,0.611,0.0,,6.41
pheme,text,0.60,kmeans_content,2,1,9,0.0007405805019522482,0.03218484982508089,0.1985719762911856,0.611,0.611,1.0,nan,nan,nan,nan,nan,nan,nan,,0.31
pheme,text,0.60,nfmcd_all_changes,2,1,9,0.013093937498508623,0.8524105850178844,0.23967375580563635,0.611,0.611,1.0,0.095,0.19274999999999995,0.0,0.389,0.0,0.611,0.0,,7.24
pheme,text,0.60,nfmcd_rank16,2,1,9,0.0,0.8716690944185507,0.2375608348908845,0.611,0.611,1.0,0.0,0.14999999999999994,0.0,0.389,0.0,0.611,0.0,,4.33
pheme,text,0.60,nfmcd_full,3,0,9,0.0,0.8610445696299599,0.2283701207689034,0.6015,0.6015,1.0,0.0,0.14999999999999994,0.0,0.3985,0.0,0.6015,0.0,,3.11
pheme,text,0.60,nfmcd_all_changes,3,0,9,0.0,0.8578874103386529,0.238518409343808,0.6015,0.6015,1.0,0.089,0.19004999999999994,0.0,0.3985,0.0,0.6015,0.0,,3.5
pheme,text,0.60,nfmcd_full,3,1,9,0.0,0.872296366102427,0.22828124336126634,0.6015,0.6015,1.0,0.0,0.14999999999999994,0.0,0.3985,0.0,0.6015,0.0,,5.53
pheme,text,0.60,nfmcd_rank16,3,0,9,0.0,0.8610445696299599,0.2283701207689034,0.6015,0.6015,1.0,0.0,0.14999999999999994,0.0,0.3985,0.0,0.6015,0.0,,3.05
pheme,text,0.60,spectral_graph+content,3,0,9,0.011032421802836367,0.06686801713991841,0.10812335364598867,0.6015,0.6015,1.0,nan,nan,nan,nan,nan,nan,nan,,0.64
pheme,text,0.60,kmeans_content,3,0,9,0.0027823392005306147,0.03626477120073544,0.19085982908084553,0.6015,0.6015,1.0,nan,nan,nan,nan,nan,nan,nan,,0.28
pheme,text,0.60,spectral_graph+content,3,1,9,0.011032421802836367,0.06686801713991841,0.10812335364598867,0.6015,0.6015,1.0,nan,nan,nan,nan,nan,nan,nan,,0.7
pheme,text,0.60,kmeans_content,3,1,9,0.0014471142257547198,0.036394887293204684,0.17217788567116418,0.6015,0.6015,1.0,nan,nan,nan,nan,nan,nan,nan,,0.41
pheme,text,0.60,nfmcd_all_changes,3,1,9,0.0,0.8436830702441018,0.23114931463909874,0.6015,0.6015,1.0,0.089,0.19004999999999994,0.0,0.3985,0.0,0.6015,0.0,,7.03
pheme,text,0.60,nfmcd_rank16,3,1,9,0.0,0.872296366102427,0.22828124336126634,0.6015,0.6015,1.0,0.0,0.14999999999999994,0.0,0.3985,0.0,0.6015,0.0,,5.38
pheme,text,0.60,nfmcd_full,4,0,9,0.012416530991716357,0.8675751582710316,0.2374350219321214,0.592,0.592,1.0,0.0,0.14999999999999994,0.0,0.408,0.0,0.592,0.0,,3.08
pheme,text,0.60,nfmcd_full,4,1,9,0.0,0.8687727574078395,0.22771019472574824,0.592,0.592,1.0,0.0,0.14999999999999994,0.0,0.408,0.0,0.592,0.0,,3.55
pheme,text,0.60,nfmcd_rank16,4,0,9,0.012416530991716357,0.8675751582710316,0.2374350219321214,0.592,0.592,1.0,0.0,0.14999999999999994,0.0,0.408,0.0,0.592,0.0,,3.11
pheme,text,0.60,spectral_graph+content,4,0,9,0.013501831675081899,0.021567553708293892,0.0790593155023174,0.592,0.592,1.0,nan,nan,nan,nan,nan,nan,nan,,0.8
pheme,text,0.60,nfmcd_rank16,4,1,9,0.0,0.8687727574078395,0.22771019472574824,0.592,0.592,1.0,0.0,0.14999999999999994,0.0,0.408,0.0,0.592,0.0,,3.51
pheme,text,0.60,kmeans_content,4,0,9,0.0666189960359076,0.025674029388534036,0.2359208543330481,0.592,0.592,1.0,nan,nan,nan,nan,nan,nan,nan,,0.33
pheme,text,0.60,spectral_graph+content,4,1,9,0.013501831675081899,0.021567553708293892,0.0790593155023174,0.592,0.592,1.0,nan,nan,nan,nan,nan,nan,nan,,0.76
pheme,text,0.60,nfmcd_all_changes,4,0,9,0.0,0.8379129673815774,0.2269336875671308,0.592,0.592,1.0,0.1035,0.19657499999999997,0.0,0.408,0.0,0.592,0.0,,5.89
pheme,text,0.60,kmeans_content,4,1,9,0.0011975883171762014,0.03553364268114681,0.18152249994966452,0.592,0.592,1.0,nan,nan,nan,nan,nan,nan,nan,,0.45
pheme,text,0.80,nfmcd_all_changes,0,0,9,0.013033197499117133,0.873619508090359,0.23845225060960404,0.821,0.821,1.0,0.02375,0.16068749999999996,0.0,0.179,0.0,0.821,0.0,,2.52
pheme,text,0.80,nfmcd_full,0,0,9,0.013033197499117133,0.8735947240727459,0.23783324913192466,0.821,0.821,1.0,0.0,0.14999999999999994,0.0,0.179,0.0,0.821,0.0,,3.59
pheme,text,0.60,nfmcd_all_changes,4,1,9,0.0,0.8360889817043792,0.2357092084271676,0.592,0.592,1.0,0.1035,0.19657499999999997,0.0,0.408,0.0,0.592,0.0,,10.16
pheme,text,0.80,nfmcd_full,0,1,9,0.0,0.8821977286628049,0.2497398043109136,0.821,0.821,1.0,0.0,0.14999999999999994,0.0,0.179,0.0,0.821,0.0,,7.02
pheme,text,0.80,nfmcd_rank16,0,0,9,0.013033197499117133,0.8735947240727459,0.23783324913192466,0.821,0.821,1.0,0.0,0.14999999999999994,0.0,0.179,0.0,0.821,0.0,,3.66
pheme,text,0.80,spectral_graph+content,0,1,9,0.006830757592159342,0.03760915663233582,0.10661964322305265,0.821,0.821,1.0,nan,nan,nan,nan,nan,nan,nan,,1.03
pheme,text,0.80,spectral_graph+content,0,0,9,0.006830757592159342,0.03760915663233582,0.10661964322305265,0.821,0.821,1.0,nan,nan,nan,nan,nan,nan,nan,,1.16
pheme,text,0.80,nfmcd_all_changes,0,1,9,0.0,0.8712462908799831,0.2282636340180092,0.821,0.821,1.0,0.02375,0.16068749999999996,0.0,0.179,0.0,0.821,0.0,,5.52
pheme,text,0.80,kmeans_content,0,0,9,0.001299325031195675,0.01163196559978349,0.11073156976694903,0.821,0.821,1.0,nan,nan,nan,nan,nan,nan,nan,,0.3
pheme,text,0.80,kmeans_content,0,1,9,0.0005828138760846091,0.009638769992809668,0.09951277490346183,0.821,0.821,1.0,nan,nan,nan,nan,nan,nan,nan,,0.34
pheme,text,0.80,nfmcd_rank16,0,1,9,0.0,0.8821977286628049,0.2497398043109136,0.821,0.821,1.0,0.0,0.14999999999999994,0.0,0.179,0.0,0.821,0.0,,6.88
pheme,text,0.80,nfmcd_full,1,1,9,0.0,0.8719346374644061,0.23782428394785096,0.792,0.792,1.0,0.0,0.14999999999999994,0.0,0.208,0.0,0.792,0.0,,4.83
pheme,text,0.80,nfmcd_full,1,0,9,0.01356265227563691,0.874291627044202,0.23880054989799904,0.792,0.792,1.0,0.0,0.14999999999999994,0.0,0.208,0.0,0.792,0.0,,6.75
pheme,text,0.80,nfmcd_all_changes,1,1,9,0.0,0.8730541964505156,0.2384354884660985,0.792,0.792,1.0,0.029,0.16304999999999994,0.0,0.208,0.0,0.792,0.0,,6.95
pheme,text,0.80,nfmcd_rank16,1,1,9,0.0,0.8719346374644061,0.23782428394785096,0.792,0.792,1.0,0.0,0.14999999999999994,0.0,0.208,0.0,0.792,0.0,,4.73
pheme,text,0.80,nfmcd_rank16,1,0,9,0.01356265227563691,0.874291627044202,0.23880054989799904,0.792,0.792,1.0,0.0,0.14999999999999994,0.0,0.208,0.0,0.792,0.0,,6.98
pheme,text,0.80,spectral_graph+content,1,0,9,0.014691438518203537,0.03973704157312412,0.12836504270338284,0.792,0.792,1.0,nan,nan,nan,nan,nan,nan,nan,,1.22
pheme,text,0.80,nfmcd_all_changes,1,0,9,0.01421376165481969,0.8675704375057719,0.23985511743333238,0.792,0.792,1.0,0.029,0.16304999999999994,0.0,0.208,0.0,0.792,0.0,,11.8
pheme,text,0.80,spectral_graph+content,1,1,9,0.014691438518203537,0.03973704157312412,0.12836504270338284,0.792,0.792,1.0,nan,nan,nan,nan,nan,nan,nan,,0.83
pheme,text,0.80,kmeans_content,1,0,9,0.003923291960975073,0.0058745497938942955,0.13320686291540568,0.792,0.792,1.0,nan,nan,nan,nan,nan,nan,nan,,0.25
pheme,text,0.80,kmeans_content,1,1,9,0.0035954717948114556,0.006956785229669648,0.1246009634327639,0.792,0.792,1.0,nan,nan,nan,nan,nan,nan,nan,,0.33
pheme,text,0.80,nfmcd_full,2,0,9,0.013168420492743582,0.8742668430265889,0.23803109756619042,0.798,0.798,1.0,0.0,0.14999999999999994,0.0,0.202,0.0,0.798,0.0,,2.61
pheme,text,0.80,nfmcd_all_changes,2,0,9,0.014118578776213031,0.8615828843934746,0.23969435539628922,0.798,0.798,1.0,0.034,0.16529999999999995,0.0,0.202,0.0,0.798,0.0,,3.02
pheme,text,0.80,nfmcd_all_changes,2,1,9,0.0,0.8773989232524538,0.2603375960678733,0.798,0.798,1.0,0.034,0.16529999999999995,0.0,0.202,0.0,0.798,0.0,,4.77
pheme,text,0.80,nfmcd_full,2,1,9,0.0,0.8719346374644061,0.2388604583439625,0.798,0.798,1.0,0.0,0.14999999999999994,0.0,0.202,0.0,0.798,0.0,,4.94
pheme,text,0.80,nfmcd_rank16,2,0,9,0.013168420492743582,0.8742668430265889,0.23803109756619042,0.798,0.798,1.0,0.0,0.14999999999999994,0.0,0.202,0.0,0.798,0.0,,2.72
pheme,text,0.80,kmeans_content,2,0,9,0.0027128680200456667,0.006202938027268814,0.12558604079875504,0.798,0.798,1.0,nan,nan,nan,nan,nan,nan,nan,,0.33
pheme,text,0.80,spectral_graph+content,2,1,9,0.007229521870745881,0.026946128102095866,0.10035053787304489,0.798,0.798,1.0,nan,nan,nan,nan,nan,nan,nan,,0.72
pheme,text,0.80,spectral_graph+content,2,0,9,0.007127781929962884,0.030153888096029702,0.1052459061520294,0.798,0.798,1.0,nan,nan,nan,nan,nan,nan,nan,,0.81
pheme,text,0.80,kmeans_content,2,1,9,0.0026595925655541475,0.005782789919159792,0.12308019767736912,0.798,0.798,1.0,nan,nan,nan,nan,nan,nan,nan,,0.25
pheme,text,0.80,nfmcd_rank16,2,1,9,0.0,0.8719346374644061,0.2388604583439625,0.798,0.798,1.0,0.0,0.14999999999999994,0.0,0.202,0.0,0.798,0.0,,4.53
pheme,text,0.80,nfmcd_all_changes,3,0,9,0.012431321681173446,0.8716865022404456,0.232031671554156,0.801,0.801,1.0,0.024,0.16079999999999994,0.0,0.199,0.0,0.801,0.0,,2.92
pheme,text,0.80,nfmcd_full,3,1,9,0.0,0.8719346374644061,0.2279867078078193,0.801,0.801,1.0,0.0,0.14999999999999994,0.0,0.199,0.0,0.801,0.0,,3.88
pheme,text,0.80,nfmcd_full,3,0,9,0.012473075662722488,0.8742874963745999,0.2356784931056414,0.801,0.801,1.0,0.0,0.14999999999999994,0.0,0.199,0.0,0.801,0.0,,4.88
pheme,text,0.80,spectral_graph+content,3,0,9,0.005083205029649651,0.05347800905265744,0.08172652651924253,0.801,0.801,1.0,nan,nan,nan,nan,nan,nan,nan,,1.33
pheme,text,0.80,nfmcd_all_changes,3,1,9,0.011292809825998784,0.8711629398683673,0.23198949618544557,0.801,0.801,1.0,0.024,0.16079999999999994,0.0,0.199,0.0,0.801,0.0,,4.76
pheme,text,0.80,kmeans_content,3,0,9,0.0004932441118528086,0.010011710448322154,0.11326990169696385,0.801,0.801,1.0,nan,nan,nan,nan,nan,nan,nan,,0.41
pheme,text,0.80,spectral_graph+content,3,1,9,0.0052541063520408215,0.05872395944744613,0.09022236616457265,0.801,0.801,1.0,nan,nan,nan,nan,nan,nan,nan,,1.12
pheme,text,0.80,kmeans_content,3,1,9,0.0004949906575156815,0.009712974521734832,0.10477064380597016,0.801,0.801,1.0,nan,nan,nan,nan,nan,nan,nan,,0.3
pheme,text,0.80,nfmcd_rank16,3,1,9,0.0,0.8719346374644061,0.2279867078078193,0.801,0.801,1.0,0.0,0.14999999999999994,0.0,0.199,0.0,0.801,0.0,,3.61
pheme,text,0.80,nfmcd_rank16,3,0,9,0.012473075662722488,0.8742874963745999,0.2356784931056414,0.801,0.801,1.0,0.0,0.14999999999999994,0.0,0.199,0.0,0.801,0.0,,4.61
pheme,text,0.80,nfmcd_full,4,0,9,0.01329943459993832,0.8725917089789841,0.23834482268301857,0.788,0.788,1.0,0.0,0.14999999999999994,0.0,0.212,0.0,0.788,0.0,,2.53
pheme,text,0.80,nfmcd_full,4,1,9,0.0,0.864601666253108,0.22640655352056294,0.788,0.788,1.0,0.0,0.14999999999999994,0.0,0.212,0.0,0.788,0.0,,4.64
pheme,text,0.80,nfmcd_all_changes,4,1,9,0.0,0.8659242181453825,0.24538294577691713,0.788,0.788,1.0,0.025500000000000002,0.16147499999999998,0.0,0.212,0.0,0.788,0.0,,4.42
pheme,text,0.80,nfmcd_all_changes,4,0,9,0.012859038786217303,0.8680885414930187,0.23793606241575255,0.788,0.788,1.0,0.025500000000000002,0.16147499999999998,0.0,0.212,0.0,0.788,0.0,,4.51
pheme,text,0.80,nfmcd_rank16,4,0,9,0.01329943459993832,0.8725917089789841,0.23834482268301857,0.788,0.788,1.0,0.0,0.14999999999999994,0.0,0.212,0.0,0.788,0.0,,2.62
pheme,text,0.80,spectral_graph+content,4,0,9,0.018261565717256678,0.01621759895387833,0.08442624345521707,0.788,0.788,1.0,nan,nan,nan,nan,nan,nan,nan,,0.69
pheme,text,0.80,kmeans_content,4,0,9,0.0002714510633498035,0.0007249325151852794,0.14415537062177053,0.788,0.788,1.0,nan,nan,nan,nan,nan,nan,nan,,0.28
pheme,text,0.80,spectral_graph+content,4,1,9,0.018261565717256678,0.01621759895387833,0.08442624345521707,0.788,0.788,1.0,nan,nan,nan,nan,nan,nan,nan,,0.74
pheme,text,0.80,kmeans_content,4,1,9,0.0020964021713181236,0.0018095283335904622,0.17775893580148347,0.788,0.788,1.0,nan,nan,nan,nan,nan,nan,nan,,0.23
pheme,text,0.80,nfmcd_rank16,4,1,9,0.0,0.864601666253108,0.22640655352056294,0.788,0.788,1.0,0.0,0.14999999999999994,0.0,0.212,0.0,0.788,0.0,,2.7
