dataset,scheme,p,method,seed,k_used,onmi,modularity,f1,frac_nocontent,mean_conf,mean_alpha,acc_overall,acc_affected,acc_background,n_affected,n_background,error,secs
crisismmd,mcar_control,0.00,nfmcd_robust,2,7,0.7058647764506246,0.45700605811460737,0.6988240049654377,0.0,0.44842451836266245,0.46389716285386373,0.8125,nan,nan,nan,nan,,2.47
crisismmd,mcar_control,0.00,nfmcd_robust,1,7,0.7097932583825237,0.4577152988615624,0.7067227870812722,0.0,0.4491328347367386,0.46439298431571685,0.82,nan,nan,nan,nan,,2.5
crisismmd,mcar_control,0.00,nfmcd_robust,0,7,0.7067088036285051,0.45831892225027016,0.7003090224252355,0.0,0.4497171238303191,0.46480198668122336,0.81625,nan,nan,nan,nan,,2.5
crisismmd,mcar_control,0.00,spectral_graph+content,0,7,0.8788156780705653,0.5166905339443814,0.9560991920649711,0.0,nan,nan,0.96875,nan,nan,nan,nan,,0.14
crisismmd,mcar_control,0.00,spectral_graph+content,1,7,0.8788156780705653,0.5166905339443814,0.9560991920649711,0.0,nan,nan,0.96875,nan,nan,nan,nan,,0.16
crisismmd,mcar_control,0.00,spectral_graph+content,2,7,0.8788156780705653,0.5166905339443814,0.9560991920649711,0.0,nan,nan,0.96875,nan,nan,nan,nan,,0.16
crisismmd,mcar_control,0.00,kmeans_content,0,7,0.3943730374016603,0.20111718439393395,0.5610033449335877,0.0,nan,nan,0.6025,nan,nan,nan,nan,,0.31
crisismmd,mcar_control,0.00,nfmcd_full,2,7,0.6076187149920035,0.5122659845460196,0.7379396383562477,0.0,0.6442624042375646,0.6009836829662953,0.9,nan,nan,nan,nan,,2.95
crisismmd,mcar_control,0.00,kmeans_content,1,7,0.4064742121714391,0.1989244266278576,0.5603964460777323,0.0,nan,nan,0.58125,nan,nan,nan,nan,,0.31
crisismmd,mcar_control,0.00,nfmcd_full,0,7,0.590905302529789,0.5197824512523282,0.7572625076058666,0.0,0.6430985242576375,0.6001689669803463,0.92375,nan,nan,nan,nan,,3.01
crisismmd,mcar_control,0.00,kmeans_content,2,7,0.4209784745470222,0.21987580201939383,0.6037258915449902,0.0,nan,nan,0.64,nan,nan,nan,nan,,0.39
crisismmd,mcar_control,0.00,louvain,0,6,0.5763871869900328,0.5373657018496237,0.7152286011426329,0.0,nan,nan,0.875,nan,nan,nan,nan,,0.11
crisismmd,mcar_control,0.00,louvain,1,7,0.5336043897656694,0.5348812150920406,0.6909389872845079,0.0,nan,nan,0.8925,nan,nan,nan,nan,,0.09
crisismmd,mcar_control,0.00,louvain,2,6,0.5590786906111336,0.5352797328761504,0.7232748244613503,0.0,nan,nan,0.8775,nan,nan,nan,nan,,0.09
crisismmd,mcar_control,0.00,nfmcd_full,1,7,0.6290563695197424,0.5267513351527662,0.506950028298826,0.0,0.6471371057933639,0.6029959740553547,0.8425,nan,nan,nan,nan,,3.16
crisismmd,mcar_control,0.20,nfmcd_robust,1,7,0.6775931898409536,0.43976591227270356,0.6874419369317598,0.03625,0.29447151186948406,0.35613005830863875,0.79125,nan,nan,nan,nan,,0.31
crisismmd,mcar_control,0.20,nfmcd_full,0,7,0.5514191003982021,0.5211668356390996,0.6271696797478209,0.04625,0.4177305762292389,0.44241140336046725,0.8775,nan,nan,nan,nan,,0.47
crisismmd,mcar_control,0.20,nfmcd_robust,0,7,0.6828531106446208,0.441764170098795,0.6908694323121287,0.04625,0.28414565212745246,0.34890195648921674,0.7975,nan,nan,nan,nan,,0.44
crisismmd,mcar_control,0.20,spectral_graph+content,0,7,0.8181655778785109,0.5111382488754962,0.9254015254270023,0.04625,nan,nan,0.9525,nan,nan,nan,nan,,0.12
crisismmd,mcar_control,0.20,nfmcd_robust,2,7,0.6826497639568729,0.4566606314089749,0.6919557499990461,0.0425,0.269417263849617,0.3385920846947319,0.83125,nan,nan,nan,nan,,0.39
crisismmd,mcar_control,0.20,nfmcd_full,2,7,0.5894379792405017,0.5235555785565762,0.6243098402979672,0.0425,0.4084696276071768,0.4359287393250238,0.88625,nan,nan,nan,nan,,0.5
crisismmd,mcar_control,0.20,nfmcd_full,1,7,0.5818460592999739,0.5243978816952546,0.6270609031574467,0.03625,0.4236090037758013,0.446526302643061,0.88125,nan,nan,nan,nan,,0.53
crisismmd,mcar_control,0.20,spectral_graph+content,2,7,0.8060444896575654,0.5055721157790491,0.9166468070174829,0.0425,nan,nan,0.9475,nan,nan,nan,nan,,0.17
crisismmd,mcar_control,0.20,spectral_graph+content,1,7,0.8147047086666394,0.5117372702006637,0.9275307744313014,0.03625,nan,nan,0.9525,nan,nan,nan,nan,,0.23
crisismmd,mcar_control,0.40,nfmcd_full,0,7,0.6176179673395495,0.5222244107591058,0.72372877017353,0.15125,0.2389953406958867,0.3172967384871207,0.93,nan,nan,nan,nan,,0.28
crisismmd,mcar_control,0.20,kmeans_content,2,7,0.16260137606575997,0.06528663053265832,0.3914838373241216,0.0425,nan,nan,0.37875,nan,nan,nan,nan,,0.34
crisismmd,mcar_control,0.20,kmeans_content,0,7,0.1647110013587767,0.061186150081408396,0.4308827012586411,0.04625,nan,nan,0.4275,nan,nan,nan,nan,,0.38
crisismmd,mcar_control,0.20,kmeans_content,1,7,0.17832885488661354,0.0616213379445452,0.4045835127429437,0.03625,nan,nan,0.3875,nan,nan,nan,nan,,0.38
crisismmd,mcar_control,0.40,nfmcd_full,1,7,0.581023151707381,0.5226171759637902,0.7197952367857258,0.185,0.2436324723170318,0.32054273062192223,0.9075,nan,nan,nan,nan,,0.25
crisismmd,mcar_control,0.40,nfmcd_full,2,7,0.616567086768986,0.513384892621934,0.752954779126907,0.155,0.1963813099055164,0.2874669169338614,0.9,nan,nan,nan,nan,,0.28
crisismmd,mcar_control,0.40,spectral_graph+content,1,7,0.7082271917675509,0.5008021815119963,0.8459865671377964,0.185,nan,nan,0.92,nan,nan,nan,nan,,0.14
crisismmd,mcar_control,0.40,spectral_graph+content,0,7,0.7775576871793133,0.507332384164701,0.9028445558116084,0.15125,nan,nan,0.945,nan,nan,nan,nan,,0.14
crisismmd,mcar_control,0.40,nfmcd_robust,0,7,0.6359916376556971,0.5251100510280989,0.7323615987266135,0.15125,0.14939672001129375,0.2545777040079056,0.92375,nan,nan,nan,nan,,0.22
crisismmd,mcar_control,0.40,spectral_graph+content,2,7,0.6481999977748493,0.4906930586364395,0.7403655662313574,0.155,nan,nan,0.87,nan,nan,nan,nan,,0.12
crisismmd,mcar_control,0.40,nfmcd_robust,2,7,0.6282317434027306,0.5216161643883872,0.7563509129810898,0.155,0.11575645235649284,0.23102951664954496,0.91375,nan,nan,nan,nan,,0.25
crisismmd,mcar_control,0.40,nfmcd_robust,1,7,0.6172057142655989,0.5245394369860567,0.727042812067073,0.185,0.15738944931061813,0.2601726145174327,0.91125,nan,nan,nan,nan,,0.25
crisismmd,mcar_control,0.60,nfmcd_full,2,7,0.550308616076015,0.5129703512893162,0.7548605470745253,0.38,0.08476635689159917,0.20933644982411942,0.8875,nan,nan,nan,nan,,0.11
crisismmd,mcar_control,0.60,nfmcd_full,1,7,0.5436940028388211,0.5125109816741228,0.7552388851047022,0.37125,0.10436972496508634,0.2230588074755604,0.89,nan,nan,nan,nan,,0.12
crisismmd,mcar_control,0.60,nfmcd_full,0,7,0.5511224679588193,0.5111722204718111,0.7505722493306862,0.35625,0.09952837906720195,0.21966986534704133,0.885,nan,nan,nan,nan,,0.17
crisismmd,mcar_control,0.40,kmeans_content,2,7,0.0,-0.00367865949085028,0.17242709386468175,0.155,nan,nan,0.21375,nan,nan,nan,nan,,0.25
crisismmd,mcar_control,0.40,kmeans_content,1,7,0.055475512318079234,0.011233616183131328,0.2676991412729864,0.185,nan,nan,0.2575,nan,nan,nan,nan,,0.3
crisismmd,mcar_control,0.40,kmeans_content,0,7,0.08564312812627017,0.03445330685668558,0.3078052646763288,0.15125,nan,nan,0.30625,nan,nan,nan,nan,,0.3
crisismmd,mcar_control,0.60,nfmcd_robust,0,7,0.5517137732592868,0.5156641482640953,0.7676269875209923,0.35625,0.04299145773485548,0.18009402041439876,0.89625,nan,nan,nan,nan,,0.14
crisismmd,mcar_control,0.60,nfmcd_robust,2,7,0.5483873536952261,0.5150774269996625,0.7581849904268622,0.38,0.04204754400316113,0.17943328080221277,0.8925,nan,nan,nan,nan,,0.16
crisismmd,mcar_control,0.60,spectral_graph+content,1,7,0.5182115547619283,0.506125116468815,0.6754212831035117,0.37125,nan,nan,0.87875,nan,nan,nan,nan,,0.11
crisismmd,mcar_control,0.60,nfmcd_robust,1,7,0.5532183904648711,0.5150378910901582,0.7578311508553136,0.37125,0.050251687710646885,0.18517618139745276,0.895,nan,nan,nan,nan,,0.2
crisismmd,mcar_control,0.60,spectral_graph+content,2,7,0.4789637192292199,0.4522457045071062,0.6421669566418027,0.38,nan,nan,0.8125,nan,nan,nan,nan,,0.12
crisismmd,mcar_control,0.60,spectral_graph+content,0,7,0.5979680306965405,0.47746233514310177,0.7805693950742966,0.35625,nan,nan,0.87,nan,nan,nan,nan,,0.16
crisismmd,mcar_control,0.80,nfmcd_full,0,7,0.6045705436317934,0.4825366959133383,0.7139471468838406,0.63125,0.01049286606178637,0.1573450062432504,0.84125,nan,nan,nan,nan,,0.08
crisismmd,mcar_control,0.80,nfmcd_full,2,7,0.5510234728839553,0.5159088106966684,0.7551973990535676,0.66,0.015163270522890859,0.16061428936602354,0.8925,nan,nan,nan,nan,,0.09
crisismmd,mcar_control,0.80,nfmcd_full,1,7,0.5477197417709571,0.5160159132663309,0.7555003246502708,0.6425,0.02231298262372911,0.1656190878366103,0.8925,nan,nan,nan,nan,,0.14
crisismmd,mcar_control,0.80,nfmcd_robust,0,7,0.5502415868398838,0.5157035795812466,0.7596239924374241,0.63125,0.011197648883552623,0.15783835421848683,0.89375,nan,nan,nan,nan,,0.11
crisismmd,mcar_control,0.60,kmeans_content,0,7,0.054368688985032,0.000702337651644791,0.2207456787049765,0.35625,nan,nan,0.25625,nan,nan,nan,nan,,0.26
crisismmd,mcar_control,0.80,nfmcd_robust,2,7,0.5510234728839553,0.5149978949742998,0.7582407087295302,0.66,0.01744151903120075,0.1622090633218405,0.89125,nan,nan,nan,nan,,0.08
crisismmd,mcar_control,0.60,kmeans_content,2,7,0.0,-0.002822717509316371,0.1614830066753186,0.38,nan,nan,0.21875,nan,nan,nan,nan,,0.25
crisismmd,mcar_control,0.60,kmeans_content,1,7,0.0,-0.0019951409739665162,0.21814012787514078,0.37125,nan,nan,0.23875,nan,nan,nan,nan,,0.26
crisismmd,mcar_control,0.80,nfmcd_robust,1,7,0.5493195832924727,0.5144663984723492,0.7547819080196224,0.6425,0.02150793731069581,0.165055556117487,0.89125,nan,nan,nan,nan,,0.12
crisismmd,mcar_control,0.80,spectral_graph+content,0,7,0.45578943536347416,0.44772321482922095,0.6391858492303811,0.63125,nan,nan,0.81625,nan,nan,nan,nan,,0.12
crisismmd,mcar_control,0.80,spectral_graph+content,2,7,0.412935865627688,0.4625201460561089,0.6816857643530561,0.66,nan,nan,0.83125,nan,nan,nan,nan,,0.14
crisismmd,mcar_control,0.80,spectral_graph+content,1,7,0.5149050468239398,0.5112085767737785,0.6611152332743864,0.6425,nan,nan,0.88375,nan,nan,nan,nan,,0.2
crisismmd,mcar_control,0.80,kmeans_content,1,7,0.0051532505380917915,-0.004829008028132482,0.13650841265102473,0.6425,nan,nan,0.24375,nan,nan,nan,nan,,0.24
crisismmd,mcar_control,0.80,kmeans_content,2,7,0.033811209041323065,0.004778950127897572,0.17581901262767977,0.66,nan,nan,0.27125,nan,nan,nan,nan,,0.24
crisismmd,mcar_control,0.80,kmeans_content,0,7,0.001145849289965084,0.013239739354182385,0.2175316687098765,0.63125,nan,nan,0.29125,nan,nan,nan,nan,,0.27
crisismmd,by_community,0.20,nfmcd_robust,0,7,0.6932250043061606,0.4585296130865283,0.6980873190549316,0.0625,0.31243054080351584,0.36870137856246105,0.80125,0.976303317535545,0.7385398981324278,211.0,589.0,,0.28
crisismmd,by_community,0.20,nfmcd_robust,2,7,0.6874768046842827,0.4554206681434828,0.696473795485851,0.0675,0.30038546797666893,0.36026982758366827,0.79625,0.976303317535545,0.7317487266553481,211.0,589.0,,0.27
crisismmd,by_community,0.20,nfmcd_robust,1,7,0.6893801363813474,0.4587023578170505,0.6969964388225565,0.05875,0.3070493874398014,0.3649345712078609,0.83625,0.976303317535545,0.7860780984719864,211.0,589.0,,0.33
crisismmd,by_community,0.20,nfmcd_full,0,7,0.6481633079219713,0.5156331680090817,0.7484677797626965,0.0625,0.4411401951688136,0.45879813661816954,0.90625,0.9715639810426541,0.8828522920203735,211.0,589.0,,0.52
crisismmd,by_community,0.20,nfmcd_full,2,7,0.6409382411591709,0.5083415957805939,0.7448304863602333,0.0675,0.43612376796136276,0.4552866375729539,0.90375,0.966824644549763,0.8811544991511036,211.0,589.0,,0.45
crisismmd,by_community,0.20,nfmcd_full,1,7,0.6316590509801,0.5172674026091441,0.7435099928215488,0.05875,0.434575824040903,0.4542030768286321,0.91,0.9715639810426541,0.8879456706281834,211.0,589.0,,0.5
crisismmd,by_community,0.20,spectral_graph+content,1,7,0.8208853690379065,0.5153389915565103,0.926546631933249,0.05875,nan,nan,0.95625,0.995260663507109,0.9422750424448217,211.0,589.0,,0.12
crisismmd,by_community,0.20,spectral_graph+content,0,7,0.8486548844560486,0.5179871235098884,0.9409450271780507,0.0625,nan,nan,0.9625,0.990521327014218,0.9524617996604414,211.0,589.0,,0.19
crisismmd,by_community,0.20,spectral_graph+content,2,7,0.8544998350988958,0.5164360398306089,0.9454959283016603,0.0675,nan,nan,0.96375,0.995260663507109,0.9524617996604414,211.0,589.0,,0.14
crisismmd,by_community,0.40,nfmcd_full,0,7,0.6238753868033896,0.5210625152260319,0.7295828246012006,0.2525,0.28464011219583296,0.349248078537083,0.89875,0.976303317535545,0.8709677419354839,211.0,589.0,,0.3
crisismmd,by_community,0.20,kmeans_content,1,7,0.27710639660055447,0.11805510435576527,0.49652306693020426,0.05875,nan,nan,0.50125,0.3791469194312796,0.5449915110356537,211.0,589.0,,0.38
crisismmd,by_community,0.20,kmeans_content,0,7,0.23400070647847282,0.11199878873687623,0.47369389613749563,0.0625,nan,nan,0.48625,0.4549763033175355,0.49745331069609505,211.0,589.0,,0.39
crisismmd,by_community,0.40,nfmcd_full,1,7,0.5925767581695347,0.511091788952211,0.7296177378255672,0.24125,0.2978966684204869,0.3585276678943409,0.88125,0.976303317535545,0.8471986417657046,211.0,589.0,,0.3
crisismmd,by_community,0.40,nfmcd_full,2,7,0.6219499654770488,0.5187745993370267,0.7318671662442174,0.25,0.28400345297241125,0.3488024170806879,0.8975,0.976303317535545,0.8692699490662139,211.0,589.0,,0.33
crisismmd,by_community,0.20,kmeans_content,2,7,0.28035697153173933,0.1418672061177657,0.5125842545061879,0.0675,nan,nan,0.53,0.4597156398104265,0.5551782682512734,211.0,589.0,,0.41
crisismmd,by_community,0.40,spectral_graph+content,0,7,0.8236114533633563,0.5122768203138097,0.9325389448475947,0.2525,nan,nan,0.955,0.976303317535545,0.9473684210526315,211.0,589.0,,0.11
crisismmd,by_community,0.40,spectral_graph+content,1,7,0.8415264990606256,0.5132969095344339,0.9408977616773652,0.24125,nan,nan,0.96,0.985781990521327,0.9507640067911715,211.0,589.0,,0.12
crisismmd,by_community,0.40,spectral_graph+content,2,7,0.8402030462989523,0.5158121673623244,0.93795601749512,0.25,nan,nan,0.9625,0.995260663507109,0.9507640067911715,211.0,589.0,,0.12
crisismmd,by_community,0.40,nfmcd_robust,0,7,0.6310159074551795,0.5216331711050153,0.7332571829332808,0.2525,0.19518019203124215,0.28662613442186946,0.92625,0.976303317535545,0.9083191850594228,211.0,589.0,,0.25
crisismmd,by_community,0.40,nfmcd_robust,2,7,0.6321067208480601,0.5192865161504608,0.7318805863378574,0.25,0.1887223397377365,0.2821056378164155,0.90625,0.976303317535545,0.8811544991511036,211.0,589.0,,0.28
crisismmd,by_community,0.40,nfmcd_robust,1,7,0.6755651176006442,0.4603180586521284,0.6919394099834267,0.24125,0.2070048134110814,0.29490336938775696,0.8125,0.976303317535545,0.7538200339558574,211.0,589.0,,0.31
crisismmd,by_community,0.40,kmeans_content,0,7,0.20422181721021682,0.1454863107227118,0.40800008548705213,0.2525,nan,nan,0.46625,0.7772511848341233,0.3548387096774194,211.0,589.0,,0.33
crisismmd,by_community,0.40,kmeans_content,2,7,0.25356729602912,0.16852986787350063,0.4856039577948654,0.25,nan,nan,0.5425,0.8009478672985783,0.44991511035653653,211.0,589.0,,0.28
crisismmd,by_community,0.40,kmeans_content,1,7,0.26960330908727004,0.16652571103868952,0.4960017249913964,0.24125,nan,nan,0.5525,0.7819905213270142,0.4702886247877759,211.0,589.0,,0.3
crisismmd,by_community,0.60,nfmcd_full,2,7,0.6058618542888735,0.5169615954868986,0.7571217925273128,0.34875,0.17984776001473665,0.27589343201031563,0.9025,0.957345971563981,0.8828522920203735,211.0,589.0,,0.19
crisismmd,by_community,0.60,nfmcd_full,1,7,0.6090062129524649,0.5227976605284482,0.7190693411668468,0.36375,0.20741082016921028,0.29518757411844715,0.90875,0.976303317535545,0.8845500848896435,211.0,589.0,,0.23
crisismmd,by_community,0.60,nfmcd_full,0,7,0.6217571812692684,0.5211591376419051,0.7246544972183676,0.3525,0.22085360965658055,0.3045975267596063,0.9025,0.976303317535545,0.8760611205432938,211.0,589.0,,0.31
crisismmd,by_community,0.60,spectral_graph+content,0,7,0.8134293246588186,0.5224918743246733,0.9221680933861001,0.3525,nan,nan,0.96,1.0,0.9456706281833617,211.0,589.0,,0.12
crisismmd,by_community,0.60,spectral_graph+content,2,7,0.7559968277507805,0.5045858726439161,0.8860204517549713,0.34875,nan,nan,0.9375,1.0,0.9151103565365025,211.0,589.0,,0.11
crisismmd,by_community,0.60,spectral_graph+content,1,7,0.7837327687961915,0.5075957058730823,0.9051463900347222,0.36375,nan,nan,0.94625,1.0,0.9269949066213922,211.0,589.0,,0.12
crisismmd,by_community,0.60,nfmcd_robust,1,7,0.6852429667631764,0.45669899588412355,0.7246691504393049,0.36375,0.13594570401232706,0.24516199280862888,0.81375,0.957345971563981,0.7623089983022071,211.0,589.0,,0.22
crisismmd,by_community,0.60,nfmcd_robust,0,7,0.629675852372774,0.5238017052820937,0.7306659283748969,0.3525,0.14285949559201377,0.2500016469144096,0.92125,0.976303317535545,0.9015280135823429,211.0,589.0,,0.23
crisismmd,by_community,0.60,nfmcd_robust,2,7,0.6794354657019435,0.4571281592277168,0.72305689151209,0.34875,0.10872090681048023,0.22610463476733614,0.815,0.95260663507109,0.765704584040747,211.0,589.0,,0.22
crisismmd,by_community,0.80,nfmcd_full,0,7,0.6021684695082765,0.5137379336508785,0.7455285690515092,0.40875,0.14041750802192746,0.24829225561534915,0.89875,0.957345971563981,0.8777589134125636,211.0,589.0,,0.16
crisismmd,by_community,0.80,nfmcd_full,1,7,0.5973634675336865,0.5112286794240609,0.7537705918205183,0.4425,0.14872969344745035,0.25411078541321525,0.8975,0.957345971563981,0.8760611205432938,211.0,589.0,,0.17
crisismmd,by_community,0.80,nfmcd_full,2,7,0.5999679146250229,0.5130775166143907,0.7549234925687897,0.41875,0.11662955698218017,0.23164068988752606,0.9025,0.957345971563981,0.8828522920203735,211.0,589.0,,0.17
crisismmd,by_community,0.60,kmeans_content,0,7,0.15628220251641844,0.19920887599158257,0.4168291590135155,0.3525,nan,nan,0.52125,1.0,0.34974533106960953,211.0,589.0,,0.28
crisismmd,by_community,0.60,kmeans_content,2,7,0.12143366410228351,0.1720165585593131,0.3409821301737304,0.34875,nan,nan,0.46125,1.0,0.26825127334465193,211.0,589.0,,0.3
crisismmd,by_community,0.60,kmeans_content,1,7,0.24688633998992482,0.17500231462877597,0.437615992358864,0.36375,nan,nan,0.51875,1.0,0.3463497453310696,211.0,589.0,,0.31
crisismmd,by_community,0.80,spectral_graph+content,0,7,0.7621332861226509,0.504719018709522,0.889006236453991,0.40875,nan,nan,0.93875,1.0,0.9168081494057725,211.0,589.0,,0.09
crisismmd,by_community,0.80,nfmcd_robust,2,7,0.5505130108603271,0.5145500305179568,0.7636714105017123,0.41875,0.06332603568921032,0.19432822498244717,0.8975,0.9478672985781991,0.8794567062818336,211.0,589.0,,0.16
crisismmd,by_community,0.80,nfmcd_robust,0,7,0.6804545492495304,0.46394523778674046,0.7232041685741926,0.40875,0.08324084850439178,0.2082685939530742,0.8,0.95260663507109,0.7453310696095077,211.0,589.0,,0.22
crisismmd,by_community,0.80,spectral_graph+content,1,7,0.7416775506864998,0.5180607983634727,0.8601816816570774,0.4425,nan,nan,0.9375,1.0,0.9151103565365025,211.0,589.0,,0.09
crisismmd,by_community,0.80,nfmcd_robust,1,7,0.6728589494343138,0.4668744303116003,0.722744440568662,0.4425,0.08571830995331771,0.21000281696732234,0.82,0.957345971563981,0.7707979626485568,211.0,589.0,,0.2
crisismmd,by_community,0.80,spectral_graph+content,2,7,0.6141687795324352,0.48892287489570574,0.7008369390795799,0.41875,nan,nan,0.8525,1.0,0.799660441426146,211.0,589.0,,0.14
crisismmd,by_community,0.80,kmeans_content,0,7,0.12416958405347578,0.1510509795262142,0.3530385424547025,0.40875,nan,nan,0.45875,1.0,0.26485568760611206,211.0,589.0,,0.28
crisismmd,by_community,0.80,kmeans_content,1,7,0.16451551989388924,0.13127402983166364,0.38081958122438503,0.4425,nan,nan,0.465,1.0,0.2733446519524618,211.0,589.0,,0.31
crisismmd,by_community,0.80,kmeans_content,2,7,0.10446893613384312,0.14050003763232866,0.3565180276482732,0.41875,nan,nan,0.45875,1.0,0.26485568760611206,211.0,589.0,,0.3
crisismmd,by_degree_low,0.20,nfmcd_full,2,7,0.5727304804974243,0.5257619751655079,0.62999611712317,0.05,0.39070813317172276,0.4234956932202059,0.87875,0.62,0.965,200.0,600.0,,0.42
crisismmd,by_degree_low,0.20,nfmcd_full,0,7,0.5380900134350285,0.52082314516653,0.6340849616058419,0.06625,0.4237916720184948,0.44665417041294636,0.8775,0.61,0.9666666666666667,200.0,600.0,,0.48
crisismmd,by_degree_low,0.20,nfmcd_full,1,7,0.5577607463591566,0.5242500508632614,0.6273697351780884,0.065,0.41911336242466307,0.4433793536972641,0.8775,0.605,0.9683333333333334,200.0,600.0,,0.53
crisismmd,by_degree_low,0.20,nfmcd_robust,0,7,0.6316752105617586,0.5228738246800384,0.7377103073868704,0.06625,0.28282184174111735,0.3479752892187821,0.92125,0.745,0.98,200.0,600.0,,0.33
crisismmd,by_degree_low,0.20,nfmcd_robust,1,7,0.6708598769800276,0.46100690389021215,0.6842366167425487,0.065,0.2778357385034367,0.34448501695240563,0.83,0.695,0.875,200.0,600.0,,0.3
crisismmd,by_degree_low,0.20,spectral_graph+content,0,7,0.7494610777588085,0.509499098434834,0.8867075947514126,0.06625,nan,nan,0.93875,0.815,0.98,200.0,600.0,,0.12
crisismmd,by_degree_low,0.20,spectral_graph+content,1,7,0.7045180094677828,0.5025554212915139,0.8469849679985826,0.065,nan,nan,0.92125,0.725,0.9866666666666667,200.0,600.0,,0.14
crisismmd,by_degree_low,0.20,nfmcd_robust,2,7,0.6170451873791509,0.525614186170456,0.7311108539112486,0.05,0.25371209164251285,0.32759846414975896,0.91875,0.75,0.975,200.0,600.0,,0.38
crisismmd,by_degree_low,0.20,spectral_graph+content,2,7,0.5908289962026413,0.41587369276816255,0.7460164849449901,0.05,nan,nan,0.80375,0.665,0.85,200.0,600.0,,0.16
crisismmd,by_degree_low,0.20,kmeans_content,1,7,0.1098381282312011,0.07010658086300488,0.3709851713949547,0.065,nan,nan,0.37875,0.34,0.39166666666666666,200.0,600.0,,0.3
crisismmd,by_degree_low,0.20,kmeans_content,2,7,0.11738679320668532,0.0811287113079939,0.330093702848262,0.05,nan,nan,0.355,0.29,0.37666666666666665,200.0,600.0,,0.31
crisismmd,by_degree_low,0.40,nfmcd_full,0,7,0.5723454143338449,0.5238747316630883,0.7133246676728239,0.23125,0.2579051130251194,0.3305335791175835,0.91,0.735,0.9683333333333334,200.0,600.0,,0.28
crisismmd,by_degree_low,0.20,kmeans_content,0,7,0.13291783804330215,0.08186449759418761,0.38190122182496616,0.06625,nan,nan,0.4,0.395,0.40166666666666667,200.0,600.0,,0.36
crisismmd,by_degree_low,0.40,nfmcd_full,2,7,0.5926033585045088,0.5207719367504101,0.7157778420884429,0.23125,0.2549265512179192,0.32844858585254344,0.91,0.74,0.9666666666666667,200.0,600.0,,0.25
crisismmd,by_degree_low,0.40,nfmcd_full,1,7,0.5762609837881485,0.521078308671363,0.7187949493666175,0.215,0.2607673670215518,0.3325371569150862,0.90375,0.73,0.9616666666666667,200.0,600.0,,0.3
crisismmd,by_degree_low,0.40,spectral_graph+content,0,7,0.629651018908542,0.5204654602371042,0.7450662122771142,0.23125,nan,nan,0.90875,0.68,0.985,200.0,600.0,,0.12
crisismmd,by_degree_low,0.40,spectral_graph+content,1,7,0.4724527668922853,0.4945568675108999,0.629176482155916,0.215,nan,nan,0.85625,0.52,0.9683333333333334,200.0,600.0,,0.14
crisismmd,by_degree_low,0.40,spectral_graph+content,2,7,0.4663534635994844,0.4858764552613949,0.5907963286713507,0.23125,nan,nan,0.8175,0.455,0.9383333333333334,200.0,600.0,,0.16
crisismmd,by_degree_low,0.40,nfmcd_robust,0,7,0.6064454956691131,0.5166494082311086,0.7724747315570449,0.23125,0.14644975217698594,0.2525148265238901,0.90375,0.73,0.9616666666666667,200.0,600.0,,0.25
crisismmd,by_degree_low,0.40,nfmcd_robust,2,7,0.5935165262152777,0.5150751050494218,0.7589126704711403,0.23125,0.15605492724806486,0.2592384490736454,0.9025,0.73,0.96,200.0,600.0,,0.23
crisismmd,by_degree_low,0.40,nfmcd_robust,1,7,0.6699469188971804,0.4552534458892088,0.7223098023507498,0.215,0.15493400314077765,0.2584538021985443,0.81,0.725,0.8383333333333334,200.0,600.0,,0.25
crisismmd,by_degree_low,0.60,nfmcd_full,0,7,0.5996851963167696,0.5145713882764774,0.740626182071155,0.4275,0.18294772387462716,0.278063406712239,0.9,0.735,0.955,200.0,600.0,,0.19
crisismmd,by_degree_low,0.40,kmeans_content,0,7,0.052633360709089194,0.04425609964823081,0.2514702999516877,0.23125,nan,nan,0.30375,0.3,0.305,200.0,600.0,,0.27
crisismmd,by_degree_low,0.60,nfmcd_full,2,7,0.5956028784382118,0.5117718065956859,0.7578345287941518,0.4375,0.16176569300385324,0.2632359851026972,0.895,0.715,0.955,200.0,600.0,,0.17
crisismmd,by_degree_low,0.60,nfmcd_full,1,7,0.6279827467160347,0.4745875515603694,0.7311536190600639,0.44375,0.17667165572188442,0.27367015900531905,0.85625,0.735,0.8966666666666666,200.0,600.0,,0.25
crisismmd,by_degree_low,0.40,kmeans_content,2,7,0.10470568947938297,0.05361619484568046,0.28798300629354834,0.23125,nan,nan,0.3275,0.285,0.3416666666666667,200.0,600.0,,0.3
crisismmd,by_degree_low,0.40,kmeans_content,1,7,0.0500090590019181,0.04391908216779449,0.25062712990137975,0.215,nan,nan,0.29625,0.26,0.30833333333333335,200.0,600.0,,0.33
crisismmd,by_degree_low,0.60,nfmcd_robust,0,7,0.5516185489433555,0.5148876127971004,0.754941916112676,0.4275,0.09895204935560414,0.21926643454892286,0.89125,0.695,0.9566666666666667,200.0,600.0,,0.17
crisismmd,by_degree_low,0.60,nfmcd_robust,1,7,0.5479109345699812,0.5151495538864197,0.7510059026405619,0.44375,0.09701004596888739,0.21790703217822113,0.8925,0.695,0.9583333333333334,200.0,600.0,,0.17
crisismmd,by_degree_low,0.60,spectral_graph+content,0,7,0.5158261339765857,0.5198583225453294,0.6916409965828179,0.4275,nan,nan,0.88625,0.615,0.9766666666666667,200.0,600.0,,0.12
crisismmd,by_degree_low,0.60,nfmcd_robust,2,7,0.6649227143460654,0.4651783188753929,0.7197675375180994,0.4375,0.08279984187680853,0.2079598893137659,0.81625,0.71,0.8516666666666667,200.0,600.0,,0.2
crisismmd,by_degree_low,0.60,spectral_graph+content,1,7,0.5048078862264769,0.5154786014295432,0.6854925542938887,0.44375,nan,nan,0.88,0.6,0.9733333333333334,200.0,600.0,,0.17
crisismmd,by_degree_low,0.60,spectral_graph+content,2,7,0.49852001523973644,0.5139360106493424,0.6840286123880934,0.4375,nan,nan,0.88125,0.62,0.9683333333333334,200.0,600.0,,0.17
crisismmd,by_degree_low,0.80,nfmcd_full,0,7,0.550308616076015,0.5143623081624583,0.7514676970237462,0.575,0.1342583563755339,0.24398084946287368,0.89125,0.695,0.9566666666666667,200.0,600.0,,0.16
crisismmd,by_degree_low,0.80,nfmcd_full,1,7,0.5461700729764156,0.5137958359776024,0.7506921971954321,0.58,0.12280425352627333,0.23596297746839126,0.89,0.695,0.955,200.0,600.0,,0.12
crisismmd,by_degree_low,0.60,kmeans_content,0,7,0.050017591962170815,0.03886540976501821,0.170562641528611,0.4275,nan,nan,0.235,0.295,0.215,200.0,600.0,,0.23
crisismmd,by_degree_low,0.80,nfmcd_full,2,7,0.5506348923514589,0.5129829860455811,0.7552021170306421,0.58875,0.11379046195640569,0.22965332336948394,0.89,0.695,0.955,200.0,600.0,,0.14
crisismmd,by_degree_low,0.60,kmeans_content,1,7,0.08385723522800359,0.04832877945200384,0.17951827206983204,0.44375,nan,nan,0.2525,0.3,0.23666666666666666,200.0,600.0,,0.31
crisismmd,by_degree_low,0.80,nfmcd_robust,0,7,0.5475344689275405,0.514100367073139,0.7541684723413153,0.575,0.07197866558706209,0.20038506591094343,0.89,0.695,0.955,200.0,600.0,,0.12
crisismmd,by_degree_low,0.80,nfmcd_robust,1,7,0.5506348923514589,0.5156027316343045,0.7533779579899882,0.58,0.05856088468776553,0.19099261928143585,0.8925,0.695,0.9583333333333334,200.0,600.0,,0.12
crisismmd,by_degree_low,0.60,kmeans_content,2,7,0.07858886290711342,0.04817220469928421,0.1848430073848951,0.4375,nan,nan,0.25375,0.295,0.24,200.0,600.0,,0.33
crisismmd,by_degree_low,0.80,spectral_graph+content,0,7,0.5365735293942313,0.527680219841412,0.7043077981162889,0.575,nan,nan,0.8975,0.63,0.9866666666666667,200.0,600.0,,0.12
crisismmd,by_degree_low,0.80,nfmcd_robust,2,7,0.549721691733297,0.51556614522916,0.7553957763059976,0.58875,0.05461222892830124,0.18822856024981086,0.8925,0.695,0.9583333333333334,200.0,600.0,,0.17
crisismmd,by_degree_low,0.80,spectral_graph+content,1,7,0.5260786081834223,0.5228328872330014,0.7010993913014969,0.58,nan,nan,0.8925,0.625,0.9816666666666667,200.0,600.0,,0.16
crisismmd,by_degree_low,0.80,spectral_graph+content,2,7,0.5920450829605282,0.5207064201003743,0.712853261863865,0.58875,nan,nan,0.89375,0.635,0.98,200.0,600.0,,0.16
crisismmd,by_degree_low,0.80,kmeans_content,2,7,0.04522162876979685,0.03391528379189617,0.1406740990733706,0.58875,nan,nan,0.22375,0.295,0.2,200.0,600.0,,0.31
crisismmd,by_degree_low,0.80,kmeans_content,1,7,0.045017921233713176,0.03469955909302699,0.137571980984861,0.58,nan,nan,0.22375,0.295,0.2,200.0,600.0,,0.36
crisismmd,by_degree_low,0.80,kmeans_content,0,7,0.0690373806798803,0.0447768231378032,0.16045906580584482,0.575,nan,nan,0.2375,0.295,0.21833333333333332,200.0,600.0,,0.41
crisismmd,by_degree_high,0.20,nfmcd_full,0,7,0.5887965327732614,0.5217410058211501,0.6336990321846647,0.04375,0.43929970409659125,0.45750979286761395,0.8775,0.99,0.84,200.0,600.0,,0.47
crisismmd,by_degree_high,0.20,nfmcd_full,2,7,0.6354910514716228,0.5146625509715144,0.7386356071877309,0.05125,0.41233956897445745,0.4386376982821203,0.905,0.98,0.88,200.0,600.0,,0.49
crisismmd,by_degree_high,0.20,spectral_graph+content,0,7,0.872064686614315,0.5159363603224976,0.9551192228332941,0.04375,nan,nan,0.9675,0.99,0.96,200.0,600.0,,0.11
crisismmd,by_degree_high,0.20,nfmcd_full,1,7,0.633658310345335,0.5143510540252555,0.7365552299495898,0.0575,0.43406718582022935,0.4538470300741605,0.925,0.99,0.9033333333333333,200.0,600.0,,0.53
crisismmd,by_degree_high,0.20,nfmcd_robust,0,7,0.6668482325989027,0.5220502226541096,0.7541052855285136,0.04375,0.30825519189609174,0.36577863432726415,0.9325,0.99,0.9133333333333333,200.0,600.0,,0.31
crisismmd,by_degree_high,0.20,nfmcd_robust,1,7,0.6898286365723818,0.4653805586495136,0.6958808342305671,0.0575,0.3056274194738597,0.3639391936317017,0.8425,0.925,0.815,200.0,600.0,,0.33
crisismmd,by_degree_high,0.20,nfmcd_robust,2,7,0.6517205968567579,0.5195751282898426,0.7454215821039293,0.05125,0.283744559872175,0.3486211919105225,0.92,0.985,0.8983333333333333,200.0,600.0,,0.31
crisismmd,by_degree_high,0.20,spectral_graph+content,1,7,0.8631216116881162,0.5125220475450899,0.951360472805867,0.0575,nan,nan,0.96375,1.0,0.9516666666666667,200.0,600.0,,0.14
crisismmd,by_degree_high,0.20,spectral_graph+content,2,7,0.8785212985314814,0.5169570980157115,0.9552705639546345,0.05125,nan,nan,0.97,0.995,0.9616666666666667,200.0,600.0,,0.16
crisismmd,by_degree_high,0.20,kmeans_content,0,7,0.23498425657677002,0.05531621803589701,0.4237988967776173,0.04375,nan,nan,0.4,0.335,0.4216666666666667,200.0,600.0,,0.34
crisismmd,by_degree_high,0.20,kmeans_content,1,7,0.2398899259915297,0.06996941845103663,0.43031649961317997,0.0575,nan,nan,0.405,0.225,0.465,200.0,600.0,,0.36
crisismmd,by_degree_high,0.40,nfmcd_full,0,7,0.6285972463187343,0.5226414832266707,0.7326544051840613,0.19125,0.2707051270172694,0.33949358891208853,0.925,0.99,0.9033333333333333,200.0,600.0,,0.28
crisismmd,by_degree_high,0.40,nfmcd_full,1,7,0.6194155370856957,0.521049817714355,0.7314480170781866,0.22125,0.28502996807053144,0.349520977649372,0.92,0.99,0.8966666666666666,200.0,600.0,,0.28
crisismmd,by_degree_high,0.40,nfmcd_full,2,7,0.6311740119719608,0.5177164384998427,0.7343450394930303,0.22125,0.2647041069861278,0.33529287489028947,0.92875,0.98,0.9116666666666666,200.0,600.0,,0.25
crisismmd,by_degree_high,0.20,kmeans_content,2,7,0.21339210536281805,0.058545025815693805,0.42937058170841474,0.05125,nan,nan,0.39875,0.275,0.44,200.0,600.0,,0.41
crisismmd,by_degree_high,0.40,spectral_graph+content,1,7,0.865539039370351,0.5107965038206959,0.9527188095550422,0.22125,nan,nan,0.96375,0.995,0.9533333333333334,200.0,600.0,,0.11
crisismmd,by_degree_high,0.40,spectral_graph+content,0,7,0.9103962795507956,0.5237680474628384,0.971709758767401,0.19125,nan,nan,0.98,1.0,0.9733333333333334,200.0,600.0,,0.12
crisismmd,by_degree_high,0.40,nfmcd_robust,0,7,0.6464108185340243,0.5242225639928441,0.7402439261013495,0.19125,0.17919908307340368,0.27543935815138254,0.93375,0.99,0.915,200.0,600.0,,0.22
crisismmd,by_degree_high,0.40,spectral_graph+content,2,7,0.8893795612748709,0.5213325308450171,0.9628721417568528,0.22125,nan,nan,0.975,1.0,0.9666666666666667,200.0,600.0,,0.12
crisismmd,by_degree_high,0.40,nfmcd_robust,1,7,0.6356329418774496,0.5248243883930769,0.7388764694610636,0.22125,0.1928428517471991,0.28498999622303933,0.93375,0.99,0.915,200.0,600.0,,0.22
crisismmd,by_degree_high,0.40,nfmcd_robust,2,7,0.6355147062095915,0.5230545393478734,0.7394355205122878,0.22125,0.17529996427402972,0.27270997499182076,0.93,0.985,0.9116666666666666,200.0,600.0,,0.23
crisismmd,by_degree_high,0.60,nfmcd_full,2,7,0.6139438344154129,0.5247236032015468,0.7226793884802536,0.4425,0.17124650131537675,0.2698725509207637,0.92375,0.99,0.9016666666666666,200.0,600.0,,0.14
crisismmd,by_degree_high,0.40,kmeans_content,0,7,0.1423070522758364,0.02282295095944866,0.3662857722553365,0.19125,nan,nan,0.335,0.335,0.335,200.0,600.0,,0.27
crisismmd,by_degree_high,0.60,nfmcd_full,0,7,0.62044313426899,0.522518587211677,0.7268228160202002,0.435,0.18942203677109812,0.28259542573976865,0.9225,0.99,0.9,200.0,600.0,,0.22
crisismmd,by_degree_high,0.60,nfmcd_full,1,7,0.6206657437295674,0.5229355341684182,0.729659226645392,0.45375,0.1886105007507126,0.28202735052549877,0.92375,0.99,0.9016666666666666,200.0,600.0,,0.22
crisismmd,by_degree_high,0.40,kmeans_content,1,7,0.1814142106709955,0.037431678706013535,0.3902152942037675,0.22125,nan,nan,0.3625,0.275,0.39166666666666666,200.0,600.0,,0.3
crisismmd,by_degree_high,0.40,kmeans_content,2,7,0.14219708653641594,0.03600244511819583,0.37121683002132644,0.22125,nan,nan,0.3375,0.375,0.325,200.0,600.0,,0.28
crisismmd,by_degree_high,0.60,spectral_graph+content,0,7,0.9122583548743565,0.5269214232375173,0.9725054598882591,0.435,nan,nan,0.9825,1.0,0.9766666666666667,200.0,600.0,,0.09
crisismmd,by_degree_high,0.60,spectral_graph+content,1,7,0.9186343497422624,0.5292518454588573,0.9729163992866947,0.45375,nan,nan,0.98375,1.0,0.9783333333333334,200.0,600.0,,0.11
crisismmd,by_degree_high,0.60,spectral_graph+content,2,7,0.8648807235945749,0.5181944464723739,0.9520431812041287,0.4425,nan,nan,0.97,1.0,0.96,200.0,600.0,,0.11
crisismmd,by_degree_high,0.60,nfmcd_robust,1,7,0.6254038318320005,0.5247676575007088,0.7318449682003053,0.45375,0.12213347235406122,0.2354934306478428,0.92875,0.99,0.9083333333333333,200.0,600.0,,0.2
crisismmd,by_degree_high,0.60,nfmcd_robust,2,7,0.6205955207710826,0.5256319877889682,0.7290359842663463,0.4425,0.10727525258778467,0.22509267681144923,0.92375,0.99,0.9016666666666666,200.0,600.0,,0.19
crisismmd,by_degree_high,0.60,nfmcd_robust,0,7,0.6368531336306584,0.5255973886385343,0.7337255579058377,0.435,0.12216323626716909,0.23551426538701833,0.93,0.99,0.91,200.0,600.0,,0.22
crisismmd,by_degree_high,0.60,kmeans_content,0,7,0.28455668800331624,0.03154528382411061,0.5055532344145153,0.435,nan,nan,0.41,0.465,0.39166666666666666,200.0,600.0,,0.22
crisismmd,by_degree_high,0.80,nfmcd_full,0,7,0.6131404969473575,0.5236441682797248,0.7173829400191372,0.595,0.13917703421105934,0.2474239239477415,0.925,0.99,0.9033333333333333,200.0,600.0,,0.16
crisismmd,by_degree_high,0.80,nfmcd_full,2,7,0.620800742581075,0.5147748831588363,0.7624551449041342,0.5875,0.12000882540889152,0.23400617778622398,0.9075,0.98,0.8833333333333333,200.0,600.0,,0.16
crisismmd,by_degree_high,0.80,nfmcd_full,1,7,0.6167966822336657,0.5241040608566842,0.7262748718283946,0.57375,0.14225577388507957,0.24957904171955567,0.915,0.99,0.89,200.0,600.0,,0.2
crisismmd,by_degree_high,0.60,kmeans_content,1,7,0.13908824967210776,0.037090791308509286,0.3578112150860629,0.45375,nan,nan,0.36875,0.45,0.3416666666666667,200.0,600.0,,0.26
crisismmd,by_degree_high,0.60,kmeans_content,2,7,0.12709847545388553,0.02884251282542809,0.34662549684166144,0.4425,nan,nan,0.3625,0.455,0.33166666666666667,200.0,600.0,,0.3
crisismmd,by_degree_high,0.80,nfmcd_robust,0,7,0.6243861474546376,0.5147996924650121,0.7799337951858006,0.595,0.08517885994624333,0.20962520196237025,0.9025,0.98,0.8766666666666667,200.0,600.0,,0.16
crisismmd,by_degree_high,0.80,nfmcd_robust,2,7,0.6177111409270825,0.5147433171866448,0.7898774299080765,0.5875,0.0657713515664526,0.1960399460965168,0.90125,0.98,0.875,200.0,600.0,,0.16
crisismmd,by_degree_high,0.80,spectral_graph+content,1,7,0.8955280900693124,0.5271475519051058,0.9655322925340891,0.57375,nan,nan,0.97875,1.0,0.9716666666666667,200.0,600.0,,0.12
crisismmd,by_degree_high,0.80,spectral_graph+content,0,7,0.876081119085564,0.5206600647694423,0.9568634874534093,0.595,nan,nan,0.9725,1.0,0.9633333333333334,200.0,600.0,,0.14
crisismmd,by_degree_high,0.80,nfmcd_robust,1,7,0.6253096739822923,0.5129665859646015,0.7872999398538727,0.57375,0.08323799025171855,0.20826659317620297,0.90125,0.98,0.875,200.0,600.0,,0.2
crisismmd,by_degree_high,0.80,spectral_graph+content,2,7,0.894123342143284,0.525009830635276,0.9632382792902107,0.5875,nan,nan,0.9775,1.0,0.97,200.0,600.0,,0.09
crisismmd,by_degree_high,0.80,kmeans_content,0,7,0.22810640543363103,0.04698805191345218,0.4478094962752473,0.595,nan,nan,0.4125,0.46,0.39666666666666667,200.0,600.0,,0.25
crisismmd,by_degree_high,0.80,kmeans_content,2,7,0.2673085067511718,0.03735503342959881,0.46906158881897525,0.5875,nan,nan,0.40375,0.46,0.385,200.0,600.0,,0.24
crisismmd,by_degree_high,0.80,kmeans_content,1,7,0.13064511478755314,0.04395324203034502,0.3372931259107683,0.57375,nan,nan,0.37375,0.46,0.345,200.0,600.0,,0.33
crisismmd,by_typical,0.20,nfmcd_robust,1,7,0.6212539005225604,0.521729479743829,0.7360840365888768,0.0575,0.28480177669578205,0.3493612436870474,0.905,0.83,0.93,200.0,600.0,,0.3
crisismmd,by_typical,0.20,nfmcd_full,2,7,0.6103192397443634,0.5156918861561604,0.740107462925805,0.0475,0.4094023628005383,0.4365816539603768,0.90375,0.9,0.905,200.0,600.0,,0.51
crisismmd,by_typical,0.20,nfmcd_full,0,7,0.5550218708094016,0.5176480560193297,0.6390172752959661,0.05625,0.4232717038492823,0.44629019269449755,0.87,0.86,0.8733333333333333,200.0,600.0,,0.53
crisismmd,by_typical,0.20,nfmcd_robust,0,7,0.680847414123353,0.4625039133228944,0.6912377901515079,0.05625,0.28412745903964765,0.34888922132775335,0.835,0.785,0.8516666666666667,200.0,600.0,,0.34
crisismmd,by_typical,0.20,nfmcd_full,1,7,0.5547947289458964,0.5171913639683778,0.6343221748182352,0.0575,0.43149950317008257,0.4520496522190578,0.88,0.845,0.8916666666666667,200.0,600.0,,0.58
crisismmd,by_typical,0.20,nfmcd_robust,2,7,0.6680617961552413,0.4519869430253238,0.6859702018633994,0.0475,0.26547795391737566,0.33583456774216297,0.81625,0.805,0.82,200.0,600.0,,0.3
crisismmd,by_typical,0.20,spectral_graph+content,0,7,0.8133533309351355,0.5170120926750168,0.9232518216556685,0.05625,nan,nan,0.95625,0.945,0.96,200.0,600.0,,0.16
crisismmd,by_typical,0.20,spectral_graph+content,1,7,0.7822784096706312,0.5050653239909212,0.9101249554211585,0.0575,nan,nan,0.945,0.975,0.935,200.0,600.0,,0.16
crisismmd,by_typical,0.20,spectral_graph+content,2,7,0.7727773493426975,0.5017625275804806,0.9028678023266218,0.0475,nan,nan,0.9375,0.95,0.9333333333333333,200.0,600.0,,0.16
crisismmd,by_typical,0.20,kmeans_content,0,7,0.11708693050267271,0.052768934029460986,0.3380608379450309,0.05625,nan,nan,0.34625,0.365,0.34,200.0,600.0,,0.38
crisismmd,by_typical,0.40,nfmcd_full,1,7,0.5730270646853333,0.5154265562745978,0.7120308520218648,0.205,0.2649451854468618,0.3354616298128032,0.905,0.89,0.91,200.0,600.0,,0.25
crisismmd,by_typical,0.40,nfmcd_full,2,7,0.5998642236189333,0.5204148793751033,0.7154378036758798,0.22625,0.2447412896111643,0.321318902727815,0.9125,0.87,0.9266666666666666,200.0,600.0,,0.25
crisismmd,by_typical,0.40,nfmcd_full,0,7,0.5919643597115964,0.518206495511461,0.7125551809653972,0.215,0.27355154788649755,0.3414860835205482,0.91125,0.88,0.9216666666666666,200.0,600.0,,0.28
crisismmd,by_typical,0.20,kmeans_content,2,7,0.0880228488340764,0.0462839361918033,0.3192613179000718,0.0475,nan,nan,0.345,0.185,0.3983333333333333,200.0,600.0,,0.44
crisismmd,by_typical,0.20,kmeans_content,1,7,0.13813016846685233,0.05771460436833729,0.37553409754620165,0.0575,nan,nan,0.36375,0.365,0.36333333333333334,200.0,600.0,,0.45
crisismmd,by_typical,0.40,spectral_graph+content,0,7,0.5755506770030798,0.4925388208115856,0.7562916042163587,0.215,nan,nan,0.88625,0.815,0.91,200.0,600.0,,0.16
crisismmd,by_typical,0.40,spectral_graph+content,1,7,0.547978112831318,0.49456764052327806,0.7904485734034994,0.205,nan,nan,0.89875,0.845,0.9166666666666666,200.0,600.0,,0.11
crisismmd,by_typical,0.40,spectral_graph+content,2,7,0.5666841695041872,0.4920133488291785,0.7194342782574494,0.22625,nan,nan,0.86375,0.735,0.9066666666666666,200.0,600.0,,0.12
crisismmd,by_typical,0.40,nfmcd_robust,0,7,0.6075323396587664,0.5225620976306025,0.7221820055957756,0.215,0.16797692738744704,0.2675838491712129,0.92375,0.88,0.9383333333333334,200.0,600.0,,0.27
crisismmd,by_typical,0.40,nfmcd_robust,2,7,0.6072428030880059,0.5240148435794164,0.7215208560281848,0.22625,0.1428227977587035,0.24997595843109238,0.91375,0.86,0.9316666666666666,200.0,600.0,,0.26
crisismmd,by_typical,0.40,nfmcd_robust,1,7,0.5929779319889897,0.5237937562632515,0.7240497222959661,0.205,0.16066525203685797,0.26246567642580054,0.91125,0.855,0.93,200.0,600.0,,0.3
crisismmd,by_typical,0.60,nfmcd_full,0,7,0.5919811594690653,0.5203931660025819,0.7061271769689009,0.43,0.17969910136181488,0.2757893709532704,0.9125,0.885,0.9216666666666666,200.0,600.0,,0.2
crisismmd,by_typical,0.60,nfmcd_full,1,7,0.599086779058485,0.5214212251605189,0.7124779226224466,0.44375,0.17334327648587355,0.2713402935401114,0.9125,0.865,0.9283333333333333,200.0,600.0,,0.22
crisismmd,by_typical,0.40,kmeans_content,1,7,0.02068578305001667,0.018051175866979605,0.22441959165713077,0.205,nan,nan,0.27375,0.205,0.2966666666666667,200.0,600.0,,0.28
crisismmd,by_typical,0.40,kmeans_content,2,7,0.033941624411552906,0.012144782927147518,0.22692816838297977,0.22625,nan,nan,0.24875,0.185,0.27,200.0,600.0,,0.34
crisismmd,by_typical,0.60,nfmcd_full,2,7,0.5938000962149272,0.5118504182083405,0.7585611219570215,0.46,0.15494796232512012,0.25846357362758404,0.8975,0.85,0.9133333333333333,200.0,600.0,,0.27
crisismmd,by_typical,0.40,kmeans_content,0,7,0.08255844000478552,0.013688858918763574,0.28481690407577603,0.215,nan,nan,0.3,0.255,0.315,200.0,600.0,,0.42
crisismmd,by_typical,0.60,nfmcd_robust,1,7,0.5500718153412933,0.5131548522003365,0.760115236577831,0.44375,0.08967108776142098,0.21276976143299464,0.89125,0.845,0.9066666666666666,200.0,600.0,,0.19
crisismmd,by_typical,0.60,nfmcd_robust,0,7,0.6754132336030234,0.4705465004841998,0.7234862401145709,0.43,0.09517659667905436,0.21662361767533803,0.82625,0.795,0.8366666666666667,200.0,600.0,,0.23
crisismmd,by_typical,0.60,nfmcd_robust,2,7,0.5502267192652119,0.5127854738458244,0.7595456241491977,0.46,0.08161710059794963,0.20713197041856468,0.89125,0.845,0.9066666666666666,200.0,600.0,,0.19
crisismmd,by_typical,0.60,spectral_graph+content,0,7,0.5383068679596952,0.5116129098927255,0.7199574663588699,0.43,nan,nan,0.89375,0.795,0.9266666666666666,200.0,600.0,,0.12
crisismmd,by_typical,0.60,spectral_graph+content,2,7,0.48633595405965735,0.498488326719401,0.6142641620432517,0.46,nan,nan,0.8575,0.845,0.8616666666666667,200.0,600.0,,0.14
crisismmd,by_typical,0.60,spectral_graph+content,1,7,0.4461525393048025,0.49314669064983274,0.6222238082395891,0.44375,nan,nan,0.84875,0.825,0.8566666666666667,200.0,600.0,,0.17
crisismmd,by_typical,0.80,nfmcd_full,0,7,0.5527918351638664,0.5090754994044303,0.7530337375582439,0.5725,0.13225484390769401,0.24257839073538576,0.88125,0.835,0.8966666666666666,200.0,600.0,,0.16
crisismmd,by_typical,0.80,nfmcd_full,1,7,0.5514866277835342,0.5124535604722236,0.7617352712108045,0.595,0.12123682309920746,0.23486577616944515,0.8925,0.85,0.9066666666666666,200.0,600.0,,0.12
crisismmd,by_typical,0.80,nfmcd_full,2,7,0.5462326877768822,0.5098755263139509,0.7526106784997643,0.5875,0.11598781393326053,0.23119146975328234,0.885,0.845,0.8983333333333333,200.0,600.0,,0.2
crisismmd,by_typical,0.60,kmeans_content,1,7,0.012270598131663424,-0.007874235309617008,0.16186477462330862,0.44375,nan,nan,0.23625,0.225,0.24,200.0,600.0,,0.31
crisismmd,by_typical,0.80,nfmcd_robust,0,7,0.549721691733297,0.5141654235168208,0.7551758670165852,0.5725,0.06546084464779396,0.19582259125345572,0.88875,0.845,0.9033333333333333,200.0,600.0,,0.16
crisismmd,by_typical,0.80,nfmcd_robust,1,7,0.5472081926520965,0.5131153162908322,0.7559989111454147,0.595,0.0646874666013757,0.19528122662096295,0.89125,0.845,0.9066666666666666,200.0,600.0,,0.16
crisismmd,by_typical,0.60,kmeans_content,0,7,0.010004887463333167,0.0007226913235747926,0.1579518485133796,0.43,nan,nan,0.22875,0.215,0.23333333333333334,200.0,600.0,,0.38
crisismmd,by_typical,0.60,kmeans_content,2,7,0.012558904765697765,0.0033666186643548073,0.17417605165532718,0.46,nan,nan,0.24625,0.23,0.25166666666666665,200.0,600.0,,0.41
crisismmd,by_typical,0.80,spectral_graph+content,0,7,0.48595690931337077,0.49689739335355754,0.6023449529065145,0.5725,nan,nan,0.845,0.82,0.8533333333333334,200.0,600.0,,0.11
crisismmd,by_typical,0.80,nfmcd_robust,2,7,0.549721691733297,0.5129351036662925,0.7562499808726538,0.5875,0.05628910953328686,0.18940237667330082,0.89,0.85,0.9033333333333333,200.0,600.0,,0.19
crisismmd,by_typical,0.80,spectral_graph+content,2,7,0.4293691733697993,0.5055140879415017,0.6541712561791556,0.5875,nan,nan,0.85875,0.83,0.8683333333333333,200.0,600.0,,0.16
crisismmd,by_typical,0.80,spectral_graph+content,1,7,0.5581121734335188,0.4965701238804382,0.7163415482759247,0.595,nan,nan,0.88,0.855,0.8883333333333333,200.0,600.0,,0.19
crisismmd,by_typical,0.80,kmeans_content,0,7,0.01192960560653189,0.004091464590405227,0.15403915496081394,0.5725,nan,nan,0.25,0.215,0.26166666666666666,200.0,600.0,,0.27
crisismmd,by_typical,0.80,kmeans_content,1,7,0.01613197052459303,-0.0027890178531198204,0.12398336863095775,0.595,nan,nan,0.265,0.215,0.2816666666666667,200.0,600.0,,0.25
crisismmd,by_typical,0.80,kmeans_content,2,7,0.016227664257835173,0.011638723285491773,0.1527105417716735,0.5875,nan,nan,0.255,0.205,0.27166666666666667,200.0,600.0,,0.36
crisismmd,by_atypical,0.20,nfmcd_robust,0,7,0.6826418528448832,0.4544447796513151,0.6962335632431632,0.04375,0.2886337836983037,0.35204364858881254,0.84375,0.955,0.8066666666666666,200.0,600.0,,0.31
crisismmd,by_atypical,0.20,nfmcd_full,0,7,0.5893784446283061,0.5263586954589053,0.627549502066782,0.04375,0.4211538685739866,0.44480770800179065,0.88625,0.87,0.8916666666666667,200.0,600.0,,0.5
crisismmd,by_atypical,0.20,nfmcd_robust,1,7,0.6714040550420112,0.46082020653977496,0.6932878982741985,0.06875,0.30621832500549373,0.36435282750384557,0.83625,0.945,0.8,200.0,600.0,,0.34
crisismmd,by_atypical,0.20,nfmcd_full,2,7,0.6359664578107515,0.5081848955170504,0.7404533016039707,0.055,0.4122014025059586,0.43854098175417106,0.8825,0.885,0.8816666666666667,200.0,600.0,,0.48
crisismmd,by_atypical,0.20,nfmcd_full,1,7,0.6389676632350103,0.5134177137023639,0.7469925819660128,0.06875,0.4404516010804702,0.45831612075632916,0.90875,0.925,0.9033333333333333,200.0,600.0,,0.52
crisismmd,by_atypical,0.20,nfmcd_robust,2,7,0.6704518723844117,0.4573953090162248,0.6938652692479902,0.055,0.28292106407268186,0.3480447448508772,0.8425,0.945,0.8083333333333333,200.0,600.0,,0.3
crisismmd,by_atypical,0.20,spectral_graph+content,0,7,0.8532494799452864,0.5179405380757793,0.9462248084027808,0.04375,nan,nan,0.9675,0.94,0.9766666666666667,200.0,600.0,,0.14
crisismmd,by_atypical,0.20,spectral_graph+content,1,7,0.8499246377895877,0.51098638077867,0.9435106552784652,0.06875,nan,nan,0.96,0.935,0.9683333333333334,200.0,600.0,,0.14
crisismmd,by_atypical,0.20,spectral_graph+content,2,7,0.8334467675990926,0.5108371065722027,0.9367983893498681,0.055,nan,nan,0.95375,0.9,0.9716666666666667,200.0,600.0,,0.19
crisismmd,by_atypical,0.20,kmeans_content,2,7,0.22870625885743223,0.09832846358309723,0.4362894883633772,0.055,nan,nan,0.4325,0.21,0.5066666666666667,200.0,600.0,,0.28
crisismmd,by_atypical,0.40,nfmcd_full,0,7,0.6351247849493992,0.5254262964671924,0.7370589489636874,0.2075,0.2700830912058207,0.33905816384407444,0.925,0.955,0.915,200.0,600.0,,0.27
crisismmd,by_atypical,0.40,nfmcd_full,1,7,0.6064745861924256,0.5230903726880749,0.7317918801831206,0.22,0.2691592099707593,0.3384114469795314,0.915,0.955,0.9016666666666666,200.0,600.0,,0.27
crisismmd,by_atypical,0.20,kmeans_content,0,7,0.22668664554289542,0.07123676399459282,0.4385717976805732,0.04375,nan,nan,0.4125,0.24,0.47,200.0,600.0,,0.38
crisismmd,by_atypical,0.20,kmeans_content,1,7,0.23284965166661198,0.07115765033864282,0.4133640711973526,0.06875,nan,nan,0.4,0.26,0.44666666666666666,200.0,600.0,,0.36
crisismmd,by_atypical,0.40,nfmcd_full,2,7,0.6276948318503562,0.5220335715514823,0.7297088356022808,0.23625,0.26618173695819874,0.33632721587073916,0.91375,0.95,0.9016666666666666,200.0,600.0,,0.28
crisismmd,by_atypical,0.40,spectral_graph+content,1,7,0.6284611390508162,0.45735621239460383,0.7814415450007081,0.22,nan,nan,0.86125,0.8,0.8816666666666667,200.0,600.0,,0.12
crisismmd,by_atypical,0.40,spectral_graph+content,0,7,0.8161088621204406,0.5161603343876103,0.9247351458404188,0.2075,nan,nan,0.95625,0.92,0.9683333333333334,200.0,600.0,,0.16
crisismmd,by_atypical,0.40,nfmcd_robust,0,7,0.6397274061810126,0.5259391546118053,0.7399306093246575,0.2075,0.18198199211586782,0.27738739448110744,0.92875,0.955,0.92,200.0,600.0,,0.25
crisismmd,by_atypical,0.40,nfmcd_robust,1,7,0.6365022592455474,0.5249260103234326,0.736502720167582,0.22,0.1837498097390758,0.278624866817353,0.92125,0.95,0.9116666666666666,200.0,600.0,,0.26
crisismmd,by_atypical,0.40,spectral_graph+content,2,7,0.7219161587874205,0.5091034255627308,0.8349561642941458,0.23625,nan,nan,0.925,0.86,0.9466666666666667,200.0,600.0,,0.17
crisismmd,by_atypical,0.40,nfmcd_robust,2,7,0.6025297804638758,0.5220578369774216,0.7317655429014783,0.23625,0.17429218740194954,0.27200453118136464,0.9225,0.945,0.915,200.0,600.0,,0.3
crisismmd,by_atypical,0.40,kmeans_content,0,7,0.19560070458103418,0.051389235380112225,0.37744605073763315,0.2075,nan,nan,0.3775,0.22,0.43,200.0,600.0,,0.24
crisismmd,by_atypical,0.40,kmeans_content,1,7,0.1887614840415751,0.05220110214401354,0.3974236138499793,0.22,nan,nan,0.375,0.175,0.44166666666666665,200.0,600.0,,0.23
crisismmd,by_atypical,0.60,nfmcd_full,1,7,0.6139730094672811,0.5197262851586671,0.7517068554896484,0.4625,0.18042550889533154,0.27629785622673203,0.91875,0.93,0.915,200.0,600.0,,0.17
crisismmd,by_atypical,0.60,nfmcd_full,2,7,0.6098664301568261,0.5152591875910294,0.7747585762348971,0.455,0.18109874592500025,0.2767691221475001,0.9125,0.94,0.9033333333333333,200.0,600.0,,0.19
crisismmd,by_atypical,0.60,nfmcd_full,0,7,0.6247256123471375,0.5196970202182457,0.7546800608975427,0.445,0.1896703262928817,0.28276922840501717,0.91375,0.94,0.905,200.0,600.0,,0.24
crisismmd,by_atypical,0.40,kmeans_content,2,7,0.18065666875159758,0.05810027821147576,0.3927105096254198,0.23625,nan,nan,0.36,0.225,0.405,200.0,600.0,,0.26
crisismmd,by_atypical,0.60,nfmcd_robust,0,7,0.6205941878441339,0.5189664007942995,0.7885291898342389,0.445,0.11996364068587864,0.23397454848011498,0.91625,0.94,0.9083333333333333,200.0,600.0,,0.2
crisismmd,by_atypical,0.60,spectral_graph+content,0,7,0.7219986346132744,0.5177759724672764,0.835557667461745,0.445,nan,nan,0.93625,0.885,0.9533333333333334,200.0,600.0,,0.11
crisismmd,by_atypical,0.60,nfmcd_robust,1,7,0.6173049752888875,0.5144508142117244,0.7848344847595959,0.4625,0.11574176425536914,0.23101923497875837,0.91125,0.915,0.91,200.0,600.0,,0.2
crisismmd,by_atypical,0.60,spectral_graph+content,1,7,0.6933533934081039,0.522114777054496,0.8378873791365148,0.4625,nan,nan,0.93125,0.89,0.945,200.0,600.0,,0.12
crisismmd,by_atypical,0.60,nfmcd_robust,2,7,0.6124477213981664,0.5155202710230525,0.7805186427354938,0.455,0.11760193853085546,0.23232135697159875,0.91125,0.935,0.9033333333333333,200.0,600.0,,0.19
crisismmd,by_atypical,0.60,spectral_graph+content,2,7,0.7952577563860981,0.5184863009747045,0.8919267276137964,0.455,nan,nan,0.945,0.925,0.9516666666666667,200.0,600.0,,0.16
crisismmd,by_atypical,0.80,nfmcd_full,0,7,0.6053173409708221,0.5122260721040438,0.7732689997040181,0.575,0.13945030568521644,0.24761521397965147,0.8975,0.925,0.8883333333333333,200.0,600.0,,0.17
crisismmd,by_atypical,0.80,nfmcd_full,1,7,0.5983407325478298,0.5130200326570796,0.76873301402224,0.58375,0.13746319586165778,0.2462242371031604,0.90375,0.915,0.9,200.0,600.0,,0.16
crisismmd,by_atypical,0.60,kmeans_content,2,7,0.07397415896573334,0.02638768845920862,0.3168786641290543,0.455,nan,nan,0.32125,0.29,0.33166666666666667,200.0,600.0,,0.22
crisismmd,by_atypical,0.60,kmeans_content,1,7,0.1575452680189504,0.036163559179043715,0.3319828506137447,0.4625,nan,nan,0.32625,0.29,0.3383333333333333,200.0,600.0,,0.23
crisismmd,by_atypical,0.60,kmeans_content,0,7,0.10570516178843792,0.028907903964640075,0.34400558550141397,0.445,nan,nan,0.33625,0.25,0.365,200.0,600.0,,0.27
crisismmd,by_atypical,0.80,nfmcd_full,2,7,0.5989066852446103,0.5129321332434621,0.7639138059809294,0.5925,0.1298757173935053,0.24091300217545367,0.90375,0.925,0.8966666666666666,200.0,600.0,,0.17
crisismmd,by_atypical,0.80,nfmcd_robust,1,7,0.5636399724243548,0.515073473408712,0.772237691625919,0.58375,0.08588380325706577,0.210118662279946,0.9025,0.895,0.905,200.0,600.0,,0.14
crisismmd,by_atypical,0.80,spectral_graph+content,1,7,0.7515519896255293,0.5219820284398322,0.8613854750244675,0.58375,nan,nan,0.9375,0.905,0.9483333333333334,200.0,600.0,,0.14
crisismmd,by_atypical,0.80,spectral_graph+content,2,7,0.8535891811794589,0.5276942142982683,0.9340101492401072,0.5925,nan,nan,0.96375,0.94,0.9716666666666667,200.0,600.0,,0.14
crisismmd,by_atypical,0.80,spectral_graph+content,0,7,0.7273949701314529,0.521226034911003,0.8824562639153214,0.575,nan,nan,0.9425,0.91,0.9533333333333334,200.0,600.0,,0.14
crisismmd,by_atypical,0.80,nfmcd_robust,2,7,0.557237829999566,0.515282616278143,0.7704669562760336,0.5925,0.07641852367553603,0.2034929665728752,0.90125,0.895,0.9033333333333333,200.0,600.0,,0.17
crisismmd,by_atypical,0.80,nfmcd_robust,0,7,0.5623113115423116,0.5154637283969201,0.774801844755211,0.575,0.08419040860245053,0.2089332860217153,0.90125,0.895,0.9033333333333333,200.0,600.0,,0.2
crisismmd,by_atypical,0.80,kmeans_content,2,7,0.10313436136017606,0.023162311308596365,0.2979831403445384,0.5925,nan,nan,0.32625,0.295,0.33666666666666667,200.0,600.0,,0.24
crisismmd,by_atypical,0.80,kmeans_content,0,7,0.07051456741351525,0.015262743731037604,0.3240790148541485,0.575,nan,nan,0.3325,0.26,0.3566666666666667,200.0,600.0,,0.28
crisismmd,by_atypical,0.80,kmeans_content,1,7,0.07374867591091705,0.021278184658301554,0.27976055833307883,0.58375,nan,nan,0.31375,0.295,0.32,200.0,600.0,,0.27
fakeddit,mcar_control,0.00,nfmcd_robust,0,10,0.8113488531490279,0.3942959636699764,0.8392229208185844,0.0,0.39516881432258477,0.4266181700258093,0.8908333333333334,nan,nan,nan,nan,,0.78
fakeddit,mcar_control,0.00,nfmcd_robust,2,10,0.8468286440980985,0.3514289405845578,0.8467300513295998,0.0,0.39694679515503584,0.42786275660852513,0.8116666666666666,nan,nan,nan,nan,,0.78
fakeddit,mcar_control,0.00,nfmcd_robust,1,10,0.8506792410141415,0.3564787112686977,0.8487619277035814,0.0,0.39690448737647016,0.42783314116352905,0.8216666666666667,nan,nan,nan,nan,,0.89
fakeddit,mcar_control,0.00,spectral_graph+content,1,10,0.558267171382854,0.3665328857833608,0.7135813227392899,0.0,nan,nan,0.8166666666666667,nan,nan,nan,nan,,0.41
fakeddit,mcar_control,0.00,spectral_graph+content,0,10,0.5550827656017339,0.36495366825268355,0.7086974478858832,0.0,nan,nan,0.8108333333333333,nan,nan,nan,nan,,0.47
fakeddit,mcar_control,0.00,spectral_graph+content,2,10,0.5489359502033544,0.3624479068724976,0.7063716959117723,0.0,nan,nan,0.8058333333333333,nan,nan,nan,nan,,0.41
fakeddit,mcar_control,0.00,kmeans_content,1,10,0.05281184324661137,0.11747181848192807,0.3080640691677653,0.0,nan,nan,0.44083333333333335,nan,nan,nan,nan,,0.88
fakeddit,mcar_control,0.00,kmeans_content,0,10,0.08148429537517676,0.1358541343951137,0.27069755766412107,0.0,nan,nan,0.4225,nan,nan,nan,nan,,1.05
fakeddit,mcar_control,0.00,louvain,0,6,0.630828565951995,0.4501480804297777,0.887446322743587,0.0,nan,nan,0.85,nan,nan,nan,nan,,0.19
fakeddit,mcar_control,0.00,kmeans_content,2,10,0.08074720016748604,0.13111921789289857,0.27483072454287527,0.0,nan,nan,0.4241666666666667,nan,nan,nan,nan,,1.0
fakeddit,mcar_control,0.00,louvain,2,7,0.6948810755712067,0.44826334773387194,0.9183184744705358,0.0,nan,nan,0.8841666666666667,nan,nan,nan,nan,,0.22
fakeddit,mcar_control,0.00,louvain,1,6,0.6685839387881221,0.4511259251670453,0.8949522173875257,0.0,nan,nan,0.85,nan,nan,nan,nan,,0.38
fakeddit,mcar_control,0.00,nfmcd_full,0,10,0.32404460142087477,0.28399931936023204,0.26519627888330477,0.0,0.6136812900227092,0.5795769030158964,0.45916666666666667,nan,nan,nan,nan,,3.09
fakeddit,mcar_control,0.00,nfmcd_full,1,10,0.3641407378164382,0.3173147611930934,0.19635999725760228,0.0,0.6162685661119895,0.5813879962783927,0.49,nan,nan,nan,nan,,3.08
fakeddit,mcar_control,0.00,nfmcd_full,2,10,0.23679795396036396,0.29091205824468236,0.29866808636115544,0.0,0.6200718612517995,0.5840503028762597,0.54,nan,nan,nan,nan,,3.22
fakeddit,mcar_control,0.20,nfmcd_full,0,10,0.5851568856081446,0.34014555781230055,0.5991086106190283,0.043333333333333335,0.38715634107353575,0.42100943875147495,0.725,nan,nan,nan,nan,,0.98
fakeddit,mcar_control,0.20,nfmcd_robust,0,10,0.668826991217142,0.34779107187583086,0.7109410452623203,0.043333333333333335,0.2453976858827835,0.3217783801179484,0.7816666666666666,nan,nan,nan,nan,,0.45
fakeddit,mcar_control,0.20,nfmcd_robust,1,10,0.6710007463052504,0.34654917058224266,0.7069377767491074,0.04416666666666667,0.25714654365356326,0.3300025805574942,0.765,nan,nan,nan,nan,,0.5
fakeddit,mcar_control,0.20,nfmcd_robust,2,10,0.7046794390692271,0.34471916923827783,0.7176942938262721,0.0475,0.24498581202007302,0.3214900684140511,0.7908333333333334,nan,nan,nan,nan,,0.51
fakeddit,mcar_control,0.20,nfmcd_full,1,10,0.43832190863508114,0.33901562916296146,0.4834647264251249,0.04416666666666667,0.39841389864824456,0.4288897290537712,0.6325,nan,nan,nan,nan,,1.01
fakeddit,mcar_control,0.20,nfmcd_full,2,10,0.4652493391188164,0.31624843468747527,0.4604717263354077,0.0475,0.3883040743952864,0.42181285207670055,0.6216666666666667,nan,nan,nan,nan,,0.97
fakeddit,mcar_control,0.20,spectral_graph+content,0,10,0.5455751984188597,0.3726003895083448,0.7024679918228331,0.043333333333333335,nan,nan,0.8225,nan,nan,nan,nan,,0.42
fakeddit,mcar_control,0.20,spectral_graph+content,1,10,0.5431209895074651,0.3476354555730649,0.6917201579736301,0.04416666666666667,nan,nan,0.7783333333333333,nan,nan,nan,nan,,0.41
fakeddit,mcar_control,0.20,spectral_graph+content,2,10,0.6767135001310314,0.4012294860073404,0.814752791873522,0.0475,nan,nan,0.8891666666666667,nan,nan,nan,nan,,0.39
fakeddit,mcar_control,0.20,kmeans_content,2,10,0.035412204606022124,0.10162892517963959,0.22770204702241115,0.0475,nan,nan,0.3933333333333333,nan,nan,nan,nan,,0.55
fakeddit,mcar_control,0.40,nfmcd_full,1,10,0.7050673471123936,0.3545638146955365,0.7304008195732737,0.1775,0.21164802438394678,0.29815361706876264,0.7666666666666667,nan,nan,nan,nan,,0.45
fakeddit,mcar_control,0.20,kmeans_content,0,10,0.061942023633186905,0.06629932946178642,0.2788306851787471,0.043333333333333335,nan,nan,0.33916666666666667,nan,nan,nan,nan,,0.66
fakeddit,mcar_control,0.40,nfmcd_full,0,10,0.6784849409780592,0.3509249267216858,0.7283083910321939,0.15083333333333335,0.21734312776135997,0.3021401894329519,0.7641666666666667,nan,nan,nan,nan,,0.47
fakeddit,mcar_control,0.20,kmeans_content,1,10,0.028890440114093252,0.08182923511140801,0.22554924516796043,0.04416666666666667,nan,nan,0.36583333333333334,nan,nan,nan,nan,,0.69
fakeddit,mcar_control,0.40,nfmcd_full,2,10,0.7047842610341668,0.3518047213392537,0.7398248253059668,0.17916666666666667,0.20831527881092132,0.29582069516764486,0.7725,nan,nan,nan,nan,,0.58
fakeddit,mcar_control,0.40,nfmcd_robust,1,10,0.7187049862244079,0.34934756616465584,0.757552519089338,0.1775,0.13006393098238692,0.24104475168767076,0.8041666666666667,nan,nan,nan,nan,,0.34
fakeddit,mcar_control,0.40,nfmcd_robust,0,10,0.7156674589966384,0.35611251797657195,0.7654693712976819,0.15083333333333335,0.13105781278751763,0.2417404689512623,0.8191666666666667,nan,nan,nan,nan,,0.38
fakeddit,mcar_control,0.40,spectral_graph+content,0,10,0.558372500073201,0.38167698684283524,0.7241343371306408,0.15083333333333335,nan,nan,0.8291666666666667,nan,nan,nan,nan,,0.34
fakeddit,mcar_control,0.40,nfmcd_robust,2,10,0.7240245270246396,0.35137302115170704,0.7553999582278339,0.17916666666666667,0.12912572016652876,0.24038800411657013,0.8033333333333333,nan,nan,nan,nan,,0.38
fakeddit,mcar_control,0.40,spectral_graph+content,1,10,0.6358033484625494,0.3811077654936724,0.7883524712961716,0.1775,nan,nan,0.8533333333333334,nan,nan,nan,nan,,0.34
fakeddit,mcar_control,0.40,spectral_graph+content,2,10,0.7034968220773347,0.41536440311219613,0.8187835861090269,0.17916666666666667,nan,nan,0.9091666666666667,nan,nan,nan,nan,,0.34
fakeddit,mcar_control,0.60,nfmcd_full,1,10,0.8155636144711979,0.3674366203905224,0.8266967217581414,0.38416666666666666,0.08110671796475327,0.2067747025753273,0.8166666666666667,nan,nan,nan,nan,,0.28
fakeddit,mcar_control,0.60,nfmcd_full,2,10,0.8147855432687638,0.3712352558760937,0.8275805717546472,0.37833333333333335,0.08031559790645666,0.20622091853451963,0.8083333333333333,nan,nan,nan,nan,,0.39
fakeddit,mcar_control,0.40,kmeans_content,0,10,0.006141518255678213,0.02847307249018018,0.1923752915814577,0.15083333333333335,nan,nan,0.2775,nan,nan,nan,nan,,0.62
fakeddit,mcar_control,0.60,nfmcd_full,0,10,0.8013694929106292,0.3625232751579907,0.8160071885946824,0.3541666666666667,0.09401326294932488,0.21580928406452737,0.805,nan,nan,nan,nan,,0.61
fakeddit,mcar_control,0.60,nfmcd_robust,0,10,0.8244912848966095,0.34705770743410125,0.8316141692875189,0.3541666666666667,0.048459230366113874,0.1839214612562797,0.8075,nan,nan,nan,nan,,0.31
fakeddit,mcar_control,0.40,kmeans_content,2,10,0.007346590910907613,0.03241193656035261,0.18296619489261284,0.17916666666666667,nan,nan,0.28,nan,nan,nan,nan,,0.67
fakeddit,mcar_control,0.60,nfmcd_robust,1,10,0.816494621526294,0.35301304740262546,0.8288092848446921,0.38416666666666666,0.03882497371996049,0.17717748160397231,0.8058333333333333,nan,nan,nan,nan,,0.22
fakeddit,mcar_control,0.40,kmeans_content,1,10,0.01074505919888602,0.04103650573848494,0.23880367840680145,0.1775,nan,nan,0.29333333333333333,nan,nan,nan,nan,,0.75
fakeddit,mcar_control,0.60,nfmcd_robust,2,10,0.8160834811354827,0.3481301463452583,0.8277660377657086,0.37833333333333335,0.03916612688753045,0.17741628882127128,0.7958333333333333,nan,nan,nan,nan,,0.25
fakeddit,mcar_control,0.60,spectral_graph+content,0,10,0.6694313109092817,0.41670524956767063,0.7895372626511219,0.3541666666666667,nan,nan,0.9008333333333334,nan,nan,nan,nan,,0.36
fakeddit,mcar_control,0.60,spectral_graph+content,2,10,0.6982601049062185,0.4208386340163006,0.8115001403406554,0.37833333333333335,nan,nan,0.915,nan,nan,nan,nan,,0.36
fakeddit,mcar_control,0.60,spectral_graph+content,1,10,0.6619213732098186,0.3770807795831462,0.8108064063794906,0.38416666666666666,nan,nan,0.865,nan,nan,nan,nan,,0.39
fakeddit,mcar_control,0.80,nfmcd_full,0,10,0.7559194039234102,0.33732377328050117,0.7252577817494479,0.6191666666666666,0.008936675821530097,0.15625567307507104,0.73,nan,nan,nan,nan,,0.22
fakeddit,mcar_control,0.80,nfmcd_full,1,10,0.8199750708161463,0.3714349426546471,0.8303397512134068,0.65,0.013768917388419476,0.1596382421718936,0.8216666666666667,nan,nan,nan,nan,,0.2
fakeddit,mcar_control,0.60,kmeans_content,1,10,0.0003635028265183138,0.01471716912158478,0.11914181143816542,0.38416666666666666,nan,nan,0.2725,nan,nan,nan,nan,,0.59
fakeddit,mcar_control,0.80,nfmcd_full,2,10,0.818772196490968,0.37235977604987003,0.8299732640806303,0.6525,0.014867816790195007,0.16040747175313647,0.8166666666666667,nan,nan,nan,nan,,0.31
fakeddit,mcar_control,0.60,kmeans_content,0,10,0.0015196406328716883,0.0066978714259603635,0.15039854636387456,0.3541666666666667,nan,nan,0.29083333333333333,nan,nan,nan,nan,,0.62
fakeddit,mcar_control,0.80,nfmcd_robust,0,10,0.8321994476623001,0.43735144569156986,0.909081596932686,0.6191666666666666,0.010966655087209667,0.15767665856104673,0.9608333333333333,nan,nan,nan,nan,,0.17
fakeddit,mcar_control,0.80,nfmcd_robust,1,10,0.8220761005549568,0.43649088014760185,0.902196725461916,0.65,0.014264960052154442,0.1599854720365081,0.9583333333333334,nan,nan,nan,nan,,0.17
fakeddit,mcar_control,0.80,nfmcd_robust,2,10,0.8213778552527885,0.43538737913179903,0.9020458045303853,0.6525,0.014326627427726925,0.16002863919940882,0.9575,nan,nan,nan,nan,,0.22
fakeddit,mcar_control,0.60,kmeans_content,2,10,0.0019535052918386864,0.011007840372073564,0.20782151940099994,0.37833333333333335,nan,nan,0.3375,nan,nan,nan,nan,,0.7
fakeddit,mcar_control,0.80,spectral_graph+content,0,10,0.6820521765079521,0.4085385151718983,0.7982431133458147,0.6191666666666666,nan,nan,0.8991666666666667,nan,nan,nan,nan,,0.34
fakeddit,mcar_control,0.80,spectral_graph+content,2,10,0.7074832413739378,0.39081247221984944,0.8495405431903478,0.6525,nan,nan,0.8941666666666667,nan,nan,nan,nan,,0.33
fakeddit,mcar_control,0.80,spectral_graph+content,1,10,0.6448580767568883,0.3807630404732152,0.7881470022907908,0.65,nan,nan,0.8608333333333333,nan,nan,nan,nan,,0.38
fakeddit,mcar_control,0.80,kmeans_content,0,10,0.0006263414848857174,0.004281381744595938,0.1424134040119531,0.6191666666666666,nan,nan,0.31916666666666665,nan,nan,nan,nan,,0.47
fakeddit,mcar_control,0.80,kmeans_content,1,10,0.0011863759641739247,0.00689213698813697,0.11372743057205636,0.65,nan,nan,0.30083333333333334,nan,nan,nan,nan,,0.45
fakeddit,mcar_control,0.80,kmeans_content,2,10,0.0013325530519721074,0.002953540475059536,0.1350176787150164,0.6525,nan,nan,0.3225,nan,nan,nan,nan,,0.5
fakeddit,by_community,0.20,nfmcd_robust,0,10,0.7612439081697089,0.3578857271419237,0.7065538977757088,0.055,0.26639631193900465,0.3364774183573032,0.7783333333333333,0.6059850374064838,0.8648310387984981,401.0,799.0,,0.47
fakeddit,by_community,0.20,nfmcd_robust,1,10,0.7964498149587871,0.3514049878541501,0.72979735359838,0.058333333333333334,0.2692221918599877,0.3384555343019914,0.7683333333333333,0.5536159600997507,0.8760951188986232,401.0,799.0,,0.58
fakeddit,by_community,0.20,nfmcd_robust,2,10,0.7901550939815944,0.35247682794704693,0.7259491554293063,0.06333333333333334,0.2596109608865067,0.33172767262055464,0.7816666666666666,0.5935162094763092,0.8760951188986232,401.0,799.0,,0.55
fakeddit,by_community,0.20,spectral_graph+content,0,10,0.5412252934085788,0.3618794690833987,0.7026658805541123,0.055,nan,nan,0.8033333333333333,0.9900249376558603,0.7096370463078848,401.0,799.0,,0.28
fakeddit,by_community,0.20,nfmcd_full,0,10,0.33759927102620924,0.37573191278522916,0.3812678710744823,0.055,0.4103181209933512,0.43722268469534575,0.6891666666666667,0.9750623441396509,0.5456821026282853,401.0,799.0,,1.08
fakeddit,by_community,0.20,nfmcd_full,2,10,0.45146484876605264,0.3958483617870854,0.44700815566715635,0.06333333333333334,0.4033847116441056,0.4323692981508738,0.7566666666666667,0.9825436408977556,0.6433041301627034,401.0,799.0,,1.05
fakeddit,by_community,0.20,nfmcd_full,1,10,0.28430212580421843,0.30340768488063075,0.36550090454971834,0.058333333333333334,0.4195579180827752,0.4436905426579426,0.5541666666666667,0.5511221945137157,0.5556946182728411,401.0,799.0,,1.14
fakeddit,by_community,0.20,spectral_graph+content,1,10,0.5364410828475181,0.35679195373764555,0.6974799473584327,0.058333333333333334,nan,nan,0.7975,0.9900249376558603,0.7008760951188986,401.0,799.0,,0.38
fakeddit,by_community,0.20,spectral_graph+content,2,10,0.535731928345106,0.35443792908234845,0.7003069432999391,0.06333333333333334,nan,nan,0.7925,0.9850374064837906,0.6958698372966208,401.0,799.0,,0.42
fakeddit,by_community,0.20,kmeans_content,1,10,0.020191675596487935,0.09710633752871564,0.18029533663014527,0.058333333333333334,nan,nan,0.33416666666666667,0.45885286783042395,0.2715894868585732,401.0,799.0,,0.66
fakeddit,by_community,0.20,kmeans_content,2,10,0.003987678702214614,0.0813398477030615,0.23522742220587917,0.06333333333333334,nan,nan,0.3541666666666667,0.4763092269326683,0.2928660826032541,401.0,799.0,,0.66
fakeddit,by_community,0.40,nfmcd_full,0,10,0.626950714327652,0.36745269929784924,0.4307679721002728,0.23583333333333334,0.2580549765888103,0.3306384836121672,0.6258333333333334,0.5810473815461347,0.6483103879849812,401.0,799.0,,0.62
fakeddit,by_community,0.20,kmeans_content,0,10,0.009142109982521296,0.0711561596284106,0.22049283033376543,0.055,nan,nan,0.2841666666666667,0.15211970074812967,0.3504380475594493,401.0,799.0,,0.84
fakeddit,by_community,0.40,nfmcd_full,1,10,0.742697422948462,0.3721838668155312,0.6352090769110503,0.24833333333333332,0.2795410731202962,0.3456787511842073,0.7558333333333334,0.5985037406483791,0.8347934918648311,401.0,799.0,,0.58
fakeddit,by_community,0.40,nfmcd_full,2,10,0.47344551283724956,0.358642085567804,0.3215229482301838,0.25333333333333335,0.2710989178789962,0.3397692425152973,0.5366666666666666,0.5685785536159601,0.5206508135168961,401.0,799.0,,0.61
fakeddit,by_community,0.40,spectral_graph+content,0,10,0.5304366026820431,0.3698584675841935,0.6948116935161541,0.23583333333333334,nan,nan,0.8133333333333334,0.9950124688279302,0.7221526908635795,401.0,799.0,,0.26
fakeddit,by_community,0.40,nfmcd_robust,2,10,0.6724831070252358,0.444393822358945,0.748668278235358,0.25333333333333335,0.17045608555933567,0.26931925989153493,0.9191666666666667,0.9950124688279302,0.8811013767209012,401.0,799.0,,0.33
fakeddit,by_community,0.40,spectral_graph+content,1,10,0.5406475841159827,0.34525115555838937,0.6890421669984387,0.24833333333333332,nan,nan,0.7683333333333333,0.9950124688279302,0.6545682102628285,401.0,799.0,,0.28
fakeddit,by_community,0.40,nfmcd_robust,0,10,0.6950780195456139,0.44677294960311753,0.7135844704804319,0.23583333333333334,0.16639583570875607,0.26647708499612915,0.9116666666666666,0.9950124688279302,0.869837296620776,401.0,799.0,,0.41
fakeddit,by_community,0.40,nfmcd_robust,1,10,0.7035774984612855,0.44509128000148757,0.7381415503058399,0.24833333333333332,0.17977502536541473,0.2758425177557903,0.9158333333333334,0.9925187032418953,0.8773466833541927,401.0,799.0,,0.39
fakeddit,by_community,0.40,spectral_graph+content,2,10,0.5734050105721088,0.35616257026455433,0.7034075808304806,0.25333333333333335,nan,nan,0.7766666666666666,0.9975062344139651,0.6658322903629537,401.0,799.0,,0.36
fakeddit,by_community,0.40,kmeans_content,0,10,0.08457879352256725,0.12863063113004758,0.2987130008778456,0.23583333333333334,nan,nan,0.49083333333333334,0.7855361596009975,0.3429286608260325,401.0,799.0,,0.55
fakeddit,by_community,0.60,nfmcd_full,0,10,0.6963475871960826,0.3742998866940296,0.7345382998379071,0.39666666666666667,0.19293656014895078,0.2850555921042655,0.78,0.5935162094763092,0.8735919899874843,401.0,799.0,,0.45
fakeddit,by_community,0.40,kmeans_content,2,10,0.023805479921819583,0.10153886355034725,0.24361842000278267,0.25333333333333335,nan,nan,0.43916666666666665,0.8154613466334164,0.2503128911138924,401.0,799.0,,0.47
fakeddit,by_community,0.60,nfmcd_full,1,10,0.717550609622782,0.3717287044189176,0.7484387066050734,0.40166666666666667,0.19157518107005697,0.28410262674903985,0.7941666666666667,0.5960099750623441,0.8936170212765957,401.0,799.0,,0.5
fakeddit,by_community,0.40,kmeans_content,1,10,0.022172345914301728,0.10039180487652238,0.23223554156067622,0.24833333333333332,nan,nan,0.42833333333333334,0.7880299251870324,0.24780976220275344,401.0,799.0,,0.56
fakeddit,by_community,0.60,nfmcd_robust,0,10,0.676668059227594,0.4430637641877644,0.7758072203716769,0.39666666666666667,0.12228597034739126,0.2356001792431739,0.9266666666666666,0.9950124688279302,0.8923654568210263,401.0,799.0,,0.28
fakeddit,by_community,0.60,nfmcd_full,2,10,0.6824515078703015,0.3730106373502404,0.7190372852862323,0.405,0.19739567039763192,0.2881769692783423,0.77,0.5910224438902744,0.8598247809762203,401.0,799.0,,0.56
fakeddit,by_community,0.60,nfmcd_robust,2,10,0.78374093157736,0.44739713163887423,0.881968100470529,0.405,0.12102015395278527,0.23471410776694962,0.9608333333333333,0.9950124688279302,0.9436795994993742,401.0,799.0,,0.33
fakeddit,by_community,0.60,spectral_graph+content,0,10,0.5411851854265002,0.37806435768673474,0.7020466124861219,0.39666666666666667,nan,nan,0.8233333333333334,1.0,0.7346683354192741,401.0,799.0,,0.3
fakeddit,by_community,0.60,nfmcd_robust,1,10,0.7597016078093419,0.445541199553121,0.8345328824202388,0.40166666666666667,0.12076062271217765,0.2345324358985243,0.9483333333333334,0.9950124688279302,0.9249061326658323,401.0,799.0,,0.39
fakeddit,by_community,0.60,spectral_graph+content,1,10,0.5576760831596945,0.36107061850364613,0.7195455072493113,0.40166666666666667,nan,nan,0.8041666666666667,1.0,0.7058823529411765,401.0,799.0,,0.33
fakeddit,by_community,0.60,spectral_graph+content,2,10,0.5738696452754145,0.4026088256472536,0.7148811842364249,0.405,nan,nan,0.85,1.0,0.7747183979974969,401.0,799.0,,0.33
fakeddit,by_community,0.80,nfmcd_full,0,10,0.7014883624520422,0.37261187853741135,0.7286161870874069,0.43833333333333335,0.14042628364582455,0.24829839855207714,0.7883333333333333,0.5860349127182045,0.8898623279098874,401.0,799.0,,0.31
fakeddit,by_community,0.60,kmeans_content,0,10,0.14275524853780186,0.13096916295546404,0.3416943283245143,0.39666666666666667,nan,nan,0.53,1.0,0.29411764705882354,401.0,799.0,,0.44
fakeddit,by_community,0.80,nfmcd_full,1,10,0.7228203233282346,0.3744719290913052,0.7356774778192008,0.4608333333333333,0.13833792412449986,0.24683654688714984,0.7966666666666666,0.5935162094763092,0.8986232790988736,401.0,799.0,,0.36
fakeddit,by_community,0.60,kmeans_content,1,10,0.039277849880337445,0.11525355675590865,0.27002258409638713,0.40166666666666667,nan,nan,0.48583333333333334,1.0,0.22778473091364204,401.0,799.0,,0.51
fakeddit,by_community,0.60,kmeans_content,2,10,0.04072334980428716,0.11525869448917307,0.3057836728850992,0.405,nan,nan,0.505,1.0,0.2565707133917397,401.0,799.0,,0.5
fakeddit,by_community,0.80,nfmcd_robust,0,10,0.7132197876458201,0.4468827371977577,0.8277867209335386,0.43833333333333335,0.08451961441182543,0.20916373008827777,0.9475,0.9950124688279302,0.9236545682102628,401.0,799.0,,0.3
fakeddit,by_community,0.80,nfmcd_robust,2,10,0.6955986063745075,0.44561331256062514,0.823949263943709,0.4558333333333333,0.08475392117120206,0.2093277448198414,0.9458333333333333,0.9825436408977556,0.9274092615769712,401.0,799.0,,0.23
fakeddit,by_community,0.80,nfmcd_robust,1,10,0.6930636467531663,0.4440829560518169,0.8222516782201466,0.4608333333333333,0.08190636286911512,0.20733445400838055,0.9425,0.9825436408977556,0.9224030037546934,401.0,799.0,,0.3
fakeddit,by_community,0.80,nfmcd_full,2,10,0.7081965415655282,0.37550823186862237,0.7364929096817397,0.4558333333333333,0.14451940146687292,0.251163581026811,0.7958333333333333,0.5935162094763092,0.8973717146433041,401.0,799.0,,0.42
fakeddit,by_community,0.80,spectral_graph+content,1,10,0.5921743598290781,0.39275745622538183,0.7501786859234844,0.4608333333333333,nan,nan,0.8433333333333334,1.0,0.7647058823529411,401.0,799.0,,0.33
fakeddit,by_community,0.80,spectral_graph+content,0,10,0.5687662792127095,0.38431645669603387,0.7127157530580014,0.43833333333333335,nan,nan,0.8233333333333334,1.0,0.7346683354192741,401.0,799.0,,0.36
fakeddit,by_community,0.80,spectral_graph+content,2,10,0.5748711343504501,0.40579798199647804,0.7207433614392925,0.4558333333333333,nan,nan,0.8533333333333334,1.0,0.7797246558197747,401.0,799.0,,0.36
fakeddit,by_community,0.80,kmeans_content,0,10,0.04186738830920289,0.0891438670489429,0.24544701658929,0.43833333333333335,nan,nan,0.48083333333333333,1.0,0.2202753441802253,401.0,799.0,,0.61
fakeddit,by_community,0.80,kmeans_content,1,10,0.093967629195995,0.08828615544732134,0.3027303732391072,0.4608333333333333,nan,nan,0.4866666666666667,1.0,0.22903629536921152,401.0,799.0,,0.61
fakeddit,by_community,0.80,kmeans_content,2,10,0.045226136626248525,0.09272595647377356,0.2956751432239111,0.4558333333333333,nan,nan,0.49166666666666664,1.0,0.23654568210262827,401.0,799.0,,0.64
fakeddit,by_degree_low,0.20,nfmcd_robust,0,10,0.7446602893055302,0.37179737422142556,0.6953351062622757,0.05416666666666667,0.25296102701815393,0.32707271891270767,0.8058333333333333,0.7066666666666667,0.8388888888888889,300.0,900.0,,0.42
fakeddit,by_degree_low,0.20,nfmcd_robust,2,10,0.7329239834919079,0.29981833000659,0.6933645181977415,0.0625,0.24116263653442824,0.31881384557409975,0.6783333333333333,0.6766666666666666,0.6788888888888889,300.0,900.0,,0.47
fakeddit,by_degree_low,0.20,nfmcd_robust,1,10,0.7282593463696708,0.30026471716752895,0.6936613107277534,0.059166666666666666,0.24952543508935113,0.32466780456254574,0.6733333333333333,0.6633333333333333,0.6766666666666666,300.0,900.0,,0.52
fakeddit,by_degree_low,0.20,nfmcd_full,0,10,0.7157851773010209,0.37428315800518625,0.6291501698732784,0.05416666666666667,0.3994377530937245,0.4296064271656071,0.7991666666666667,0.6333333333333333,0.8544444444444445,300.0,900.0,,1.03
fakeddit,by_degree_low,0.20,nfmcd_full,1,10,0.49063205421588674,0.3158811456853415,0.4518541340562572,0.059166666666666666,0.40322640127785764,0.4322584808945003,0.5891666666666666,0.43333333333333335,0.6411111111111111,300.0,900.0,,1.08
fakeddit,by_degree_low,0.20,spectral_graph+content,0,10,0.5317509173022489,0.3709251858698435,0.6984059188612403,0.05416666666666667,nan,nan,0.8175,0.6,0.89,300.0,900.0,,0.33
fakeddit,by_degree_low,0.20,spectral_graph+content,1,10,0.6567768766407299,0.38384861718944385,0.8059819146832794,0.059166666666666666,nan,nan,0.875,0.7233333333333334,0.9255555555555556,300.0,900.0,,0.41
fakeddit,by_degree_low,0.20,spectral_graph+content,2,10,0.6280950385596327,0.36673549657873783,0.7936857761925109,0.0625,nan,nan,0.8525,0.7366666666666667,0.8911111111111111,300.0,900.0,,0.42
fakeddit,by_degree_low,0.20,nfmcd_full,2,10,0.7135500550833684,0.365737088167599,0.6858080448388546,0.0625,0.3925903300887452,0.4248132310621216,0.7883333333333333,0.6466666666666666,0.8355555555555556,300.0,900.0,,1.27
fakeddit,by_degree_low,0.20,kmeans_content,0,10,0.048316602907428785,0.14586694585697424,0.18375392666463664,0.05416666666666667,nan,nan,0.41083333333333333,0.12333333333333334,0.5066666666666667,300.0,900.0,,0.73
fakeddit,by_degree_low,0.20,kmeans_content,2,10,0.06698335093694585,0.14968746687587423,0.20328836668536093,0.0625,nan,nan,0.425,0.14666666666666667,0.5177777777777778,300.0,900.0,,0.67
fakeddit,by_degree_low,0.20,kmeans_content,1,10,0.048044548885890936,0.08791031098855524,0.16757067584657556,0.059166666666666666,nan,nan,0.31166666666666665,0.16333333333333333,0.3611111111111111,300.0,900.0,,0.78
fakeddit,by_degree_low,0.40,nfmcd_full,2,10,0.7104448753517202,0.3280237976237375,0.6847847856626715,0.23333333333333334,0.24199627220004827,0.3193973905400338,0.7675,0.7633333333333333,0.7688888888888888,300.0,900.0,,0.59
fakeddit,by_degree_low,0.40,nfmcd_full,0,10,0.7238129865738392,0.32902111988047894,0.6871967231052407,0.215,0.2558659117619938,0.3291061382333957,0.7708333333333334,0.76,0.7744444444444445,300.0,900.0,,0.69
fakeddit,by_degree_low,0.40,nfmcd_robust,0,10,0.8102263454291337,0.35119953267203713,0.8238287277348142,0.215,0.14982304618857128,0.25487613233199985,0.805,0.8366666666666667,0.7944444444444444,300.0,900.0,,0.36
fakeddit,by_degree_low,0.40,nfmcd_full,1,10,0.7432228984556905,0.32566661961696386,0.7250848650001724,0.22583333333333333,0.2331639732375682,0.31321478126629776,0.7533333333333333,0.74,0.7577777777777778,300.0,900.0,,0.83
fakeddit,by_degree_low,0.40,nfmcd_robust,1,10,0.8119711453835939,0.35508855149245544,0.8225279016628371,0.22583333333333333,0.13239962850070927,0.24267973995049644,0.8266666666666667,0.8333333333333334,0.8244444444444444,300.0,900.0,,0.36
fakeddit,by_degree_low,0.40,nfmcd_robust,2,10,0.8138676489440589,0.34810850925780357,0.8231738936576434,0.23333333333333334,0.14088690492769795,0.24862083344938854,0.795,0.8333333333333334,0.7822222222222223,300.0,900.0,,0.44
fakeddit,by_degree_low,0.40,spectral_graph+content,1,10,0.7127539522594788,0.41623739732026666,0.8314294852806707,0.22583333333333333,nan,nan,0.915,0.75,0.97,300.0,900.0,,0.36
fakeddit,by_degree_low,0.40,spectral_graph+content,0,10,0.7504959347752092,0.41556820517368664,0.8552930521184559,0.215,nan,nan,0.9183333333333333,0.7433333333333333,0.9766666666666667,300.0,900.0,,0.39
fakeddit,by_degree_low,0.40,spectral_graph+content,2,10,0.6435661406001295,0.41425111396600195,0.7901214025195227,0.23333333333333334,nan,nan,0.9033333333333333,0.6966666666666667,0.9722222222222222,300.0,900.0,,0.34
fakeddit,by_degree_low,0.40,kmeans_content,0,10,0.034596404475395026,0.11605677589585266,0.13224885415180443,0.215,nan,nan,0.3416666666666667,0.10333333333333333,0.4211111111111111,300.0,900.0,,0.56
fakeddit,by_degree_low,0.60,nfmcd_full,1,10,0.7572404216626875,0.3240945815350019,0.7537006349873309,0.4583333333333333,0.15135917754203157,0.2559514242794221,0.775,0.8133333333333334,0.7622222222222222,300.0,900.0,,0.34
fakeddit,by_degree_low,0.60,nfmcd_full,0,10,0.7597733639443415,0.32217480523006087,0.7541421475172045,0.43333333333333335,0.16660381099443133,0.2666226676961019,0.7708333333333334,0.8133333333333334,0.7566666666666667,300.0,900.0,,0.38
fakeddit,by_degree_low,0.40,kmeans_content,1,10,0.05595457867976028,0.10179469272599724,0.16160121724459958,0.22583333333333333,nan,nan,0.31916666666666665,0.10333333333333333,0.39111111111111113,300.0,900.0,,0.58
fakeddit,by_degree_low,0.40,kmeans_content,2,10,0.05765567149970774,0.08799880868292338,0.16848158897612484,0.23333333333333334,nan,nan,0.2775,0.14666666666666667,0.3211111111111111,300.0,900.0,,0.53
fakeddit,by_degree_low,0.60,nfmcd_full,2,10,0.7526505184656219,0.3253399738116389,0.753030538873803,0.46,0.15999455339818827,0.26199618737873176,0.7783333333333333,0.8133333333333334,0.7666666666666667,300.0,900.0,,0.44
fakeddit,by_degree_low,0.60,nfmcd_robust,1,10,0.8212643250209251,0.35301793669001585,0.8312229653901729,0.4583333333333333,0.07575479161898112,0.20302835413328674,0.8158333333333333,0.8533333333333334,0.8033333333333333,300.0,900.0,,0.3
fakeddit,by_degree_low,0.60,nfmcd_robust,0,10,0.8237754171857709,0.3589290437373736,0.8326415618698034,0.43333333333333335,0.08823919432663688,0.21176743602864576,0.83,0.8533333333333334,0.8222222222222222,300.0,900.0,,0.33
fakeddit,by_degree_low,0.60,spectral_graph+content,0,10,0.8042878327337812,0.4220177676894879,0.9029460815109586,0.43333333333333335,nan,nan,0.94,0.8666666666666667,0.9644444444444444,300.0,900.0,,0.3
fakeddit,by_degree_low,0.60,nfmcd_robust,2,10,0.8212643250209251,0.3511684960490194,0.8312229653901729,0.46,0.08886126881599397,0.21220288817119576,0.825,0.8533333333333334,0.8155555555555556,300.0,900.0,,0.3
fakeddit,by_degree_low,0.60,spectral_graph+content,1,10,0.7675706915858048,0.4082895437394089,0.8828726780433491,0.4583333333333333,nan,nan,0.9241666666666667,0.8333333333333334,0.9544444444444444,300.0,900.0,,0.28
fakeddit,by_degree_low,0.60,spectral_graph+content,2,10,0.7897955908584654,0.4153322898903914,0.8927611834169982,0.46,nan,nan,0.9316666666666666,0.84,0.9622222222222222,300.0,900.0,,0.31
fakeddit,by_degree_low,0.80,nfmcd_full,0,10,0.7523358262574324,0.3245816978932446,0.7256454208721144,0.5733333333333334,0.12244026797539713,0.23570818758277795,0.7408333333333333,0.74,0.7411111111111112,300.0,900.0,,0.33
fakeddit,by_degree_low,0.80,nfmcd_full,1,10,0.7541651122172846,0.3276217166436458,0.7554702967424438,0.5866666666666667,0.11478612576806178,0.23035028803764315,0.7791666666666667,0.82,0.7655555555555555,300.0,900.0,,0.38
fakeddit,by_degree_low,0.60,kmeans_content,0,10,0.062139015886275795,0.11261710329043563,0.125980180689538,0.43333333333333335,nan,nan,0.2941666666666667,0.13,0.3488888888888889,300.0,900.0,,0.48
fakeddit,by_degree_low,0.60,kmeans_content,1,10,0.08029183346583069,0.12228894508677932,0.14831247023979294,0.4583333333333333,nan,nan,0.3025,0.10333333333333333,0.3688888888888889,300.0,900.0,,0.47
fakeddit,by_degree_low,0.80,nfmcd_full,2,10,0.7551794962494778,0.32764223253946445,0.7548039078342919,0.5991666666666666,0.11786293077956889,0.2325040515456982,0.7783333333333333,0.8166666666666667,0.7655555555555555,300.0,900.0,,0.36
fakeddit,by_degree_low,0.60,kmeans_content,2,10,0.06318717754481662,0.10325141370002279,0.13124474468908978,0.46,nan,nan,0.2808333333333333,0.10666666666666667,0.3388888888888889,300.0,900.0,,0.49
fakeddit,by_degree_low,0.80,nfmcd_robust,0,10,0.8212762091167081,0.36533664756731576,0.8311526872411082,0.5733333333333334,0.057810063410940464,0.1904670443876583,0.8425,0.8533333333333334,0.8388888888888889,300.0,900.0,,0.3
fakeddit,by_degree_low,0.80,nfmcd_robust,2,10,0.819118728218787,0.3525443351502732,0.8297422449939658,0.5991666666666666,0.05897549701217289,0.19128284790852096,0.8258333333333333,0.8533333333333334,0.8166666666666667,300.0,900.0,,0.27
fakeddit,by_degree_low,0.80,nfmcd_robust,1,10,0.819118728218787,0.3572445584158393,0.8297422449939656,0.5866666666666667,0.051998993480481426,0.186399295436337,0.8341666666666666,0.8533333333333334,0.8277777777777777,300.0,900.0,,0.31
fakeddit,by_degree_low,0.80,spectral_graph+content,0,10,0.8290848221544397,0.4370119603308894,0.9202296770252509,0.5733333333333334,nan,nan,0.955,0.86,0.9866666666666667,300.0,900.0,,0.33
fakeddit,by_degree_low,0.80,spectral_graph+content,2,10,0.8386118290375228,0.4332007974399067,0.923693433463718,0.5991666666666666,nan,nan,0.955,0.8666666666666667,0.9844444444444445,300.0,900.0,,0.31
fakeddit,by_degree_low,0.80,spectral_graph+content,1,10,0.8352180675579848,0.42939918697425555,0.9240054128965486,0.5866666666666667,nan,nan,0.9533333333333334,0.8733333333333333,0.98,300.0,900.0,,0.34
fakeddit,by_degree_low,0.80,kmeans_content,0,10,0.08016744135186982,0.11348502346931207,0.11360632955138716,0.5733333333333334,nan,nan,0.24083333333333334,0.10333333333333333,0.2866666666666667,300.0,900.0,,0.5
fakeddit,by_degree_low,0.80,kmeans_content,1,10,0.0772213730636595,0.13627647645474314,0.1299706095875342,0.5866666666666667,nan,nan,0.2891666666666667,0.10333333333333333,0.3511111111111111,300.0,900.0,,0.48
fakeddit,by_degree_low,0.80,kmeans_content,2,10,0.10972726207404504,0.1036329055246151,0.09970538660954467,0.5991666666666666,nan,nan,0.19166666666666668,0.10333333333333333,0.22111111111111112,300.0,900.0,,0.56
fakeddit,by_degree_high,0.20,nfmcd_robust,0,10,0.7575933796995522,0.3573953555056921,0.7238309800758868,0.0525,0.2527892393889284,0.3269524675722498,0.8008333333333333,0.6233333333333333,0.86,300.0,900.0,,0.49
fakeddit,by_degree_high,0.20,nfmcd_robust,1,10,0.7810022070688241,0.35313470306555006,0.7252455796220467,0.06333333333333334,0.2559908180347865,0.3291935726243505,0.7883333333333333,0.59,0.8544444444444445,300.0,900.0,,0.53
fakeddit,by_degree_high,0.20,nfmcd_robust,2,10,0.7206002321530509,0.35197801233630593,0.7290790525548906,0.0625,0.252654871642293,0.3268584101496051,0.7958333333333333,0.6033333333333334,0.86,300.0,900.0,,0.49
fakeddit,by_degree_high,0.20,nfmcd_full,1,10,0.45024877812680086,0.3356705475462304,0.46377078121422854,0.06333333333333334,0.40004491410757137,0.43003143987529996,0.6316666666666667,0.5666666666666667,0.6533333333333333,300.0,900.0,,1.02
fakeddit,by_degree_high,0.20,nfmcd_full,0,10,0.48794289127014323,0.422719585875638,0.3729475178890858,0.0525,0.4051319510884949,0.43359236576194643,0.6883333333333334,0.98,0.5911111111111111,300.0,900.0,,1.05
fakeddit,by_degree_high,0.20,nfmcd_full,2,10,0.2901885226366052,0.41136890930878983,0.30340599291125225,0.0625,0.3946451723894417,0.4262516206726092,0.6283333333333333,0.9933333333333333,0.5066666666666667,300.0,900.0,,1.05
fakeddit,by_degree_high,0.20,spectral_graph+content,0,10,0.5679150157561969,0.37362317109675497,0.7181119630310233,0.0525,nan,nan,0.8275,0.99,0.7733333333333333,300.0,900.0,,0.33
fakeddit,by_degree_high,0.20,spectral_graph+content,1,10,0.549421918126659,0.35169716657227523,0.7038679373522194,0.06333333333333334,nan,nan,0.7758333333333334,0.9933333333333333,0.7033333333333334,300.0,900.0,,0.41
fakeddit,by_degree_high,0.20,spectral_graph+content,2,10,0.5298083604786346,0.3477078106560359,0.6827973682746424,0.0625,nan,nan,0.7591666666666667,0.9933333333333333,0.6811111111111111,300.0,900.0,,0.36
fakeddit,by_degree_high,0.40,nfmcd_full,0,10,0.6281337148884129,0.36374148809306267,0.6982142724035599,0.20833333333333334,0.24707339363921033,0.32295137554744724,0.7575,0.62,0.8033333333333333,300.0,900.0,,0.58
fakeddit,by_degree_high,0.20,kmeans_content,0,10,0.0183237502770226,0.08000678269976588,0.21059743779889306,0.0525,nan,nan,0.3258333333333333,0.3433333333333333,0.32,300.0,900.0,,0.76
fakeddit,by_degree_high,0.20,kmeans_content,2,10,0.0382918720884442,0.05425014413523672,0.18488735081472313,0.0625,nan,nan,0.29333333333333333,0.42333333333333334,0.25,300.0,900.0,,0.72
fakeddit,by_degree_high,0.20,kmeans_content,1,10,0.0366290998796609,0.09340402259733714,0.20532759654829894,0.06333333333333334,nan,nan,0.3425,0.43,0.31333333333333335,300.0,900.0,,0.77
fakeddit,by_degree_high,0.40,nfmcd_full,1,10,0.6162852904343861,0.4383598397157178,0.683765517462059,0.22,0.24591915001243853,0.3221434050087069,0.8916666666666667,0.98,0.8622222222222222,300.0,900.0,,0.55
fakeddit,by_degree_high,0.40,nfmcd_full,2,10,0.6560866314252001,0.3706711658897881,0.6883940356008076,0.23416666666666666,0.2505969889470365,0.32541789226292556,0.7583333333333333,0.6266666666666667,0.8022222222222222,300.0,900.0,,0.59
fakeddit,by_degree_high,0.40,nfmcd_robust,0,10,0.6715487502372454,0.44788498059392456,0.6552628474102928,0.20833333333333334,0.15096132895159928,0.2556729302661194,0.89,0.9933333333333333,0.8555555555555555,300.0,900.0,,0.39
fakeddit,by_degree_high,0.40,nfmcd_robust,2,10,0.6390772359154493,0.44613587067834215,0.6646093877239687,0.23416666666666666,0.15662740285255952,0.2596391819967916,0.8908333333333334,0.9933333333333333,0.8566666666666667,300.0,900.0,,0.33
fakeddit,by_degree_high,0.40,nfmcd_robust,1,10,0.7020341578566551,0.4451123341966997,0.6556364244891004,0.22,0.152692258015976,0.25688458061118313,0.8858333333333334,0.9833333333333333,0.8533333333333334,300.0,900.0,,0.36
fakeddit,by_degree_high,0.40,spectral_graph+content,1,10,0.5751243826454338,0.384325900824446,0.7466588252506748,0.22,nan,nan,0.8433333333333334,0.9966666666666667,0.7922222222222223,300.0,900.0,,0.28
fakeddit,by_degree_high,0.40,spectral_graph+content,0,10,0.6029889966729715,0.3909351280366767,0.7702710953938922,0.20833333333333334,nan,nan,0.86,1.0,0.8133333333333334,300.0,900.0,,0.38
fakeddit,by_degree_high,0.40,spectral_graph+content,2,10,0.6636025609773514,0.40394652512165863,0.7940951372130225,0.23416666666666666,nan,nan,0.8783333333333333,1.0,0.8377777777777777,300.0,900.0,,0.31
fakeddit,by_degree_high,0.60,nfmcd_full,1,10,0.7378345114293354,0.37298978382284953,0.7504803194271996,0.4716666666666667,0.1630619807115624,0.26414338649809366,0.7941666666666667,0.6133333333333333,0.8544444444444445,300.0,900.0,,0.42
fakeddit,by_degree_high,0.60,nfmcd_full,2,10,0.7267553523009216,0.3770666468351649,0.7494434385602453,0.455,0.17395040347265303,0.27176528243085707,0.7991666666666667,0.6166666666666667,0.86,300.0,900.0,,0.36
fakeddit,by_degree_high,0.60,nfmcd_full,0,10,0.7199190626779233,0.3736654546733723,0.741228387279144,0.43,0.1633103126218299,0.26431721883528086,0.7958333333333333,0.6133333333333333,0.8566666666666667,300.0,900.0,,0.47
fakeddit,by_degree_high,0.40,kmeans_content,2,10,0.061203661210778804,0.06275979435587162,0.3147947677864978,0.23416666666666666,nan,nan,0.43333333333333335,0.7233333333333334,0.33666666666666667,300.0,900.0,,0.59
fakeddit,by_degree_high,0.40,kmeans_content,1,10,0.006662658950649769,0.04586278024782171,0.2176803698910707,0.22,nan,nan,0.35833333333333334,0.65,0.2611111111111111,300.0,900.0,,0.66
fakeddit,by_degree_high,0.40,kmeans_content,0,10,0.008016105050689726,0.05680499905714789,0.23521378557365558,0.20833333333333334,nan,nan,0.3925,0.69,0.29333333333333333,300.0,900.0,,0.69
fakeddit,by_degree_high,0.60,nfmcd_robust,0,10,0.7612014293312845,0.44588335729954776,0.8543545991985326,0.43,0.0969544649641435,0.2178681254749004,0.9533333333333334,0.9933333333333333,0.94,300.0,900.0,,0.3
fakeddit,by_degree_high,0.60,nfmcd_robust,2,10,0.7659564670680636,0.44587450243378535,0.8588144879709538,0.455,0.10168372975145386,0.22117861082601764,0.955,0.9933333333333333,0.9422222222222222,300.0,900.0,,0.28
fakeddit,by_degree_high,0.60,nfmcd_robust,1,10,0.7534329724356255,0.4450266203702008,0.8298118894496271,0.4716666666666667,0.0967332035270622,0.21771324246894352,0.9483333333333334,0.9933333333333333,0.9333333333333333,300.0,900.0,,0.34
fakeddit,by_degree_high,0.60,spectral_graph+content,0,10,0.5897280764006043,0.381861486571045,0.7452661087765227,0.43,nan,nan,0.8391666666666666,0.9966666666666667,0.7866666666666666,300.0,900.0,,0.31
fakeddit,by_degree_high,0.60,spectral_graph+content,2,10,0.6909280938688607,0.4109949823425377,0.8178514542418492,0.455,nan,nan,0.9008333333333334,1.0,0.8677777777777778,300.0,900.0,,0.33
fakeddit,by_degree_high,0.60,spectral_graph+content,1,10,0.5872855072206324,0.3942397193463675,0.7259208585328806,0.4716666666666667,nan,nan,0.8466666666666667,1.0,0.7955555555555556,300.0,900.0,,0.34
fakeddit,by_degree_high,0.80,nfmcd_full,1,10,0.728633756628785,0.4424442038823031,0.827744019269914,0.5991666666666666,0.11992329097227795,0.23394630368059458,0.9408333333333333,0.9833333333333333,0.9266666666666666,300.0,900.0,,0.27
fakeddit,by_degree_high,0.80,nfmcd_full,0,10,0.7129462441391128,0.3740127119306212,0.735915022549983,0.58,0.12438232252303434,0.237067625766124,0.7958333333333333,0.61,0.8577777777777778,300.0,900.0,,0.41
fakeddit,by_degree_high,0.60,kmeans_content,1,10,0.09146428327020262,0.06475596458183652,0.3144341690987487,0.4716666666666667,nan,nan,0.4691666666666667,0.9933333333333333,0.29444444444444445,300.0,900.0,,0.53
fakeddit,by_degree_high,0.80,nfmcd_full,2,10,0.7305845809365852,0.37461402420516415,0.7384465059259824,0.5933333333333334,0.13334303134162956,0.24334012193914067,0.7983333333333333,0.6133333333333333,0.86,300.0,900.0,,0.36
fakeddit,by_degree_high,0.60,kmeans_content,2,10,0.08707375169371634,0.0773925332879727,0.32590231800777253,0.455,nan,nan,0.48583333333333334,0.98,0.3211111111111111,300.0,900.0,,0.59
fakeddit,by_degree_high,0.60,kmeans_content,0,10,0.09656974762787285,0.06460684290903079,0.30615525331045496,0.43,nan,nan,0.46416666666666667,0.98,0.2922222222222222,300.0,900.0,,0.67
fakeddit,by_degree_high,0.80,nfmcd_robust,0,10,0.7389131006378299,0.4456204028236421,0.831994208775596,0.58,0.07155099420142058,0.20008569594099437,0.95,0.9833333333333333,0.9388888888888889,300.0,900.0,,0.2
fakeddit,by_degree_high,0.80,nfmcd_robust,2,10,0.7370410228878382,0.4463696932829301,0.8331906089680379,0.5933333333333334,0.07372278547142895,0.20160594983000024,0.9491666666666667,0.9866666666666667,0.9366666666666666,300.0,900.0,,0.28
fakeddit,by_degree_high,0.80,nfmcd_robust,1,10,0.7294683798445006,0.44442887552359095,0.8283096324219528,0.5991666666666666,0.0669942733539811,0.19689599134778674,0.9466666666666667,0.9833333333333333,0.9344444444444444,300.0,900.0,,0.3
fakeddit,by_degree_high,0.80,spectral_graph+content,0,10,0.5954484845017575,0.3976642781611216,0.7403257535843691,0.58,nan,nan,0.8425,1.0,0.79,300.0,900.0,,0.31
fakeddit,by_degree_high,0.80,spectral_graph+content,1,10,0.722427861449935,0.4137062371272787,0.848880301957205,0.5991666666666666,nan,nan,0.9158333333333334,1.0,0.8877777777777778,300.0,900.0,,0.31
fakeddit,by_degree_high,0.80,spectral_graph+content,2,10,0.7670828086877062,0.41224122506851235,0.8833178137593721,0.5933333333333334,nan,nan,0.9258333333333333,1.0,0.9011111111111111,300.0,900.0,,0.34
fakeddit,by_degree_high,0.80,kmeans_content,0,10,0.10673818245800848,0.048728507847268024,0.28937447437603375,0.58,nan,nan,0.4608333333333333,1.0,0.2811111111111111,300.0,900.0,,0.59
fakeddit,by_degree_high,0.80,kmeans_content,2,10,0.1474769241435112,0.05059982765118613,0.3154382216942085,0.5933333333333334,nan,nan,0.4525,1.0,0.27,300.0,900.0,,0.52
fakeddit,by_degree_high,0.80,kmeans_content,1,10,0.1507496265422228,0.053776131704241045,0.34283564499442,0.5991666666666666,nan,nan,0.4683333333333333,1.0,0.2911111111111111,300.0,900.0,,0.62
fakeddit,by_typical,0.20,nfmcd_robust,0,10,0.6613788480380876,0.3372598812832606,0.7467385312895669,0.049166666666666664,0.2456238683097081,0.3219367078167956,0.7725,0.7366666666666667,0.7844444444444445,300.0,900.0,,0.52
fakeddit,by_typical,0.20,nfmcd_robust,1,10,0.7835410761212837,0.34744550596164664,0.8092154169619773,0.055,0.24147734612481922,0.3190341422873734,0.8166666666666667,0.7433333333333333,0.8411111111111111,300.0,900.0,,0.45
fakeddit,by_typical,0.20,nfmcd_full,1,10,0.4611082578008341,0.33136968191175353,0.4800196778271716,0.055,0.3888316691706324,0.4221821684194426,0.6316666666666667,0.6466666666666666,0.6266666666666667,300.0,900.0,,0.94
fakeddit,by_typical,0.20,nfmcd_robust,2,10,0.7066881780789847,0.3466996714481689,0.7227055605158057,0.06583333333333333,0.2399093646192289,0.3179365552334602,0.7883333333333333,0.74,0.8044444444444444,300.0,900.0,,0.44
fakeddit,by_typical,0.20,nfmcd_full,2,10,0.41827842618621847,0.322441852692479,0.49773887564617925,0.06583333333333333,0.38264714396023075,0.41785300077216153,0.635,0.63,0.6366666666666667,300.0,900.0,,1.02
fakeddit,by_typical,0.20,nfmcd_full,0,10,0.4939686637702141,0.33130865341247,0.508408968381506,0.049166666666666664,0.3922572051484421,0.4245800436039094,0.65,0.63,0.6566666666666666,300.0,900.0,,1.16
fakeddit,by_typical,0.20,spectral_graph+content,0,10,0.554843786758497,0.37018571857818555,0.7094616905785782,0.049166666666666664,nan,nan,0.8225,0.8233333333333334,0.8222222222222222,300.0,900.0,,0.42
fakeddit,by_typical,0.20,spectral_graph+content,1,10,0.5582268135223161,0.35634513657423245,0.7124068181996773,0.055,nan,nan,0.7866666666666666,0.83,0.7722222222222223,300.0,900.0,,0.45
fakeddit,by_typical,0.20,spectral_graph+content,2,10,0.6614750862924099,0.3939974049892175,0.8073433153409469,0.06583333333333333,nan,nan,0.8808333333333334,0.89,0.8777777777777778,300.0,900.0,,0.41
fakeddit,by_typical,0.20,kmeans_content,0,10,0.027656704431841872,0.10627034003276975,0.22475723252708835,0.049166666666666664,nan,nan,0.3975,0.42333333333333334,0.3888888888888889,300.0,900.0,,0.8
fakeddit,by_typical,0.20,kmeans_content,1,10,0.018403757749452132,0.06415504090212201,0.22422872280939904,0.055,nan,nan,0.295,0.2833333333333333,0.29888888888888887,300.0,900.0,,0.7
fakeddit,by_typical,0.20,kmeans_content,2,10,0.028376961199720885,0.09579160974203668,0.19870535776866494,0.06583333333333333,nan,nan,0.38333333333333336,0.3466666666666667,0.39555555555555555,300.0,900.0,,0.67
fakeddit,by_typical,0.40,nfmcd_full,1,10,0.7143285245168717,0.35528225645881395,0.755107645267356,0.23166666666666666,0.23005602882152867,0.3110392201750701,0.765,0.7733333333333333,0.7622222222222222,300.0,900.0,,0.56
fakeddit,by_typical,0.40,nfmcd_full,0,10,0.6424999574555255,0.3567977826600719,0.6322858956445672,0.1875,0.24246136287518227,0.31972295401262757,0.7291666666666666,0.7833333333333333,0.7111111111111111,300.0,900.0,,0.62
fakeddit,by_typical,0.40,nfmcd_full,2,10,0.6579989993406672,0.3548879983385469,0.7404512607482092,0.21083333333333334,0.2236037480974946,0.3065226236682462,0.7641666666666667,0.8266666666666667,0.7433333333333333,300.0,900.0,,0.56
fakeddit,by_typical,0.40,nfmcd_robust,0,10,0.755630522660033,0.353280203161963,0.7762184052885734,0.1875,0.13989182802351474,0.24792427961646032,0.81,0.7366666666666667,0.8344444444444444,300.0,900.0,,0.41
fakeddit,by_typical,0.40,spectral_graph+content,0,10,0.5420524771624322,0.36432164106067766,0.7192201692228511,0.1875,nan,nan,0.8183333333333334,0.89,0.7944444444444444,300.0,900.0,,0.31
fakeddit,by_typical,0.40,nfmcd_robust,1,10,0.7174069475977427,0.3467856687577804,0.761649916629716,0.23166666666666666,0.12817480571783213,0.23972236400248248,0.7875,0.6666666666666666,0.8277777777777777,300.0,900.0,,0.44
fakeddit,by_typical,0.40,nfmcd_robust,2,10,0.7199664038509304,0.3548727730657611,0.7562552023185941,0.21083333333333334,0.1276154380989145,0.23933080666924014,0.7858333333333334,0.6766666666666666,0.8222222222222222,300.0,900.0,,0.47
fakeddit,by_typical,0.40,spectral_graph+content,2,10,0.6442747179602615,0.3858742218810601,0.8113580859270421,0.21083333333333334,nan,nan,0.8783333333333333,0.8566666666666667,0.8855555555555555,300.0,900.0,,0.36
fakeddit,by_typical,0.40,spectral_graph+content,1,10,0.6602994359638745,0.3929725848705598,0.8139691306099772,0.23166666666666666,nan,nan,0.8833333333333333,0.8666666666666667,0.8888888888888888,300.0,900.0,,0.41
fakeddit,by_typical,0.60,nfmcd_full,0,10,0.679658676419069,0.3591677842961835,0.7225934930493617,0.4325,0.14988777160098155,0.25492144012068707,0.7591666666666667,0.79,0.7488888888888889,300.0,900.0,,0.47
fakeddit,by_typical,0.60,nfmcd_full,1,10,0.7056734209570432,0.3582747647136351,0.7450104826119459,0.4666666666666667,0.14915292046724907,0.2544070443270743,0.79,0.8166666666666667,0.7811111111111111,300.0,900.0,,0.45
fakeddit,by_typical,0.60,nfmcd_full,2,10,0.8075358529530605,0.3585908229024873,0.8221370034219166,0.455,0.14387824536286273,0.2507147717540039,0.8058333333333333,0.8066666666666666,0.8055555555555556,300.0,900.0,,0.42
fakeddit,by_typical,0.40,kmeans_content,0,10,0.0,0.028689714107026195,0.19191268810172163,0.1875,nan,nan,0.2925,0.31666666666666665,0.28444444444444444,300.0,900.0,,0.59
fakeddit,by_typical,0.40,kmeans_content,2,10,0.010103365557716182,0.029691995725635256,0.19110789937790515,0.21083333333333334,nan,nan,0.2816666666666667,0.31333333333333335,0.27111111111111114,300.0,900.0,,0.59
fakeddit,by_typical,0.40,kmeans_content,1,10,0.0008574024622048926,0.03157856309876372,0.1821132399778085,0.23166666666666666,nan,nan,0.2925,0.3333333333333333,0.2788888888888889,300.0,900.0,,0.67
fakeddit,by_typical,0.60,nfmcd_robust,1,10,0.8209002040622981,0.35371188423828864,0.8302532162165213,0.4666666666666667,0.07769825220533844,0.20438877654373688,0.7875,0.8233333333333334,0.7755555555555556,300.0,900.0,,0.28
fakeddit,by_typical,0.60,nfmcd_robust,0,10,0.8165705608467929,0.3547110411722528,0.8293480450927735,0.4325,0.07938458043143741,0.20556920630200615,0.7883333333333333,0.8233333333333334,0.7766666666666666,300.0,900.0,,0.31
fakeddit,by_typical,0.60,nfmcd_robust,2,10,0.8172038636389976,0.36254517343213344,0.8304457304653503,0.455,0.07493470943061419,0.2024542966014299,0.8041666666666667,0.8166666666666667,0.8,300.0,900.0,,0.38
fakeddit,by_typical,0.60,spectral_graph+content,0,10,0.6086135481944116,0.3893962670344923,0.7949004352585013,0.4325,nan,nan,0.8758333333333334,0.9433333333333334,0.8533333333333334,300.0,900.0,,0.38
fakeddit,by_typical,0.60,spectral_graph+content,1,10,0.6594120908482636,0.39600126748166303,0.8069936656765178,0.4666666666666667,nan,nan,0.8875,0.91,0.88,300.0,900.0,,0.38
fakeddit,by_typical,0.60,spectral_graph+content,2,10,0.6660889372062162,0.4051653942086541,0.7996162130475633,0.455,nan,nan,0.9008333333333334,0.93,0.8911111111111111,300.0,900.0,,0.38
fakeddit,by_typical,0.60,kmeans_content,0,10,0.006036023343433117,0.016112890263158416,0.12215157445220468,0.4325,nan,nan,0.2875,0.3433333333333333,0.2688888888888889,300.0,900.0,,0.53
fakeddit,by_typical,0.80,nfmcd_full,1,10,0.8136927134094174,0.364741517772789,0.8281736140931548,0.5875,0.095165569635309,0.21661589874471626,0.8125,0.8066666666666666,0.8144444444444444,300.0,900.0,,0.38
fakeddit,by_typical,0.80,nfmcd_full,0,10,0.8192874685694915,0.36444890268178276,0.8312327559474497,0.575,0.10454872447283997,0.22318410713098794,0.8158333333333333,0.8133333333333334,0.8166666666666667,300.0,900.0,,0.44
fakeddit,by_typical,0.60,kmeans_content,1,10,0.008822357673619496,0.011782408606430086,0.14980761786862412,0.4666666666666667,nan,nan,0.295,0.34,0.28,300.0,900.0,,0.55
fakeddit,by_typical,0.80,nfmcd_full,2,10,0.8024386047936182,0.366828482224854,0.8209754791267315,0.58,0.10418670595462605,0.2229306941682382,0.8108333333333333,0.8033333333333333,0.8133333333333334,300.0,900.0,,0.34
fakeddit,by_typical,0.60,kmeans_content,2,10,0.008876334163678834,0.009215567763704458,0.17730069947679908,0.455,nan,nan,0.31666666666666665,0.3433333333333333,0.30777777777777776,300.0,900.0,,0.5
fakeddit,by_typical,0.80,nfmcd_robust,0,10,0.8154485670604332,0.36609566563812834,0.8292324530012101,0.575,0.048682287945371015,0.18407760156175967,0.8125,0.8066666666666666,0.8144444444444444,300.0,900.0,,0.27
fakeddit,by_typical,0.80,nfmcd_robust,1,10,0.8249239131296808,0.43555139163102174,0.9054853713920241,0.5875,0.04230923075335789,0.17961646152735053,0.9583333333333334,0.9466666666666667,0.9622222222222222,300.0,900.0,,0.26
fakeddit,by_typical,0.80,spectral_graph+content,0,10,0.6616795755833895,0.4000184079281347,0.8390563034506826,0.575,nan,nan,0.9008333333333334,0.95,0.8844444444444445,300.0,900.0,,0.34
fakeddit,by_typical,0.80,nfmcd_robust,2,10,0.8172795741006968,0.36911861169770704,0.8297491892583956,0.58,0.04969634736337396,0.18478744315436174,0.8125,0.7966666666666666,0.8177777777777778,300.0,900.0,,0.34
fakeddit,by_typical,0.80,spectral_graph+content,1,10,0.6322632991436703,0.41909156263096564,0.7520264482036553,0.5875,nan,nan,0.8941666666666667,0.95,0.8755555555555555,300.0,900.0,,0.38
fakeddit,by_typical,0.80,spectral_graph+content,2,10,0.6799567237604051,0.39990199192498677,0.821666265764095,0.58,nan,nan,0.9025,0.9466666666666667,0.8877777777777778,300.0,900.0,,0.36
fakeddit,by_typical,0.80,kmeans_content,0,10,0.007101602760808956,0.00713324096795247,0.1338015871133041,0.575,nan,nan,0.31583333333333335,0.3433333333333333,0.30666666666666664,300.0,900.0,,0.48
fakeddit,by_typical,0.80,kmeans_content,1,10,0.009930371307423025,0.006238166929139167,0.12155284543088651,0.5875,nan,nan,0.31083333333333335,0.3433333333333333,0.3,300.0,900.0,,0.49
fakeddit,by_typical,0.80,kmeans_content,2,10,0.00928905104007649,0.00775967494259196,0.14585011923632749,0.58,nan,nan,0.32166666666666666,0.3433333333333333,0.31444444444444447,300.0,900.0,,0.47
fakeddit,by_atypical,0.20,nfmcd_robust,0,10,0.7064591456166469,0.3506829595517185,0.724229620648268,0.058333333333333334,0.2661717302799454,0.3363202111959617,0.7816666666666666,0.7166666666666667,0.8033333333333333,300.0,900.0,,0.52
fakeddit,by_atypical,0.20,nfmcd_robust,1,10,0.662417623706939,0.34843994560921,0.7031804003563609,0.0625,0.27757979849832604,0.3443058589488282,0.7708333333333334,0.71,0.7911111111111111,300.0,900.0,,0.56
fakeddit,by_atypical,0.20,nfmcd_robust,2,10,0.7125658638689981,0.3462564217126889,0.7200845433639838,0.065,0.25536520433918447,0.3287556430374291,0.77,0.7133333333333334,0.7888888888888889,300.0,900.0,,0.56
fakeddit,by_atypical,0.20,nfmcd_full,0,10,0.5113013630742682,0.3330395917420184,0.5978319373540486,0.058333333333333334,0.41121066346855534,0.43784746442798866,0.695,0.69,0.6966666666666667,300.0,900.0,,1.16
fakeddit,by_atypical,0.20,nfmcd_full,2,10,0.5522406369545567,0.3201351378649406,0.5721870933467372,0.065,0.4089312016656534,0.43625184116595733,0.6716666666666666,0.6633333333333333,0.6744444444444444,300.0,900.0,,1.12
fakeddit,by_atypical,0.20,spectral_graph+content,0,10,0.5704074214718668,0.37564961031169125,0.7217993441642732,0.058333333333333334,nan,nan,0.835,0.8133333333333334,0.8422222222222222,300.0,900.0,,0.3
fakeddit,by_atypical,0.20,nfmcd_full,1,10,0.6215602253932644,0.34945183380161027,0.6238613550201978,0.0625,0.42124712230423955,0.4448729856129677,0.7341666666666666,0.7366666666666667,0.7333333333333333,300.0,900.0,,1.19
fakeddit,by_atypical,0.20,spectral_graph+content,1,10,0.5279885312302905,0.36140958786135763,0.6924772329275075,0.0625,nan,nan,0.8058333333333333,0.73,0.8311111111111111,300.0,900.0,,0.42
fakeddit,by_atypical,0.20,spectral_graph+content,2,10,0.6441572137754545,0.3730206006668249,0.8027921865074094,0.065,nan,nan,0.8583333333333333,0.8266666666666667,0.8688888888888889,300.0,900.0,,0.42
fakeddit,by_atypical,0.20,kmeans_content,1,10,0.03608981432193281,0.098469767077088,0.23799302776410575,0.0625,nan,nan,0.3825,0.23,0.43333333333333335,300.0,900.0,,0.67
fakeddit,by_atypical,0.20,kmeans_content,2,10,0.03753910796302029,0.10171336810993736,0.1831018989662439,0.065,nan,nan,0.3566666666666667,0.2633333333333333,0.3877777777777778,300.0,900.0,,0.78
fakeddit,by_atypical,0.40,nfmcd_full,2,10,0.6773576041887776,0.34283152208115897,0.735151316936541,0.24,0.26186539224266825,0.3333057745698677,0.76,0.87,0.7233333333333334,300.0,900.0,,0.53
fakeddit,by_atypical,0.40,nfmcd_full,0,10,0.6697215177872943,0.3459142671514657,0.7312337173727856,0.20333333333333334,0.265000000265454,0.3355000001858178,0.7466666666666667,0.9,0.6955555555555556,300.0,900.0,,0.77
fakeddit,by_atypical,0.20,kmeans_content,0,10,0.0652070834986489,0.10922459080821234,0.25683530714474184,0.058333333333333334,nan,nan,0.4033333333333333,0.23,0.46111111111111114,300.0,900.0,,0.86
fakeddit,by_atypical,0.40,nfmcd_full,1,10,0.6797141103608648,0.3501004049406558,0.7266795722266199,0.21833333333333332,0.2663508383958723,0.33644558687711057,0.7691666666666667,0.9,0.7255555555555555,300.0,900.0,,0.62
fakeddit,by_atypical,0.40,spectral_graph+content,0,10,0.682789276623703,0.3989172289256918,0.8050538124159272,0.20333333333333334,nan,nan,0.8875,0.8833333333333333,0.8888888888888888,300.0,900.0,,0.3
fakeddit,by_atypical,0.40,nfmcd_robust,0,10,0.7193834235733687,0.34686487521350495,0.7470759226769522,0.20333333333333334,0.1660369320776971,0.26622585245438796,0.7866666666666666,0.79,0.7855555555555556,300.0,900.0,,0.44
fakeddit,by_atypical,0.40,spectral_graph+content,1,10,0.6877998890249707,0.38935619080390843,0.8256264737435209,0.21833333333333332,nan,nan,0.8875,0.88,0.89,300.0,900.0,,0.34
fakeddit,by_atypical,0.40,spectral_graph+content,2,10,0.7247550594163737,0.4188627662775191,0.8266242336047146,0.24,nan,nan,0.9191666666666667,0.8966666666666666,0.9266666666666666,300.0,900.0,,0.38
fakeddit,by_atypical,0.40,nfmcd_robust,1,10,0.74444471823886,0.3511117070556099,0.689262909843998,0.21833333333333332,0.17543251639156915,0.2728027614740984,0.7891666666666667,0.9266666666666666,0.7433333333333333,300.0,900.0,,0.44
fakeddit,by_atypical,0.40,nfmcd_robust,2,10,0.7172226973886773,0.3504338479702746,0.7360875759720635,0.24,0.16528293360961313,0.26569805352672915,0.7816666666666666,0.7733333333333333,0.7844444444444445,300.0,900.0,,0.44
fakeddit,by_atypical,0.60,nfmcd_full,1,10,0.8122081275706128,0.3528936436785836,0.8220597955161366,0.44333333333333336,0.1689983988351332,0.2682988791845932,0.8033333333333333,0.9066666666666666,0.7688888888888888,300.0,900.0,,0.44
fakeddit,by_atypical,0.60,nfmcd_full,0,10,0.8000802071178342,0.3440545096362949,0.8205306174930055,0.43333333333333335,0.18254427153730898,0.27778099007611623,0.7975,0.9133333333333333,0.7588888888888888,300.0,900.0,,0.47
fakeddit,by_atypical,0.60,nfmcd_full,2,10,0.7132672327380616,0.35394413016713827,0.73591604538577,0.44583333333333336,0.17056755892048467,0.2693972912443392,0.7808333333333334,0.9033333333333333,0.74,300.0,900.0,,0.52
fakeddit,by_atypical,0.40,kmeans_content,1,10,0.07144404606860344,0.04760276774054677,0.23915162566339854,0.21833333333333332,nan,nan,0.30666666666666664,0.20333333333333334,0.3411111111111111,300.0,900.0,,0.69
fakeddit,by_atypical,0.40,kmeans_content,2,10,0.006113287081845442,0.037414343268274,0.15354028623368582,0.24,nan,nan,0.26916666666666667,0.23666666666666666,0.28,300.0,900.0,,0.62
fakeddit,by_atypical,0.40,kmeans_content,0,10,0.07792001020591022,0.04651393458691519,0.3047732975127255,0.20333333333333334,nan,nan,0.3358333333333333,0.22333333333333333,0.37333333333333335,300.0,900.0,,0.7
fakeddit,by_atypical,0.60,nfmcd_robust,1,10,0.8096533584765726,0.34497187372928295,0.818995973999027,0.44333333333333336,0.11023597535706041,0.2271651827499423,0.7791666666666667,0.7833333333333333,0.7777777777777778,300.0,900.0,,0.26
fakeddit,by_atypical,0.60,nfmcd_robust,0,10,0.8162019035910961,0.3458698112660534,0.8237056289099561,0.43333333333333335,0.11167565742181736,0.22817296019527214,0.7825,0.79,0.78,300.0,900.0,,0.36
fakeddit,by_atypical,0.60,nfmcd_robust,2,10,0.8103757526518438,0.3526840477319055,0.8199556537786441,0.44583333333333336,0.10564678541695902,0.2239527497918713,0.7858333333333334,0.8933333333333333,0.75,300.0,900.0,,0.31
fakeddit,by_atypical,0.60,spectral_graph+content,2,10,0.691251868667836,0.410955896710246,0.791868532419415,0.44583333333333336,nan,nan,0.8891666666666667,0.8766666666666667,0.8933333333333333,300.0,900.0,,0.41
fakeddit,by_atypical,0.60,spectral_graph+content,0,10,0.7222132640820993,0.4141485663389438,0.8262609994262216,0.43333333333333335,nan,nan,0.905,0.9333333333333333,0.8955555555555555,300.0,900.0,,0.44
fakeddit,by_atypical,0.60,spectral_graph+content,1,10,0.7190416243100974,0.4163905482755146,0.8223605535267028,0.44333333333333336,nan,nan,0.9116666666666666,0.91,0.9122222222222223,300.0,900.0,,0.44
fakeddit,by_atypical,0.80,nfmcd_full,1,10,0.8029657670452572,0.35336413964490243,0.8153956144091377,0.5916666666666667,0.12462150493392457,0.23723505345374718,0.7983333333333333,0.87,0.7744444444444445,300.0,900.0,,0.34
fakeddit,by_atypical,0.60,kmeans_content,0,10,0.07364417959587155,0.022955752152969855,0.1953533611191884,0.43333333333333335,nan,nan,0.27416666666666667,0.21,0.29555555555555557,300.0,900.0,,0.62
fakeddit,by_atypical,0.60,kmeans_content,1,10,0.06430383583409227,0.029471605124256083,0.22443372002582812,0.44333333333333336,nan,nan,0.29833333333333334,0.21666666666666667,0.32555555555555554,300.0,900.0,,0.62
fakeddit,by_atypical,0.80,nfmcd_full,2,10,0.8063992494513146,0.363997263120253,0.8171770723561075,0.5791666666666667,0.12630811806629927,0.23841568264640944,0.8033333333333333,0.8733333333333333,0.78,300.0,900.0,,0.42
fakeddit,by_atypical,0.80,nfmcd_full,0,10,0.7785615599799612,0.35389714523013766,0.8191454648068321,0.565,0.13354731019450847,0.24348311713615592,0.8008333333333333,0.8866666666666667,0.7722222222222223,300.0,900.0,,0.53
fakeddit,by_atypical,0.60,kmeans_content,2,10,0.005073267645872459,0.020683921674291242,0.19264695055307682,0.44583333333333336,nan,nan,0.305,0.21666666666666667,0.33444444444444443,300.0,900.0,,0.69
fakeddit,by_atypical,0.80,nfmcd_robust,0,10,0.8135603562982424,0.358745684312021,0.8217843281788454,0.565,0.07880210134737667,0.20516147094316364,0.7941666666666667,0.8733333333333333,0.7677777777777778,300.0,900.0,,0.24
fakeddit,by_atypical,0.80,nfmcd_robust,1,10,0.8086923986552297,0.364343998004126,0.8183771522213223,0.5916666666666667,0.07776599731797626,0.20443619812258335,0.7975,0.8666666666666667,0.7744444444444445,300.0,900.0,,0.28
fakeddit,by_atypical,0.80,nfmcd_robust,2,10,0.81045381689079,0.36609958980885476,0.8193750922333196,0.5791666666666667,0.07783129321122358,0.20448190524785648,0.7933333333333333,0.86,0.7711111111111111,300.0,900.0,,0.33
fakeddit,by_atypical,0.80,spectral_graph+content,0,10,0.7189935596575643,0.42413724988420354,0.8133721120034725,0.565,nan,nan,0.9141666666666667,0.9233333333333333,0.9111111111111111,300.0,900.0,,0.36
fakeddit,by_atypical,0.80,spectral_graph+content,1,10,0.7468088045736256,0.4281186969401234,0.830638043359851,0.5916666666666667,nan,nan,0.9241666666666667,0.9266666666666666,0.9233333333333333,300.0,900.0,,0.34
fakeddit,by_atypical,0.80,spectral_graph+content,2,10,0.740932191844471,0.4235984599693911,0.8303246648226892,0.5791666666666667,nan,nan,0.9241666666666667,0.93,0.9222222222222223,300.0,900.0,,0.41
fakeddit,by_atypical,0.80,kmeans_content,0,10,0.06705612337185551,0.017339155392707837,0.2017036630981092,0.565,nan,nan,0.30333333333333334,0.21666666666666667,0.3322222222222222,300.0,900.0,,0.64
fakeddit,by_atypical,0.80,kmeans_content,1,10,0.018047759236249794,0.02237042004444495,0.16382072826453117,0.5916666666666667,nan,nan,0.31416666666666665,0.21666666666666667,0.3466666666666667,300.0,900.0,,0.59
fakeddit,by_atypical,0.80,kmeans_content,2,10,0.05897606322349591,0.016253673073170518,0.23338112966854804,0.5791666666666667,nan,nan,0.3333333333333333,0.21666666666666667,0.37222222222222223,300.0,900.0,,0.61
fakeddit_real_lcc,mcar_control,0.00,nfmcd_full,0,6,0.13624927109591334,0.5471847152793584,0.29870584349690205,0.0,0.6043362415089966,0.5730353690562975,0.4797297297297297,nan,nan,nan,nan,,0.64
fakeddit_real_lcc,mcar_control,0.00,nfmcd_robust,0,6,0.1954455469796429,0.7288552201165773,0.35139405265614915,0.0,0.37243819077770945,0.4107067335443966,0.3885135135135135,nan,nan,nan,nan,,0.3
fakeddit_real_lcc,mcar_control,0.00,spectral_graph+content,0,6,0.5227766958073978,0.6186289805504904,0.6185039315384402,0.0,nan,nan,0.7280405405405406,nan,nan,nan,nan,,0.08
fakeddit_real_lcc,mcar_control,0.00,nfmcd_full,1,6,0.1421476531269955,0.5522990132665555,0.27249832332118,0.0,0.6035126094902826,0.5724588266431978,0.47635135135135137,nan,nan,nan,nan,,0.67
fakeddit_real_lcc,mcar_control,0.00,nfmcd_full,2,6,0.09889430041556457,0.539708464837765,0.22137966064493023,0.0,0.6017649818530731,0.5712354872971512,0.40033783783783783,nan,nan,nan,nan,,0.61
fakeddit_real_lcc,mcar_control,0.00,nfmcd_robust,1,6,0.19559573397441066,0.7245019977060639,0.35082438192583126,0.0,0.37129703695998084,0.4099079258719866,0.3885135135135135,nan,nan,nan,nan,,0.33
fakeddit_real_lcc,mcar_control,0.00,spectral_graph+content,1,6,0.5227766958073978,0.6186289805504904,0.6185039315384402,0.0,nan,nan,0.7280405405405406,nan,nan,nan,nan,,0.09
fakeddit_real_lcc,mcar_control,0.00,spectral_graph+content,2,6,0.5227766958073978,0.6186289805504904,0.6185039315384402,0.0,nan,nan,0.7280405405405406,nan,nan,nan,nan,,0.11
fakeddit_real_lcc,mcar_control,0.00,nfmcd_robust,2,6,0.19480874474971133,0.7264733821878222,0.3509094249353258,0.0,0.3723512727076049,0.4106458908953234,0.3885135135135135,nan,nan,nan,nan,,0.27
fakeddit_real_lcc,mcar_control,0.00,kmeans_content,0,6,0.24680504946879145,0.3670097485229628,0.37684914024031957,0.0,nan,nan,0.5304054054054054,nan,nan,nan,nan,,0.17
fakeddit_real_lcc,mcar_control,0.00,louvain,0,21,0.3132431794118209,0.9112186617370746,0.6275532403387196,0.0,nan,nan,0.3260135135135135,nan,nan,nan,nan,,0.09
fakeddit_real_lcc,mcar_control,0.00,louvain,1,21,0.3132431794118209,0.9112186617370746,0.6275532403387196,0.0,nan,nan,0.3260135135135135,nan,nan,nan,nan,,0.09
fakeddit_real_lcc,mcar_control,0.00,kmeans_content,2,6,0.25830026244473203,0.3863484160604629,0.35018573843733986,0.0,nan,nan,0.5641891891891891,nan,nan,nan,nan,,0.17
fakeddit_real_lcc,mcar_control,0.00,louvain,2,21,0.3132431794118209,0.9112186617370746,0.6275532403387196,0.0,nan,nan,0.3260135135135135,nan,nan,nan,nan,,0.09
fakeddit_real_lcc,mcar_control,0.00,kmeans_content,1,6,0.25283335752573743,0.32670839806314667,0.3550885832761748,0.0,nan,nan,0.41385135135135137,nan,nan,nan,nan,,0.17
fakeddit_real_lcc,mcar_control,0.20,nfmcd_robust,0,6,0.18955930892385942,0.7136404828195506,0.34157596293921416,0.05574324324324324,0.22792504048263534,0.3095475283378447,0.3935810810810811,nan,nan,nan,nan,,0.22
fakeddit_real_lcc,mcar_control,0.20,nfmcd_robust,1,6,0.18558940685572178,0.7372311906236263,0.32562744027372253,0.04391891891891892,0.2242126519355346,0.3069488563548742,0.3935810810810811,nan,nan,nan,nan,,0.24
fakeddit_real_lcc,mcar_control,0.20,nfmcd_robust,2,6,0.20026076865576703,0.7304613554809131,0.3603821415600445,0.0472972972972973,0.22027231072318668,0.3041906175062306,0.3935810810810811,nan,nan,nan,nan,,0.25
fakeddit_real_lcc,mcar_control,0.20,spectral_graph+content,0,6,0.5207453422752771,0.6189471073315769,0.6180163824089734,0.05574324324324324,nan,nan,0.7263513513513513,nan,nan,nan,nan,,0.08
fakeddit_real_lcc,mcar_control,0.20,nfmcd_full,0,6,0.17985364112636293,0.7489513837287802,0.34233636906814363,0.05574324324324324,0.3989580680142406,0.42927064760996836,0.3902027027027027,nan,nan,nan,nan,,0.31
fakeddit_real_lcc,mcar_control,0.20,spectral_graph+content,1,6,0.5233165874886836,0.6176052021753438,0.6177850643979677,0.04391891891891892,nan,nan,0.7246621621621622,nan,nan,nan,nan,,0.09
fakeddit_real_lcc,mcar_control,0.20,nfmcd_full,1,6,0.19923167770794636,0.7465731253020059,0.34078813935865204,0.04391891891891892,0.38526843854806686,0.4196879069836468,0.38006756756756754,nan,nan,nan,nan,,0.34
fakeddit_real_lcc,mcar_control,0.20,spectral_graph+content,2,6,0.5161029974867588,0.6182027691330473,0.6158176797065686,0.0472972972972973,nan,nan,0.7246621621621622,nan,nan,nan,nan,,0.09
fakeddit_real_lcc,mcar_control,0.20,nfmcd_full,2,6,0.20413205195256445,0.7638977399945603,0.379586181369429,0.0472972972972973,0.3808416394468567,0.41658914761279964,0.3902027027027027,nan,nan,nan,nan,,0.38
fakeddit_real_lcc,mcar_control,0.20,kmeans_content,0,6,0.12919068742132955,0.15149160121162528,0.278987142327299,0.05574324324324324,nan,nan,0.5101351351351351,nan,nan,nan,nan,,0.14
fakeddit_real_lcc,mcar_control,0.20,kmeans_content,2,6,0.12251897815391444,0.16429941491699268,0.28807896426797536,0.0472972972972973,nan,nan,0.32094594594594594,nan,nan,nan,nan,,0.14
fakeddit_real_lcc,mcar_control,0.20,kmeans_content,1,6,0.1327731355273576,0.19226106774725185,0.308765164876276,0.04391891891891892,nan,nan,0.44763513513513514,nan,nan,nan,nan,,0.17
fakeddit_real_lcc,mcar_control,0.40,nfmcd_full,0,6,0.1725011938134391,0.7372231396590736,0.3192797069155403,0.15202702702702703,0.21049419729090824,0.29734593810363574,0.3935810810810811,nan,nan,nan,nan,,0.17
fakeddit_real_lcc,mcar_control,0.40,nfmcd_full,2,6,0.1733574363446353,0.7326785363185541,0.3224253344731264,0.17736486486486486,0.18622019865258005,0.280354139056806,0.3935810810810811,nan,nan,nan,nan,,0.16
fakeddit_real_lcc,mcar_control,0.40,nfmcd_full,1,6,0.16691309183412972,0.7485897432623775,0.3150493255286582,0.19932432432432431,0.20669344339598703,0.2946854103771909,0.3935810810810811,nan,nan,nan,nan,,0.2
fakeddit_real_lcc,mcar_control,0.40,spectral_graph+content,0,6,0.5206292607084502,0.6182937724325903,0.6177555276095802,0.15202702702702703,nan,nan,0.7246621621621622,nan,nan,nan,nan,,0.09
fakeddit_real_lcc,mcar_control,0.40,nfmcd_robust,0,6,0.17390616195204833,0.7303587042254132,0.3251638553010398,0.15202702702702703,0.1116720445001231,0.22817043115008614,0.3935810810810811,nan,nan,nan,nan,,0.17
fakeddit_real_lcc,mcar_control,0.40,spectral_graph+content,2,6,0.5066934269983112,0.6193292920406183,0.6151192218910152,0.17736486486486486,nan,nan,0.7280405405405406,nan,nan,nan,nan,,0.08
fakeddit_real_lcc,mcar_control,0.40,nfmcd_robust,2,6,0.19751020360808647,0.7269931561904263,0.35417290096959464,0.17736486486486486,0.09891156006092633,0.21923809204264844,0.3935810810810811,nan,nan,nan,nan,,0.16
fakeddit_real_lcc,mcar_control,0.40,spectral_graph+content,1,6,0.5234312119466082,0.6182565083012207,0.6180450134058382,0.19932432432432431,nan,nan,0.7263513513513513,nan,nan,nan,nan,,0.11
fakeddit_real_lcc,mcar_control,0.40,nfmcd_robust,1,6,0.16919742820590988,0.7486918523457532,0.3165138869893646,0.19932432432432431,0.10341747719952293,0.22239223403966604,0.3935810810810811,nan,nan,nan,nan,,0.22
fakeddit_real_lcc,mcar_control,0.40,kmeans_content,2,6,0.015669296719116765,0.06794195577528801,0.2083933308375512,0.17736486486486486,nan,nan,0.2668918918918919,nan,nan,nan,nan,,0.12
fakeddit_real_lcc,mcar_control,0.60,nfmcd_full,0,6,0.1553242069044407,0.7922714028304954,0.3207903723380992,0.3530405405405405,0.08483643003459594,0.20938550102421713,0.3293918918918919,nan,nan,nan,nan,,0.12
fakeddit_real_lcc,mcar_control,0.40,kmeans_content,1,6,0.10311581237152367,0.07731831546864527,0.20586907845325586,0.19932432432432431,nan,nan,0.3766891891891892,nan,nan,nan,nan,,0.14
fakeddit_real_lcc,mcar_control,0.60,nfmcd_full,1,6,0.16685184125456687,0.7699606351556928,0.3151093766305988,0.40202702702702703,0.07071489925534298,0.19950042947874005,0.3935810810810811,nan,nan,nan,nan,,0.12
fakeddit_real_lcc,mcar_control,0.40,kmeans_content,0,6,0.09814476709625697,0.06947081703741739,0.22389114596115722,0.15202702702702703,nan,nan,0.31756756756756754,nan,nan,nan,nan,,0.16
fakeddit_real_lcc,mcar_control,0.60,nfmcd_full,2,6,0.21018071799331817,0.760762119578662,0.3710762258758827,0.3885135135135135,0.06315735534028435,0.19421014873819903,0.3935810810810811,nan,nan,nan,nan,,0.11
fakeddit_real_lcc,mcar_control,0.60,spectral_graph+content,1,6,0.4988771582996282,0.6175087654949442,0.6069683225813495,0.40202702702702703,nan,nan,0.7162162162162162,nan,nan,nan,nan,,0.06
fakeddit_real_lcc,mcar_control,0.60,spectral_graph+content,0,6,0.5208655912229527,0.6193817311616554,0.6182765631649573,0.3530405405405405,nan,nan,0.7280405405405406,nan,nan,nan,nan,,0.06
fakeddit_real_lcc,mcar_control,0.60,nfmcd_robust,2,6,0.20766891791989828,0.7308804195540102,0.3589976624188223,0.3885135135135135,0.035311197587801074,0.17471783831146073,0.3935810810810811,nan,nan,nan,nan,,0.11
fakeddit_real_lcc,mcar_control,0.60,nfmcd_robust,0,6,0.20571498480305572,0.7574350016366019,0.3674934632673583,0.3530405405405405,0.04371826152588365,0.18060278306811856,0.3935810810810811,nan,nan,nan,nan,,0.11
fakeddit_real_lcc,mcar_control,0.60,nfmcd_robust,1,6,0.18992287790384277,0.7327218168115589,0.3477522126164411,0.40202702702702703,0.04275980028369573,0.17993186019858698,0.3935810810810811,nan,nan,nan,nan,,0.12
fakeddit_real_lcc,mcar_control,0.60,spectral_graph+content,2,6,0.5296849877727345,0.5328589070735751,0.6268098643123814,0.3885135135135135,nan,nan,0.7736486486486487,nan,nan,nan,nan,,0.08
fakeddit_real_lcc,mcar_control,0.80,nfmcd_full,2,6,0.21121958670315366,0.7683001310039427,0.3735586469402355,0.6503378378378378,0.009693039367634174,0.15678512755734392,0.3935810810810811,nan,nan,nan,nan,,0.06
fakeddit_real_lcc,mcar_control,0.80,nfmcd_full,1,6,0.16698665182560135,0.7699606351556928,0.31528685197884,0.6503378378378378,0.014392599117315167,0.16007481938212062,0.3935810810810811,nan,nan,nan,nan,,0.08
fakeddit_real_lcc,mcar_control,0.60,kmeans_content,1,6,0.020131962662917502,0.014016315370028228,0.17356516314849646,0.40202702702702703,nan,nan,0.44594594594594594,nan,nan,nan,nan,,0.12
fakeddit_real_lcc,mcar_control,0.60,kmeans_content,0,6,0.09554229671569126,0.03514159163150214,0.23295161670382278,0.3530405405405405,nan,nan,0.44594594594594594,nan,nan,nan,nan,,0.12
fakeddit_real_lcc,mcar_control,0.80,nfmcd_full,0,6,0.21751675123407788,0.7686022433030404,0.37281489798012674,0.6300675675675675,0.010016948805960407,0.1570118641641723,0.3918918918918919,nan,nan,nan,nan,,0.11
fakeddit_real_lcc,mcar_control,0.60,kmeans_content,2,6,0.10345224871372138,0.041905212199115305,0.2606582009192465,0.3885135135135135,nan,nan,0.4831081081081081,nan,nan,nan,nan,,0.14
fakeddit_real_lcc,mcar_control,0.80,nfmcd_robust,0,6,0.21121958670315366,0.7683001310039427,0.37355864694023544,0.6300675675675675,0.008971310589594514,0.15627991741271616,0.3935810810810811,nan,nan,nan,nan,,0.08
fakeddit_real_lcc,mcar_control,0.80,spectral_graph+content,0,6,0.5012096629240615,0.5241496581150032,0.6272133567060578,0.6300675675675675,nan,nan,0.777027027027027,nan,nan,nan,nan,,0.08
fakeddit_real_lcc,mcar_control,0.80,spectral_graph+content,1,6,0.35131046521456033,0.5485390903944461,0.43493192961426935,0.6503378378378378,nan,nan,0.6131756756756757,nan,nan,nan,nan,,0.06
fakeddit_real_lcc,mcar_control,0.80,nfmcd_robust,1,6,0.1971931372004201,0.7410303772511759,0.35731337888919473,0.6503378378378378,0.015288645726661308,0.1607020520086629,0.3935810810810811,nan,nan,nan,nan,,0.11
fakeddit_real_lcc,mcar_control,0.80,nfmcd_robust,2,6,0.2105948863430167,0.7683001310039427,0.37285635163362363,0.6503378378378378,0.008813904847123999,0.1561697333929868,0.3935810810810811,nan,nan,nan,nan,,0.11
fakeddit_real_lcc,mcar_control,0.80,spectral_graph+content,2,6,0.33673242319775665,0.5274661949559314,0.48459372537843004,0.6503378378378378,nan,nan,0.668918918918919,nan,nan,nan,nan,,0.08
fakeddit_real_lcc,mcar_control,0.80,kmeans_content,2,6,0.019585387856355885,0.008709989344160698,0.15914277528600504,0.6503378378378378,nan,nan,0.5304054054054054,nan,nan,nan,nan,,0.09
fakeddit_real_lcc,mcar_control,0.80,kmeans_content,0,6,0.018564856239671412,0.012395587996803504,0.19336259809547307,0.6300675675675675,nan,nan,0.5574324324324325,nan,nan,nan,nan,,0.12
fakeddit_real_lcc,mcar_control,0.80,kmeans_content,1,6,0.023932387051255555,0.009438377188587083,0.2042994123558043,0.6503378378378378,nan,nan,0.5422297297297297,nan,nan,nan,nan,,0.12
fakeddit_real_lcc,by_community,0.20,nfmcd_full,1,6,0.15909658603863686,0.7392296720519749,0.2942766866486735,0.04391891891891892,0.3890887788313369,0.42236214518193577,0.3935810810810811,0.3695090439276486,0.43902439024390244,387.0,205.0,,0.28
fakeddit_real_lcc,by_community,0.20,nfmcd_full,2,6,0.15096056145682457,0.7551247595772694,0.299356682724543,0.057432432432432436,0.38199764697610394,0.4173983528832727,0.3885135135135135,0.36175710594315247,0.43902439024390244,387.0,205.0,,0.3
fakeddit_real_lcc,by_community,0.20,nfmcd_robust,1,6,0.17871421102127305,0.7277701413125586,0.32133915034616545,0.04391891891891892,0.2356679812846638,0.31496758689926463,0.3918918918918919,0.3669250645994832,0.43902439024390244,387.0,205.0,,0.23
fakeddit_real_lcc,by_community,0.20,nfmcd_robust,0,6,0.17299250126565058,0.7286203371608704,0.31758304183078057,0.04222972972972973,0.24727878502988854,0.32309514952092194,0.3918918918918919,0.3669250645994832,0.43902439024390244,387.0,205.0,,0.27
fakeddit_real_lcc,by_community,0.20,nfmcd_full,0,6,0.16416799423691508,0.747361216207971,0.2955146366731733,0.04222972972972973,0.414798815771916,0.44035917104034117,0.30236486486486486,0.2661498708010336,0.37073170731707317,387.0,205.0,,0.34
fakeddit_real_lcc,by_community,0.20,nfmcd_robust,2,6,0.1796443586273515,0.7196576606280235,0.32660263162979103,0.057432432432432436,0.23133375974328807,0.31193363182030165,0.3935810810810811,0.3695090439276486,0.43902439024390244,387.0,205.0,,0.25
fakeddit_real_lcc,by_community,0.20,spectral_graph+content,0,6,0.5141925059303336,0.6178738921864031,0.6164599424019633,0.04222972972972973,nan,nan,0.7263513513513513,0.7906976744186046,0.6048780487804878,387.0,205.0,,0.09
fakeddit_real_lcc,by_community,0.20,spectral_graph+content,1,6,0.5136559302646763,0.6174385804390058,0.6146595213917753,0.04391891891891892,nan,nan,0.7246621621621622,0.7906976744186046,0.6,387.0,205.0,,0.09
fakeddit_real_lcc,by_community,0.20,spectral_graph+content,2,6,0.5282101467983953,0.6194353887125198,0.6205052159312984,0.057432432432432436,nan,nan,0.7297297297297297,0.7932816537467701,0.6097560975609756,387.0,205.0,,0.11
fakeddit_real_lcc,by_community,0.20,kmeans_content,1,6,0.16932654038313966,0.16556616219124573,0.30087395686660273,0.04391891891891892,nan,nan,0.4983108108108108,0.6382428940568475,0.23414634146341465,387.0,205.0,,0.11
fakeddit_real_lcc,by_community,0.20,kmeans_content,2,6,0.1815335386554362,0.17886804627668773,0.3253383378525076,0.057432432432432436,nan,nan,0.40540540540540543,0.40568475452196384,0.40487804878048783,387.0,205.0,,0.16
fakeddit_real_lcc,by_community,0.20,kmeans_content,0,6,0.2025230614537168,0.23404953804544804,0.3160593264615456,0.04222972972972973,nan,nan,0.4206081081081081,0.43410852713178294,0.3951219512195122,387.0,205.0,,0.2
fakeddit_real_lcc,by_community,0.40,nfmcd_full,0,6,0.16998781543023345,0.7843813817812747,0.28300702843510067,0.19763513513513514,0.2589070897164259,0.33123496280149817,0.3125,0.2661498708010336,0.4,387.0,205.0,,0.17
fakeddit_real_lcc,by_community,0.40,nfmcd_full,2,6,0.1643306521252006,0.7699606351556928,0.30798173966480435,0.21283783783783783,0.22208714855884681,0.3054610039911927,0.3935810810810811,0.3695090439276486,0.43902439024390244,387.0,205.0,,0.16
fakeddit_real_lcc,by_community,0.40,spectral_graph+content,0,6,0.3767037126809518,0.6265120641284454,0.44139264990328825,0.19763513513513514,nan,nan,0.5945945945945946,0.6873385012919897,0.4195121951219512,387.0,205.0,,0.08
fakeddit_real_lcc,by_community,0.40,nfmcd_full,1,6,0.16124487287760325,0.7698748961725808,0.3043839860670507,0.23817567567567569,0.2270712014396307,0.3089498410077414,0.3935810810810811,0.3695090439276486,0.43902439024390244,387.0,205.0,,0.22
fakeddit_real_lcc,by_community,0.40,nfmcd_robust,0,6,0.16673794460746294,0.7688751657545525,0.3147224397409789,0.19763513513513514,0.14948191340535777,0.2546373393837504,0.3918918918918919,0.3669250645994832,0.43902439024390244,387.0,205.0,,0.19
fakeddit_real_lcc,by_community,0.40,spectral_graph+content,1,6,0.38783745619899834,0.622400050015087,0.44493874919406834,0.23817567567567569,nan,nan,0.5962837837837838,0.6873385012919897,0.424390243902439,387.0,205.0,,0.08
fakeddit_real_lcc,by_community,0.40,nfmcd_robust,1,6,0.16501106537350974,0.7698748961725808,0.3130321651603383,0.23817567567567569,0.12641385071604322,0.23848969550123023,0.3935810810810811,0.3695090439276486,0.43902439024390244,387.0,205.0,,0.17
fakeddit_real_lcc,by_community,0.40,spectral_graph+content,2,6,0.42967463428379293,0.6896836864057313,0.5424484732664959,0.21283783783783783,nan,nan,0.6418918918918919,0.661498708010336,0.6048780487804878,387.0,205.0,,0.08
fakeddit_real_lcc,by_community,0.40,nfmcd_robust,2,6,0.1690093957476957,0.7520028100606299,0.31638872659200046,0.21283783783783783,0.12799663702875777,0.2395976459201304,0.3935810810810811,0.3695090439276486,0.43902439024390244,387.0,205.0,,0.17
fakeddit_real_lcc,by_community,0.40,kmeans_content,0,6,0.18677698930769748,0.13690433195643764,0.2754383066988983,0.19763513513513514,nan,nan,0.46790540540540543,0.5478036175710594,0.3170731707317073,387.0,205.0,,0.11
fakeddit_real_lcc,by_community,0.40,kmeans_content,1,6,0.14082258455923835,0.09839825331496571,0.3472936609556328,0.23817567567567569,nan,nan,0.5,0.5581395348837209,0.3902439024390244,387.0,205.0,,0.12
fakeddit_real_lcc,by_community,0.40,kmeans_content,2,6,0.134719675741914,0.09687349040771008,0.3200782935751564,0.21283783783783783,nan,nan,0.4814189189189189,0.5684754521963824,0.3170731707317073,387.0,205.0,,0.12
fakeddit_real_lcc,by_community,0.60,nfmcd_full,0,6,0.15510399534109065,0.7910509558896806,0.3008033444286105,0.4375,0.13979353178431184,0.24785547224901824,0.3260135135135135,0.2661498708010336,0.43902439024390244,387.0,205.0,,0.11
fakeddit_real_lcc,by_community,0.60,nfmcd_full,2,6,0.1677258061252973,0.7699606351556928,0.31020308865611296,0.46114864864864863,0.1415179665811455,0.2490625766068018,0.3935810810810811,0.3695090439276486,0.43902439024390244,387.0,205.0,,0.12
fakeddit_real_lcc,by_community,0.60,spectral_graph+content,0,6,0.09535548856359743,0.5347361284999704,0.08971193415637861,0.4375,nan,nan,0.36824324324324326,0.5633074935400517,0.0,387.0,205.0,,0.08
fakeddit_real_lcc,by_community,0.60,nfmcd_full,1,6,0.19289165817346954,0.7874933390073687,0.3021806226516372,0.4594594594594595,0.1494155537996149,0.25459088765973037,0.3141891891891892,0.2661498708010336,0.40487804878048783,387.0,205.0,,0.17
fakeddit_real_lcc,by_community,0.60,nfmcd_robust,0,6,0.16967609437911724,0.7486918523457532,0.31702874531218045,0.4375,0.06425402130944491,0.19497781491661142,0.3935810810810811,0.3695090439276486,0.43902439024390244,387.0,205.0,,0.14
fakeddit_real_lcc,by_community,0.60,spectral_graph+content,1,6,0.2264474235329943,0.5497112898460221,0.26635732909098947,0.4594594594594595,nan,nan,0.5,0.6459948320413437,0.22439024390243903,387.0,205.0,,0.06
fakeddit_real_lcc,by_community,0.60,nfmcd_robust,1,6,0.1663619514654643,0.7699606351556928,0.3145845566722281,0.4594594594594595,0.06832061409477548,0.19782442986634283,0.3935810810810811,0.3695090439276486,0.43902439024390244,387.0,205.0,,0.12
fakeddit_real_lcc,by_community,0.60,nfmcd_robust,2,6,0.16949898159988686,0.7493742721557851,0.31652691726044807,0.46114864864864863,0.07243922381635266,0.2007074566714468,0.3935810810810811,0.3695090439276486,0.43902439024390244,387.0,205.0,,0.12
fakeddit_real_lcc,by_community,0.60,spectral_graph+content,2,6,0.2194628965344091,0.5370977195062839,0.2662385129490393,0.46114864864864863,nan,nan,0.5084459459459459,0.6589147286821705,0.22439024390243903,387.0,205.0,,0.06
fakeddit_real_lcc,by_community,0.60,kmeans_content,1,6,0.14292237597939084,0.10117428535680191,0.39322120715376085,0.4594594594594595,nan,nan,0.6334459459459459,0.7906976744186046,0.33658536585365856,387.0,205.0,,0.12
fakeddit_real_lcc,by_community,0.60,kmeans_content,0,6,0.1614780703081009,0.1346558742000236,0.3974886919250262,0.4375,nan,nan,0.6739864864864865,0.8242894056847545,0.3902439024390244,387.0,205.0,,0.12
fakeddit_real_lcc,by_community,0.80,nfmcd_full,0,6,0.15562884875766292,0.7910509558896806,0.3013754836842433,0.6858108108108109,0.10480251213186523,0.2233617584923056,0.3260135135135135,0.2661498708010336,0.43902439024390244,387.0,205.0,,0.11
fakeddit_real_lcc,by_community,0.60,kmeans_content,2,6,0.2033420826006327,0.16055330285952885,0.4311436939567211,0.46114864864864863,nan,nan,0.6841216216216216,0.8165374677002584,0.43414634146341463,387.0,205.0,,0.11
fakeddit_real_lcc,by_community,0.80,nfmcd_full,2,6,0.1631313862905277,0.7699606351556928,0.310864704144635,0.6891891891891891,0.09731037327585765,0.21811726129310033,0.3935810810810811,0.3695090439276486,0.43902439024390244,387.0,205.0,,0.12
fakeddit_real_lcc,by_community,0.80,nfmcd_full,1,6,0.16093742257378563,0.7699606351556928,0.30833442565971636,0.6858108108108109,0.10205046671885834,0.2214353267032008,0.3935810810810811,0.3695090439276486,0.43902439024390244,387.0,205.0,,0.16
fakeddit_real_lcc,by_community,0.80,spectral_graph+content,0,6,0.11880748754713011,0.6472121841676856,0.08201155701155703,0.6858108108108109,nan,nan,0.2652027027027027,0.40310077519379844,0.004878048780487805,387.0,205.0,,0.06
fakeddit_real_lcc,by_community,0.80,nfmcd_robust,0,6,0.1663619514654643,0.7699606351556928,0.3145845566722282,0.6858108108108109,0.05660323028042249,0.18962226119629574,0.3935810810810811,0.3695090439276486,0.43902439024390244,387.0,205.0,,0.11
fakeddit_real_lcc,by_community,0.80,nfmcd_robust,2,6,0.1663619514654643,0.7699606351556928,0.3145845566722282,0.6891891891891891,0.05603320172366925,0.18922324120656847,0.3935810810810811,0.3695090439276486,0.43902439024390244,387.0,205.0,,0.11
fakeddit_real_lcc,by_community,0.80,spectral_graph+content,1,6,0.1154779337752947,0.6328626253249812,0.07701426024955436,0.6858108108108109,nan,nan,0.2922297297297297,0.4470284237726098,0.0,387.0,205.0,,0.08
fakeddit_real_lcc,by_community,0.80,nfmcd_robust,1,6,0.16561366415018797,0.7699606351556928,0.31371474765292984,0.6858108108108109,0.05916220269704565,0.19141354188793194,0.3935810810810811,0.3695090439276486,0.43902439024390244,387.0,205.0,,0.12
fakeddit_real_lcc,by_community,0.80,spectral_graph+content,2,6,0.11119214583666692,0.6330233589554551,0.08116624133651286,0.6891891891891891,nan,nan,0.2939189189189189,0.4470284237726098,0.004878048780487805,387.0,205.0,,0.08
fakeddit_real_lcc,by_community,0.80,kmeans_content,0,6,0.22304776029408613,0.14763962567457145,0.4133534834786641,0.6858108108108109,nan,nan,0.7652027027027027,1.0,0.32195121951219513,387.0,205.0,,0.12
fakeddit_real_lcc,by_community,0.80,kmeans_content,1,6,0.2551496205484043,0.17922012585832117,0.410028693022827,0.6858108108108109,nan,nan,0.7618243243243243,1.0,0.3121951219512195,387.0,205.0,,0.11
fakeddit_real_lcc,by_community,0.80,kmeans_content,2,6,0.31797979448927105,0.1581674598528246,0.5330681933783142,0.6891891891891891,nan,nan,0.8023648648648649,1.0,0.4292682926829268,387.0,205.0,,0.14
fakeddit_real_lcc,by_degree_low,0.20,nfmcd_full,2,6,0.20498491474102865,0.7631361397351758,0.34660075871620055,0.0625,0.3719047876730465,0.4103333513711325,0.3902027027027027,0.33783783783783783,0.40765765765765766,148.0,444.0,,0.3
fakeddit_real_lcc,by_degree_low,0.20,nfmcd_full,1,6,0.20052235766134863,0.7608259792931523,0.34097567672446294,0.052364864864864864,0.37599293049128407,0.41319505134389883,0.3918918918918919,0.35135135135135137,0.40540540540540543,148.0,444.0,,0.31
fakeddit_real_lcc,by_degree_low,0.20,nfmcd_full,0,6,0.2029720987261594,0.7438530885639564,0.3490722628150516,0.037162162162162164,0.40622617944385025,0.43435832561069515,0.3918918918918919,0.34459459459459457,0.40765765765765766,148.0,444.0,,0.33
fakeddit_real_lcc,by_degree_low,0.20,nfmcd_robust,0,6,0.20267571874923385,0.7277780407021089,0.35006985348399083,0.037162162162162164,0.24946356208751652,0.32462449346126154,0.3935810810810811,0.35135135135135137,0.40765765765765766,148.0,444.0,,0.27
fakeddit_real_lcc,by_degree_low,0.20,nfmcd_robust,2,6,0.2030064600539616,0.7606224781927586,0.3411719194213744,0.0625,0.22127686848423886,0.30489380793896714,0.3935810810810811,0.35135135135135137,0.40765765765765766,148.0,444.0,,0.23
fakeddit_real_lcc,by_degree_low,0.20,nfmcd_robust,1,6,0.2031412706249962,0.7606224781927586,0.3413493947696156,0.052364864864864864,0.22958559766947284,0.31070991836863093,0.3935810810810811,0.35135135135135137,0.40765765765765766,148.0,444.0,,0.26
fakeddit_real_lcc,by_degree_low,0.20,spectral_graph+content,0,6,0.5206292607084502,0.6182937724325903,0.6177555276095802,0.037162162162162164,nan,nan,0.7246621621621622,0.6621621621621622,0.7454954954954955,148.0,444.0,,0.09
fakeddit_real_lcc,by_degree_low,0.20,spectral_graph+content,2,6,0.5161542444646156,0.6187892886049959,0.61798655862392,0.0625,nan,nan,0.7263513513513513,0.668918918918919,0.7454954954954955,148.0,444.0,,0.08
fakeddit_real_lcc,by_degree_low,0.20,spectral_graph+content,1,6,0.5102014086857056,0.6177610854057397,0.6131527211259326,0.052364864864864864,nan,nan,0.7246621621621622,0.6621621621621622,0.7454954954954955,148.0,444.0,,0.09
fakeddit_real_lcc,by_degree_low,0.20,kmeans_content,1,6,0.14927673617907788,0.23296868002226662,0.31052252632443395,0.052364864864864864,nan,nan,0.40878378378378377,0.27702702702702703,0.4527027027027027,148.0,444.0,,0.12
fakeddit_real_lcc,by_degree_low,0.20,kmeans_content,0,6,0.18301001045477328,0.25248186285584723,0.3248219760100374,0.037162162162162164,nan,nan,0.42905405405405406,0.33783783783783783,0.4594594594594595,148.0,444.0,,0.19
fakeddit_real_lcc,by_degree_low,0.20,kmeans_content,2,6,0.17046206318942114,0.2589762162614303,0.3240735076351392,0.0625,nan,nan,0.4206081081081081,0.22972972972972974,0.48423423423423423,148.0,444.0,,0.16
fakeddit_real_lcc,by_degree_low,0.40,nfmcd_full,2,6,0.20418806801716016,0.7571585404917636,0.34179236470761815,0.23310810810810811,0.21464479205601913,0.3002513544392134,0.3935810810810811,0.35135135135135137,0.40765765765765766,148.0,444.0,,0.17
fakeddit_real_lcc,by_degree_low,0.40,nfmcd_full,0,6,0.20542213586582414,0.7405376418970843,0.34491540303759116,0.2195945945945946,0.22653787618687013,0.3085765133308091,0.3935810810810811,0.35135135135135137,0.40765765765765766,148.0,444.0,,0.19
fakeddit_real_lcc,by_degree_low,0.40,nfmcd_full,1,6,0.20229727881153703,0.7532649051482694,0.340103696795546,0.24493243243243243,0.24498876954132348,0.32149213867892645,0.3935810810810811,0.35135135135135137,0.40765765765765766,148.0,444.0,,0.2
fakeddit_real_lcc,by_degree_low,0.40,nfmcd_robust,0,6,0.20507312680819578,0.7538928279151158,0.3427429911942,0.2195945945945946,0.12947400433158912,0.24063180303211235,0.3935810810810811,0.35135135135135137,0.40765765765765766,148.0,444.0,,0.14
fakeddit_real_lcc,by_degree_low,0.40,spectral_graph+content,0,6,0.3524222551198146,0.41518470329327367,0.512022543259974,0.2195945945945946,nan,nan,0.7280405405405406,0.6756756756756757,0.7454954954954955,148.0,444.0,,0.06
fakeddit_real_lcc,by_degree_low,0.40,spectral_graph+content,1,6,0.5134939000608616,0.5396420225184254,0.6204831232168044,0.24493243243243243,nan,nan,0.7652027027027027,0.5540540540540541,0.8355855855855856,148.0,444.0,,0.09
fakeddit_real_lcc,by_degree_low,0.40,nfmcd_robust,1,6,0.20426434732560383,0.7606224781927586,0.34276326994838024,0.24493243243243243,0.13688065507137345,0.24581645854996143,0.3935810810810811,0.35135135135135137,0.40765765765765766,148.0,444.0,,0.19
fakeddit_real_lcc,by_degree_low,0.40,spectral_graph+content,2,6,0.5145161101915168,0.532664144855053,0.6234490644169409,0.23310810810810811,nan,nan,0.7736486486486487,0.5878378378378378,0.8355855855855856,148.0,444.0,,0.11
fakeddit_real_lcc,by_degree_low,0.40,nfmcd_robust,2,6,0.20393735035432703,0.7606224781927586,0.34199384716230624,0.23310810810810811,0.12500461107980465,0.23750322775586322,0.3935810810810811,0.35135135135135137,0.40765765765765766,148.0,444.0,,0.2
fakeddit_real_lcc,by_degree_low,0.40,kmeans_content,0,6,0.13552019929488868,0.16198291747390556,0.25139721717042146,0.2195945945945946,nan,nan,0.39864864864864863,0.34459459459459457,0.4166666666666667,148.0,444.0,,0.12
fakeddit_real_lcc,by_degree_low,0.40,kmeans_content,1,6,0.13850463249683598,0.19208448869921493,0.2496855278613992,0.24493243243243243,nan,nan,0.3918918918918919,0.32432432432432434,0.4144144144144144,148.0,444.0,,0.12
fakeddit_real_lcc,by_degree_low,0.40,kmeans_content,2,6,0.13698919387370767,0.19397489715082253,0.24655549948220878,0.23310810810810811,nan,nan,0.38344594594594594,0.36486486486486486,0.38963963963963966,148.0,444.0,,0.12
fakeddit_real_lcc,by_degree_low,0.60,nfmcd_full,0,6,0.20493711216432375,0.7571585404917636,0.34261230376480545,0.46283783783783783,0.15635163842445535,0.2594461468971187,0.3935810810810811,0.35135135135135137,0.40765765765765766,148.0,444.0,,0.12
fakeddit_real_lcc,by_degree_low,0.60,nfmcd_full,2,6,0.20904039950670072,0.7479560781348616,0.3544134418863661,0.46283783783783783,0.1521256938264049,0.25648798567848335,0.3935810810810811,0.35135135135135137,0.40765765765765766,148.0,444.0,,0.14
fakeddit_real_lcc,by_degree_low,0.60,nfmcd_full,1,6,0.20906700750681195,0.7479560781348616,0.35531245829561414,0.44763513513513514,0.1697053063097455,0.26879371441682187,0.3935810810810811,0.35135135135135137,0.40765765765765766,148.0,444.0,,0.16
fakeddit_real_lcc,by_degree_low,0.60,spectral_graph+content,0,6,0.0590795354214686,0.03922807701656455,0.22192284878684898,0.46283783783783783,nan,nan,0.625,0.5202702702702703,0.6599099099099099,148.0,444.0,,0.06
fakeddit_real_lcc,by_degree_low,0.60,nfmcd_robust,0,6,0.20426434732560383,0.7606224781927586,0.34276326994838024,0.46283783783783783,0.07934891024157396,0.20554423716910175,0.3935810810810811,0.35135135135135137,0.40765765765765766,148.0,444.0,,0.16
fakeddit_real_lcc,by_degree_low,0.60,nfmcd_robust,2,6,0.2048890476857408,0.7606224781927586,0.3434655652549921,0.46283783783783783,0.07570386372091949,0.2029927046046436,0.3935810810810811,0.35135135135135137,0.40765765765765766,148.0,444.0,,0.12
fakeddit_real_lcc,by_degree_low,0.60,spectral_graph+content,1,6,0.05326491126186694,0.05244347007369035,0.1804718232535877,0.44763513513513514,nan,nan,0.5929054054054054,0.3918918918918919,0.6599099099099099,148.0,444.0,,0.08
fakeddit_real_lcc,by_degree_low,0.60,nfmcd_robust,1,6,0.20426434732560383,0.7606224781927586,0.34276326994838024,0.44763513513513514,0.08711707200777885,0.21098195040544518,0.3935810810810811,0.35135135135135137,0.40765765765765766,148.0,444.0,,0.2
fakeddit_real_lcc,by_degree_low,0.60,spectral_graph+content,2,6,0.048140049259617346,0.07623060159150714,0.12491261918742835,0.46283783783783783,nan,nan,0.5523648648648649,0.22972972972972974,0.6599099099099099,148.0,444.0,,0.09
fakeddit_real_lcc,by_degree_low,0.60,kmeans_content,1,6,0.13118553942509015,0.16151539020868158,0.2605975140104208,0.44763513513513514,nan,nan,0.4391891891891892,0.6216216216216216,0.3783783783783784,148.0,444.0,,0.11
fakeddit_real_lcc,by_degree_low,0.60,kmeans_content,0,6,0.13072800073973334,0.17269230352623735,0.23964879665366665,0.46283783783783783,nan,nan,0.4358108108108108,0.6216216216216216,0.3738738738738739,148.0,444.0,,0.12
fakeddit_real_lcc,by_degree_low,0.60,kmeans_content,2,6,0.13306305712492827,0.17927365515341429,0.24597271470013238,0.46283783783783783,nan,nan,0.4527027027027027,0.6283783783783784,0.39414414414414417,148.0,444.0,,0.12
fakeddit_real_lcc,by_degree_low,0.80,nfmcd_full,0,6,0.21020655218333406,0.7507243040640721,0.35791158462501516,0.5996621621621622,0.13012857902027872,0.24109000531419505,0.3935810810810811,0.35135135135135137,0.40765765765765766,148.0,444.0,,0.16
fakeddit_real_lcc,by_degree_low,0.80,nfmcd_full,1,6,0.20437989741319873,0.7681450289677902,0.34243723969277257,0.5827702702702703,0.11984750739434459,0.2338932551760412,0.3935810810810811,0.35135135135135137,0.40765765765765766,148.0,444.0,,0.16
fakeddit_real_lcc,by_degree_low,0.80,nfmcd_full,2,6,0.20524552230017556,0.7606224781927586,0.3422504774038139,0.6013513513513513,0.11626714376766246,0.23138700063736373,0.3935810810810811,0.35135135135135137,0.40765765765765766,148.0,444.0,,0.16
fakeddit_real_lcc,by_degree_low,0.80,nfmcd_robust,0,6,0.20426434732560383,0.7606224781927586,0.3427632699483803,0.5996621621621622,0.06521494929502376,0.1956504645065166,0.3935810810810811,0.35135135135135137,0.40765765765765766,148.0,444.0,,0.16
fakeddit_real_lcc,by_degree_low,0.80,spectral_graph+content,0,6,0.13212856965158815,0.21393200235790072,0.2505638665132336,0.5996621621621622,nan,nan,0.6097972972972973,0.20270270270270271,0.7454954954954955,148.0,444.0,,0.08
fakeddit_real_lcc,by_degree_low,0.80,spectral_graph+content,1,6,0.13212856965158815,0.21393200235790072,0.2505638665132336,0.5827702702702703,nan,nan,0.6097972972972973,0.20270270270270271,0.7454954954954955,148.0,444.0,,0.06
fakeddit_real_lcc,by_degree_low,0.80,nfmcd_robust,2,6,0.2073554553952408,0.7288815708477709,0.354658169095891,0.6013513513513513,0.06273226153772994,0.19391258307641093,0.3935810810810811,0.35135135135135137,0.40765765765765766,148.0,444.0,,0.12
fakeddit_real_lcc,by_degree_low,0.80,spectral_graph+content,2,6,0.13212856965158815,0.21393200235790072,0.2505638665132336,0.6013513513513513,nan,nan,0.6097972972972973,0.20270270270270271,0.7454954954954955,148.0,444.0,,0.08
fakeddit_real_lcc,by_degree_low,0.80,nfmcd_robust,1,6,0.2068831318093003,0.7285878709613088,0.35479269226561644,0.5827702702702703,0.06116700410437657,0.19281690287306355,0.3935810810810811,0.35135135135135137,0.40765765765765766,148.0,444.0,,0.2
fakeddit_real_lcc,by_degree_low,0.80,kmeans_content,0,6,0.05305903502019582,0.17482068473167864,0.16181814641633588,0.5996621621621622,nan,nan,0.46621621621621623,0.6351351351351351,0.4099099099099099,148.0,444.0,,0.08
fakeddit_real_lcc,by_degree_low,0.80,kmeans_content,2,6,0.13358219896036494,0.16748573717120777,0.25776183399770697,0.6013513513513513,nan,nan,0.5168918918918919,0.6351351351351351,0.4774774774774775,148.0,444.0,,0.11
fakeddit_real_lcc,by_degree_low,0.80,kmeans_content,1,6,0.14235531868298712,0.15989287308446654,0.24987229957972887,0.5827702702702703,nan,nan,0.48986486486486486,0.6351351351351351,0.44144144144144143,148.0,444.0,,0.16
fakeddit_real_lcc,by_degree_high,0.20,nfmcd_full,2,6,0.16107983338246257,0.7186218087209517,0.32772457964494867,0.057432432432432436,0.3782553536229196,0.4147787475360437,0.3733108108108108,0.27702702702702703,0.40540540540540543,148.0,444.0,,0.3
fakeddit_real_lcc,by_degree_high,0.20,nfmcd_robust,0,6,0.17893010205452575,0.7281208975278245,0.31945581850303534,0.0625,0.22910984731456,0.310376893120192,0.3935810810810811,0.2972972972972973,0.42567567567567566,148.0,444.0,,0.27
fakeddit_real_lcc,by_degree_high,0.20,nfmcd_full,1,6,0.1454745211158157,0.6925611396136243,0.33504107373869224,0.052364864864864864,0.39501755501834007,0.42651228851283796,0.3902027027027027,0.5067567567567568,0.35135135135135137,148.0,444.0,,0.33
fakeddit_real_lcc,by_degree_high,0.20,nfmcd_full,0,6,0.163867591066432,0.7825678568347518,0.31011731627748246,0.0625,0.4037719654661451,0.4326403758263015,0.3277027027027027,0.20945945945945946,0.36711711711711714,148.0,444.0,,0.34
fakeddit_real_lcc,by_degree_high,0.20,nfmcd_robust,1,6,0.16824873977218702,0.7549104966517024,0.3127837997707888,0.052364864864864864,0.22172501252880722,0.30520750877016506,0.3935810810810811,0.2972972972972973,0.42567567567567566,148.0,444.0,,0.28
fakeddit_real_lcc,by_degree_high,0.20,spectral_graph+content,0,6,0.5178401411163357,0.6180382402977045,0.6164633006077607,0.0625,nan,nan,0.7263513513513513,0.7702702702702703,0.7117117117117117,148.0,444.0,,0.08
fakeddit_real_lcc,by_degree_high,0.20,spectral_graph+content,1,6,0.5234312119466082,0.6182565083012207,0.6180450134058382,0.052364864864864864,nan,nan,0.7263513513513513,0.7702702702702703,0.7117117117117117,148.0,444.0,,0.08
fakeddit_real_lcc,by_degree_high,0.20,spectral_graph+content,2,6,0.5226564468597222,0.6179770448053725,0.6182437507824563,0.057432432432432436,nan,nan,0.7263513513513513,0.7702702702702703,0.7117117117117117,148.0,444.0,,0.08
fakeddit_real_lcc,by_degree_high,0.20,nfmcd_robust,2,6,0.18658169615446663,0.7269288650701597,0.34933459802587546,0.057432432432432436,0.2165242512418922,0.3015669758693245,0.3935810810810811,0.2972972972972973,0.42567567567567566,148.0,444.0,,0.3
fakeddit_real_lcc,by_degree_high,0.20,kmeans_content,0,6,0.09990841473595902,0.18227646088832675,0.305978573925438,0.0625,nan,nan,0.4594594594594595,0.36486486486486486,0.49099099099099097,148.0,444.0,,0.19
fakeddit_real_lcc,by_degree_high,0.20,kmeans_content,2,6,0.11941706783347561,0.15874729836505025,0.3304139217252633,0.057432432432432436,nan,nan,0.34966216216216217,0.22297297297297297,0.3918918918918919,148.0,444.0,,0.12
fakeddit_real_lcc,by_degree_high,0.20,kmeans_content,1,6,0.11417011175551695,0.16680356804291058,0.3008189013199432,0.052364864864864864,nan,nan,0.4391891891891892,0.36486486486486486,0.46396396396396394,148.0,444.0,,0.17
fakeddit_real_lcc,by_degree_high,0.40,nfmcd_full,0,6,0.1404363073663666,0.7910509558896806,0.31536796700603636,0.20608108108108109,0.2502689087826167,0.32518823614783166,0.3260135135135135,0.20945945945945946,0.36486486486486486,148.0,444.0,,0.19
fakeddit_real_lcc,by_degree_high,0.40,nfmcd_full,1,6,0.15479356175290315,0.7953085461332686,0.3203578375756171,0.23986486486486486,0.24699139294517858,0.322893975061625,0.35135135135135137,0.527027027027027,0.2927927927927928,148.0,444.0,,0.19
fakeddit_real_lcc,by_degree_high,0.40,nfmcd_full,2,6,0.15412133800982342,0.7763153355157569,0.3361221696076877,0.22972972972972974,0.21300256127818934,0.29910179289473254,0.3260135135135135,0.20945945945945946,0.36486486486486486,148.0,444.0,,0.2
fakeddit_real_lcc,by_degree_high,0.40,spectral_graph+content,0,6,0.3705792723127799,0.6264056293276923,0.43431925853696973,0.20608108108108109,nan,nan,0.5878378378378378,0.6418918918918919,0.5698198198198198,148.0,444.0,,0.08
fakeddit_real_lcc,by_degree_high,0.40,spectral_graph+content,1,6,0.3452998085115182,0.6263487129142754,0.4754395710590164,0.23986486486486486,nan,nan,0.6165540540540541,0.6959459459459459,0.5900900900900901,148.0,444.0,,0.06
fakeddit_real_lcc,by_degree_high,0.40,nfmcd_robust,1,6,0.16618512723638523,0.7623312240039397,0.31526156902335106,0.23986486486486486,0.1182914577211474,0.23280402040480316,0.3935810810810811,0.2972972972972973,0.42567567567567566,148.0,444.0,,0.16
fakeddit_real_lcc,by_degree_high,0.40,nfmcd_robust,0,6,0.17018049681666458,0.7660468170176427,0.3151694589012924,0.20608108108108109,0.11908367240136572,0.23335857068095597,0.3935810810810811,0.2972972972972973,0.42567567567567566,148.0,444.0,,0.16
fakeddit_real_lcc,by_degree_high,0.40,spectral_graph+content,2,6,0.3489325099352176,0.626072554919442,0.4776376960320646,0.22972972972972974,nan,nan,0.6182432432432432,0.6959459459459459,0.5923423423423423,148.0,444.0,,0.08
fakeddit_real_lcc,by_degree_high,0.40,nfmcd_robust,2,6,0.1723657606570581,0.7376741802278781,0.32370876207150207,0.22972972972972974,0.10171858801311924,0.22120301160918343,0.3935810810810811,0.2972972972972973,0.42567567567567566,148.0,444.0,,0.17
fakeddit_real_lcc,by_degree_high,0.40,kmeans_content,1,6,0.02692481633085997,0.06978628542615331,0.2408500473948374,0.23986486486486486,nan,nan,0.4375,0.3581081081081081,0.46396396396396394,148.0,444.0,,0.12
fakeddit_real_lcc,by_degree_high,0.40,kmeans_content,0,6,0.024484014958636502,0.09502959216262094,0.16315539150760675,0.20608108108108109,nan,nan,0.3327702702702703,0.4391891891891892,0.2972972972972973,148.0,444.0,,0.12
fakeddit_real_lcc,by_degree_high,0.60,nfmcd_full,0,6,0.16748068341307742,0.7699606351556928,0.31595715429380755,0.44256756756756754,0.15481207505824446,0.258368452540771,0.3935810810810811,0.2972972972972973,0.42567567567567566,148.0,444.0,,0.16
fakeddit_real_lcc,by_degree_high,0.40,kmeans_content,2,6,0.018976814302823497,0.08629229599878954,0.23725348885365127,0.22972972972972974,nan,nan,0.2989864864864865,0.14864864864864866,0.3490990990990991,148.0,444.0,,0.17
fakeddit_real_lcc,by_degree_high,0.60,nfmcd_full,1,6,0.16713476410412165,0.7699606351556928,0.3184863850545922,0.46114864864864863,0.16395896777692612,0.2647712774438482,0.3935810810810811,0.2972972972972973,0.42567567567567566,148.0,444.0,,0.16
fakeddit_real_lcc,by_degree_high,0.60,nfmcd_full,2,6,0.16762352532827385,0.7699606351556928,0.3109981266235122,0.4594594594594595,0.138289834162819,0.24680288391397323,0.3935810810810811,0.2972972972972973,0.42567567567567566,148.0,444.0,,0.16
fakeddit_real_lcc,by_degree_high,0.60,spectral_graph+content,0,6,0.2041664617569735,0.6191673516399325,0.3036390711526828,0.44256756756756754,nan,nan,0.48986486486486486,0.49324324324324326,0.48873873873873874,148.0,444.0,,0.05
fakeddit_real_lcc,by_degree_high,0.60,nfmcd_robust,0,6,0.16622714089442991,0.7699606351556928,0.3144070813239869,0.44256756756756754,0.06242335351364642,0.19369634745955247,0.3935810810810811,0.2972972972972973,0.42567567567567566,148.0,444.0,,0.14
fakeddit_real_lcc,by_degree_high,0.60,spectral_graph+content,1,6,0.2611796821492467,0.693501522588389,0.423106974253259,0.46114864864864863,nan,nan,0.5709459459459459,0.5878378378378378,0.5653153153153153,148.0,444.0,,0.06
fakeddit_real_lcc,by_degree_high,0.60,nfmcd_robust,1,6,0.16534673180186688,0.7699606351556928,0.3133635999996239,0.46114864864864863,0.07450148686602191,0.20215104080621532,0.3935810810810811,0.2972972972972973,0.42567567567567566,148.0,444.0,,0.17
fakeddit_real_lcc,by_degree_high,0.60,spectral_graph+content,2,6,0.33739185583429354,0.6252773924566323,0.48891839005773274,0.4594594594594595,nan,nan,0.6385135135135135,0.6216216216216216,0.6441441441441441,148.0,444.0,,0.09
fakeddit_real_lcc,by_degree_high,0.60,kmeans_content,0,6,0.025965878225800543,0.09887542891207593,0.19568875106655362,0.44256756756756754,nan,nan,0.46621621621621623,0.6081081081081081,0.4189189189189189,148.0,444.0,,0.11
fakeddit_real_lcc,by_degree_high,0.60,nfmcd_robust,2,6,0.16687275517849742,0.7660511369052122,0.3148999150892202,0.4594594594594595,0.06147405851584719,0.193031840961093,0.3935810810810811,0.2972972972972973,0.42567567567567566,148.0,444.0,,0.19
fakeddit_real_lcc,by_degree_high,0.60,kmeans_content,2,6,0.033482735240485284,0.07425430258178527,0.17697578530911864,0.4594594594594595,nan,nan,0.4543918918918919,0.6013513513513513,0.40540540540540543,148.0,444.0,,0.11
fakeddit_real_lcc,by_degree_high,0.60,kmeans_content,1,6,0.03413154326822754,0.0804779080541605,0.2235306142047715,0.46114864864864863,nan,nan,0.46452702702702703,0.6013513513513513,0.4189189189189189,148.0,444.0,,0.12
fakeddit_real_lcc,by_degree_high,0.80,nfmcd_full,1,6,0.16753444417962648,0.7699606351556928,0.31681220424893985,0.5996621621621622,0.10763831188664451,0.22534681832065112,0.3935810810810811,0.2972972972972973,0.42567567567567566,148.0,444.0,,0.11
fakeddit_real_lcc,by_degree_high,0.80,nfmcd_full,2,6,0.16941284079078223,0.7699606351556928,0.3121636020602884,0.6148648648648649,0.10568900639787535,0.22398230447851272,0.3935810810810811,0.2972972972972973,0.42567567567567566,148.0,444.0,,0.09
fakeddit_real_lcc,by_degree_high,0.80,nfmcd_full,0,6,0.16647945029678923,0.7699606351556928,0.3203557621403239,0.5878378378378378,0.1225169634693244,0.235761874428527,0.3935810810810811,0.2972972972972973,0.42567567567567566,148.0,444.0,,0.17
fakeddit_real_lcc,by_degree_high,0.80,nfmcd_robust,0,6,0.16534673180186688,0.7699606351556928,0.3133635999996239,0.5878378378378378,0.05511761162210006,0.18858232813547002,0.3935810810810811,0.2972972972972973,0.42567567567567566,148.0,444.0,,0.12
fakeddit_real_lcc,by_degree_high,0.80,spectral_graph+content,0,6,0.3636134504755457,0.6264016883776289,0.43211479570599964,0.5878378378378378,nan,nan,0.5861486486486487,0.6824324324324325,0.5540540540540541,148.0,444.0,,0.08
fakeddit_real_lcc,by_degree_high,0.80,nfmcd_robust,1,6,0.16609322992816122,0.7699606351556928,0.3142308782004642,0.5996621621621622,0.04862874071758332,0.18404011850230834,0.3935810810810811,0.2972972972972973,0.42567567567567566,148.0,444.0,,0.12
fakeddit_real_lcc,by_degree_high,0.80,spectral_graph+content,1,6,0.27777673623910604,0.6882957957256806,0.4211641047898358,0.5996621621621622,nan,nan,0.5675675675675675,0.5675675675675675,0.5675675675675675,148.0,444.0,,0.08
fakeddit_real_lcc,by_degree_high,0.80,spectral_graph+content,2,6,0.2774783034256929,0.6937345166863732,0.4204814321206523,0.6148648648648649,nan,nan,0.5675675675675675,0.47297297297297297,0.5990990990990991,148.0,444.0,,0.08
fakeddit_real_lcc,by_degree_high,0.80,nfmcd_robust,2,6,0.16574847472122256,0.7699606351556928,0.3138922230011711,0.6148648648648649,0.05086124147568799,0.18560286903298157,0.3935810810810811,0.2972972972972973,0.42567567567567566,148.0,444.0,,0.17
fakeddit_real_lcc,by_degree_high,0.80,kmeans_content,0,6,0.04859225053262206,0.12336895823934954,0.18162686911799977,0.5878378378378378,nan,nan,0.5101351351351351,0.6081081081081081,0.4774774774774775,148.0,444.0,,0.09
fakeddit_real_lcc,by_degree_high,0.80,kmeans_content,1,6,0.03887161141687767,0.07509085085006938,0.2406807213548158,0.5996621621621622,nan,nan,0.5253378378378378,0.6081081081081081,0.49774774774774777,148.0,444.0,,0.12
fakeddit_real_lcc,by_degree_high,0.80,kmeans_content,2,6,0.03157819387396854,0.07427596031771092,0.24979065279590618,0.6148648648648649,nan,nan,0.5337837837837838,0.6081081081081081,0.509009009009009,148.0,444.0,,0.14
fakeddit_real_lcc,by_typical,0.20,nfmcd_robust,0,6,0.18901659584954955,0.7282629699435748,0.34960485604196295,0.05912162162162162,0.23297051729551893,0.3130793621068632,0.3935810810810811,0.2702702702702703,0.4346846846846847,148.0,444.0,,0.25
fakeddit_real_lcc,by_typical,0.20,nfmcd_full,2,6,0.21452720334468378,0.738483299250528,0.3932824723949755,0.05574324324324324,0.39219097107882733,0.42453367975517914,0.4239864864864865,0.43243243243243246,0.42117117117117114,148.0,444.0,,0.3
fakeddit_real_lcc,by_typical,0.20,nfmcd_full,1,6,0.2122789480162044,0.7538091993224225,0.3806232708969804,0.05574324324324324,0.39149187671900193,0.4240443137033013,0.3935810810810811,0.4189189189189189,0.38513513513513514,148.0,444.0,,0.33
fakeddit_real_lcc,by_typical,0.20,nfmcd_full,0,6,0.1432476169148127,0.70134124405603,0.33156733548496786,0.05912162162162162,0.40858152789525104,0.4360070695266757,0.4341216216216216,0.4594594594594595,0.42567567567567566,148.0,444.0,,0.36
fakeddit_real_lcc,by_typical,0.20,spectral_graph+content,0,6,0.5159912082523116,0.6175515329648639,0.615557846972509,0.05912162162162162,nan,nan,0.722972972972973,0.6418918918918919,0.75,148.0,444.0,,0.08
fakeddit_real_lcc,by_typical,0.20,nfmcd_robust,1,6,0.20936486764966045,0.732669675010719,0.36278705632506614,0.05574324324324324,0.2160681887442434,0.3012477321209704,0.3935810810810811,0.2702702702702703,0.4346846846846847,148.0,444.0,,0.28
fakeddit_real_lcc,by_typical,0.20,spectral_graph+content,1,6,0.5234312119466082,0.6182565083012207,0.6180450134058382,0.05574324324324324,nan,nan,0.7263513513513513,0.6486486486486487,0.7522522522522522,148.0,444.0,,0.11
fakeddit_real_lcc,by_typical,0.20,nfmcd_robust,2,6,0.20496011097535538,0.7534320923759628,0.36729055758529405,0.05574324324324324,0.21870689510542282,0.303094826573796,0.3935810810810811,0.2702702702702703,0.4346846846846847,148.0,444.0,,0.33
fakeddit_real_lcc,by_typical,0.20,spectral_graph+content,2,6,0.5208945302295969,0.6181421857705329,0.6175987683179517,0.05574324324324324,nan,nan,0.7246621621621622,0.6418918918918919,0.7522522522522522,148.0,444.0,,0.09
fakeddit_real_lcc,by_typical,0.20,kmeans_content,2,6,0.033880839945062746,0.09136920159884579,0.13714274788100292,0.05574324324324324,nan,nan,0.4780405405405405,0.19594594594594594,0.5720720720720721,148.0,444.0,,0.19
fakeddit_real_lcc,by_typical,0.20,kmeans_content,1,6,0.08861013828130004,0.1578672072624108,0.2626971964361929,0.05574324324324324,nan,nan,0.5202702702702703,0.36486486486486486,0.5720720720720721,148.0,444.0,,0.19
fakeddit_real_lcc,by_typical,0.20,kmeans_content,0,6,0.05364269137987687,0.1728197431244442,0.17892269828292232,0.05912162162162162,nan,nan,0.3885135135135135,0.24324324324324326,0.4369369369369369,148.0,444.0,,0.24
fakeddit_real_lcc,by_typical,0.40,nfmcd_full,2,6,0.21315195218732952,0.7679716796332668,0.37539057240651447,0.21621621621621623,0.2196705220654962,0.3037693654458473,0.3935810810810811,0.2702702702702703,0.4346846846846847,148.0,444.0,,0.2
fakeddit_real_lcc,by_typical,0.40,nfmcd_full,1,6,0.20904281599575558,0.733315139669194,0.36400427254887346,0.2179054054054054,0.22849634425838378,0.3099474409808686,0.3935810810810811,0.2702702702702703,0.4346846846846847,148.0,444.0,,0.22
fakeddit_real_lcc,by_typical,0.40,nfmcd_full,0,6,0.213040355981025,0.7641117464085848,0.3668553105312659,0.22297297297297297,0.24749836682042736,0.3232488567742991,0.3935810810810811,0.2702702702702703,0.4346846846846847,148.0,444.0,,0.27
fakeddit_real_lcc,by_typical,0.40,spectral_graph+content,1,6,0.5059881854674436,0.6167483720057714,0.6086728353969734,0.2179054054054054,nan,nan,0.714527027027027,0.6148648648648649,0.7477477477477478,148.0,444.0,,0.08
fakeddit_real_lcc,by_typical,0.40,spectral_graph+content,0,6,0.4988771582996282,0.6175087654949442,0.6069683225813495,0.22297297297297297,nan,nan,0.7162162162162162,0.6283783783783784,0.7454954954954955,148.0,444.0,,0.11
fakeddit_real_lcc,by_typical,0.40,nfmcd_robust,0,6,0.19250643742539464,0.7392272818307826,0.33494779498549176,0.22297297297297297,0.12380923987713187,0.23666646791399226,0.3935810810810811,0.2702702702702703,0.4346846846846847,148.0,444.0,,0.2
fakeddit_real_lcc,by_typical,0.40,nfmcd_robust,2,6,0.21400068572669828,0.7679716796332668,0.37620306548453947,0.21621621621621623,0.10129264857344346,0.22090485400141044,0.3935810810810811,0.2702702702702703,0.4346846846846847,148.0,444.0,,0.19
fakeddit_real_lcc,by_typical,0.40,nfmcd_robust,1,6,0.18863296432598498,0.7360332175918274,0.33102529550302634,0.2179054054054054,0.11148479451298733,0.22803935615909113,0.3935810810810811,0.2702702702702703,0.4346846846846847,148.0,444.0,,0.2
fakeddit_real_lcc,by_typical,0.40,spectral_graph+content,2,6,0.50982219896897,0.6179356998085527,0.6139047777936667,0.21621621621621623,nan,nan,0.722972972972973,0.6486486486486487,0.7477477477477478,148.0,444.0,,0.08
fakeddit_real_lcc,by_typical,0.40,kmeans_content,0,6,0.016851203262136183,0.050141191531793784,0.19589546981622527,0.22297297297297297,nan,nan,0.28716216216216217,0.22297297297297297,0.30855855855855857,148.0,444.0,,0.14
fakeddit_real_lcc,by_typical,0.40,kmeans_content,1,6,0.012752119317465338,0.050553994391328454,0.23804156856723346,0.2179054054054054,nan,nan,0.4375,0.3581081081081081,0.46396396396396394,148.0,444.0,,0.14
fakeddit_real_lcc,by_typical,0.60,nfmcd_full,2,6,0.2098943576853478,0.7679716796332668,0.37600171020163603,0.4527027027027027,0.1293788676851753,0.24056520737962267,0.3935810810810811,0.2702702702702703,0.4346846846846847,148.0,444.0,,0.12
fakeddit_real_lcc,by_typical,0.40,kmeans_content,2,6,0.017523971521250292,0.032483339196371024,0.15074767274389836,0.21621621621621623,nan,nan,0.23986486486486486,0.22297297297297297,0.24549549549549549,148.0,444.0,,0.16
fakeddit_real_lcc,by_typical,0.60,nfmcd_full,0,6,0.2084892289761231,0.7641117464085848,0.37378011596458194,0.44425675675675674,0.1585478155115387,0.26098347085807705,0.3935810810810811,0.2702702702702703,0.4346846846846847,148.0,444.0,,0.19
fakeddit_real_lcc,by_typical,0.60,nfmcd_full,1,6,0.20887539277145306,0.76045003830825,0.3735910101659141,0.4510135135135135,0.1383190931105515,0.24682336517738598,0.3935810810810811,0.2702702702702703,0.4346846846846847,148.0,444.0,,0.2
fakeddit_real_lcc,by_typical,0.60,spectral_graph+content,0,6,0.498977449584339,0.6179417569788426,0.6072276876294468,0.44425675675675674,nan,nan,0.7179054054054054,0.6351351351351351,0.7454954954954955,148.0,444.0,,0.09
fakeddit_real_lcc,by_typical,0.60,spectral_graph+content,1,6,0.5062844990949442,0.6179956185729795,0.6094532861774241,0.4510135135135135,nan,nan,0.7195945945945946,0.6351351351351351,0.7477477477477478,148.0,444.0,,0.06
fakeddit_real_lcc,by_typical,0.60,nfmcd_robust,1,6,0.18918931529569238,0.740940872212234,0.3311873772605254,0.4510135135135135,0.05772602570122094,0.19040821799085464,0.3935810810810811,0.2702702702702703,0.4346846846846847,148.0,444.0,,0.14
fakeddit_real_lcc,by_typical,0.60,nfmcd_robust,0,6,0.20488060997607427,0.7451255898584943,0.34786797947669035,0.44425675675675674,0.07171744500523478,0.20020221150366432,0.3935810810810811,0.2702702702702703,0.4346846846846847,148.0,444.0,,0.17
fakeddit_real_lcc,by_typical,0.60,spectral_graph+content,2,6,0.49043712051066524,0.6181067405391927,0.6051814581465033,0.4527027027027027,nan,nan,0.7162162162162162,0.6351351351351351,0.7432432432432432,148.0,444.0,,0.09
fakeddit_real_lcc,by_typical,0.60,nfmcd_robust,2,6,0.2058828076562349,0.730826453023333,0.35420010036745103,0.4527027027027027,0.05463834561666185,0.18824684193166327,0.3935810810810811,0.2702702702702703,0.4346846846846847,148.0,444.0,,0.2
fakeddit_real_lcc,by_typical,0.60,kmeans_content,0,6,0.03378616941060231,0.03951590045677826,0.16943338342750627,0.44425675675675674,nan,nan,0.41385135135135137,0.5337837837837838,0.3738738738738739,148.0,444.0,,0.11
fakeddit_real_lcc,by_typical,0.80,nfmcd_full,0,6,0.21009146829237324,0.76045003830825,0.37496592632956266,0.5692567567567568,0.10260557797387843,0.2218239045817149,0.3935810810810811,0.2702702702702703,0.4346846846846847,148.0,444.0,,0.14
fakeddit_real_lcc,by_typical,0.60,kmeans_content,1,6,0.027390975642764825,0.029976964913686625,0.1881472922739175,0.4510135135135135,nan,nan,0.40878378378378377,0.5337837837837838,0.36711711711711714,148.0,444.0,,0.17
fakeddit_real_lcc,by_typical,0.60,kmeans_content,2,6,0.028349414223313607,0.03829705671310473,0.1977367098571924,0.4527027027027027,nan,nan,0.42905405405405406,0.5472972972972973,0.38963963963963966,148.0,444.0,,0.17
fakeddit_real_lcc,by_typical,0.80,nfmcd_full,2,6,0.2249849181288428,0.78696125245072,0.407715957338046,0.5878378378378378,0.08732340236479658,0.21112638165535758,0.4543918918918919,0.4594594594594595,0.4527027027027027,148.0,444.0,,0.12
fakeddit_real_lcc,by_typical,0.80,nfmcd_full,1,6,0.2042251424805125,0.7364971128868005,0.3497458758909296,0.5929054054054054,0.09107976773633238,0.21375583741543264,0.3935810810810811,0.2702702702702703,0.4346846846846847,148.0,444.0,,0.17
fakeddit_real_lcc,by_typical,0.80,nfmcd_robust,0,6,0.2048754067934322,0.7358563878620556,0.34658832564984365,0.5692567567567568,0.045304238560740694,0.18171296699251846,0.3935810810810811,0.2702702702702703,0.4346846846846847,148.0,444.0,,0.12
fakeddit_real_lcc,by_typical,0.80,spectral_graph+content,1,6,0.3184646197063936,0.6128130593664134,0.3925346383764234,0.5929054054054054,nan,nan,0.6283783783783784,0.5675675675675675,0.6486486486486487,148.0,444.0,,0.06
fakeddit_real_lcc,by_typical,0.80,nfmcd_robust,1,6,0.18953407050263116,0.7387899529698913,0.33152603245981854,0.5929054054054054,0.03538002028065031,0.17476601419645518,0.3935810810810811,0.2702702702702703,0.4346846846846847,148.0,444.0,,0.12
fakeddit_real_lcc,by_typical,0.80,spectral_graph+content,0,6,0.3257305516489575,0.5208640658938044,0.44817141883386385,0.5692567567567568,nan,nan,0.6486486486486487,0.581081081081081,0.6711711711711712,148.0,444.0,,0.11
fakeddit_real_lcc,by_typical,0.80,nfmcd_robust,2,6,0.20419260391743643,0.7642764559679689,0.3431567419757542,0.5878378378378378,0.042743470414796925,0.17992042929035781,0.3935810810810811,0.2702702702702703,0.4346846846846847,148.0,444.0,,0.14
fakeddit_real_lcc,by_typical,0.80,spectral_graph+content,2,6,0.3257305516489575,0.5208640658938044,0.44817141883386385,0.5878378378378378,nan,nan,0.6486486486486487,0.581081081081081,0.6711711711711712,148.0,444.0,,0.11
fakeddit_real_lcc,by_typical,0.80,kmeans_content,0,6,0.04524509070292737,0.02609010380683999,0.17226699858687436,0.5692567567567568,nan,nan,0.48817567567567566,0.5472972972972973,0.46846846846846846,148.0,444.0,,0.09
fakeddit_real_lcc,by_typical,0.80,kmeans_content,2,6,0.02101009098248363,0.023540664734038815,0.16204991563839186,0.5878378378378378,nan,nan,0.4814189189189189,0.5472972972972973,0.4594594594594595,148.0,444.0,,0.12
fakeddit_real_lcc,by_typical,0.80,kmeans_content,1,6,0.03315936512627826,0.029612275457811647,0.15620557530739468,0.5929054054054054,nan,nan,0.46790540540540543,0.5472972972972973,0.44144144144144143,148.0,444.0,,0.14
fakeddit_real_lcc,by_atypical,0.20,nfmcd_robust,0,6,0.18251430279026293,0.725928108605961,0.3256868261786707,0.04560810810810811,0.23539055944534923,0.31477339161174445,0.3935810810810811,0.38513513513513514,0.3963963963963964,148.0,444.0,,0.28
fakeddit_real_lcc,by_atypical,0.20,nfmcd_full,2,6,0.16833400898098083,0.7350163475389075,0.31132173102373006,0.07432432432432433,0.38512841813948606,0.4195898926976402,0.3902027027027027,0.3783783783783784,0.39414414414414417,148.0,444.0,,0.34
fakeddit_real_lcc,by_atypical,0.20,nfmcd_full,1,6,0.15876646327887878,0.7302606060497944,0.2958578945283861,0.057432432432432436,0.41932587300745944,0.44352811110522156,0.38513513513513514,0.38513513513513514,0.38513513513513514,148.0,444.0,,0.38
fakeddit_real_lcc,by_atypical,0.20,nfmcd_robust,2,6,0.18455311723573242,0.7255921018043943,0.3283245745287674,0.07432432432432433,0.23404594729641093,0.31383216310748757,0.3935810810810811,0.38513513513513514,0.3963963963963964,148.0,444.0,,0.28
fakeddit_real_lcc,by_atypical,0.20,nfmcd_full,0,6,0.17020200115352402,0.7311033164249086,0.3107912472691261,0.04560810810810811,0.3923250989149361,0.42462756924045525,0.3918918918918919,0.3783783783783784,0.3963963963963964,148.0,444.0,,0.41
fakeddit_real_lcc,by_atypical,0.20,nfmcd_robust,1,6,0.17146669483439747,0.734154993438493,0.3161750029206531,0.057432432432432436,0.2520004144339999,0.3264002901037999,0.3935810810810811,0.38513513513513514,0.3963963963963964,148.0,444.0,,0.28
fakeddit_real_lcc,by_atypical,0.20,spectral_graph+content,0,6,0.5208655912229527,0.6193817311616554,0.6182765631649573,0.04560810810810811,nan,nan,0.7280405405405406,0.777027027027027,0.7117117117117117,148.0,444.0,,0.11
fakeddit_real_lcc,by_atypical,0.20,spectral_graph+content,1,6,0.5178401411163357,0.6180382402977045,0.6164633006077607,0.057432432432432436,nan,nan,0.7263513513513513,0.7635135135135135,0.713963963963964,148.0,444.0,,0.08
fakeddit_real_lcc,by_atypical,0.20,spectral_graph+content,2,6,0.5208655912229527,0.6193817311616554,0.6182765631649573,0.07432432432432433,nan,nan,0.7280405405405406,0.777027027027027,0.7117117117117117,148.0,444.0,,0.11
fakeddit_real_lcc,by_atypical,0.20,kmeans_content,2,6,0.1804640333210633,0.2141060687587818,0.2924422970815164,0.07432432432432433,nan,nan,0.5033783783783784,0.4594594594594595,0.5180180180180181,148.0,444.0,,0.12
fakeddit_real_lcc,by_atypical,0.20,kmeans_content,1,6,0.17062148332681337,0.22765769597997793,0.3188736264175391,0.057432432432432436,nan,nan,0.5135135135135135,0.47297297297297297,0.527027027027027,148.0,444.0,,0.17
fakeddit_real_lcc,by_atypical,0.20,kmeans_content,0,6,0.16356109416035558,0.22789457855975556,0.35250889187498347,0.04560810810810811,nan,nan,0.46452702702702703,0.32432432432432434,0.5112612612612613,148.0,444.0,,0.17
fakeddit_real_lcc,by_atypical,0.40,nfmcd_full,1,6,0.2175126026995874,0.7685165392987751,0.3769558488106875,0.2533783783783784,0.23369317235551174,0.31358522064885813,0.3918918918918919,0.35135135135135137,0.40540540540540543,148.0,444.0,,0.19
fakeddit_real_lcc,by_atypical,0.40,nfmcd_full,0,6,0.16967908928360353,0.7524147209595733,0.32131285831492623,0.2179054054054054,0.26061903833869937,0.33243332683708954,0.3935810810810811,0.38513513513513514,0.3963963963963964,148.0,444.0,,0.26
fakeddit_real_lcc,by_atypical,0.40,spectral_graph+content,0,6,0.5262988978150899,0.6191660049543339,0.619599884539036,0.2179054054054054,nan,nan,0.7263513513513513,0.777027027027027,0.7094594594594594,148.0,444.0,,0.06
fakeddit_real_lcc,by_atypical,0.40,nfmcd_full,2,6,0.16979487041798014,0.7374302727297181,0.31633394613041155,0.2516891891891892,0.2356266744122336,0.31493867208856346,0.3935810810810811,0.38513513513513514,0.3963963963963964,148.0,444.0,,0.23
fakeddit_real_lcc,by_atypical,0.40,nfmcd_robust,0,6,0.16990390377046405,0.7517066091866274,0.31716726164530556,0.2179054054054054,0.1506654872652295,0.2554658410856606,0.3935810810810811,0.38513513513513514,0.3963963963963964,148.0,444.0,,0.2
fakeddit_real_lcc,by_atypical,0.40,nfmcd_robust,1,6,0.1688303530587626,0.7551232729762839,0.3162065820795082,0.2533783783783784,0.13865871125625742,0.24706109787938021,0.3935810810810811,0.38513513513513514,0.3963963963963964,148.0,444.0,,0.19
fakeddit_real_lcc,by_atypical,0.40,spectral_graph+content,1,6,0.516469377007228,0.6178686453593956,0.6161989709609754,0.2533783783783784,nan,nan,0.7246621621621622,0.7702702702702703,0.7094594594594594,148.0,444.0,,0.08
fakeddit_real_lcc,by_atypical,0.40,spectral_graph+content,2,6,0.5090303768785444,0.6188408998933274,0.6164039415412321,0.2516891891891892,nan,nan,0.7263513513513513,0.777027027027027,0.7094594594594594,148.0,444.0,,0.09
fakeddit_real_lcc,by_atypical,0.40,nfmcd_robust,2,6,0.17432984928551332,0.7308951747975171,0.3201281906221054,0.2516891891891892,0.13757434079503286,0.246302038556523,0.3935810810810811,0.38513513513513514,0.3963963963963964,148.0,444.0,,0.25
fakeddit_real_lcc,by_atypical,0.40,kmeans_content,0,6,0.16478418331835165,0.1710471958968507,0.3022684679661424,0.2179054054054054,nan,nan,0.3885135135135135,0.4864864864864865,0.35585585585585583,148.0,444.0,,0.14
fakeddit_real_lcc,by_atypical,0.40,kmeans_content,1,6,0.15339002672337254,0.1616241919113959,0.2924061795369813,0.2533783783783784,nan,nan,0.3918918918918919,0.5,0.35585585585585583,148.0,444.0,,0.14
fakeddit_real_lcc,by_atypical,0.40,kmeans_content,2,6,0.15372196540788574,0.14822597608209426,0.31988468716029067,0.2516891891891892,nan,nan,0.40709459459459457,0.5,0.3761261261261261,148.0,444.0,,0.12
fakeddit_real_lcc,by_atypical,0.60,nfmcd_full,1,6,0.1663619514654643,0.7699606351556928,0.3145845566722282,0.4594594594594595,0.1397846805583277,0.24784927639082935,0.3935810810810811,0.38513513513513514,0.3963963963963964,148.0,444.0,,0.14
fakeddit_real_lcc,by_atypical,0.60,nfmcd_full,0,6,0.15532206401991056,0.7910509558896806,0.30058795393479293,0.44763513513513514,0.1583138627967604,0.2608197039577323,0.3260135135135135,0.32432432432432434,0.32657657657657657,148.0,444.0,,0.17
fakeddit_real_lcc,by_atypical,0.60,nfmcd_full,2,6,0.2079172742425659,0.760762119578662,0.3691242996102188,0.47297297297297297,0.16089315313762365,0.26262520719633653,0.3935810810810811,0.38513513513513514,0.3963963963963964,148.0,444.0,,0.16
fakeddit_real_lcc,by_atypical,0.60,nfmcd_robust,0,6,0.19871115174025866,0.7432674493929835,0.3595358285773802,0.44763513513513514,0.08414471906111565,0.2089013033427809,0.3935810810810811,0.38513513513513514,0.3963963963963964,148.0,444.0,,0.12
fakeddit_real_lcc,by_atypical,0.60,nfmcd_robust,1,6,0.19464950539020798,0.73878682236311,0.3540633761125715,0.4594594594594595,0.07743591095947122,0.20420513767162984,0.3935810810810811,0.38513513513513514,0.3963963963963964,148.0,444.0,,0.14
fakeddit_real_lcc,by_atypical,0.60,spectral_graph+content,0,6,0.3811029910482826,0.6239839621521417,0.44273178256859763,0.44763513513513514,nan,nan,0.5945945945945946,0.5,0.6261261261261262,148.0,444.0,,0.08
fakeddit_real_lcc,by_atypical,0.60,spectral_graph+content,1,6,0.3743680564721432,0.6260498536479224,0.4736946161168299,0.4594594594594595,nan,nan,0.6114864864864865,0.5337837837837838,0.6373873873873874,148.0,444.0,,0.09
fakeddit_real_lcc,by_atypical,0.60,nfmcd_robust,2,6,0.20648638597990132,0.7309417433021134,0.3597009368214153,0.47297297297297297,0.08993313254562985,0.2129531927819409,0.3935810810810811,0.38513513513513514,0.3963963963963964,148.0,444.0,,0.16
fakeddit_real_lcc,by_atypical,0.60,spectral_graph+content,2,6,0.5093041664600308,0.6152177443118828,0.6169240906058867,0.47297297297297297,nan,nan,0.7297297297297297,0.6418918918918919,0.759009009009009,148.0,444.0,,0.09
fakeddit_real_lcc,by_atypical,0.60,kmeans_content,0,6,0.150630933098586,0.14329959611907833,0.3189676097050254,0.44763513513513514,nan,nan,0.5152027027027027,0.6756756756756757,0.4617117117117117,148.0,444.0,,0.11
fakeddit_real_lcc,by_atypical,0.60,kmeans_content,1,6,0.1349674974655246,0.10774927083387624,0.2585584757052664,0.4594594594594595,nan,nan,0.47466216216216217,0.6554054054054054,0.4144144144144144,148.0,444.0,,0.11
fakeddit_real_lcc,by_atypical,0.60,kmeans_content,2,6,0.16181595217444378,0.1475822720255706,0.29826788831576795,0.47297297297297297,nan,nan,0.5033783783783784,0.6824324324324325,0.4436936936936937,148.0,444.0,,0.12
fakeddit_real_lcc,by_atypical,0.80,nfmcd_full,0,6,0.184378587053742,0.7686022433030404,0.3392830581362302,0.5844594594594594,0.11480880768062972,0.23036616537644072,0.3918918918918919,0.35135135135135137,0.40540540540540543,148.0,444.0,,0.12
fakeddit_real_lcc,by_atypical,0.80,nfmcd_full,1,6,0.21690327448983604,0.7686022433030404,0.3721225643090697,0.5878378378378378,0.1005236654577741,0.22036656582044184,0.3918918918918919,0.35135135135135137,0.40540540540540543,148.0,444.0,,0.16
fakeddit_real_lcc,by_atypical,0.80,nfmcd_full,2,6,0.2097126880614717,0.7683001310039427,0.3718103394908026,0.581081081081081,0.11902977636981839,0.23332084345887286,0.3935810810810811,0.38513513513513514,0.3963963963963964,148.0,444.0,,0.17
fakeddit_real_lcc,by_atypical,0.80,nfmcd_robust,1,6,0.21038552072483285,0.7644320127291288,0.37196411005944086,0.5878378378378378,0.06563945405196052,0.19594761783637232,0.3935810810810811,0.38513513513513514,0.3963963963963964,148.0,444.0,,0.14
fakeddit_real_lcc,by_atypical,0.80,nfmcd_robust,0,6,0.20146748406701565,0.7483362690496402,0.3628855897222149,0.5844594594594594,0.06282706405673985,0.1939789448397179,0.3935810810810811,0.38513513513513514,0.3963963963963964,148.0,444.0,,0.16
fakeddit_real_lcc,by_atypical,0.80,spectral_graph+content,0,6,0.5183530944756769,0.6155889923015173,0.6180163824089734,0.5844594594594594,nan,nan,0.7263513513513513,0.5675675675675675,0.7792792792792793,148.0,444.0,,0.09
fakeddit_real_lcc,by_atypical,0.80,spectral_graph+content,1,6,0.5183530944756769,0.6155889923015173,0.6180163824089734,0.5878378378378378,nan,nan,0.7263513513513513,0.5675675675675675,0.7792792792792793,148.0,444.0,,0.08
fakeddit_real_lcc,by_atypical,0.80,nfmcd_robust,2,6,0.2105948863430167,0.7683001310039427,0.37285635163362363,0.581081081081081,0.05952612040700473,0.1916682842849033,0.3935810810810811,0.38513513513513514,0.3963963963963964,148.0,444.0,,0.14
fakeddit_real_lcc,by_atypical,0.80,spectral_graph+content,2,6,0.5243648655599689,0.5240939659612214,0.6257810304924027,0.581081081081081,nan,nan,0.7787162162162162,0.668918918918919,0.8153153153153153,148.0,444.0,,0.09
fakeddit_real_lcc,by_atypical,0.80,kmeans_content,0,6,0.1396947949767806,0.11312866767053623,0.26973885613229875,0.5844594594594594,nan,nan,0.535472972972973,0.6756756756756757,0.48873873873873874,148.0,444.0,,0.11
fakeddit_real_lcc,by_atypical,0.80,kmeans_content,2,6,0.1468898869965798,0.13274984769335668,0.3218444436531135,0.581081081081081,nan,nan,0.5472972972972973,0.6756756756756757,0.5045045045045045,148.0,444.0,,0.11
fakeddit_real_lcc,by_atypical,0.80,kmeans_content,1,6,0.13277060063033042,0.13098290291104572,0.3198507843826032,0.5878378378378378,nan,nan,0.5641891891891891,0.6756756756756757,0.527027027027027,148.0,444.0,,0.11
