exp,dataset,variant,seed,cond,metric,value
A,crisismmd,default,3,nbr,n_rules,7.0
A,crisismmd,default,3,nbr,coverage,0.9325
A,crisismmd,default,3,nbr,fidelity,0.86
A,crisismmd,default,3,nbr,precision_covered,0.9222520107238605
A,crisismmd,default,3,nbr,majority,0.26
A,crisismmd,default,3,nbr,fidelity_with_fallback,0.905
A,crisismmd,default,3,old,fidelity,0.29
A,crisismmd,default,3,old,n_rules,5.0
A,crisismmd,default,3,curve|r1,fidelity,0.26
A,crisismmd,default,3,curve|r1,coverage,0.30125
A,crisismmd,default,3,curve|r2,fidelity,0.50125
A,crisismmd,default,3,curve|r2,coverage,0.5675
A,crisismmd,default,3,curve|r3,fidelity,0.74125
A,crisismmd,default,3,curve|r3,coverage,0.82
A,crisismmd,default,3,curve|r4,fidelity,0.8375
A,crisismmd,default,3,curve|r4,coverage,0.90625
A,crisismmd,default,3,curve|r5,fidelity,0.85625
A,crisismmd,default,3,curve|r5,coverage,0.92875
A,crisismmd,default,3,curve|r6,fidelity,0.86125
A,crisismmd,default,3,curve|r6,coverage,0.93125
A,crisismmd,default,3,curve|r7,fidelity,0.86
A,crisismmd,default,3,curve|r7,coverage,0.9325
A,crisismmd,default,3,tree|L2,train,0.50125
A,crisismmd,default,3,tree|L2,cv,0.48125
A,crisismmd,default,3,tree|L3,train,0.73875
A,crisismmd,default,3,tree|L3,cv,0.7375
A,crisismmd,default,3,tree|L4,train,0.84625
A,crisismmd,default,3,tree|L4,cv,0.845
A,crisismmd,default,3,tree|L6,train,0.905
A,crisismmd,default,3,tree|L6,cv,0.89375
A,crisismmd,default,3,tree|L8,train,0.925
A,crisismmd,default,3,tree|L8,cv,0.89625
A,crisismmd,default,3,tree|L12,train,0.93625
A,crisismmd,default,3,tree|L12,cv,0.9037499999999999
A,crisismmd,default,3,tree|L16,train,0.945
A,crisismmd,default,3,tree|L16,cv,0.905
A,crisismmd,default,3,tree|L24,train,0.955
A,crisismmd,default,3,tree|L24,cv,0.90625
B,crisismmd,default,3,all,n_with_content,800
B,crisismmd,default,3,all,n_nodes,800
B,crisismmd,default,3,all,refit_fallback,0
B,crisismmd,default,3,all,flip_rate_refit,0.15125
B,crisismmd,default,3,all,flip_rate_seed_noise,0.14625
B,crisismmd,default,3,content_sensitivity,auc_flip,0.24621769982594727
B,crisismmd,default,3,content_sensitivity,spearman_flip,-0.3149850031472264
B,crisismmd,default,3,content_flip_margin,auc_flip,0.939458854173006
B,crisismmd,default,3,content_flip_margin,spearman_flip,0.5454397271591656
B,crisismmd,default,3,alpha,auc_flip,0.6112051023016346
B,crisismmd,default,3,alpha,spearman_flip,0.13802357167716042
B,crisismmd,default,3,normshare,auc_flip,0.6181550408354533
B,crisismmd,default,3,normshare,spearman_flip,0.14664957281847915
B,crisismmd,default,3,structure_sensitivity_neg,auc_flip,0.8683893426161468
B,crisismmd,default,3,structure_sensitivity_neg,spearman_flip,0.45723093440231777
B,crisismmd,default,3,intervention_flip,agreement,0.87875
B,crisismmd,default,3,intervention_flip,precision,0.6621621621621622
B,crisismmd,default,3,intervention_flip,recall,0.4049586776859504
B,crisismmd,default,3,all,mean_content_sensitivity,0.2936748723913849
B,crisismmd,default,3,all,mean_structure_sensitivity,0.2186862086959544
_,crisismmd,default,3,core|crisismmd|default|3,_done,3.5
A,crisismmd,default,2,nbr,n_rules,6.0
A,crisismmd,default,2,nbr,coverage,0.9475
A,crisismmd,default,2,nbr,fidelity,0.86375
A,crisismmd,default,2,nbr,precision_covered,0.9116094986807388
A,crisismmd,default,2,nbr,majority,0.25875
A,crisismmd,default,2,nbr,fidelity_with_fallback,0.90375
A,crisismmd,default,2,old,fidelity,0.2725
A,crisismmd,default,2,old,n_rules,5.0
A,crisismmd,default,2,curve|r1,fidelity,0.25875
A,crisismmd,default,2,curve|r1,coverage,0.3
A,crisismmd,default,2,curve|r2,fidelity,0.49875
A,crisismmd,default,2,curve|r2,coverage,0.565
A,crisismmd,default,2,curve|r3,fidelity,0.73875
A,crisismmd,default,2,curve|r3,coverage,0.81875
A,crisismmd,default,2,curve|r4,fidelity,0.835
A,crisismmd,default,2,curve|r4,coverage,0.90625
A,crisismmd,default,2,curve|r5,fidelity,0.855
A,crisismmd,default,2,curve|r5,coverage,0.9325
A,crisismmd,default,2,curve|r6,fidelity,0.86375
A,crisismmd,default,2,curve|r6,coverage,0.9475
A,crisismmd,default,2,tree|L2,train,0.49875
A,crisismmd,default,2,tree|L2,cv,0.46624999999999994
A,crisismmd,default,2,tree|L3,train,0.73625
A,crisismmd,default,2,tree|L3,cv,0.73625
A,crisismmd,default,2,tree|L4,train,0.84375
A,crisismmd,default,2,tree|L4,cv,0.8425
A,crisismmd,default,2,tree|L6,train,0.91875
A,crisismmd,default,2,tree|L6,cv,0.8949999999999999
A,crisismmd,default,2,tree|L8,train,0.92625
A,crisismmd,default,2,tree|L8,cv,0.9012499999999999
A,crisismmd,default,2,tree|L12,train,0.9375
A,crisismmd,default,2,tree|L12,cv,0.8987499999999999
A,crisismmd,default,2,tree|L16,train,0.94375
A,crisismmd,default,2,tree|L16,cv,0.89375
A,crisismmd,default,2,tree|L24,train,0.955
A,crisismmd,default,2,tree|L24,cv,0.9037499999999999
B,crisismmd,default,2,all,n_with_content,800
B,crisismmd,default,2,all,n_nodes,800
B,crisismmd,default,2,all,refit_fallback,0
B,crisismmd,default,2,all,flip_rate_refit,0.17875
B,crisismmd,default,2,all,flip_rate_seed_noise,0.075
B,crisismmd,default,2,content_sensitivity,auc_flip,0.28951261827974156
B,crisismmd,default,2,content_sensitivity,spearman_flip,-0.2793686986240625
B,crisismmd,default,2,content_flip_margin,auc_flip,0.7668891230535066
B,crisismmd,default,2,content_flip_margin,spearman_flip,0.35422772792844953
B,crisismmd,default,2,alpha,auc_flip,0.547306574703835
B,crisismmd,default,2,alpha,spearman_flip,0.0627874987249195
B,crisismmd,default,2,normshare,auc_flip,0.5457845046886143
B,crisismmd,default,2,normshare,spearman_flip,0.0607673362054767
B,crisismmd,default,2,structure_sensitivity_neg,auc_flip,0.7426211535800576
B,crisismmd,default,2,structure_sensitivity_neg,spearman_flip,0.3220181437023687
B,crisismmd,default,2,intervention_flip,agreement,0.8175
B,crisismmd,default,2,intervention_flip,precision,0.4823529411764706
B,crisismmd,default,2,intervention_flip,recall,0.2867132867132867
B,crisismmd,default,2,all,mean_content_sensitivity,0.3085351969195205
B,crisismmd,default,2,all,mean_structure_sensitivity,0.2208298707077467
_,crisismmd,default,2,core|crisismmd|default|2,_done,3.59
A,crisismmd,default,1,nbr,n_rules,4.0
A,crisismmd,default,1,nbr,coverage,0.97125
A,crisismmd,default,1,nbr,fidelity,0.93375
A,crisismmd,default,1,nbr,precision_covered,0.9613899613899614
A,crisismmd,default,1,nbr,majority,0.26
A,crisismmd,default,1,nbr,fidelity_with_fallback,0.96125
A,crisismmd,default,1,old,fidelity,0.315
A,crisismmd,default,1,old,n_rules,5.0
A,crisismmd,default,1,curve|r1,fidelity,0.26
A,crisismmd,default,1,curve|r1,coverage,0.3
A,crisismmd,default,1,curve|r2,fidelity,0.5075
A,crisismmd,default,1,curve|r2,coverage,0.57375
A,crisismmd,default,1,curve|r3,fidelity,0.75125
A,crisismmd,default,1,curve|r3,coverage,0.82625
A,crisismmd,default,1,curve|r4,fidelity,0.93375
A,crisismmd,default,1,curve|r4,coverage,0.97125
A,crisismmd,default,1,tree|L2,train,0.51
A,crisismmd,default,1,tree|L2,cv,0.46875
A,crisismmd,default,1,tree|L3,train,0.75375
A,crisismmd,default,1,tree|L3,cv,0.7462500000000001
A,crisismmd,default,1,tree|L4,train,0.97125
A,crisismmd,default,1,tree|L4,cv,0.9637500000000001
A,crisismmd,default,1,tree|L6,train,0.97875
A,crisismmd,default,1,tree|L6,cv,0.9675
A,crisismmd,default,1,tree|L8,train,0.98
A,crisismmd,default,1,tree|L8,cv,0.97
A,crisismmd,default,1,tree|L12,train,0.985
A,crisismmd,default,1,tree|L12,cv,0.96875
A,crisismmd,default,1,tree|L16,train,0.9875
A,crisismmd,default,1,tree|L16,cv,0.9662500000000002
A,crisismmd,default,1,tree|L24,train,0.9925
A,crisismmd,default,1,tree|L24,cv,0.9637500000000001
B,crisismmd,default,1,all,n_with_content,800
B,crisismmd,default,1,all,n_nodes,800
B,crisismmd,default,1,all,refit_fallback,0
B,crisismmd,default,1,all,flip_rate_refit,0.18125
B,crisismmd,default,1,all,flip_rate_seed_noise,0.14875
B,crisismmd,default,1,content_sensitivity,auc_flip,0.1627902079494604
B,crisismmd,default,1,content_sensitivity,spearman_flip,-0.4499930474376486
B,crisismmd,default,1,content_flip_margin,auc_flip,0.94036325348776
B,crisismmd,default,1,content_flip_margin,spearman_flip,0.5876472364919206
B,crisismmd,default,1,alpha,auc_flip,0.6202579626217426
B,crisismmd,default,1,alpha,spearman_flip,0.1604794651713145
B,crisismmd,default,1,normshare,auc_flip,0.6264490655435642
B,crisismmd,default,1,normshare,spearman_flip,0.1687412456310381
B,crisismmd,default,1,structure_sensitivity_neg,auc_flip,0.8300078968149514
B,crisismmd,default,1,structure_sensitivity_neg,spearman_flip,0.4403824048620518
B,crisismmd,default,1,intervention_flip,agreement,0.8475
B,crisismmd,default,1,intervention_flip,precision,0.96
B,crisismmd,default,1,intervention_flip,recall,0.16551724137931034
B,crisismmd,default,1,all,mean_content_sensitivity,0.1881420861597265
B,crisismmd,default,1,all,mean_structure_sensitivity,0.12403069737288376
_,crisismmd,default,1,core|crisismmd|default|1,_done,3.67
A,crisismmd,default,0,nbr,n_rules,6.0
A,crisismmd,default,0,nbr,coverage,0.945
A,crisismmd,default,0,nbr,fidelity,0.885
A,crisismmd,default,0,nbr,precision_covered,0.9365079365079365
A,crisismmd,default,0,nbr,majority,0.25875
A,crisismmd,default,0,nbr,fidelity_with_fallback,0.92875
A,crisismmd,default,0,old,fidelity,0.3
A,crisismmd,default,0,old,n_rules,5.0
A,crisismmd,default,0,curve|r1,fidelity,0.25875
A,crisismmd,default,0,curve|r1,coverage,0.30125
A,crisismmd,default,0,curve|r2,fidelity,0.5
A,crisismmd,default,0,curve|r2,coverage,0.5675
A,crisismmd,default,0,curve|r3,fidelity,0.74125
A,crisismmd,default,0,curve|r3,coverage,0.82
A,crisismmd,default,0,curve|r4,fidelity,0.8375
A,crisismmd,default,0,curve|r4,coverage,0.905
A,crisismmd,default,0,curve|r5,fidelity,0.88
A,crisismmd,default,0,curve|r5,coverage,0.9425
A,crisismmd,default,0,curve|r6,fidelity,0.885
A,crisismmd,default,0,curve|r6,coverage,0.945
A,crisismmd,default,0,tree|L2,train,0.5
A,crisismmd,default,0,tree|L2,cv,0.47625
A,crisismmd,default,0,tree|L3,train,0.73875
A,crisismmd,default,0,tree|L3,cv,0.7375
A,crisismmd,default,0,tree|L4,train,0.84625
A,crisismmd,default,0,tree|L4,cv,0.845
A,crisismmd,default,0,tree|L6,train,0.94125
A,crisismmd,default,0,tree|L6,cv,0.9325000000000001
A,crisismmd,default,0,tree|L8,train,0.95
A,crisismmd,default,0,tree|L8,cv,0.9324999999999999
A,crisismmd,default,0,tree|L12,train,0.96125
A,crisismmd,default,0,tree|L12,cv,0.93625
A,crisismmd,default,0,tree|L16,train,0.96625
A,crisismmd,default,0,tree|L16,cv,0.93625
A,crisismmd,default,0,tree|L24,train,0.97625
A,crisismmd,default,0,tree|L24,cv,0.9349999999999999
B,crisismmd,default,0,all,n_with_content,800
B,crisismmd,default,0,all,n_nodes,800
B,crisismmd,default,0,all,refit_fallback,0
B,crisismmd,default,0,all,flip_rate_refit,0.17625
B,crisismmd,default,0,all,flip_rate_seed_noise,0.15
B,crisismmd,default,0,content_sensitivity,auc_flip,0.20101378620088464
B,crisismmd,default,0,content_sensitivity,spearman_flip,-0.394642998732355
B,crisismmd,default,0,content_flip_margin,auc_flip,0.8522907048074129
B,crisismmd,default,0,content_flip_margin,spearman_flip,0.4650015745011707
B,crisismmd,default,0,alpha,auc_flip,0.55377264068705
B,crisismmd,default,0,alpha,spearman_flip,0.0709765039024607
B,crisismmd,default,0,normshare,auc_flip,0.5523520485584219
B,crisismmd,default,0,normshare,spearman_flip,0.0691014116348484
B,crisismmd,default,0,structure_sensitivity_neg,auc_flip,0.8212959674555257
B,crisismmd,default,0,structure_sensitivity_neg,spearman_flip,0.4240904704805389
B,crisismmd,default,0,intervention_flip,agreement,0.8275
B,crisismmd,default,0,intervention_flip,precision,0.5230769230769231
B,crisismmd,default,0,intervention_flip,recall,0.24113475177304963
B,crisismmd,default,0,all,mean_content_sensitivity,0.31596515094824257
B,crisismmd,default,0,all,mean_structure_sensitivity,0.21353452024444933
_,crisismmd,default,0,core|crisismmd|default|0,_done,3.73
A,crisismmd,default,4,nbr,n_rules,4.0
A,crisismmd,default,4,nbr,coverage,0.9675
A,crisismmd,default,4,nbr,fidelity,0.92375
A,crisismmd,default,4,nbr,precision_covered,0.9547803617571059
A,crisismmd,default,4,nbr,majority,0.26125
A,crisismmd,default,4,nbr,fidelity_with_fallback,0.94875
A,crisismmd,default,4,old,fidelity,0.315
A,crisismmd,default,4,old,n_rules,5.0
A,crisismmd,default,4,curve|r1,fidelity,0.26125
A,crisismmd,default,4,curve|r1,coverage,0.30125
A,crisismmd,default,4,curve|r2,fidelity,0.50875
A,crisismmd,default,4,curve|r2,coverage,0.57
A,crisismmd,default,4,curve|r3,fidelity,0.75
A,crisismmd,default,4,curve|r3,coverage,0.835
A,crisismmd,default,4,curve|r4,fidelity,0.92375
A,crisismmd,default,4,curve|r4,coverage,0.9675
A,crisismmd,default,4,tree|L2,train,0.51875
A,crisismmd,default,4,tree|L2,cv,0.485
A,crisismmd,default,4,tree|L3,train,0.76
A,crisismmd,default,4,tree|L3,cv,0.755
A,crisismmd,default,4,tree|L4,train,0.96875
A,crisismmd,default,4,tree|L4,cv,0.9674999999999999
A,crisismmd,default,4,tree|L6,train,0.97375
A,crisismmd,default,4,tree|L6,cv,0.96875
A,crisismmd,default,4,tree|L8,train,0.9775
A,crisismmd,default,4,tree|L8,cv,0.96875
A,crisismmd,default,4,tree|L12,train,0.98125
A,crisismmd,default,4,tree|L12,cv,0.9675
A,crisismmd,default,4,tree|L16,train,0.98375
A,crisismmd,default,4,tree|L16,cv,0.9637500000000001
A,crisismmd,default,4,tree|L24,train,0.9875
A,crisismmd,default,4,tree|L24,cv,0.9574999999999999
B,crisismmd,default,4,all,n_with_content,800
B,crisismmd,default,4,all,n_nodes,800
B,crisismmd,default,4,all,refit_fallback,0
B,crisismmd,default,4,all,flip_rate_refit,0.17875
B,crisismmd,default,4,all,flip_rate_seed_noise,0.1475
B,crisismmd,default,4,content_sensitivity,auc_flip,0.16181839469510703
B,crisismmd,default,4,content_sensitivity,spearman_flip,-0.44885044509787486
B,crisismmd,default,4,content_flip_margin,auc_flip,0.9432363678939022
B,crisismmd,default,4,content_flip_margin,spearman_flip,0.5882840399713039
B,crisismmd,default,4,alpha,auc_flip,0.5959383082670755
B,crisismmd,default,4,alpha,spearman_flip,0.1273338102727105
B,crisismmd,default,4,normshare,auc_flip,0.6027610137199179
B,crisismmd,default,4,normshare,spearman_flip,0.1363892240836394
B,crisismmd,default,4,structure_sensitivity_neg,auc_flip,0.8216410682164107
B,crisismmd,default,4,structure_sensitivity_neg,spearman_flip,0.42689707058588816
B,crisismmd,default,4,intervention_flip,agreement,0.8525
B,crisismmd,default,4,intervention_flip,precision,0.9310344827586207
B,crisismmd,default,4,intervention_flip,recall,0.1888111888111888
B,crisismmd,default,4,all,mean_content_sensitivity,0.2014062374768862
B,crisismmd,default,4,all,mean_structure_sensitivity,0.12457799336289282
_,crisismmd,default,4,core|crisismmd|default|4,_done,2.03
A,crisismmd,robust,0,nbr,n_rules,6.0
A,crisismmd,robust,0,nbr,coverage,0.9525
A,crisismmd,robust,0,nbr,fidelity,0.895
A,crisismmd,robust,0,nbr,precision_covered,0.9396325459317585
A,crisismmd,robust,0,nbr,majority,0.255
A,crisismmd,robust,0,nbr,fidelity_with_fallback,0.93625
A,crisismmd,robust,0,old,fidelity,0.29875
A,crisismmd,robust,0,old,n_rules,5.0
A,crisismmd,robust,0,curve|r1,fidelity,0.255
A,crisismmd,robust,0,curve|r1,coverage,0.29875
A,crisismmd,robust,0,curve|r2,fidelity,0.495
A,crisismmd,robust,0,curve|r2,coverage,0.56375
A,crisismmd,robust,0,curve|r3,fidelity,0.7325
A,crisismmd,robust,0,curve|r3,coverage,0.81625
A,crisismmd,robust,0,curve|r4,fidelity,0.82875
A,crisismmd,robust,0,curve|r4,coverage,0.9025
A,crisismmd,robust,0,curve|r5,fidelity,0.8925
A,crisismmd,robust,0,curve|r5,coverage,0.94875
A,crisismmd,robust,0,curve|r6,fidelity,0.895
A,crisismmd,robust,0,curve|r6,coverage,0.9525
A,crisismmd,robust,0,tree|L2,train,0.4925
A,crisismmd,robust,0,tree|L2,cv,0.46875
A,crisismmd,robust,0,tree|L3,train,0.72875
A,crisismmd,robust,0,tree|L3,cv,0.725
A,crisismmd,robust,0,tree|L4,train,0.83375
A,crisismmd,robust,0,tree|L4,cv,0.83125
A,crisismmd,robust,0,tree|L6,train,0.93125
A,crisismmd,robust,0,tree|L6,cv,0.92125
A,crisismmd,robust,0,tree|L8,train,0.935
A,crisismmd,robust,0,tree|L8,cv,0.92125
A,crisismmd,robust,0,tree|L12,train,0.95125
A,crisismmd,robust,0,tree|L12,cv,0.9199999999999999
A,crisismmd,robust,0,tree|L16,train,0.9575
A,crisismmd,robust,0,tree|L16,cv,0.915
A,crisismmd,robust,0,tree|L24,train,0.96625
A,crisismmd,robust,0,tree|L24,cv,0.9137500000000001
B,crisismmd,robust,0,all,n_with_content,800
B,crisismmd,robust,0,all,n_nodes,800
B,crisismmd,robust,0,all,refit_fallback,0
B,crisismmd,robust,0,all,flip_rate_refit,0.12
B,crisismmd,robust,0,all,flip_rate_seed_noise,0.01
B,crisismmd,robust,0,content_sensitivity,auc_flip,0.455669981060606
B,crisismmd,robust,0,content_sensitivity,spearman_flip,-0.0499023316581969
B,crisismmd,robust,0,content_flip_margin,auc_flip,0.9455936316287878
B,crisismmd,robust,0,content_flip_margin,spearman_flip,0.5016050460235647
B,crisismmd,robust,0,alpha,auc_flip,0.591323390151515
B,crisismmd,robust,0,alpha,spearman_flip,0.10280280073244034
B,crisismmd,robust,0,normshare,auc_flip,0.6007043087121211
B,crisismmd,robust,0,normshare,spearman_flip,0.11336290696451538
B,crisismmd,robust,0,structure_sensitivity_neg,auc_flip,0.922170928030303
B,crisismmd,robust,0,structure_sensitivity_neg,spearman_flip,0.4752380930813331
B,crisismmd,robust,0,intervention_flip,agreement,0.8975
B,crisismmd,robust,0,intervention_flip,precision,0.5813953488372093
B,crisismmd,robust,0,intervention_flip,recall,0.5208333333333334
B,crisismmd,robust,0,all,mean_content_sensitivity,0.19344923144090026
B,crisismmd,robust,0,all,mean_structure_sensitivity,0.2572664400899508
_,crisismmd,robust,0,core|crisismmd|robust|0,_done,2.09
A,crisismmd,robust,2,nbr,n_rules,7.0
A,crisismmd,robust,2,nbr,coverage,0.77625
A,crisismmd,robust,2,nbr,fidelity,0.68125
A,crisismmd,robust,2,nbr,precision_covered,0.8776167471819646
A,crisismmd,robust,2,nbr,majority,0.2375
A,crisismmd,robust,2,nbr,fidelity_with_fallback,0.745
A,crisismmd,robust,2,old,fidelity,0.2575
A,crisismmd,robust,2,old,n_rules,5.0
A,crisismmd,robust,2,curve|r1,fidelity,0.2375
A,crisismmd,robust,2,curve|r1,coverage,0.27125
A,crisismmd,robust,2,curve|r2,fidelity,0.475
A,crisismmd,robust,2,curve|r2,coverage,0.5275
A,crisismmd,robust,2,curve|r3,fidelity,0.5725
A,crisismmd,robust,2,curve|r3,coverage,0.6225
A,crisismmd,robust,2,curve|r4,fidelity,0.6025
A,crisismmd,robust,2,curve|r4,coverage,0.7175
A,crisismmd,robust,2,curve|r5,fidelity,0.66875
A,crisismmd,robust,2,curve|r5,coverage,0.765
A,crisismmd,robust,2,curve|r6,fidelity,0.67625
A,crisismmd,robust,2,curve|r6,coverage,0.77
A,crisismmd,robust,2,curve|r7,fidelity,0.68125
A,crisismmd,robust,2,curve|r7,coverage,0.77625
A,crisismmd,robust,2,tree|L2,train,0.47375
A,crisismmd,robust,2,tree|L2,cv,0.47125000000000006
A,crisismmd,robust,2,tree|L3,train,0.65375
A,crisismmd,robust,2,tree|L3,cv,0.6525
A,crisismmd,robust,2,tree|L4,train,0.7525
A,crisismmd,robust,2,tree|L4,cv,0.7374999999999999
A,crisismmd,robust,2,tree|L6,train,0.85875
A,crisismmd,robust,2,tree|L6,cv,0.8487499999999999
A,crisismmd,robust,2,tree|L8,train,0.8725
A,crisismmd,robust,2,tree|L8,cv,0.85625
A,crisismmd,robust,2,tree|L12,train,0.88875
A,crisismmd,robust,2,tree|L12,cv,0.85625
A,crisismmd,robust,2,tree|L16,train,0.89875
A,crisismmd,robust,2,tree|L16,cv,0.85375
A,crisismmd,robust,2,tree|L24,train,0.91125
A,crisismmd,robust,2,tree|L24,cv,0.85
B,crisismmd,robust,2,all,n_with_content,800
B,crisismmd,robust,2,all,n_nodes,800
B,crisismmd,robust,2,all,refit_fallback,0
B,crisismmd,robust,2,all,flip_rate_refit,0.19625
B,crisismmd,robust,2,all,flip_rate_seed_noise,0.1275
B,crisismmd,robust,2,content_sensitivity,auc_flip,0.5322879416746739
B,crisismmd,robust,2,content_sensitivity,spearman_flip,0.04442185068965237
B,crisismmd,robust,2,content_flip_margin,auc_flip,0.82060603659201
B,crisismmd,robust,2,content_flip_margin,spearman_flip,0.4410907834011179
B,crisismmd,robust,2,alpha,auc_flip,0.649433883765391
B,crisismmd,robust,2,alpha,spearman_flip,0.20559160257056322
B,crisismmd,robust,2,normshare,auc_flip,0.6478786738120474
B,crisismmd,robust,2,normshare,spearman_flip,0.2034519398743597
B,crisismmd,robust,2,structure_sensitivity_neg,auc_flip,0.7644500797416569
B,crisismmd,robust,2,structure_sensitivity_neg,spearman_flip,0.3638312431159088
B,crisismmd,robust,2,intervention_flip,agreement,0.74125
B,crisismmd,robust,2,intervention_flip,precision,0.3333333333333333
B,crisismmd,robust,2,intervention_flip,recall,0.3184713375796178
B,crisismmd,robust,2,all,mean_content_sensitivity,0.19797030985443115
B,crisismmd,robust,2,all,mean_structure_sensitivity,0.25745207323258157
_,crisismmd,robust,2,core|crisismmd|robust|2,_done,2.02
A,crisismmd,robust,1,nbr,n_rules,6.0
A,crisismmd,robust,1,nbr,coverage,0.9575
A,crisismmd,robust,1,nbr,fidelity,0.895
A,crisismmd,robust,1,nbr,precision_covered,0.9347258485639687
A,crisismmd,robust,1,nbr,majority,0.25625
A,crisismmd,robust,1,nbr,fidelity_with_fallback,0.93375
A,crisismmd,robust,1,old,fidelity,0.27375
A,crisismmd,robust,1,old,n_rules,5.0
A,crisismmd,robust,1,curve|r1,fidelity,0.25625
A,crisismmd,robust,1,curve|r1,coverage,0.29875
A,crisismmd,robust,1,curve|r2,fidelity,0.495
A,crisismmd,robust,1,curve|r2,coverage,0.56375
A,crisismmd,robust,1,curve|r3,fidelity,0.73375
A,crisismmd,robust,1,curve|r3,coverage,0.81625
A,crisismmd,robust,1,curve|r4,fidelity,0.83
A,crisismmd,robust,1,curve|r4,coverage,0.9025
A,crisismmd,robust,1,curve|r5,fidelity,0.89375
A,crisismmd,robust,1,curve|r5,coverage,0.95125
A,crisismmd,robust,1,curve|r6,fidelity,0.895
A,crisismmd,robust,1,curve|r6,coverage,0.9575
A,crisismmd,robust,1,tree|L2,train,0.4925
A,crisismmd,robust,1,tree|L2,cv,0.46624999999999994
A,crisismmd,robust,1,tree|L3,train,0.73
A,crisismmd,robust,1,tree|L3,cv,0.7275
A,crisismmd,robust,1,tree|L4,train,0.83375
A,crisismmd,robust,1,tree|L4,cv,0.8237499999999999
A,crisismmd,robust,1,tree|L6,train,0.93125
A,crisismmd,robust,1,tree|L6,cv,0.9199999999999999
A,crisismmd,robust,1,tree|L8,train,0.93375
A,crisismmd,robust,1,tree|L8,cv,0.915
A,crisismmd,robust,1,tree|L12,train,0.95
A,crisismmd,robust,1,tree|L12,cv,0.9162500000000001
A,crisismmd,robust,1,tree|L16,train,0.95625
A,crisismmd,robust,1,tree|L16,cv,0.915
A,crisismmd,robust,1,tree|L24,train,0.9675
A,crisismmd,robust,1,tree|L24,cv,0.9087500000000001
B,crisismmd,robust,1,all,n_with_content,800
B,crisismmd,robust,1,all,n_nodes,800
B,crisismmd,robust,1,all,refit_fallback,0
B,crisismmd,robust,1,all,flip_rate_refit,0.11875
B,crisismmd,robust,1,all,flip_rate_seed_noise,0.13
B,crisismmd,robust,1,content_sensitivity,auc_flip,0.45154162000746545
B,crisismmd,robust,1,content_sensitivity,spearman_flip,-0.054303300659894756
B,crisismmd,robust,1,content_flip_margin,auc_flip,0.9490108249346771
B,crisismmd,robust,1,content_flip_margin,spearman_flip,0.5031693141564274
B,crisismmd,robust,1,alpha,auc_flip,0.613303471444569
B,crisismmd,robust,1,alpha,spearman_flip,0.1269698342497647
B,crisismmd,robust,1,normshare,auc_flip,0.6228144830160507
B,crisismmd,robust,1,normshare,spearman_flip,0.1376280386929485
B,crisismmd,robust,1,structure_sensitivity_neg,auc_flip,0.9280477790220232
B,crisismmd,robust,1,structure_sensitivity_neg,spearman_flip,0.4796777615061448
B,crisismmd,robust,1,intervention_flip,agreement,0.90375
B,crisismmd,robust,1,intervention_flip,precision,0.6071428571428571
B,crisismmd,robust,1,intervention_flip,recall,0.5368421052631579
B,crisismmd,robust,1,all,mean_content_sensitivity,0.19279507857915676
B,crisismmd,robust,1,all,mean_structure_sensitivity,0.2540381406397668
_,crisismmd,robust,1,core|crisismmd|robust|1,_done,2.09
A,crisismmd,robust,3,nbr,n_rules,6.0
A,crisismmd,robust,3,nbr,coverage,0.9575
A,crisismmd,robust,3,nbr,fidelity,0.89375
A,crisismmd,robust,3,nbr,precision_covered,0.933420365535248
A,crisismmd,robust,3,nbr,majority,0.255
A,crisismmd,robust,3,nbr,fidelity_with_fallback,0.93125
A,crisismmd,robust,3,old,fidelity,0.28875
A,crisismmd,robust,3,old,n_rules,5.0
A,crisismmd,robust,3,curve|r1,fidelity,0.255
A,crisismmd,robust,3,curve|r1,coverage,0.29875
A,crisismmd,robust,3,curve|r2,fidelity,0.49375
A,crisismmd,robust,3,curve|r2,coverage,0.56375
A,crisismmd,robust,3,curve|r3,fidelity,0.7325
A,crisismmd,robust,3,curve|r3,coverage,0.81625
A,crisismmd,robust,3,curve|r4,fidelity,0.82875
A,crisismmd,robust,3,curve|r4,coverage,0.9025
A,crisismmd,robust,3,curve|r5,fidelity,0.8925
A,crisismmd,robust,3,curve|r5,coverage,0.95125
A,crisismmd,robust,3,curve|r6,fidelity,0.89375
A,crisismmd,robust,3,curve|r6,coverage,0.9575
A,crisismmd,robust,3,tree|L2,train,0.49125
A,crisismmd,robust,3,tree|L2,cv,0.4725
A,crisismmd,robust,3,tree|L3,train,0.72875
A,crisismmd,robust,3,tree|L3,cv,0.7262500000000001
A,crisismmd,robust,3,tree|L4,train,0.83375
A,crisismmd,robust,3,tree|L4,cv,0.8300000000000001
A,crisismmd,robust,3,tree|L6,train,0.92875
A,crisismmd,robust,3,tree|L6,cv,0.9175000000000001
A,crisismmd,robust,3,tree|L8,train,0.93375
A,crisismmd,robust,3,tree|L8,cv,0.9174999999999999
A,crisismmd,robust,3,tree|L12,train,0.95
A,crisismmd,robust,3,tree|L12,cv,0.9225
A,crisismmd,robust,3,tree|L16,train,0.955
A,crisismmd,robust,3,tree|L16,cv,0.92125
A,crisismmd,robust,3,tree|L24,train,0.965
A,crisismmd,robust,3,tree|L24,cv,0.91875
B,crisismmd,robust,3,all,n_with_content,800
B,crisismmd,robust,3,all,n_nodes,800
B,crisismmd,robust,3,all,refit_fallback,0
B,crisismmd,robust,3,all,flip_rate_refit,0.1225
B,crisismmd,robust,3,all,flip_rate_seed_noise,0.01
B,crisismmd,robust,3,content_sensitivity,auc_flip,0.46347171347171345
B,crisismmd,robust,3,content_sensitivity,spearman_flip,-0.0414869845877313
B,crisismmd,robust,3,content_flip_margin,auc_flip,0.948398162683877
B,crisismmd,robust,3,content_flip_margin,spearman_flip,0.5092680065906625
B,crisismmd,robust,3,alpha,auc_flip,0.5969823826966685
B,crisismmd,robust,3,alpha,spearman_flip,0.11014769644621696
B,crisismmd,robust,3,normshare,auc_flip,0.6056020698877842
B,crisismmd,robust,3,normshare,spearman_flip,0.11993750220050452
B,crisismmd,robust,3,structure_sensitivity_neg,auc_flip,0.9291819291819292
B,crisismmd,robust,3,structure_sensitivity_neg,spearman_flip,0.48744317824805183
B,crisismmd,robust,3,intervention_flip,agreement,0.89125
B,crisismmd,robust,3,intervention_flip,precision,0.5647058823529412
B,crisismmd,robust,3,intervention_flip,recall,0.4897959183673469
B,crisismmd,robust,3,all,mean_content_sensitivity,0.19329502886750063
B,crisismmd,robust,3,all,mean_structure_sensitivity,0.2550032614570421
_,crisismmd,robust,3,core|crisismmd|robust|3,_done,2.16
A,crisismmd,robust,4,nbr,n_rules,6.0
A,crisismmd,robust,4,nbr,coverage,0.955
A,crisismmd,robust,4,nbr,fidelity,0.89625
A,crisismmd,robust,4,nbr,precision_covered,0.9384816753926701
A,crisismmd,robust,4,nbr,majority,0.25625
A,crisismmd,robust,4,nbr,fidelity_with_fallback,0.935
A,crisismmd,robust,4,old,fidelity,0.2875
A,crisismmd,robust,4,old,n_rules,5.0
A,crisismmd,robust,4,curve|r1,fidelity,0.25625
A,crisismmd,robust,4,curve|r1,coverage,0.29875
A,crisismmd,robust,4,curve|r2,fidelity,0.495
A,crisismmd,robust,4,curve|r2,coverage,0.56375
A,crisismmd,robust,4,curve|r3,fidelity,0.73375
A,crisismmd,robust,4,curve|r3,coverage,0.81625
A,crisismmd,robust,4,curve|r4,fidelity,0.83
A,crisismmd,robust,4,curve|r4,coverage,0.9025
A,crisismmd,robust,4,curve|r5,fidelity,0.89375
A,crisismmd,robust,4,curve|r5,coverage,0.95
A,crisismmd,robust,4,curve|r6,fidelity,0.89625
A,crisismmd,robust,4,curve|r6,coverage,0.955
A,crisismmd,robust,4,tree|L2,train,0.4925
A,crisismmd,robust,4,tree|L2,cv,0.47125000000000006
A,crisismmd,robust,4,tree|L3,train,0.73
A,crisismmd,robust,4,tree|L3,cv,0.72625
A,crisismmd,robust,4,tree|L4,train,0.835
A,crisismmd,robust,4,tree|L4,cv,0.82125
A,crisismmd,robust,4,tree|L6,train,0.9275
A,crisismmd,robust,4,tree|L6,cv,0.9137500000000001
A,crisismmd,robust,4,tree|L8,train,0.92875
A,crisismmd,robust,4,tree|L8,cv,0.91625
A,crisismmd,robust,4,tree|L12,train,0.95
A,crisismmd,robust,4,tree|L12,cv,0.9112500000000001
A,crisismmd,robust,4,tree|L16,train,0.95625
A,crisismmd,robust,4,tree|L16,cv,0.915
A,crisismmd,robust,4,tree|L24,train,0.9675
A,crisismmd,robust,4,tree|L24,cv,0.91625
B,crisismmd,robust,4,all,n_with_content,800
B,crisismmd,robust,4,all,n_nodes,800
B,crisismmd,robust,4,all,refit_fallback,0
B,crisismmd,robust,4,all,flip_rate_refit,0.11875
B,crisismmd,robust,4,all,flip_rate_seed_noise,0.01125
B,crisismmd,robust,4,content_sensitivity,auc_flip,0.4613213885778275
B,crisismmd,robust,4,content_sensitivity,spearman_flip,-0.04334392246478428
B,crisismmd,robust,4,content_flip_margin,auc_flip,0.9479656588279209
B,crisismmd,robust,4,content_flip_margin,spearman_flip,0.5019980828989347
B,crisismmd,robust,4,alpha,auc_flip,0.5842627846211272
B,crisismmd,robust,4,alpha,spearman_flip,0.09442633716657406
B,crisismmd,robust,4,normshare,auc_flip,0.5945502053004852
B,crisismmd,robust,4,normshare,spearman_flip,0.10595459911532386
B,crisismmd,robust,4,structure_sensitivity_neg,auc_flip,0.9340052258305338
B,crisismmd,robust,4,structure_sensitivity_neg,spearman_flip,0.4863537796738533
B,crisismmd,robust,4,intervention_flip,agreement,0.89625
B,crisismmd,robust,4,intervention_flip,precision,0.5681818181818182
B,crisismmd,robust,4,intervention_flip,recall,0.5263157894736842
B,crisismmd,robust,4,all,mean_content_sensitivity,0.19292780811668897
B,crisismmd,robust,4,all,mean_structure_sensitivity,0.2571239656721253
_,crisismmd,robust,4,core|crisismmd|robust|4,_done,2.03
A,fakeddit,default,1,nbr,n_rules,4.0
A,fakeddit,default,1,nbr,coverage,0.98
A,fakeddit,default,1,nbr,fidelity,0.8116666666666666
A,fakeddit,default,1,nbr,precision_covered,0.8282312925170068
A,fakeddit,default,1,nbr,majority,0.385
A,fakeddit,default,1,nbr,fidelity_with_fallback,0.8291666666666667
A,fakeddit,default,1,old,fidelity,0.3975
A,fakeddit,default,1,old,n_rules,5.0
A,fakeddit,default,1,curve|r1,fidelity,0.36583333333333334
A,fakeddit,default,1,curve|r1,coverage,0.44666666666666666
A,fakeddit,default,1,curve|r2,fidelity,0.605
A,fakeddit,default,1,curve|r2,coverage,0.7791666666666667
A,fakeddit,default,1,curve|r3,fidelity,0.8125
A,fakeddit,default,1,curve|r3,coverage,0.9816666666666667
A,fakeddit,default,1,curve|r4,fidelity,0.8116666666666666
A,fakeddit,default,1,curve|r4,coverage,0.98
A,fakeddit,default,1,tree|L2,train,0.6241666666666666
A,fakeddit,default,1,tree|L2,cv,0.6241666666666668
A,fakeddit,default,1,tree|L3,train,0.8216666666666667
A,fakeddit,default,1,tree|L3,cv,0.8166666666666667
A,fakeddit,default,1,tree|L4,train,0.8216666666666667
A,fakeddit,default,1,tree|L4,cv,0.8183333333333334
A,fakeddit,default,1,tree|L6,train,0.8333333333333334
A,fakeddit,default,1,tree|L6,cv,0.8100000000000002
A,fakeddit,default,1,tree|L8,train,0.8366666666666667
A,fakeddit,default,1,tree|L8,cv,0.8041666666666668
A,fakeddit,default,1,tree|L12,train,0.8466666666666667
A,fakeddit,default,1,tree|L12,cv,0.8074999999999999
A,fakeddit,default,1,tree|L16,train,0.8541666666666666
A,fakeddit,default,1,tree|L16,cv,0.8083333333333333
A,fakeddit,default,1,tree|L24,train,0.8641666666666666
A,fakeddit,default,1,tree|L24,cv,0.7991666666666667
B,fakeddit,default,1,all,n_with_content,1200
B,fakeddit,default,1,all,n_nodes,1200
B,fakeddit,default,1,all,refit_fallback,0
B,fakeddit,default,1,all,flip_rate_refit,0.5141666666666667
B,fakeddit,default,1,all,flip_rate_seed_noise,0.25583333333333336
B,fakeddit,default,1,content_sensitivity,auc_flip,0.4725126559932835
B,fakeddit,default,1,content_sensitivity,spearman_flip,-0.04759037915757632
B,fakeddit,default,1,content_flip_margin,auc_flip,0.6296193332981199
B,fakeddit,default,1,content_flip_margin,spearman_flip,0.22441721602139827
B,fakeddit,default,1,alpha,auc_flip,0.597671464036407
B,fakeddit,default,1,alpha,spearman_flip,0.16911314022811888
B,fakeddit,default,1,normshare,auc_flip,0.5975241235325024
B,fakeddit,default,1,normshare,spearman_flip,0.1688489806358894
B,fakeddit,default,1,structure_sensitivity_neg,auc_flip,0.7195943410126462
B,fakeddit,default,1,structure_sensitivity_neg,spearman_flip,0.38019598936500965
B,fakeddit,default,1,intervention_flip,agreement,0.49333333333333335
B,fakeddit,default,1,intervention_flip,precision,0.5145631067961165
B,fakeddit,default,1,intervention_flip,recall,0.2576985413290113
B,fakeddit,default,1,all,mean_content_sensitivity,0.11648332597086636
B,fakeddit,default,1,all,mean_structure_sensitivity,0.14021291304664849
_,fakeddit,default,1,core|fakeddit|default|1,_done,4.62
A,fakeddit,default,0,nbr,n_rules,5.0
A,fakeddit,default,0,nbr,coverage,0.85
A,fakeddit,default,0,nbr,fidelity,0.5441666666666667
A,fakeddit,default,0,nbr,precision_covered,0.6401960784313725
A,fakeddit,default,0,nbr,majority,0.3616666666666667
A,fakeddit,default,0,nbr,fidelity_with_fallback,0.64
A,fakeddit,default,0,old,fidelity,0.37
A,fakeddit,default,0,old,n_rules,5.0
A,fakeddit,default,0,curve|r1,fidelity,0.18083333333333335
A,fakeddit,default,0,curve|r1,coverage,0.3491666666666667
A,fakeddit,default,0,curve|r2,fidelity,0.13916666666666666
A,fakeddit,default,0,curve|r2,coverage,0.3383333333333333
A,fakeddit,default,0,curve|r3,fidelity,0.3383333333333333
A,fakeddit,default,0,curve|r3,coverage,0.5825
A,fakeddit,default,0,curve|r4,fidelity,0.5075
A,fakeddit,default,0,curve|r4,coverage,0.7683333333333333
A,fakeddit,default,0,curve|r5,fidelity,0.5441666666666667
A,fakeddit,default,0,curve|r5,coverage,0.85
A,fakeddit,default,0,tree|L2,train,0.5266666666666666
A,fakeddit,default,0,tree|L2,cv,0.5266666666666666
A,fakeddit,default,0,tree|L3,train,0.6925
A,fakeddit,default,0,tree|L3,cv,0.6891666666666666
A,fakeddit,default,0,tree|L4,train,0.7091666666666666
A,fakeddit,default,0,tree|L4,cv,0.7033333333333334
A,fakeddit,default,0,tree|L6,train,0.7333333333333333
A,fakeddit,default,0,tree|L6,cv,0.7058333333333333
A,fakeddit,default,0,tree|L8,train,0.7458333333333333
A,fakeddit,default,0,tree|L8,cv,0.7125
A,fakeddit,default,0,tree|L12,train,0.7525
A,fakeddit,default,0,tree|L12,cv,0.7249999999999999
A,fakeddit,default,0,tree|L16,train,0.7566666666666667
A,fakeddit,default,0,tree|L16,cv,0.7183333333333334
A,fakeddit,default,0,tree|L24,train,0.7658333333333334
A,fakeddit,default,0,tree|L24,cv,0.7083333333333334
B,fakeddit,default,0,all,n_with_content,1200
B,fakeddit,default,0,all,n_nodes,1200
B,fakeddit,default,0,all,refit_fallback,0
B,fakeddit,default,0,all,flip_rate_refit,0.5558333333333333
B,fakeddit,default,0,all,flip_rate_seed_noise,0.3075
B,fakeddit,default,0,content_sensitivity,auc_flip,0.3545066116097674
B,fakeddit,default,0,content_sensitivity,spearman_flip,-0.25042593705336014
B,fakeddit,default,0,content_flip_margin,auc_flip,0.6793151266768117
B,fakeddit,default,0,content_flip_margin,spearman_flip,0.30864054458227974
B,fakeddit,default,0,alpha,auc_flip,0.5243410189839415
B,fakeddit,default,0,alpha,spearman_flip,0.04189846125139857
B,fakeddit,default,0,normshare,auc_flip,0.5244507202308789
B,fakeddit,default,0,normshare,spearman_flip,0.04208503625624865
B,fakeddit,default,0,structure_sensitivity_neg,auc_flip,0.6815991628951003
B,fakeddit,default,0,structure_sensitivity_neg,spearman_flip,0.31257187037348755
B,fakeddit,default,0,intervention_flip,agreement,0.5316666666666666
B,fakeddit,default,0,intervention_flip,precision,0.6504297994269341
B,fakeddit,default,0,intervention_flip,recall,0.3403298350824588
B,fakeddit,default,0,all,mean_content_sensitivity,0.14285819288991572
B,fakeddit,default,0,all,mean_structure_sensitivity,0.17126333228474058
_,fakeddit,default,0,core|fakeddit|default|0,_done,4.78
A,fakeddit,default,3,nbr,n_rules,5.0
A,fakeddit,default,3,nbr,coverage,0.875
A,fakeddit,default,3,nbr,fidelity,0.7058333333333333
A,fakeddit,default,3,nbr,precision_covered,0.8066666666666666
A,fakeddit,default,3,nbr,majority,0.32166666666666666
A,fakeddit,default,3,nbr,fidelity_with_fallback,0.8125
A,fakeddit,default,3,old,fidelity,0.3516666666666667
A,fakeddit,default,3,old,n_rules,5.0
A,fakeddit,default,3,curve|r1,fidelity,0.245
A,fakeddit,default,3,curve|r1,coverage,0.3383333333333333
A,fakeddit,default,3,curve|r2,fidelity,0.49083333333333334
A,fakeddit,default,3,curve|r2,coverage,0.6358333333333334
A,fakeddit,default,3,curve|r3,fidelity,0.6583333333333333
A,fakeddit,default,3,curve|r3,coverage,0.8175
A,fakeddit,default,3,curve|r4,fidelity,0.7058333333333333
A,fakeddit,default,3,curve|r4,coverage,0.8708333333333333
A,fakeddit,default,3,curve|r5,fidelity,0.7058333333333333
A,fakeddit,default,3,curve|r5,coverage,0.875
A,fakeddit,default,3,tree|L2,train,0.5633333333333334
A,fakeddit,default,3,tree|L2,cv,0.5591666666666667
A,fakeddit,default,3,tree|L3,train,0.7291666666666666
A,fakeddit,default,3,tree|L3,cv,0.725
A,fakeddit,default,3,tree|L4,train,0.795
A,fakeddit,default,3,tree|L4,cv,0.7825
A,fakeddit,default,3,tree|L6,train,0.8025
A,fakeddit,default,3,tree|L6,cv,0.7791666666666666
A,fakeddit,default,3,tree|L8,train,0.8025
A,fakeddit,default,3,tree|L8,cv,0.7825
A,fakeddit,default,3,tree|L12,train,0.8158333333333333
A,fakeddit,default,3,tree|L12,cv,0.7783333333333333
A,fakeddit,default,3,tree|L16,train,0.8208333333333333
A,fakeddit,default,3,tree|L16,cv,0.7783333333333333
A,fakeddit,default,3,tree|L24,train,0.8366666666666667
A,fakeddit,default,3,tree|L24,cv,0.7675000000000001
B,fakeddit,default,3,all,n_with_content,1200
B,fakeddit,default,3,all,n_nodes,1200
B,fakeddit,default,3,all,refit_fallback,0
B,fakeddit,default,3,all,flip_rate_refit,0.49333333333333335
B,fakeddit,default,3,all,flip_rate_seed_noise,0.2758333333333333
B,fakeddit,default,3,content_sensitivity,auc_flip,0.3595361397581792
B,fakeddit,default,3,content_sensitivity,spearman_flip,-0.24326900024726592
B,fakeddit,default,3,content_flip_margin,auc_flip,0.7670752578236131
B,fakeddit,default,3,content_flip_margin,spearman_flip,0.46254695906026233
B,fakeddit,default,3,alpha,auc_flip,0.5352840504978663
B,fakeddit,default,3,alpha,spearman_flip,0.06111163103140404
B,fakeddit,default,3,normshare,auc_flip,0.5349006490042674
B,fakeddit,default,3,normshare,spearman_flip,0.06044434473488182
B,fakeddit,default,3,structure_sensitivity_neg,auc_flip,0.664018047652916
B,fakeddit,default,3,structure_sensitivity_neg,spearman_flip,0.2840624371731001
B,fakeddit,default,3,intervention_flip,agreement,0.6
B,fakeddit,default,3,intervention_flip,precision,0.6830065359477124
B,fakeddit,default,3,intervention_flip,recall,0.3530405405405405
B,fakeddit,default,3,all,mean_content_sensitivity,0.1557065115320465
B,fakeddit,default,3,all,mean_structure_sensitivity,0.178340183514846
_,fakeddit,default,3,core|fakeddit|default|3,_done,5.06
A,fakeddit,default,2,nbr,n_rules,6.0
A,fakeddit,default,2,nbr,coverage,0.9466666666666667
A,fakeddit,default,2,nbr,fidelity,0.7008333333333333
A,fakeddit,default,2,nbr,precision_covered,0.7403169014084507
A,fakeddit,default,2,nbr,majority,0.3283333333333333
A,fakeddit,default,2,nbr,fidelity_with_fallback,0.7358333333333333
A,fakeddit,default,2,old,fidelity,0.3625
A,fakeddit,default,2,old,n_rules,5.0
A,fakeddit,default,2,curve|r1,fidelity,0.29333333333333333
A,fakeddit,default,2,curve|r1,coverage,0.4425
A,fakeddit,default,2,curve|r2,fidelity,0.5441666666666667
A,fakeddit,default,2,curve|r2,coverage,0.7783333333333333
A,fakeddit,default,2,curve|r3,fidelity,0.7083333333333334
A,fakeddit,default,2,curve|r3,coverage,0.9466666666666667
A,fakeddit,default,2,curve|r4,fidelity,0.7041666666666667
A,fakeddit,default,2,curve|r4,coverage,0.95
A,fakeddit,default,2,curve|r5,fidelity,0.7025
A,fakeddit,default,2,curve|r5,coverage,0.9491666666666667
A,fakeddit,default,2,curve|r6,fidelity,0.7008333333333333
A,fakeddit,default,2,curve|r6,coverage,0.9466666666666667
A,fakeddit,default,2,tree|L2,train,0.5808333333333333
A,fakeddit,default,2,tree|L2,cv,0.5808333333333333
A,fakeddit,default,2,tree|L3,train,0.7466666666666667
A,fakeddit,default,2,tree|L3,cv,0.7466666666666667
A,fakeddit,default,2,tree|L4,train,0.7466666666666667
A,fakeddit,default,2,tree|L4,cv,0.7441666666666666
A,fakeddit,default,2,tree|L6,train,0.7525
A,fakeddit,default,2,tree|L6,cv,0.7416666666666666
A,fakeddit,default,2,tree|L8,train,0.7566666666666667
A,fakeddit,default,2,tree|L8,cv,0.7425
A,fakeddit,default,2,tree|L12,train,0.7641666666666667
A,fakeddit,default,2,tree|L12,cv,0.7399999999999999
A,fakeddit,default,2,tree|L16,train,0.7666666666666667
A,fakeddit,default,2,tree|L16,cv,0.7316666666666667
A,fakeddit,default,2,tree|L24,train,0.78
A,fakeddit,default,2,tree|L24,cv,0.7166666666666667
B,fakeddit,default,2,all,n_with_content,1200
B,fakeddit,default,2,all,n_nodes,1200
B,fakeddit,default,2,all,refit_fallback,0
B,fakeddit,default,2,all,flip_rate_refit,0.5266666666666666
B,fakeddit,default,2,all,flip_rate_seed_noise,0.23083333333333333
B,fakeddit,default,2,content_sensitivity,auc_flip,0.3535417409520414
B,fakeddit,default,2,content_sensitivity,spearman_flip,-0.25331219730966703
B,fakeddit,default,2,content_flip_margin,auc_flip,0.7471516201640221
B,fakeddit,default,2,content_flip_margin,spearman_flip,0.437292666659602
B,fakeddit,default,2,alpha,auc_flip,0.5103321670529506
B,fakeddit,default,2,alpha,spearman_flip,0.017871332016956575
B,fakeddit,default,2,normshare,auc_flip,0.5102708816188268
B,fakeddit,default,2,normshare,spearman_flip,0.017764376062401187
B,fakeddit,default,2,structure_sensitivity_neg,auc_flip,0.6923053351756105
B,fakeddit,default,2,structure_sensitivity_neg,spearman_flip,0.3326086717428102
B,fakeddit,default,2,intervention_flip,agreement,0.6266666666666667
B,fakeddit,default,2,intervention_flip,precision,0.7100456621004566
B,fakeddit,default,2,intervention_flip,recall,0.4920886075949367
B,fakeddit,default,2,all,mean_content_sensitivity,0.15711259484854176
B,fakeddit,default,2,all,mean_structure_sensitivity,0.17498601857293997
_,fakeddit,default,2,core|fakeddit|default|2,_done,5.09
A,fakeddit,robust,0,nbr,n_rules,9.0
A,fakeddit,robust,0,nbr,coverage,0.9241666666666667
A,fakeddit,robust,0,nbr,fidelity,0.7241666666666666
A,fakeddit,robust,0,nbr,precision_covered,0.7835888187556357
A,fakeddit,robust,0,nbr,majority,0.175
A,fakeddit,robust,0,nbr,fidelity_with_fallback,0.7666666666666667
A,fakeddit,robust,0,old,fidelity,0.22666666666666666
A,fakeddit,robust,0,old,n_rules,5.0
A,fakeddit,robust,0,curve|r1,fidelity,0.1725
A,fakeddit,robust,0,curve|r1,coverage,0.3408333333333333
A,fakeddit,robust,0,curve|r2,fidelity,0.15416666666666667
A,fakeddit,robust,0,curve|r2,coverage,0.3383333333333333
A,fakeddit,robust,0,curve|r3,fidelity,0.32
A,fakeddit,robust,0,curve|r3,coverage,0.5158333333333334
A,fakeddit,robust,0,curve|r4,fidelity,0.41833333333333333
A,fakeddit,robust,0,curve|r4,coverage,0.6141666666666666
A,fakeddit,robust,0,curve|r5,fidelity,0.5041666666666667
A,fakeddit,robust,0,curve|r5,coverage,0.7066666666666667
A,fakeddit,robust,0,curve|r6,fidelity,0.59
A,fakeddit,robust,0,curve|r6,coverage,0.7941666666666667
A,fakeddit,robust,0,curve|r7,fidelity,0.6733333333333333
A,fakeddit,robust,0,curve|r7,coverage,0.8766666666666667
A,fakeddit,robust,0,curve|r8,fidelity,0.7191666666666666
A,fakeddit,robust,0,curve|r8,coverage,0.9191666666666667
A,fakeddit,robust,0,curve|r9,fidelity,0.7241666666666666
A,fakeddit,robust,0,curve|r9,coverage,0.9241666666666667
A,fakeddit,robust,0,tree|L2,train,0.3408333333333333
A,fakeddit,robust,0,tree|L2,cv,0.3408333333333334
A,fakeddit,robust,0,tree|L3,train,0.44333333333333336
A,fakeddit,robust,0,tree|L3,cv,0.43
A,fakeddit,robust,0,tree|L4,train,0.5366666666666666
A,fakeddit,robust,0,tree|L4,cv,0.5216666666666667
A,fakeddit,robust,0,tree|L6,train,0.705
A,fakeddit,robust,0,tree|L6,cv,0.7033333333333334
A,fakeddit,robust,0,tree|L8,train,0.7908333333333334
A,fakeddit,robust,0,tree|L8,cv,0.7858333333333333
A,fakeddit,robust,0,tree|L12,train,0.8125
A,fakeddit,robust,0,tree|L12,cv,0.7849999999999999
A,fakeddit,robust,0,tree|L16,train,0.8275
A,fakeddit,robust,0,tree|L16,cv,0.79
A,fakeddit,robust,0,tree|L24,train,0.8558333333333333
A,fakeddit,robust,0,tree|L24,cv,0.7791666666666666
B,fakeddit,robust,0,all,n_with_content,1200
B,fakeddit,robust,0,all,n_nodes,1200
B,fakeddit,robust,0,all,refit_fallback,0
B,fakeddit,robust,0,all,flip_rate_refit,0.2375
B,fakeddit,robust,0,all,flip_rate_seed_noise,0.04083333333333333
B,fakeddit,robust,0,content_sensitivity,auc_flip,0.4438538970376762
B,fakeddit,robust,0,content_sensitivity,spearman_flip,-0.082767935488351
B,fakeddit,robust,0,content_flip_margin,auc_flip,0.9859840858978046
B,fakeddit,robust,0,content_flip_margin,spearman_flip,0.7164148061522004
B,fakeddit,robust,0,alpha,auc_flip,0.6091803278688525
B,fakeddit,robust,0,alpha,spearman_flip,0.1609571109321638
B,fakeddit,robust,0,normshare,auc_flip,0.6088735499952066
B,fakeddit,robust,0,normshare,spearman_flip,0.16049624972970786
B,fakeddit,robust,0,structure_sensitivity_neg,auc_flip,0.5756149937685745
B,fakeddit,robust,0,structure_sensitivity_neg,spearman_flip,0.11146805559041417
B,fakeddit,robust,0,intervention_flip,agreement,0.9475
B,fakeddit,robust,0,intervention_flip,precision,0.9404761904761905
B,fakeddit,robust,0,intervention_flip,recall,0.8315789473684211
B,fakeddit,robust,0,all,mean_content_sensitivity,0.18373121259385045
B,fakeddit,robust,0,all,mean_structure_sensitivity,0.4718854057745023
_,fakeddit,robust,0,core|fakeddit|robust|0,_done,5.08
A,fakeddit,default,4,nbr,n_rules,4.0
A,fakeddit,default,4,nbr,coverage,0.71
A,fakeddit,default,4,nbr,fidelity,0.4558333333333333
A,fakeddit,default,4,nbr,precision_covered,0.642018779342723
A,fakeddit,default,4,nbr,majority,0.3475
A,fakeddit,default,4,nbr,fidelity_with_fallback,0.6983333333333334
A,fakeddit,default,4,old,fidelity,0.36333333333333334
A,fakeddit,default,4,old,n_rules,5.0
A,fakeddit,default,4,curve|r1,fidelity,0.16333333333333333
A,fakeddit,default,4,curve|r1,coverage,0.33666666666666667
A,fakeddit,default,4,curve|r2,fidelity,0.12666666666666668
A,fakeddit,default,4,curve|r2,coverage,0.3225
A,fakeddit,default,4,curve|r3,fidelity,0.3541666666666667
A,fakeddit,default,4,curve|r3,coverage,0.5858333333333333
A,fakeddit,default,4,curve|r4,fidelity,0.4558333333333333
A,fakeddit,default,4,curve|r4,coverage,0.71
A,fakeddit,default,4,tree|L2,train,0.505
A,fakeddit,default,4,tree|L2,cv,0.49333333333333335
A,fakeddit,default,4,tree|L3,train,0.7016666666666667
A,fakeddit,default,4,tree|L3,cv,0.6849999999999999
A,fakeddit,default,4,tree|L4,train,0.7125
A,fakeddit,default,4,tree|L4,cv,0.6958333333333333
A,fakeddit,default,4,tree|L6,train,0.74
A,fakeddit,default,4,tree|L6,cv,0.7158333333333334
A,fakeddit,default,4,tree|L8,train,0.74
A,fakeddit,default,4,tree|L8,cv,0.7175
A,fakeddit,default,4,tree|L12,train,0.7483333333333333
A,fakeddit,default,4,tree|L12,cv,0.7133333333333333
A,fakeddit,default,4,tree|L16,train,0.7625
A,fakeddit,default,4,tree|L16,cv,0.7125
A,fakeddit,default,4,tree|L24,train,0.7783333333333333
A,fakeddit,default,4,tree|L24,cv,0.7016666666666667
B,fakeddit,default,4,all,n_with_content,1200
B,fakeddit,default,4,all,n_nodes,1200
B,fakeddit,default,4,all,refit_fallback,0
B,fakeddit,default,4,all,flip_rate_refit,0.5933333333333334
B,fakeddit,default,4,all,flip_rate_seed_noise,0.30083333333333334
B,fakeddit,default,4,content_sensitivity,auc_flip,0.4920939629766071
B,fakeddit,default,4,content_sensitivity,spearman_flip,-0.01345297327270519
B,fakeddit,default,4,content_flip_margin,auc_flip,0.7002181571191748
B,fakeddit,default,4,content_flip_margin,spearman_flip,0.34069275269831895
B,fakeddit,default,4,alpha,auc_flip,0.5103466338183827
B,fakeddit,default,4,alpha,spearman_flip,0.017606854846683853
B,fakeddit,default,4,normshare,auc_flip,0.5105135614293609
B,fakeddit,default,4,normshare,spearman_flip,0.017889956812956704
B,fakeddit,default,4,structure_sensitivity_neg,auc_flip,0.5512525326947872
B,fakeddit,default,4,structure_sensitivity_neg,spearman_flip,0.08721170296335422
B,fakeddit,default,4,intervention_flip,agreement,0.49916666666666665
B,fakeddit,default,4,intervention_flip,precision,0.6545961002785515
B,fakeddit,default,4,intervention_flip,recall,0.3300561797752809
B,fakeddit,default,4,all,mean_content_sensitivity,0.09997553645435306
B,fakeddit,default,4,all,mean_structure_sensitivity,0.128772149930552
_,fakeddit,default,4,core|fakeddit|default|4,_done,5.22
A,fakeddit,robust,2,nbr,n_rules,9.0
A,fakeddit,robust,2,nbr,coverage,0.94
A,fakeddit,robust,2,nbr,fidelity,0.7408333333333333
A,fakeddit,robust,2,nbr,precision_covered,0.7881205673758865
A,fakeddit,robust,2,nbr,majority,0.16666666666666666
A,fakeddit,robust,2,nbr,fidelity_with_fallback,0.77
A,fakeddit,robust,2,old,fidelity,0.22583333333333333
A,fakeddit,robust,2,old,n_rules,5.0
A,fakeddit,robust,2,curve|r1,fidelity,0.16166666666666665
A,fakeddit,robust,2,curve|r1,coverage,0.33666666666666667
A,fakeddit,robust,2,curve|r2,fidelity,0.145
A,fakeddit,robust,2,curve|r2,coverage,0.32916666666666666
A,fakeddit,robust,2,curve|r3,fidelity,0.31
A,fakeddit,robust,2,curve|r3,coverage,0.5058333333333334
A,fakeddit,robust,2,curve|r4,fidelity,0.4075
A,fakeddit,robust,2,curve|r4,coverage,0.6033333333333334
A,fakeddit,robust,2,curve|r5,fidelity,0.49333333333333335
A,fakeddit,robust,2,curve|r5,coverage,0.6958333333333333
A,fakeddit,robust,2,curve|r6,fidelity,0.5791666666666667
A,fakeddit,robust,2,curve|r6,coverage,0.7841666666666667
A,fakeddit,robust,2,curve|r7,fidelity,0.6616666666666666
A,fakeddit,robust,2,curve|r7,coverage,0.8666666666666667
A,fakeddit,robust,2,curve|r8,fidelity,0.7108333333333333
A,fakeddit,robust,2,curve|r8,coverage,0.9116666666666666
A,fakeddit,robust,2,curve|r9,fidelity,0.7408333333333333
A,fakeddit,robust,2,curve|r9,coverage,0.94
A,fakeddit,robust,2,tree|L2,train,0.3308333333333333
A,fakeddit,robust,2,tree|L2,cv,0.32333333333333336
A,fakeddit,robust,2,tree|L3,train,0.4325
A,fakeddit,robust,2,tree|L3,cv,0.41833333333333333
A,fakeddit,robust,2,tree|L4,train,0.525
A,fakeddit,robust,2,tree|L4,cv,0.5033333333333333
A,fakeddit,robust,2,tree|L6,train,0.6925
A,fakeddit,robust,2,tree|L6,cv,0.6833333333333333
A,fakeddit,robust,2,tree|L8,train,0.7883333333333333
A,fakeddit,robust,2,tree|L8,cv,0.7716666666666667
A,fakeddit,robust,2,tree|L12,train,0.795
A,fakeddit,robust,2,tree|L12,cv,0.7766666666666666
A,fakeddit,robust,2,tree|L16,train,0.8158333333333333
A,fakeddit,robust,2,tree|L16,cv,0.78
A,fakeddit,robust,2,tree|L24,train,0.8258333333333333
A,fakeddit,robust,2,tree|L24,cv,0.7775000000000001
B,fakeddit,robust,2,all,n_with_content,1200
B,fakeddit,robust,2,all,n_nodes,1200
B,fakeddit,robust,2,all,refit_fallback,0
B,fakeddit,robust,2,all,flip_rate_refit,0.25083333333333335
B,fakeddit,robust,2,all,flip_rate_seed_noise,0.055
B,fakeddit,robust,2,content_sensitivity,auc_flip,0.47255533095096436
B,fakeddit,robust,2,content_sensitivity,spearman_flip,-0.0412126574643564
B,fakeddit,robust,2,content_flip_margin,auc_flip,0.8026082875398652
B,fakeddit,robust,2,content_flip_margin,spearman_flip,0.4544158167100998
B,fakeddit,robust,2,alpha,auc_flip,0.4171560131412163
B,fakeddit,robust,2,alpha,spearman_flip,-0.12441045595212397
B,fakeddit,robust,2,normshare,auc_flip,0.41725209627530035
B,fakeddit,robust,2,normshare,spearman_flip,-0.124259505771647
B,fakeddit,robust,2,structure_sensitivity_neg,auc_flip,0.4881873177654019
B,fakeddit,robust,2,structure_sensitivity_neg,spearman_flip,-0.017738673612713293
B,fakeddit,robust,2,intervention_flip,agreement,0.6225
B,fakeddit,robust,2,intervention_flip,precision,0.1935483870967742
B,fakeddit,robust,2,intervention_flip,recall,0.15946843853820597
B,fakeddit,robust,2,all,mean_content_sensitivity,0.1707413826030469
B,fakeddit,robust,2,all,mean_structure_sensitivity,0.4458786593476423
_,fakeddit,robust,2,core|fakeddit|robust|2,_done,5.26
A,fakeddit,robust,1,nbr,n_rules,10.0
A,fakeddit,robust,1,nbr,coverage,0.9391666666666667
A,fakeddit,robust,1,nbr,fidelity,0.7391666666666666
A,fakeddit,robust,1,nbr,precision_covered,0.7870452528837621
A,fakeddit,robust,1,nbr,majority,0.17333333333333334
A,fakeddit,robust,1,nbr,fidelity_with_fallback,0.77
A,fakeddit,robust,1,old,fidelity,0.23166666666666666
A,fakeddit,robust,1,old,n_rules,5.0
A,fakeddit,robust,1,curve|r1,fidelity,0.16916666666666666
A,fakeddit,robust,1,curve|r1,coverage,0.34
A,fakeddit,robust,1,curve|r2,fidelity,0.15916666666666668
A,fakeddit,robust,1,curve|r2,coverage,0.3383333333333333
A,fakeddit,robust,1,curve|r3,fidelity,0.32416666666666666
A,fakeddit,robust,1,curve|r3,coverage,0.515
A,fakeddit,robust,1,curve|r4,fidelity,0.4225
A,fakeddit,robust,1,curve|r4,coverage,0.6133333333333333
A,fakeddit,robust,1,curve|r5,fidelity,0.5083333333333333
A,fakeddit,robust,1,curve|r5,coverage,0.705
A,fakeddit,robust,1,curve|r6,fidelity,0.5941666666666666
A,fakeddit,robust,1,curve|r6,coverage,0.7925
A,fakeddit,robust,1,curve|r7,fidelity,0.6775
A,fakeddit,robust,1,curve|r7,coverage,0.875
A,fakeddit,robust,1,curve|r8,fidelity,0.7191666666666666
A,fakeddit,robust,1,curve|r8,coverage,0.9133333333333333
A,fakeddit,robust,1,curve|r9,fidelity,0.7366666666666667
A,fakeddit,robust,1,curve|r9,coverage,0.9316666666666666
A,fakeddit,robust,1,curve|r10,fidelity,0.7391666666666666
A,fakeddit,robust,1,curve|r10,coverage,0.9391666666666667
A,fakeddit,robust,1,tree|L2,train,0.3375
A,fakeddit,robust,1,tree|L2,cv,0.3375
A,fakeddit,robust,1,tree|L3,train,0.44
A,fakeddit,robust,1,tree|L3,cv,0.4241666666666667
A,fakeddit,robust,1,tree|L4,train,0.5333333333333333
A,fakeddit,robust,1,tree|L4,cv,0.5308333333333334
A,fakeddit,robust,1,tree|L6,train,0.7016666666666667
A,fakeddit,robust,1,tree|L6,cv,0.6991666666666667
A,fakeddit,robust,1,tree|L8,train,0.7716666666666666
A,fakeddit,robust,1,tree|L8,cv,0.76
A,fakeddit,robust,1,tree|L12,train,0.7875
A,fakeddit,robust,1,tree|L12,cv,0.7541666666666667
A,fakeddit,robust,1,tree|L16,train,0.8033333333333333
A,fakeddit,robust,1,tree|L16,cv,0.7483333333333333
A,fakeddit,robust,1,tree|L24,train,0.8216666666666667
A,fakeddit,robust,1,tree|L24,cv,0.7466666666666667
B,fakeddit,robust,1,all,n_with_content,1200
B,fakeddit,robust,1,all,n_nodes,1200
B,fakeddit,robust,1,all,refit_fallback,0
B,fakeddit,robust,1,all,flip_rate_refit,0.23166666666666666
B,fakeddit,robust,1,all,flip_rate_seed_noise,0.049166666666666664
B,fakeddit,robust,1,content_sensitivity,auc_flip,0.4350099096427847
B,fakeddit,robust,1,content_sensitivity,spearman_flip,-0.09498270355613833
B,fakeddit,robust,1,content_flip_margin,auc_flip,0.9884322476942524
B,fakeddit,robust,1,content_flip_margin,spearman_flip,0.7138413738926418
B,fakeddit,robust,1,alpha,auc_flip,0.5750948048502629
B,fakeddit,robust,1,alpha,spearman_flip,0.10975657556692828
B,fakeddit,robust,1,normshare,auc_flip,0.5747826901168869
B,fakeddit,robust,1,normshare,spearman_flip,0.10929454086709446
B,fakeddit,robust,1,structure_sensitivity_neg,auc_flip,0.5428767614975265
B,fakeddit,robust,1,structure_sensitivity_neg,spearman_flip,0.06266418009856888
B,fakeddit,robust,1,intervention_flip,agreement,0.9583333333333334
B,fakeddit,robust,1,intervention_flip,precision,0.9453125
B,fakeddit,robust,1,intervention_flip,recall,0.8705035971223022
B,fakeddit,robust,1,all,mean_content_sensitivity,0.18448269689506427
B,fakeddit,robust,1,all,mean_structure_sensitivity,0.46835073860169757
_,fakeddit,robust,1,core|fakeddit|robust|1,_done,5.34
A,fakeddit_real_lcc,default,1,nbr,n_rules,3.0
A,fakeddit_real_lcc,default,1,nbr,coverage,0.9983108108108109
A,fakeddit_real_lcc,default,1,nbr,fidelity,0.9256756756756757
A,fakeddit_real_lcc,default,1,nbr,precision_covered,0.9272419627749577
A,fakeddit_real_lcc,default,1,nbr,majority,0.42567567567567566
A,fakeddit_real_lcc,default,1,nbr,fidelity_with_fallback,0.9256756756756757
A,fakeddit_real_lcc,default,1,old,fidelity,0.42567567567567566
A,fakeddit_real_lcc,default,1,old,n_rules,5.0
A,fakeddit_real_lcc,default,1,curve|r1,fidelity,0.4189189189189189
A,fakeddit_real_lcc,default,1,curve|r1,coverage,0.44425675675675674
A,fakeddit_real_lcc,default,1,curve|r2,fidelity,0.7804054054054054
A,fakeddit_real_lcc,default,1,curve|r2,coverage,0.8513513513513513
A,fakeddit_real_lcc,default,1,curve|r3,fidelity,0.9256756756756757
A,fakeddit_real_lcc,default,1,curve|r3,coverage,0.9983108108108109
A,fakeddit_real_lcc,default,1,tree|L2,train,0.7804054054054054
A,fakeddit_real_lcc,default,1,tree|L2,cv,0.7803589232303091
A,fakeddit_real_lcc,default,1,tree|L3,train,0.9273648648648649
A,fakeddit_real_lcc,default,1,tree|L3,cv,0.9273750178037317
A,fakeddit_real_lcc,default,1,tree|L4,train,0.9273648648648649
A,fakeddit_real_lcc,default,1,tree|L4,cv,0.9273750178037317
A,fakeddit_real_lcc,default,1,tree|L6,train,0.9442567567567568
A,fakeddit_real_lcc,default,1,tree|L6,cv,0.9392109386127332
A,fakeddit_real_lcc,default,1,tree|L8,train,0.9442567567567568
A,fakeddit_real_lcc,default,1,tree|L8,cv,0.9409058538669706
A,fakeddit_real_lcc,default,1,tree|L12,train,0.9679054054054054
A,fakeddit_real_lcc,default,1,tree|L12,cv,0.957826520438684
A,fakeddit_real_lcc,default,1,tree|L16,train,0.9797297297297297
A,fakeddit_real_lcc,default,1,tree|L16,cv,0.9595214356929211
A,fakeddit_real_lcc,default,1,tree|L24,train,0.9881756756756757
A,fakeddit_real_lcc,default,1,tree|L24,cv,0.956160091155106
B,fakeddit_real_lcc,default,1,all,n_with_content,592
B,fakeddit_real_lcc,default,1,all,n_nodes,592
B,fakeddit_real_lcc,default,1,all,refit_fallback,0
B,fakeddit_real_lcc,default,1,all,flip_rate_refit,0.34966216216216217
B,fakeddit_real_lcc,default,1,all,flip_rate_seed_noise,0.33783783783783783
B,fakeddit_real_lcc,default,1,content_sensitivity,auc_flip,0.25734362256101384
B,fakeddit_real_lcc,default,1,content_sensitivity,spearman_flip,-0.4008452884150755
B,fakeddit_real_lcc,default,1,content_flip_margin,auc_flip,0.8654495263190916
B,fakeddit_real_lcc,default,1,content_flip_margin,spearman_flip,0.6036879076683749
B,fakeddit_real_lcc,default,1,alpha,auc_flip,0.4772695903130686
B,fakeddit_real_lcc,default,1,alpha,spearman_flip,-0.03754849745065952
B,fakeddit_real_lcc,default,1,normshare,auc_flip,0.4772821381517034
B,fakeddit_real_lcc,default,1,normshare,spearman_flip,-0.03752775006724897
B,fakeddit_real_lcc,default,1,structure_sensitivity_neg,auc_flip,0.8141665098186838
B,fakeddit_real_lcc,default,1,structure_sensitivity_neg,spearman_flip,0.5189732351884816
B,fakeddit_real_lcc,default,1,intervention_flip,agreement,0.7179054054054054
B,fakeddit_real_lcc,default,1,intervention_flip,precision,0.9545454545454546
B,fakeddit_real_lcc,default,1,intervention_flip,recall,0.2028985507246377
B,fakeddit_real_lcc,default,1,all,mean_content_sensitivity,0.16695746130120312
B,fakeddit_real_lcc,default,1,all,mean_structure_sensitivity,0.12646594908653822
_,fakeddit_real_lcc,default,1,core|fakeddit_real_lcc|default|1,_done,1.16
A,fakeddit_real_lcc,default,0,nbr,n_rules,4.0
A,fakeddit_real_lcc,default,0,nbr,coverage,0.9983108108108109
A,fakeddit_real_lcc,default,0,nbr,fidelity,0.902027027027027
A,fakeddit_real_lcc,default,0,nbr,precision_covered,0.9035532994923858
A,fakeddit_real_lcc,default,0,nbr,majority,0.41216216216216217
A,fakeddit_real_lcc,default,0,nbr,fidelity_with_fallback,0.902027027027027
A,fakeddit_real_lcc,default,0,old,fidelity,0.4358108108108108
A,fakeddit_real_lcc,default,0,old,n_rules,5.0
A,fakeddit_real_lcc,default,0,curve|r1,fidelity,0.40709459459459457
A,fakeddit_real_lcc,default,0,curve|r1,coverage,0.44425675675675674
A,fakeddit_real_lcc,default,0,curve|r2,fidelity,0.7533783783783784
A,fakeddit_real_lcc,default,0,curve|r2,coverage,0.8496621621621622
A,fakeddit_real_lcc,default,0,curve|r3,fidelity,0.902027027027027
A,fakeddit_real_lcc,default,0,curve|r3,coverage,0.9983108108108109
A,fakeddit_real_lcc,default,0,curve|r4,fidelity,0.902027027027027
A,fakeddit_real_lcc,default,0,curve|r4,coverage,0.9983108108108109
A,fakeddit_real_lcc,default,0,tree|L2,train,0.7533783783783784
A,fakeddit_real_lcc,default,0,tree|L2,cv,0.7534111949864692
A,fakeddit_real_lcc,default,0,tree|L3,train,0.902027027027027
A,fakeddit_real_lcc,default,0,tree|L3,cv,0.9020367469021509
A,fakeddit_real_lcc,default,0,tree|L4,train,0.902027027027027
A,fakeddit_real_lcc,default,0,tree|L4,cv,0.9020367469021509
A,fakeddit_real_lcc,default,0,tree|L6,train,0.9290540540540541
A,fakeddit_real_lcc,default,0,tree|L6,cv,0.9156103119213788
A,fakeddit_real_lcc,default,0,tree|L8,train,0.9459459459459459
A,fakeddit_real_lcc,default,0,tree|L8,cv,0.9291411479846176
A,fakeddit_real_lcc,default,0,tree|L12,train,0.9628378378378378
A,fakeddit_real_lcc,default,0,tree|L12,cv,0.9307933342828658
A,fakeddit_real_lcc,default,0,tree|L16,train,0.9695945945945946
A,fakeddit_real_lcc,default,0,tree|L16,cv,0.9510183734510754
A,fakeddit_real_lcc,default,0,tree|L24,train,0.981418918918919
A,fakeddit_real_lcc,default,0,tree|L24,cv,0.9594929497222617
B,fakeddit_real_lcc,default,0,all,n_with_content,592
B,fakeddit_real_lcc,default,0,all,n_nodes,592
B,fakeddit_real_lcc,default,0,all,refit_fallback,0
B,fakeddit_real_lcc,default,0,all,flip_rate_refit,0.3277027027027027
B,fakeddit_real_lcc,default,0,all,flip_rate_seed_noise,0.07432432432432433
B,fakeddit_real_lcc,default,0,content_sensitivity,auc_flip,0.3007045536963166
B,fakeddit_real_lcc,default,0,content_sensitivity,spearman_flip,-0.32404797550356124
B,fakeddit_real_lcc,default,0,content_flip_margin,auc_flip,0.8799279904678029
B,fakeddit_real_lcc,default,0,content_flip_margin,spearman_flip,0.6177506733426675
B,fakeddit_real_lcc,default,0,alpha,auc_flip,0.5448116873024919
B,fakeddit_real_lcc,default,0,alpha,spearman_flip,0.07286239789986328
B,fakeddit_real_lcc,default,0,normshare,auc_flip,0.5448116873024919
B,fakeddit_real_lcc,default,0,normshare,spearman_flip,0.07286235997155717
B,fakeddit_real_lcc,default,0,structure_sensitivity_neg,auc_flip,0.8574185359788633
B,fakeddit_real_lcc,default,0,structure_sensitivity_neg,spearman_flip,0.5811510254725616
B,fakeddit_real_lcc,default,0,intervention_flip,agreement,0.6790540540540541
B,fakeddit_real_lcc,default,0,intervention_flip,precision,0.532258064516129
B,fakeddit_real_lcc,default,0,intervention_flip,recall,0.17010309278350516
B,fakeddit_real_lcc,default,0,all,mean_content_sensitivity,0.18353254044035855
B,fakeddit_real_lcc,default,0,all,mean_structure_sensitivity,0.13457459975205194
_,fakeddit_real_lcc,default,0,core|fakeddit_real_lcc|default|0,_done,1.25
A,fakeddit,robust,4,nbr,n_rules,10.0
A,fakeddit,robust,4,nbr,coverage,0.92
A,fakeddit,robust,4,nbr,fidelity,0.65
A,fakeddit,robust,4,nbr,precision_covered,0.7065217391304348
A,fakeddit,robust,4,nbr,majority,0.17166666666666666
A,fakeddit,robust,4,nbr,fidelity_with_fallback,0.6841666666666667
A,fakeddit,robust,4,old,fidelity,0.2225
A,fakeddit,robust,4,old,n_rules,5.0
A,fakeddit,robust,4,curve|r1,fidelity,0.17
A,fakeddit,robust,4,curve|r1,coverage,0.3416666666666667
A,fakeddit,robust,4,curve|r2,fidelity,0.14833333333333334
A,fakeddit,robust,4,curve|r2,coverage,0.33166666666666667
A,fakeddit,robust,4,curve|r3,fidelity,0.22583333333333333
A,fakeddit,robust,4,curve|r3,coverage,0.4825
A,fakeddit,robust,4,curve|r4,fidelity,0.21583333333333332
A,fakeddit,robust,4,curve|r4,coverage,0.485
A,fakeddit,robust,4,curve|r5,fidelity,0.31416666666666665
A,fakeddit,robust,4,curve|r5,coverage,0.5841666666666666
A,fakeddit,robust,4,curve|r6,fidelity,0.40166666666666667
A,fakeddit,robust,4,curve|r6,coverage,0.6775
A,fakeddit,robust,4,curve|r7,fidelity,0.4875
A,fakeddit,robust,4,curve|r7,coverage,0.765
A,fakeddit,robust,4,curve|r8,fidelity,0.5708333333333333
A,fakeddit,robust,4,curve|r8,coverage,0.8475
A,fakeddit,robust,4,curve|r9,fidelity,0.6158333333333333
A,fakeddit,robust,4,curve|r9,coverage,0.8883333333333333
A,fakeddit,robust,4,curve|r10,fidelity,0.65
A,fakeddit,robust,4,curve|r10,coverage,0.92
A,fakeddit,robust,4,tree|L2,train,0.2733333333333333
A,fakeddit,robust,4,tree|L2,cv,0.2658333333333333
A,fakeddit,robust,4,tree|L3,train,0.365
A,fakeddit,robust,4,tree|L3,cv,0.3433333333333333
A,fakeddit,robust,4,tree|L4,train,0.4508333333333333
A,fakeddit,robust,4,tree|L4,cv,0.42250000000000004
A,fakeddit,robust,4,tree|L6,train,0.6158333333333333
A,fakeddit,robust,4,tree|L6,cv,0.6108333333333333
A,fakeddit,robust,4,tree|L8,train,0.7041666666666667
A,fakeddit,robust,4,tree|L8,cv,0.6933333333333334
A,fakeddit,robust,4,tree|L12,train,0.7183333333333334
A,fakeddit,robust,4,tree|L12,cv,0.6908333333333333
A,fakeddit,robust,4,tree|L16,train,0.7241666666666666
A,fakeddit,robust,4,tree|L16,cv,0.6883333333333332
A,fakeddit,robust,4,tree|L24,train,0.755
A,fakeddit,robust,4,tree|L24,cv,0.6933333333333334
B,fakeddit,robust,4,all,n_with_content,1200
B,fakeddit,robust,4,all,n_nodes,1200
B,fakeddit,robust,4,all,refit_fallback,0
B,fakeddit,robust,4,all,flip_rate_refit,0.31916666666666665
B,fakeddit,robust,4,all,flip_rate_seed_noise,0.11
B,fakeddit,robust,4,content_sensitivity,auc_flip,0.5597757828903427
B,fakeddit,robust,4,content_sensitivity,spearman_flip,0.09652620143060943
B,fakeddit,robust,4,content_flip_margin,auc_flip,0.9536321829529801
B,fakeddit,robust,4,content_flip_margin,spearman_flip,0.7325272769317545
B,fakeddit,robust,4,alpha,auc_flip,0.6171914697789467
B,fakeddit,robust,4,alpha,spearman_flip,0.18925144897503288
B,fakeddit,robust,4,normshare,auc_flip,0.6169358060279121
B,fakeddit,robust,4,normshare,spearman_flip,0.18882846231905231
B,fakeddit,robust,4,structure_sensitivity_neg,auc_flip,0.5638376407349055
B,fakeddit,robust,4,structure_sensitivity_neg,spearman_flip,0.10308530763597737
B,fakeddit,robust,4,intervention_flip,agreement,0.9433333333333334
B,fakeddit,robust,4,intervention_flip,precision,0.9701492537313433
B,fakeddit,robust,4,intervention_flip,recall,0.8485639686684073
B,fakeddit,robust,4,all,mean_content_sensitivity,0.21547944413866552
B,fakeddit,robust,4,all,mean_structure_sensitivity,0.4653185643053077
_,fakeddit,robust,4,core|fakeddit|robust|4,_done,4.8
A,fakeddit_real_lcc,default,3,nbr,n_rules,2.0
A,fakeddit_real_lcc,default,3,nbr,coverage,0.9966216216216216
A,fakeddit_real_lcc,default,3,nbr,fidelity,0.9425675675675675
A,fakeddit_real_lcc,default,3,nbr,precision_covered,0.9457627118644067
A,fakeddit_real_lcc,default,3,nbr,majority,0.5101351351351351
A,fakeddit_real_lcc,default,3,nbr,fidelity_with_fallback,0.9425675675675675
A,fakeddit_real_lcc,default,3,old,fidelity,0.535472972972973
A,fakeddit_real_lcc,default,3,old,n_rules,5.0
A,fakeddit_real_lcc,default,3,curve|r1,fidelity,0.5067567567567568
A,fakeddit_real_lcc,default,3,curve|r1,coverage,0.5574324324324325
A,fakeddit_real_lcc,default,3,curve|r2,fidelity,0.9425675675675675
A,fakeddit_real_lcc,default,3,curve|r2,coverage,0.9966216216216216
A,fakeddit_real_lcc,default,3,tree|L2,train,0.9476351351351351
A,fakeddit_real_lcc,default,3,tree|L2,cv,0.9459478706736931
A,fakeddit_real_lcc,default,3,tree|L3,train,0.9476351351351351
A,fakeddit_real_lcc,default,3,tree|L3,cv,0.9459478706736931
A,fakeddit_real_lcc,default,3,tree|L4,train,0.9577702702702703
A,fakeddit_real_lcc,default,3,tree|L4,cv,0.9510183734510754
A,fakeddit_real_lcc,default,3,tree|L6,train,0.9763513513513513
A,fakeddit_real_lcc,default,3,tree|L6,cv,0.9644922375729955
A,fakeddit_real_lcc,default,3,tree|L8,train,0.981418918918919
A,fakeddit_real_lcc,default,3,tree|L8,cv,0.9678820680814699
A,fakeddit_real_lcc,default,3,tree|L12,train,0.9847972972972973
A,fakeddit_real_lcc,default,3,tree|L12,cv,0.9729525708588522
A,fakeddit_real_lcc,default,3,tree|L16,train,0.9915540540540541
A,fakeddit_real_lcc,default,3,tree|L16,cv,0.9729525708588522
A,fakeddit_real_lcc,default,3,tree|L24,train,0.9949324324324325
A,fakeddit_real_lcc,default,3,tree|L24,cv,0.9763139153966673
B,fakeddit_real_lcc,default,3,all,n_with_content,592
B,fakeddit_real_lcc,default,3,all,n_nodes,592
B,fakeddit_real_lcc,default,3,all,refit_fallback,0
B,fakeddit_real_lcc,default,3,all,flip_rate_refit,0.38344594594594594
B,fakeddit_real_lcc,default,3,all,flip_rate_seed_noise,0.20101351351351351
B,fakeddit_real_lcc,default,3,content_sensitivity,auc_flip,0.2496047311568403
B,fakeddit_real_lcc,default,3,content_sensitivity,spearman_flip,-0.4217499263831529
B,fakeddit_real_lcc,default,3,content_flip_margin,auc_flip,0.8271679439985518
B,fakeddit_real_lcc,default,3,content_flip_margin,spearman_flip,0.5510609562784718
B,fakeddit_real_lcc,default,3,alpha,auc_flip,0.46725604972542395
B,fakeddit_real_lcc,default,3,alpha,spearman_flip,-0.05515186397183457
B,fakeddit_real_lcc,default,3,normshare,auc_flip,0.46723794580894334
B,fakeddit_real_lcc,default,3,normshare,spearman_flip,-0.0551823283525929
B,fakeddit_real_lcc,default,3,structure_sensitivity_neg,auc_flip,0.7369018164262868
B,fakeddit_real_lcc,default,3,structure_sensitivity_neg,spearman_flip,0.3990224100456326
B,fakeddit_real_lcc,default,3,intervention_flip,agreement,0.6672297297297297
B,fakeddit_real_lcc,default,3,intervention_flip,precision,1.0
B,fakeddit_real_lcc,default,3,intervention_flip,recall,0.13215859030837004
B,fakeddit_real_lcc,default,3,all,mean_content_sensitivity,0.0018532397171640846
B,fakeddit_real_lcc,default,3,all,mean_structure_sensitivity,0.001458877007047184
_,fakeddit_real_lcc,default,3,core|fakeddit_real_lcc|default|3,_done,1.17
A,fakeddit_real_lcc,default,2,nbr,n_rules,4.0
A,fakeddit_real_lcc,default,2,nbr,coverage,0.9932432432432432
A,fakeddit_real_lcc,default,2,nbr,fidelity,0.9442567567567568
A,fakeddit_real_lcc,default,2,nbr,precision_covered,0.9506802721088435
A,fakeddit_real_lcc,default,2,nbr,majority,0.4560810810810811
A,fakeddit_real_lcc,default,2,nbr,fidelity_with_fallback,0.9442567567567568
A,fakeddit_real_lcc,default,2,old,fidelity,0.46114864864864863
A,fakeddit_real_lcc,default,2,old,n_rules,5.0
A,fakeddit_real_lcc,default,2,curve|r1,fidelity,0.4527027027027027
A,fakeddit_real_lcc,default,2,curve|r1,coverage,0.48986486486486486
A,fakeddit_real_lcc,default,2,curve|r2,fidelity,0.8547297297297297
A,fakeddit_real_lcc,default,2,curve|r2,coverage,0.9037162162162162
A,fakeddit_real_lcc,default,2,curve|r3,fidelity,0.9442567567567568
A,fakeddit_real_lcc,default,2,curve|r3,coverage,0.9932432432432432
A,fakeddit_real_lcc,default,2,curve|r4,fidelity,0.9442567567567568
A,fakeddit_real_lcc,default,2,curve|r4,coverage,0.9932432432432432
A,fakeddit_real_lcc,default,2,tree|L2,train,0.8614864864864865
A,fakeddit_real_lcc,default,2,tree|L2,cv,0.8599202392821536
A,fakeddit_real_lcc,default,2,tree|L3,train,0.9510135135135135
A,fakeddit_real_lcc,default,2,tree|L3,cv,0.949380430138157
A,fakeddit_real_lcc,default,2,tree|L4,train,0.9510135135135135
A,fakeddit_real_lcc,default,2,tree|L4,cv,0.949380430138157
A,fakeddit_real_lcc,default,2,tree|L6,train,0.9712837837837838
A,fakeddit_real_lcc,default,2,tree|L6,cv,0.9679532830081184
A,fakeddit_real_lcc,default,2,tree|L8,train,0.9780405405405406
A,fakeddit_real_lcc,default,2,tree|L8,cv,0.9729952998148412
A,fakeddit_real_lcc,default,2,tree|L12,train,0.9847972972972973
A,fakeddit_real_lcc,default,2,tree|L12,cv,0.9746759720837488
A,fakeddit_real_lcc,default,2,tree|L16,train,0.9932432432432432
A,fakeddit_real_lcc,default,2,tree|L16,cv,0.9814556331006978
A,fakeddit_real_lcc,default,2,tree|L24,train,0.9966216216216216
A,fakeddit_real_lcc,default,2,tree|L24,cv,0.9848312206238428
B,fakeddit_real_lcc,default,2,all,n_with_content,592
B,fakeddit_real_lcc,default,2,all,n_nodes,592
B,fakeddit_real_lcc,default,2,all,refit_fallback,0
B,fakeddit_real_lcc,default,2,all,flip_rate_refit,0.46452702702702703
B,fakeddit_real_lcc,default,2,all,flip_rate_seed_noise,0.1875
B,fakeddit_real_lcc,default,2,content_sensitivity,auc_flip,0.4777516489819329
B,fakeddit_real_lcc,default,2,content_sensitivity,spearman_flip,-0.03843822652234009
B,fakeddit_real_lcc,default,2,content_flip_margin,auc_flip,0.6303183252079152
B,fakeddit_real_lcc,default,2,content_flip_margin,spearman_flip,0.22514950884611734
B,fakeddit_real_lcc,default,2,alpha,auc_flip,0.41557786062517926
B,fakeddit_real_lcc,default,2,alpha,spearman_flip,-0.14585525926619092
B,fakeddit_real_lcc,default,2,normshare,auc_flip,0.41557786062517926
B,fakeddit_real_lcc,default,2,normshare,spearman_flip,-0.14585518334166633
B,fakeddit_real_lcc,default,2,structure_sensitivity_neg,auc_flip,0.7305305420131918
B,fakeddit_real_lcc,default,2,structure_sensitivity_neg,spearman_flip,0.3982850318670831
B,fakeddit_real_lcc,default,2,intervention_flip,agreement,0.5320945945945946
B,fakeddit_real_lcc,default,2,intervention_flip,precision,0.4666666666666667
B,fakeddit_real_lcc,default,2,intervention_flip,recall,0.05090909090909091
B,fakeddit_real_lcc,default,2,all,mean_content_sensitivity,0.0477687653850718
B,fakeddit_real_lcc,default,2,all,mean_structure_sensitivity,0.08606009628250098
_,fakeddit_real_lcc,default,2,core|fakeddit_real_lcc|default|2,_done,1.25
A,fakeddit,robust,3,nbr,n_rules,10.0
A,fakeddit,robust,3,nbr,coverage,0.9266666666666666
A,fakeddit,robust,3,nbr,fidelity,0.7266666666666667
A,fakeddit,robust,3,nbr,precision_covered,0.7841726618705036
A,fakeddit,robust,3,nbr,majority,0.175
A,fakeddit,robust,3,nbr,fidelity_with_fallback,0.7633333333333333
A,fakeddit,robust,3,old,fidelity,0.22583333333333333
A,fakeddit,robust,3,old,n_rules,5.0
A,fakeddit,robust,3,curve|r1,fidelity,0.1725
A,fakeddit,robust,3,curve|r1,coverage,0.3425
A,fakeddit,robust,3,curve|r2,fidelity,0.14583333333333334
A,fakeddit,robust,3,curve|r2,coverage,0.33
A,fakeddit,robust,3,curve|r3,fidelity,0.31083333333333335
A,fakeddit,robust,3,curve|r3,coverage,0.5066666666666667
A,fakeddit,robust,3,curve|r4,fidelity,0.4091666666666667
A,fakeddit,robust,3,curve|r4,coverage,0.6066666666666667
A,fakeddit,robust,3,curve|r5,fidelity,0.495
A,fakeddit,robust,3,curve|r5,coverage,0.6983333333333334
A,fakeddit,robust,3,curve|r6,fidelity,0.5808333333333333
A,fakeddit,robust,3,curve|r6,coverage,0.785
A,fakeddit,robust,3,curve|r7,fidelity,0.6641666666666667
A,fakeddit,robust,3,curve|r7,coverage,0.8675
A,fakeddit,robust,3,curve|r8,fidelity,0.705
A,fakeddit,robust,3,curve|r8,coverage,0.9058333333333334
A,fakeddit,robust,3,curve|r9,fidelity,0.7233333333333334
A,fakeddit,robust,3,curve|r9,coverage,0.9241666666666667
A,fakeddit,robust,3,curve|r10,fidelity,0.7266666666666667
A,fakeddit,robust,3,curve|r10,coverage,0.9266666666666666
A,fakeddit,robust,3,tree|L2,train,0.33916666666666667
A,fakeddit,robust,3,tree|L2,cv,0.33916666666666667
A,fakeddit,robust,3,tree|L3,train,0.4425
A,fakeddit,robust,3,tree|L3,cv,0.4408333333333333
A,fakeddit,robust,3,tree|L4,train,0.535
A,fakeddit,robust,3,tree|L4,cv,0.5208333333333333
A,fakeddit,robust,3,tree|L6,train,0.7025
A,fakeddit,robust,3,tree|L6,cv,0.6991666666666667
A,fakeddit,robust,3,tree|L8,train,0.765
A,fakeddit,robust,3,tree|L8,cv,0.7533333333333333
A,fakeddit,robust,3,tree|L12,train,0.7933333333333333
A,fakeddit,robust,3,tree|L12,cv,0.7666666666666666
A,fakeddit,robust,3,tree|L16,train,0.8033333333333333
A,fakeddit,robust,3,tree|L16,cv,0.7649999999999999
A,fakeddit,robust,3,tree|L24,train,0.8233333333333334
A,fakeddit,robust,3,tree|L24,cv,0.7533333333333334
B,fakeddit,robust,3,all,n_with_content,1200
B,fakeddit,robust,3,all,n_nodes,1200
B,fakeddit,robust,3,all,refit_fallback,0
B,fakeddit,robust,3,all,flip_rate_refit,0.22666666666666666
B,fakeddit,robust,3,all,flip_rate_seed_noise,0.1175
B,fakeddit,robust,3,content_sensitivity,auc_flip,0.4355547984279919
B,fakeddit,robust,3,content_sensitivity,spearman_flip,-0.09346705399851558
B,fakeddit,robust,3,content_flip_margin,auc_flip,0.9871323529411764
B,fakeddit,robust,3,content_flip_margin,spearman_flip,0.7065045158700115
B,fakeddit,robust,3,alpha,auc_flip,0.5728242266734279
B,fakeddit,robust,3,alpha,spearman_flip,0.10562509646933592
B,fakeddit,robust,3,normshare,auc_flip,0.5725072895537525
B,fakeddit,robust,3,normshare,spearman_flip,0.10515977268585677
B,fakeddit,robust,3,structure_sensitivity_neg,auc_flip,0.5495729272312373
B,fakeddit,robust,3,structure_sensitivity_neg,spearman_flip,0.07189729185980362
B,fakeddit,robust,3,intervention_flip,agreement,0.9575
B,fakeddit,robust,3,intervention_flip,precision,0.9367588932806324
B,fakeddit,robust,3,intervention_flip,recall,0.8713235294117647
B,fakeddit,robust,3,all,mean_content_sensitivity,0.1837002617337017
B,fakeddit,robust,3,all,mean_structure_sensitivity,0.46949253605026553
_,fakeddit,robust,3,core|fakeddit|robust|3,_done,5.16
A,fakeddit_real_lcc,default,4,nbr,n_rules,3.0
A,fakeddit_real_lcc,default,4,nbr,coverage,1.0
A,fakeddit_real_lcc,default,4,nbr,fidelity,0.9476351351351351
A,fakeddit_real_lcc,default,4,nbr,precision_covered,0.9476351351351351
A,fakeddit_real_lcc,default,4,nbr,majority,0.4375
A,fakeddit_real_lcc,default,4,nbr,fidelity_with_fallback,0.9476351351351351
A,fakeddit_real_lcc,default,4,old,fidelity,0.44594594594594594
A,fakeddit_real_lcc,default,4,old,n_rules,5.0
A,fakeddit_real_lcc,default,4,curve|r1,fidelity,0.43243243243243246
A,fakeddit_real_lcc,default,4,curve|r1,coverage,0.44425675675675674
A,fakeddit_real_lcc,default,4,curve|r2,fidelity,0.8023648648648649
A,fakeddit_real_lcc,default,4,curve|r2,coverage,0.8513513513513513
A,fakeddit_real_lcc,default,4,curve|r3,fidelity,0.9476351351351351
A,fakeddit_real_lcc,default,4,curve|r3,coverage,1.0
A,fakeddit_real_lcc,default,4,tree|L2,train,0.8057432432432432
A,fakeddit_real_lcc,default,4,tree|L2,cv,0.8057826520438685
A,fakeddit_real_lcc,default,4,tree|L3,train,0.9476351351351351
A,fakeddit_real_lcc,default,4,tree|L3,cv,0.947614299957271
A,fakeddit_real_lcc,default,4,tree|L4,train,0.9476351351351351
A,fakeddit_real_lcc,default,4,tree|L4,cv,0.947614299957271
A,fakeddit_real_lcc,default,4,tree|L6,train,0.9679054054054054
A,fakeddit_real_lcc,default,4,tree|L6,cv,0.9644922375729953
A,fakeddit_real_lcc,default,4,tree|L8,train,0.9746621621621622
A,fakeddit_real_lcc,default,4,tree|L8,cv,0.9611308930351802
A,fakeddit_real_lcc,default,4,tree|L12,train,0.9780405405405406
A,fakeddit_real_lcc,default,4,tree|L12,cv,0.9628115653040877
A,fakeddit_real_lcc,default,4,tree|L16,train,0.981418918918919
A,fakeddit_real_lcc,default,4,tree|L16,cv,0.9662013958125624
A,fakeddit_real_lcc,default,4,tree|L24,train,0.9881756756756757
A,fakeddit_real_lcc,default,4,tree|L24,cv,0.9696054693063667
B,fakeddit_real_lcc,default,4,all,n_with_content,592
B,fakeddit_real_lcc,default,4,all,n_nodes,592
B,fakeddit_real_lcc,default,4,all,refit_fallback,0
B,fakeddit_real_lcc,default,4,all,flip_rate_refit,0.5084459459459459
B,fakeddit_real_lcc,default,4,all,flip_rate_seed_noise,0.1554054054054054
B,fakeddit_real_lcc,default,4,content_sensitivity,auc_flip,0.3480152070418193
B,fakeddit_real_lcc,default,4,content_sensitivity,spearman_flip,-0.2632081995222166
B,fakeddit_real_lcc,default,4,content_flip_margin,auc_flip,0.5914077930380975
B,fakeddit_real_lcc,default,4,content_flip_margin,spearman_flip,0.1583005783642912
B,fakeddit_real_lcc,default,4,alpha,auc_flip,0.4925506045141625
B,fakeddit_real_lcc,default,4,alpha,spearman_flip,-0.012900915649861913
B,fakeddit_real_lcc,default,4,normshare,auc_flip,0.4925506045141625
B,fakeddit_real_lcc,default,4,normshare,spearman_flip,-0.01290090893432836
B,fakeddit_real_lcc,default,4,structure_sensitivity_neg,auc_flip,0.5850829423114245
B,fakeddit_real_lcc,default,4,structure_sensitivity_neg,spearman_flip,0.14734716296257794
B,fakeddit_real_lcc,default,4,intervention_flip,agreement,0.48986486486486486
B,fakeddit_real_lcc,default,4,intervention_flip,precision,0.48484848484848486
B,fakeddit_real_lcc,default,4,intervention_flip,recall,0.053156146179401995
B,fakeddit_real_lcc,default,4,all,mean_content_sensitivity,0.13855343879609183
B,fakeddit_real_lcc,default,4,all,mean_structure_sensitivity,0.10527132947085431
_,fakeddit_real_lcc,default,4,core|fakeddit_real_lcc|default|4,_done,1.12
A,fakeddit_real_lcc,robust,0,nbr,n_rules,6.0
A,fakeddit_real_lcc,robust,0,nbr,coverage,0.9983108108108109
A,fakeddit_real_lcc,robust,0,nbr,fidelity,0.9493243243243243
A,fakeddit_real_lcc,robust,0,nbr,precision_covered,0.9509306260575296
A,fakeddit_real_lcc,robust,0,nbr,majority,0.28716216216216217
A,fakeddit_real_lcc,robust,0,nbr,fidelity_with_fallback,0.9493243243243243
A,fakeddit_real_lcc,robust,0,old,fidelity,0.31756756756756754
A,fakeddit_real_lcc,robust,0,old,n_rules,5.0
A,fakeddit_real_lcc,robust,0,curve|r1,fidelity,0.28547297297297297
A,fakeddit_real_lcc,robust,0,curve|r1,coverage,0.32432432432432434
A,fakeddit_real_lcc,robust,0,curve|r2,fidelity,0.5422297297297297
A,fakeddit_real_lcc,robust,0,curve|r2,coverage,0.5912162162162162
A,fakeddit_real_lcc,robust,0,curve|r3,fidelity,0.6908783783783784
A,fakeddit_real_lcc,robust,0,curve|r3,coverage,0.7398648648648649
A,fakeddit_real_lcc,robust,0,curve|r4,fidelity,0.7618243243243243
A,fakeddit_real_lcc,robust,0,curve|r4,coverage,0.8108108108108109
A,fakeddit_real_lcc,robust,0,curve|r5,fidelity,0.8597972972972973
A,fakeddit_real_lcc,robust,0,curve|r5,coverage,0.9087837837837838
A,fakeddit_real_lcc,robust,0,curve|r6,fidelity,0.9493243243243243
A,fakeddit_real_lcc,robust,0,curve|r6,coverage,0.9983108108108109
A,fakeddit_real_lcc,robust,0,tree|L2,train,0.543918918918919
A,fakeddit_real_lcc,robust,0,tree|L2,cv,0.5438399088448939
A,fakeddit_real_lcc,robust,0,tree|L3,train,0.6908783783783784
A,fakeddit_real_lcc,robust,0,tree|L3,cv,0.6890898732374305
A,fakeddit_real_lcc,robust,0,tree|L4,train,0.7888513513513513
A,fakeddit_real_lcc,robust,0,tree|L4,cv,0.7753026634382566
A,fakeddit_real_lcc,robust,0,tree|L6,train,0.956081081081081
A,fakeddit_real_lcc,robust,0,tree|L6,cv,0.9544651759008689
A,fakeddit_real_lcc,robust,0,tree|L8,train,0.9712837837837838
A,fakeddit_real_lcc,robust,0,tree|L8,cv,0.9662583677538812
A,fakeddit_real_lcc,robust,0,tree|L12,train,0.981418918918919
A,fakeddit_real_lcc,robust,0,tree|L12,cv,0.9628970232160661
A,fakeddit_real_lcc,robust,0,tree|L16,train,0.9932432432432432
A,fakeddit_real_lcc,robust,0,tree|L16,cv,0.9763851303233156
A,fakeddit_real_lcc,robust,0,tree|L24,train,0.9966216216216216
A,fakeddit_real_lcc,robust,0,tree|L24,cv,0.9746902150690785
B,fakeddit_real_lcc,robust,0,all,n_with_content,592
B,fakeddit_real_lcc,robust,0,all,n_nodes,592
B,fakeddit_real_lcc,robust,0,all,refit_fallback,0
B,fakeddit_real_lcc,robust,0,all,flip_rate_refit,0.27364864864864863
B,fakeddit_real_lcc,robust,0,all,flip_rate_seed_noise,0.0033783783783783786
B,fakeddit_real_lcc,robust,0,content_sensitivity,auc_flip,0.7284094171691071
B,fakeddit_real_lcc,robust,0,content_sensitivity,spearman_flip,0.3527567043911133
B,fakeddit_real_lcc,robust,0,content_flip_margin,auc_flip,0.878409417169107
B,fakeddit_real_lcc,robust,0,content_flip_margin,spearman_flip,0.5844174927879923
B,fakeddit_real_lcc,robust,0,alpha,auc_flip,0.6078739592305484
B,fakeddit_real_lcc,robust,0,alpha,spearman_flip,0.16660119634270504
B,fakeddit_real_lcc,robust,0,normshare,auc_flip,0.6078380706287683
B,fakeddit_real_lcc,robust,0,normshare,spearman_flip,0.16654568307372528
B,fakeddit_real_lcc,robust,0,structure_sensitivity_neg,auc_flip,0.8584840654608096
B,fakeddit_real_lcc,robust,0,structure_sensitivity_neg,spearman_flip,0.5536446748824638
B,fakeddit_real_lcc,robust,0,intervention_flip,agreement,0.8226351351351351
B,fakeddit_real_lcc,robust,0,intervention_flip,precision,0.9253731343283582
B,fakeddit_real_lcc,robust,0,intervention_flip,recall,0.38271604938271603
B,fakeddit_real_lcc,robust,0,all,mean_content_sensitivity,0.27430134900767833
B,fakeddit_real_lcc,robust,0,all,mean_structure_sensitivity,0.3972730459309316
_,fakeddit_real_lcc,robust,0,core|fakeddit_real_lcc|robust|0,_done,1.2
A,fakeddit_real_lcc,robust,1,nbr,n_rules,6.0
A,fakeddit_real_lcc,robust,1,nbr,coverage,0.9983108108108109
A,fakeddit_real_lcc,robust,1,nbr,fidelity,0.9493243243243243
A,fakeddit_real_lcc,robust,1,nbr,precision_covered,0.9509306260575296
A,fakeddit_real_lcc,robust,1,nbr,majority,0.28716216216216217
A,fakeddit_real_lcc,robust,1,nbr,fidelity_with_fallback,0.9493243243243243
A,fakeddit_real_lcc,robust,1,old,fidelity,0.30743243243243246
A,fakeddit_real_lcc,robust,1,old,n_rules,5.0
A,fakeddit_real_lcc,robust,1,curve|r1,fidelity,0.28547297297297297
A,fakeddit_real_lcc,robust,1,curve|r1,coverage,0.32432432432432434
A,fakeddit_real_lcc,robust,1,curve|r2,fidelity,0.5422297297297297
A,fakeddit_real_lcc,robust,1,curve|r2,coverage,0.5912162162162162
A,fakeddit_real_lcc,robust,1,curve|r3,fidelity,0.6908783783783784
A,fakeddit_real_lcc,robust,1,curve|r3,coverage,0.7398648648648649
A,fakeddit_real_lcc,robust,1,curve|r4,fidelity,0.7618243243243243
A,fakeddit_real_lcc,robust,1,curve|r4,coverage,0.8108108108108109
A,fakeddit_real_lcc,robust,1,curve|r5,fidelity,0.8597972972972973
A,fakeddit_real_lcc,robust,1,curve|r5,coverage,0.9087837837837838
A,fakeddit_real_lcc,robust,1,curve|r6,fidelity,0.9493243243243243
A,fakeddit_real_lcc,robust,1,curve|r6,coverage,0.9983108108108109
A,fakeddit_real_lcc,robust,1,tree|L2,train,0.543918918918919
A,fakeddit_real_lcc,robust,1,tree|L2,cv,0.543882637800883
A,fakeddit_real_lcc,robust,1,tree|L3,train,0.6908783783783784
A,fakeddit_real_lcc,robust,1,tree|L3,cv,0.6875231448511607
A,fakeddit_real_lcc,robust,1,tree|L4,train,0.7888513513513513
A,fakeddit_real_lcc,robust,1,tree|L4,cv,0.7634809856145848
A,fakeddit_real_lcc,robust,1,tree|L6,train,0.956081081081081
A,fakeddit_real_lcc,robust,1,tree|L6,cv,0.9526848027346532
A,fakeddit_real_lcc,robust,1,tree|L8,train,0.9712837837837838
A,fakeddit_real_lcc,robust,1,tree|L8,cv,0.9594074918102834
A,fakeddit_real_lcc,robust,1,tree|L12,train,0.9831081081081081
A,fakeddit_real_lcc,robust,1,tree|L12,cv,0.9678535821108104
A,fakeddit_real_lcc,robust,1,tree|L16,train,0.9915540540540541
A,fakeddit_real_lcc,robust,1,tree|L16,cv,0.9712576556046149
A,fakeddit_real_lcc,robust,1,tree|L24,train,0.9983108108108109
A,fakeddit_real_lcc,robust,1,tree|L24,cv,0.9780230736362341
B,fakeddit_real_lcc,robust,1,all,n_with_content,592
B,fakeddit_real_lcc,robust,1,all,n_nodes,592
B,fakeddit_real_lcc,robust,1,all,refit_fallback,0
B,fakeddit_real_lcc,robust,1,all,flip_rate_refit,0.27364864864864863
B,fakeddit_real_lcc,robust,1,all,flip_rate_seed_noise,0.0033783783783783786
B,fakeddit_real_lcc,robust,1,content_sensitivity,auc_flip,0.7439707149009475
B,fakeddit_real_lcc,robust,1,content_sensitivity,spearman_flip,0.3767896543980247
B,fakeddit_real_lcc,robust,1,content_flip_margin,auc_flip,0.8579242032730405
B,fakeddit_real_lcc,robust,1,content_flip_margin,spearman_flip,0.5527800207770491
B,fakeddit_real_lcc,robust,1,alpha,auc_flip,0.5852210737869653
B,fakeddit_real_lcc,robust,1,alpha,spearman_flip,0.13161594278907027
B,fakeddit_real_lcc,robust,1,normshare,auc_flip,0.5851851851851853
B,fakeddit_real_lcc,robust,1,normshare,spearman_flip,0.13156044773156098
B,fakeddit_real_lcc,robust,1,structure_sensitivity_neg,auc_flip,0.8508613264427218
B,fakeddit_real_lcc,robust,1,structure_sensitivity_neg,spearman_flip,0.5418720766779712
B,fakeddit_real_lcc,robust,1,intervention_flip,agreement,0.8243243243243243
B,fakeddit_real_lcc,robust,1,intervention_flip,precision,0.9142857142857143
B,fakeddit_real_lcc,robust,1,intervention_flip,recall,0.3950617283950617
B,fakeddit_real_lcc,robust,1,all,mean_content_sensitivity,0.27412112241504655
B,fakeddit_real_lcc,robust,1,all,mean_structure_sensitivity,0.39863352351584297
_,fakeddit_real_lcc,robust,1,core|fakeddit_real_lcc|robust|1,_done,1.19
A,fakeddit_real_lcc,robust,2,nbr,n_rules,6.0
A,fakeddit_real_lcc,robust,2,nbr,coverage,0.9983108108108109
A,fakeddit_real_lcc,robust,2,nbr,fidelity,0.9493243243243243
A,fakeddit_real_lcc,robust,2,nbr,precision_covered,0.9509306260575296
A,fakeddit_real_lcc,robust,2,nbr,majority,0.28716216216216217
A,fakeddit_real_lcc,robust,2,nbr,fidelity_with_fallback,0.9493243243243243
A,fakeddit_real_lcc,robust,2,old,fidelity,0.3158783783783784
A,fakeddit_real_lcc,robust,2,old,n_rules,5.0
A,fakeddit_real_lcc,robust,2,curve|r1,fidelity,0.28547297297297297
A,fakeddit_real_lcc,robust,2,curve|r1,coverage,0.32432432432432434
A,fakeddit_real_lcc,robust,2,curve|r2,fidelity,0.5405405405405406
A,fakeddit_real_lcc,robust,2,curve|r2,coverage,0.5793918918918919
A,fakeddit_real_lcc,robust,2,curve|r3,fidelity,0.6891891891891891
A,fakeddit_real_lcc,robust,2,curve|r3,coverage,0.7280405405405406
A,fakeddit_real_lcc,robust,2,curve|r4,fidelity,0.7618243243243243
A,fakeddit_real_lcc,robust,2,curve|r4,coverage,0.8108108108108109
A,fakeddit_real_lcc,robust,2,curve|r5,fidelity,0.8597972972972973
A,fakeddit_real_lcc,robust,2,curve|r5,coverage,0.9087837837837838
A,fakeddit_real_lcc,robust,2,curve|r6,fidelity,0.9493243243243243
A,fakeddit_real_lcc,robust,2,curve|r6,coverage,0.9983108108108109
A,fakeddit_real_lcc,robust,2,tree|L2,train,0.5422297297297297
A,fakeddit_real_lcc,robust,2,tree|L2,cv,0.5424583392679105
A,fakeddit_real_lcc,robust,2,tree|L3,train,0.6891891891891891
A,fakeddit_real_lcc,robust,2,tree|L3,cv,0.6876798176897878
A,fakeddit_real_lcc,robust,2,tree|L4,train,0.7871621621621622
A,fakeddit_real_lcc,robust,2,tree|L4,cv,0.7754593362768836
A,fakeddit_real_lcc,robust,2,tree|L6,train,0.956081081081081
A,fakeddit_real_lcc,robust,2,tree|L6,cv,0.9544224469448797
A,fakeddit_real_lcc,robust,2,tree|L8,train,0.9712837837837838
A,fakeddit_real_lcc,robust,2,tree|L8,cv,0.9577695484973651
A,fakeddit_real_lcc,robust,2,tree|L12,train,0.981418918918919
A,fakeddit_real_lcc,robust,2,tree|L12,cv,0.9695912263210369
A,fakeddit_real_lcc,robust,2,tree|L16,train,0.9881756756756757
A,fakeddit_real_lcc,robust,2,tree|L16,cv,0.9678963110667995
A,fakeddit_real_lcc,robust,2,tree|L24,train,0.9966216216216216
A,fakeddit_real_lcc,robust,2,tree|L24,cv,0.9713003845606039
B,fakeddit_real_lcc,robust,2,all,n_with_content,592
B,fakeddit_real_lcc,robust,2,all,n_nodes,592
B,fakeddit_real_lcc,robust,2,all,refit_fallback,0
B,fakeddit_real_lcc,robust,2,all,flip_rate_refit,0.2719594594594595
B,fakeddit_real_lcc,robust,2,all,flip_rate_seed_noise,0.006756756756756757
B,fakeddit_real_lcc,robust,2,content_sensitivity,auc_flip,0.7278033174330965
B,fakeddit_real_lcc,robust,2,content_sensitivity,spearman_flip,0.35114068603055204
B,fakeddit_real_lcc,robust,2,content_flip_margin,auc_flip,0.8660489112420918
B,fakeddit_real_lcc,robust,2,content_flip_margin,spearman_flip,0.5642352677854839
B,fakeddit_real_lcc,robust,2,alpha,auc_flip,0.543881771411278
B,fakeddit_real_lcc,robust,2,alpha,spearman_flip,0.06764029388229631
B,fakeddit_real_lcc,robust,2,normshare,auc_flip,0.5438457436843395
B,fakeddit_real_lcc,robust,2,normshare,spearman_flip,0.0675847247982258
B,fakeddit_real_lcc,robust,2,structure_sensitivity_neg,auc_flip,0.8381634505915754
B,fakeddit_real_lcc,robust,2,structure_sensitivity_neg,spearman_flip,0.5212520492203017
B,fakeddit_real_lcc,robust,2,intervention_flip,agreement,0.8243243243243243
B,fakeddit_real_lcc,robust,2,intervention_flip,precision,0.9014084507042254
B,fakeddit_real_lcc,robust,2,intervention_flip,recall,0.39751552795031053
B,fakeddit_real_lcc,robust,2,all,mean_content_sensitivity,0.273128071972309
B,fakeddit_real_lcc,robust,2,all,mean_structure_sensitivity,0.39564364845460653
_,fakeddit_real_lcc,robust,2,core|fakeddit_real_lcc|robust|2,_done,1.14
A,fakeddit_real_lcc,robust,3,nbr,n_rules,6.0
A,fakeddit_real_lcc,robust,3,nbr,coverage,0.9949324324324325
A,fakeddit_real_lcc,robust,3,nbr,fidelity,0.9459459459459459
A,fakeddit_real_lcc,robust,3,nbr,precision_covered,0.9507640067911715
A,fakeddit_real_lcc,robust,3,nbr,majority,0.28209459459459457
A,fakeddit_real_lcc,robust,3,nbr,fidelity_with_fallback,0.9476351351351351
A,fakeddit_real_lcc,robust,3,old,fidelity,0.3158783783783784
A,fakeddit_real_lcc,robust,3,old,n_rules,5.0
A,fakeddit_real_lcc,robust,3,curve|r1,fidelity,0.28040540540540543
A,fakeddit_real_lcc,robust,3,curve|r1,coverage,0.32432432432432434
A,fakeddit_real_lcc,robust,3,curve|r2,fidelity,0.535472972972973
A,fakeddit_real_lcc,robust,3,curve|r2,coverage,0.5912162162162162
A,fakeddit_real_lcc,robust,3,curve|r3,fidelity,0.6841216216216216
A,fakeddit_real_lcc,robust,3,curve|r3,coverage,0.7398648648648649
A,fakeddit_real_lcc,robust,3,curve|r4,fidelity,0.7584459459459459
A,fakeddit_real_lcc,robust,3,curve|r4,coverage,0.8074324324324325
A,fakeddit_real_lcc,robust,3,curve|r5,fidelity,0.856418918918919
A,fakeddit_real_lcc,robust,3,curve|r5,coverage,0.9054054054054054
A,fakeddit_real_lcc,robust,3,curve|r6,fidelity,0.9459459459459459
A,fakeddit_real_lcc,robust,3,curve|r6,coverage,0.9949324324324325
A,fakeddit_real_lcc,robust,3,tree|L2,train,0.5371621621621622
A,fakeddit_real_lcc,robust,3,tree|L2,cv,0.5370744908132744
A,fakeddit_real_lcc,robust,3,tree|L3,train,0.6841216216216216
A,fakeddit_real_lcc,robust,3,tree|L3,cv,0.684090585386697
A,fakeddit_real_lcc,robust,3,tree|L4,train,0.7820945945945946
A,fakeddit_real_lcc,robust,3,tree|L4,cv,0.7702179176755447
A,fakeddit_real_lcc,robust,3,tree|L6,train,0.9493243243243243
A,fakeddit_real_lcc,robust,3,tree|L6,cv,0.9493519441674975
A,fakeddit_real_lcc,robust,3,tree|L8,train,0.964527027027027
A,fakeddit_real_lcc,robust,3,tree|L8,cv,0.9459621136590229
A,fakeddit_real_lcc,robust,3,tree|L12,train,0.9746621621621622
A,fakeddit_real_lcc,robust,3,tree|L12,cv,0.9611878649764991
A,fakeddit_real_lcc,robust,3,tree|L16,train,0.9780405405405406
A,fakeddit_real_lcc,robust,3,tree|L16,cv,0.9679390400227887
A,fakeddit_real_lcc,robust,3,tree|L24,train,0.9915540540540541
A,fakeddit_real_lcc,robust,3,tree|L24,cv,0.976370887337986
B,fakeddit_real_lcc,robust,3,all,n_with_content,592
B,fakeddit_real_lcc,robust,3,all,n_nodes,592
B,fakeddit_real_lcc,robust,3,all,refit_fallback,0
B,fakeddit_real_lcc,robust,3,all,flip_rate_refit,0.27871621621621623
B,fakeddit_real_lcc,robust,3,all,flip_rate_seed_noise,0.0033783783783783786
B,fakeddit_real_lcc,robust,3,content_sensitivity,auc_flip,0.7368249237101696
B,fakeddit_real_lcc,robust,3,content_sensitivity,spearman_flip,0.36783483146772694
B,fakeddit_real_lcc,robust,3,content_flip_margin,auc_flip,0.8804059328649494
B,fakeddit_real_lcc,robust,3,content_flip_margin,spearman_flip,0.5908438605724902
B,fakeddit_real_lcc,robust,3,alpha,auc_flip,0.5925271449861613
B,fakeddit_real_lcc,robust,3,alpha,spearman_flip,0.1437125956409142
B,fakeddit_real_lcc,robust,3,normshare,auc_flip,0.5924916613441202
B,fakeddit_real_lcc,robust,3,normshare,spearman_flip,0.14365740788465692
B,fakeddit_real_lcc,robust,3,structure_sensitivity_neg,auc_flip,0.8525299836775246
B,fakeddit_real_lcc,robust,3,structure_sensitivity_neg,spearman_flip,0.5475471293386274
B,fakeddit_real_lcc,robust,3,intervention_flip,agreement,0.8175675675675675
B,fakeddit_real_lcc,robust,3,intervention_flip,precision,0.8904109589041096
B,fakeddit_real_lcc,robust,3,intervention_flip,recall,0.3939393939393939
B,fakeddit_real_lcc,robust,3,all,mean_content_sensitivity,0.2719903239549001
B,fakeddit_real_lcc,robust,3,all,mean_structure_sensitivity,0.3959408602018359
_,fakeddit_real_lcc,robust,3,core|fakeddit_real_lcc|robust|3,_done,1.23
A,fakeddit_real_lcc,robust,4,nbr,n_rules,6.0
A,fakeddit_real_lcc,robust,4,nbr,coverage,0.9983108108108109
A,fakeddit_real_lcc,robust,4,nbr,fidelity,0.9459459459459459
A,fakeddit_real_lcc,robust,4,nbr,precision_covered,0.9475465313028765
A,fakeddit_real_lcc,robust,4,nbr,majority,0.28547297297297297
A,fakeddit_real_lcc,robust,4,nbr,fidelity_with_fallback,0.9459459459459459
A,fakeddit_real_lcc,robust,4,old,fidelity,0.32094594594594594
A,fakeddit_real_lcc,robust,4,old,n_rules,5.0
A,fakeddit_real_lcc,robust,4,curve|r1,fidelity,0.28378378378378377
A,fakeddit_real_lcc,robust,4,curve|r1,coverage,0.32432432432432434
A,fakeddit_real_lcc,robust,4,curve|r2,fidelity,0.5388513513513513
A,fakeddit_real_lcc,robust,4,curve|r2,coverage,0.5912162162162162
A,fakeddit_real_lcc,robust,4,curve|r3,fidelity,0.6875
A,fakeddit_real_lcc,robust,4,curve|r3,coverage,0.7398648648648649
A,fakeddit_real_lcc,robust,4,curve|r4,fidelity,0.7584459459459459
A,fakeddit_real_lcc,robust,4,curve|r4,coverage,0.8108108108108109
A,fakeddit_real_lcc,robust,4,curve|r5,fidelity,0.856418918918919
A,fakeddit_real_lcc,robust,4,curve|r5,coverage,0.9087837837837838
A,fakeddit_real_lcc,robust,4,curve|r6,fidelity,0.9459459459459459
A,fakeddit_real_lcc,robust,4,curve|r6,coverage,0.9983108108108109
A,fakeddit_real_lcc,robust,4,tree|L2,train,0.5405405405405406
A,fakeddit_real_lcc,robust,4,tree|L2,cv,0.5405070502777383
A,fakeddit_real_lcc,robust,4,tree|L3,train,0.6875
A,fakeddit_real_lcc,robust,4,tree|L3,cv,0.685742771684945
A,fakeddit_real_lcc,robust,4,tree|L4,train,0.785472972972973
A,fakeddit_real_lcc,robust,4,tree|L4,cv,0.7516165788349238
A,fakeddit_real_lcc,robust,4,tree|L6,train,0.9527027027027027
A,fakeddit_real_lcc,robust,4,tree|L6,cv,0.9509898874804159
A,fakeddit_real_lcc,robust,4,tree|L8,train,0.9679054054054054
A,fakeddit_real_lcc,robust,4,tree|L8,cv,0.9543654750035607
A,fakeddit_real_lcc,robust,4,tree|L12,train,0.9746621621621622
A,fakeddit_real_lcc,robust,4,tree|L12,cv,0.9628400512747473
A,fakeddit_real_lcc,robust,4,tree|L16,train,0.981418918918919
A,fakeddit_real_lcc,robust,4,tree|L16,cv,0.9594787067369321
A,fakeddit_real_lcc,robust,4,tree|L24,train,0.9915540540540541
A,fakeddit_real_lcc,robust,4,tree|L24,cv,0.971286141575274
B,fakeddit_real_lcc,robust,4,all,n_with_content,592
B,fakeddit_real_lcc,robust,4,all,n_nodes,592
B,fakeddit_real_lcc,robust,4,all,refit_fallback,0
B,fakeddit_real_lcc,robust,4,all,flip_rate_refit,0.27533783783783783
B,fakeddit_real_lcc,robust,4,all,flip_rate_seed_noise,0.0033783783783783786
B,fakeddit_real_lcc,robust,4,content_sensitivity,auc_flip,0.742374190226951
B,fakeddit_real_lcc,robust,4,content_sensitivity,spearman_flip,0.3750406608869392
B,fakeddit_real_lcc,robust,4,content_flip_margin,auc_flip,0.8538332832811361
B,fakeddit_real_lcc,robust,4,content_flip_margin,spearman_flip,0.547508248635283
B,fakeddit_real_lcc,robust,4,alpha,auc_flip,0.5931113875899152
B,fakeddit_real_lcc,robust,4,alpha,spearman_flip,0.1440771168040841
B,fakeddit_real_lcc,robust,4,normshare,auc_flip,0.5930756360204212
B,fakeddit_real_lcc,robust,4,normshare,spearman_flip,0.14402172117784137
B,fakeddit_real_lcc,robust,4,structure_sensitivity_neg,auc_flip,0.8442947645401634
B,fakeddit_real_lcc,robust,4,structure_sensitivity_neg,spearman_flip,0.5327487052649796
B,fakeddit_real_lcc,robust,4,intervention_flip,agreement,0.8226351351351351
B,fakeddit_real_lcc,robust,4,intervention_flip,precision,0.9027777777777778
B,fakeddit_real_lcc,robust,4,intervention_flip,recall,0.3987730061349693
B,fakeddit_real_lcc,robust,4,all,mean_content_sensitivity,0.27662034825219173
B,fakeddit_real_lcc,robust,4,all,mean_structure_sensitivity,0.3982568868201289
_,fakeddit_real_lcc,robust,4,core|fakeddit_real_lcc|robust|4,_done,1.27
A,pheme,default,0,nbr,n_rules,9.0
A,pheme,default,0,nbr,coverage,0.9745
A,pheme,default,0,nbr,fidelity,0.9725
A,pheme,default,0,nbr,precision_covered,0.9979476654694716
A,pheme,default,0,nbr,majority,0.191
A,pheme,default,0,nbr,fidelity_with_fallback,0.995
A,pheme,default,0,old,fidelity,0.191
A,pheme,default,0,old,n_rules,1.0
A,pheme,default,0,curve|r1,fidelity,0.191
A,pheme,default,0,curve|r1,coverage,0.191
A,pheme,default,0,curve|r2,fidelity,0.3305
A,pheme,default,0,curve|r2,coverage,0.332
A,pheme,default,0,curve|r3,fidelity,0.4505
A,pheme,default,0,curve|r3,coverage,0.453
A,pheme,default,0,curve|r4,fidelity,0.567
A,pheme,default,0,curve|r4,coverage,0.5695
A,pheme,default,0,curve|r5,fidelity,0.6815
A,pheme,default,0,curve|r5,coverage,0.684
A,pheme,default,0,curve|r6,fidelity,0.788
A,pheme,default,0,curve|r6,coverage,0.7905
A,pheme,default,0,curve|r7,fidelity,0.88
A,pheme,default,0,curve|r7,coverage,0.882
A,pheme,default,0,curve|r8,fidelity,0.956
A,pheme,default,0,curve|r8,coverage,0.9585
A,pheme,default,0,curve|r9,fidelity,0.9725
A,pheme,default,0,curve|r9,coverage,0.9745
A,pheme,default,0,tree|L2,train,0.3315
A,pheme,default,0,tree|L2,cv,0.3315
A,pheme,default,0,tree|L3,train,0.4505
A,pheme,default,0,tree|L3,cv,0.43150000000000005
A,pheme,default,0,tree|L4,train,0.5665
A,pheme,default,0,tree|L4,cv,0.5395
A,pheme,default,0,tree|L6,train,0.795
A,pheme,default,0,tree|L6,cv,0.7755000000000001
A,pheme,default,0,tree|L8,train,0.9785
A,pheme,default,0,tree|L8,cv,0.9775
A,pheme,default,0,tree|L12,train,0.998
A,pheme,default,0,tree|L12,cv,0.994
A,pheme,default,0,tree|L16,train,0.998
A,pheme,default,0,tree|L16,cv,0.994
A,pheme,default,0,tree|L24,train,0.998
A,pheme,default,0,tree|L24,cv,0.994
B,pheme,default,0,all,n_with_content,2000
B,pheme,default,0,all,n_nodes,2000
B,pheme,default,0,all,refit_fallback,0
B,pheme,default,0,all,flip_rate_refit,0.1505
B,pheme,default,0,all,flip_rate_seed_noise,0.652
B,pheme,default,0,content_sensitivity,auc_flip,0.16281807355900188
B,pheme,default,0,content_sensitivity,spearman_flip,-0.41764271144346404
B,pheme,default,0,content_flip_margin,auc_flip,0.8204220188150544
B,pheme,default,0,content_flip_margin,spearman_flip,0.3968857249680764
B,pheme,default,0,alpha,auc_flip,nan
B,pheme,default,0,alpha,spearman_flip,nan
B,pheme,default,0,normshare,auc_flip,0.49259775635071634
B,pheme,default,0,normshare,spearman_flip,-0.009168680114236974
B,pheme,default,0,structure_sensitivity_neg,auc_flip,0.8637971525169191
B,pheme,default,0,structure_sensitivity_neg,spearman_flip,0.4506090563900751
B,pheme,default,0,intervention_flip,agreement,0.851
B,pheme,default,0,intervention_flip,precision,1.0
B,pheme,default,0,intervention_flip,recall,0.009966777408637873
B,pheme,default,0,all,mean_content_sensitivity,0.0481158389901754
B,pheme,default,0,all,mean_structure_sensitivity,0.5474514160177542
_,pheme,default,0,core|pheme|default|0,_done,8.06
A,pheme,default,3,nbr,n_rules,9.0
A,pheme,default,3,nbr,coverage,0.9735
A,pheme,default,3,nbr,fidelity,0.9695
A,pheme,default,3,nbr,precision_covered,0.9958911145351823
A,pheme,default,3,nbr,majority,0.167
A,pheme,default,3,nbr,fidelity_with_fallback,0.9915
A,pheme,default,3,old,fidelity,0.167
A,pheme,default,3,old,n_rules,1.0
A,pheme,default,3,curve|r1,fidelity,0.167
A,pheme,default,3,curve|r1,coverage,0.167
A,pheme,default,3,curve|r2,fidelity,0.2895
A,pheme,default,3,curve|r2,coverage,0.291
A,pheme,default,3,curve|r3,fidelity,0.4105
A,pheme,default,3,curve|r3,coverage,0.4125
A,pheme,default,3,curve|r4,fidelity,0.5285
A,pheme,default,3,curve|r4,coverage,0.531
A,pheme,default,3,curve|r5,fidelity,0.633
A,pheme,default,3,curve|r5,coverage,0.637
A,pheme,default,3,curve|r6,fidelity,0.733
A,pheme,default,3,curve|r6,coverage,0.739
A,pheme,default,3,curve|r7,fidelity,0.8285
A,pheme,default,3,curve|r7,coverage,0.834
A,pheme,default,3,curve|r8,fidelity,0.907
A,pheme,default,3,curve|r8,coverage,0.9125
A,pheme,default,3,curve|r9,fidelity,0.9695
A,pheme,default,3,curve|r9,coverage,0.9735
A,pheme,default,3,tree|L2,train,0.293
A,pheme,default,3,tree|L2,cv,0.2815
A,pheme,default,3,tree|L3,train,0.414
A,pheme,default,3,tree|L3,cv,0.3965
A,pheme,default,3,tree|L4,train,0.5365
A,pheme,default,3,tree|L4,cv,0.522
A,pheme,default,3,tree|L6,train,0.755
A,pheme,default,3,tree|L6,cv,0.7494999999999999
A,pheme,default,3,tree|L8,train,0.93
A,pheme,default,3,tree|L8,cv,0.9260000000000002
A,pheme,default,3,tree|L12,train,0.9945
A,pheme,default,3,tree|L12,cv,0.9905000000000002
A,pheme,default,3,tree|L16,train,0.9945
A,pheme,default,3,tree|L16,cv,0.9905000000000002
A,pheme,default,3,tree|L24,train,0.9945
A,pheme,default,3,tree|L24,cv,0.9905000000000002
B,pheme,default,3,all,n_with_content,2000
B,pheme,default,3,all,n_nodes,2000
B,pheme,default,3,all,refit_fallback,0
B,pheme,default,3,all,flip_rate_refit,0.282
B,pheme,default,3,all,flip_rate_seed_noise,0.6805
B,pheme,default,3,content_sensitivity,auc_flip,0.2613383808451372
B,pheme,default,3,content_sensitivity,spearman_flip,-0.3720146445456453
B,pheme,default,3,content_flip_margin,auc_flip,0.7180604120982239
B,pheme,default,3,content_flip_margin,spearman_flip,0.33990431594162607
B,pheme,default,3,alpha,auc_flip,nan
B,pheme,default,3,alpha,spearman_flip,nan
B,pheme,default,3,normshare,auc_flip,0.4137928692783342
B,pheme,default,3,normshare,spearman_flip,-0.13437653096703964
B,pheme,default,3,structure_sensitivity_neg,auc_flip,0.7667464292064244
B,pheme,default,3,structure_sensitivity_neg,spearman_flip,0.4157919440697604
B,pheme,default,3,intervention_flip,agreement,0.723
B,pheme,default,3,intervention_flip,precision,0.6923076923076923
B,pheme,default,3,intervention_flip,recall,0.031914893617021274
B,pheme,default,3,all,mean_content_sensitivity,0.048861813687829186
B,pheme,default,3,all,mean_structure_sensitivity,0.5672468343533521
_,pheme,default,3,core|pheme|default|3,_done,9.12
A,pheme,robust,0,nbr,n_rules,9.0
A,pheme,robust,0,nbr,coverage,0.973
A,pheme,robust,0,nbr,fidelity,0.9715
A,pheme,robust,0,nbr,precision_covered,0.9984583761562179
A,pheme,robust,0,nbr,majority,0.191
A,pheme,robust,0,nbr,fidelity_with_fallback,0.9945
A,pheme,robust,0,old,fidelity,0.191
A,pheme,robust,0,old,n_rules,1.0
A,pheme,robust,0,curve|r1,fidelity,0.191
A,pheme,robust,0,curve|r1,coverage,0.191
A,pheme,robust,0,curve|r2,fidelity,0.3385
A,pheme,robust,0,curve|r2,coverage,0.3405
A,pheme,robust,0,curve|r3,fidelity,0.4585
A,pheme,robust,0,curve|r3,coverage,0.4615
A,pheme,robust,0,curve|r4,fidelity,0.575
A,pheme,robust,0,curve|r4,coverage,0.578
A,pheme,robust,0,curve|r5,fidelity,0.6895
A,pheme,robust,0,curve|r5,coverage,0.6925
A,pheme,robust,0,curve|r6,fidelity,0.7975
A,pheme,robust,0,curve|r6,coverage,0.799
A,pheme,robust,0,curve|r7,fidelity,0.904
A,pheme,robust,0,curve|r7,coverage,0.9055
A,pheme,robust,0,curve|r8,fidelity,0.971
A,pheme,robust,0,curve|r8,coverage,0.9725
A,pheme,robust,0,curve|r9,fidelity,0.9715
A,pheme,robust,0,curve|r9,coverage,0.973
A,pheme,robust,0,tree|L2,train,0.3385
A,pheme,robust,0,tree|L2,cv,0.33849999999999997
A,pheme,robust,0,tree|L3,train,0.4695
A,pheme,robust,0,tree|L3,cv,0.46950000000000003
A,pheme,robust,0,tree|L4,train,0.5885
A,pheme,robust,0,tree|L4,cv,0.576
A,pheme,robust,0,tree|L6,train,0.8195
A,pheme,robust,0,tree|L6,cv,0.8180000000000002
A,pheme,robust,0,tree|L8,train,0.9945
A,pheme,robust,0,tree|L8,cv,0.9925
A,pheme,robust,0,tree|L12,train,0.997
A,pheme,robust,0,tree|L12,cv,0.9935
A,pheme,robust,0,tree|L16,train,0.9975
A,pheme,robust,0,tree|L16,cv,0.994
A,pheme,robust,0,tree|L24,train,0.9975
A,pheme,robust,0,tree|L24,cv,0.994
B,pheme,robust,0,all,n_with_content,2000
B,pheme,robust,0,all,n_nodes,2000
B,pheme,robust,0,all,refit_fallback,0
B,pheme,robust,0,all,flip_rate_refit,0.194
B,pheme,robust,0,all,flip_rate_seed_noise,0.6615
B,pheme,robust,0,content_sensitivity,auc_flip,0.1736572996341869
B,pheme,robust,0,content_sensitivity,spearman_flip,-0.44702618799954535
B,pheme,robust,0,content_flip_margin,auc_flip,0.7947529482489575
B,pheme,robust,0,content_flip_margin,spearman_flip,0.40375667736474186
B,pheme,robust,0,alpha,auc_flip,nan
B,pheme,robust,0,alpha,spearman_flip,nan
B,pheme,robust,0,normshare,auc_flip,0.4734753523829014
B,pheme,robust,0,normshare,spearman_flip,-0.03633378975136371
B,pheme,robust,0,structure_sensitivity_neg,auc_flip,0.8226541915018802
B,pheme,robust,0,structure_sensitivity_neg,spearman_flip,0.44197569218316424
B,pheme,robust,0,intervention_flip,agreement,0.812
B,pheme,robust,0,intervention_flip,precision,0.875
B,pheme,robust,0,intervention_flip,recall,0.03608247422680412
B,pheme,robust,0,all,mean_content_sensitivity,0.08709138674679885
B,pheme,robust,0,all,mean_structure_sensitivity,0.5022619531985932
_,pheme,robust,0,core|pheme|robust|0,_done,0.92
A,pheme,robust,1,nbr,n_rules,8.0
A,pheme,robust,1,nbr,coverage,0.9655
A,pheme,robust,1,nbr,fidelity,0.95
A,pheme,robust,1,nbr,precision_covered,0.983946141895391
A,pheme,robust,1,nbr,majority,0.1905
A,pheme,robust,1,nbr,fidelity_with_fallback,0.973
A,pheme,robust,1,old,fidelity,0.1905
A,pheme,robust,1,old,n_rules,1.0
A,pheme,robust,1,curve|r1,fidelity,0.186
A,pheme,robust,1,curve|r1,coverage,0.1955
A,pheme,robust,1,curve|r2,fidelity,0.334
A,pheme,robust,1,curve|r2,coverage,0.3485
A,pheme,robust,1,curve|r3,fidelity,0.4525
A,pheme,robust,1,curve|r3,coverage,0.4665
A,pheme,robust,1,curve|r4,fidelity,0.576
A,pheme,robust,1,curve|r4,coverage,0.59
A,pheme,robust,1,curve|r5,fidelity,0.675
A,pheme,robust,1,curve|r5,coverage,0.691
A,pheme,robust,1,curve|r6,fidelity,0.775
A,pheme,robust,1,curve|r6,coverage,0.792
A,pheme,robust,1,curve|r7,fidelity,0.865
A,pheme,robust,1,curve|r7,coverage,0.882
A,pheme,robust,1,curve|r8,fidelity,0.95
A,pheme,robust,1,curve|r8,coverage,0.9655
A,pheme,robust,1,tree|L2,train,0.3305
A,pheme,robust,1,tree|L2,cv,0.3315
A,pheme,robust,1,tree|L3,train,0.453
A,pheme,robust,1,tree|L3,cv,0.4465
A,pheme,robust,1,tree|L4,train,0.575
A,pheme,robust,1,tree|L4,cv,0.5755000000000001
A,pheme,robust,1,tree|L6,train,0.793
A,pheme,robust,1,tree|L6,cv,0.7775000000000001
A,pheme,robust,1,tree|L8,train,0.979
A,pheme,robust,1,tree|L8,cv,0.974
A,pheme,robust,1,tree|L12,train,0.981
A,pheme,robust,1,tree|L12,cv,0.975
A,pheme,robust,1,tree|L16,train,0.982
A,pheme,robust,1,tree|L16,cv,0.974
A,pheme,robust,1,tree|L24,train,0.982
A,pheme,robust,1,tree|L24,cv,0.9734999999999999
B,pheme,robust,1,all,n_with_content,2000
B,pheme,robust,1,all,n_nodes,2000
B,pheme,robust,1,all,refit_fallback,0
B,pheme,robust,1,all,flip_rate_refit,0.1325
B,pheme,robust,1,all,flip_rate_seed_noise,0.642
B,pheme,robust,1,content_sensitivity,auc_flip,0.22442934043825785
B,pheme,robust,1,content_sensitivity,spearman_flip,-0.3236430863160497
B,pheme,robust,1,content_flip_margin,auc_flip,0.8326485781088575
B,pheme,robust,1,content_flip_margin,spearman_flip,0.3906802043668333
B,pheme,robust,1,alpha,auc_flip,nan
B,pheme,robust,1,alpha,spearman_flip,nan
B,pheme,robust,1,normshare,auc_flip,0.43671469740634006
B,pheme,robust,1,normshare,spearman_flip,-0.07432556709080915
B,pheme,robust,1,structure_sensitivity_neg,auc_flip,0.7992104833886141
B,pheme,robust,1,structure_sensitivity_neg,spearman_flip,0.35140842851095594
B,pheme,robust,1,intervention_flip,agreement,0.8845
B,pheme,robust,1,intervention_flip,precision,0.8541666666666666
B,pheme,robust,1,intervention_flip,recall,0.15471698113207547
B,pheme,robust,1,all,mean_content_sensitivity,0.07948884391670194
B,pheme,robust,1,all,mean_structure_sensitivity,0.4916132948949115
_,pheme,robust,1,core|pheme|robust|1,_done,1.11
A,pheme,default,1,nbr,n_rules,8.0
A,pheme,default,1,nbr,coverage,0.974
A,pheme,default,1,nbr,fidelity,0.972
A,pheme,default,1,nbr,precision_covered,0.997946611909651
A,pheme,default,1,nbr,majority,0.1945
A,pheme,default,1,nbr,fidelity_with_fallback,0.994
A,pheme,default,1,old,fidelity,0.1945
A,pheme,default,1,old,n_rules,1.0
A,pheme,default,1,curve|r1,fidelity,0.1945
A,pheme,default,1,curve|r1,coverage,0.1985
A,pheme,default,1,curve|r2,fidelity,0.355
A,pheme,default,1,curve|r2,coverage,0.359
A,pheme,default,1,curve|r3,fidelity,0.4775
A,pheme,default,1,curve|r3,coverage,0.48
A,pheme,default,1,curve|r4,fidelity,0.5985
A,pheme,default,1,curve|r4,coverage,0.6015
A,pheme,default,1,curve|r5,fidelity,0.6945
A,pheme,default,1,curve|r5,coverage,0.6985
A,pheme,default,1,curve|r6,fidelity,0.7925
A,pheme,default,1,curve|r6,coverage,0.7965
A,pheme,default,1,curve|r7,fidelity,0.8825
A,pheme,default,1,curve|r7,coverage,0.8855
A,pheme,default,1,curve|r8,fidelity,0.972
A,pheme,default,1,curve|r8,coverage,0.974
A,pheme,default,1,tree|L2,train,0.3545
A,pheme,default,1,tree|L2,cv,0.35350000000000004
A,pheme,default,1,tree|L3,train,0.479
A,pheme,default,1,tree|L3,cv,0.473
A,pheme,default,1,tree|L4,train,0.6
A,pheme,default,1,tree|L4,cv,0.599
A,pheme,default,1,tree|L6,train,0.8105
A,pheme,default,1,tree|L6,cv,0.8015000000000001
A,pheme,default,1,tree|L8,train,0.997
A,pheme,default,1,tree|L8,cv,0.9935
A,pheme,default,1,tree|L12,train,0.9975
A,pheme,default,1,tree|L12,cv,0.9935
A,pheme,default,1,tree|L16,train,0.9975
A,pheme,default,1,tree|L16,cv,0.9935
A,pheme,default,1,tree|L24,train,0.9975
A,pheme,default,1,tree|L24,cv,0.9935
B,pheme,default,1,all,n_with_content,2000
B,pheme,default,1,all,n_nodes,2000
B,pheme,default,1,all,refit_fallback,0
B,pheme,default,1,all,flip_rate_refit,0.203
B,pheme,default,1,all,flip_rate_seed_noise,0.648
B,pheme,default,1,content_sensitivity,auc_flip,0.349178878924044
B,pheme,default,1,content_sensitivity,spearman_flip,-0.21015030360465622
B,pheme,default,1,content_flip_margin,auc_flip,0.6664601244815842
B,pheme,default,1,content_flip_margin,spearman_flip,0.231942585557742
B,pheme,default,1,alpha,auc_flip,nan
B,pheme,default,1,alpha,spearman_flip,nan
B,pheme,default,1,normshare,auc_flip,0.47532232942499886
B,pheme,default,1,normshare,spearman_flip,-0.0343854601148805
B,pheme,default,1,structure_sensitivity_neg,auc_flip,0.6476781774017096
B,pheme,default,1,structure_sensitivity_neg,spearman_flip,0.20577100650876284
B,pheme,default,1,intervention_flip,agreement,0.802
B,pheme,default,1,intervention_flip,precision,1.0
B,pheme,default,1,intervention_flip,recall,0.024630541871921183
B,pheme,default,1,all,mean_content_sensitivity,0.04635947082599849
B,pheme,default,1,all,mean_structure_sensitivity,0.5574091916218333
_,pheme,default,1,core|pheme|default|1,_done,12.28
A,pheme,robust,2,nbr,n_rules,8.0
A,pheme,robust,2,nbr,coverage,0.968
A,pheme,robust,2,nbr,fidelity,0.9505
A,pheme,robust,2,nbr,precision_covered,0.9819214876033058
A,pheme,robust,2,nbr,majority,0.185
A,pheme,robust,2,nbr,fidelity_with_fallback,0.975
A,pheme,robust,2,old,fidelity,0.185
A,pheme,robust,2,old,n_rules,1.0
A,pheme,robust,2,curve|r1,fidelity,0.183
A,pheme,robust,2,curve|r1,coverage,0.186
A,pheme,robust,2,curve|r2,fidelity,0.3375
A,pheme,robust,2,curve|r2,coverage,0.341
A,pheme,robust,2,curve|r3,fidelity,0.477
A,pheme,robust,2,curve|r3,coverage,0.487
A,pheme,robust,2,curve|r4,fidelity,0.5965
A,pheme,robust,2,curve|r4,coverage,0.6065
A,pheme,robust,2,curve|r5,fidelity,0.7225
A,pheme,robust,2,curve|r5,coverage,0.7325
A,pheme,robust,2,curve|r6,fidelity,0.8345
A,pheme,robust,2,curve|r6,coverage,0.8445
A,pheme,robust,2,curve|r7,fidelity,0.941
A,pheme,robust,2,curve|r7,coverage,0.951
A,pheme,robust,2,curve|r8,fidelity,0.9505
A,pheme,robust,2,curve|r8,coverage,0.968
A,pheme,robust,2,tree|L2,train,0.3375
A,pheme,robust,2,tree|L2,cv,0.3175
A,pheme,robust,2,tree|L3,train,0.4875
A,pheme,robust,2,tree|L3,cv,0.48
A,pheme,robust,2,tree|L4,train,0.614
A,pheme,robust,2,tree|L4,cv,0.6024999999999999
A,pheme,robust,2,tree|L6,train,0.858
A,pheme,robust,2,tree|L6,cv,0.849
A,pheme,robust,2,tree|L8,train,0.9785
A,pheme,robust,2,tree|L8,cv,0.9720000000000001
A,pheme,robust,2,tree|L12,train,0.9785
A,pheme,robust,2,tree|L12,cv,0.9715
A,pheme,robust,2,tree|L16,train,0.9795
A,pheme,robust,2,tree|L16,cv,0.97
A,pheme,robust,2,tree|L24,train,0.9805
A,pheme,robust,2,tree|L24,cv,0.97
B,pheme,robust,2,all,n_with_content,2000
B,pheme,robust,2,all,n_nodes,2000
B,pheme,robust,2,all,refit_fallback,0
B,pheme,robust,2,all,flip_rate_refit,0.233
B,pheme,robust,2,all,flip_rate_seed_noise,0.672
B,pheme,robust,2,content_sensitivity,auc_flip,0.34072748739585135
B,pheme,robust,2,content_sensitivity,spearman_flip,-0.2332422118059215
B,pheme,robust,2,content_flip_margin,auc_flip,0.6251224043287766
B,pheme,robust,2,content_flip_margin,spearman_flip,0.1832331810693745
B,pheme,robust,2,alpha,auc_flip,nan
B,pheme,robust,2,alpha,spearman_flip,nan
B,pheme,robust,2,normshare,auc_flip,0.512406902764799
B,pheme,robust,2,normshare,spearman_flip,0.018169028656376627
B,pheme,robust,2,structure_sensitivity_neg,auc_flip,0.59342737716201
B,pheme,robust,2,structure_sensitivity_neg,spearman_flip,0.13681776346875912
B,pheme,robust,2,intervention_flip,agreement,0.7825
B,pheme,robust,2,intervention_flip,precision,0.918918918918919
B,pheme,robust,2,intervention_flip,recall,0.07296137339055794
B,pheme,robust,2,all,mean_content_sensitivity,0.07596067197422912
B,pheme,robust,2,all,mean_structure_sensitivity,0.4389902101397871
_,pheme,robust,2,core|pheme|robust|2,_done,1.06
A,pheme,robust,3,nbr,n_rules,8.0
A,pheme,robust,3,nbr,coverage,0.9745
A,pheme,robust,3,nbr,fidelity,0.9665
A,pheme,robust,3,nbr,precision_covered,0.9917906618778861
A,pheme,robust,3,nbr,majority,0.182
A,pheme,robust,3,nbr,fidelity_with_fallback,0.9895
A,pheme,robust,3,old,fidelity,0.182
A,pheme,robust,3,old,n_rules,1.0
A,pheme,robust,3,curve|r1,fidelity,0.1805
A,pheme,robust,3,curve|r1,coverage,0.181
A,pheme,robust,3,curve|r2,fidelity,0.34
A,pheme,robust,3,curve|r2,coverage,0.341
A,pheme,robust,3,curve|r3,fidelity,0.4735
A,pheme,robust,3,curve|r3,coverage,0.482
A,pheme,robust,3,curve|r4,fidelity,0.613
A,pheme,robust,3,curve|r4,coverage,0.621
A,pheme,robust,3,curve|r5,fidelity,0.7325
A,pheme,robust,3,curve|r5,coverage,0.7425
A,pheme,robust,3,curve|r6,fidelity,0.838
A,pheme,robust,3,curve|r6,coverage,0.848
A,pheme,robust,3,curve|r7,fidelity,0.917
A,pheme,robust,3,curve|r7,coverage,0.926
A,pheme,robust,3,curve|r8,fidelity,0.9665
A,pheme,robust,3,curve|r8,coverage,0.9745
A,pheme,robust,3,tree|L2,train,0.3405
A,pheme,robust,3,tree|L2,cv,0.3345000000000001
A,pheme,robust,3,tree|L3,train,0.495
A,pheme,robust,3,tree|L3,cv,0.49449999999999994
A,pheme,robust,3,tree|L4,train,0.6355
A,pheme,robust,3,tree|L4,cv,0.6345
A,pheme,robust,3,tree|L6,train,0.8605
A,pheme,robust,3,tree|L6,cv,0.859
A,pheme,robust,3,tree|L8,train,0.9905
A,pheme,robust,3,tree|L8,cv,0.9880000000000001
A,pheme,robust,3,tree|L12,train,0.991
A,pheme,robust,3,tree|L12,cv,0.9879999999999999
A,pheme,robust,3,tree|L16,train,0.991
A,pheme,robust,3,tree|L16,cv,0.9879999999999999
A,pheme,robust,3,tree|L24,train,0.991
A,pheme,robust,3,tree|L24,cv,0.9879999999999999
B,pheme,robust,3,all,n_with_content,2000
B,pheme,robust,3,all,n_nodes,2000
B,pheme,robust,3,all,refit_fallback,0
B,pheme,robust,3,all,flip_rate_refit,0.4485
B,pheme,robust,3,all,flip_rate_seed_noise,0.666
B,pheme,robust,3,content_sensitivity,auc_flip,0.31371217243738825
B,pheme,robust,3,content_sensitivity,spearman_flip,-0.3209439088344268
B,pheme,robust,3,content_flip_margin,auc_flip,0.6809390827286684
B,pheme,robust,3,content_flip_margin,spearman_flip,0.31173081361547506
B,pheme,robust,3,alpha,auc_flip,nan
B,pheme,robust,3,alpha,spearman_flip,nan
B,pheme,robust,3,normshare,auc_flip,0.42795719791265535
B,pheme,robust,3,normshare,spearman_flip,-0.12411871403317432
B,pheme,robust,3,structure_sensitivity_neg,auc_flip,0.633828284267797
B,pheme,robust,3,structure_sensitivity_neg,spearman_flip,0.23056563608374228
B,pheme,robust,3,intervention_flip,agreement,0.553
B,pheme,robust,3,intervention_flip,precision,0.5714285714285714
B,pheme,robust,3,intervention_flip,recall,0.013377926421404682
B,pheme,robust,3,all,mean_content_sensitivity,0.0768497298257469
B,pheme,robust,3,all,mean_structure_sensitivity,0.44331524168446196
_,pheme,robust,3,core|pheme|robust|3,_done,1.11
A,dblp,default,0,nbr,n_rules,8.0
A,dblp,default,0,nbr,coverage,0.9944029850746269
A,dblp,default,0,nbr,fidelity,0.9916044776119403
A,dblp,default,0,nbr,precision_covered,0.9971857410881801
A,dblp,default,0,nbr,majority,0.20988805970149255
A,dblp,default,0,nbr,fidelity_with_fallback,0.9916044776119403
A,dblp,default,0,old,fidelity,0.20988805970149255
A,dblp,default,0,old,n_rules,1.0
A,dblp,default,0,curve|r1,fidelity,0.20988805970149255
A,dblp,default,0,curve|r1,coverage,0.2126865671641791
A,dblp,default,0,curve|r2,fidelity,0.3787313432835821
A,dblp,default,0,curve|r2,coverage,0.3843283582089552
A,dblp,default,0,curve|r3,fidelity,0.5242537313432836
A,dblp,default,0,curve|r3,coverage,0.5298507462686567
A,dblp,default,0,curve|r4,fidelity,0.6707089552238806
A,dblp,default,0,curve|r4,coverage,0.6763059701492538
A,dblp,default,0,curve|r5,fidelity,0.7751865671641791
A,dblp,default,0,curve|r5,coverage,0.7798507462686567
A,dblp,default,0,curve|r6,fidelity,0.855410447761194
A,dblp,default,0,curve|r6,coverage,0.8600746268656716
A,dblp,default,0,curve|r7,fidelity,0.9235074626865671
A,dblp,default,0,curve|r7,coverage,0.9263059701492538
A,dblp,default,0,curve|r8,fidelity,0.9916044776119403
A,dblp,default,0,curve|r8,coverage,0.9944029850746269
A,dblp,default,0,tree|L2,train,0.37779850746268656
A,dblp,default,0,tree|L2,cv,0.3777787437513584
A,dblp,default,0,tree|L3,train,0.5242537313432836
A,dblp,default,0,tree|L3,cv,0.5065203216692024
A,dblp,default,0,tree|L4,train,0.6697761194029851
A,dblp,default,0,tree|L4,cv,0.6688415561834384
A,dblp,default,0,tree|L6,train,0.8600746268656716
A,dblp,default,0,tree|L6,cv,0.8563529667463594
A,dblp,default,0,tree|L8,train,0.9981343283582089
A,dblp,default,0,tree|L8,cv,0.9943968702455989
A,dblp,default,0,tree|L12,train,1.0
A,dblp,default,0,tree|L12,cv,0.9943968702455989
A,dblp,default,0,tree|L16,train,1.0
A,dblp,default,0,tree|L16,cv,0.9943968702455989
A,dblp,default,0,tree|L24,train,1.0
A,dblp,default,0,tree|L24,cv,0.9943968702455989
B,dblp,default,0,all,n_with_content,0
B,dblp,default,0,all,n_nodes,1072
B,dblp,default,0,all,no_content,1
_,dblp,default,0,core|dblp|default|0,_done,0.16
A,dblp,default,1,nbr,n_rules,8.0
A,dblp,default,1,nbr,coverage,0.9944029850746269
A,dblp,default,1,nbr,fidelity,0.9916044776119403
A,dblp,default,1,nbr,precision_covered,0.9971857410881801
A,dblp,default,1,nbr,majority,0.20988805970149255
A,dblp,default,1,nbr,fidelity_with_fallback,0.9916044776119403
A,dblp,default,1,old,fidelity,0.20988805970149255
A,dblp,default,1,old,n_rules,1.0
A,dblp,default,1,curve|r1,fidelity,0.20988805970149255
A,dblp,default,1,curve|r1,coverage,0.2126865671641791
A,dblp,default,1,curve|r2,fidelity,0.3787313432835821
A,dblp,default,1,curve|r2,coverage,0.3843283582089552
A,dblp,default,1,curve|r3,fidelity,0.5242537313432836
A,dblp,default,1,curve|r3,coverage,0.5298507462686567
A,dblp,default,1,curve|r4,fidelity,0.6707089552238806
A,dblp,default,1,curve|r4,coverage,0.6763059701492538
A,dblp,default,1,curve|r5,fidelity,0.7751865671641791
A,dblp,default,1,curve|r5,coverage,0.7798507462686567
A,dblp,default,1,curve|r6,fidelity,0.855410447761194
A,dblp,default,1,curve|r6,coverage,0.8600746268656716
A,dblp,default,1,curve|r7,fidelity,0.9235074626865671
A,dblp,default,1,curve|r7,coverage,0.9263059701492538
A,dblp,default,1,curve|r8,fidelity,0.9916044776119403
A,dblp,default,1,curve|r8,coverage,0.9944029850746269
A,dblp,default,1,tree|L2,train,0.37779850746268656
A,dblp,default,1,tree|L2,cv,0.37689632688545965
A,dblp,default,1,tree|L3,train,0.5242537313432836
A,dblp,default,1,tree|L3,cv,0.5121625733536188
A,dblp,default,1,tree|L4,train,0.6697761194029851
A,dblp,default,1,tree|L4,cv,0.6688980656379048
A,dblp,default,1,tree|L6,train,0.8600746268656716
A,dblp,default,1,tree|L6,cv,0.8573136274722886
A,dblp,default,1,tree|L8,train,0.9981343283582089
A,dblp,default,1,tree|L8,cv,0.9934666376874592
A,dblp,default,1,tree|L12,train,1.0
A,dblp,default,1,tree|L12,cv,0.9953357965659639
A,dblp,default,1,tree|L16,train,1.0
A,dblp,default,1,tree|L16,cv,0.9953357965659639
A,dblp,default,1,tree|L24,train,1.0
A,dblp,default,1,tree|L24,cv,0.9953357965659639
B,dblp,default,1,all,n_with_content,0
B,dblp,default,1,all,n_nodes,1072
B,dblp,default,1,all,no_content,1
_,dblp,default,1,core|dblp|default|1,_done,0.17
A,dblp,default,2,nbr,n_rules,8.0
A,dblp,default,2,nbr,coverage,0.9944029850746269
A,dblp,default,2,nbr,fidelity,0.9916044776119403
A,dblp,default,2,nbr,precision_covered,0.9971857410881801
A,dblp,default,2,nbr,majority,0.20988805970149255
A,dblp,default,2,nbr,fidelity_with_fallback,0.9916044776119403
A,dblp,default,2,old,fidelity,0.20988805970149255
A,dblp,default,2,old,n_rules,1.0
A,dblp,default,2,curve|r1,fidelity,0.20988805970149255
A,dblp,default,2,curve|r1,coverage,0.2126865671641791
A,dblp,default,2,curve|r2,fidelity,0.3787313432835821
A,dblp,default,2,curve|r2,coverage,0.3843283582089552
A,dblp,default,2,curve|r3,fidelity,0.5242537313432836
A,dblp,default,2,curve|r3,coverage,0.5298507462686567
A,dblp,default,2,curve|r4,fidelity,0.6707089552238806
A,dblp,default,2,curve|r4,coverage,0.6763059701492538
A,dblp,default,2,curve|r5,fidelity,0.7751865671641791
A,dblp,default,2,curve|r5,coverage,0.7798507462686567
A,dblp,default,2,curve|r6,fidelity,0.855410447761194
A,dblp,default,2,curve|r6,coverage,0.8600746268656716
A,dblp,default,2,curve|r7,fidelity,0.9235074626865671
A,dblp,default,2,curve|r7,coverage,0.9263059701492538
A,dblp,default,2,curve|r8,fidelity,0.9916044776119403
A,dblp,default,2,curve|r8,coverage,0.9944029850746269
A,dblp,default,2,tree|L2,train,0.37779850746268656
A,dblp,default,2,tree|L2,cv,0.37776570310802
A,dblp,default,2,tree|L3,train,0.5242537313432836
A,dblp,default,2,tree|L3,cv,0.5055553140621604
A,dblp,default,2,tree|L4,train,0.6697761194029851
A,dblp,default,2,tree|L4,cv,0.6678895892197347
A,dblp,default,2,tree|L6,train,0.8600746268656716
A,dblp,default,2,tree|L6,cv,0.8563181916974572
A,dblp,default,2,tree|L8,train,0.9981343283582089
A,dblp,default,2,tree|L8,cv,0.9943968702455986
A,dblp,default,2,tree|L12,train,1.0
A,dblp,default,2,tree|L12,cv,0.9943968702455986
A,dblp,default,2,tree|L16,train,1.0
A,dblp,default,2,tree|L16,cv,0.9943968702455986
A,dblp,default,2,tree|L24,train,1.0
A,dblp,default,2,tree|L24,cv,0.9943968702455986
B,dblp,default,2,all,n_with_content,0
B,dblp,default,2,all,n_nodes,1072
B,dblp,default,2,all,no_content,1
_,dblp,default,2,core|dblp|default|2,_done,0.17
A,pheme,default,2,nbr,n_rules,9.0
A,pheme,default,2,nbr,coverage,0.971
A,pheme,default,2,nbr,fidelity,0.9635
A,pheme,default,2,nbr,precision_covered,0.9922760041194645
A,pheme,default,2,nbr,majority,0.1695
A,pheme,default,2,nbr,fidelity_with_fallback,0.987
A,pheme,default,2,old,fidelity,0.1695
A,pheme,default,2,old,n_rules,1.0
A,pheme,default,2,curve|r1,fidelity,0.169
A,pheme,default,2,curve|r1,coverage,0.1705
A,pheme,default,2,curve|r2,fidelity,0.3235
A,pheme,default,2,curve|r2,coverage,0.3255
A,pheme,default,2,curve|r3,fidelity,0.456
A,pheme,default,2,curve|r3,coverage,0.459
A,pheme,default,2,curve|r4,fidelity,0.5705
A,pheme,default,2,curve|r4,coverage,0.576
A,pheme,default,2,curve|r5,fidelity,0.688
A,pheme,default,2,curve|r5,coverage,0.6965
A,pheme,default,2,curve|r6,fidelity,0.8
A,pheme,default,2,curve|r6,coverage,0.8085
A,pheme,default,2,curve|r7,fidelity,0.9
A,pheme,default,2,curve|r7,coverage,0.9085
A,pheme,default,2,curve|r8,fidelity,0.966
A,pheme,default,2,curve|r8,coverage,0.9725
A,pheme,default,2,curve|r9,fidelity,0.9635
A,pheme,default,2,curve|r9,coverage,0.971
A,pheme,default,2,tree|L2,train,0.3235
A,pheme,default,2,tree|L2,cv,0.3235
A,pheme,default,2,tree|L3,train,0.462
A,pheme,default,2,tree|L3,cv,0.4615
A,pheme,default,2,tree|L4,train,0.5945
A,pheme,default,2,tree|L4,cv,0.594
A,pheme,default,2,tree|L6,train,0.824
A,pheme,default,2,tree|L6,cv,0.8234999999999999
A,pheme,default,2,tree|L8,train,0.9915
A,pheme,default,2,tree|L8,cv,0.9904999999999999
A,pheme,default,2,tree|L12,train,0.9935
A,pheme,default,2,tree|L12,cv,0.991
A,pheme,default,2,tree|L16,train,0.9945
A,pheme,default,2,tree|L16,cv,0.9904999999999999
A,pheme,default,2,tree|L24,train,0.9945
A,pheme,default,2,tree|L24,cv,0.9904999999999999
B,pheme,default,2,all,n_with_content,2000
B,pheme,default,2,all,n_nodes,2000
B,pheme,default,2,all,refit_fallback,0
B,pheme,default,2,all,flip_rate_refit,0.169
B,pheme,default,2,all,flip_rate_seed_noise,0.667
B,pheme,default,2,content_sensitivity,auc_flip,0.2628792571863941
B,pheme,default,2,content_sensitivity,spearman_flip,-0.3078251418684156
B,pheme,default,2,content_flip_margin,auc_flip,0.7623042744536774
B,pheme,default,2,content_flip_margin,spearman_flip,0.34051987332163774
B,pheme,default,2,alpha,auc_flip,nan
B,pheme,default,2,alpha,spearman_flip,nan
B,pheme,default,2,normshare,auc_flip,0.48745629775204896
B,pheme,default,2,normshare,spearman_flip,-0.016284074504257246
B,pheme,default,2,structure_sensitivity_neg,auc_flip,0.7956354716282514
B,pheme,default,2,structure_sensitivity_neg,spearman_flip,0.3837877290910668
B,pheme,default,2,intervention_flip,agreement,0.8395
B,pheme,default,2,intervention_flip,precision,1.0
B,pheme,default,2,intervention_flip,recall,0.05029585798816568
B,pheme,default,2,all,mean_content_sensitivity,0.04641102655829932
B,pheme,default,2,all,mean_structure_sensitivity,0.522825761116152
_,pheme,default,2,core|pheme|default|2,_done,13.12
A,dblp,default,3,nbr,n_rules,8.0
A,dblp,default,3,nbr,coverage,0.9944029850746269
A,dblp,default,3,nbr,fidelity,0.9888059701492538
A,dblp,default,3,nbr,precision_covered,0.9943714821763602
A,dblp,default,3,nbr,majority,0.20988805970149255
A,dblp,default,3,nbr,fidelity_with_fallback,0.9888059701492538
A,dblp,default,3,old,fidelity,0.20988805970149255
A,dblp,default,3,old,n_rules,1.0
A,dblp,default,3,curve|r1,fidelity,0.20988805970149255
A,dblp,default,3,curve|r1,coverage,0.2126865671641791
A,dblp,default,3,curve|r2,fidelity,0.3843283582089552
A,dblp,default,3,curve|r2,coverage,0.38899253731343286
A,dblp,default,3,curve|r3,fidelity,0.5289179104477612
A,dblp,default,3,curve|r3,coverage,0.5335820895522388
A,dblp,default,3,curve|r4,fidelity,0.6389925373134329
A,dblp,default,3,curve|r4,coverage,0.6464552238805971
A,dblp,default,3,curve|r5,fidelity,0.7434701492537313
A,dblp,default,3,curve|r5,coverage,0.7509328358208955
A,dblp,default,3,curve|r6,fidelity,0.8302238805970149
A,dblp,default,3,curve|r6,coverage,0.8376865671641791
A,dblp,default,3,curve|r7,fidelity,0.9207089552238806
A,dblp,default,3,curve|r7,coverage,0.9263059701492538
A,dblp,default,3,curve|r8,fidelity,0.9888059701492538
A,dblp,default,3,curve|r8,coverage,0.9944029850746269
A,dblp,default,3,tree|L2,train,0.3843283582089552
A,dblp,default,3,tree|L2,cv,0.38429906542056075
A,dblp,default,3,tree|L3,train,0.5261194029850746
A,dblp,default,3,tree|L3,cv,0.5261247554879375
A,dblp,default,3,tree|L4,train,0.6389925373134329
A,dblp,default,3,tree|L4,cv,0.6371354053466638
A,dblp,default,3,tree|L6,train,0.835820895522388
A,dblp,default,3,tree|L6,cv,0.8227689632688546
A,dblp,default,3,tree|L8,train,0.9944029850746269
A,dblp,default,3,tree|L8,cv,0.9888024342534232
A,dblp,default,3,tree|L12,train,0.996268656716418
A,dblp,default,3,tree|L12,cv,0.9878722016952836
A,dblp,default,3,tree|L16,train,0.9981343283582089
A,dblp,default,3,tree|L16,cv,0.9869463160182569
A,dblp,default,3,tree|L24,train,0.9981343283582089
A,dblp,default,3,tree|L24,cv,0.9869463160182569
B,dblp,default,3,all,n_with_content,0
B,dblp,default,3,all,n_nodes,1072
B,dblp,default,3,all,no_content,1
_,dblp,default,3,core|dblp|default|3,_done,0.17
A,pheme,default,4,nbr,n_rules,9.0
A,pheme,default,4,nbr,coverage,0.974
A,pheme,default,4,nbr,fidelity,0.966
A,pheme,default,4,nbr,precision_covered,0.9917864476386037
A,pheme,default,4,nbr,majority,0.1975
A,pheme,default,4,nbr,fidelity_with_fallback,0.9875
A,pheme,default,4,old,fidelity,0.1975
A,pheme,default,4,old,n_rules,1.0
A,pheme,default,4,curve|r1,fidelity,0.1975
A,pheme,default,4,curve|r1,coverage,0.202
A,pheme,default,4,curve|r2,fidelity,0.3685
A,pheme,default,4,curve|r2,coverage,0.374
A,pheme,default,4,curve|r3,fidelity,0.508
A,pheme,default,4,curve|r3,coverage,0.5135
A,pheme,default,4,curve|r4,fidelity,0.643
A,pheme,default,4,curve|r4,coverage,0.6495
A,pheme,default,4,curve|r5,fidelity,0.7435
A,pheme,default,4,curve|r5,coverage,0.75
A,pheme,default,4,curve|r6,fidelity,0.833
A,pheme,default,4,curve|r6,coverage,0.8395
A,pheme,default,4,curve|r7,fidelity,0.903
A,pheme,default,4,curve|r7,coverage,0.9095
A,pheme,default,4,curve|r8,fidelity,0.9575
A,pheme,default,4,curve|r8,coverage,0.965
A,pheme,default,4,curve|r9,fidelity,0.966
A,pheme,default,4,curve|r9,coverage,0.974
A,pheme,default,4,tree|L2,train,0.3685
A,pheme,default,4,tree|L2,cv,0.368
A,pheme,default,4,tree|L3,train,0.508
A,pheme,default,4,tree|L3,cv,0.5025000000000001
A,pheme,default,4,tree|L4,train,0.643
A,pheme,default,4,tree|L4,cv,0.6420000000000001
A,pheme,default,4,tree|L6,train,0.833
A,pheme,default,4,tree|L6,cv,0.8315000000000001
A,pheme,default,4,tree|L8,train,0.982
A,pheme,default,4,tree|L8,cv,0.9785
A,pheme,default,4,tree|L12,train,0.9915
A,pheme,default,4,tree|L12,cv,0.986
A,pheme,default,4,tree|L16,train,0.9915
A,pheme,default,4,tree|L16,cv,0.986
A,pheme,default,4,tree|L24,train,0.9915
A,pheme,default,4,tree|L24,cv,0.986
B,pheme,default,4,all,n_with_content,2000
B,pheme,default,4,all,n_nodes,2000
B,pheme,default,4,all,refit_fallback,0
B,pheme,default,4,all,flip_rate_refit,0.1335
B,pheme,default,4,all,flip_rate_seed_noise,0.6515
B,pheme,default,4,content_sensitivity,auc_flip,0.18057923844473117
B,pheme,default,4,content_sensitivity,spearman_flip,-0.37633857370241425
B,pheme,default,4,content_flip_margin,auc_flip,0.8409093364972953
B,pheme,default,4,content_flip_margin,spearman_flip,0.4016584204312955
B,pheme,default,4,alpha,auc_flip,nan
B,pheme,default,4,alpha,spearman_flip,nan
B,pheme,default,4,normshare,auc_flip,0.3421941557473239
B,pheme,default,4,normshare,spearman_flip,-0.185926565385489
B,pheme,default,4,structure_sensitivity_neg,auc_flip,0.8382597344778923
B,pheme,default,4,structure_sensitivity_neg,spearman_flip,0.3985344773246014
B,pheme,default,4,intervention_flip,agreement,0.8775
B,pheme,default,4,intervention_flip,precision,1.0
B,pheme,default,4,intervention_flip,recall,0.08239700374531835
B,pheme,default,4,all,mean_content_sensitivity,0.04642980617122207
B,pheme,default,4,all,mean_structure_sensitivity,0.5619319388900162
_,pheme,default,4,core|pheme|default|4,_done,6.22
A,pheme,robust,4,nbr,n_rules,8.0
A,pheme,robust,4,nbr,coverage,0.9715
A,pheme,robust,4,nbr,fidelity,0.967
A,pheme,robust,4,nbr,precision_covered,0.9953679876479671
A,pheme,robust,4,nbr,majority,0.201
A,pheme,robust,4,nbr,fidelity_with_fallback,0.9925
A,pheme,robust,4,old,fidelity,0.201
A,pheme,robust,4,old,n_rules,1.0
A,pheme,robust,4,curve|r1,fidelity,0.201
A,pheme,robust,4,curve|r1,coverage,0.202
A,pheme,robust,4,curve|r2,fidelity,0.377
A,pheme,robust,4,curve|r2,coverage,0.3795
A,pheme,robust,4,curve|r3,fidelity,0.531
A,pheme,robust,4,curve|r3,coverage,0.5335
A,pheme,robust,4,curve|r4,fidelity,0.6635
A,pheme,robust,4,curve|r4,coverage,0.667
A,pheme,robust,4,curve|r5,fidelity,0.797
A,pheme,robust,4,curve|r5,coverage,0.8
A,pheme,robust,4,curve|r6,fidelity,0.9225
A,pheme,robust,4,curve|r6,coverage,0.9255
A,pheme,robust,4,curve|r7,fidelity,0.968
A,pheme,robust,4,curve|r7,coverage,0.9725
A,pheme,robust,4,curve|r8,fidelity,0.967
A,pheme,robust,4,curve|r8,coverage,0.9715
A,pheme,robust,4,tree|L2,train,0.3775
A,pheme,robust,4,tree|L2,cv,0.37700000000000006
A,pheme,robust,4,tree|L3,train,0.5325
A,pheme,robust,4,tree|L3,cv,0.5205
A,pheme,robust,4,tree|L4,train,0.6865
A,pheme,robust,4,tree|L4,cv,0.6845000000000001
A,pheme,robust,4,tree|L6,train,0.947
A,pheme,robust,4,tree|L6,cv,0.9445
A,pheme,robust,4,tree|L8,train,0.9935
A,pheme,robust,4,tree|L8,cv,0.9895000000000002
A,pheme,robust,4,tree|L12,train,0.9945
A,pheme,robust,4,tree|L12,cv,0.9894999999999999
A,pheme,robust,4,tree|L16,train,0.9955
A,pheme,robust,4,tree|L16,cv,0.9890000000000001
A,pheme,robust,4,tree|L24,train,0.9955
A,pheme,robust,4,tree|L24,cv,0.9890000000000001
B,pheme,robust,4,all,n_with_content,2000
B,pheme,robust,4,all,n_nodes,2000
B,pheme,robust,4,all,refit_fallback,0
B,pheme,robust,4,all,flip_rate_refit,0.251
B,pheme,robust,4,all,flip_rate_seed_noise,0.6425
B,pheme,robust,4,content_sensitivity,auc_flip,0.3284685024920345
B,pheme,robust,4,content_sensitivity,spearman_flip,-0.2576394279403915
B,pheme,robust,4,content_flip_margin,auc_flip,0.6387799935106038
B,pheme,robust,4,content_flip_margin,spearman_flip,0.2084481094784785
B,pheme,robust,4,alpha,auc_flip,nan
B,pheme,robust,4,alpha,spearman_flip,nan
B,pheme,robust,4,normshare,auc_flip,0.4902100543087995
B,pheme,robust,4,normshare,spearman_flip,-0.01470451623963603
B,pheme,robust,4,structure_sensitivity_neg,auc_flip,0.6679104676088702
B,pheme,robust,4,structure_sensitivity_neg,spearman_flip,0.2522018271763722
B,pheme,robust,4,intervention_flip,agreement,0.754
B,pheme,robust,4,intervention_flip,precision,0.9166666666666666
B,pheme,robust,4,intervention_flip,recall,0.021912350597609563
B,pheme,robust,4,all,mean_content_sensitivity,0.07939009427325462
B,pheme,robust,4,all,mean_structure_sensitivity,0.46829381304733586
_,pheme,robust,4,core|pheme|robust|4,_done,0.88
A,dblp,default,4,nbr,n_rules,8.0
A,dblp,default,4,nbr,coverage,0.9916044776119403
A,dblp,default,4,nbr,fidelity,0.9869402985074627
A,dblp,default,4,nbr,precision_covered,0.9952963311382879
A,dblp,default,4,nbr,majority,0.21548507462686567
A,dblp,default,4,nbr,fidelity_with_fallback,0.9878731343283582
A,dblp,default,4,old,fidelity,0.21548507462686567
A,dblp,default,4,old,n_rules,1.0
A,dblp,default,4,curve|r1,fidelity,0.21548507462686567
A,dblp,default,4,curve|r1,coverage,0.21828358208955223
A,dblp,default,4,curve|r2,fidelity,0.40111940298507465
A,dblp,default,4,curve|r2,coverage,0.40671641791044777
A,dblp,default,4,curve|r3,fidelity,0.5699626865671642
A,dblp,default,4,curve|r3,coverage,0.5774253731343284
A,dblp,default,4,curve|r4,fidelity,0.6735074626865671
A,dblp,default,4,curve|r4,coverage,0.6809701492537313
A,dblp,default,4,curve|r5,fidelity,0.7518656716417911
A,dblp,default,4,curve|r5,coverage,0.7611940298507462
A,dblp,default,4,curve|r6,fidelity,0.8423507462686567
A,dblp,default,4,curve|r6,coverage,0.8498134328358209
A,dblp,default,4,curve|r7,fidelity,0.9188432835820896
A,dblp,default,4,curve|r7,coverage,0.9235074626865671
A,dblp,default,4,curve|r8,fidelity,0.9869402985074627
A,dblp,default,4,curve|r8,coverage,0.9916044776119403
A,dblp,default,4,tree|L2,train,0.4001865671641791
A,dblp,default,4,tree|L2,cv,0.39832645077157136
A,dblp,default,4,tree|L3,train,0.5680970149253731
A,dblp,default,4,tree|L3,cv,0.5652727667898283
A,dblp,default,4,tree|L4,train,0.6735074626865671
A,dblp,default,4,tree|L4,cv,0.6697804825038035
A,dblp,default,4,tree|L6,train,0.8488805970149254
A,dblp,default,4,tree|L6,cv,0.845168441643121
A,dblp,default,4,tree|L8,train,0.9944029850746269
A,dblp,default,4,tree|L8,cv,0.9887980873723103
A,dblp,default,4,tree|L12,train,0.9981343283582089
A,dblp,default,4,tree|L12,cv,0.9887980873723103
A,dblp,default,4,tree|L16,train,0.9990671641791045
A,dblp,default,4,tree|L16,cv,0.9878678548141708
A,dblp,default,4,tree|L24,train,0.9990671641791045
A,dblp,default,4,tree|L24,cv,0.9878678548141708
B,dblp,default,4,all,n_with_content,0
B,dblp,default,4,all,n_nodes,1072
B,dblp,default,4,all,no_content,1
_,dblp,default,4,core|dblp|default|4,_done,0.17
A,dblp,robust,0,nbr,n_rules,8.0
A,dblp,robust,0,nbr,coverage,0.9944029850746269
A,dblp,robust,0,nbr,fidelity,0.9916044776119403
A,dblp,robust,0,nbr,precision_covered,0.9971857410881801
A,dblp,robust,0,nbr,majority,0.20988805970149255
A,dblp,robust,0,nbr,fidelity_with_fallback,0.9916044776119403
A,dblp,robust,0,old,fidelity,0.20988805970149255
A,dblp,robust,0,old,n_rules,1.0
A,dblp,robust,0,curve|r1,fidelity,0.20988805970149255
A,dblp,robust,0,curve|r1,coverage,0.2126865671641791
A,dblp,robust,0,curve|r2,fidelity,0.3787313432835821
A,dblp,robust,0,curve|r2,coverage,0.3843283582089552
A,dblp,robust,0,curve|r3,fidelity,0.5242537313432836
A,dblp,robust,0,curve|r3,coverage,0.5298507462686567
A,dblp,robust,0,curve|r4,fidelity,0.6707089552238806
A,dblp,robust,0,curve|r4,coverage,0.6763059701492538
A,dblp,robust,0,curve|r5,fidelity,0.7751865671641791
A,dblp,robust,0,curve|r5,coverage,0.7798507462686567
A,dblp,robust,0,curve|r6,fidelity,0.855410447761194
A,dblp,robust,0,curve|r6,coverage,0.8600746268656716
A,dblp,robust,0,curve|r7,fidelity,0.9235074626865671
A,dblp,robust,0,curve|r7,coverage,0.9263059701492538
A,dblp,robust,0,curve|r8,fidelity,0.9916044776119403
A,dblp,robust,0,curve|r8,coverage,0.9944029850746269
A,dblp,robust,0,tree|L2,train,0.37779850746268656
A,dblp,robust,0,tree|L2,cv,0.3777787437513584
A,dblp,robust,0,tree|L3,train,0.5242537313432836
A,dblp,robust,0,tree|L3,cv,0.5065203216692024
A,dblp,robust,0,tree|L4,train,0.6697761194029851
A,dblp,robust,0,tree|L4,cv,0.6688415561834384
A,dblp,robust,0,tree|L6,train,0.8600746268656716
A,dblp,robust,0,tree|L6,cv,0.8563529667463594
A,dblp,robust,0,tree|L8,train,0.9981343283582089
A,dblp,robust,0,tree|L8,cv,0.9943968702455989
A,dblp,robust,0,tree|L12,train,1.0
A,dblp,robust,0,tree|L12,cv,0.9934622908063464
A,dblp,robust,0,tree|L16,train,1.0
A,dblp,robust,0,tree|L16,cv,0.9934622908063464
A,dblp,robust,0,tree|L24,train,1.0
A,dblp,robust,0,tree|L24,cv,0.9934622908063464
B,dblp,robust,0,all,n_with_content,0
B,dblp,robust,0,all,n_nodes,1072
B,dblp,robust,0,all,no_content,1
_,dblp,robust,0,core|dblp|robust|0,_done,0.2
A,dblp,robust,1,nbr,n_rules,8.0
A,dblp,robust,1,nbr,coverage,0.9944029850746269
A,dblp,robust,1,nbr,fidelity,0.9916044776119403
A,dblp,robust,1,nbr,precision_covered,0.9971857410881801
A,dblp,robust,1,nbr,majority,0.20988805970149255
A,dblp,robust,1,nbr,fidelity_with_fallback,0.9916044776119403
A,dblp,robust,1,old,fidelity,0.20988805970149255
A,dblp,robust,1,old,n_rules,1.0
A,dblp,robust,1,curve|r1,fidelity,0.20988805970149255
A,dblp,robust,1,curve|r1,coverage,0.2126865671641791
A,dblp,robust,1,curve|r2,fidelity,0.3787313432835821
A,dblp,robust,1,curve|r2,coverage,0.3843283582089552
A,dblp,robust,1,curve|r3,fidelity,0.5242537313432836
A,dblp,robust,1,curve|r3,coverage,0.5298507462686567
A,dblp,robust,1,curve|r4,fidelity,0.6707089552238806
A,dblp,robust,1,curve|r4,coverage,0.6763059701492538
A,dblp,robust,1,curve|r5,fidelity,0.7751865671641791
A,dblp,robust,1,curve|r5,coverage,0.7798507462686567
A,dblp,robust,1,curve|r6,fidelity,0.855410447761194
A,dblp,robust,1,curve|r6,coverage,0.8600746268656716
A,dblp,robust,1,curve|r7,fidelity,0.9235074626865671
A,dblp,robust,1,curve|r7,coverage,0.9263059701492538
A,dblp,robust,1,curve|r8,fidelity,0.9916044776119403
A,dblp,robust,1,curve|r8,coverage,0.9944029850746269
A,dblp,robust,1,tree|L2,train,0.37779850746268656
A,dblp,robust,1,tree|L2,cv,0.37689632688545965
A,dblp,robust,1,tree|L3,train,0.5242537313432836
A,dblp,robust,1,tree|L3,cv,0.5121625733536188
A,dblp,robust,1,tree|L4,train,0.6697761194029851
A,dblp,robust,1,tree|L4,cv,0.6688980656379048
A,dblp,robust,1,tree|L6,train,0.8600746268656716
A,dblp,robust,1,tree|L6,cv,0.8573136274722886
A,dblp,robust,1,tree|L8,train,0.9981343283582089
A,dblp,robust,1,tree|L8,cv,0.9934666376874592
A,dblp,robust,1,tree|L12,train,1.0
A,dblp,robust,1,tree|L12,cv,0.9953357965659639
A,dblp,robust,1,tree|L16,train,1.0
A,dblp,robust,1,tree|L16,cv,0.9953357965659639
A,dblp,robust,1,tree|L24,train,1.0
A,dblp,robust,1,tree|L24,cv,0.9953357965659639
B,dblp,robust,1,all,n_with_content,0
B,dblp,robust,1,all,n_nodes,1072
B,dblp,robust,1,all,no_content,1
_,dblp,robust,1,core|dblp|robust|1,_done,0.19
A,dblp,robust,2,nbr,n_rules,8.0
A,dblp,robust,2,nbr,coverage,0.9944029850746269
A,dblp,robust,2,nbr,fidelity,0.9916044776119403
A,dblp,robust,2,nbr,precision_covered,0.9971857410881801
A,dblp,robust,2,nbr,majority,0.20988805970149255
A,dblp,robust,2,nbr,fidelity_with_fallback,0.9916044776119403
A,dblp,robust,2,old,fidelity,0.20988805970149255
A,dblp,robust,2,old,n_rules,1.0
A,dblp,robust,2,curve|r1,fidelity,0.20988805970149255
A,dblp,robust,2,curve|r1,coverage,0.2126865671641791
A,dblp,robust,2,curve|r2,fidelity,0.3787313432835821
A,dblp,robust,2,curve|r2,coverage,0.3843283582089552
A,dblp,robust,2,curve|r3,fidelity,0.5242537313432836
A,dblp,robust,2,curve|r3,coverage,0.5298507462686567
A,dblp,robust,2,curve|r4,fidelity,0.6707089552238806
A,dblp,robust,2,curve|r4,coverage,0.6763059701492538
A,dblp,robust,2,curve|r5,fidelity,0.7751865671641791
A,dblp,robust,2,curve|r5,coverage,0.7798507462686567
A,dblp,robust,2,curve|r6,fidelity,0.855410447761194
A,dblp,robust,2,curve|r6,coverage,0.8600746268656716
A,dblp,robust,2,curve|r7,fidelity,0.9235074626865671
A,dblp,robust,2,curve|r7,coverage,0.9263059701492538
A,dblp,robust,2,curve|r8,fidelity,0.9916044776119403
A,dblp,robust,2,curve|r8,coverage,0.9944029850746269
A,dblp,robust,2,tree|L2,train,0.37779850746268656
A,dblp,robust,2,tree|L2,cv,0.37776570310802
A,dblp,robust,2,tree|L3,train,0.5242537313432836
A,dblp,robust,2,tree|L3,cv,0.5055553140621604
A,dblp,robust,2,tree|L4,train,0.6697761194029851
A,dblp,robust,2,tree|L4,cv,0.6678895892197347
A,dblp,robust,2,tree|L6,train,0.8600746268656716
A,dblp,robust,2,tree|L6,cv,0.8563181916974572
A,dblp,robust,2,tree|L8,train,0.9981343283582089
A,dblp,robust,2,tree|L8,cv,0.9943968702455986
A,dblp,robust,2,tree|L12,train,1.0
A,dblp,robust,2,tree|L12,cv,0.9943968702455986
A,dblp,robust,2,tree|L16,train,1.0
A,dblp,robust,2,tree|L16,cv,0.9943968702455986
A,dblp,robust,2,tree|L24,train,1.0
A,dblp,robust,2,tree|L24,cv,0.9943968702455986
B,dblp,robust,2,all,n_with_content,0
B,dblp,robust,2,all,n_nodes,1072
B,dblp,robust,2,all,no_content,1
_,dblp,robust,2,core|dblp|robust|2,_done,0.16
A,dblp,robust,3,nbr,n_rules,8.0
A,dblp,robust,3,nbr,coverage,0.9944029850746269
A,dblp,robust,3,nbr,fidelity,0.9916044776119403
A,dblp,robust,3,nbr,precision_covered,0.9971857410881801
A,dblp,robust,3,nbr,majority,0.20988805970149255
A,dblp,robust,3,nbr,fidelity_with_fallback,0.9916044776119403
A,dblp,robust,3,old,fidelity,0.20988805970149255
A,dblp,robust,3,old,n_rules,1.0
A,dblp,robust,3,curve|r1,fidelity,0.20988805970149255
A,dblp,robust,3,curve|r1,coverage,0.2126865671641791
A,dblp,robust,3,curve|r2,fidelity,0.3787313432835821
A,dblp,robust,3,curve|r2,coverage,0.3843283582089552
A,dblp,robust,3,curve|r3,fidelity,0.5242537313432836
A,dblp,robust,3,curve|r3,coverage,0.5298507462686567
A,dblp,robust,3,curve|r4,fidelity,0.6707089552238806
A,dblp,robust,3,curve|r4,coverage,0.6763059701492538
A,dblp,robust,3,curve|r5,fidelity,0.7751865671641791
A,dblp,robust,3,curve|r5,coverage,0.7798507462686567
A,dblp,robust,3,curve|r6,fidelity,0.855410447761194
A,dblp,robust,3,curve|r6,coverage,0.8600746268656716
A,dblp,robust,3,curve|r7,fidelity,0.9235074626865671
A,dblp,robust,3,curve|r7,coverage,0.9263059701492538
A,dblp,robust,3,curve|r8,fidelity,0.9916044776119403
A,dblp,robust,3,curve|r8,coverage,0.9944029850746269
A,dblp,robust,3,tree|L2,train,0.37779850746268656
A,dblp,robust,3,tree|L2,cv,0.3777700499891328
A,dblp,robust,3,tree|L3,train,0.5242537313432836
A,dblp,robust,3,tree|L3,cv,0.50558574222995
A,dblp,robust,3,tree|L4,train,0.6697761194029851
A,dblp,robust,3,tree|L4,cv,0.669810910671593
A,dblp,robust,3,tree|L6,train,0.8600746268656716
A,dblp,robust,3,tree|L6,cv,0.8573092805911757
A,dblp,robust,3,tree|L8,train,0.9981343283582089
A,dblp,robust,3,tree|L8,cv,0.9953444903281895
A,dblp,robust,3,tree|L12,train,1.0
A,dblp,robust,3,tree|L12,cv,0.9953444903281895
A,dblp,robust,3,tree|L16,train,1.0
A,dblp,robust,3,tree|L16,cv,0.9953444903281895
A,dblp,robust,3,tree|L24,train,1.0
A,dblp,robust,3,tree|L24,cv,0.9953444903281895
B,dblp,robust,3,all,n_with_content,0
B,dblp,robust,3,all,n_nodes,1072
B,dblp,robust,3,all,no_content,1
_,dblp,robust,3,core|dblp|robust|3,_done,0.16
A,amazon,default,1,nbr,n_rules,4.0
A,amazon,default,1,nbr,coverage,0.9863013698630136
A,amazon,default,1,nbr,fidelity,0.9863013698630136
A,amazon,default,1,nbr,precision_covered,1.0
A,amazon,default,1,nbr,majority,0.3561643835616438
A,amazon,default,1,nbr,fidelity_with_fallback,0.9863013698630136
A,amazon,default,1,old,fidelity,0.3561643835616438
A,amazon,default,1,old,n_rules,1.0
A,amazon,default,1,curve|r1,fidelity,0.3561643835616438
A,amazon,default,1,curve|r1,coverage,0.363013698630137
A,amazon,default,1,curve|r2,fidelity,0.6438356164383562
A,amazon,default,1,curve|r2,coverage,0.6506849315068494
A,amazon,default,1,curve|r3,fidelity,0.8698630136986302
A,amazon,default,1,curve|r3,coverage,0.8698630136986302
A,amazon,default,1,curve|r4,fidelity,0.9863013698630136
A,amazon,default,1,curve|r4,coverage,0.9863013698630136
A,amazon,default,1,tree|L2,train,0.6438356164383562
A,amazon,default,1,tree|L2,cv,0.636551724137931
A,amazon,default,1,tree|L3,train,0.8767123287671232
A,amazon,default,1,tree|L3,cv,0.8632183908045976
A,amazon,default,1,tree|L4,train,1.0
A,amazon,default,1,tree|L4,cv,0.9864367816091955
A,amazon,default,1,tree|L6,train,1.0
A,amazon,default,1,tree|L6,cv,0.9864367816091955
A,amazon,default,1,tree|L8,train,1.0
A,amazon,default,1,tree|L8,cv,0.9864367816091955
A,amazon,default,1,tree|L12,train,1.0
A,amazon,default,1,tree|L12,cv,0.9864367816091955
A,amazon,default,1,tree|L16,train,1.0
A,amazon,default,1,tree|L16,cv,0.9864367816091955
A,amazon,default,1,tree|L24,train,1.0
A,amazon,default,1,tree|L24,cv,0.9864367816091955
B,amazon,default,1,all,n_with_content,0
B,amazon,default,1,all,n_nodes,146
B,amazon,default,1,all,no_content,1
_,amazon,default,1,core|amazon|default|1,_done,0.08
A,amazon,default,0,nbr,n_rules,4.0
A,amazon,default,0,nbr,coverage,0.9863013698630136
A,amazon,default,0,nbr,fidelity,0.9863013698630136
A,amazon,default,0,nbr,precision_covered,1.0
A,amazon,default,0,nbr,majority,0.3561643835616438
A,amazon,default,0,nbr,fidelity_with_fallback,0.9863013698630136
A,amazon,default,0,old,fidelity,0.3561643835616438
A,amazon,default,0,old,n_rules,1.0
A,amazon,default,0,curve|r1,fidelity,0.3561643835616438
A,amazon,default,0,curve|r1,coverage,0.363013698630137
A,amazon,default,0,curve|r2,fidelity,0.6438356164383562
A,amazon,default,0,curve|r2,coverage,0.6506849315068494
A,amazon,default,0,curve|r3,fidelity,0.8698630136986302
A,amazon,default,0,curve|r3,coverage,0.8698630136986302
A,amazon,default,0,curve|r4,fidelity,0.9863013698630136
A,amazon,default,0,curve|r4,coverage,0.9863013698630136
A,amazon,default,0,tree|L2,train,0.6438356164383562
A,amazon,default,0,tree|L2,cv,0.6367816091954024
A,amazon,default,0,tree|L3,train,0.8767123287671232
A,amazon,default,0,tree|L3,cv,0.863448275862069
A,amazon,default,0,tree|L4,train,1.0
A,amazon,default,0,tree|L4,cv,0.9862068965517242
A,amazon,default,0,tree|L6,train,1.0
A,amazon,default,0,tree|L6,cv,0.9862068965517242
A,amazon,default,0,tree|L8,train,1.0
A,amazon,default,0,tree|L8,cv,0.9862068965517242
A,amazon,default,0,tree|L12,train,1.0
A,amazon,default,0,tree|L12,cv,0.9862068965517242
A,amazon,default,0,tree|L16,train,1.0
A,amazon,default,0,tree|L16,cv,0.9862068965517242
A,amazon,default,0,tree|L24,train,1.0
A,amazon,default,0,tree|L24,cv,0.9862068965517242
B,amazon,default,0,all,n_with_content,0
B,amazon,default,0,all,n_nodes,146
B,amazon,default,0,all,no_content,1
_,amazon,default,0,core|amazon|default|0,_done,0.08
A,amazon,default,2,nbr,n_rules,4.0
A,amazon,default,2,nbr,coverage,0.9863013698630136
A,amazon,default,2,nbr,fidelity,0.9863013698630136
A,amazon,default,2,nbr,precision_covered,1.0
A,amazon,default,2,nbr,majority,0.3561643835616438
A,amazon,default,2,nbr,fidelity_with_fallback,0.9863013698630136
A,amazon,default,2,old,fidelity,0.3561643835616438
A,amazon,default,2,old,n_rules,1.0
A,amazon,default,2,curve|r1,fidelity,0.3561643835616438
A,amazon,default,2,curve|r1,coverage,0.363013698630137
A,amazon,default,2,curve|r2,fidelity,0.6438356164383562
A,amazon,default,2,curve|r2,coverage,0.6506849315068494
A,amazon,default,2,curve|r3,fidelity,0.8698630136986302
A,amazon,default,2,curve|r3,coverage,0.8698630136986302
A,amazon,default,2,curve|r4,fidelity,0.9863013698630136
A,amazon,default,2,curve|r4,coverage,0.9863013698630136
A,amazon,default,2,tree|L2,train,0.6438356164383562
A,amazon,default,2,tree|L2,cv,0.63816091954023
A,amazon,default,2,tree|L3,train,0.8767123287671232
A,amazon,default,2,tree|L3,cv,0.8632183908045977
A,amazon,default,2,tree|L4,train,1.0
A,amazon,default,2,tree|L4,cv,0.9864367816091955
A,amazon,default,2,tree|L6,train,1.0
A,amazon,default,2,tree|L6,cv,0.9864367816091955
A,amazon,default,2,tree|L8,train,1.0
A,amazon,default,2,tree|L8,cv,0.9864367816091955
A,amazon,default,2,tree|L12,train,1.0
A,amazon,default,2,tree|L12,cv,0.9864367816091955
A,amazon,default,2,tree|L16,train,1.0
A,amazon,default,2,tree|L16,cv,0.9864367816091955
A,amazon,default,2,tree|L24,train,1.0
A,amazon,default,2,tree|L24,cv,0.9864367816091955
B,amazon,default,2,all,n_with_content,0
B,amazon,default,2,all,n_nodes,146
B,amazon,default,2,all,no_content,1
_,amazon,default,2,core|amazon|default|2,_done,0.08
A,dblp,robust,4,nbr,n_rules,8.0
A,dblp,robust,4,nbr,coverage,0.9944029850746269
A,dblp,robust,4,nbr,fidelity,0.9916044776119403
A,dblp,robust,4,nbr,precision_covered,0.9971857410881801
A,dblp,robust,4,nbr,majority,0.20988805970149255
A,dblp,robust,4,nbr,fidelity_with_fallback,0.9916044776119403
A,dblp,robust,4,old,fidelity,0.20988805970149255
A,dblp,robust,4,old,n_rules,1.0
A,dblp,robust,4,curve|r1,fidelity,0.20988805970149255
A,dblp,robust,4,curve|r1,coverage,0.2126865671641791
A,dblp,robust,4,curve|r2,fidelity,0.3787313432835821
A,dblp,robust,4,curve|r2,coverage,0.3843283582089552
A,dblp,robust,4,curve|r3,fidelity,0.5242537313432836
A,dblp,robust,4,curve|r3,coverage,0.5298507462686567
A,dblp,robust,4,curve|r4,fidelity,0.6707089552238806
A,dblp,robust,4,curve|r4,coverage,0.6763059701492538
A,dblp,robust,4,curve|r5,fidelity,0.7751865671641791
A,dblp,robust,4,curve|r5,coverage,0.7798507462686567
A,dblp,robust,4,curve|r6,fidelity,0.855410447761194
A,dblp,robust,4,curve|r6,coverage,0.8600746268656716
A,dblp,robust,4,curve|r7,fidelity,0.9235074626865671
A,dblp,robust,4,curve|r7,coverage,0.9263059701492538
A,dblp,robust,4,curve|r8,fidelity,0.9916044776119403
A,dblp,robust,4,curve|r8,coverage,0.9944029850746269
A,dblp,robust,4,tree|L2,train,0.37779850746268656
A,dblp,robust,4,tree|L2,cv,0.3778265594435992
A,dblp,robust,4,tree|L3,train,0.5242537313432836
A,dblp,robust,4,tree|L3,cv,0.5149402303846988
A,dblp,robust,4,tree|L4,train,0.6697761194029851
A,dblp,robust,4,tree|L4,cv,0.6697804825038034
A,dblp,robust,4,tree|L6,train,0.8600746268656716
A,dblp,robust,4,tree|L6,cv,0.8591697457074549
A,dblp,robust,4,tree|L8,train,0.9981343283582089
A,dblp,robust,4,tree|L8,cv,0.9972006085633558
A,dblp,robust,4,tree|L12,train,1.0
A,dblp,robust,4,tree|L12,cv,0.9962703760052163
A,dblp,robust,4,tree|L16,train,1.0
A,dblp,robust,4,tree|L16,cv,0.9962703760052163
A,dblp,robust,4,tree|L24,train,1.0
A,dblp,robust,4,tree|L24,cv,0.9962703760052163
B,dblp,robust,4,all,n_with_content,0
B,dblp,robust,4,all,n_nodes,1072
B,dblp,robust,4,all,no_content,1
_,dblp,robust,4,core|dblp|robust|4,_done,0.17
A,amazon,default,4,nbr,n_rules,4.0
A,amazon,default,4,nbr,coverage,0.9863013698630136
A,amazon,default,4,nbr,fidelity,0.9863013698630136
A,amazon,default,4,nbr,precision_covered,1.0
A,amazon,default,4,nbr,majority,0.3561643835616438
A,amazon,default,4,nbr,fidelity_with_fallback,0.9863013698630136
A,amazon,default,4,old,fidelity,0.3561643835616438
A,amazon,default,4,old,n_rules,1.0
A,amazon,default,4,curve|r1,fidelity,0.3561643835616438
A,amazon,default,4,curve|r1,coverage,0.363013698630137
A,amazon,default,4,curve|r2,fidelity,0.6438356164383562
A,amazon,default,4,curve|r2,coverage,0.6506849315068494
A,amazon,default,4,curve|r3,fidelity,0.8698630136986302
A,amazon,default,4,curve|r3,coverage,0.8698630136986302
A,amazon,default,4,curve|r4,fidelity,0.9863013698630136
A,amazon,default,4,curve|r4,coverage,0.9863013698630136
A,amazon,default,4,tree|L2,train,0.6438356164383562
A,amazon,default,4,tree|L2,cv,0.5740229885057471
A,amazon,default,4,tree|L3,train,0.8767123287671232
A,amazon,default,4,tree|L3,cv,0.862758620689655
A,amazon,default,4,tree|L4,train,1.0
A,amazon,default,4,tree|L4,cv,0.9864367816091955
A,amazon,default,4,tree|L6,train,1.0
A,amazon,default,4,tree|L6,cv,0.9864367816091955
A,amazon,default,4,tree|L8,train,1.0
A,amazon,default,4,tree|L8,cv,0.9864367816091955
A,amazon,default,4,tree|L12,train,1.0
A,amazon,default,4,tree|L12,cv,0.9864367816091955
A,amazon,default,4,tree|L16,train,1.0
A,amazon,default,4,tree|L16,cv,0.9864367816091955
A,amazon,default,4,tree|L24,train,1.0
A,amazon,default,4,tree|L24,cv,0.9864367816091955
B,amazon,default,4,all,n_with_content,0
B,amazon,default,4,all,n_nodes,146
B,amazon,default,4,all,no_content,1
_,amazon,default,4,core|amazon|default|4,_done,0.08
A,amazon,default,3,nbr,n_rules,4.0
A,amazon,default,3,nbr,coverage,0.9863013698630136
A,amazon,default,3,nbr,fidelity,0.9863013698630136
A,amazon,default,3,nbr,precision_covered,1.0
A,amazon,default,3,nbr,majority,0.3561643835616438
A,amazon,default,3,nbr,fidelity_with_fallback,0.9863013698630136
A,amazon,default,3,old,fidelity,0.3561643835616438
A,amazon,default,3,old,n_rules,1.0
A,amazon,default,3,curve|r1,fidelity,0.3561643835616438
A,amazon,default,3,curve|r1,coverage,0.363013698630137
A,amazon,default,3,curve|r2,fidelity,0.6438356164383562
A,amazon,default,3,curve|r2,coverage,0.6506849315068494
A,amazon,default,3,curve|r3,fidelity,0.8698630136986302
A,amazon,default,3,curve|r3,coverage,0.8698630136986302
A,amazon,default,3,curve|r4,fidelity,0.9863013698630136
A,amazon,default,3,curve|r4,coverage,0.9863013698630136
A,amazon,default,3,tree|L2,train,0.6438356164383562
A,amazon,default,3,tree|L2,cv,0.6377011494252873
A,amazon,default,3,tree|L3,train,0.8767123287671232
A,amazon,default,3,tree|L3,cv,0.863448275862069
A,amazon,default,3,tree|L4,train,1.0
A,amazon,default,3,tree|L4,cv,0.9864367816091955
A,amazon,default,3,tree|L6,train,1.0
A,amazon,default,3,tree|L6,cv,0.9864367816091955
A,amazon,default,3,tree|L8,train,1.0
A,amazon,default,3,tree|L8,cv,0.9864367816091955
A,amazon,default,3,tree|L12,train,1.0
A,amazon,default,3,tree|L12,cv,0.9864367816091955
A,amazon,default,3,tree|L16,train,1.0
A,amazon,default,3,tree|L16,cv,0.9864367816091955
A,amazon,default,3,tree|L24,train,1.0
A,amazon,default,3,tree|L24,cv,0.9864367816091955
B,amazon,default,3,all,n_with_content,0
B,amazon,default,3,all,n_nodes,146
B,amazon,default,3,all,no_content,1
_,amazon,default,3,core|amazon|default|3,_done,0.09
A,amazon,robust,0,nbr,n_rules,4.0
A,amazon,robust,0,nbr,coverage,0.9863013698630136
A,amazon,robust,0,nbr,fidelity,0.9863013698630136
A,amazon,robust,0,nbr,precision_covered,1.0
A,amazon,robust,0,nbr,majority,0.3561643835616438
A,amazon,robust,0,nbr,fidelity_with_fallback,0.9863013698630136
A,amazon,robust,0,old,fidelity,0.3561643835616438
A,amazon,robust,0,old,n_rules,1.0
A,amazon,robust,0,curve|r1,fidelity,0.3561643835616438
A,amazon,robust,0,curve|r1,coverage,0.363013698630137
A,amazon,robust,0,curve|r2,fidelity,0.6438356164383562
A,amazon,robust,0,curve|r2,coverage,0.6506849315068494
A,amazon,robust,0,curve|r3,fidelity,0.8698630136986302
A,amazon,robust,0,curve|r3,coverage,0.8698630136986302
A,amazon,robust,0,curve|r4,fidelity,0.9863013698630136
A,amazon,robust,0,curve|r4,coverage,0.9863013698630136
A,amazon,robust,0,tree|L2,train,0.6438356164383562
A,amazon,robust,0,tree|L2,cv,0.6367816091954024
A,amazon,robust,0,tree|L3,train,0.8767123287671232
A,amazon,robust,0,tree|L3,cv,0.863448275862069
A,amazon,robust,0,tree|L4,train,1.0
A,amazon,robust,0,tree|L4,cv,0.9862068965517242
A,amazon,robust,0,tree|L6,train,1.0
A,amazon,robust,0,tree|L6,cv,0.9862068965517242
A,amazon,robust,0,tree|L8,train,1.0
A,amazon,robust,0,tree|L8,cv,0.9862068965517242
A,amazon,robust,0,tree|L12,train,1.0
A,amazon,robust,0,tree|L12,cv,0.9862068965517242
A,amazon,robust,0,tree|L16,train,1.0
A,amazon,robust,0,tree|L16,cv,0.9862068965517242
A,amazon,robust,0,tree|L24,train,1.0
A,amazon,robust,0,tree|L24,cv,0.9862068965517242
B,amazon,robust,0,all,n_with_content,0
B,amazon,robust,0,all,n_nodes,146
B,amazon,robust,0,all,no_content,1
_,amazon,robust,0,core|amazon|robust|0,_done,0.08
A,amazon,robust,1,nbr,n_rules,4.0
A,amazon,robust,1,nbr,coverage,0.9863013698630136
A,amazon,robust,1,nbr,fidelity,0.9863013698630136
A,amazon,robust,1,nbr,precision_covered,1.0
A,amazon,robust,1,nbr,majority,0.3561643835616438
A,amazon,robust,1,nbr,fidelity_with_fallback,0.9863013698630136
A,amazon,robust,1,old,fidelity,0.3561643835616438
A,amazon,robust,1,old,n_rules,1.0
A,amazon,robust,1,curve|r1,fidelity,0.3561643835616438
A,amazon,robust,1,curve|r1,coverage,0.363013698630137
A,amazon,robust,1,curve|r2,fidelity,0.6438356164383562
A,amazon,robust,1,curve|r2,coverage,0.6506849315068494
A,amazon,robust,1,curve|r3,fidelity,0.8698630136986302
A,amazon,robust,1,curve|r3,coverage,0.8698630136986302
A,amazon,robust,1,curve|r4,fidelity,0.9863013698630136
A,amazon,robust,1,curve|r4,coverage,0.9863013698630136
A,amazon,robust,1,tree|L2,train,0.6438356164383562
A,amazon,robust,1,tree|L2,cv,0.636551724137931
A,amazon,robust,1,tree|L3,train,0.8767123287671232
A,amazon,robust,1,tree|L3,cv,0.8632183908045976
A,amazon,robust,1,tree|L4,train,1.0
A,amazon,robust,1,tree|L4,cv,0.9864367816091955
A,amazon,robust,1,tree|L6,train,1.0
A,amazon,robust,1,tree|L6,cv,0.9864367816091955
A,amazon,robust,1,tree|L8,train,1.0
A,amazon,robust,1,tree|L8,cv,0.9864367816091955
A,amazon,robust,1,tree|L12,train,1.0
A,amazon,robust,1,tree|L12,cv,0.9864367816091955
A,amazon,robust,1,tree|L16,train,1.0
A,amazon,robust,1,tree|L16,cv,0.9864367816091955
A,amazon,robust,1,tree|L24,train,1.0
A,amazon,robust,1,tree|L24,cv,0.9864367816091955
B,amazon,robust,1,all,n_with_content,0
B,amazon,robust,1,all,n_nodes,146
B,amazon,robust,1,all,no_content,1
_,amazon,robust,1,core|amazon|robust|1,_done,0.08
A,amazon,robust,2,nbr,n_rules,4.0
A,amazon,robust,2,nbr,coverage,0.9863013698630136
A,amazon,robust,2,nbr,fidelity,0.9863013698630136
A,amazon,robust,2,nbr,precision_covered,1.0
A,amazon,robust,2,nbr,majority,0.3561643835616438
A,amazon,robust,2,nbr,fidelity_with_fallback,0.9863013698630136
A,amazon,robust,2,old,fidelity,0.3561643835616438
A,amazon,robust,2,old,n_rules,1.0
A,amazon,robust,2,curve|r1,fidelity,0.3561643835616438
A,amazon,robust,2,curve|r1,coverage,0.363013698630137
A,amazon,robust,2,curve|r2,fidelity,0.6438356164383562
A,amazon,robust,2,curve|r2,coverage,0.6506849315068494
A,amazon,robust,2,curve|r3,fidelity,0.8698630136986302
A,amazon,robust,2,curve|r3,coverage,0.8698630136986302
A,amazon,robust,2,curve|r4,fidelity,0.9863013698630136
A,amazon,robust,2,curve|r4,coverage,0.9863013698630136
A,amazon,robust,2,tree|L2,train,0.6438356164383562
A,amazon,robust,2,tree|L2,cv,0.63816091954023
A,amazon,robust,2,tree|L3,train,0.8767123287671232
A,amazon,robust,2,tree|L3,cv,0.8632183908045977
A,amazon,robust,2,tree|L4,train,1.0
A,amazon,robust,2,tree|L4,cv,0.9864367816091955
A,amazon,robust,2,tree|L6,train,1.0
A,amazon,robust,2,tree|L6,cv,0.9864367816091955
A,amazon,robust,2,tree|L8,train,1.0
A,amazon,robust,2,tree|L8,cv,0.9864367816091955
A,amazon,robust,2,tree|L12,train,1.0
A,amazon,robust,2,tree|L12,cv,0.9864367816091955
A,amazon,robust,2,tree|L16,train,1.0
A,amazon,robust,2,tree|L16,cv,0.9864367816091955
A,amazon,robust,2,tree|L24,train,1.0
A,amazon,robust,2,tree|L24,cv,0.9864367816091955
B,amazon,robust,2,all,n_with_content,0
B,amazon,robust,2,all,n_nodes,146
B,amazon,robust,2,all,no_content,1
_,amazon,robust,2,core|amazon|robust|2,_done,0.09
A,amazon,robust,3,nbr,n_rules,4.0
A,amazon,robust,3,nbr,coverage,0.9863013698630136
A,amazon,robust,3,nbr,fidelity,0.9863013698630136
A,amazon,robust,3,nbr,precision_covered,1.0
A,amazon,robust,3,nbr,majority,0.3561643835616438
A,amazon,robust,3,nbr,fidelity_with_fallback,0.9863013698630136
A,amazon,robust,3,old,fidelity,0.3561643835616438
A,amazon,robust,3,old,n_rules,1.0
A,amazon,robust,3,curve|r1,fidelity,0.3561643835616438
A,amazon,robust,3,curve|r1,coverage,0.363013698630137
A,amazon,robust,3,curve|r2,fidelity,0.6438356164383562
A,amazon,robust,3,curve|r2,coverage,0.6506849315068494
A,amazon,robust,3,curve|r3,fidelity,0.8698630136986302
A,amazon,robust,3,curve|r3,coverage,0.8698630136986302
A,amazon,robust,3,curve|r4,fidelity,0.9863013698630136
A,amazon,robust,3,curve|r4,coverage,0.9863013698630136
A,amazon,robust,3,tree|L2,train,0.6438356164383562
A,amazon,robust,3,tree|L2,cv,0.6377011494252873
A,amazon,robust,3,tree|L3,train,0.8767123287671232
A,amazon,robust,3,tree|L3,cv,0.863448275862069
A,amazon,robust,3,tree|L4,train,1.0
A,amazon,robust,3,tree|L4,cv,0.9864367816091955
A,amazon,robust,3,tree|L6,train,1.0
A,amazon,robust,3,tree|L6,cv,0.9864367816091955
A,amazon,robust,3,tree|L8,train,1.0
A,amazon,robust,3,tree|L8,cv,0.9864367816091955
A,amazon,robust,3,tree|L12,train,1.0
A,amazon,robust,3,tree|L12,cv,0.9864367816091955
A,amazon,robust,3,tree|L16,train,1.0
A,amazon,robust,3,tree|L16,cv,0.9864367816091955
A,amazon,robust,3,tree|L24,train,1.0
A,amazon,robust,3,tree|L24,cv,0.9864367816091955
B,amazon,robust,3,all,n_with_content,0
B,amazon,robust,3,all,n_nodes,146
B,amazon,robust,3,all,no_content,1
_,amazon,robust,3,core|amazon|robust|3,_done,0.08
A,amazon,robust,4,nbr,n_rules,4.0
A,amazon,robust,4,nbr,coverage,0.9863013698630136
A,amazon,robust,4,nbr,fidelity,0.9863013698630136
A,amazon,robust,4,nbr,precision_covered,1.0
A,amazon,robust,4,nbr,majority,0.3561643835616438
A,amazon,robust,4,nbr,fidelity_with_fallback,0.9863013698630136
A,amazon,robust,4,old,fidelity,0.3561643835616438
A,amazon,robust,4,old,n_rules,1.0
A,amazon,robust,4,curve|r1,fidelity,0.3561643835616438
A,amazon,robust,4,curve|r1,coverage,0.363013698630137
A,amazon,robust,4,curve|r2,fidelity,0.6438356164383562
A,amazon,robust,4,curve|r2,coverage,0.6506849315068494
A,amazon,robust,4,curve|r3,fidelity,0.8698630136986302
A,amazon,robust,4,curve|r3,coverage,0.8698630136986302
A,amazon,robust,4,curve|r4,fidelity,0.9863013698630136
A,amazon,robust,4,curve|r4,coverage,0.9863013698630136
A,amazon,robust,4,tree|L2,train,0.6438356164383562
A,amazon,robust,4,tree|L2,cv,0.5740229885057471
A,amazon,robust,4,tree|L3,train,0.8767123287671232
A,amazon,robust,4,tree|L3,cv,0.862758620689655
A,amazon,robust,4,tree|L4,train,1.0
A,amazon,robust,4,tree|L4,cv,0.9864367816091955
A,amazon,robust,4,tree|L6,train,1.0
A,amazon,robust,4,tree|L6,cv,0.9864367816091955
A,amazon,robust,4,tree|L8,train,1.0
A,amazon,robust,4,tree|L8,cv,0.9864367816091955
A,amazon,robust,4,tree|L12,train,1.0
A,amazon,robust,4,tree|L12,cv,0.9864367816091955
A,amazon,robust,4,tree|L16,train,1.0
A,amazon,robust,4,tree|L16,cv,0.9864367816091955
A,amazon,robust,4,tree|L24,train,1.0
A,amazon,robust,4,tree|L24,cv,0.9864367816091955
B,amazon,robust,4,all,n_with_content,0
B,amazon,robust,4,all,n_nodes,146
B,amazon,robust,4,all,no_content,1
_,amazon,robust,4,core|amazon|robust|4,_done,0.08
D,crisismmd,default,0,p0.6|both,n_nodes,116
D,crisismmd,default,0,p0.6|both,text_consistency,1.0
D,crisismmd,default,0,p0.6|both,mean_content_sensitivity,0.3430535824396351
D,crisismmd,default,0,p0.6|both,mean_structure_sensitivity,0.4251388083015241
D,crisismmd,default,0,p0.6|both,flip_content,0.008620689655172414
D,crisismmd,default,0,p0.6|both,content_sens_zero,0.0
D,crisismmd,default,0,p0.6|text_only,n_nodes,197
D,crisismmd,default,0,p0.6|text_only,text_consistency,1.0
D,crisismmd,default,0,p0.6|text_only,mean_content_sensitivity,0.0014874188217423778
D,crisismmd,default,0,p0.6|text_only,mean_structure_sensitivity,0.7882239688295691
D,crisismmd,default,0,p0.6|text_only,flip_content,0.0
D,crisismmd,default,0,p0.6|text_only,content_sens_zero,0.0
D,crisismmd,default,0,p0.6|image_only,n_nodes,168
D,crisismmd,default,0,p0.6|image_only,text_consistency,1.0
D,crisismmd,default,0,p0.6|image_only,mean_content_sensitivity,0.0005303452088435819
D,crisismmd,default,0,p0.6|image_only,mean_structure_sensitivity,0.7418999508734594
D,crisismmd,default,0,p0.6|image_only,flip_content,0.0
D,crisismmd,default,0,p0.6|image_only,content_sens_zero,0.0
D,crisismmd,default,0,p0.6|none,n_nodes,319
D,crisismmd,default,0,p0.6|none,text_consistency,1.0
D,crisismmd,default,0,p0.6|none,mean_content_sensitivity,9.05575456810861e-17
D,crisismmd,default,0,p0.6|none,mean_structure_sensitivity,0.7716015300567524
D,crisismmd,default,0,p0.6|none,flip_content,0.0
D,crisismmd,default,0,p0.6|none,content_sens_zero,1.0
D,crisismmd,default,0,p0.6,text_consistency_all,1.0
_,crisismmd,default,0,e4|crisismmd|default|p0.6|0,_done,4.88
D,crisismmd,default,0,p0.2|both,n_nodes,515
D,crisismmd,default,0,p0.2|both,text_consistency,1.0
D,crisismmd,default,0,p0.2|both,mean_content_sensitivity,0.345281388182358
D,crisismmd,default,0,p0.2|both,mean_structure_sensitivity,0.2604278700856294
D,crisismmd,default,0,p0.2|both,flip_content,0.04271844660194175
D,crisismmd,default,0,p0.2|both,content_sens_zero,0.0
D,crisismmd,default,0,p0.2|text_only,n_nodes,110
D,crisismmd,default,0,p0.2|text_only,text_consistency,1.0
D,crisismmd,default,0,p0.2|text_only,mean_content_sensitivity,0.0029279765339787593
D,crisismmd,default,0,p0.2|text_only,mean_structure_sensitivity,0.7098901268462273
D,crisismmd,default,0,p0.2|text_only,flip_content,0.0
D,crisismmd,default,0,p0.2|text_only,content_sens_zero,0.0
D,crisismmd,default,0,p0.2|image_only,n_nodes,137
D,crisismmd,default,0,p0.2|image_only,text_consistency,1.0
D,crisismmd,default,0,p0.2|image_only,mean_content_sensitivity,0.001653048993885232
D,crisismmd,default,0,p0.2|image_only,mean_structure_sensitivity,0.6459085591868954
D,crisismmd,default,0,p0.2|image_only,flip_content,0.0072992700729927005
D,crisismmd,default,0,p0.2|image_only,content_sens_zero,0.0
D,crisismmd,default,0,p0.2|none,n_nodes,38
D,crisismmd,default,0,p0.2|none,text_consistency,1.0
D,crisismmd,default,0,p0.2|none,mean_content_sensitivity,1.4588225547153643e-16
D,crisismmd,default,0,p0.2|none,mean_structure_sensitivity,0.5595004763599963
D,crisismmd,default,0,p0.2|none,flip_content,0.0
D,crisismmd,default,0,p0.2|none,content_sens_zero,1.0
D,crisismmd,default,0,p0.2,text_consistency_all,1.0
_,crisismmd,default,0,e4|crisismmd|default|p0.2|0,_done,4.98
D,crisismmd,default,1,p0.2|both,n_nodes,520
D,crisismmd,default,1,p0.2|both,text_consistency,1.0
D,crisismmd,default,1,p0.2|both,mean_content_sensitivity,0.3419601418014947
D,crisismmd,default,1,p0.2|both,mean_structure_sensitivity,0.2466439978727761
D,crisismmd,default,1,p0.2|both,flip_content,0.021153846153846155
D,crisismmd,default,1,p0.2|both,content_sens_zero,0.0
D,crisismmd,default,1,p0.2|text_only,n_nodes,133
D,crisismmd,default,1,p0.2|text_only,text_consistency,1.0
D,crisismmd,default,1,p0.2|text_only,mean_content_sensitivity,0.0022521450168606237
D,crisismmd,default,1,p0.2|text_only,mean_structure_sensitivity,0.6920615013973012
D,crisismmd,default,1,p0.2|text_only,flip_content,0.022556390977443608
D,crisismmd,default,1,p0.2|text_only,content_sens_zero,0.0
D,crisismmd,default,1,p0.2|image_only,n_nodes,118
D,crisismmd,default,1,p0.2|image_only,text_consistency,1.0
D,crisismmd,default,1,p0.2|image_only,mean_content_sensitivity,0.001566784159285423
D,crisismmd,default,1,p0.2|image_only,mean_structure_sensitivity,0.6780940271456007
D,crisismmd,default,1,p0.2|image_only,flip_content,0.0
D,crisismmd,default,1,p0.2|image_only,content_sens_zero,0.0
D,crisismmd,default,1,p0.2|none,n_nodes,29
D,crisismmd,default,1,p0.2|none,text_consistency,1.0
D,crisismmd,default,1,p0.2|none,mean_content_sensitivity,2.0123726978376207e-16
D,crisismmd,default,1,p0.2|none,mean_structure_sensitivity,0.7360966609150771
D,crisismmd,default,1,p0.2|none,flip_content,0.0
D,crisismmd,default,1,p0.2|none,content_sens_zero,1.0
D,crisismmd,default,1,p0.2,text_consistency_all,1.0
_,crisismmd,default,1,e4|crisismmd|default|p0.2|1,_done,4.97
D,crisismmd,default,2,p0.2|both,n_nodes,504
D,crisismmd,default,2,p0.2|both,text_consistency,1.0
D,crisismmd,default,2,p0.2|both,mean_content_sensitivity,0.32733508575130443
D,crisismmd,default,2,p0.2|both,mean_structure_sensitivity,0.23993729965049726
D,crisismmd,default,2,p0.2|both,flip_content,0.02976190476190476
D,crisismmd,default,2,p0.2|both,content_sens_zero,0.0
D,crisismmd,default,2,p0.2|text_only,n_nodes,132
D,crisismmd,default,2,p0.2|text_only,text_consistency,1.0
D,crisismmd,default,2,p0.2|text_only,mean_content_sensitivity,0.0023740008366309228
D,crisismmd,default,2,p0.2|text_only,mean_structure_sensitivity,0.6871752720132155
D,crisismmd,default,2,p0.2|text_only,flip_content,0.007575757575757576
D,crisismmd,default,2,p0.2|text_only,content_sens_zero,0.0
D,crisismmd,default,2,p0.2|image_only,n_nodes,133
D,crisismmd,default,2,p0.2|image_only,text_consistency,1.0
D,crisismmd,default,2,p0.2|image_only,mean_content_sensitivity,0.0012392845363069019
D,crisismmd,default,2,p0.2|image_only,mean_structure_sensitivity,0.7123615699478797
D,crisismmd,default,2,p0.2|image_only,flip_content,0.0
D,crisismmd,default,2,p0.2|image_only,content_sens_zero,0.0
D,crisismmd,default,2,p0.2|none,n_nodes,31
D,crisismmd,default,2,p0.2|none,text_consistency,1.0
D,crisismmd,default,2,p0.2|none,mean_content_sensitivity,1.6158809281669445e-16
D,crisismmd,default,2,p0.2|none,mean_structure_sensitivity,0.7770064250851715
D,crisismmd,default,2,p0.2|none,flip_content,0.0
D,crisismmd,default,2,p0.2|none,content_sens_zero,1.0
D,crisismmd,default,2,p0.2,text_consistency_all,1.0
_,crisismmd,default,2,e4|crisismmd|default|p0.2|2,_done,5.02
D,crisismmd,default,1,p0.6|both,n_nodes,115
D,crisismmd,default,1,p0.6|both,text_consistency,1.0
D,crisismmd,default,1,p0.6|both,mean_content_sensitivity,0.37387931270918967
D,crisismmd,default,1,p0.6|both,mean_structure_sensitivity,0.3874583161908622
D,crisismmd,default,1,p0.6|both,flip_content,0.0
D,crisismmd,default,1,p0.6|both,content_sens_zero,0.0
D,crisismmd,default,1,p0.6|text_only,n_nodes,192
D,crisismmd,default,1,p0.6|text_only,text_consistency,1.0
D,crisismmd,default,1,p0.6|text_only,mean_content_sensitivity,0.0013281623298192588
D,crisismmd,default,1,p0.6|text_only,mean_structure_sensitivity,0.7501443012326409
D,crisismmd,default,1,p0.6|text_only,flip_content,0.0
D,crisismmd,default,1,p0.6|text_only,content_sens_zero,0.0
D,crisismmd,default,1,p0.6|image_only,n_nodes,203
D,crisismmd,default,1,p0.6|image_only,text_consistency,1.0
D,crisismmd,default,1,p0.6|image_only,mean_content_sensitivity,0.000554293006116062
D,crisismmd,default,1,p0.6|image_only,mean_structure_sensitivity,0.7558221104306154
D,crisismmd,default,1,p0.6|image_only,flip_content,0.0
D,crisismmd,default,1,p0.6|image_only,content_sens_zero,0.0
D,crisismmd,default,1,p0.6|none,n_nodes,290
D,crisismmd,default,1,p0.6|none,text_consistency,1.0
D,crisismmd,default,1,p0.6|none,mean_content_sensitivity,9.212950712951553e-17
D,crisismmd,default,1,p0.6|none,mean_structure_sensitivity,0.7940691911786515
D,crisismmd,default,1,p0.6|none,flip_content,0.0
D,crisismmd,default,1,p0.6|none,content_sens_zero,1.0
D,crisismmd,default,1,p0.6,text_consistency_all,1.0
_,crisismmd,default,1,e4|crisismmd|default|p0.6|1,_done,4.67
D,crisismmd,default,2,p0.6|both,n_nodes,112
D,crisismmd,default,2,p0.6|both,text_consistency,1.0
D,crisismmd,default,2,p0.6|both,mean_content_sensitivity,0.34334511950842994
D,crisismmd,default,2,p0.6|both,mean_structure_sensitivity,0.3683919961721949
D,crisismmd,default,2,p0.6|both,flip_content,0.017857142857142856
D,crisismmd,default,2,p0.6|both,content_sens_zero,0.0
D,crisismmd,default,2,p0.6|text_only,n_nodes,189
D,crisismmd,default,2,p0.6|text_only,text_consistency,1.0
D,crisismmd,default,2,p0.6|text_only,mean_content_sensitivity,0.0015211120661275182
D,crisismmd,default,2,p0.6|text_only,mean_structure_sensitivity,0.7502434864498372
D,crisismmd,default,2,p0.6|text_only,flip_content,0.0
D,crisismmd,default,2,p0.6|text_only,content_sens_zero,0.0
D,crisismmd,default,2,p0.6|image_only,n_nodes,206
D,crisismmd,default,2,p0.6|image_only,text_consistency,1.0
D,crisismmd,default,2,p0.6|image_only,mean_content_sensitivity,0.0005577503250693697
D,crisismmd,default,2,p0.6|image_only,mean_structure_sensitivity,0.7748073926794161
D,crisismmd,default,2,p0.6|image_only,flip_content,0.0
D,crisismmd,default,2,p0.6|image_only,content_sens_zero,0.0
D,crisismmd,default,2,p0.6|none,n_nodes,293
D,crisismmd,default,2,p0.6|none,text_consistency,1.0
D,crisismmd,default,2,p0.6|none,mean_content_sensitivity,8.460073724817135e-17
D,crisismmd,default,2,p0.6|none,mean_structure_sensitivity,0.7987356955540865
D,crisismmd,default,2,p0.6|none,flip_content,0.0
D,crisismmd,default,2,p0.6|none,content_sens_zero,1.0
D,crisismmd,default,2,p0.6,text_consistency_all,1.0
_,crisismmd,default,2,e4|crisismmd|default|p0.6|2,_done,4.72
D,crisismmd,robust,1,p0.2|both,n_nodes,520
D,crisismmd,robust,1,p0.2|both,text_consistency,1.0
D,crisismmd,robust,1,p0.2|both,mean_content_sensitivity,0.30373064185692955
D,crisismmd,robust,1,p0.2|both,mean_structure_sensitivity,0.3001283005750748
D,crisismmd,robust,1,p0.2|both,flip_content,0.19423076923076923
D,crisismmd,robust,1,p0.2|both,content_sens_zero,0.0
D,crisismmd,robust,1,p0.2|text_only,n_nodes,133
D,crisismmd,robust,1,p0.2|text_only,text_consistency,1.0
D,crisismmd,robust,1,p0.2|text_only,mean_content_sensitivity,0.06360816185438174
D,crisismmd,robust,1,p0.2|text_only,mean_structure_sensitivity,0.6212451634678325
D,crisismmd,robust,1,p0.2|text_only,flip_content,0.05263157894736842
D,crisismmd,robust,1,p0.2|text_only,content_sens_zero,0.0
D,crisismmd,robust,1,p0.2|image_only,n_nodes,118
D,crisismmd,robust,1,p0.2|image_only,text_consistency,1.0
D,crisismmd,robust,1,p0.2|image_only,mean_content_sensitivity,0.09519586474496733
D,crisismmd,robust,1,p0.2|image_only,mean_structure_sensitivity,0.5992477295954447
D,crisismmd,robust,1,p0.2|image_only,flip_content,0.03389830508474576
D,crisismmd,robust,1,p0.2|image_only,content_sens_zero,0.0
D,crisismmd,robust,1,p0.2|none,n_nodes,29
D,crisismmd,robust,1,p0.2|none,text_consistency,1.0
D,crisismmd,robust,1,p0.2|none,mean_content_sensitivity,0.0
D,crisismmd,robust,1,p0.2|none,mean_structure_sensitivity,0.8254016894700624
D,crisismmd,robust,1,p0.2|none,flip_content,0.0
D,crisismmd,robust,1,p0.2|none,content_sens_zero,1.0
D,crisismmd,robust,1,p0.2,text_consistency_all,1.0
_,crisismmd,robust,1,e4|crisismmd|robust|p0.2|1,_done,5.08
D,crisismmd,robust,0,p0.2|both,n_nodes,515
D,crisismmd,robust,0,p0.2|both,text_consistency,1.0
D,crisismmd,robust,0,p0.2|both,mean_content_sensitivity,0.3043320764944824
D,crisismmd,robust,0,p0.2|both,mean_structure_sensitivity,0.26403217478049457
D,crisismmd,robust,0,p0.2|both,flip_content,0.062135922330097085
D,crisismmd,robust,0,p0.2|both,content_sens_zero,0.0
D,crisismmd,robust,0,p0.2|text_only,n_nodes,110
D,crisismmd,robust,0,p0.2|text_only,text_consistency,1.0
D,crisismmd,robust,0,p0.2|text_only,mean_content_sensitivity,0.061210105919187636
D,crisismmd,robust,0,p0.2|text_only,mean_structure_sensitivity,0.5958823212767247
D,crisismmd,robust,0,p0.2|text_only,flip_content,0.0
D,crisismmd,robust,0,p0.2|text_only,content_sens_zero,0.0
D,crisismmd,robust,0,p0.2|image_only,n_nodes,137
D,crisismmd,robust,0,p0.2|image_only,text_consistency,1.0
D,crisismmd,robust,0,p0.2|image_only,mean_content_sensitivity,0.09567085049201869
D,crisismmd,robust,0,p0.2|image_only,mean_structure_sensitivity,0.506579626778393
D,crisismmd,robust,0,p0.2|image_only,flip_content,0.0
D,crisismmd,robust,0,p0.2|image_only,content_sens_zero,0.0
D,crisismmd,robust,0,p0.2|none,n_nodes,38
D,crisismmd,robust,0,p0.2|none,text_consistency,1.0
D,crisismmd,robust,0,p0.2|none,mean_content_sensitivity,0.0
D,crisismmd,robust,0,p0.2|none,mean_structure_sensitivity,0.5428963344562395
D,crisismmd,robust,0,p0.2|none,flip_content,0.0
D,crisismmd,robust,0,p0.2|none,content_sens_zero,1.0
D,crisismmd,robust,0,p0.2,text_consistency_all,1.0
_,crisismmd,robust,0,e4|crisismmd|robust|p0.2|0,_done,5.48
D,crisismmd,robust,0,p0.6|both,n_nodes,116
D,crisismmd,robust,0,p0.6|both,text_consistency,1.0
D,crisismmd,robust,0,p0.6|both,mean_content_sensitivity,0.3628254636268726
D,crisismmd,robust,0,p0.6|both,mean_structure_sensitivity,0.3891699680452698
D,crisismmd,robust,0,p0.6|both,flip_content,0.02586206896551724
D,crisismmd,robust,0,p0.6|both,content_sens_zero,0.0
D,crisismmd,robust,0,p0.6|text_only,n_nodes,197
D,crisismmd,robust,0,p0.6|text_only,text_consistency,1.0
D,crisismmd,robust,0,p0.6|text_only,mean_content_sensitivity,0.07586934728246524
D,crisismmd,robust,0,p0.6|text_only,mean_structure_sensitivity,0.6965724020296943
D,crisismmd,robust,0,p0.6|text_only,flip_content,0.0
D,crisismmd,robust,0,p0.6|text_only,content_sens_zero,0.0
D,crisismmd,robust,0,p0.6|image_only,n_nodes,168
D,crisismmd,robust,0,p0.6|image_only,text_consistency,1.0
D,crisismmd,robust,0,p0.6|image_only,mean_content_sensitivity,0.09400213981669903
D,crisismmd,robust,0,p0.6|image_only,mean_structure_sensitivity,0.6427520473994631
D,crisismmd,robust,0,p0.6|image_only,flip_content,0.005952380952380952
D,crisismmd,robust,0,p0.6|image_only,content_sens_zero,0.0
D,crisismmd,robust,0,p0.6|none,n_nodes,319
D,crisismmd,robust,0,p0.6|none,text_consistency,1.0
D,crisismmd,robust,0,p0.6|none,mean_content_sensitivity,0.0
D,crisismmd,robust,0,p0.6|none,mean_structure_sensitivity,0.7926974395875662
D,crisismmd,robust,0,p0.6|none,flip_content,0.0
D,crisismmd,robust,0,p0.6|none,content_sens_zero,1.0
D,crisismmd,robust,0,p0.6,text_consistency_all,1.0
_,crisismmd,robust,0,e4|crisismmd|robust|p0.6|0,_done,4.78
D,crisismmd,robust,2,p0.2|both,n_nodes,504
D,crisismmd,robust,2,p0.2|both,text_consistency,1.0
D,crisismmd,robust,2,p0.2|both,mean_content_sensitivity,0.3077265353533542
D,crisismmd,robust,2,p0.2|both,mean_structure_sensitivity,0.28157642576849634
D,crisismmd,robust,2,p0.2|both,flip_content,0.19642857142857142
D,crisismmd,robust,2,p0.2|both,content_sens_zero,0.0
D,crisismmd,robust,2,p0.2|text_only,n_nodes,132
D,crisismmd,robust,2,p0.2|text_only,text_consistency,1.0
D,crisismmd,robust,2,p0.2|text_only,mean_content_sensitivity,0.06876302504470044
D,crisismmd,robust,2,p0.2|text_only,mean_structure_sensitivity,0.6141760031108593
D,crisismmd,robust,2,p0.2|text_only,flip_content,0.03787878787878788
D,crisismmd,robust,2,p0.2|text_only,content_sens_zero,0.0
D,crisismmd,robust,2,p0.2|image_only,n_nodes,133
D,crisismmd,robust,2,p0.2|image_only,text_consistency,1.0
D,crisismmd,robust,2,p0.2|image_only,mean_content_sensitivity,0.09788155808273935
D,crisismmd,robust,2,p0.2|image_only,mean_structure_sensitivity,0.6245547024552899
D,crisismmd,robust,2,p0.2|image_only,flip_content,0.007518796992481203
D,crisismmd,robust,2,p0.2|image_only,content_sens_zero,0.0
D,crisismmd,robust,2,p0.2|none,n_nodes,31
D,crisismmd,robust,2,p0.2|none,text_consistency,1.0
D,crisismmd,robust,2,p0.2|none,mean_content_sensitivity,0.0
D,crisismmd,robust,2,p0.2|none,mean_structure_sensitivity,0.8743040457032116
D,crisismmd,robust,2,p0.2|none,flip_content,0.0
D,crisismmd,robust,2,p0.2|none,content_sens_zero,1.0
D,crisismmd,robust,2,p0.2,text_consistency_all,1.0
_,crisismmd,robust,2,e4|crisismmd|robust|p0.2|2,_done,4.92
D,crisismmd,robust,1,p0.6|both,n_nodes,115
D,crisismmd,robust,1,p0.6|both,text_consistency,1.0
D,crisismmd,robust,1,p0.6|both,mean_content_sensitivity,0.3828818722759729
D,crisismmd,robust,1,p0.6|both,mean_structure_sensitivity,0.35357599677345175
D,crisismmd,robust,1,p0.6|both,flip_content,0.017391304347826087
D,crisismmd,robust,1,p0.6|both,content_sens_zero,0.0
D,crisismmd,robust,1,p0.6|text_only,n_nodes,192
D,crisismmd,robust,1,p0.6|text_only,text_consistency,1.0
D,crisismmd,robust,1,p0.6|text_only,mean_content_sensitivity,0.08187516322291821
D,crisismmd,robust,1,p0.6|text_only,mean_structure_sensitivity,0.6634705660370052
D,crisismmd,robust,1,p0.6|text_only,flip_content,0.010416666666666666
D,crisismmd,robust,1,p0.6|text_only,content_sens_zero,0.0
D,crisismmd,robust,1,p0.6|image_only,n_nodes,203
D,crisismmd,robust,1,p0.6|image_only,text_consistency,1.0
D,crisismmd,robust,1,p0.6|image_only,mean_content_sensitivity,0.0889641142842684
D,crisismmd,robust,1,p0.6|image_only,mean_structure_sensitivity,0.6667402260582351
D,crisismmd,robust,1,p0.6|image_only,flip_content,0.009852216748768473
D,crisismmd,robust,1,p0.6|image_only,content_sens_zero,0.0
D,crisismmd,robust,1,p0.6|none,n_nodes,290
D,crisismmd,robust,1,p0.6|none,text_consistency,1.0
D,crisismmd,robust,1,p0.6|none,mean_content_sensitivity,0.0
D,crisismmd,robust,1,p0.6|none,mean_structure_sensitivity,0.8546962960991787
D,crisismmd,robust,1,p0.6|none,flip_content,0.0
D,crisismmd,robust,1,p0.6|none,content_sens_zero,1.0
D,crisismmd,robust,1,p0.6,text_consistency_all,1.0
_,crisismmd,robust,1,e4|crisismmd|robust|p0.6|1,_done,4.7
D,crisismmd,robust,2,p0.6|both,n_nodes,112
D,crisismmd,robust,2,p0.6|both,text_consistency,1.0
D,crisismmd,robust,2,p0.6|both,mean_content_sensitivity,0.3558876096492868
D,crisismmd,robust,2,p0.6|both,mean_structure_sensitivity,0.3317061513165882
D,crisismmd,robust,2,p0.6|both,flip_content,0.017857142857142856
D,crisismmd,robust,2,p0.6|both,content_sens_zero,0.0
D,crisismmd,robust,2,p0.6|text_only,n_nodes,189
D,crisismmd,robust,2,p0.6|text_only,text_consistency,1.0
D,crisismmd,robust,2,p0.6|text_only,mean_content_sensitivity,0.08353922062859728
D,crisismmd,robust,2,p0.6|text_only,mean_structure_sensitivity,0.6621260894956384
D,crisismmd,robust,2,p0.6|text_only,flip_content,0.015873015873015872
D,crisismmd,robust,2,p0.6|text_only,content_sens_zero,0.0
D,crisismmd,robust,2,p0.6|image_only,n_nodes,206
D,crisismmd,robust,2,p0.6|image_only,text_consistency,1.0
D,crisismmd,robust,2,p0.6|image_only,mean_content_sensitivity,0.08699242875675905
D,crisismmd,robust,2,p0.6|image_only,mean_structure_sensitivity,0.6878468193776627
D,crisismmd,robust,2,p0.6|image_only,flip_content,0.0048543689320388345
D,crisismmd,robust,2,p0.6|image_only,content_sens_zero,0.0
D,crisismmd,robust,2,p0.6|none,n_nodes,293
D,crisismmd,robust,2,p0.6|none,text_consistency,1.0
D,crisismmd,robust,2,p0.6|none,mean_content_sensitivity,0.0
D,crisismmd,robust,2,p0.6|none,mean_structure_sensitivity,0.853703925751257
D,crisismmd,robust,2,p0.6|none,flip_content,0.0
D,crisismmd,robust,2,p0.6|none,content_sens_zero,1.0
D,crisismmd,robust,2,p0.6,text_consistency_all,1.0
_,crisismmd,robust,2,e4|crisismmd|robust|p0.6|2,_done,5.0
D,fakeddit_real_lcc,default,0,p0.2|both,n_nodes,380
D,fakeddit_real_lcc,default,0,p0.2|both,text_consistency,1.0
D,fakeddit_real_lcc,default,0,p0.2|both,mean_content_sensitivity,0.34298928245153304
D,fakeddit_real_lcc,default,0,p0.2|both,mean_structure_sensitivity,0.3733290496447202
D,fakeddit_real_lcc,default,0,p0.2|both,flip_content,0.02894736842105263
D,fakeddit_real_lcc,default,0,p0.2|both,content_sens_zero,0.0
D,fakeddit_real_lcc,default,0,p0.2|text_only,n_nodes,89
D,fakeddit_real_lcc,default,0,p0.2|text_only,text_consistency,1.0
D,fakeddit_real_lcc,default,0,p0.2|text_only,mean_content_sensitivity,0.002453196130638677
D,fakeddit_real_lcc,default,0,p0.2|text_only,mean_structure_sensitivity,0.7710624555292357
D,fakeddit_real_lcc,default,0,p0.2|text_only,flip_content,0.0
D,fakeddit_real_lcc,default,0,p0.2|text_only,content_sens_zero,0.0
D,fakeddit_real_lcc,default,0,p0.2|image_only,n_nodes,93
D,fakeddit_real_lcc,default,0,p0.2|image_only,text_consistency,1.0
D,fakeddit_real_lcc,default,0,p0.2|image_only,mean_content_sensitivity,0.0012858653239958143
D,fakeddit_real_lcc,default,0,p0.2|image_only,mean_structure_sensitivity,0.7183920756744767
D,fakeddit_real_lcc,default,0,p0.2|image_only,flip_content,0.0
D,fakeddit_real_lcc,default,0,p0.2|image_only,content_sens_zero,0.0
D,fakeddit_real_lcc,default,0,p0.2|none,n_nodes,30
D,fakeddit_real_lcc,default,0,p0.2|none,text_consistency,1.0
D,fakeddit_real_lcc,default,0,p0.2|none,mean_content_sensitivity,5.844391810783111e-17
D,fakeddit_real_lcc,default,0,p0.2|none,mean_structure_sensitivity,0.7848797681479905
D,fakeddit_real_lcc,default,0,p0.2|none,flip_content,0.0
D,fakeddit_real_lcc,default,0,p0.2|none,content_sens_zero,1.0
D,fakeddit_real_lcc,default,0,p0.2,text_consistency_all,1.0
_,fakeddit_real_lcc,default,0,e4|fakeddit_real_lcc|default|p0.2|0,_done,3.67
D,fakeddit_real_lcc,default,1,p0.2|both,n_nodes,380
D,fakeddit_real_lcc,default,1,p0.2|both,text_consistency,1.0
D,fakeddit_real_lcc,default,1,p0.2|both,mean_content_sensitivity,0.3535875716934316
D,fakeddit_real_lcc,default,1,p0.2|both,mean_structure_sensitivity,0.366765815013957
D,fakeddit_real_lcc,default,1,p0.2|both,flip_content,0.02631578947368421
D,fakeddit_real_lcc,default,1,p0.2|both,content_sens_zero,0.0
D,fakeddit_real_lcc,default,1,p0.2|text_only,n_nodes,97
D,fakeddit_real_lcc,default,1,p0.2|text_only,text_consistency,1.0
D,fakeddit_real_lcc,default,1,p0.2|text_only,mean_content_sensitivity,0.002348343087597459
D,fakeddit_real_lcc,default,1,p0.2|text_only,mean_structure_sensitivity,0.7402907137090955
D,fakeddit_real_lcc,default,1,p0.2|text_only,flip_content,0.0
D,fakeddit_real_lcc,default,1,p0.2|text_only,content_sens_zero,0.0
D,fakeddit_real_lcc,default,1,p0.2|image_only,n_nodes,96
D,fakeddit_real_lcc,default,1,p0.2|image_only,text_consistency,1.0
D,fakeddit_real_lcc,default,1,p0.2|image_only,mean_content_sensitivity,0.0009632451066257604
D,fakeddit_real_lcc,default,1,p0.2|image_only,mean_structure_sensitivity,0.7870367610045474
D,fakeddit_real_lcc,default,1,p0.2|image_only,flip_content,0.0
D,fakeddit_real_lcc,default,1,p0.2|image_only,content_sens_zero,0.0
D,fakeddit_real_lcc,default,1,p0.2|none,n_nodes,19
D,fakeddit_real_lcc,default,1,p0.2|none,text_consistency,1.0
D,fakeddit_real_lcc,default,1,p0.2|none,mean_content_sensitivity,5.946848916082992e-17
D,fakeddit_real_lcc,default,1,p0.2|none,mean_structure_sensitivity,0.7421427886778779
D,fakeddit_real_lcc,default,1,p0.2|none,flip_content,0.0
D,fakeddit_real_lcc,default,1,p0.2|none,content_sens_zero,1.0
D,fakeddit_real_lcc,default,1,p0.2,text_consistency_all,1.0
_,fakeddit_real_lcc,default,1,e4|fakeddit_real_lcc|default|p0.2|1,_done,3.69
D,fakeddit_real_lcc,default,2,p0.2|both,n_nodes,366
D,fakeddit_real_lcc,default,2,p0.2|both,text_consistency,1.0
D,fakeddit_real_lcc,default,2,p0.2|both,mean_content_sensitivity,0.31528194817193267
D,fakeddit_real_lcc,default,2,p0.2|both,mean_structure_sensitivity,0.38756655224669867
D,fakeddit_real_lcc,default,2,p0.2|both,flip_content,0.05737704918032787
D,fakeddit_real_lcc,default,2,p0.2|both,content_sens_zero,0.0
D,fakeddit_real_lcc,default,2,p0.2|text_only,n_nodes,101
D,fakeddit_real_lcc,default,2,p0.2|text_only,text_consistency,1.0
D,fakeddit_real_lcc,default,2,p0.2|text_only,mean_content_sensitivity,0.0022079215246569054
D,fakeddit_real_lcc,default,2,p0.2|text_only,mean_structure_sensitivity,0.7607203258648941
D,fakeddit_real_lcc,default,2,p0.2|text_only,flip_content,0.0
D,fakeddit_real_lcc,default,2,p0.2|text_only,content_sens_zero,0.0
D,fakeddit_real_lcc,default,2,p0.2|image_only,n_nodes,101
D,fakeddit_real_lcc,default,2,p0.2|image_only,text_consistency,1.0
D,fakeddit_real_lcc,default,2,p0.2|image_only,mean_content_sensitivity,0.0010430592281113003
D,fakeddit_real_lcc,default,2,p0.2|image_only,mean_structure_sensitivity,0.7717940318682327
D,fakeddit_real_lcc,default,2,p0.2|image_only,flip_content,0.0
D,fakeddit_real_lcc,default,2,p0.2|image_only,content_sens_zero,0.0
D,fakeddit_real_lcc,default,2,p0.2|none,n_nodes,24
D,fakeddit_real_lcc,default,2,p0.2|none,text_consistency,1.0
D,fakeddit_real_lcc,default,2,p0.2|none,mean_content_sensitivity,6.479689108769097e-17
D,fakeddit_real_lcc,default,2,p0.2|none,mean_structure_sensitivity,0.7789974124778477
D,fakeddit_real_lcc,default,2,p0.2|none,flip_content,0.0
D,fakeddit_real_lcc,default,2,p0.2|none,content_sens_zero,1.0
D,fakeddit_real_lcc,default,2,p0.2,text_consistency_all,1.0
_,fakeddit_real_lcc,default,2,e4|fakeddit_real_lcc|default|p0.2|2,_done,3.8
D,fakeddit_real_lcc,default,0,p0.6|both,n_nodes,89
D,fakeddit_real_lcc,default,0,p0.6|both,text_consistency,1.0
D,fakeddit_real_lcc,default,0,p0.6|both,mean_content_sensitivity,0.249648471033478
D,fakeddit_real_lcc,default,0,p0.6|both,mean_structure_sensitivity,0.4992179967339687
D,fakeddit_real_lcc,default,0,p0.6|both,flip_content,0.02247191011235955
D,fakeddit_real_lcc,default,0,p0.6|both,content_sens_zero,0.0
D,fakeddit_real_lcc,default,0,p0.6|text_only,n_nodes,145
D,fakeddit_real_lcc,default,0,p0.6|text_only,text_consistency,1.0
D,fakeddit_real_lcc,default,0,p0.6|text_only,mean_content_sensitivity,0.000517949167242199
D,fakeddit_real_lcc,default,0,p0.6|text_only,mean_structure_sensitivity,0.7214712078753278
D,fakeddit_real_lcc,default,0,p0.6|text_only,flip_content,0.0
D,fakeddit_real_lcc,default,0,p0.6|text_only,content_sens_zero,0.0
D,fakeddit_real_lcc,default,0,p0.6|image_only,n_nodes,117
D,fakeddit_real_lcc,default,0,p0.6|image_only,text_consistency,1.0
D,fakeddit_real_lcc,default,0,p0.6|image_only,mean_content_sensitivity,0.0001394567078584758
D,fakeddit_real_lcc,default,0,p0.6|image_only,mean_structure_sensitivity,0.7502522754763054
D,fakeddit_real_lcc,default,0,p0.6|image_only,flip_content,0.0
D,fakeddit_real_lcc,default,0,p0.6|image_only,content_sens_zero,0.0
D,fakeddit_real_lcc,default,0,p0.6|none,n_nodes,241
D,fakeddit_real_lcc,default,0,p0.6|none,text_consistency,1.0
D,fakeddit_real_lcc,default,0,p0.6|none,mean_content_sensitivity,3.452642661798377e-17
D,fakeddit_real_lcc,default,0,p0.6|none,mean_structure_sensitivity,0.7240242265873106
D,fakeddit_real_lcc,default,0,p0.6|none,flip_content,0.0
D,fakeddit_real_lcc,default,0,p0.6|none,content_sens_zero,1.0
D,fakeddit_real_lcc,default,0,p0.6,text_consistency_all,1.0
_,fakeddit_real_lcc,default,0,e4|fakeddit_real_lcc|default|p0.6|0,_done,3.69
D,fakeddit_real_lcc,default,2,p0.6|both,n_nodes,84
D,fakeddit_real_lcc,default,2,p0.6|both,text_consistency,1.0
D,fakeddit_real_lcc,default,2,p0.6|both,mean_content_sensitivity,0.2469747135923194
D,fakeddit_real_lcc,default,2,p0.6|both,mean_structure_sensitivity,0.47841842552958935
D,fakeddit_real_lcc,default,2,p0.6|both,flip_content,0.0
D,fakeddit_real_lcc,default,2,p0.6|both,content_sens_zero,0.0
D,fakeddit_real_lcc,default,2,p0.6|text_only,n_nodes,142
D,fakeddit_real_lcc,default,2,p0.6|text_only,text_consistency,1.0
D,fakeddit_real_lcc,default,2,p0.6|text_only,mean_content_sensitivity,0.0005730686160293867
D,fakeddit_real_lcc,default,2,p0.6|text_only,mean_structure_sensitivity,0.7232474045689588
D,fakeddit_real_lcc,default,2,p0.6|text_only,flip_content,0.0
D,fakeddit_real_lcc,default,2,p0.6|text_only,content_sens_zero,0.0
D,fakeddit_real_lcc,default,2,p0.6|image_only,n_nodes,145
D,fakeddit_real_lcc,default,2,p0.6|image_only,text_consistency,1.0
D,fakeddit_real_lcc,default,2,p0.6|image_only,mean_content_sensitivity,0.00016192749739893294
D,fakeddit_real_lcc,default,2,p0.6|image_only,mean_structure_sensitivity,0.7208641077860816
D,fakeddit_real_lcc,default,2,p0.6|image_only,flip_content,0.0
D,fakeddit_real_lcc,default,2,p0.6|image_only,content_sens_zero,0.0
D,fakeddit_real_lcc,default,2,p0.6|none,n_nodes,221
D,fakeddit_real_lcc,default,2,p0.6|none,text_consistency,1.0
D,fakeddit_real_lcc,default,2,p0.6|none,mean_content_sensitivity,3.7584407957350165e-17
D,fakeddit_real_lcc,default,2,p0.6|none,mean_structure_sensitivity,0.7447062371238217
D,fakeddit_real_lcc,default,2,p0.6|none,flip_content,0.0
D,fakeddit_real_lcc,default,2,p0.6|none,content_sens_zero,1.0
D,fakeddit_real_lcc,default,2,p0.6,text_consistency_all,1.0
_,fakeddit_real_lcc,default,2,e4|fakeddit_real_lcc|default|p0.6|2,_done,3.61
D,fakeddit_real_lcc,default,1,p0.6|both,n_nodes,93
D,fakeddit_real_lcc,default,1,p0.6|both,text_consistency,1.0
D,fakeddit_real_lcc,default,1,p0.6|both,mean_content_sensitivity,0.24206381546971942
D,fakeddit_real_lcc,default,1,p0.6|both,mean_structure_sensitivity,0.4394128475919088
D,fakeddit_real_lcc,default,1,p0.6|both,flip_content,0.0
D,fakeddit_real_lcc,default,1,p0.6|both,content_sens_zero,0.0
D,fakeddit_real_lcc,default,1,p0.6|text_only,n_nodes,130
D,fakeddit_real_lcc,default,1,p0.6|text_only,text_consistency,1.0
D,fakeddit_real_lcc,default,1,p0.6|text_only,mean_content_sensitivity,0.0005791422870888959
D,fakeddit_real_lcc,default,1,p0.6|text_only,mean_structure_sensitivity,0.7344075629970792
D,fakeddit_real_lcc,default,1,p0.6|text_only,flip_content,0.0
D,fakeddit_real_lcc,default,1,p0.6|text_only,content_sens_zero,0.0
D,fakeddit_real_lcc,default,1,p0.6|image_only,n_nodes,140
D,fakeddit_real_lcc,default,1,p0.6|image_only,text_consistency,1.0
D,fakeddit_real_lcc,default,1,p0.6|image_only,mean_content_sensitivity,0.00018134479667629606
D,fakeddit_real_lcc,default,1,p0.6|image_only,mean_structure_sensitivity,0.6908221278311562
D,fakeddit_real_lcc,default,1,p0.6|image_only,flip_content,0.0
D,fakeddit_real_lcc,default,1,p0.6|image_only,content_sens_zero,0.0
D,fakeddit_real_lcc,default,1,p0.6|none,n_nodes,229
D,fakeddit_real_lcc,default,1,p0.6|none,text_consistency,1.0
D,fakeddit_real_lcc,default,1,p0.6|none,mean_content_sensitivity,3.3905804170131944e-17
D,fakeddit_real_lcc,default,1,p0.6|none,mean_structure_sensitivity,0.7382814673117208
D,fakeddit_real_lcc,default,1,p0.6|none,flip_content,0.0
D,fakeddit_real_lcc,default,1,p0.6|none,content_sens_zero,1.0
D,fakeddit_real_lcc,default,1,p0.6,text_consistency_all,1.0
_,fakeddit_real_lcc,default,1,e4|fakeddit_real_lcc|default|p0.6|1,_done,3.83
D,fakeddit_real_lcc,robust,0,p0.2|both,n_nodes,380
D,fakeddit_real_lcc,robust,0,p0.2|both,text_consistency,1.0
D,fakeddit_real_lcc,robust,0,p0.2|both,mean_content_sensitivity,0.32692913127761986
D,fakeddit_real_lcc,robust,0,p0.2|both,mean_structure_sensitivity,0.2795958094951574
D,fakeddit_real_lcc,robust,0,p0.2|both,flip_content,0.002631578947368421
D,fakeddit_real_lcc,robust,0,p0.2|both,content_sens_zero,0.0
D,fakeddit_real_lcc,robust,0,p0.2|text_only,n_nodes,89
D,fakeddit_real_lcc,robust,0,p0.2|text_only,text_consistency,1.0
D,fakeddit_real_lcc,robust,0,p0.2|text_only,mean_content_sensitivity,0.094933033637708
D,fakeddit_real_lcc,robust,0,p0.2|text_only,mean_structure_sensitivity,0.5937861237747732
D,fakeddit_real_lcc,robust,0,p0.2|text_only,flip_content,0.056179775280898875
D,fakeddit_real_lcc,robust,0,p0.2|text_only,content_sens_zero,0.0
D,fakeddit_real_lcc,robust,0,p0.2|image_only,n_nodes,93
D,fakeddit_real_lcc,robust,0,p0.2|image_only,text_consistency,1.0
D,fakeddit_real_lcc,robust,0,p0.2|image_only,mean_content_sensitivity,0.07333014373409591
D,fakeddit_real_lcc,robust,0,p0.2|image_only,mean_structure_sensitivity,0.5579748445454948
D,fakeddit_real_lcc,robust,0,p0.2|image_only,flip_content,0.021505376344086023
D,fakeddit_real_lcc,robust,0,p0.2|image_only,content_sens_zero,0.0
D,fakeddit_real_lcc,robust,0,p0.2|none,n_nodes,30
D,fakeddit_real_lcc,robust,0,p0.2|none,text_consistency,1.0
D,fakeddit_real_lcc,robust,0,p0.2|none,mean_content_sensitivity,0.0
D,fakeddit_real_lcc,robust,0,p0.2|none,mean_structure_sensitivity,0.8108108680260088
D,fakeddit_real_lcc,robust,0,p0.2|none,flip_content,0.0
D,fakeddit_real_lcc,robust,0,p0.2|none,content_sens_zero,1.0
D,fakeddit_real_lcc,robust,0,p0.2,text_consistency_all,1.0
_,fakeddit_real_lcc,robust,0,e4|fakeddit_real_lcc|robust|p0.2|0,_done,3.92
D,fakeddit_real_lcc,robust,1,p0.2|both,n_nodes,380
D,fakeddit_real_lcc,robust,1,p0.2|both,text_consistency,1.0
D,fakeddit_real_lcc,robust,1,p0.2|both,mean_content_sensitivity,0.2963784061401581
D,fakeddit_real_lcc,robust,1,p0.2|both,mean_structure_sensitivity,0.2406735046910238
D,fakeddit_real_lcc,robust,1,p0.2|both,flip_content,0.1
D,fakeddit_real_lcc,robust,1,p0.2|both,content_sens_zero,0.0
D,fakeddit_real_lcc,robust,1,p0.2|text_only,n_nodes,97
D,fakeddit_real_lcc,robust,1,p0.2|text_only,text_consistency,1.0
D,fakeddit_real_lcc,robust,1,p0.2|text_only,mean_content_sensitivity,0.08769025477844182
D,fakeddit_real_lcc,robust,1,p0.2|text_only,mean_structure_sensitivity,0.5279157461613228
D,fakeddit_real_lcc,robust,1,p0.2|text_only,flip_content,0.030927835051546393
D,fakeddit_real_lcc,robust,1,p0.2|text_only,content_sens_zero,0.0
D,fakeddit_real_lcc,robust,1,p0.2|image_only,n_nodes,96
D,fakeddit_real_lcc,robust,1,p0.2|image_only,text_consistency,1.0
D,fakeddit_real_lcc,robust,1,p0.2|image_only,mean_content_sensitivity,0.06794569528468673
D,fakeddit_real_lcc,robust,1,p0.2|image_only,mean_structure_sensitivity,0.6432527043875824
D,fakeddit_real_lcc,robust,1,p0.2|image_only,flip_content,0.0
D,fakeddit_real_lcc,robust,1,p0.2|image_only,content_sens_zero,0.0
D,fakeddit_real_lcc,robust,1,p0.2|none,n_nodes,19
D,fakeddit_real_lcc,robust,1,p0.2|none,text_consistency,1.0
D,fakeddit_real_lcc,robust,1,p0.2|none,mean_content_sensitivity,0.0
D,fakeddit_real_lcc,robust,1,p0.2|none,mean_structure_sensitivity,0.7063817443788971
D,fakeddit_real_lcc,robust,1,p0.2|none,flip_content,0.0
D,fakeddit_real_lcc,robust,1,p0.2|none,content_sens_zero,1.0
D,fakeddit_real_lcc,robust,1,p0.2,text_consistency_all,1.0
_,fakeddit_real_lcc,robust,1,e4|fakeddit_real_lcc|robust|p0.2|1,_done,3.94
D,fakeddit_real_lcc,robust,2,p0.2|both,n_nodes,366
D,fakeddit_real_lcc,robust,2,p0.2|both,text_consistency,1.0
D,fakeddit_real_lcc,robust,2,p0.2|both,mean_content_sensitivity,0.35554604131981343
D,fakeddit_real_lcc,robust,2,p0.2|both,mean_structure_sensitivity,0.32000023235321995
D,fakeddit_real_lcc,robust,2,p0.2|both,flip_content,0.00819672131147541
D,fakeddit_real_lcc,robust,2,p0.2|both,content_sens_zero,0.0
D,fakeddit_real_lcc,robust,2,p0.2|text_only,n_nodes,101
D,fakeddit_real_lcc,robust,2,p0.2|text_only,text_consistency,1.0
D,fakeddit_real_lcc,robust,2,p0.2|text_only,mean_content_sensitivity,0.1032106848354079
D,fakeddit_real_lcc,robust,2,p0.2|text_only,mean_structure_sensitivity,0.5934809398131192
D,fakeddit_real_lcc,robust,2,p0.2|text_only,flip_content,0.0
D,fakeddit_real_lcc,robust,2,p0.2|text_only,content_sens_zero,0.0
D,fakeddit_real_lcc,robust,2,p0.2|image_only,n_nodes,101
D,fakeddit_real_lcc,robust,2,p0.2|image_only,text_consistency,1.0
D,fakeddit_real_lcc,robust,2,p0.2|image_only,mean_content_sensitivity,0.074712738287982
D,fakeddit_real_lcc,robust,2,p0.2|image_only,mean_structure_sensitivity,0.6676232512151918
D,fakeddit_real_lcc,robust,2,p0.2|image_only,flip_content,0.0
D,fakeddit_real_lcc,robust,2,p0.2|image_only,content_sens_zero,0.0
D,fakeddit_real_lcc,robust,2,p0.2|none,n_nodes,24
D,fakeddit_real_lcc,robust,2,p0.2|none,text_consistency,1.0
D,fakeddit_real_lcc,robust,2,p0.2|none,mean_content_sensitivity,0.0
D,fakeddit_real_lcc,robust,2,p0.2|none,mean_structure_sensitivity,0.7907825890459913
D,fakeddit_real_lcc,robust,2,p0.2|none,flip_content,0.0
D,fakeddit_real_lcc,robust,2,p0.2|none,content_sens_zero,1.0
D,fakeddit_real_lcc,robust,2,p0.2,text_consistency_all,1.0
_,fakeddit_real_lcc,robust,2,e4|fakeddit_real_lcc|robust|p0.2|2,_done,3.84
D,fakeddit_real_lcc,robust,0,p0.6|both,n_nodes,89
D,fakeddit_real_lcc,robust,0,p0.6|both,text_consistency,1.0
D,fakeddit_real_lcc,robust,0,p0.6|both,mean_content_sensitivity,0.2712337615690407
D,fakeddit_real_lcc,robust,0,p0.6|both,mean_structure_sensitivity,0.47449614446259514
D,fakeddit_real_lcc,robust,0,p0.6|both,flip_content,0.011235955056179775
D,fakeddit_real_lcc,robust,0,p0.6|both,content_sens_zero,0.0
D,fakeddit_real_lcc,robust,0,p0.6|text_only,n_nodes,145
D,fakeddit_real_lcc,robust,0,p0.6|text_only,text_consistency,1.0
D,fakeddit_real_lcc,robust,0,p0.6|text_only,mean_content_sensitivity,0.04676440465171485
D,fakeddit_real_lcc,robust,0,p0.6|text_only,mean_structure_sensitivity,0.6723149298118593
D,fakeddit_real_lcc,robust,0,p0.6|text_only,flip_content,0.0
D,fakeddit_real_lcc,robust,0,p0.6|text_only,content_sens_zero,0.0
D,fakeddit_real_lcc,robust,0,p0.6|image_only,n_nodes,117
D,fakeddit_real_lcc,robust,0,p0.6|image_only,text_consistency,1.0
D,fakeddit_real_lcc,robust,0,p0.6|image_only,mean_content_sensitivity,0.041979151474774504
D,fakeddit_real_lcc,robust,0,p0.6|image_only,mean_structure_sensitivity,0.7050916963891054
D,fakeddit_real_lcc,robust,0,p0.6|image_only,flip_content,0.05128205128205128
D,fakeddit_real_lcc,robust,0,p0.6|image_only,content_sens_zero,0.0
D,fakeddit_real_lcc,robust,0,p0.6|none,n_nodes,241
D,fakeddit_real_lcc,robust,0,p0.6|none,text_consistency,1.0
D,fakeddit_real_lcc,robust,0,p0.6|none,mean_content_sensitivity,0.0
D,fakeddit_real_lcc,robust,0,p0.6|none,mean_structure_sensitivity,0.724210638446457
D,fakeddit_real_lcc,robust,0,p0.6|none,flip_content,0.0
D,fakeddit_real_lcc,robust,0,p0.6|none,content_sens_zero,1.0
D,fakeddit_real_lcc,robust,0,p0.6,text_consistency_all,1.0
_,fakeddit_real_lcc,robust,0,e4|fakeddit_real_lcc|robust|p0.6|0,_done,3.81
D,fakeddit_real_lcc,robust,1,p0.6|both,n_nodes,93
D,fakeddit_real_lcc,robust,1,p0.6|both,text_consistency,1.0
D,fakeddit_real_lcc,robust,1,p0.6|both,mean_content_sensitivity,0.2770495657736392
D,fakeddit_real_lcc,robust,1,p0.6|both,mean_structure_sensitivity,0.4511680635797577
D,fakeddit_real_lcc,robust,1,p0.6|both,flip_content,0.043010752688172046
D,fakeddit_real_lcc,robust,1,p0.6|both,content_sens_zero,0.0
D,fakeddit_real_lcc,robust,1,p0.6|text_only,n_nodes,130
D,fakeddit_real_lcc,robust,1,p0.6|text_only,text_consistency,1.0
D,fakeddit_real_lcc,robust,1,p0.6|text_only,mean_content_sensitivity,0.05054836273533735
D,fakeddit_real_lcc,robust,1,p0.6|text_only,mean_structure_sensitivity,0.691959067517855
D,fakeddit_real_lcc,robust,1,p0.6|text_only,flip_content,0.06923076923076923
D,fakeddit_real_lcc,robust,1,p0.6|text_only,content_sens_zero,0.0
D,fakeddit_real_lcc,robust,1,p0.6|image_only,n_nodes,140
D,fakeddit_real_lcc,robust,1,p0.6|image_only,text_consistency,1.0
D,fakeddit_real_lcc,robust,1,p0.6|image_only,mean_content_sensitivity,0.038523594070346626
D,fakeddit_real_lcc,robust,1,p0.6|image_only,mean_structure_sensitivity,0.6782892821037223
D,fakeddit_real_lcc,robust,1,p0.6|image_only,flip_content,0.0
D,fakeddit_real_lcc,robust,1,p0.6|image_only,content_sens_zero,0.0
D,fakeddit_real_lcc,robust,1,p0.6|none,n_nodes,229
D,fakeddit_real_lcc,robust,1,p0.6|none,text_consistency,1.0
D,fakeddit_real_lcc,robust,1,p0.6|none,mean_content_sensitivity,0.0
D,fakeddit_real_lcc,robust,1,p0.6|none,mean_structure_sensitivity,0.7316259852763745
D,fakeddit_real_lcc,robust,1,p0.6|none,flip_content,0.0
D,fakeddit_real_lcc,robust,1,p0.6|none,content_sens_zero,1.0
D,fakeddit_real_lcc,robust,1,p0.6,text_consistency_all,1.0
_,fakeddit_real_lcc,robust,1,e4|fakeddit_real_lcc|robust|p0.6|1,_done,3.88
D,fakeddit_real_lcc,robust,2,p0.6|both,n_nodes,84
D,fakeddit_real_lcc,robust,2,p0.6|both,text_consistency,1.0
D,fakeddit_real_lcc,robust,2,p0.6|both,mean_content_sensitivity,0.26955802443104
D,fakeddit_real_lcc,robust,2,p0.6|both,mean_structure_sensitivity,0.4533845552880917
D,fakeddit_real_lcc,robust,2,p0.6|both,flip_content,0.023809523809523808
D,fakeddit_real_lcc,robust,2,p0.6|both,content_sens_zero,0.0
D,fakeddit_real_lcc,robust,2,p0.6|text_only,n_nodes,142
D,fakeddit_real_lcc,robust,2,p0.6|text_only,text_consistency,1.0
D,fakeddit_real_lcc,robust,2,p0.6|text_only,mean_content_sensitivity,0.04869979510771537
D,fakeddit_real_lcc,robust,2,p0.6|text_only,mean_structure_sensitivity,0.6715432072718533
D,fakeddit_real_lcc,robust,2,p0.6|text_only,flip_content,0.007042253521126761
D,fakeddit_real_lcc,robust,2,p0.6|text_only,content_sens_zero,0.0
D,fakeddit_real_lcc,robust,2,p0.6|image_only,n_nodes,145
D,fakeddit_real_lcc,robust,2,p0.6|image_only,text_consistency,1.0
D,fakeddit_real_lcc,robust,2,p0.6|image_only,mean_content_sensitivity,0.03864035007960299
D,fakeddit_real_lcc,robust,2,p0.6|image_only,mean_structure_sensitivity,0.6800464946698249
D,fakeddit_real_lcc,robust,2,p0.6|image_only,flip_content,0.06896551724137931
D,fakeddit_real_lcc,robust,2,p0.6|image_only,content_sens_zero,0.0
D,fakeddit_real_lcc,robust,2,p0.6|none,n_nodes,221
D,fakeddit_real_lcc,robust,2,p0.6|none,text_consistency,1.0
D,fakeddit_real_lcc,robust,2,p0.6|none,mean_content_sensitivity,0.0
D,fakeddit_real_lcc,robust,2,p0.6|none,mean_structure_sensitivity,0.7449012007077889
D,fakeddit_real_lcc,robust,2,p0.6|none,flip_content,0.0
D,fakeddit_real_lcc,robust,2,p0.6|none,content_sens_zero,1.0
D,fakeddit_real_lcc,robust,2,p0.6,text_consistency_all,1.0
_,fakeddit_real_lcc,robust,2,e4|fakeddit_real_lcc|robust|p0.6|2,_done,3.77
C,crisismmd,default,-1,pair0-1,ari,0.8609498934447081
C,crisismmd,default,-1,pair0-1,old_same_type,0.72875
C,crisismmd,default,-1,pair0-1,new_same_share_bin,0.89
C,crisismmd,default,-1,pair0-1,new_same_content_agrees,0.77875
C,crisismmd,default,-1,pair0-1,new_same_flip_content,0.91
C,crisismmd,default,-1,pair0-1,new_same_type,0.66125
C,crisismmd,default,-1,pair0-1,new_same_type_structure,0.69
C,crisismmd,default,-1,pair0-1,rule_pred_agreement,0.88375
C,crisismmd,default,-1,pair0-1,rule_pred_agreement_both_covered,0.9328859060402684
C,crisismmd,default,-1,pair0-1,rule_threshold_absdiff,0.0
C,crisismmd,default,-1,pair0-1,old_rule_same_dominant,0.4
C,crisismmd,default,-1,pair0-2,ari,0.9482668890648472
C,crisismmd,default,-1,pair0-2,old_same_type,0.6725
C,crisismmd,default,-1,pair0-2,new_same_share_bin,0.92625
C,crisismmd,default,-1,pair0-2,new_same_content_agrees,0.88875
C,crisismmd,default,-1,pair0-2,new_same_flip_content,0.925
C,crisismmd,default,-1,pair0-2,new_same_type,0.8125
C,crisismmd,default,-1,pair0-2,new_same_type_structure,0.8375
C,crisismmd,default,-1,pair0-2,rule_pred_agreement,0.94
C,crisismmd,default,-1,pair0-2,rule_pred_agreement_both_covered,0.981081081081081
C,crisismmd,default,-1,pair0-2,rule_threshold_absdiff,0.049999999999999996
C,crisismmd,default,-1,pair0-2,old_rule_same_dominant,0.2
C,crisismmd,default,-1,pair0-3,ari,0.9582983699663916
C,crisismmd,default,-1,pair0-3,old_same_type,0.7325
C,crisismmd,default,-1,pair0-3,new_same_share_bin,0.92375
C,crisismmd,default,-1,pair0-3,new_same_content_agrees,0.88875
C,crisismmd,default,-1,pair0-3,new_same_flip_content,0.92875
C,crisismmd,default,-1,pair0-3,new_same_type,0.81875
C,crisismmd,default,-1,pair0-3,new_same_type_structure,0.835
C,crisismmd,default,-1,pair0-3,rule_pred_agreement,0.94125
C,crisismmd,default,-1,pair0-3,rule_pred_agreement_both_covered,0.9795918367346939
C,crisismmd,default,-1,pair0-3,rule_threshold_absdiff,0.049999999999999996
C,crisismmd,default,-1,pair0-3,old_rule_same_dominant,1.0
C,crisismmd,default,-1,pair0-4,ari,0.8614462871813249
C,crisismmd,default,-1,pair0-4,old_same_type,0.6825
C,crisismmd,default,-1,pair0-4,new_same_share_bin,0.8975
C,crisismmd,default,-1,pair0-4,new_same_content_agrees,0.7625
C,crisismmd,default,-1,pair0-4,new_same_flip_content,0.9175
C,crisismmd,default,-1,pair0-4,new_same_type,0.655
C,crisismmd,default,-1,pair0-4,new_same_type_structure,0.68125
C,crisismmd,default,-1,pair0-4,rule_pred_agreement,0.88625
C,crisismmd,default,-1,pair0-4,rule_pred_agreement_both_covered,0.9367429340511441
C,crisismmd,default,-1,pair0-4,rule_threshold_absdiff,0.0
C,crisismmd,default,-1,pair0-4,old_rule_same_dominant,0.4
C,crisismmd,default,-1,pair1-2,ari,0.8602205397001148
C,crisismmd,default,-1,pair1-2,old_same_type,0.675
C,crisismmd,default,-1,pair1-2,new_same_share_bin,0.8675
C,crisismmd,default,-1,pair1-2,new_same_content_agrees,0.7625
C,crisismmd,default,-1,pair1-2,new_same_flip_content,0.9
C,crisismmd,default,-1,pair1-2,new_same_type,0.63875
C,crisismmd,default,-1,pair1-2,new_same_type_structure,0.6675
C,crisismmd,default,-1,pair1-2,rule_pred_agreement,0.8875
C,crisismmd,default,-1,pair1-2,rule_pred_agreement_both_covered,0.9266666666666666
C,crisismmd,default,-1,pair1-2,rule_threshold_absdiff,0.0
C,crisismmd,default,-1,pair1-2,old_rule_same_dominant,0.2
C,crisismmd,default,-1,pair1-3,ari,0.8530377006169627
C,crisismmd,default,-1,pair1-3,old_same_type,0.755
C,crisismmd,default,-1,pair1-3,new_same_share_bin,0.87125
C,crisismmd,default,-1,pair1-3,new_same_content_agrees,0.7525
C,crisismmd,default,-1,pair1-3,new_same_flip_content,0.90375
C,crisismmd,default,-1,pair1-3,new_same_type,0.6475
C,crisismmd,default,-1,pair1-3,new_same_type_structure,0.665
C,crisismmd,default,-1,pair1-3,rule_pred_agreement,0.89125
C,crisismmd,default,-1,pair1-3,rule_pred_agreement_both_covered,0.9405405405405406
C,crisismmd,default,-1,pair1-3,rule_threshold_absdiff,0.0
C,crisismmd,default,-1,pair1-3,old_rule_same_dominant,0.4
C,crisismmd,default,-1,pair1-4,ari,0.9477223297533595
C,crisismmd,default,-1,pair1-4,old_same_type,0.70375
C,crisismmd,default,-1,pair1-4,new_same_share_bin,0.965
C,crisismmd,default,-1,pair1-4,new_same_content_agrees,0.88375
C,crisismmd,default,-1,pair1-4,new_same_flip_content,0.98
C,crisismmd,default,-1,pair1-4,new_same_type,0.8525
C,crisismmd,default,-1,pair1-4,new_same_type_structure,0.8575
C,crisismmd,default,-1,pair1-4,rule_pred_agreement,0.97125
C,crisismmd,default,-1,pair1-4,rule_pred_agreement_both_covered,0.9947780678851175
C,crisismmd,default,-1,pair1-4,rule_threshold_absdiff,0.0
C,crisismmd,default,-1,pair1-4,old_rule_same_dominant,0.4
C,crisismmd,default,-1,pair2-3,ari,0.9497269927133954
C,crisismmd,default,-1,pair2-3,old_same_type,0.66
C,crisismmd,default,-1,pair2-3,new_same_share_bin,0.9425
C,crisismmd,default,-1,pair2-3,new_same_content_agrees,0.8775
C,crisismmd,default,-1,pair2-3,new_same_flip_content,0.90125
C,crisismmd,default,-1,pair2-3,new_same_type,0.7925
C,crisismmd,default,-1,pair2-3,new_same_type_structure,0.8425
C,crisismmd,default,-1,pair2-3,rule_pred_agreement,0.9425
C,crisismmd,default,-1,pair2-3,rule_pred_agreement_both_covered,0.9782903663500678
C,crisismmd,default,-1,pair2-3,rule_threshold_absdiff,0.0
C,crisismmd,default,-1,pair2-3,old_rule_same_dominant,0.2
C,crisismmd,default,-1,pair2-4,ari,0.8576422781726529
C,crisismmd,default,-1,pair2-4,old_same_type,0.7025
C,crisismmd,default,-1,pair2-4,new_same_share_bin,0.87125
C,crisismmd,default,-1,pair2-4,new_same_content_agrees,0.74625
C,crisismmd,default,-1,pair2-4,new_same_flip_content,0.905
C,crisismmd,default,-1,pair2-4,new_same_type,0.63125
C,crisismmd,default,-1,pair2-4,new_same_type_structure,0.65625
C,crisismmd,default,-1,pair2-4,rule_pred_agreement,0.89
C,crisismmd,default,-1,pair2-4,rule_pred_agreement_both_covered,0.93048128342246
C,crisismmd,default,-1,pair2-4,rule_threshold_absdiff,0.0
C,crisismmd,default,-1,pair2-4,old_rule_same_dominant,0.4
C,crisismmd,default,-1,pair3-4,ari,0.8555638176165169
C,crisismmd,default,-1,pair3-4,old_same_type,0.675
C,crisismmd,default,-1,pair3-4,new_same_share_bin,0.87125
C,crisismmd,default,-1,pair3-4,new_same_content_agrees,0.75875
C,crisismmd,default,-1,pair3-4,new_same_flip_content,0.90125
C,crisismmd,default,-1,pair3-4,new_same_type,0.65125
C,crisismmd,default,-1,pair3-4,new_same_type_structure,0.6725
C,crisismmd,default,-1,pair3-4,rule_pred_agreement,0.89375
C,crisismmd,default,-1,pair3-4,rule_pred_agreement_both_covered,0.9444444444444444
C,crisismmd,default,-1,pair3-4,rule_threshold_absdiff,0.0
C,crisismmd,default,-1,pair3-4,old_rule_same_dominant,0.4
C,crisismmd,default,-1,c|crisismmd|default,_done,5
C,crisismmd,robust,-1,pair0-1,ari,0.98831377341655
C,crisismmd,robust,-1,pair0-1,old_same_type,0.72875
C,crisismmd,robust,-1,pair0-1,new_same_share_bin,0.98375
C,crisismmd,robust,-1,pair0-1,new_same_content_agrees,0.9575
C,crisismmd,robust,-1,pair0-1,new_same_flip_content,0.98
C,crisismmd,robust,-1,pair0-1,new_same_type,0.93125
C,crisismmd,robust,-1,pair0-1,new_same_type_structure,0.94375
C,crisismmd,robust,-1,pair0-1,rule_pred_agreement,0.9925
C,crisismmd,robust,-1,pair0-1,rule_pred_agreement_both_covered,1.0
C,crisismmd,robust,-1,pair0-1,rule_threshold_absdiff,0.016666666666666673
C,crisismmd,robust,-1,pair0-1,old_rule_same_dominant,0.8
C,crisismmd,robust,-1,pair0-2,ari,0.8775355454701033
C,crisismmd,robust,-1,pair0-2,old_same_type,0.6725
C,crisismmd,robust,-1,pair0-2,new_same_share_bin,0.77125
C,crisismmd,robust,-1,pair0-2,new_same_content_agrees,0.89375
C,crisismmd,robust,-1,pair0-2,new_same_flip_content,0.8225
C,crisismmd,robust,-1,pair0-2,new_same_type,0.645
C,crisismmd,robust,-1,pair0-2,new_same_type_structure,0.71125
C,crisismmd,robust,-1,pair0-2,rule_pred_agreement,0.69125
C,crisismmd,robust,-1,pair0-2,rule_pred_agreement_both_covered,0.868421052631579
C,crisismmd,robust,-1,pair0-2,rule_threshold_absdiff,0.10000000000000002
C,crisismmd,robust,-1,pair0-2,old_rule_same_dominant,0.4
C,crisismmd,robust,-1,pair0-3,ari,0.9917271152953901
C,crisismmd,robust,-1,pair0-3,old_same_type,0.7325
C,crisismmd,robust,-1,pair0-3,new_same_share_bin,0.985
C,crisismmd,robust,-1,pair0-3,new_same_content_agrees,0.9675
C,crisismmd,robust,-1,pair0-3,new_same_flip_content,0.98875
C,crisismmd,robust,-1,pair0-3,new_same_type,0.95
C,crisismmd,robust,-1,pair0-3,new_same_type_structure,0.955
C,crisismmd,robust,-1,pair0-3,rule_pred_agreement,0.9925
C,crisismmd,robust,-1,pair0-3,rule_pred_agreement_both_covered,1.0
C,crisismmd,robust,-1,pair0-3,rule_threshold_absdiff,0.016666666666666673
C,crisismmd,robust,-1,pair0-3,old_rule_same_dominant,1.0
C,crisismmd,robust,-1,pair0-4,ari,0.9915079578410338
C,crisismmd,robust,-1,pair0-4,old_same_type,0.6825
C,crisismmd,robust,-1,pair0-4,new_same_share_bin,0.98625
C,crisismmd,robust,-1,pair0-4,new_same_content_agrees,0.9625
C,crisismmd,robust,-1,pair0-4,new_same_flip_content,0.98
C,crisismmd,robust,-1,pair0-4,new_same_type,0.93875
C,crisismmd,robust,-1,pair0-4,new_same_type_structure,0.95
C,crisismmd,robust,-1,pair0-4,rule_pred_agreement,0.9975
C,crisismmd,robust,-1,pair0-4,rule_pred_agreement_both_covered,1.0
C,crisismmd,robust,-1,pair0-4,rule_threshold_absdiff,0.0
C,crisismmd,robust,-1,pair0-4,old_rule_same_dominant,0.6
C,crisismmd,robust,-1,pair1-2,ari,0.8701490529850714
C,crisismmd,robust,-1,pair1-2,old_same_type,0.675
C,crisismmd,robust,-1,pair1-2,new_same_share_bin,0.7625
C,crisismmd,robust,-1,pair1-2,new_same_content_agrees,0.87375
C,crisismmd,robust,-1,pair1-2,new_same_flip_content,0.8225
C,crisismmd,robust,-1,pair1-2,new_same_type,0.62375
C,crisismmd,robust,-1,pair1-2,new_same_type_structure,0.6875
C,crisismmd,robust,-1,pair1-2,rule_pred_agreement,0.695
C,crisismmd,robust,-1,pair1-2,rule_pred_agreement_both_covered,0.8646003262642741
C,crisismmd,robust,-1,pair1-2,rule_threshold_absdiff,0.1166666666666667
C,crisismmd,robust,-1,pair1-2,old_rule_same_dominant,0.6
C,crisismmd,robust,-1,pair1-3,ari,0.9965850787944766
C,crisismmd,robust,-1,pair1-3,old_same_type,0.755
C,crisismmd,robust,-1,pair1-3,new_same_share_bin,0.99875
C,crisismmd,robust,-1,pair1-3,new_same_content_agrees,0.965
C,crisismmd,robust,-1,pair1-3,new_same_flip_content,0.98625
C,crisismmd,robust,-1,pair1-3,new_same_type,0.9525
C,crisismmd,robust,-1,pair1-3,new_same_type_structure,0.96375
C,crisismmd,robust,-1,pair1-3,rule_pred_agreement,1.0
C,crisismmd,robust,-1,pair1-3,rule_pred_agreement_both_covered,1.0
C,crisismmd,robust,-1,pair1-3,rule_threshold_absdiff,0.0
C,crisismmd,robust,-1,pair1-3,old_rule_same_dominant,0.8
C,crisismmd,robust,-1,pair1-4,ari,0.9936283190645979
C,crisismmd,robust,-1,pair1-4,old_same_type,0.70375
C,crisismmd,robust,-1,pair1-4,new_same_share_bin,0.995
C,crisismmd,robust,-1,pair1-4,new_same_content_agrees,0.9475
C,crisismmd,robust,-1,pair1-4,new_same_flip_content,0.985
C,crisismmd,robust,-1,pair1-4,new_same_type,0.9325
C,crisismmd,robust,-1,pair1-4,new_same_type_structure,0.94375
C,crisismmd,robust,-1,pair1-4,rule_pred_agreement,0.99375
C,crisismmd,robust,-1,pair1-4,rule_pred_agreement_both_covered,0.9986893840104849
C,crisismmd,robust,-1,pair1-4,rule_threshold_absdiff,0.016666666666666673
C,crisismmd,robust,-1,pair1-4,old_rule_same_dominant,0.6
C,crisismmd,robust,-1,pair2-3,ari,0.8719362820586389
C,crisismmd,robust,-1,pair2-3,old_same_type,0.66
C,crisismmd,robust,-1,pair2-3,new_same_share_bin,0.76375
C,crisismmd,robust,-1,pair2-3,new_same_content_agrees,0.88625
C,crisismmd,robust,-1,pair2-3,new_same_flip_content,0.82125
C,crisismmd,robust,-1,pair2-3,new_same_type,0.6325
C,crisismmd,robust,-1,pair2-3,new_same_type_structure,0.7
C,crisismmd,robust,-1,pair2-3,rule_pred_agreement,0.695
C,crisismmd,robust,-1,pair2-3,rule_pred_agreement_both_covered,0.8646003262642741
C,crisismmd,robust,-1,pair2-3,rule_threshold_absdiff,0.1166666666666667
C,crisismmd,robust,-1,pair2-3,old_rule_same_dominant,0.4
C,crisismmd,robust,-1,pair2-4,ari,0.8727784561708064
C,crisismmd,robust,-1,pair2-4,old_same_type,0.7025
C,crisismmd,robust,-1,pair2-4,new_same_share_bin,0.7625
C,crisismmd,robust,-1,pair2-4,new_same_content_agrees,0.87875
C,crisismmd,robust,-1,pair2-4,new_same_flip_content,0.83
C,crisismmd,robust,-1,pair2-4,new_same_type,0.62875
C,crisismmd,robust,-1,pair2-4,new_same_type_structure,0.68875
C,crisismmd,robust,-1,pair2-4,rule_pred_agreement,0.69125
C,crisismmd,robust,-1,pair2-4,rule_pred_agreement_both_covered,0.8655737704918033
C,crisismmd,robust,-1,pair2-4,rule_threshold_absdiff,0.10000000000000002
C,crisismmd,robust,-1,pair2-4,old_rule_same_dominant,0.4
C,crisismmd,robust,-1,pair3-4,ari,0.9924840546730441
C,crisismmd,robust,-1,pair3-4,old_same_type,0.675
C,crisismmd,robust,-1,pair3-4,new_same_share_bin,0.99375
C,crisismmd,robust,-1,pair3-4,new_same_content_agrees,0.955
C,crisismmd,robust,-1,pair3-4,new_same_flip_content,0.98125
C,crisismmd,robust,-1,pair3-4,new_same_type,0.93625
C,crisismmd,robust,-1,pair3-4,new_same_type_structure,0.95
C,crisismmd,robust,-1,pair3-4,rule_pred_agreement,0.99375
C,crisismmd,robust,-1,pair3-4,rule_pred_agreement_both_covered,0.9986893840104849
C,crisismmd,robust,-1,pair3-4,rule_threshold_absdiff,0.016666666666666673
C,crisismmd,robust,-1,pair3-4,old_rule_same_dominant,0.6
C,crisismmd,robust,-1,c|crisismmd|robust,_done,5
C,fakeddit,default,-1,pair0-1,ari,0.497137433544869
C,fakeddit,default,-1,pair0-1,old_same_type,0.7533333333333333
C,fakeddit,default,-1,pair0-1,new_same_share_bin,0.54
C,fakeddit,default,-1,pair0-1,new_same_content_agrees,0.7358333333333333
C,fakeddit,default,-1,pair0-1,new_same_flip_content,0.6833333333333333
C,fakeddit,default,-1,pair0-1,new_same_type,0.25916666666666666
C,fakeddit,default,-1,pair0-1,new_same_type_structure,0.35583333333333333
C,fakeddit,default,-1,pair0-1,rule_pred_agreement,0.6175
C,fakeddit,default,-1,pair0-1,rule_pred_agreement_both_covered,0.7318045862412762
C,fakeddit,default,-1,pair0-1,rule_threshold_absdiff,0.125
C,fakeddit,default,-1,pair0-1,old_rule_same_dominant,0.8
C,fakeddit,default,-1,pair0-2,ari,0.5119342217091302
C,fakeddit,default,-1,pair0-2,old_same_type,0.7566666666666667
C,fakeddit,default,-1,pair0-2,new_same_share_bin,0.4633333333333333
C,fakeddit,default,-1,pair0-2,new_same_content_agrees,0.7608333333333334
C,fakeddit,default,-1,pair0-2,new_same_flip_content,0.6041666666666666
C,fakeddit,default,-1,pair0-2,new_same_type,0.2783333333333333
C,fakeddit,default,-1,pair0-2,new_same_type_structure,0.35333333333333333
C,fakeddit,default,-1,pair0-2,rule_pred_agreement,0.6425
C,fakeddit,default,-1,pair0-2,rule_pred_agreement_both_covered,0.7532994923857868
C,fakeddit,default,-1,pair0-2,rule_threshold_absdiff,0.125
C,fakeddit,default,-1,pair0-2,old_rule_same_dominant,0.6
C,fakeddit,default,-1,pair0-3,ari,0.5384251247158446
C,fakeddit,default,-1,pair0-3,old_same_type,0.7616666666666667
C,fakeddit,default,-1,pair0-3,new_same_share_bin,0.5175
C,fakeddit,default,-1,pair0-3,new_same_content_agrees,0.8208333333333333
C,fakeddit,default,-1,pair0-3,new_same_flip_content,0.6975
C,fakeddit,default,-1,pair0-3,new_same_type,0.3541666666666667
C,fakeddit,default,-1,pair0-3,new_same_type_structure,0.42583333333333334
C,fakeddit,default,-1,pair0-3,rule_pred_agreement,0.5525
C,fakeddit,default,-1,pair0-3,rule_pred_agreement_both_covered,0.6291179596174282
C,fakeddit,default,-1,pair0-3,rule_threshold_absdiff,0.08
C,fakeddit,default,-1,pair0-3,old_rule_same_dominant,0.2
C,fakeddit,default,-1,pair0-4,ari,0.4886027773230912
C,fakeddit,default,-1,pair0-4,old_same_type,0.785
C,fakeddit,default,-1,pair0-4,new_same_share_bin,0.6816666666666666
C,fakeddit,default,-1,pair0-4,new_same_content_agrees,0.7333333333333333
C,fakeddit,default,-1,pair0-4,new_same_flip_content,0.7483333333333333
C,fakeddit,default,-1,pair0-4,new_same_type,0.3958333333333333
C,fakeddit,default,-1,pair0-4,new_same_type_structure,0.4866666666666667
C,fakeddit,default,-1,pair0-4,rule_pred_agreement,0.5975
C,fakeddit,default,-1,pair0-4,rule_pred_agreement_both_covered,0.7807692307692308
C,fakeddit,default,-1,pair0-4,rule_threshold_absdiff,0.075
C,fakeddit,default,-1,pair0-4,old_rule_same_dominant,0.8
C,fakeddit,default,-1,pair1-2,ari,0.569997089656415
C,fakeddit,default,-1,pair1-2,old_same_type,0.755
C,fakeddit,default,-1,pair1-2,new_same_share_bin,0.6158333333333333
C,fakeddit,default,-1,pair1-2,new_same_content_agrees,0.7066666666666667
C,fakeddit,default,-1,pair1-2,new_same_flip_content,0.7258333333333333
C,fakeddit,default,-1,pair1-2,new_same_type,0.4
C,fakeddit,default,-1,pair1-2,new_same_type_structure,0.465
C,fakeddit,default,-1,pair1-2,rule_pred_agreement,0.8708333333333333
C,fakeddit,default,-1,pair1-2,rule_pred_agreement_both_covered,0.9310653536257834
C,fakeddit,default,-1,pair1-2,rule_threshold_absdiff,0.05
C,fakeddit,default,-1,pair1-2,old_rule_same_dominant,0.8
C,fakeddit,default,-1,pair1-3,ari,0.6956082005452168
C,fakeddit,default,-1,pair1-3,old_same_type,0.7533333333333333
C,fakeddit,default,-1,pair1-3,new_same_share_bin,0.7083333333333334
C,fakeddit,default,-1,pair1-3,new_same_content_agrees,0.8316666666666667
C,fakeddit,default,-1,pair1-3,new_same_flip_content,0.8025
C,fakeddit,default,-1,pair1-3,new_same_type,0.49916666666666665
C,fakeddit,default,-1,pair1-3,new_same_type_structure,0.5808333333333333
C,fakeddit,default,-1,pair1-3,rule_pred_agreement,0.8133333333333334
C,fakeddit,default,-1,pair1-3,rule_pred_agreement_both_covered,0.9305689488910318
C,fakeddit,default,-1,pair1-3,rule_threshold_absdiff,0.1
C,fakeddit,default,-1,pair1-3,old_rule_same_dominant,0.8
C,fakeddit,default,-1,pair1-4,ari,0.7501425083103257
C,fakeddit,default,-1,pair1-4,old_same_type,0.775
C,fakeddit,default,-1,pair1-4,new_same_share_bin,0.6475
C,fakeddit,default,-1,pair1-4,new_same_content_agrees,0.9041666666666667
C,fakeddit,default,-1,pair1-4,new_same_flip_content,0.7716666666666666
C,fakeddit,default,-1,pair1-4,new_same_type,0.5191666666666667
C,fakeddit,default,-1,pair1-4,new_same_type_structure,0.5975
C,fakeddit,default,-1,pair1-4,rule_pred_agreement,0.5408333333333334
C,fakeddit,default,-1,pair1-4,rule_pred_agreement_both_covered,0.7646356033452808
C,fakeddit,default,-1,pair1-4,rule_threshold_absdiff,0.15
C,fakeddit,default,-1,pair1-4,old_rule_same_dominant,1.0
C,fakeddit,default,-1,pair2-3,ari,0.6272470895095758
C,fakeddit,default,-1,pair2-3,old_same_type,0.7566666666666667
C,fakeddit,default,-1,pair2-3,new_same_share_bin,0.6458333333333334
C,fakeddit,default,-1,pair2-3,new_same_content_agrees,0.8016666666666666
C,fakeddit,default,-1,pair2-3,new_same_flip_content,0.7283333333333334
C,fakeddit,default,-1,pair2-3,new_same_type,0.5041666666666667
C,fakeddit,default,-1,pair2-3,new_same_type_structure,0.5691666666666667
C,fakeddit,default,-1,pair2-3,rule_pred_agreement,0.8283333333333334
C,fakeddit,default,-1,pair2-3,rule_pred_agreement_both_covered,0.9488188976377953
C,fakeddit,default,-1,pair2-3,rule_threshold_absdiff,0.1
C,fakeddit,default,-1,pair2-3,old_rule_same_dominant,1.0
C,fakeddit,default,-1,pair2-4,ari,0.46280376900282677
C,fakeddit,default,-1,pair2-4,old_same_type,0.8008333333333333
C,fakeddit,default,-1,pair2-4,new_same_share_bin,0.4741666666666667
C,fakeddit,default,-1,pair2-4,new_same_content_agrees,0.6808333333333333
C,fakeddit,default,-1,pair2-4,new_same_flip_content,0.6325
C,fakeddit,default,-1,pair2-4,new_same_type,0.24083333333333334
C,fakeddit,default,-1,pair2-4,new_same_type_structure,0.31333333333333335
C,fakeddit,default,-1,pair2-4,rule_pred_agreement,0.48333333333333334
C,fakeddit,default,-1,pair2-4,rule_pred_agreement_both_covered,0.6764705882352942
C,fakeddit,default,-1,pair2-4,rule_threshold_absdiff,0.2
C,fakeddit,default,-1,pair2-4,old_rule_same_dominant,0.8
C,fakeddit,default,-1,pair3-4,ari,0.6201779398144359
C,fakeddit,default,-1,pair3-4,old_same_type,0.7775
C,fakeddit,default,-1,pair3-4,new_same_share_bin,0.6158333333333333
C,fakeddit,default,-1,pair3-4,new_same_content_agrees,0.8075
C,fakeddit,default,-1,pair3-4,new_same_flip_content,0.7241666666666666
C,fakeddit,default,-1,pair3-4,new_same_type,0.3908333333333333
C,fakeddit,default,-1,pair3-4,new_same_type_structure,0.48583333333333334
C,fakeddit,default,-1,pair3-4,rule_pred_agreement,0.555
C,fakeddit,default,-1,pair3-4,rule_pred_agreement_both_covered,0.71
C,fakeddit,default,-1,pair3-4,rule_threshold_absdiff,0.15
C,fakeddit,default,-1,pair3-4,old_rule_same_dominant,0.8
C,fakeddit,default,-1,c|fakeddit|default,_done,5
C,fakeddit,robust,-1,pair0-1,ari,0.9611925715705356
C,fakeddit,robust,-1,pair0-1,old_same_type,0.7533333333333333
C,fakeddit,robust,-1,pair0-1,new_same_share_bin,0.96
C,fakeddit,robust,-1,pair0-1,new_same_content_agrees,0.9633333333333334
C,fakeddit,robust,-1,pair0-1,new_same_flip_content,0.9666666666666667
C,fakeddit,robust,-1,pair0-1,new_same_type,0.905
C,fakeddit,robust,-1,pair0-1,new_same_type_structure,0.925
C,fakeddit,robust,-1,pair0-1,rule_pred_agreement,0.9333333333333333
C,fakeddit,robust,-1,pair0-1,rule_pred_agreement_both_covered,0.9797979797979798
C,fakeddit,robust,-1,pair0-1,rule_threshold_absdiff,0.022222222222222216
C,fakeddit,robust,-1,pair0-1,old_rule_same_dominant,0.6
C,fakeddit,robust,-1,pair0-2,ari,0.9393710792111644
C,fakeddit,robust,-1,pair0-2,old_same_type,0.7566666666666667
C,fakeddit,robust,-1,pair0-2,new_same_share_bin,0.9525
C,fakeddit,robust,-1,pair0-2,new_same_content_agrees,0.905
C,fakeddit,robust,-1,pair0-2,new_same_flip_content,0.955
C,fakeddit,robust,-1,pair0-2,new_same_type,0.8466666666666667
C,fakeddit,robust,-1,pair0-2,new_same_type_structure,0.8708333333333333
C,fakeddit,robust,-1,pair0-2,rule_pred_agreement,0.885
C,fakeddit,robust,-1,pair0-2,rule_pred_agreement_both_covered,0.9616822429906542
C,fakeddit,robust,-1,pair0-2,rule_threshold_absdiff,0.022222222222222216
C,fakeddit,robust,-1,pair0-2,old_rule_same_dominant,0.6
C,fakeddit,robust,-1,pair0-3,ari,0.9612055154005388
C,fakeddit,robust,-1,pair0-3,old_same_type,0.7616666666666667
C,fakeddit,robust,-1,pair0-3,new_same_share_bin,0.9583333333333334
C,fakeddit,robust,-1,pair0-3,new_same_content_agrees,0.9616666666666667
C,fakeddit,robust,-1,pair0-3,new_same_flip_content,0.9658333333333333
C,fakeddit,robust,-1,pair0-3,new_same_type,0.9025
C,fakeddit,robust,-1,pair0-3,new_same_type_structure,0.9216666666666666
C,fakeddit,robust,-1,pair0-3,rule_pred_agreement,0.9308333333333333
C,fakeddit,robust,-1,pair0-3,rule_pred_agreement_both_covered,0.9796296296296296
C,fakeddit,robust,-1,pair0-3,rule_threshold_absdiff,0.03333333333333333
C,fakeddit,robust,-1,pair0-3,old_rule_same_dominant,0.6
C,fakeddit,robust,-1,pair0-4,ari,0.8894194450379114
C,fakeddit,robust,-1,pair0-4,old_same_type,0.785
C,fakeddit,robust,-1,pair0-4,new_same_share_bin,0.8025
C,fakeddit,robust,-1,pair0-4,new_same_content_agrees,0.8816666666666667
C,fakeddit,robust,-1,pair0-4,new_same_flip_content,0.8941666666666667
C,fakeddit,robust,-1,pair0-4,new_same_type,0.7283333333333334
C,fakeddit,robust,-1,pair0-4,new_same_type_structure,0.7483333333333333
C,fakeddit,robust,-1,pair0-4,rule_pred_agreement,0.8358333333333333
C,fakeddit,robust,-1,pair0-4,rule_pred_agreement_both_covered,0.9109004739336493
C,fakeddit,robust,-1,pair0-4,rule_threshold_absdiff,0.03333333333333333
C,fakeddit,robust,-1,pair0-4,old_rule_same_dominant,0.8
C,fakeddit,robust,-1,pair1-2,ari,0.9344618706090183
C,fakeddit,robust,-1,pair1-2,old_same_type,0.755
C,fakeddit,robust,-1,pair1-2,new_same_share_bin,0.9525
C,fakeddit,robust,-1,pair1-2,new_same_content_agrees,0.9133333333333333
C,fakeddit,robust,-1,pair1-2,new_same_flip_content,0.955
C,fakeddit,robust,-1,pair1-2,new_same_type,0.8533333333333334
C,fakeddit,robust,-1,pair1-2,new_same_type_structure,0.8791666666666667
C,fakeddit,robust,-1,pair1-2,rule_pred_agreement,0.9
C,fakeddit,robust,-1,pair1-2,rule_pred_agreement_both_covered,0.9587155963302753
C,fakeddit,robust,-1,pair1-2,rule_threshold_absdiff,0.0
C,fakeddit,robust,-1,pair1-2,old_rule_same_dominant,1.0
C,fakeddit,robust,-1,pair1-3,ari,0.9667689446693118
C,fakeddit,robust,-1,pair1-3,old_same_type,0.7533333333333333
C,fakeddit,robust,-1,pair1-3,new_same_share_bin,0.9816666666666667
C,fakeddit,robust,-1,pair1-3,new_same_content_agrees,0.9683333333333334
C,fakeddit,robust,-1,pair1-3,new_same_flip_content,0.9741666666666666
C,fakeddit,robust,-1,pair1-3,new_same_type,0.9341666666666667
C,fakeddit,robust,-1,pair1-3,new_same_type_structure,0.9533333333333334
C,fakeddit,robust,-1,pair1-3,rule_pred_agreement,0.945
C,fakeddit,robust,-1,pair1-3,rule_pred_agreement_both_covered,0.9862888482632541
C,fakeddit,robust,-1,pair1-3,rule_threshold_absdiff,0.030000000000000006
C,fakeddit,robust,-1,pair1-3,old_rule_same_dominant,0.6
C,fakeddit,robust,-1,pair1-4,ari,0.8887555604378176
C,fakeddit,robust,-1,pair1-4,old_same_type,0.775
C,fakeddit,robust,-1,pair1-4,new_same_share_bin,0.805
C,fakeddit,robust,-1,pair1-4,new_same_content_agrees,0.8883333333333333
C,fakeddit,robust,-1,pair1-4,new_same_flip_content,0.8941666666666667
C,fakeddit,robust,-1,pair1-4,new_same_type,0.7375
C,fakeddit,robust,-1,pair1-4,new_same_type_structure,0.755
C,fakeddit,robust,-1,pair1-4,rule_pred_agreement,0.8483333333333334
C,fakeddit,robust,-1,pair1-4,rule_pred_agreement_both_covered,0.9113805970149254
C,fakeddit,robust,-1,pair1-4,rule_threshold_absdiff,0.010000000000000004
C,fakeddit,robust,-1,pair1-4,old_rule_same_dominant,0.8
C,fakeddit,robust,-1,pair2-3,ari,0.9372477880110666
C,fakeddit,robust,-1,pair2-3,old_same_type,0.7566666666666667
C,fakeddit,robust,-1,pair2-3,new_same_share_bin,0.9441666666666667
C,fakeddit,robust,-1,pair2-3,new_same_content_agrees,0.915
C,fakeddit,robust,-1,pair2-3,new_same_flip_content,0.9575
C,fakeddit,robust,-1,pair2-3,new_same_type,0.8566666666666667
C,fakeddit,robust,-1,pair2-3,new_same_type_structure,0.875
C,fakeddit,robust,-1,pair2-3,rule_pred_agreement,0.8933333333333333
C,fakeddit,robust,-1,pair2-3,rule_pred_agreement_both_covered,0.9628252788104089
C,fakeddit,robust,-1,pair2-3,rule_threshold_absdiff,0.011111111111111115
C,fakeddit,robust,-1,pair2-3,old_rule_same_dominant,0.6
C,fakeddit,robust,-1,pair2-4,ari,0.8810858405153185
C,fakeddit,robust,-1,pair2-4,old_same_type,0.8008333333333333
C,fakeddit,robust,-1,pair2-4,new_same_share_bin,0.8075
C,fakeddit,robust,-1,pair2-4,new_same_content_agrees,0.865
C,fakeddit,robust,-1,pair2-4,new_same_flip_content,0.8958333333333334
C,fakeddit,robust,-1,pair2-4,new_same_type,0.7208333333333333
C,fakeddit,robust,-1,pair2-4,new_same_type_structure,0.7366666666666667
C,fakeddit,robust,-1,pair2-4,rule_pred_agreement,0.8433333333333334
C,fakeddit,robust,-1,pair2-4,rule_pred_agreement_both_covered,0.9174484052532833
C,fakeddit,robust,-1,pair2-4,rule_threshold_absdiff,0.011111111111111115
C,fakeddit,robust,-1,pair2-4,old_rule_same_dominant,0.8
C,fakeddit,robust,-1,pair3-4,ari,0.8887960023894909
C,fakeddit,robust,-1,pair3-4,old_same_type,0.7775
C,fakeddit,robust,-1,pair3-4,new_same_share_bin,0.805
C,fakeddit,robust,-1,pair3-4,new_same_content_agrees,0.8866666666666667
C,fakeddit,robust,-1,pair3-4,new_same_flip_content,0.89
C,fakeddit,robust,-1,pair3-4,new_same_type,0.7333333333333333
C,fakeddit,robust,-1,pair3-4,new_same_type_structure,0.7525
C,fakeddit,robust,-1,pair3-4,rule_pred_agreement,0.8508333333333333
C,fakeddit,robust,-1,pair3-4,rule_pred_agreement_both_covered,0.9198868991517436
C,fakeddit,robust,-1,pair3-4,rule_threshold_absdiff,0.02
C,fakeddit,robust,-1,pair3-4,old_rule_same_dominant,0.8
C,fakeddit,robust,-1,c|fakeddit|robust,_done,5
C,fakeddit_real_lcc,default,-1,pair0-1,ari,0.8731242094588253
C,fakeddit_real_lcc,default,-1,pair0-1,old_same_type,0.6469594594594594
C,fakeddit_real_lcc,default,-1,pair0-1,new_same_share_bin,0.8952702702702703
C,fakeddit_real_lcc,default,-1,pair0-1,new_same_content_agrees,0.8986486486486487
C,fakeddit_real_lcc,default,-1,pair0-1,new_same_flip_content,0.9155405405405406
C,fakeddit_real_lcc,default,-1,pair0-1,new_same_type,0.7837837837837838
C,fakeddit_real_lcc,default,-1,pair0-1,new_same_type_structure,0.8141891891891891
C,fakeddit_real_lcc,default,-1,pair0-1,rule_pred_agreement,0.9966216216216216
C,fakeddit_real_lcc,default,-1,pair0-1,rule_pred_agreement_both_covered,1.0
C,fakeddit_real_lcc,default,-1,pair0-1,rule_threshold_absdiff,0.0
C,fakeddit_real_lcc,default,-1,pair0-1,old_rule_same_dominant,0.8
C,fakeddit_real_lcc,default,-1,pair0-2,ari,0.45006271521255603
C,fakeddit_real_lcc,default,-1,pair0-2,old_same_type,0.6368243243243243
C,fakeddit_real_lcc,default,-1,pair0-2,new_same_share_bin,0.7736486486486487
C,fakeddit_real_lcc,default,-1,pair0-2,new_same_content_agrees,0.7533783783783784
C,fakeddit_real_lcc,default,-1,pair0-2,new_same_flip_content,0.8682432432432432
C,fakeddit_real_lcc,default,-1,pair0-2,new_same_type,0.6047297297297297
C,fakeddit_real_lcc,default,-1,pair0-2,new_same_type_structure,0.6114864864864865
C,fakeddit_real_lcc,default,-1,pair0-2,rule_pred_agreement,0.6858108108108109
C,fakeddit_real_lcc,default,-1,pair0-2,rule_pred_agreement_both_covered,0.6916524701873935
C,fakeddit_real_lcc,default,-1,pair0-2,rule_threshold_absdiff,0.0
C,fakeddit_real_lcc,default,-1,pair0-2,old_rule_same_dominant,0.2
C,fakeddit_real_lcc,default,-1,pair0-3,ari,0.6093793732021039
C,fakeddit_real_lcc,default,-1,pair0-3,old_same_type,0.652027027027027
C,fakeddit_real_lcc,default,-1,pair0-3,new_same_share_bin,0.7956081081081081
C,fakeddit_real_lcc,default,-1,pair0-3,new_same_content_agrees,0.8074324324324325
C,fakeddit_real_lcc,default,-1,pair0-3,new_same_flip_content,0.8783783783783784
C,fakeddit_real_lcc,default,-1,pair0-3,new_same_type,0.660472972972973
C,fakeddit_real_lcc,default,-1,pair0-3,new_same_type_structure,0.668918918918919
C,fakeddit_real_lcc,default,-1,pair0-3,rule_pred_agreement,0.8496621621621622
C,fakeddit_real_lcc,default,-1,pair0-3,rule_pred_agreement_both_covered,0.8539898132427843
C,fakeddit_real_lcc,default,-1,pair0-3,rule_threshold_absdiff,0.0
C,fakeddit_real_lcc,default,-1,pair0-3,old_rule_same_dominant,0.6
C,fakeddit_real_lcc,default,-1,pair0-4,ari,0.8414078219135105
C,fakeddit_real_lcc,default,-1,pair0-4,old_same_type,0.5962837837837838
C,fakeddit_real_lcc,default,-1,pair0-4,new_same_share_bin,0.8192567567567568
C,fakeddit_real_lcc,default,-1,pair0-4,new_same_content_agrees,0.8547297297297297
C,fakeddit_real_lcc,default,-1,pair0-4,new_same_flip_content,0.8969594594594594
C,fakeddit_real_lcc,default,-1,pair0-4,new_same_type,0.6993243243243243
C,fakeddit_real_lcc,default,-1,pair0-4,new_same_type_structure,0.706081081081081
C,fakeddit_real_lcc,default,-1,pair0-4,rule_pred_agreement,0.9983108108108109
C,fakeddit_real_lcc,default,-1,pair0-4,rule_pred_agreement_both_covered,1.0
C,fakeddit_real_lcc,default,-1,pair0-4,rule_threshold_absdiff,0.0
C,fakeddit_real_lcc,default,-1,pair0-4,old_rule_same_dominant,0.8
C,fakeddit_real_lcc,default,-1,pair1-2,ari,0.44731824026744643
C,fakeddit_real_lcc,default,-1,pair1-2,old_same_type,0.6875
C,fakeddit_real_lcc,default,-1,pair1-2,new_same_share_bin,0.8277027027027027
C,fakeddit_real_lcc,default,-1,pair1-2,new_same_content_agrees,0.777027027027027
C,fakeddit_real_lcc,default,-1,pair1-2,new_same_flip_content,0.8918918918918919
C,fakeddit_real_lcc,default,-1,pair1-2,new_same_type,0.6807432432432432
C,fakeddit_real_lcc,default,-1,pair1-2,new_same_type_structure,0.6807432432432432
C,fakeddit_real_lcc,default,-1,pair1-2,rule_pred_agreement,0.6858108108108109
C,fakeddit_real_lcc,default,-1,pair1-2,rule_pred_agreement_both_covered,0.6916524701873935
C,fakeddit_real_lcc,default,-1,pair1-2,rule_threshold_absdiff,0.0
C,fakeddit_real_lcc,default,-1,pair1-2,old_rule_same_dominant,0.0
C,fakeddit_real_lcc,default,-1,pair1-3,ari,0.6339593150978394
C,fakeddit_real_lcc,default,-1,pair1-3,old_same_type,0.6486486486486487
C,fakeddit_real_lcc,default,-1,pair1-3,new_same_share_bin,0.8631756756756757
C,fakeddit_real_lcc,default,-1,pair1-3,new_same_content_agrees,0.8547297297297297
C,fakeddit_real_lcc,default,-1,pair1-3,new_same_flip_content,0.918918918918919
C,fakeddit_real_lcc,default,-1,pair1-3,new_same_type,0.7533783783783784
C,fakeddit_real_lcc,default,-1,pair1-3,new_same_type_structure,0.7533783783783784
C,fakeddit_real_lcc,default,-1,pair1-3,rule_pred_agreement,0.8496621621621622
C,fakeddit_real_lcc,default,-1,pair1-3,rule_pred_agreement_both_covered,0.8539898132427843
C,fakeddit_real_lcc,default,-1,pair1-3,rule_threshold_absdiff,0.0
C,fakeddit_real_lcc,default,-1,pair1-3,old_rule_same_dominant,0.4
C,fakeddit_real_lcc,default,-1,pair1-4,ari,0.8915957018070382
C,fakeddit_real_lcc,default,-1,pair1-4,old_same_type,0.6706081081081081
C,fakeddit_real_lcc,default,-1,pair1-4,new_same_share_bin,0.9003378378378378
C,fakeddit_real_lcc,default,-1,pair1-4,new_same_content_agrees,0.8817567567567568
C,fakeddit_real_lcc,default,-1,pair1-4,new_same_flip_content,0.9510135135135135
C,fakeddit_real_lcc,default,-1,pair1-4,new_same_type,0.7989864864864865
C,fakeddit_real_lcc,default,-1,pair1-4,new_same_type_structure,0.7989864864864865
C,fakeddit_real_lcc,default,-1,pair1-4,rule_pred_agreement,0.9983108108108109
C,fakeddit_real_lcc,default,-1,pair1-4,rule_pred_agreement_both_covered,1.0
C,fakeddit_real_lcc,default,-1,pair1-4,rule_threshold_absdiff,0.0
C,fakeddit_real_lcc,default,-1,pair1-4,old_rule_same_dominant,1.0
C,fakeddit_real_lcc,default,-1,pair2-3,ari,0.5953235693578168
C,fakeddit_real_lcc,default,-1,pair2-3,old_same_type,0.6452702702702703
C,fakeddit_real_lcc,default,-1,pair2-3,new_same_share_bin,0.9037162162162162
C,fakeddit_real_lcc,default,-1,pair2-3,new_same_content_agrees,0.8006756756756757
C,fakeddit_real_lcc,default,-1,pair2-3,new_same_flip_content,0.918918918918919
C,fakeddit_real_lcc,default,-1,pair2-3,new_same_type,0.731418918918919
C,fakeddit_real_lcc,default,-1,pair2-3,new_same_type_structure,0.731418918918919
C,fakeddit_real_lcc,default,-1,pair2-3,rule_pred_agreement,0.8293918918918919
C,fakeddit_real_lcc,default,-1,pair2-3,rule_pred_agreement_both_covered,0.8378839590443686
C,fakeddit_real_lcc,default,-1,pair2-3,rule_threshold_absdiff,0.0
C,fakeddit_real_lcc,default,-1,pair2-3,old_rule_same_dominant,0.6
C,fakeddit_real_lcc,default,-1,pair2-4,ari,0.46603691902644134
C,fakeddit_real_lcc,default,-1,pair2-4,old_same_type,0.6402027027027027
C,fakeddit_real_lcc,default,-1,pair2-4,new_same_share_bin,0.8885135135135135
C,fakeddit_real_lcc,default,-1,pair2-4,new_same_content_agrees,0.7736486486486487
C,fakeddit_real_lcc,default,-1,pair2-4,new_same_flip_content,0.9003378378378378
C,fakeddit_real_lcc,default,-1,pair2-4,new_same_type,0.7043918918918919
C,fakeddit_real_lcc,default,-1,pair2-4,new_same_type_structure,0.7077702702702703
C,fakeddit_real_lcc,default,-1,pair2-4,rule_pred_agreement,0.6875
C,fakeddit_real_lcc,default,-1,pair2-4,rule_pred_agreement_both_covered,0.6921768707482994
C,fakeddit_real_lcc,default,-1,pair2-4,rule_threshold_absdiff,0.0
C,fakeddit_real_lcc,default,-1,pair2-4,old_rule_same_dominant,0.0
C,fakeddit_real_lcc,default,-1,pair3-4,ari,0.652189440106779
C,fakeddit_real_lcc,default,-1,pair3-4,old_same_type,0.6773648648648649
C,fakeddit_real_lcc,default,-1,pair3-4,new_same_share_bin,0.9256756756756757
C,fakeddit_real_lcc,default,-1,pair3-4,new_same_content_agrees,0.8547297297297297
C,fakeddit_real_lcc,default,-1,pair3-4,new_same_flip_content,0.9307432432432432
C,fakeddit_real_lcc,default,-1,pair3-4,new_same_type,0.8158783783783784
C,fakeddit_real_lcc,default,-1,pair3-4,new_same_type_structure,0.8192567567567568
C,fakeddit_real_lcc,default,-1,pair3-4,rule_pred_agreement,0.8513513513513513
C,fakeddit_real_lcc,default,-1,pair3-4,rule_pred_agreement_both_covered,0.8542372881355932
C,fakeddit_real_lcc,default,-1,pair3-4,rule_threshold_absdiff,0.0
C,fakeddit_real_lcc,default,-1,pair3-4,old_rule_same_dominant,0.4
C,fakeddit_real_lcc,default,-1,c|fakeddit_real_lcc|default,_done,5
C,fakeddit_real_lcc,robust,-1,pair0-1,ari,0.9912873129620549
C,fakeddit_real_lcc,robust,-1,pair0-1,old_same_type,0.6469594594594594
C,fakeddit_real_lcc,robust,-1,pair0-1,new_same_share_bin,0.981418918918919
C,fakeddit_real_lcc,robust,-1,pair0-1,new_same_content_agrees,0.9712837837837838
C,fakeddit_real_lcc,robust,-1,pair0-1,new_same_flip_content,0.9915540540540541
C,fakeddit_real_lcc,robust,-1,pair0-1,new_same_type,0.9476351351351351
C,fakeddit_real_lcc,robust,-1,pair0-1,new_same_type_structure,0.9527027027027027
C,fakeddit_real_lcc,robust,-1,pair0-1,rule_pred_agreement,1.0
C,fakeddit_real_lcc,robust,-1,pair0-1,rule_pred_agreement_both_covered,1.0
C,fakeddit_real_lcc,robust,-1,pair0-1,rule_threshold_absdiff,0.0
C,fakeddit_real_lcc,robust,-1,pair0-1,old_rule_same_dominant,0.6
C,fakeddit_real_lcc,robust,-1,pair0-2,ari,0.9836389046906966
C,fakeddit_real_lcc,robust,-1,pair0-2,old_same_type,0.6368243243243243
C,fakeddit_real_lcc,robust,-1,pair0-2,new_same_share_bin,0.9679054054054054
C,fakeddit_real_lcc,robust,-1,pair0-2,new_same_content_agrees,0.964527027027027
C,fakeddit_real_lcc,robust,-1,pair0-2,new_same_flip_content,0.9898648648648649
C,fakeddit_real_lcc,robust,-1,pair0-2,new_same_type,0.9341216216216216
C,fakeddit_real_lcc,robust,-1,pair0-2,new_same_type_structure,0.9358108108108109
C,fakeddit_real_lcc,robust,-1,pair0-2,rule_pred_agreement,1.0
C,fakeddit_real_lcc,robust,-1,pair0-2,rule_pred_agreement_both_covered,1.0
C,fakeddit_real_lcc,robust,-1,pair0-2,rule_threshold_absdiff,0.0
C,fakeddit_real_lcc,robust,-1,pair0-2,old_rule_same_dominant,0.6
C,fakeddit_real_lcc,robust,-1,pair0-3,ari,0.9838893366977073
C,fakeddit_real_lcc,robust,-1,pair0-3,old_same_type,0.652027027027027
C,fakeddit_real_lcc,robust,-1,pair0-3,new_same_share_bin,0.9881756756756757
C,fakeddit_real_lcc,robust,-1,pair0-3,new_same_content_agrees,0.9797297297297297
C,fakeddit_real_lcc,robust,-1,pair0-3,new_same_flip_content,0.9864864864864865
C,fakeddit_real_lcc,robust,-1,pair0-3,new_same_type,0.9611486486486487
C,fakeddit_real_lcc,robust,-1,pair0-3,new_same_type_structure,0.9695945945945946
C,fakeddit_real_lcc,robust,-1,pair0-3,rule_pred_agreement,0.9881756756756757
C,fakeddit_real_lcc,robust,-1,pair0-3,rule_pred_agreement_both_covered,0.9948979591836735
C,fakeddit_real_lcc,robust,-1,pair0-3,rule_threshold_absdiff,0.0
C,fakeddit_real_lcc,robust,-1,pair0-3,old_rule_same_dominant,0.6
C,fakeddit_real_lcc,robust,-1,pair0-4,ari,0.9834236330477995
C,fakeddit_real_lcc,robust,-1,pair0-4,old_same_type,0.5962837837837838
C,fakeddit_real_lcc,robust,-1,pair0-4,new_same_share_bin,0.9780405405405406
C,fakeddit_real_lcc,robust,-1,pair0-4,new_same_content_agrees,0.9712837837837838
C,fakeddit_real_lcc,robust,-1,pair0-4,new_same_flip_content,0.9915540540540541
C,fakeddit_real_lcc,robust,-1,pair0-4,new_same_type,0.9493243243243243
C,fakeddit_real_lcc,robust,-1,pair0-4,new_same_type_structure,0.9510135135135135
C,fakeddit_real_lcc,robust,-1,pair0-4,rule_pred_agreement,1.0
C,fakeddit_real_lcc,robust,-1,pair0-4,rule_pred_agreement_both_covered,1.0
C,fakeddit_real_lcc,robust,-1,pair0-4,rule_threshold_absdiff,0.0
C,fakeddit_real_lcc,robust,-1,pair0-4,old_rule_same_dominant,1.0
C,fakeddit_real_lcc,robust,-1,pair1-2,ari,0.9923663480441638
C,fakeddit_real_lcc,robust,-1,pair1-2,old_same_type,0.6875
C,fakeddit_real_lcc,robust,-1,pair1-2,new_same_share_bin,0.9864864864864865
C,fakeddit_real_lcc,robust,-1,pair1-2,new_same_content_agrees,0.9594594594594594
C,fakeddit_real_lcc,robust,-1,pair1-2,new_same_flip_content,0.9915540540540541
C,fakeddit_real_lcc,robust,-1,pair1-2,new_same_type,0.9459459459459459
C,fakeddit_real_lcc,robust,-1,pair1-2,new_same_type_structure,0.9493243243243243
C,fakeddit_real_lcc,robust,-1,pair1-2,rule_pred_agreement,1.0
C,fakeddit_real_lcc,robust,-1,pair1-2,rule_pred_agreement_both_covered,1.0
C,fakeddit_real_lcc,robust,-1,pair1-2,rule_threshold_absdiff,0.0
C,fakeddit_real_lcc,robust,-1,pair1-2,old_rule_same_dominant,0.6
C,fakeddit_real_lcc,robust,-1,pair1-3,ari,0.983370373034023
C,fakeddit_real_lcc,robust,-1,pair1-3,old_same_type,0.6486486486486487
C,fakeddit_real_lcc,robust,-1,pair1-3,new_same_share_bin,0.9864864864864865
C,fakeddit_real_lcc,robust,-1,pair1-3,new_same_content_agrees,0.964527027027027
C,fakeddit_real_lcc,robust,-1,pair1-3,new_same_flip_content,0.9881756756756757
C,fakeddit_real_lcc,robust,-1,pair1-3,new_same_type,0.9459459459459459
C,fakeddit_real_lcc,robust,-1,pair1-3,new_same_type_structure,0.9527027027027027
C,fakeddit_real_lcc,robust,-1,pair1-3,rule_pred_agreement,0.9881756756756757
C,fakeddit_real_lcc,robust,-1,pair1-3,rule_pred_agreement_both_covered,0.9948979591836735
C,fakeddit_real_lcc,robust,-1,pair1-3,rule_threshold_absdiff,0.0
C,fakeddit_real_lcc,robust,-1,pair1-3,old_rule_same_dominant,0.6
C,fakeddit_real_lcc,robust,-1,pair1-4,ari,0.9920816305182639
C,fakeddit_real_lcc,robust,-1,pair1-4,old_same_type,0.6706081081081081
C,fakeddit_real_lcc,robust,-1,pair1-4,new_same_share_bin,0.9966216216216216
C,fakeddit_real_lcc,robust,-1,pair1-4,new_same_content_agrees,0.9695945945945946
C,fakeddit_real_lcc,robust,-1,pair1-4,new_same_flip_content,0.9898648648648649
C,fakeddit_real_lcc,robust,-1,pair1-4,new_same_type,0.9611486486486487
C,fakeddit_real_lcc,robust,-1,pair1-4,new_same_type_structure,0.9679054054054054
C,fakeddit_real_lcc,robust,-1,pair1-4,rule_pred_agreement,1.0
C,fakeddit_real_lcc,robust,-1,pair1-4,rule_pred_agreement_both_covered,1.0
C,fakeddit_real_lcc,robust,-1,pair1-4,rule_threshold_absdiff,0.0
C,fakeddit_real_lcc,robust,-1,pair1-4,old_rule_same_dominant,0.6
C,fakeddit_real_lcc,robust,-1,pair2-3,ari,0.983213499823892
C,fakeddit_real_lcc,robust,-1,pair2-3,old_same_type,0.6452702702702703
C,fakeddit_real_lcc,robust,-1,pair2-3,new_same_share_bin,0.9763513513513513
C,fakeddit_real_lcc,robust,-1,pair2-3,new_same_content_agrees,0.964527027027027
C,fakeddit_real_lcc,robust,-1,pair2-3,new_same_flip_content,0.9932432432432432
C,fakeddit_real_lcc,robust,-1,pair2-3,new_same_type,0.9375
C,fakeddit_real_lcc,robust,-1,pair2-3,new_same_type_structure,0.9425675675675675
C,fakeddit_real_lcc,robust,-1,pair2-3,rule_pred_agreement,0.9881756756756757
C,fakeddit_real_lcc,robust,-1,pair2-3,rule_pred_agreement_both_covered,0.9948979591836735
C,fakeddit_real_lcc,robust,-1,pair2-3,rule_threshold_absdiff,0.0
C,fakeddit_real_lcc,robust,-1,pair2-3,old_rule_same_dominant,0.6
C,fakeddit_real_lcc,robust,-1,pair2-4,ari,0.9919420441267639
C,fakeddit_real_lcc,robust,-1,pair2-4,old_same_type,0.6402027027027027
C,fakeddit_real_lcc,robust,-1,pair2-4,new_same_share_bin,0.9864864864864865
C,fakeddit_real_lcc,robust,-1,pair2-4,new_same_content_agrees,0.9628378378378378
C,fakeddit_real_lcc,robust,-1,pair2-4,new_same_flip_content,0.9915540540540541
C,fakeddit_real_lcc,robust,-1,pair2-4,new_same_type,0.9442567567567568
C,fakeddit_real_lcc,robust,-1,pair2-4,new_same_type_structure,0.9510135135135135
C,fakeddit_real_lcc,robust,-1,pair2-4,rule_pred_agreement,1.0
C,fakeddit_real_lcc,robust,-1,pair2-4,rule_pred_agreement_both_covered,1.0
C,fakeddit_real_lcc,robust,-1,pair2-4,rule_threshold_absdiff,0.0
C,fakeddit_real_lcc,robust,-1,pair2-4,old_rule_same_dominant,0.6
C,fakeddit_real_lcc,robust,-1,pair3-4,ari,0.9912496132662768
C,fakeddit_real_lcc,robust,-1,pair3-4,old_same_type,0.6773648648648649
C,fakeddit_real_lcc,robust,-1,pair3-4,new_same_share_bin,0.9898648648648649
C,fakeddit_real_lcc,robust,-1,pair3-4,new_same_content_agrees,0.964527027027027
C,fakeddit_real_lcc,robust,-1,pair3-4,new_same_flip_content,0.9915540540540541
C,fakeddit_real_lcc,robust,-1,pair3-4,new_same_type,0.9510135135135135
C,fakeddit_real_lcc,robust,-1,pair3-4,new_same_type_structure,0.9543918918918919
C,fakeddit_real_lcc,robust,-1,pair3-4,rule_pred_agreement,0.9881756756756757
C,fakeddit_real_lcc,robust,-1,pair3-4,rule_pred_agreement_both_covered,0.9948979591836735
C,fakeddit_real_lcc,robust,-1,pair3-4,rule_threshold_absdiff,0.0
C,fakeddit_real_lcc,robust,-1,pair3-4,old_rule_same_dominant,0.6
C,fakeddit_real_lcc,robust,-1,c|fakeddit_real_lcc|robust,_done,5
C,pheme,default,-1,pair0-1,ari,0.16654576881833322
C,pheme,default,-1,pair0-1,old_same_type,1.0
C,pheme,default,-1,pair0-1,new_same_share_bin,0.992
C,pheme,default,-1,pair0-1,new_same_content_agrees,0.9765
C,pheme,default,-1,pair0-1,new_same_flip_content,0.9935
C,pheme,default,-1,pair0-1,new_same_type,0.968
C,pheme,default,-1,pair0-1,new_same_type_structure,0.9695
C,pheme,default,-1,pair0-1,rule_pred_agreement,0.349
C,pheme,default,-1,pair0-1,rule_pred_agreement_both_covered,0.33487654320987653
C,pheme,default,-1,pair0-1,rule_threshold_absdiff,0.0
C,pheme,default,-1,pair0-1,old_rule_same_dominant,0.0
C,pheme,default,-1,pair0-2,ari,0.14562911098301076
C,pheme,default,-1,pair0-2,old_same_type,1.0
C,pheme,default,-1,pair0-2,new_same_share_bin,0.9845
C,pheme,default,-1,pair0-2,new_same_content_agrees,0.9505
C,pheme,default,-1,pair0-2,new_same_flip_content,0.99
C,pheme,default,-1,pair0-2,new_same_type,0.936
C,pheme,default,-1,pair0-2,new_same_type_structure,0.9385
C,pheme,default,-1,pair0-2,rule_pred_agreement,0.3195
C,pheme,default,-1,pair0-2,rule_pred_agreement_both_covered,0.3047962867457452
C,pheme,default,-1,pair0-2,rule_threshold_absdiff,0.0
C,pheme,default,-1,pair0-2,old_rule_same_dominant,0.0
C,pheme,default,-1,pair0-3,ari,0.12128849431475963
C,pheme,default,-1,pair0-3,old_same_type,1.0
C,pheme,default,-1,pair0-3,new_same_share_bin,0.986
C,pheme,default,-1,pair0-3,new_same_content_agrees,0.895
C,pheme,default,-1,pair0-3,new_same_flip_content,0.9855
C,pheme,default,-1,pair0-3,new_same_type,0.875
C,pheme,default,-1,pair0-3,new_same_type_structure,0.883
C,pheme,default,-1,pair0-3,rule_pred_agreement,0.298
C,pheme,default,-1,pair0-3,rule_pred_agreement_both_covered,0.2845360824742268
C,pheme,default,-1,pair0-3,rule_threshold_absdiff,0.0
C,pheme,default,-1,pair0-3,old_rule_same_dominant,0.0
C,pheme,default,-1,pair0-4,ari,0.14416842934629315
C,pheme,default,-1,pair0-4,old_same_type,1.0
C,pheme,default,-1,pair0-4,new_same_share_bin,0.981
C,pheme,default,-1,pair0-4,new_same_content_agrees,0.931
C,pheme,default,-1,pair0-4,new_same_flip_content,0.9875
C,pheme,default,-1,pair0-4,new_same_type,0.913
C,pheme,default,-1,pair0-4,new_same_type_structure,0.917
C,pheme,default,-1,pair0-4,rule_pred_agreement,0.3555
C,pheme,default,-1,pair0-4,rule_pred_agreement_both_covered,0.3408740359897172
C,pheme,default,-1,pair0-4,rule_threshold_absdiff,0.03333333333333333
C,pheme,default,-1,pair0-4,old_rule_same_dominant,0.0
C,pheme,default,-1,pair1-2,ari,0.17376205879477893
C,pheme,default,-1,pair1-2,old_same_type,1.0
C,pheme,default,-1,pair1-2,new_same_share_bin,0.982
C,pheme,default,-1,pair1-2,new_same_content_agrees,0.969
C,pheme,default,-1,pair1-2,new_same_flip_content,0.9865
C,pheme,default,-1,pair1-2,new_same_type,0.9505
C,pheme,default,-1,pair1-2,new_same_type_structure,0.9545
C,pheme,default,-1,pair1-2,rule_pred_agreement,0.352
C,pheme,default,-1,pair1-2,rule_pred_agreement_both_covered,0.33918430562725865
C,pheme,default,-1,pair1-2,rule_threshold_absdiff,0.0
C,pheme,default,-1,pair1-2,old_rule_same_dominant,0.0
C,pheme,default,-1,pair1-3,ari,0.13316008357205758
C,pheme,default,-1,pair1-3,old_same_type,1.0
C,pheme,default,-1,pair1-3,new_same_share_bin,0.99
C,pheme,default,-1,pair1-3,new_same_content_agrees,0.9115
C,pheme,default,-1,pair1-3,new_same_flip_content,0.988
C,pheme,default,-1,pair1-3,new_same_type,0.895
C,pheme,default,-1,pair1-3,new_same_type_structure,0.903
C,pheme,default,-1,pair1-3,rule_pred_agreement,0.312
C,pheme,default,-1,pair1-3,rule_pred_agreement_both_covered,0.29778464708912933
C,pheme,default,-1,pair1-3,rule_threshold_absdiff,0.0
C,pheme,default,-1,pair1-3,old_rule_same_dominant,0.0
C,pheme,default,-1,pair1-4,ari,0.11993156079866145
C,pheme,default,-1,pair1-4,old_same_type,1.0
C,pheme,default,-1,pair1-4,new_same_share_bin,0.9785
C,pheme,default,-1,pair1-4,new_same_content_agrees,0.9295
C,pheme,default,-1,pair1-4,new_same_flip_content,0.984
C,pheme,default,-1,pair1-4,new_same_type,0.9075
C,pheme,default,-1,pair1-4,new_same_type_structure,0.913
C,pheme,default,-1,pair1-4,rule_pred_agreement,0.327
C,pheme,default,-1,pair1-4,rule_pred_agreement_both_covered,0.31240349974266596
C,pheme,default,-1,pair1-4,rule_threshold_absdiff,0.0
C,pheme,default,-1,pair1-4,old_rule_same_dominant,0.0
C,pheme,default,-1,pair2-3,ari,0.15480466953048883
C,pheme,default,-1,pair2-3,old_same_type,1.0
C,pheme,default,-1,pair2-3,new_same_share_bin,0.978
C,pheme,default,-1,pair2-3,new_same_content_agrees,0.9335
C,pheme,default,-1,pair2-3,new_same_flip_content,0.9785
C,pheme,default,-1,pair2-3,new_same_type,0.908
C,pheme,default,-1,pair2-3,new_same_type_structure,0.9185
C,pheme,default,-1,pair2-3,rule_pred_agreement,0.3335
C,pheme,default,-1,pair2-3,rule_pred_agreement_both_covered,0.3209302325581395
C,pheme,default,-1,pair2-3,rule_threshold_absdiff,0.0
C,pheme,default,-1,pair2-3,old_rule_same_dominant,1.0
C,pheme,default,-1,pair2-4,ari,0.14912431844060392
C,pheme,default,-1,pair2-4,old_same_type,1.0
C,pheme,default,-1,pair2-4,new_same_share_bin,0.9745
C,pheme,default,-1,pair2-4,new_same_content_agrees,0.9385
C,pheme,default,-1,pair2-4,new_same_flip_content,0.9805
C,pheme,default,-1,pair2-4,new_same_type,0.913
C,pheme,default,-1,pair2-4,new_same_type_structure,0.92
C,pheme,default,-1,pair2-4,rule_pred_agreement,0.334
C,pheme,default,-1,pair2-4,rule_pred_agreement_both_covered,0.3185567010309278
C,pheme,default,-1,pair2-4,rule_threshold_absdiff,0.03333333333333333
C,pheme,default,-1,pair2-4,old_rule_same_dominant,0.0
C,pheme,default,-1,pair3-4,ari,0.13033874872045983
C,pheme,default,-1,pair3-4,old_same_type,1.0
C,pheme,default,-1,pair3-4,new_same_share_bin,0.976
C,pheme,default,-1,pair3-4,new_same_content_agrees,0.938
C,pheme,default,-1,pair3-4,new_same_flip_content,0.976
C,pheme,default,-1,pair3-4,new_same_type,0.908
C,pheme,default,-1,pair3-4,new_same_type_structure,0.9205
C,pheme,default,-1,pair3-4,rule_pred_agreement,0.319
C,pheme,default,-1,pair3-4,rule_pred_agreement_both_covered,0.3043254376930999
C,pheme,default,-1,pair3-4,rule_threshold_absdiff,0.03333333333333333
C,pheme,default,-1,pair3-4,old_rule_same_dominant,0.0
C,pheme,default,-1,c|pheme|default,_done,5
C,pheme,robust,-1,pair0-1,ari,0.14715987694526775
C,pheme,robust,-1,pair0-1,old_same_type,1.0
C,pheme,robust,-1,pair0-1,new_same_share_bin,0.968
C,pheme,robust,-1,pair0-1,new_same_content_agrees,0.954
C,pheme,robust,-1,pair0-1,new_same_flip_content,0.968
C,pheme,robust,-1,pair0-1,new_same_type,0.907
C,pheme,robust,-1,pair0-1,new_same_type_structure,0.924
C,pheme,robust,-1,pair0-1,rule_pred_agreement,0.3395
C,pheme,robust,-1,pair0-1,rule_pred_agreement_both_covered,0.3277922077922078
C,pheme,robust,-1,pair0-1,rule_threshold_absdiff,0.0
C,pheme,robust,-1,pair0-1,old_rule_same_dominant,0.0
C,pheme,robust,-1,pair0-2,ari,0.18120306503290493
C,pheme,robust,-1,pair0-2,old_same_type,1.0
C,pheme,robust,-1,pair0-2,new_same_share_bin,0.9705
C,pheme,robust,-1,pair0-2,new_same_content_agrees,0.9725
C,pheme,robust,-1,pair0-2,new_same_flip_content,0.9805
C,pheme,robust,-1,pair0-2,new_same_type,0.9435
C,pheme,robust,-1,pair0-2,new_same_type_structure,0.9485
C,pheme,robust,-1,pair0-2,rule_pred_agreement,0.3655
C,pheme,robust,-1,pair0-2,rule_pred_agreement_both_covered,0.3538860103626943
C,pheme,robust,-1,pair0-2,rule_threshold_absdiff,0.012500000000000004
C,pheme,robust,-1,pair0-2,old_rule_same_dominant,0.0
C,pheme,robust,-1,pair0-3,ari,0.16074383642168927
C,pheme,robust,-1,pair0-3,old_same_type,1.0
C,pheme,robust,-1,pair0-3,new_same_share_bin,0.982
C,pheme,robust,-1,pair0-3,new_same_content_agrees,0.9255
C,pheme,robust,-1,pair0-3,new_same_flip_content,0.9815
C,pheme,robust,-1,pair0-3,new_same_type,0.9035
C,pheme,robust,-1,pair0-3,new_same_type_structure,0.9135
C,pheme,robust,-1,pair0-3,rule_pred_agreement,0.372
C,pheme,robust,-1,pair0-3,rule_pred_agreement_both_covered,0.35960844925296237
C,pheme,robust,-1,pair0-3,rule_threshold_absdiff,0.0
C,pheme,robust,-1,pair0-3,old_rule_same_dominant,0.0
C,pheme,robust,-1,pair0-4,ari,0.16405702641388445
C,pheme,robust,-1,pair0-4,old_same_type,1.0
C,pheme,robust,-1,pair0-4,new_same_share_bin,0.987
C,pheme,robust,-1,pair0-4,new_same_content_agrees,0.9415
C,pheme,robust,-1,pair0-4,new_same_flip_content,0.987
C,pheme,robust,-1,pair0-4,new_same_type,0.9355
C,pheme,robust,-1,pair0-4,new_same_type_structure,0.9355
C,pheme,robust,-1,pair0-4,rule_pred_agreement,0.35
C,pheme,robust,-1,pair0-4,rule_pred_agreement_both_covered,0.33729338842975204
C,pheme,robust,-1,pair0-4,rule_threshold_absdiff,0.012500000000000004
C,pheme,robust,-1,pair0-4,old_rule_same_dominant,0.0
C,pheme,robust,-1,pair1-2,ari,0.1584864398698077
C,pheme,robust,-1,pair1-2,old_same_type,1.0
C,pheme,robust,-1,pair1-2,new_same_share_bin,0.948
C,pheme,robust,-1,pair1-2,new_same_content_agrees,0.9495
C,pheme,robust,-1,pair1-2,new_same_flip_content,0.9575
C,pheme,robust,-1,pair1-2,new_same_type,0.8835
C,pheme,robust,-1,pair1-2,new_same_type_structure,0.903
C,pheme,robust,-1,pair1-2,rule_pred_agreement,0.354
C,pheme,robust,-1,pair1-2,rule_pred_agreement_both_covered,0.34464751958224543
C,pheme,robust,-1,pair1-2,rule_threshold_absdiff,0.012500000000000004
C,pheme,robust,-1,pair1-2,old_rule_same_dominant,0.0
C,pheme,robust,-1,pair1-3,ari,0.11716263829716757
C,pheme,robust,-1,pair1-3,old_same_type,1.0
C,pheme,robust,-1,pair1-3,new_same_share_bin,0.96
C,pheme,robust,-1,pair1-3,new_same_content_agrees,0.9235
C,pheme,robust,-1,pair1-3,new_same_flip_content,0.9655
C,pheme,robust,-1,pair1-3,new_same_type,0.8775
C,pheme,robust,-1,pair1-3,new_same_type_structure,0.8905
C,pheme,robust,-1,pair1-3,rule_pred_agreement,0.323
C,pheme,robust,-1,pair1-3,rule_pred_agreement_both_covered,0.3115264797507788
C,pheme,robust,-1,pair1-3,rule_threshold_absdiff,0.0
C,pheme,robust,-1,pair1-3,old_rule_same_dominant,0.0
C,pheme,robust,-1,pair1-4,ari,0.13554679565092556
C,pheme,robust,-1,pair1-4,old_same_type,1.0
C,pheme,robust,-1,pair1-4,new_same_share_bin,0.961
C,pheme,robust,-1,pair1-4,new_same_content_agrees,0.9395
C,pheme,robust,-1,pair1-4,new_same_flip_content,0.97
C,pheme,robust,-1,pair1-4,new_same_type,0.898
C,pheme,robust,-1,pair1-4,new_same_type_structure,0.909
C,pheme,robust,-1,pair1-4,rule_pred_agreement,0.328
C,pheme,robust,-1,pair1-4,rule_pred_agreement_both_covered,0.3183949973944763
C,pheme,robust,-1,pair1-4,rule_threshold_absdiff,0.0
C,pheme,robust,-1,pair1-4,old_rule_same_dominant,0.0
C,pheme,robust,-1,pair2-3,ari,0.1309823449183914
C,pheme,robust,-1,pair2-3,old_same_type,1.0
C,pheme,robust,-1,pair2-3,new_same_share_bin,0.9625
C,pheme,robust,-1,pair2-3,new_same_content_agrees,0.926
C,pheme,robust,-1,pair2-3,new_same_flip_content,0.971
C,pheme,robust,-1,pair2-3,new_same_type,0.8845
C,pheme,robust,-1,pair2-3,new_same_type_structure,0.896
C,pheme,robust,-1,pair2-3,rule_pred_agreement,0.329
C,pheme,robust,-1,pair2-3,rule_pred_agreement_both_covered,0.3162525879917184
C,pheme,robust,-1,pair2-3,rule_threshold_absdiff,0.012500000000000004
C,pheme,robust,-1,pair2-3,old_rule_same_dominant,0.0
C,pheme,robust,-1,pair2-4,ari,0.15778113072699432
C,pheme,robust,-1,pair2-4,old_same_type,1.0
C,pheme,robust,-1,pair2-4,new_same_share_bin,0.9665
C,pheme,robust,-1,pair2-4,new_same_content_agrees,0.943
C,pheme,robust,-1,pair2-4,new_same_flip_content,0.9755
C,pheme,robust,-1,pair2-4,new_same_type,0.916
C,pheme,robust,-1,pair2-4,new_same_type_structure,0.92
C,pheme,robust,-1,pair2-4,rule_pred_agreement,0.371
C,pheme,robust,-1,pair2-4,rule_pred_agreement_both_covered,0.3601453035806954
C,pheme,robust,-1,pair2-4,rule_threshold_absdiff,0.0
C,pheme,robust,-1,pair2-4,old_rule_same_dominant,0.0
C,pheme,robust,-1,pair3-4,ari,0.12996581417584707
C,pheme,robust,-1,pair3-4,old_same_type,1.0
C,pheme,robust,-1,pair3-4,new_same_share_bin,0.977
C,pheme,robust,-1,pair3-4,new_same_content_agrees,0.908
C,pheme,robust,-1,pair3-4,new_same_flip_content,0.9835
C,pheme,robust,-1,pair3-4,new_same_type,0.894
C,pheme,robust,-1,pair3-4,new_same_type_structure,0.897
C,pheme,robust,-1,pair3-4,rule_pred_agreement,0.334
C,pheme,robust,-1,pair3-4,rule_pred_agreement_both_covered,0.3216313887454827
C,pheme,robust,-1,pair3-4,rule_threshold_absdiff,0.0
C,pheme,robust,-1,pair3-4,old_rule_same_dominant,0.0
C,pheme,robust,-1,c|pheme|robust,_done,5
C,dblp,default,-1,pair0-1,ari,1.0
C,dblp,default,-1,pair0-1,old_same_type,1.0
C,dblp,default,-1,pair0-1,new_same_share_bin,1.0
C,dblp,default,-1,pair0-1,new_same_content_agrees,1.0
C,dblp,default,-1,pair0-1,new_same_flip_content,1.0
C,dblp,default,-1,pair0-1,new_same_type,1.0
C,dblp,default,-1,pair0-1,new_same_type_structure,1.0
C,dblp,default,-1,pair0-1,rule_pred_agreement,1.0
C,dblp,default,-1,pair0-1,rule_pred_agreement_both_covered,1.0
C,dblp,default,-1,pair0-1,rule_threshold_absdiff,0.0
C,dblp,default,-1,pair0-1,old_rule_same_dominant,1.0
C,dblp,default,-1,pair0-2,ari,1.0
C,dblp,default,-1,pair0-2,old_same_type,1.0
C,dblp,default,-1,pair0-2,new_same_share_bin,1.0
C,dblp,default,-1,pair0-2,new_same_content_agrees,1.0
C,dblp,default,-1,pair0-2,new_same_flip_content,1.0
C,dblp,default,-1,pair0-2,new_same_type,1.0
C,dblp,default,-1,pair0-2,new_same_type_structure,1.0
C,dblp,default,-1,pair0-2,rule_pred_agreement,1.0
C,dblp,default,-1,pair0-2,rule_pred_agreement_both_covered,1.0
C,dblp,default,-1,pair0-2,rule_threshold_absdiff,0.0
C,dblp,default,-1,pair0-2,old_rule_same_dominant,1.0
C,dblp,default,-1,pair0-3,ari,0.9101109114703035
C,dblp,default,-1,pair0-3,old_same_type,1.0
C,dblp,default,-1,pair0-3,new_same_share_bin,0.9897388059701493
C,dblp,default,-1,pair0-3,new_same_content_agrees,1.0
C,dblp,default,-1,pair0-3,new_same_flip_content,1.0
C,dblp,default,-1,pair0-3,new_same_type,0.9897388059701493
C,dblp,default,-1,pair0-3,new_same_type_structure,0.9897388059701493
C,dblp,default,-1,pair0-3,rule_pred_agreement,0.9319029850746269
C,dblp,default,-1,pair0-3,rule_pred_agreement_both_covered,0.9369708372530574
C,dblp,default,-1,pair0-3,rule_threshold_absdiff,0.0
C,dblp,default,-1,pair0-3,old_rule_same_dominant,1.0
C,dblp,default,-1,pair0-4,ari,0.8628547426954557
C,dblp,default,-1,pair0-4,old_same_type,1.0
C,dblp,default,-1,pair0-4,new_same_share_bin,0.9832089552238806
C,dblp,default,-1,pair0-4,new_same_content_agrees,1.0
C,dblp,default,-1,pair0-4,new_same_flip_content,1.0
C,dblp,default,-1,pair0-4,new_same_type,0.9832089552238806
C,dblp,default,-1,pair0-4,new_same_type_structure,0.9832089552238806
C,dblp,default,-1,pair0-4,rule_pred_agreement,0.8852611940298507
C,dblp,default,-1,pair0-4,rule_pred_agreement_both_covered,0.8924528301886793
C,dblp,default,-1,pair0-4,rule_threshold_absdiff,0.0
C,dblp,default,-1,pair0-4,old_rule_same_dominant,1.0
C,dblp,default,-1,pair1-2,ari,1.0
C,dblp,default,-1,pair1-2,old_same_type,1.0
C,dblp,default,-1,pair1-2,new_same_share_bin,1.0
C,dblp,default,-1,pair1-2,new_same_content_agrees,1.0
C,dblp,default,-1,pair1-2,new_same_flip_content,1.0
C,dblp,default,-1,pair1-2,new_same_type,1.0
C,dblp,default,-1,pair1-2,new_same_type_structure,1.0
C,dblp,default,-1,pair1-2,rule_pred_agreement,1.0
C,dblp,default,-1,pair1-2,rule_pred_agreement_both_covered,1.0
C,dblp,default,-1,pair1-2,rule_threshold_absdiff,0.0
C,dblp,default,-1,pair1-2,old_rule_same_dominant,1.0
C,dblp,default,-1,pair1-3,ari,0.9101109114703035
C,dblp,default,-1,pair1-3,old_same_type,1.0
C,dblp,default,-1,pair1-3,new_same_share_bin,0.9897388059701493
C,dblp,default,-1,pair1-3,new_same_content_agrees,1.0
C,dblp,default,-1,pair1-3,new_same_flip_content,1.0
C,dblp,default,-1,pair1-3,new_same_type,0.9897388059701493
C,dblp,default,-1,pair1-3,new_same_type_structure,0.9897388059701493
C,dblp,default,-1,pair1-3,rule_pred_agreement,0.9319029850746269
C,dblp,default,-1,pair1-3,rule_pred_agreement_both_covered,0.9369708372530574
C,dblp,default,-1,pair1-3,rule_threshold_absdiff,0.0
C,dblp,default,-1,pair1-3,old_rule_same_dominant,1.0
C,dblp,default,-1,pair1-4,ari,0.8628547426954557
C,dblp,default,-1,pair1-4,old_same_type,1.0
C,dblp,default,-1,pair1-4,new_same_share_bin,0.9832089552238806
C,dblp,default,-1,pair1-4,new_same_content_agrees,1.0
C,dblp,default,-1,pair1-4,new_same_flip_content,1.0
C,dblp,default,-1,pair1-4,new_same_type,0.9832089552238806
C,dblp,default,-1,pair1-4,new_same_type_structure,0.9832089552238806
C,dblp,default,-1,pair1-4,rule_pred_agreement,0.8852611940298507
C,dblp,default,-1,pair1-4,rule_pred_agreement_both_covered,0.8924528301886793
C,dblp,default,-1,pair1-4,rule_threshold_absdiff,0.0
C,dblp,default,-1,pair1-4,old_rule_same_dominant,1.0
C,dblp,default,-1,pair2-3,ari,0.9101109114703035
C,dblp,default,-1,pair2-3,old_same_type,1.0
C,dblp,default,-1,pair2-3,new_same_share_bin,0.9897388059701493
C,dblp,default,-1,pair2-3,new_same_content_agrees,1.0
C,dblp,default,-1,pair2-3,new_same_flip_content,1.0
C,dblp,default,-1,pair2-3,new_same_type,0.9897388059701493
C,dblp,default,-1,pair2-3,new_same_type_structure,0.9897388059701493
C,dblp,default,-1,pair2-3,rule_pred_agreement,0.9319029850746269
C,dblp,default,-1,pair2-3,rule_pred_agreement_both_covered,0.9369708372530574
C,dblp,default,-1,pair2-3,rule_threshold_absdiff,0.0
C,dblp,default,-1,pair2-3,old_rule_same_dominant,1.0
C,dblp,default,-1,pair2-4,ari,0.8628547426954557
C,dblp,default,-1,pair2-4,old_same_type,1.0
C,dblp,default,-1,pair2-4,new_same_share_bin,0.9832089552238806
C,dblp,default,-1,pair2-4,new_same_content_agrees,1.0
C,dblp,default,-1,pair2-4,new_same_flip_content,1.0
C,dblp,default,-1,pair2-4,new_same_type,0.9832089552238806
C,dblp,default,-1,pair2-4,new_same_type_structure,0.9832089552238806
C,dblp,default,-1,pair2-4,rule_pred_agreement,0.8852611940298507
C,dblp,default,-1,pair2-4,rule_pred_agreement_both_covered,0.8924528301886793
C,dblp,default,-1,pair2-4,rule_threshold_absdiff,0.0
C,dblp,default,-1,pair2-4,old_rule_same_dominant,1.0
C,dblp,default,-1,pair3-4,ari,0.8567484137151887
C,dblp,default,-1,pair3-4,old_same_type,1.0
C,dblp,default,-1,pair3-4,new_same_share_bin,0.976679104477612
C,dblp,default,-1,pair3-4,new_same_content_agrees,1.0
C,dblp,default,-1,pair3-4,new_same_flip_content,1.0
C,dblp,default,-1,pair3-4,new_same_type,0.976679104477612
C,dblp,default,-1,pair3-4,new_same_type_structure,0.976679104477612
C,dblp,default,-1,pair3-4,rule_pred_agreement,0.875
C,dblp,default,-1,pair3-4,rule_pred_agreement_both_covered,0.8838526912181303
C,dblp,default,-1,pair3-4,rule_threshold_absdiff,0.0
C,dblp,default,-1,pair3-4,old_rule_same_dominant,1.0
C,dblp,default,-1,c|dblp|default,_done,5
C,dblp,robust,-1,pair0-1,ari,1.0
C,dblp,robust,-1,pair0-1,old_same_type,1.0
C,dblp,robust,-1,pair0-1,new_same_share_bin,1.0
C,dblp,robust,-1,pair0-1,new_same_content_agrees,1.0
C,dblp,robust,-1,pair0-1,new_same_flip_content,1.0
C,dblp,robust,-1,pair0-1,new_same_type,1.0
C,dblp,robust,-1,pair0-1,new_same_type_structure,1.0
C,dblp,robust,-1,pair0-1,rule_pred_agreement,1.0
C,dblp,robust,-1,pair0-1,rule_pred_agreement_both_covered,1.0
C,dblp,robust,-1,pair0-1,rule_threshold_absdiff,0.0
C,dblp,robust,-1,pair0-1,old_rule_same_dominant,1.0
C,dblp,robust,-1,pair0-2,ari,1.0
C,dblp,robust,-1,pair0-2,old_same_type,1.0
C,dblp,robust,-1,pair0-2,new_same_share_bin,1.0
C,dblp,robust,-1,pair0-2,new_same_content_agrees,1.0
C,dblp,robust,-1,pair0-2,new_same_flip_content,1.0
C,dblp,robust,-1,pair0-2,new_same_type,1.0
C,dblp,robust,-1,pair0-2,new_same_type_structure,1.0
C,dblp,robust,-1,pair0-2,rule_pred_agreement,1.0
C,dblp,robust,-1,pair0-2,rule_pred_agreement_both_covered,1.0
C,dblp,robust,-1,pair0-2,rule_threshold_absdiff,0.0
C,dblp,robust,-1,pair0-2,old_rule_same_dominant,1.0
C,dblp,robust,-1,pair0-3,ari,1.0
C,dblp,robust,-1,pair0-3,old_same_type,1.0
C,dblp,robust,-1,pair0-3,new_same_share_bin,1.0
C,dblp,robust,-1,pair0-3,new_same_content_agrees,1.0
C,dblp,robust,-1,pair0-3,new_same_flip_content,1.0
C,dblp,robust,-1,pair0-3,new_same_type,1.0
C,dblp,robust,-1,pair0-3,new_same_type_structure,1.0
C,dblp,robust,-1,pair0-3,rule_pred_agreement,1.0
C,dblp,robust,-1,pair0-3,rule_pred_agreement_both_covered,1.0
C,dblp,robust,-1,pair0-3,rule_threshold_absdiff,0.0
C,dblp,robust,-1,pair0-3,old_rule_same_dominant,1.0
C,dblp,robust,-1,pair0-4,ari,1.0
C,dblp,robust,-1,pair0-4,old_same_type,1.0
C,dblp,robust,-1,pair0-4,new_same_share_bin,1.0
C,dblp,robust,-1,pair0-4,new_same_content_agrees,1.0
C,dblp,robust,-1,pair0-4,new_same_flip_content,1.0
C,dblp,robust,-1,pair0-4,new_same_type,1.0
C,dblp,robust,-1,pair0-4,new_same_type_structure,1.0
C,dblp,robust,-1,pair0-4,rule_pred_agreement,1.0
C,dblp,robust,-1,pair0-4,rule_pred_agreement_both_covered,1.0
C,dblp,robust,-1,pair0-4,rule_threshold_absdiff,0.0
C,dblp,robust,-1,pair0-4,old_rule_same_dominant,1.0
C,dblp,robust,-1,pair1-2,ari,1.0
C,dblp,robust,-1,pair1-2,old_same_type,1.0
C,dblp,robust,-1,pair1-2,new_same_share_bin,1.0
C,dblp,robust,-1,pair1-2,new_same_content_agrees,1.0
C,dblp,robust,-1,pair1-2,new_same_flip_content,1.0
C,dblp,robust,-1,pair1-2,new_same_type,1.0
C,dblp,robust,-1,pair1-2,new_same_type_structure,1.0
C,dblp,robust,-1,pair1-2,rule_pred_agreement,1.0
C,dblp,robust,-1,pair1-2,rule_pred_agreement_both_covered,1.0
C,dblp,robust,-1,pair1-2,rule_threshold_absdiff,0.0
C,dblp,robust,-1,pair1-2,old_rule_same_dominant,1.0
C,dblp,robust,-1,pair1-3,ari,1.0
C,dblp,robust,-1,pair1-3,old_same_type,1.0
C,dblp,robust,-1,pair1-3,new_same_share_bin,1.0
C,dblp,robust,-1,pair1-3,new_same_content_agrees,1.0
C,dblp,robust,-1,pair1-3,new_same_flip_content,1.0
C,dblp,robust,-1,pair1-3,new_same_type,1.0
C,dblp,robust,-1,pair1-3,new_same_type_structure,1.0
C,dblp,robust,-1,pair1-3,rule_pred_agreement,1.0
C,dblp,robust,-1,pair1-3,rule_pred_agreement_both_covered,1.0
C,dblp,robust,-1,pair1-3,rule_threshold_absdiff,0.0
C,dblp,robust,-1,pair1-3,old_rule_same_dominant,1.0
C,dblp,robust,-1,pair1-4,ari,1.0
C,dblp,robust,-1,pair1-4,old_same_type,1.0
C,dblp,robust,-1,pair1-4,new_same_share_bin,1.0
C,dblp,robust,-1,pair1-4,new_same_content_agrees,1.0
C,dblp,robust,-1,pair1-4,new_same_flip_content,1.0
C,dblp,robust,-1,pair1-4,new_same_type,1.0
C,dblp,robust,-1,pair1-4,new_same_type_structure,1.0
C,dblp,robust,-1,pair1-4,rule_pred_agreement,1.0
C,dblp,robust,-1,pair1-4,rule_pred_agreement_both_covered,1.0
C,dblp,robust,-1,pair1-4,rule_threshold_absdiff,0.0
C,dblp,robust,-1,pair1-4,old_rule_same_dominant,1.0
C,dblp,robust,-1,pair2-3,ari,1.0
C,dblp,robust,-1,pair2-3,old_same_type,1.0
C,dblp,robust,-1,pair2-3,new_same_share_bin,1.0
C,dblp,robust,-1,pair2-3,new_same_content_agrees,1.0
C,dblp,robust,-1,pair2-3,new_same_flip_content,1.0
C,dblp,robust,-1,pair2-3,new_same_type,1.0
C,dblp,robust,-1,pair2-3,new_same_type_structure,1.0
C,dblp,robust,-1,pair2-3,rule_pred_agreement,1.0
C,dblp,robust,-1,pair2-3,rule_pred_agreement_both_covered,1.0
C,dblp,robust,-1,pair2-3,rule_threshold_absdiff,0.0
C,dblp,robust,-1,pair2-3,old_rule_same_dominant,1.0
C,dblp,robust,-1,pair2-4,ari,1.0
C,dblp,robust,-1,pair2-4,old_same_type,1.0
C,dblp,robust,-1,pair2-4,new_same_share_bin,1.0
C,dblp,robust,-1,pair2-4,new_same_content_agrees,1.0
C,dblp,robust,-1,pair2-4,new_same_flip_content,1.0
C,dblp,robust,-1,pair2-4,new_same_type,1.0
C,dblp,robust,-1,pair2-4,new_same_type_structure,1.0
C,dblp,robust,-1,pair2-4,rule_pred_agreement,1.0
C,dblp,robust,-1,pair2-4,rule_pred_agreement_both_covered,1.0
C,dblp,robust,-1,pair2-4,rule_threshold_absdiff,0.0
C,dblp,robust,-1,pair2-4,old_rule_same_dominant,1.0
C,dblp,robust,-1,pair3-4,ari,1.0
C,dblp,robust,-1,pair3-4,old_same_type,1.0
C,dblp,robust,-1,pair3-4,new_same_share_bin,1.0
C,dblp,robust,-1,pair3-4,new_same_content_agrees,1.0
C,dblp,robust,-1,pair3-4,new_same_flip_content,1.0
C,dblp,robust,-1,pair3-4,new_same_type,1.0
C,dblp,robust,-1,pair3-4,new_same_type_structure,1.0
C,dblp,robust,-1,pair3-4,rule_pred_agreement,1.0
C,dblp,robust,-1,pair3-4,rule_pred_agreement_both_covered,1.0
C,dblp,robust,-1,pair3-4,rule_threshold_absdiff,0.0
C,dblp,robust,-1,pair3-4,old_rule_same_dominant,1.0
C,dblp,robust,-1,c|dblp|robust,_done,5
C,amazon,default,-1,pair0-1,ari,1.0
C,amazon,default,-1,pair0-1,old_same_type,1.0
C,amazon,default,-1,pair0-1,new_same_share_bin,1.0
C,amazon,default,-1,pair0-1,new_same_content_agrees,1.0
C,amazon,default,-1,pair0-1,new_same_flip_content,1.0
C,amazon,default,-1,pair0-1,new_same_type,1.0
C,amazon,default,-1,pair0-1,new_same_type_structure,1.0
C,amazon,default,-1,pair0-1,rule_pred_agreement,1.0
C,amazon,default,-1,pair0-1,rule_pred_agreement_both_covered,1.0
C,amazon,default,-1,pair0-1,rule_threshold_absdiff,0.0
C,amazon,default,-1,pair0-1,old_rule_same_dominant,1.0
C,amazon,default,-1,pair0-2,ari,1.0
C,amazon,default,-1,pair0-2,old_same_type,1.0
C,amazon,default,-1,pair0-2,new_same_share_bin,1.0
C,amazon,default,-1,pair0-2,new_same_content_agrees,1.0
C,amazon,default,-1,pair0-2,new_same_flip_content,1.0
C,amazon,default,-1,pair0-2,new_same_type,1.0
C,amazon,default,-1,pair0-2,new_same_type_structure,1.0
C,amazon,default,-1,pair0-2,rule_pred_agreement,1.0
C,amazon,default,-1,pair0-2,rule_pred_agreement_both_covered,1.0
C,amazon,default,-1,pair0-2,rule_threshold_absdiff,0.0
C,amazon,default,-1,pair0-2,old_rule_same_dominant,1.0
C,amazon,default,-1,pair0-3,ari,1.0
C,amazon,default,-1,pair0-3,old_same_type,1.0
C,amazon,default,-1,pair0-3,new_same_share_bin,1.0
C,amazon,default,-1,pair0-3,new_same_content_agrees,1.0
C,amazon,default,-1,pair0-3,new_same_flip_content,1.0
C,amazon,default,-1,pair0-3,new_same_type,1.0
C,amazon,default,-1,pair0-3,new_same_type_structure,1.0
C,amazon,default,-1,pair0-3,rule_pred_agreement,1.0
C,amazon,default,-1,pair0-3,rule_pred_agreement_both_covered,1.0
C,amazon,default,-1,pair0-3,rule_threshold_absdiff,0.0
C,amazon,default,-1,pair0-3,old_rule_same_dominant,1.0
C,amazon,default,-1,pair0-4,ari,1.0
C,amazon,default,-1,pair0-4,old_same_type,1.0
C,amazon,default,-1,pair0-4,new_same_share_bin,1.0
C,amazon,default,-1,pair0-4,new_same_content_agrees,1.0
C,amazon,default,-1,pair0-4,new_same_flip_content,1.0
C,amazon,default,-1,pair0-4,new_same_type,1.0
C,amazon,default,-1,pair0-4,new_same_type_structure,1.0
C,amazon,default,-1,pair0-4,rule_pred_agreement,1.0
C,amazon,default,-1,pair0-4,rule_pred_agreement_both_covered,1.0
C,amazon,default,-1,pair0-4,rule_threshold_absdiff,0.0
C,amazon,default,-1,pair0-4,old_rule_same_dominant,1.0
C,amazon,default,-1,pair1-2,ari,1.0
C,amazon,default,-1,pair1-2,old_same_type,1.0
C,amazon,default,-1,pair1-2,new_same_share_bin,1.0
C,amazon,default,-1,pair1-2,new_same_content_agrees,1.0
C,amazon,default,-1,pair1-2,new_same_flip_content,1.0
C,amazon,default,-1,pair1-2,new_same_type,1.0
C,amazon,default,-1,pair1-2,new_same_type_structure,1.0
C,amazon,default,-1,pair1-2,rule_pred_agreement,1.0
C,amazon,default,-1,pair1-2,rule_pred_agreement_both_covered,1.0
C,amazon,default,-1,pair1-2,rule_threshold_absdiff,0.0
C,amazon,default,-1,pair1-2,old_rule_same_dominant,1.0
C,amazon,default,-1,pair1-3,ari,1.0
C,amazon,default,-1,pair1-3,old_same_type,1.0
C,amazon,default,-1,pair1-3,new_same_share_bin,1.0
C,amazon,default,-1,pair1-3,new_same_content_agrees,1.0
C,amazon,default,-1,pair1-3,new_same_flip_content,1.0
C,amazon,default,-1,pair1-3,new_same_type,1.0
C,amazon,default,-1,pair1-3,new_same_type_structure,1.0
C,amazon,default,-1,pair1-3,rule_pred_agreement,1.0
C,amazon,default,-1,pair1-3,rule_pred_agreement_both_covered,1.0
C,amazon,default,-1,pair1-3,rule_threshold_absdiff,0.0
C,amazon,default,-1,pair1-3,old_rule_same_dominant,1.0
C,amazon,default,-1,pair1-4,ari,1.0
C,amazon,default,-1,pair1-4,old_same_type,1.0
C,amazon,default,-1,pair1-4,new_same_share_bin,1.0
C,amazon,default,-1,pair1-4,new_same_content_agrees,1.0
C,amazon,default,-1,pair1-4,new_same_flip_content,1.0
C,amazon,default,-1,pair1-4,new_same_type,1.0
C,amazon,default,-1,pair1-4,new_same_type_structure,1.0
C,amazon,default,-1,pair1-4,rule_pred_agreement,1.0
C,amazon,default,-1,pair1-4,rule_pred_agreement_both_covered,1.0
C,amazon,default,-1,pair1-4,rule_threshold_absdiff,0.0
C,amazon,default,-1,pair1-4,old_rule_same_dominant,1.0
C,amazon,default,-1,pair2-3,ari,1.0
C,amazon,default,-1,pair2-3,old_same_type,1.0
C,amazon,default,-1,pair2-3,new_same_share_bin,1.0
C,amazon,default,-1,pair2-3,new_same_content_agrees,1.0
C,amazon,default,-1,pair2-3,new_same_flip_content,1.0
C,amazon,default,-1,pair2-3,new_same_type,1.0
C,amazon,default,-1,pair2-3,new_same_type_structure,1.0
C,amazon,default,-1,pair2-3,rule_pred_agreement,1.0
C,amazon,default,-1,pair2-3,rule_pred_agreement_both_covered,1.0
C,amazon,default,-1,pair2-3,rule_threshold_absdiff,0.0
C,amazon,default,-1,pair2-3,old_rule_same_dominant,1.0
C,amazon,default,-1,pair2-4,ari,1.0
C,amazon,default,-1,pair2-4,old_same_type,1.0
C,amazon,default,-1,pair2-4,new_same_share_bin,1.0
C,amazon,default,-1,pair2-4,new_same_content_agrees,1.0
C,amazon,default,-1,pair2-4,new_same_flip_content,1.0
C,amazon,default,-1,pair2-4,new_same_type,1.0
C,amazon,default,-1,pair2-4,new_same_type_structure,1.0
C,amazon,default,-1,pair2-4,rule_pred_agreement,1.0
C,amazon,default,-1,pair2-4,rule_pred_agreement_both_covered,1.0
C,amazon,default,-1,pair2-4,rule_threshold_absdiff,0.0
C,amazon,default,-1,pair2-4,old_rule_same_dominant,1.0
C,amazon,default,-1,pair3-4,ari,1.0
C,amazon,default,-1,pair3-4,old_same_type,1.0
C,amazon,default,-1,pair3-4,new_same_share_bin,1.0
C,amazon,default,-1,pair3-4,new_same_content_agrees,1.0
C,amazon,default,-1,pair3-4,new_same_flip_content,1.0
C,amazon,default,-1,pair3-4,new_same_type,1.0
C,amazon,default,-1,pair3-4,new_same_type_structure,1.0
C,amazon,default,-1,pair3-4,rule_pred_agreement,1.0
C,amazon,default,-1,pair3-4,rule_pred_agreement_both_covered,1.0
C,amazon,default,-1,pair3-4,rule_threshold_absdiff,0.0
C,amazon,default,-1,pair3-4,old_rule_same_dominant,1.0
C,amazon,default,-1,c|amazon|default,_done,5
C,amazon,robust,-1,pair0-1,ari,1.0
C,amazon,robust,-1,pair0-1,old_same_type,1.0
C,amazon,robust,-1,pair0-1,new_same_share_bin,1.0
C,amazon,robust,-1,pair0-1,new_same_content_agrees,1.0
C,amazon,robust,-1,pair0-1,new_same_flip_content,1.0
C,amazon,robust,-1,pair0-1,new_same_type,1.0
C,amazon,robust,-1,pair0-1,new_same_type_structure,1.0
C,amazon,robust,-1,pair0-1,rule_pred_agreement,1.0
C,amazon,robust,-1,pair0-1,rule_pred_agreement_both_covered,1.0
C,amazon,robust,-1,pair0-1,rule_threshold_absdiff,0.0
C,amazon,robust,-1,pair0-1,old_rule_same_dominant,1.0
C,amazon,robust,-1,pair0-2,ari,1.0
C,amazon,robust,-1,pair0-2,old_same_type,1.0
C,amazon,robust,-1,pair0-2,new_same_share_bin,1.0
C,amazon,robust,-1,pair0-2,new_same_content_agrees,1.0
C,amazon,robust,-1,pair0-2,new_same_flip_content,1.0
C,amazon,robust,-1,pair0-2,new_same_type,1.0
C,amazon,robust,-1,pair0-2,new_same_type_structure,1.0
C,amazon,robust,-1,pair0-2,rule_pred_agreement,1.0
C,amazon,robust,-1,pair0-2,rule_pred_agreement_both_covered,1.0
C,amazon,robust,-1,pair0-2,rule_threshold_absdiff,0.0
C,amazon,robust,-1,pair0-2,old_rule_same_dominant,1.0
C,amazon,robust,-1,pair0-3,ari,1.0
C,amazon,robust,-1,pair0-3,old_same_type,1.0
C,amazon,robust,-1,pair0-3,new_same_share_bin,1.0
C,amazon,robust,-1,pair0-3,new_same_content_agrees,1.0
C,amazon,robust,-1,pair0-3,new_same_flip_content,1.0
C,amazon,robust,-1,pair0-3,new_same_type,1.0
C,amazon,robust,-1,pair0-3,new_same_type_structure,1.0
C,amazon,robust,-1,pair0-3,rule_pred_agreement,1.0
C,amazon,robust,-1,pair0-3,rule_pred_agreement_both_covered,1.0
C,amazon,robust,-1,pair0-3,rule_threshold_absdiff,0.0
C,amazon,robust,-1,pair0-3,old_rule_same_dominant,1.0
C,amazon,robust,-1,pair0-4,ari,1.0
C,amazon,robust,-1,pair0-4,old_same_type,1.0
C,amazon,robust,-1,pair0-4,new_same_share_bin,1.0
C,amazon,robust,-1,pair0-4,new_same_content_agrees,1.0
C,amazon,robust,-1,pair0-4,new_same_flip_content,1.0
C,amazon,robust,-1,pair0-4,new_same_type,1.0
C,amazon,robust,-1,pair0-4,new_same_type_structure,1.0
C,amazon,robust,-1,pair0-4,rule_pred_agreement,1.0
C,amazon,robust,-1,pair0-4,rule_pred_agreement_both_covered,1.0
C,amazon,robust,-1,pair0-4,rule_threshold_absdiff,0.0
C,amazon,robust,-1,pair0-4,old_rule_same_dominant,1.0
C,amazon,robust,-1,pair1-2,ari,1.0
C,amazon,robust,-1,pair1-2,old_same_type,1.0
C,amazon,robust,-1,pair1-2,new_same_share_bin,1.0
C,amazon,robust,-1,pair1-2,new_same_content_agrees,1.0
C,amazon,robust,-1,pair1-2,new_same_flip_content,1.0
C,amazon,robust,-1,pair1-2,new_same_type,1.0
C,amazon,robust,-1,pair1-2,new_same_type_structure,1.0
C,amazon,robust,-1,pair1-2,rule_pred_agreement,1.0
C,amazon,robust,-1,pair1-2,rule_pred_agreement_both_covered,1.0
C,amazon,robust,-1,pair1-2,rule_threshold_absdiff,0.0
C,amazon,robust,-1,pair1-2,old_rule_same_dominant,1.0
C,amazon,robust,-1,pair1-3,ari,1.0
C,amazon,robust,-1,pair1-3,old_same_type,1.0
C,amazon,robust,-1,pair1-3,new_same_share_bin,1.0
C,amazon,robust,-1,pair1-3,new_same_content_agrees,1.0
C,amazon,robust,-1,pair1-3,new_same_flip_content,1.0
C,amazon,robust,-1,pair1-3,new_same_type,1.0
C,amazon,robust,-1,pair1-3,new_same_type_structure,1.0
C,amazon,robust,-1,pair1-3,rule_pred_agreement,1.0
C,amazon,robust,-1,pair1-3,rule_pred_agreement_both_covered,1.0
C,amazon,robust,-1,pair1-3,rule_threshold_absdiff,0.0
C,amazon,robust,-1,pair1-3,old_rule_same_dominant,1.0
C,amazon,robust,-1,pair1-4,ari,1.0
C,amazon,robust,-1,pair1-4,old_same_type,1.0
C,amazon,robust,-1,pair1-4,new_same_share_bin,1.0
C,amazon,robust,-1,pair1-4,new_same_content_agrees,1.0
C,amazon,robust,-1,pair1-4,new_same_flip_content,1.0
C,amazon,robust,-1,pair1-4,new_same_type,1.0
C,amazon,robust,-1,pair1-4,new_same_type_structure,1.0
C,amazon,robust,-1,pair1-4,rule_pred_agreement,1.0
C,amazon,robust,-1,pair1-4,rule_pred_agreement_both_covered,1.0
C,amazon,robust,-1,pair1-4,rule_threshold_absdiff,0.0
C,amazon,robust,-1,pair1-4,old_rule_same_dominant,1.0
C,amazon,robust,-1,pair2-3,ari,1.0
C,amazon,robust,-1,pair2-3,old_same_type,1.0
C,amazon,robust,-1,pair2-3,new_same_share_bin,1.0
C,amazon,robust,-1,pair2-3,new_same_content_agrees,1.0
C,amazon,robust,-1,pair2-3,new_same_flip_content,1.0
C,amazon,robust,-1,pair2-3,new_same_type,1.0
C,amazon,robust,-1,pair2-3,new_same_type_structure,1.0
C,amazon,robust,-1,pair2-3,rule_pred_agreement,1.0
C,amazon,robust,-1,pair2-3,rule_pred_agreement_both_covered,1.0
C,amazon,robust,-1,pair2-3,rule_threshold_absdiff,0.0
C,amazon,robust,-1,pair2-3,old_rule_same_dominant,1.0
C,amazon,robust,-1,pair2-4,ari,1.0
C,amazon,robust,-1,pair2-4,old_same_type,1.0
C,amazon,robust,-1,pair2-4,new_same_share_bin,1.0
C,amazon,robust,-1,pair2-4,new_same_content_agrees,1.0
C,amazon,robust,-1,pair2-4,new_same_flip_content,1.0
C,amazon,robust,-1,pair2-4,new_same_type,1.0
C,amazon,robust,-1,pair2-4,new_same_type_structure,1.0
C,amazon,robust,-1,pair2-4,rule_pred_agreement,1.0
C,amazon,robust,-1,pair2-4,rule_pred_agreement_both_covered,1.0
C,amazon,robust,-1,pair2-4,rule_threshold_absdiff,0.0
C,amazon,robust,-1,pair2-4,old_rule_same_dominant,1.0
C,amazon,robust,-1,pair3-4,ari,1.0
C,amazon,robust,-1,pair3-4,old_same_type,1.0
C,amazon,robust,-1,pair3-4,new_same_share_bin,1.0
C,amazon,robust,-1,pair3-4,new_same_content_agrees,1.0
C,amazon,robust,-1,pair3-4,new_same_flip_content,1.0
C,amazon,robust,-1,pair3-4,new_same_type,1.0
C,amazon,robust,-1,pair3-4,new_same_type_structure,1.0
C,amazon,robust,-1,pair3-4,rule_pred_agreement,1.0
C,amazon,robust,-1,pair3-4,rule_pred_agreement_both_covered,1.0
C,amazon,robust,-1,pair3-4,rule_threshold_absdiff,0.0
C,amazon,robust,-1,pair3-4,old_rule_same_dominant,1.0
C,amazon,robust,-1,c|amazon|robust,_done,5
