rate,blend,method,seed,threshold,precision,recall,f1
0.1,0.0,nfmcd_default,3,0.05,0.11475409836065574,0.8076923076923077,0.20095693779904306
0.1,0.0,nfmcd_default,3,0.1,0.08571428571428572,0.23076923076923078,0.12500000000000003
0.1,0.0,nfmcd_default,3,0.15,0.08333333333333333,0.038461538461538464,0.05263157894736842
0.1,0.0,nfmcd_default,3,0.2,0.5,0.038461538461538464,0.07142857142857144
0.1,0.0,nfmcd_default,3,0.25,0.0,0.0,0.0
0.1,0.0,nfmcd_default,3,0.3,0.0,0.0,0.0
0.1,0.0,nfmcd_default,3,0.4,0.0,0.0,0.0
0.1,0.0,nfmcd_default,3,0.5,0.0,0.0,0.0
0.1,0.0,nfmcd_robust,3,0.05,0.13793103448275862,0.3076923076923077,0.1904761904761905
0.1,0.0,nfmcd_robust,3,0.1,0.14285714285714285,0.038461538461538464,0.060606060606060615
0.1,0.0,nfmcd_robust,3,0.15,1.0,0.038461538461538464,0.07407407407407407
0.1,0.0,nfmcd_robust,3,0.2,0.0,0.0,0.0
0.1,0.0,nfmcd_robust,3,0.25,0.0,0.0,0.0
0.1,0.0,nfmcd_robust,3,0.3,0.0,0.0,0.0
0.1,0.0,nfmcd_robust,3,0.4,0.0,0.0,0.0
0.1,0.0,nfmcd_robust,3,0.5,0.0,0.0,0.0
0.1,0.0,nfmcd_default,0,0.05,0.0641025641025641,0.4166666666666667,0.1111111111111111
0.1,0.0,nfmcd_default,0,0.1,0.10869565217391304,0.20833333333333334,0.14285714285714285
0.1,0.0,nfmcd_default,0,0.15,0.0,0.0,0.0
0.1,0.0,nfmcd_default,0,0.2,0.0,0.0,0.0
0.1,0.0,nfmcd_default,0,0.25,0.0,0.0,0.0
0.1,0.0,nfmcd_default,0,0.3,0.0,0.0,0.0
0.1,0.0,nfmcd_default,0,0.4,0.0,0.0,0.0
0.1,0.0,nfmcd_default,0,0.5,0.0,0.0,0.0
0.1,0.0,nfmcd_robust,0,0.05,0.08888888888888889,0.16666666666666666,0.11594202898550726
0.1,0.0,nfmcd_robust,0,0.1,0.0,0.0,0.0
0.1,0.0,nfmcd_robust,0,0.15,0.0,0.0,0.0
0.1,0.0,nfmcd_robust,0,0.2,0.0,0.0,0.0
0.1,0.0,nfmcd_robust,0,0.25,0.0,0.0,0.0
0.1,0.0,nfmcd_robust,0,0.3,0.0,0.0,0.0
0.1,0.0,nfmcd_robust,0,0.4,0.0,0.0,0.0
0.1,0.0,nfmcd_robust,0,0.5,0.0,0.0,0.0
0.1,0.0,nfmcd_default,1,0.05,0.06153846153846154,0.631578947368421,0.11214953271028039
0.1,0.0,nfmcd_default,1,0.1,0.05555555555555555,0.15789473684210525,0.0821917808219178
0.1,0.0,nfmcd_default,1,0.15,0.0,0.0,0.0
0.1,0.0,nfmcd_default,1,0.2,0.0,0.0,0.0
0.1,0.0,nfmcd_default,1,0.25,0.0,0.0,0.0
0.1,0.0,nfmcd_default,1,0.3,0.0,0.0,0.0
0.1,0.0,nfmcd_default,1,0.4,0.0,0.0,0.0
0.1,0.0,nfmcd_default,1,0.5,0.0,0.0,0.0
0.1,0.0,nfmcd_robust,1,0.05,0.09803921568627451,0.2631578947368421,0.14285714285714285
0.1,0.0,nfmcd_robust,1,0.1,0.08333333333333333,0.05263157894736842,0.06451612903225808
0.1,0.0,nfmcd_robust,1,0.15,0.0,0.0,0.0
0.1,0.0,nfmcd_robust,1,0.2,0.0,0.0,0.0
0.1,0.0,nfmcd_robust,1,0.25,0.0,0.0,0.0
0.1,0.0,nfmcd_robust,1,0.3,0.0,0.0,0.0
0.1,0.0,nfmcd_robust,1,0.4,0.0,0.0,0.0
0.1,0.0,nfmcd_robust,1,0.5,0.0,0.0,0.0
0.1,0.0,nfmcd_default,2,0.05,0.06914893617021277,0.5416666666666666,0.12264150943396228
0.1,0.0,nfmcd_default,2,0.1,0.1,0.20833333333333334,0.13513513513513514
0.1,0.0,nfmcd_default,2,0.15,0.0,0.0,0.0
0.1,0.0,nfmcd_default,2,0.2,0.0,0.0,0.0
0.1,0.0,nfmcd_default,2,0.25,0.0,0.0,0.0
0.1,0.0,nfmcd_default,2,0.3,0.0,0.0,0.0
0.1,0.0,nfmcd_default,2,0.4,0.0,0.0,0.0
0.1,0.0,nfmcd_default,2,0.5,0.0,0.0,0.0
0.1,0.0,nfmcd_robust,2,0.05,0.018867924528301886,0.041666666666666664,0.025974025974025972
0.1,0.0,nfmcd_robust,2,0.1,0.0,0.0,0.0
0.1,0.0,nfmcd_robust,2,0.15,0.0,0.0,0.0
0.1,0.0,nfmcd_robust,2,0.2,0.0,0.0,0.0
0.1,0.0,nfmcd_robust,2,0.25,0.0,0.0,0.0
0.1,0.0,nfmcd_robust,2,0.3,0.0,0.0,0.0
0.1,0.0,nfmcd_robust,2,0.4,0.0,0.0,0.0
0.1,0.0,nfmcd_robust,2,0.5,0.0,0.0,0.0
0.1,0.0,nfmcd_default,4,0.05,0.09202453987730061,0.5769230769230769,0.15873015873015872
0.1,0.0,nfmcd_default,4,0.1,0.1,0.15384615384615385,0.12121212121212123
0.1,0.0,nfmcd_default,4,0.15,0.16666666666666666,0.038461538461538464,0.0625
0.1,0.0,nfmcd_default,4,0.2,1.0,0.038461538461538464,0.07407407407407407
0.1,0.0,nfmcd_default,4,0.25,0.0,0.0,0.0
0.1,0.0,nfmcd_default,4,0.3,0.0,0.0,0.0
0.1,0.0,nfmcd_default,4,0.4,0.0,0.0,0.0
0.1,0.0,nfmcd_default,4,0.5,0.0,0.0,0.0
0.1,0.0,nfmcd_robust,4,0.05,0.06818181818181818,0.11538461538461539,0.0857142857142857
0.1,0.0,nfmcd_robust,4,0.1,0.1,0.038461538461538464,0.05555555555555555
0.1,0.0,nfmcd_robust,4,0.15,0.25,0.038461538461538464,0.06666666666666668
0.1,0.0,nfmcd_robust,4,0.2,1.0,0.038461538461538464,0.07407407407407407
0.1,0.0,nfmcd_robust,4,0.25,0.0,0.0,0.0
0.1,0.0,nfmcd_robust,4,0.3,0.0,0.0,0.0
0.1,0.0,nfmcd_robust,4,0.4,0.0,0.0,0.0
0.1,0.0,nfmcd_robust,4,0.5,0.0,0.0,0.0
0.1,0.3,nfmcd_default,0,0.05,0.09302325581395349,0.6666666666666666,0.16326530612244897
0.1,0.3,nfmcd_default,0,0.1,0.1509433962264151,0.3333333333333333,0.20779220779220778
0.1,0.3,nfmcd_default,0,0.15,0.23076923076923078,0.125,0.16216216216216217
0.1,0.3,nfmcd_default,0,0.2,0.5,0.08333333333333333,0.14285714285714285
0.1,0.3,nfmcd_default,0,0.25,0.0,0.0,0.0
0.1,0.3,nfmcd_default,0,0.3,0.0,0.0,0.0
0.1,0.3,nfmcd_default,0,0.4,0.0,0.0,0.0
0.1,0.3,nfmcd_default,0,0.5,0.0,0.0,0.0
0.1,0.3,nfmcd_robust,0,0.05,0.11538461538461539,0.25,0.15789473684210525
0.1,0.3,nfmcd_robust,0,0.1,0.16666666666666666,0.125,0.14285714285714288
0.1,0.3,nfmcd_robust,0,0.15,0.3333333333333333,0.08333333333333333,0.13333333333333333
0.1,0.3,nfmcd_robust,0,0.2,1.0,0.041666666666666664,0.07999999999999999
0.1,0.3,nfmcd_robust,0,0.25,0.0,0.0,0.0
0.1,0.3,nfmcd_robust,0,0.3,0.0,0.0,0.0
0.1,0.3,nfmcd_robust,0,0.4,0.0,0.0,0.0
0.1,0.3,nfmcd_robust,0,0.5,0.0,0.0,0.0
0.1,0.3,nfmcd_default,1,0.05,0.07960199004975124,0.8421052631578947,0.14545454545454545
0.1,0.3,nfmcd_default,1,0.1,0.11475409836065574,0.3684210526315789,0.175
0.1,0.3,nfmcd_default,1,0.15,0.1,0.05263157894736842,0.06896551724137931
0.1,0.3,nfmcd_default,1,0.2,0.0,0.0,0.0
0.1,0.3,nfmcd_default,1,0.25,0.0,0.0,0.0
0.1,0.3,nfmcd_default,1,0.3,0.0,0.0,0.0
0.1,0.3,nfmcd_default,1,0.4,0.0,0.0,0.0
0.1,0.3,nfmcd_default,1,0.5,0.0,0.0,0.0
0.1,0.3,nfmcd_robust,1,0.05,0.11475409836065574,0.3684210526315789,0.175
0.1,0.3,nfmcd_robust,1,0.1,0.23529411764705882,0.21052631578947367,0.2222222222222222
0.1,0.3,nfmcd_robust,1,0.15,0.2,0.05263157894736842,0.08333333333333333
0.1,0.3,nfmcd_robust,1,0.2,0.0,0.0,0.0
0.1,0.3,nfmcd_robust,1,0.25,0.0,0.0,0.0
0.1,0.3,nfmcd_robust,1,0.3,0.0,0.0,0.0
0.1,0.3,nfmcd_robust,1,0.4,0.0,0.0,0.0
0.1,0.3,nfmcd_robust,1,0.5,0.0,0.0,0.0
0.1,0.3,nfmcd_default,2,0.05,0.08823529411764706,0.75,0.15789473684210525
0.1,0.3,nfmcd_default,2,0.1,0.14035087719298245,0.3333333333333333,0.19753086419753085
0.1,0.3,nfmcd_default,2,0.15,0.15384615384615385,0.08333333333333333,0.10810810810810811
0.1,0.3,nfmcd_default,2,0.2,0.0,0.0,0.0
0.1,0.3,nfmcd_default,2,0.25,0.0,0.0,0.0
0.1,0.3,nfmcd_default,2,0.3,0.0,0.0,0.0
0.1,0.3,nfmcd_default,2,0.4,0.0,0.0,0.0
0.1,0.3,nfmcd_default,2,0.5,0.0,0.0,0.0
0.1,0.3,nfmcd_robust,2,0.05,0.06896551724137931,0.16666666666666666,0.0975609756097561
0.1,0.3,nfmcd_robust,2,0.1,0.16666666666666666,0.08333333333333333,0.1111111111111111
0.1,0.3,nfmcd_robust,2,0.15,0.0,0.0,0.0
0.1,0.3,nfmcd_robust,2,0.2,0.0,0.0,0.0
0.1,0.3,nfmcd_robust,2,0.25,0.0,0.0,0.0
0.1,0.3,nfmcd_robust,2,0.3,0.0,0.0,0.0
0.1,0.3,nfmcd_robust,2,0.4,0.0,0.0,0.0
0.1,0.3,nfmcd_robust,2,0.5,0.0,0.0,0.0
0.1,0.5,nfmcd_default,0,0.05,0.0898876404494382,0.6666666666666666,0.15841584158415842
0.1,0.5,nfmcd_default,0,0.1,0.1724137931034483,0.4166666666666667,0.2439024390243903
0.1,0.5,nfmcd_default,0,0.15,0.3,0.25,0.2727272727272727
0.1,0.5,nfmcd_default,0,0.2,0.75,0.125,0.21428571428571427
0.1,0.5,nfmcd_default,0,0.25,0.6666666666666666,0.08333333333333333,0.14814814814814814
0.1,0.5,nfmcd_default,0,0.3,1.0,0.041666666666666664,0.07999999999999999
0.1,0.5,nfmcd_default,0,0.4,0.0,0.0,0.0
0.1,0.5,nfmcd_default,0,0.5,0.0,0.0,0.0
0.1,0.5,nfmcd_robust,0,0.05,0.17857142857142858,0.4166666666666667,0.25
0.1,0.5,nfmcd_robust,0,0.1,0.21052631578947367,0.16666666666666666,0.186046511627907
0.1,0.5,nfmcd_robust,0,0.15,0.2857142857142857,0.08333333333333333,0.12903225806451613
0.1,0.5,nfmcd_robust,0,0.2,1.0,0.041666666666666664,0.07999999999999999
0.1,0.5,nfmcd_robust,0,0.25,1.0,0.041666666666666664,0.07999999999999999
0.1,0.5,nfmcd_robust,0,0.3,1.0,0.041666666666666664,0.07999999999999999
0.1,0.5,nfmcd_robust,0,0.4,0.0,0.0,0.0
0.1,0.5,nfmcd_robust,0,0.5,0.0,0.0,0.0
0.1,0.3,nfmcd_default,3,0.05,0.12254901960784313,0.9615384615384616,0.2173913043478261
0.1,0.3,nfmcd_default,3,0.1,0.14492753623188406,0.38461538461538464,0.2105263157894737
0.1,0.3,nfmcd_default,3,0.15,0.25,0.11538461538461539,0.15789473684210525
0.1,0.3,nfmcd_default,3,0.2,0.5,0.038461538461538464,0.07142857142857144
0.1,0.3,nfmcd_default,3,0.25,0.0,0.0,0.0
0.1,0.3,nfmcd_default,3,0.3,0.0,0.0,0.0
0.1,0.3,nfmcd_default,3,0.4,0.0,0.0,0.0
0.1,0.3,nfmcd_default,3,0.5,0.0,0.0,0.0
0.1,0.3,nfmcd_robust,3,0.05,0.19298245614035087,0.4230769230769231,0.2650602409638554
0.1,0.3,nfmcd_robust,3,0.1,0.36363636363636365,0.15384615384615385,0.21621621621621623
0.1,0.3,nfmcd_robust,3,0.15,0.5,0.038461538461538464,0.07142857142857144
0.1,0.3,nfmcd_robust,3,0.2,1.0,0.038461538461538464,0.07407407407407407
0.1,0.3,nfmcd_robust,3,0.25,1.0,0.038461538461538464,0.07407407407407407
0.1,0.3,nfmcd_robust,3,0.3,0.0,0.0,0.0
0.1,0.3,nfmcd_robust,3,0.4,0.0,0.0,0.0
0.1,0.3,nfmcd_robust,3,0.5,0.0,0.0,0.0
0.1,0.3,nfmcd_default,4,0.05,0.10714285714285714,0.6923076923076923,0.18556701030927836
0.1,0.3,nfmcd_default,4,0.1,0.2127659574468085,0.38461538461538464,0.273972602739726
0.1,0.3,nfmcd_default,4,0.15,0.4166666666666667,0.19230769230769232,0.2631578947368421
0.1,0.3,nfmcd_default,4,0.2,1.0,0.11538461538461539,0.20689655172413793
0.1,0.3,nfmcd_default,4,0.25,0.0,0.0,0.0
0.1,0.3,nfmcd_default,4,0.3,0.0,0.0,0.0
0.1,0.3,nfmcd_default,4,0.4,0.0,0.0,0.0
0.1,0.3,nfmcd_default,4,0.5,0.0,0.0,0.0
0.1,0.3,nfmcd_robust,4,0.05,0.14583333333333334,0.2692307692307692,0.1891891891891892
0.1,0.3,nfmcd_robust,4,0.1,0.2857142857142857,0.15384615384615385,0.2
0.1,0.3,nfmcd_robust,4,0.15,0.6,0.11538461538461539,0.1935483870967742
0.1,0.3,nfmcd_robust,4,0.2,1.0,0.07692307692307693,0.14285714285714288
0.1,0.3,nfmcd_robust,4,0.25,1.0,0.038461538461538464,0.07407407407407407
0.1,0.3,nfmcd_robust,4,0.3,0.0,0.0,0.0
0.1,0.3,nfmcd_robust,4,0.4,0.0,0.0,0.0
0.1,0.3,nfmcd_robust,4,0.5,0.0,0.0,0.0
0.1,0.5,nfmcd_default,1,0.05,0.08837209302325581,1.0,0.16239316239316237
0.1,0.5,nfmcd_default,1,0.1,0.1891891891891892,0.7368421052631579,0.3010752688172043
0.1,0.5,nfmcd_default,1,0.15,0.45,0.47368421052631576,0.46153846153846156
0.1,0.5,nfmcd_default,1,0.2,0.6,0.15789473684210525,0.25
0.1,0.5,nfmcd_default,1,0.25,0.6666666666666666,0.10526315789473684,0.18181818181818182
0.1,0.5,nfmcd_default,1,0.3,1.0,0.05263157894736842,0.1
0.1,0.5,nfmcd_default,1,0.4,0.0,0.0,0.0
0.1,0.5,nfmcd_default,1,0.5,0.0,0.0,0.0
0.1,0.5,nfmcd_robust,1,0.05,0.16901408450704225,0.631578947368421,0.26666666666666666
0.1,0.5,nfmcd_robust,1,0.1,0.2777777777777778,0.2631578947368421,0.27027027027027023
0.1,0.5,nfmcd_robust,1,0.15,0.5,0.15789473684210525,0.23999999999999996
0.1,0.5,nfmcd_robust,1,0.2,1.0,0.15789473684210525,0.2727272727272727
0.1,0.5,nfmcd_robust,1,0.25,1.0,0.10526315789473684,0.1904761904761905
0.1,0.5,nfmcd_robust,1,0.3,1.0,0.05263157894736842,0.1
0.1,0.5,nfmcd_robust,1,0.4,0.0,0.0,0.0
0.1,0.5,nfmcd_robust,1,0.5,0.0,0.0,0.0
0.1,0.5,nfmcd_default,2,0.05,0.0945273631840796,0.7916666666666666,0.16888888888888887
0.1,0.5,nfmcd_default,2,0.1,0.1935483870967742,0.5,0.27906976744186046
0.1,0.5,nfmcd_default,2,0.15,0.2777777777777778,0.20833333333333334,0.2380952380952381
0.1,0.5,nfmcd_default,2,0.2,0.3333333333333333,0.08333333333333333,0.13333333333333333
0.1,0.5,nfmcd_default,2,0.25,0.5,0.08333333333333333,0.14285714285714285
0.1,0.5,nfmcd_default,2,0.3,0.0,0.0,0.0
0.1,0.5,nfmcd_default,2,0.4,0.0,0.0,0.0
0.1,0.5,nfmcd_default,2,0.5,0.0,0.0,0.0
0.1,0.5,nfmcd_robust,2,0.05,0.10144927536231885,0.2916666666666667,0.15053763440860216
0.1,0.5,nfmcd_robust,2,0.1,0.21428571428571427,0.125,0.15789473684210525
0.1,0.5,nfmcd_robust,2,0.15,0.2857142857142857,0.08333333333333333,0.12903225806451613
0.1,0.5,nfmcd_robust,2,0.2,0.5,0.041666666666666664,0.07692307692307693
0.1,0.5,nfmcd_robust,2,0.25,0.5,0.041666666666666664,0.07692307692307693
0.1,0.5,nfmcd_robust,2,0.3,0.0,0.0,0.0
0.1,0.5,nfmcd_robust,2,0.4,0.0,0.0,0.0
0.1,0.5,nfmcd_robust,2,0.5,0.0,0.0,0.0
0.1,0.5,nfmcd_default,3,0.05,0.11374407582938388,0.9230769230769231,0.20253164556962025
0.1,0.5,nfmcd_default,3,0.1,0.21518987341772153,0.6538461538461539,0.3238095238095238
0.1,0.5,nfmcd_default,3,0.15,0.4,0.38461538461538464,0.39215686274509803
0.1,0.5,nfmcd_default,3,0.2,1.0,0.2692307692307692,0.42424242424242425
0.1,0.5,nfmcd_default,3,0.25,1.0,0.15384615384615385,0.2666666666666667
0.1,0.5,nfmcd_default,3,0.3,1.0,0.038461538461538464,0.07407407407407407
0.1,0.5,nfmcd_default,3,0.4,0.0,0.0,0.0
0.1,0.5,nfmcd_default,3,0.5,0.0,0.0,0.0
0.1,0.5,nfmcd_robust,3,0.05,0.234375,0.5769230769230769,0.3333333333333333
0.1,0.5,nfmcd_robust,3,0.1,0.38461538461538464,0.38461538461538464,0.38461538461538464
0.1,0.5,nfmcd_robust,3,0.15,0.625,0.19230769230769232,0.29411764705882354
0.1,0.5,nfmcd_robust,3,0.2,1.0,0.15384615384615385,0.2666666666666667
0.1,0.5,nfmcd_robust,3,0.25,1.0,0.11538461538461539,0.20689655172413793
0.1,0.5,nfmcd_robust,3,0.3,1.0,0.11538461538461539,0.20689655172413793
0.1,0.5,nfmcd_robust,3,0.4,0.0,0.0,0.0
0.1,0.5,nfmcd_robust,3,0.5,0.0,0.0,0.0
0.1,0.5,nfmcd_default,4,0.05,0.11731843575418995,0.8076923076923077,0.2048780487804878
0.1,0.5,nfmcd_default,4,0.1,0.2692307692307692,0.5384615384615384,0.3589743589743589
0.1,0.5,nfmcd_default,4,0.15,0.5,0.2692307692307692,0.35000000000000003
0.1,0.5,nfmcd_default,4,0.2,0.8,0.15384615384615385,0.25806451612903225
0.1,0.5,nfmcd_default,4,0.25,1.0,0.11538461538461539,0.20689655172413793
0.1,0.5,nfmcd_default,4,0.3,1.0,0.038461538461538464,0.07407407407407407
0.1,0.5,nfmcd_default,4,0.4,0.0,0.0,0.0
0.1,0.5,nfmcd_default,4,0.5,0.0,0.0,0.0
0.1,0.5,nfmcd_robust,4,0.05,0.16981132075471697,0.34615384615384615,0.2278481012658228
0.1,0.5,nfmcd_robust,4,0.1,0.3333333333333333,0.19230769230769232,0.2439024390243902
0.1,0.5,nfmcd_robust,4,0.15,0.8,0.15384615384615385,0.25806451612903225
0.1,0.5,nfmcd_robust,4,0.2,1.0,0.15384615384615385,0.2666666666666667
0.1,0.5,nfmcd_robust,4,0.25,1.0,0.11538461538461539,0.20689655172413793
0.1,0.5,nfmcd_robust,4,0.3,1.0,0.11538461538461539,0.20689655172413793
0.1,0.5,nfmcd_robust,4,0.4,0.0,0.0,0.0
0.1,0.5,nfmcd_robust,4,0.5,0.0,0.0,0.0
0.1,0.7,nfmcd_default,0,0.05,0.0979381443298969,0.7916666666666666,0.1743119266055046
0.1,0.7,nfmcd_default,0,0.1,0.2054794520547945,0.625,0.30927835051546393
0.1,0.7,nfmcd_default,0,0.15,0.55,0.4583333333333333,0.5
0.1,0.7,nfmcd_default,0,0.2,0.6666666666666666,0.25,0.36363636363636365
0.1,0.7,nfmcd_default,0,0.25,1.0,0.08333333333333333,0.15384615384615385
0.1,0.7,nfmcd_default,0,0.3,1.0,0.041666666666666664,0.07999999999999999
0.1,0.7,nfmcd_default,0,0.4,0.0,0.0,0.0
0.1,0.7,nfmcd_default,0,0.5,0.0,0.0,0.0
0.1,0.7,nfmcd_robust,0,0.05,0.19696969696969696,0.5416666666666666,0.2888888888888889
0.1,0.7,nfmcd_robust,0,0.1,0.36363636363636365,0.3333333333333333,0.34782608695652173
0.1,0.7,nfmcd_robust,0,0.15,0.6,0.25,0.35294117647058826
0.1,0.7,nfmcd_robust,0,0.2,1.0,0.16666666666666666,0.2857142857142857
0.1,0.7,nfmcd_robust,0,0.25,1.0,0.16666666666666666,0.2857142857142857
0.1,0.7,nfmcd_robust,0,0.3,1.0,0.08333333333333333,0.15384615384615385
0.1,0.7,nfmcd_robust,0,0.4,0.0,0.0,0.0
0.1,0.7,nfmcd_robust,0,0.5,0.0,0.0,0.0
0.1,0.7,nfmcd_default,2,0.05,0.1013215859030837,0.9583333333333334,0.18326693227091634
0.1,0.7,nfmcd_default,2,0.1,0.2054794520547945,0.625,0.30927835051546393
0.1,0.7,nfmcd_default,2,0.15,0.38095238095238093,0.3333333333333333,0.35555555555555557
0.1,0.7,nfmcd_default,2,0.2,0.4,0.25,0.3076923076923077
0.1,0.7,nfmcd_default,2,0.25,0.5,0.125,0.2
0.1,0.7,nfmcd_default,2,0.3,0.5,0.08333333333333333,0.14285714285714285
0.1,0.7,nfmcd_default,2,0.4,0.0,0.0,0.0
0.1,0.7,nfmcd_default,2,0.5,0.0,0.0,0.0
0.1,0.7,nfmcd_robust,2,0.05,0.19444444444444445,0.5833333333333334,0.2916666666666667
0.1,0.7,nfmcd_robust,2,0.1,0.2692307692307692,0.2916666666666667,0.27999999999999997
0.1,0.7,nfmcd_robust,2,0.15,0.4,0.25,0.3076923076923077
0.1,0.7,nfmcd_robust,2,0.2,0.6,0.125,0.20689655172413793
0.1,0.7,nfmcd_robust,2,0.25,0.6666666666666666,0.08333333333333333,0.14814814814814814
0.1,0.7,nfmcd_robust,2,0.3,1.0,0.08333333333333333,0.15384615384615385
0.1,0.7,nfmcd_robust,2,0.4,0.0,0.0,0.0
0.1,0.7,nfmcd_robust,2,0.5,0.0,0.0,0.0
0.1,0.7,nfmcd_default,1,0.05,0.08796296296296297,1.0,0.16170212765957445
0.1,0.7,nfmcd_default,1,0.1,0.2,0.8421052631578947,0.32323232323232326
0.1,0.7,nfmcd_default,1,0.15,0.47619047619047616,0.5263157894736842,0.5
0.1,0.7,nfmcd_default,1,0.2,0.7142857142857143,0.2631578947368421,0.3846153846153846
0.1,0.7,nfmcd_default,1,0.25,1.0,0.15789473684210525,0.2727272727272727
0.1,0.7,nfmcd_default,1,0.3,1.0,0.10526315789473684,0.1904761904761905
0.1,0.7,nfmcd_default,1,0.4,0.0,0.0,0.0
0.1,0.7,nfmcd_default,1,0.5,0.0,0.0,0.0
0.1,0.7,nfmcd_robust,1,0.05,0.1917808219178082,0.7368421052631579,0.30434782608695654
0.1,0.7,nfmcd_robust,1,0.1,0.34782608695652173,0.42105263157894735,0.380952380952381
0.1,0.7,nfmcd_robust,1,0.15,0.625,0.2631578947368421,0.37037037037037035
0.1,0.7,nfmcd_robust,1,0.2,1.0,0.15789473684210525,0.2727272727272727
0.1,0.7,nfmcd_robust,1,0.25,1.0,0.15789473684210525,0.2727272727272727
0.1,0.7,nfmcd_robust,1,0.3,1.0,0.10526315789473684,0.1904761904761905
0.1,0.7,nfmcd_robust,1,0.4,0.0,0.0,0.0
0.1,0.7,nfmcd_robust,1,0.5,0.0,0.0,0.0
0.1,0.7,nfmcd_default,3,0.05,0.11737089201877934,0.9615384615384616,0.2092050209205021
0.1,0.7,nfmcd_default,3,0.1,0.25301204819277107,0.8076923076923077,0.38532110091743116
0.1,0.7,nfmcd_default,3,0.15,0.4827586206896552,0.5384615384615384,0.509090909090909
0.1,0.7,nfmcd_default,3,0.2,0.9090909090909091,0.38461538461538464,0.5405405405405405
0.1,0.7,nfmcd_default,3,0.25,0.8333333333333334,0.19230769230769232,0.3125
0.1,0.7,nfmcd_default,3,0.3,0.5,0.038461538461538464,0.07142857142857144
0.1,0.7,nfmcd_default,3,0.4,0.0,0.0,0.0
0.1,0.7,nfmcd_default,3,0.5,0.0,0.0,0.0
0.1,0.7,nfmcd_robust,3,0.05,0.31746031746031744,0.7692307692307693,0.44943820224719094
0.1,0.7,nfmcd_robust,3,0.1,0.5769230769230769,0.5769230769230769,0.5769230769230769
0.1,0.7,nfmcd_robust,3,0.15,0.6923076923076923,0.34615384615384615,0.46153846153846156
0.1,0.7,nfmcd_robust,3,0.2,1.0,0.19230769230769232,0.32258064516129037
0.1,0.7,nfmcd_robust,3,0.25,1.0,0.07692307692307693,0.14285714285714288
0.1,0.7,nfmcd_robust,3,0.3,1.0,0.07692307692307693,0.14285714285714288
0.1,0.7,nfmcd_robust,3,0.4,0.0,0.0,0.0
0.1,0.7,nfmcd_robust,3,0.5,0.0,0.0,0.0
0.1,0.7,nfmcd_default,4,0.05,0.125,0.8846153846153846,0.21904761904761905
0.1,0.7,nfmcd_default,4,0.1,0.2711864406779661,0.6153846153846154,0.3764705882352941
0.1,0.7,nfmcd_default,4,0.15,0.6086956521739131,0.5384615384615384,0.5714285714285715
0.1,0.7,nfmcd_default,4,0.2,0.8181818181818182,0.34615384615384615,0.4864864864864865
0.1,0.7,nfmcd_default,4,0.25,0.8,0.15384615384615385,0.25806451612903225
0.1,0.7,nfmcd_default,4,0.3,1.0,0.11538461538461539,0.20689655172413793
0.1,0.7,nfmcd_default,4,0.4,0.0,0.0,0.0
0.1,0.7,nfmcd_default,4,0.5,0.0,0.0,0.0
0.1,0.7,nfmcd_robust,4,0.05,0.22950819672131148,0.5384615384615384,0.3218390804597701
0.1,0.7,nfmcd_robust,4,0.1,0.5,0.4230769230769231,0.4583333333333333
0.1,0.7,nfmcd_robust,4,0.15,0.7272727272727273,0.3076923076923077,0.43243243243243246
0.1,0.7,nfmcd_robust,4,0.2,0.875,0.2692307692307692,0.411764705882353
0.1,0.7,nfmcd_robust,4,0.25,1.0,0.15384615384615385,0.2666666666666667
0.1,0.7,nfmcd_robust,4,0.3,1.0,0.11538461538461539,0.20689655172413793
0.1,0.7,nfmcd_robust,4,0.4,0.0,0.0,0.0
0.1,0.7,nfmcd_robust,4,0.5,0.0,0.0,0.0
0.1,1.0,nfmcd_default,1,0.05,0.08837209302325581,1.0,0.16239316239316237
0.1,1.0,nfmcd_default,1,0.1,0.22666666666666666,0.8947368421052632,0.36170212765957444
0.1,1.0,nfmcd_default,1,0.15,0.5151515151515151,0.8947368421052632,0.6538461538461537
0.1,1.0,nfmcd_default,1,0.2,0.7777777777777778,0.7368421052631579,0.7567567567567567
0.1,1.0,nfmcd_default,1,0.25,0.8461538461538461,0.5789473684210527,0.6875
0.1,1.0,nfmcd_default,1,0.3,0.8333333333333334,0.2631578947368421,0.39999999999999997
0.1,1.0,nfmcd_default,1,0.4,0.0,0.0,0.0
0.1,1.0,nfmcd_default,1,0.5,0.0,0.0,0.0
0.1,1.0,nfmcd_robust,1,0.05,0.2361111111111111,0.8947368421052632,0.3736263736263737
0.1,1.0,nfmcd_robust,1,0.1,0.4411764705882353,0.7894736842105263,0.5660377358490566
0.1,1.0,nfmcd_robust,1,0.15,0.7,0.7368421052631579,0.717948717948718
0.1,1.0,nfmcd_robust,1,0.2,0.9090909090909091,0.5263157894736842,0.6666666666666666
0.1,1.0,nfmcd_robust,1,0.25,0.8888888888888888,0.42105263157894735,0.5714285714285714
0.1,1.0,nfmcd_robust,1,0.3,0.875,0.3684210526315789,0.5185185185185185
0.1,1.0,nfmcd_robust,1,0.4,0.0,0.0,0.0
0.1,1.0,nfmcd_robust,1,0.5,0.0,0.0,0.0
0.1,1.0,nfmcd_default,0,0.05,0.11170212765957446,0.875,0.19811320754716982
0.1,1.0,nfmcd_default,0,0.1,0.25333333333333335,0.7916666666666666,0.38383838383838387
0.1,1.0,nfmcd_default,0,0.15,0.5517241379310345,0.6666666666666666,0.6037735849056604
0.1,1.0,nfmcd_default,0,0.2,0.75,0.5,0.6
0.1,1.0,nfmcd_default,0,0.25,0.75,0.25,0.375
0.1,1.0,nfmcd_default,0,0.3,1.0,0.125,0.2222222222222222
0.1,1.0,nfmcd_default,0,0.4,0.0,0.0,0.0
0.1,1.0,nfmcd_default,0,0.5,0.0,0.0,0.0
0.1,1.0,nfmcd_robust,0,0.05,0.2727272727272727,0.75,0.39999999999999997
0.1,1.0,nfmcd_robust,0,0.1,0.5151515151515151,0.7083333333333334,0.5964912280701754
0.1,1.0,nfmcd_robust,0,0.15,0.7142857142857143,0.625,0.6666666666666666
0.1,1.0,nfmcd_robust,0,0.2,0.9090909090909091,0.4166666666666667,0.5714285714285715
0.1,1.0,nfmcd_robust,0,0.25,1.0,0.2916666666666667,0.45161290322580644
0.1,1.0,nfmcd_robust,0,0.3,1.0,0.20833333333333334,0.3448275862068966
0.1,1.0,nfmcd_robust,0,0.4,0.0,0.0,0.0
0.1,1.0,nfmcd_robust,0,0.5,0.0,0.0,0.0
0.1,1.0,nfmcd_default,2,0.05,0.10454545454545454,0.9583333333333334,0.1885245901639344
0.1,1.0,nfmcd_default,2,0.1,0.24675324675324675,0.7916666666666666,0.3762376237623762
0.1,1.0,nfmcd_default,2,0.15,0.4375,0.5833333333333334,0.5
0.1,1.0,nfmcd_default,2,0.2,0.4375,0.2916666666666667,0.35000000000000003
0.1,1.0,nfmcd_default,2,0.25,0.3333333333333333,0.08333333333333333,0.13333333333333333
0.1,1.0,nfmcd_default,2,0.3,0.0,0.0,0.0
0.1,1.0,nfmcd_default,2,0.4,0.0,0.0,0.0
0.1,1.0,nfmcd_default,2,0.5,0.0,0.0,0.0
0.1,1.0,nfmcd_robust,2,0.05,0.2619047619047619,0.9166666666666666,0.4074074074074074
0.1,1.0,nfmcd_robust,2,0.1,0.43333333333333335,0.5416666666666666,0.4814814814814815
0.1,1.0,nfmcd_robust,2,0.15,0.5,0.375,0.42857142857142855
0.1,1.0,nfmcd_robust,2,0.2,0.5555555555555556,0.20833333333333334,0.30303030303030304
0.1,1.0,nfmcd_robust,2,0.25,0.75,0.125,0.21428571428571427
0.1,1.0,nfmcd_robust,2,0.3,0.0,0.0,0.0
0.1,1.0,nfmcd_robust,2,0.4,0.0,0.0,0.0
0.1,1.0,nfmcd_robust,2,0.5,0.0,0.0,0.0
0.1,1.0,nfmcd_default,3,0.05,0.11214953271028037,0.9230769230769231,0.19999999999999998
0.1,1.0,nfmcd_default,3,0.1,0.26744186046511625,0.8846153846153846,0.41071428571428564
0.1,1.0,nfmcd_default,3,0.15,0.5789473684210527,0.8461538461538461,0.6875
0.1,1.0,nfmcd_default,3,0.2,0.6666666666666666,0.46153846153846156,0.5454545454545455
0.1,1.0,nfmcd_default,3,0.25,0.9166666666666666,0.4230769230769231,0.5789473684210527
0.1,1.0,nfmcd_default,3,0.3,0.8571428571428571,0.23076923076923078,0.36363636363636365
0.1,1.0,nfmcd_default,3,0.4,0.0,0.0,0.0
0.1,1.0,nfmcd_default,3,0.5,0.0,0.0,0.0
0.1,1.0,nfmcd_robust,3,0.05,0.3472222222222222,0.9615384615384616,0.5102040816326531
0.1,1.0,nfmcd_robust,3,0.1,0.5945945945945946,0.8461538461538461,0.6984126984126985
0.1,1.0,nfmcd_robust,3,0.15,0.7727272727272727,0.6538461538461539,0.7083333333333333
0.1,1.0,nfmcd_robust,3,0.2,0.8333333333333334,0.38461538461538464,0.5263157894736842
0.1,1.0,nfmcd_robust,3,0.25,1.0,0.38461538461538464,0.5555555555555556
0.1,1.0,nfmcd_robust,3,0.3,1.0,0.3076923076923077,0.47058823529411764
0.1,1.0,nfmcd_robust,3,0.4,1.0,0.038461538461538464,0.07407407407407407
0.1,1.0,nfmcd_robust,3,0.5,0.0,0.0,0.0
0.2,0.0,nfmcd_default,0,0.05,0.18518518518518517,0.603448275862069,0.2834008097165992
0.2,0.0,nfmcd_default,0,0.1,0.24489795918367346,0.20689655172413793,0.22429906542056074
0.2,0.0,nfmcd_default,0,0.15,0.21428571428571427,0.05172413793103448,0.08333333333333331
0.2,0.0,nfmcd_default,0,0.2,0.5,0.017241379310344827,0.03333333333333333
0.2,0.0,nfmcd_default,0,0.25,0.0,0.0,0.0
0.2,0.0,nfmcd_default,0,0.3,0.0,0.0,0.0
0.2,0.0,nfmcd_default,0,0.4,0.0,0.0,0.0
0.2,0.0,nfmcd_default,0,0.5,0.0,0.0,0.0
0.2,0.0,nfmcd_robust,0,0.05,0.2619047619047619,0.1896551724137931,0.22
0.2,0.0,nfmcd_robust,0,0.1,0.21428571428571427,0.05172413793103448,0.08333333333333331
0.2,0.0,nfmcd_robust,0,0.15,0.4,0.034482758620689655,0.06349206349206349
0.2,0.0,nfmcd_robust,0,0.2,1.0,0.017241379310344827,0.03389830508474576
0.2,0.0,nfmcd_robust,0,0.25,0.0,0.0,0.0
0.2,0.0,nfmcd_robust,0,0.3,0.0,0.0,0.0
0.2,0.0,nfmcd_robust,0,0.4,0.0,0.0,0.0
0.2,0.0,nfmcd_robust,0,0.5,0.0,0.0,0.0
0.1,1.0,nfmcd_default,4,0.05,0.12903225806451613,0.9230769230769231,0.22641509433962262
0.1,1.0,nfmcd_default,4,0.1,0.3125,0.7692307692307693,0.4444444444444445
0.1,1.0,nfmcd_default,4,0.15,0.5454545454545454,0.6923076923076923,0.6101694915254238
0.1,1.0,nfmcd_default,4,0.2,0.7333333333333333,0.4230769230769231,0.5365853658536585
0.1,1.0,nfmcd_default,4,0.25,0.7777777777777778,0.2692307692307692,0.39999999999999997
0.1,1.0,nfmcd_default,4,0.3,1.0,0.11538461538461539,0.20689655172413793
0.1,1.0,nfmcd_default,4,0.4,0.0,0.0,0.0
0.1,1.0,nfmcd_default,4,0.5,0.0,0.0,0.0
0.1,1.0,nfmcd_robust,4,0.05,0.3125,0.7692307692307693,0.4444444444444445
0.1,1.0,nfmcd_robust,4,0.1,0.6129032258064516,0.7307692307692307,0.6666666666666667
0.1,1.0,nfmcd_robust,4,0.15,0.7619047619047619,0.6153846153846154,0.6808510638297872
0.1,1.0,nfmcd_robust,4,0.2,0.9230769230769231,0.46153846153846156,0.6153846153846155
0.1,1.0,nfmcd_robust,4,0.25,1.0,0.15384615384615385,0.2666666666666667
0.1,1.0,nfmcd_robust,4,0.3,1.0,0.11538461538461539,0.20689655172413793
0.1,1.0,nfmcd_robust,4,0.4,0.0,0.0,0.0
0.1,1.0,nfmcd_robust,4,0.5,0.0,0.0,0.0
0.2,0.0,nfmcd_default,1,0.05,0.16585365853658537,0.7555555555555555,0.272
0.2,0.0,nfmcd_default,1,0.1,0.09615384615384616,0.1111111111111111,0.10309278350515465
0.2,0.0,nfmcd_default,1,0.15,0.07692307692307693,0.022222222222222223,0.034482758620689655
0.2,0.0,nfmcd_default,1,0.2,0.0,0.0,0.0
0.2,0.0,nfmcd_default,1,0.25,0.0,0.0,0.0
0.2,0.0,nfmcd_default,1,0.3,0.0,0.0,0.0
0.2,0.0,nfmcd_default,1,0.4,0.0,0.0,0.0
0.2,0.0,nfmcd_default,1,0.5,0.0,0.0,0.0
0.2,0.0,nfmcd_robust,1,0.05,0.125,0.1111111111111111,0.11764705882352941
0.2,0.0,nfmcd_robust,1,0.1,0.18181818181818182,0.044444444444444446,0.07142857142857142
0.2,0.0,nfmcd_robust,1,0.15,0.0,0.0,0.0
0.2,0.0,nfmcd_robust,1,0.2,0.0,0.0,0.0
0.2,0.0,nfmcd_robust,1,0.25,0.0,0.0,0.0
0.2,0.0,nfmcd_robust,1,0.3,0.0,0.0,0.0
0.2,0.0,nfmcd_robust,1,0.4,0.0,0.0,0.0
0.2,0.0,nfmcd_robust,1,0.5,0.0,0.0,0.0
0.2,0.0,nfmcd_default,2,0.05,0.15458937198067632,0.6956521739130435,0.25296442687747034
0.2,0.0,nfmcd_default,2,0.1,0.125,0.17391304347826086,0.14545454545454545
0.2,0.0,nfmcd_default,2,0.15,0.1875,0.06521739130434782,0.09677419354838708
0.2,0.0,nfmcd_default,2,0.2,0.5,0.021739130434782608,0.041666666666666664
0.2,0.0,nfmcd_default,2,0.25,0.0,0.0,0.0
0.2,0.0,nfmcd_default,2,0.3,0.0,0.0,0.0
0.2,0.0,nfmcd_default,2,0.4,0.0,0.0,0.0
0.2,0.0,nfmcd_default,2,0.5,0.0,0.0,0.0
0.2,0.0,nfmcd_robust,2,0.05,0.19230769230769232,0.21739130434782608,0.20408163265306123
0.2,0.0,nfmcd_robust,2,0.1,0.2,0.08695652173913043,0.12121212121212122
0.2,0.0,nfmcd_robust,2,0.15,0.0,0.0,0.0
0.2,0.0,nfmcd_robust,2,0.2,0.0,0.0,0.0
0.2,0.0,nfmcd_robust,2,0.25,0.0,0.0,0.0
0.2,0.0,nfmcd_robust,2,0.3,0.0,0.0,0.0
0.2,0.0,nfmcd_robust,2,0.4,0.0,0.0,0.0
0.2,0.0,nfmcd_robust,2,0.5,0.0,0.0,0.0
0.2,0.0,nfmcd_default,3,0.05,0.1794871794871795,0.660377358490566,0.282258064516129
0.2,0.0,nfmcd_default,3,0.1,0.17105263157894737,0.24528301886792453,0.2015503875968992
0.2,0.0,nfmcd_default,3,0.15,0.0,0.0,0.0
0.2,0.0,nfmcd_default,3,0.2,0.0,0.0,0.0
0.2,0.0,nfmcd_default,3,0.25,0.0,0.0,0.0
0.2,0.0,nfmcd_default,3,0.3,0.0,0.0,0.0
0.2,0.0,nfmcd_default,3,0.4,0.0,0.0,0.0
0.2,0.0,nfmcd_default,3,0.5,0.0,0.0,0.0
0.2,0.0,nfmcd_robust,3,0.05,0.16666666666666666,0.16981132075471697,0.16822429906542055
0.2,0.0,nfmcd_robust,3,0.1,0.09523809523809523,0.03773584905660377,0.05405405405405406
0.2,0.0,nfmcd_robust,3,0.15,0.0,0.0,0.0
0.2,0.0,nfmcd_robust,3,0.2,0.0,0.0,0.0
0.2,0.0,nfmcd_robust,3,0.25,0.0,0.0,0.0
0.2,0.0,nfmcd_robust,3,0.3,0.0,0.0,0.0
0.2,0.0,nfmcd_robust,3,0.4,0.0,0.0,0.0
0.2,0.0,nfmcd_robust,3,0.5,0.0,0.0,0.0
0.2,0.0,nfmcd_default,4,0.05,0.14204545454545456,0.5434782608695652,0.22522522522522523
0.2,0.0,nfmcd_default,4,0.1,0.125,0.15217391304347827,0.13725490196078433
0.2,0.0,nfmcd_default,4,0.15,0.16666666666666666,0.043478260869565216,0.06896551724137931
0.2,0.0,nfmcd_default,4,0.2,0.0,0.0,0.0
0.2,0.0,nfmcd_default,4,0.25,0.0,0.0,0.0
0.2,0.0,nfmcd_default,4,0.3,0.0,0.0,0.0
0.2,0.0,nfmcd_default,4,0.4,0.0,0.0,0.0
0.2,0.0,nfmcd_default,4,0.5,0.0,0.0,0.0
0.2,0.0,nfmcd_robust,4,0.05,0.10869565217391304,0.10869565217391304,0.10869565217391304
0.2,0.0,nfmcd_robust,4,0.1,0.2,0.043478260869565216,0.07142857142857142
0.2,0.0,nfmcd_robust,4,0.15,0.0,0.0,0.0
0.2,0.0,nfmcd_robust,4,0.2,0.0,0.0,0.0
0.2,0.0,nfmcd_robust,4,0.25,0.0,0.0,0.0
0.2,0.0,nfmcd_robust,4,0.3,0.0,0.0,0.0
0.2,0.0,nfmcd_robust,4,0.4,0.0,0.0,0.0
0.2,0.0,nfmcd_robust,4,0.5,0.0,0.0,0.0
0.2,0.3,nfmcd_default,0,0.05,0.22727272727272727,0.8620689655172413,0.35971223021582727
0.2,0.3,nfmcd_default,0,0.1,0.24615384615384617,0.27586206896551724,0.2601626016260163
0.2,0.3,nfmcd_default,0,0.15,0.2631578947368421,0.08620689655172414,0.12987012987012989
0.2,0.3,nfmcd_default,0,0.2,0.5,0.05172413793103448,0.09375
0.2,0.3,nfmcd_default,0,0.25,0.3333333333333333,0.017241379310344827,0.03278688524590164
0.2,0.3,nfmcd_default,0,0.3,1.0,0.017241379310344827,0.03389830508474576
0.2,0.3,nfmcd_default,0,0.4,0.0,0.0,0.0
0.2,0.3,nfmcd_default,0,0.5,0.0,0.0,0.0
0.2,0.3,nfmcd_robust,0,0.05,0.28846153846153844,0.25862068965517243,0.2727272727272727
0.2,0.3,nfmcd_robust,0,0.1,0.3181818181818182,0.1206896551724138,0.175
0.2,0.3,nfmcd_robust,0,0.15,0.6666666666666666,0.06896551724137931,0.125
0.2,0.3,nfmcd_robust,0,0.2,1.0,0.05172413793103448,0.09836065573770492
0.2,0.3,nfmcd_robust,0,0.25,1.0,0.017241379310344827,0.03389830508474576
0.2,0.3,nfmcd_robust,0,0.3,0.0,0.0,0.0
0.2,0.3,nfmcd_robust,0,0.4,0.0,0.0,0.0
0.2,0.3,nfmcd_robust,0,0.5,0.0,0.0,0.0
0.2,0.3,nfmcd_default,1,0.05,0.1822429906542056,0.8666666666666667,0.30115830115830117
0.2,0.3,nfmcd_default,1,0.1,0.24675324675324675,0.4222222222222222,0.3114754098360656
0.2,0.3,nfmcd_default,1,0.15,0.2,0.08888888888888889,0.12307692307692307
0.2,0.3,nfmcd_default,1,0.2,1.0,0.044444444444444446,0.0851063829787234
0.2,0.3,nfmcd_default,1,0.25,1.0,0.022222222222222223,0.04347826086956522
0.2,0.3,nfmcd_default,1,0.3,0.0,0.0,0.0
0.2,0.3,nfmcd_default,1,0.4,0.0,0.0,0.0
0.2,0.3,nfmcd_default,1,0.5,0.0,0.0,0.0
0.2,0.3,nfmcd_robust,1,0.05,0.2037037037037037,0.24444444444444444,0.2222222222222222
0.2,0.3,nfmcd_robust,1,0.1,0.29411764705882354,0.1111111111111111,0.16129032258064516
0.2,0.3,nfmcd_robust,1,0.15,0.0,0.0,0.0
0.2,0.3,nfmcd_robust,1,0.2,0.0,0.0,0.0
0.2,0.3,nfmcd_robust,1,0.25,0.0,0.0,0.0
0.2,0.3,nfmcd_robust,1,0.3,0.0,0.0,0.0
0.2,0.3,nfmcd_robust,1,0.4,0.0,0.0,0.0
0.2,0.3,nfmcd_robust,1,0.5,0.0,0.0,0.0
0.2,0.3,nfmcd_default,2,0.05,0.1735159817351598,0.8260869565217391,0.28679245283018867
0.2,0.3,nfmcd_default,2,0.1,0.2375,0.41304347826086957,0.3015873015873016
0.2,0.3,nfmcd_default,2,0.15,0.3076923076923077,0.17391304347826086,0.2222222222222222
0.2,0.3,nfmcd_default,2,0.2,0.6666666666666666,0.13043478260869565,0.21818181818181817
0.2,0.3,nfmcd_default,2,0.25,0.75,0.06521739130434782,0.12
0.2,0.3,nfmcd_default,2,0.3,1.0,0.043478260869565216,0.08333333333333333
0.2,0.3,nfmcd_default,2,0.4,0.0,0.0,0.0
0.2,0.3,nfmcd_default,2,0.5,0.0,0.0,0.0
0.2,0.3,nfmcd_robust,2,0.05,0.25,0.3695652173913043,0.2982456140350877
0.2,0.3,nfmcd_robust,2,0.1,0.2857142857142857,0.17391304347826086,0.2162162162162162
0.2,0.3,nfmcd_robust,2,0.15,0.3333333333333333,0.043478260869565216,0.07692307692307691
0.2,0.3,nfmcd_robust,2,0.2,0.3333333333333333,0.021739130434782608,0.04081632653061224
0.2,0.3,nfmcd_robust,2,0.25,1.0,0.021739130434782608,0.042553191489361694
0.2,0.3,nfmcd_robust,2,0.3,1.0,0.021739130434782608,0.042553191489361694
0.2,0.3,nfmcd_robust,2,0.4,0.0,0.0,0.0
0.2,0.3,nfmcd_robust,2,0.5,0.0,0.0,0.0
0.2,0.3,nfmcd_default,3,0.05,0.21397379912663755,0.9245283018867925,0.3475177304964539
0.2,0.3,nfmcd_default,3,0.1,0.26373626373626374,0.4528301886792453,0.3333333333333333
0.2,0.3,nfmcd_default,3,0.15,0.2962962962962963,0.1509433962264151,0.2
0.2,0.3,nfmcd_default,3,0.2,0.3333333333333333,0.03773584905660377,0.06779661016949153
0.2,0.3,nfmcd_default,3,0.25,0.4,0.03773584905660377,0.06896551724137931
0.2,0.3,nfmcd_default,3,0.3,0.0,0.0,0.0
0.2,0.3,nfmcd_default,3,0.4,0.0,0.0,0.0
0.2,0.3,nfmcd_default,3,0.5,0.0,0.0,0.0
0.2,0.3,nfmcd_robust,3,0.05,0.3484848484848485,0.4339622641509434,0.38655462184873957
0.2,0.3,nfmcd_robust,3,0.1,0.2916666666666667,0.1320754716981132,0.18181818181818182
0.2,0.3,nfmcd_robust,3,0.15,0.375,0.05660377358490566,0.09836065573770493
0.2,0.3,nfmcd_robust,3,0.2,0.5,0.018867924528301886,0.03636363636363636
0.2,0.3,nfmcd_robust,3,0.25,1.0,0.018867924528301886,0.037037037037037035
0.2,0.3,nfmcd_robust,3,0.3,0.0,0.0,0.0
0.2,0.3,nfmcd_robust,3,0.4,0.0,0.0,0.0
0.2,0.3,nfmcd_robust,3,0.5,0.0,0.0,0.0
0.2,0.3,nfmcd_default,4,0.05,0.178743961352657,0.8043478260869565,0.2924901185770751
0.2,0.3,nfmcd_default,4,0.1,0.2676056338028169,0.41304347826086957,0.3247863247863248
0.2,0.3,nfmcd_default,4,0.15,0.4,0.17391304347826086,0.24242424242424243
0.2,0.3,nfmcd_default,4,0.2,0.5,0.043478260869565216,0.08
0.2,0.3,nfmcd_default,4,0.25,0.6666666666666666,0.043478260869565216,0.08163265306122448
0.2,0.3,nfmcd_default,4,0.3,0.0,0.0,0.0
0.2,0.3,nfmcd_default,4,0.4,0.0,0.0,0.0
0.2,0.3,nfmcd_default,4,0.5,0.0,0.0,0.0
0.2,0.3,nfmcd_robust,4,0.05,0.25,0.32608695652173914,0.2830188679245283
0.2,0.3,nfmcd_robust,4,0.1,0.42857142857142855,0.13043478260869565,0.2
0.2,0.3,nfmcd_robust,4,0.15,0.6666666666666666,0.08695652173913043,0.15384615384615383
0.2,0.3,nfmcd_robust,4,0.2,0.0,0.0,0.0
0.2,0.3,nfmcd_robust,4,0.25,0.0,0.0,0.0
0.2,0.3,nfmcd_robust,4,0.3,0.0,0.0,0.0
0.2,0.3,nfmcd_robust,4,0.4,0.0,0.0,0.0
0.2,0.3,nfmcd_robust,4,0.5,0.0,0.0,0.0
0.2,0.5,nfmcd_default,0,0.05,0.23008849557522124,0.896551724137931,0.36619718309859156
0.2,0.5,nfmcd_default,0,0.1,0.39325842696629215,0.603448275862069,0.47619047619047616
0.2,0.5,nfmcd_default,0,0.15,0.5,0.3275862068965517,0.3958333333333333
0.2,0.5,nfmcd_default,0,0.2,0.5714285714285714,0.13793103448275862,0.2222222222222222
0.2,0.5,nfmcd_default,0,0.25,0.5,0.034482758620689655,0.06451612903225806
0.2,0.5,nfmcd_default,0,0.3,0.0,0.0,0.0
0.2,0.5,nfmcd_default,0,0.4,0.0,0.0,0.0
0.2,0.5,nfmcd_default,0,0.5,0.0,0.0,0.0
0.2,0.5,nfmcd_robust,0,0.05,0.35384615384615387,0.39655172413793105,0.37398373983739835
0.2,0.5,nfmcd_robust,0,0.1,0.5416666666666666,0.22413793103448276,0.3170731707317073
0.2,0.5,nfmcd_robust,0,0.15,0.5384615384615384,0.1206896551724138,0.19718309859154928
0.2,0.5,nfmcd_robust,0,0.2,1.0,0.06896551724137931,0.12903225806451613
0.2,0.5,nfmcd_robust,0,0.25,1.0,0.05172413793103448,0.09836065573770492
0.2,0.5,nfmcd_robust,0,0.3,0.0,0.0,0.0
0.2,0.5,nfmcd_robust,0,0.4,0.0,0.0,0.0
0.2,0.5,nfmcd_robust,0,0.5,0.0,0.0,0.0
0.2,0.5,nfmcd_default,1,0.05,0.18099547511312217,0.8888888888888888,0.3007518796992481
0.2,0.5,nfmcd_default,1,0.1,0.34146341463414637,0.6222222222222222,0.4409448818897638
0.2,0.5,nfmcd_default,1,0.15,0.4444444444444444,0.26666666666666666,0.33333333333333337
0.2,0.5,nfmcd_default,1,0.2,0.625,0.1111111111111111,0.18867924528301885
0.2,0.5,nfmcd_default,1,0.25,1.0,0.08888888888888889,0.163265306122449
0.2,0.5,nfmcd_default,1,0.3,1.0,0.022222222222222223,0.04347826086956522
0.2,0.5,nfmcd_default,1,0.4,0.0,0.0,0.0
0.2,0.5,nfmcd_default,1,0.5,0.0,0.0,0.0
0.2,0.5,nfmcd_robust,1,0.05,0.24615384615384617,0.35555555555555557,0.2909090909090909
0.2,0.5,nfmcd_robust,1,0.1,0.42105263157894735,0.17777777777777778,0.25
0.2,0.5,nfmcd_robust,1,0.15,0.5714285714285714,0.08888888888888889,0.15384615384615385
0.2,0.5,nfmcd_robust,1,0.2,0.8,0.08888888888888889,0.15999999999999998
0.2,0.5,nfmcd_robust,1,0.25,0.6666666666666666,0.044444444444444446,0.08333333333333334
0.2,0.5,nfmcd_robust,1,0.3,0.6666666666666666,0.044444444444444446,0.08333333333333334
0.2,0.5,nfmcd_robust,1,0.4,1.0,0.022222222222222223,0.04347826086956522
0.2,0.5,nfmcd_robust,1,0.5,0.0,0.0,0.0
0.2,0.5,nfmcd_default,2,0.05,0.1864406779661017,0.9565217391304348,0.3120567375886525
0.2,0.5,nfmcd_default,2,0.1,0.27722772277227725,0.6086956521739131,0.380952380952381
0.2,0.5,nfmcd_default,2,0.15,0.48717948717948717,0.41304347826086957,0.44705882352941173
0.2,0.5,nfmcd_default,2,0.2,0.5882352941176471,0.21739130434782608,0.3174603174603175
0.2,0.5,nfmcd_default,2,0.25,0.6666666666666666,0.13043478260869565,0.21818181818181817
0.2,0.5,nfmcd_default,2,0.3,0.5,0.021739130434782608,0.041666666666666664
0.2,0.5,nfmcd_default,2,0.4,0.0,0.0,0.0
0.2,0.5,nfmcd_default,2,0.5,0.0,0.0,0.0
0.2,0.5,nfmcd_robust,2,0.05,0.3375,0.5869565217391305,0.4285714285714286
0.2,0.5,nfmcd_robust,2,0.1,0.4444444444444444,0.34782608695652173,0.3902439024390244
0.2,0.5,nfmcd_robust,2,0.15,0.6428571428571429,0.1956521739130435,0.30000000000000004
0.2,0.5,nfmcd_robust,2,0.2,0.75,0.13043478260869565,0.22222222222222218
0.2,0.5,nfmcd_robust,2,0.25,0.8,0.08695652173913043,0.1568627450980392
0.2,0.5,nfmcd_robust,2,0.3,0.8,0.08695652173913043,0.1568627450980392
0.2,0.5,nfmcd_robust,2,0.4,0.0,0.0,0.0
0.2,0.5,nfmcd_robust,2,0.5,0.0,0.0,0.0
0.2,0.5,nfmcd_default,3,0.05,0.21794871794871795,0.9622641509433962,0.35540069686411146
0.2,0.5,nfmcd_default,3,0.1,0.3274336283185841,0.6981132075471698,0.44578313253012053
0.2,0.5,nfmcd_default,3,0.15,0.425531914893617,0.37735849056603776,0.4
0.2,0.5,nfmcd_default,3,0.2,0.5833333333333334,0.2641509433962264,0.36363636363636365
0.2,0.5,nfmcd_default,3,0.25,0.6363636363636364,0.1320754716981132,0.21875
0.2,0.5,nfmcd_default,3,0.3,0.75,0.05660377358490566,0.10526315789473685
0.2,0.5,nfmcd_default,3,0.4,0.0,0.0,0.0
0.2,0.5,nfmcd_default,3,0.5,0.0,0.0,0.0
0.2,0.5,nfmcd_robust,3,0.05,0.36046511627906974,0.5849056603773585,0.4460431654676259
0.2,0.5,nfmcd_robust,3,0.1,0.425,0.32075471698113206,0.3655913978494624
0.2,0.5,nfmcd_robust,3,0.15,0.47619047619047616,0.18867924528301888,0.27027027027027023
0.2,0.5,nfmcd_robust,3,0.2,0.7777777777777778,0.1320754716981132,0.22580645161290322
0.2,0.5,nfmcd_robust,3,0.25,0.8,0.07547169811320754,0.13793103448275862
0.2,0.5,nfmcd_robust,3,0.3,1.0,0.018867924528301886,0.037037037037037035
0.2,0.5,nfmcd_robust,3,0.4,0.0,0.0,0.0
0.2,0.5,nfmcd_robust,3,0.5,0.0,0.0,0.0
0.2,0.5,nfmcd_default,4,0.05,0.1895734597156398,0.8695652173913043,0.311284046692607
0.2,0.5,nfmcd_default,4,0.1,0.32558139534883723,0.6086956521739131,0.42424242424242425
0.2,0.5,nfmcd_default,4,0.15,0.42857142857142855,0.32608695652173914,0.37037037037037035
0.2,0.5,nfmcd_default,4,0.2,0.75,0.1956521739130435,0.3103448275862069
0.2,0.5,nfmcd_default,4,0.25,1.0,0.15217391304347827,0.2641509433962264
0.2,0.5,nfmcd_default,4,0.3,1.0,0.08695652173913043,0.16
0.2,0.5,nfmcd_default,4,0.4,0.0,0.0,0.0
0.2,0.5,nfmcd_default,4,0.5,0.0,0.0,0.0
0.2,0.5,nfmcd_robust,4,0.05,0.29411764705882354,0.43478260869565216,0.3508771929824562
0.2,0.5,nfmcd_robust,4,0.1,0.55,0.2391304347826087,0.33333333333333337
0.2,0.5,nfmcd_robust,4,0.15,0.7272727272727273,0.17391304347826086,0.2807017543859649
0.2,0.5,nfmcd_robust,4,0.2,0.7142857142857143,0.10869565217391304,0.18867924528301885
0.2,0.5,nfmcd_robust,4,0.25,0.8,0.08695652173913043,0.1568627450980392
0.2,0.5,nfmcd_robust,4,0.3,1.0,0.021739130434782608,0.042553191489361694
0.2,0.5,nfmcd_robust,4,0.4,0.0,0.0,0.0
0.2,0.5,nfmcd_robust,4,0.5,0.0,0.0,0.0
0.2,0.7,nfmcd_default,1,0.05,0.1902654867256637,0.9555555555555556,0.3173431734317343
0.2,0.7,nfmcd_default,1,0.1,0.36363636363636365,0.8,0.5000000000000001
0.2,0.7,nfmcd_default,1,0.15,0.525,0.4666666666666667,0.49411764705882355
0.2,0.7,nfmcd_default,1,0.2,0.6190476190476191,0.28888888888888886,0.3939393939393939
0.2,0.7,nfmcd_default,1,0.25,0.75,0.13333333333333333,0.22641509433962267
0.2,0.7,nfmcd_default,1,0.3,1.0,0.06666666666666667,0.125
0.2,0.7,nfmcd_default,1,0.4,0.0,0.0,0.0
0.2,0.7,nfmcd_default,1,0.5,0.0,0.0,0.0
0.2,0.7,nfmcd_robust,1,0.05,0.375,0.6666666666666666,0.4800000000000001
0.2,0.7,nfmcd_robust,1,0.1,0.48484848484848486,0.35555555555555557,0.41025641025641024
0.2,0.7,nfmcd_robust,1,0.15,0.5882352941176471,0.2222222222222222,0.3225806451612903
0.2,0.7,nfmcd_robust,1,0.2,0.5,0.08888888888888889,0.1509433962264151
0.2,0.7,nfmcd_robust,1,0.25,0.6666666666666666,0.044444444444444446,0.08333333333333334
0.2,0.7,nfmcd_robust,1,0.3,1.0,0.044444444444444446,0.0851063829787234
0.2,0.7,nfmcd_robust,1,0.4,0.0,0.0,0.0
0.2,0.7,nfmcd_robust,1,0.5,0.0,0.0,0.0
0.2,0.7,nfmcd_default,0,0.05,0.23478260869565218,0.9310344827586207,0.375
0.2,0.7,nfmcd_default,0,0.1,0.3942307692307692,0.7068965517241379,0.5061728395061729
0.2,0.7,nfmcd_default,0,0.15,0.5416666666666666,0.4482758620689655,0.49056603773584906
0.2,0.7,nfmcd_default,0,0.2,0.7083333333333334,0.29310344827586204,0.41463414634146345
0.2,0.7,nfmcd_default,0,0.25,0.6875,0.1896551724137931,0.2972972972972973
0.2,0.7,nfmcd_default,0,0.3,0.75,0.10344827586206896,0.18181818181818182
0.2,0.7,nfmcd_default,0,0.4,0.0,0.0,0.0
0.2,0.7,nfmcd_default,0,0.5,0.0,0.0,0.0
0.2,0.7,nfmcd_robust,0,0.05,0.4125,0.5689655172413793,0.47826086956521735
0.2,0.7,nfmcd_robust,0,0.1,0.5897435897435898,0.39655172413793105,0.4742268041237114
0.2,0.7,nfmcd_robust,0,0.15,0.6666666666666666,0.20689655172413793,0.31578947368421056
0.2,0.7,nfmcd_robust,0,0.2,0.8571428571428571,0.20689655172413793,0.33333333333333326
0.2,0.7,nfmcd_robust,0,0.25,0.8181818181818182,0.15517241379310345,0.26086956521739135
0.2,0.7,nfmcd_robust,0,0.3,0.7142857142857143,0.08620689655172414,0.15384615384615388
0.2,0.7,nfmcd_robust,0,0.4,0.0,0.0,0.0
0.2,0.7,nfmcd_robust,0,0.5,0.0,0.0,0.0
0.2,0.7,nfmcd_default,2,0.05,0.1885245901639344,1.0,0.31724137931034485
0.2,0.7,nfmcd_default,2,0.1,0.3238095238095238,0.7391304347826086,0.4503311258278146
0.2,0.7,nfmcd_default,2,0.15,0.5,0.5652173913043478,0.5306122448979592
0.2,0.7,nfmcd_default,2,0.2,0.6428571428571429,0.391304347826087,0.4864864864864865
0.2,0.7,nfmcd_default,2,0.25,0.7857142857142857,0.2391304347826087,0.36666666666666664
0.2,0.7,nfmcd_default,2,0.3,0.8,0.08695652173913043,0.1568627450980392
0.2,0.7,nfmcd_default,2,0.4,0.0,0.0,0.0
0.2,0.7,nfmcd_default,2,0.5,0.0,0.0,0.0
0.2,0.7,nfmcd_robust,2,0.05,0.34782608695652173,0.6956521739130435,0.46376811594202894
0.2,0.7,nfmcd_robust,2,0.1,0.5348837209302325,0.5,0.5168539325842696
0.2,0.7,nfmcd_robust,2,0.15,0.6923076923076923,0.391304347826087,0.5
0.2,0.7,nfmcd_robust,2,0.2,0.8125,0.2826086956521739,0.41935483870967744
0.2,0.7,nfmcd_robust,2,0.25,0.8571428571428571,0.2608695652173913,0.4
0.2,0.7,nfmcd_robust,2,0.3,0.9166666666666666,0.2391304347826087,0.3793103448275862
0.2,0.7,nfmcd_robust,2,0.4,0.0,0.0,0.0
0.2,0.7,nfmcd_robust,2,0.5,0.0,0.0,0.0
0.2,0.7,nfmcd_default,3,0.05,0.21666666666666667,0.9811320754716981,0.3549488054607509
0.2,0.7,nfmcd_default,3,0.1,0.36134453781512604,0.8113207547169812,0.5
0.2,0.7,nfmcd_default,3,0.15,0.5192307692307693,0.5094339622641509,0.5142857142857143
0.2,0.7,nfmcd_default,3,0.2,0.71875,0.4339622641509434,0.5411764705882353
0.2,0.7,nfmcd_default,3,0.25,0.7272727272727273,0.3018867924528302,0.4266666666666667
0.2,0.7,nfmcd_default,3,0.3,0.875,0.1320754716981132,0.22950819672131148
0.2,0.7,nfmcd_default,3,0.4,0.0,0.0,0.0
0.2,0.7,nfmcd_default,3,0.5,0.0,0.0,0.0
0.2,0.7,nfmcd_robust,3,0.05,0.3564356435643564,0.6792452830188679,0.4675324675324675
0.2,0.7,nfmcd_robust,3,0.1,0.5102040816326531,0.4716981132075472,0.49019607843137253
0.2,0.7,nfmcd_robust,3,0.15,0.6666666666666666,0.33962264150943394,0.44999999999999996
0.2,0.7,nfmcd_robust,3,0.2,0.7222222222222222,0.24528301886792453,0.36619718309859156
0.2,0.7,nfmcd_robust,3,0.25,0.8181818181818182,0.16981132075471697,0.28125
0.2,0.7,nfmcd_robust,3,0.3,0.8571428571428571,0.11320754716981132,0.2
0.2,0.7,nfmcd_robust,3,0.4,0.0,0.0,0.0
0.2,0.7,nfmcd_robust,3,0.5,0.0,0.0,0.0
0.2,0.7,nfmcd_default,4,0.05,0.18454935622317598,0.9347826086956522,0.30824372759856633
0.2,0.7,nfmcd_default,4,0.1,0.3877551020408163,0.8260869565217391,0.5277777777777779
0.2,0.7,nfmcd_default,4,0.15,0.5652173913043478,0.5652173913043478,0.5652173913043478
0.2,0.7,nfmcd_default,4,0.2,0.6818181818181818,0.32608695652173914,0.4411764705882353
0.2,0.7,nfmcd_default,4,0.25,0.7272727272727273,0.17391304347826086,0.2807017543859649
0.2,0.7,nfmcd_default,4,0.3,0.6666666666666666,0.08695652173913043,0.15384615384615383
0.2,0.7,nfmcd_default,4,0.4,0.0,0.0,0.0
0.2,0.7,nfmcd_default,4,0.5,0.0,0.0,0.0
0.2,0.7,nfmcd_robust,4,0.05,0.4268292682926829,0.7608695652173914,0.546875
0.2,0.7,nfmcd_robust,4,0.1,0.575,0.5,0.5348837209302325
0.2,0.7,nfmcd_robust,4,0.15,0.8095238095238095,0.3695652173913043,0.5074626865671641
0.2,0.7,nfmcd_robust,4,0.2,0.8125,0.2826086956521739,0.41935483870967744
0.2,0.7,nfmcd_robust,4,0.25,0.6666666666666666,0.13043478260869565,0.21818181818181817
0.2,0.7,nfmcd_robust,4,0.3,0.6,0.06521739130434782,0.11764705882352941
0.2,0.7,nfmcd_robust,4,0.4,0.0,0.0,0.0
0.2,0.7,nfmcd_robust,4,0.5,0.0,0.0,0.0
0.2,1.0,nfmcd_default,0,0.05,0.23728813559322035,0.9655172413793104,0.380952380952381
0.2,1.0,nfmcd_default,0,0.1,0.43859649122807015,0.8620689655172413,0.5813953488372092
0.2,1.0,nfmcd_default,0,0.15,0.5967741935483871,0.6379310344827587,0.6166666666666667
0.2,1.0,nfmcd_default,0,0.2,0.7209302325581395,0.5344827586206896,0.6138613861386139
0.2,1.0,nfmcd_default,0,0.25,0.75,0.3620689655172414,0.48837209302325585
0.2,1.0,nfmcd_default,0,0.3,0.8571428571428571,0.20689655172413793,0.33333333333333326
0.2,1.0,nfmcd_default,0,0.4,0.0,0.0,0.0
0.2,1.0,nfmcd_default,0,0.5,0.0,0.0,0.0
0.2,1.0,nfmcd_robust,0,0.05,0.5473684210526316,0.896551724137931,0.6797385620915034
0.2,1.0,nfmcd_robust,0,0.1,0.6981132075471698,0.6379310344827587,0.6666666666666667
0.2,1.0,nfmcd_robust,0,0.15,0.6976744186046512,0.5172413793103449,0.594059405940594
0.2,1.0,nfmcd_robust,0,0.2,0.8666666666666667,0.4482758620689655,0.5909090909090909
0.2,1.0,nfmcd_robust,0,0.25,0.8181818181818182,0.3103448275862069,0.45000000000000007
0.2,1.0,nfmcd_robust,0,0.3,1.0,0.1206896551724138,0.21538461538461542
0.2,1.0,nfmcd_robust,0,0.4,1.0,0.034482758620689655,0.06666666666666667
0.2,1.0,nfmcd_robust,0,0.5,0.0,0.0,0.0
0.2,1.0,nfmcd_default,2,0.05,0.19166666666666668,1.0,0.3216783216783217
0.2,1.0,nfmcd_default,2,0.1,0.33884297520661155,0.8913043478260869,0.4910179640718562
0.2,1.0,nfmcd_default,2,0.15,0.5263157894736842,0.6521739130434783,0.5825242718446602
0.2,1.0,nfmcd_default,2,0.2,0.6363636363636364,0.45652173913043476,0.5316455696202532
0.2,1.0,nfmcd_default,2,0.25,0.7142857142857143,0.21739130434782608,0.3333333333333333
0.2,1.0,nfmcd_default,2,0.3,0.5,0.08695652173913043,0.14814814814814817
0.2,1.0,nfmcd_default,2,0.4,0.0,0.0,0.0
0.2,1.0,nfmcd_default,2,0.5,0.0,0.0,0.0
0.2,1.0,nfmcd_robust,2,0.05,0.3925233644859813,0.9130434782608695,0.5490196078431373
0.2,1.0,nfmcd_robust,2,0.1,0.6037735849056604,0.6956521739130435,0.6464646464646465
0.2,1.0,nfmcd_robust,2,0.15,0.8125,0.5652173913043478,0.6666666666666667
0.2,1.0,nfmcd_robust,2,0.2,0.8260869565217391,0.41304347826086957,0.5507246376811594
0.2,1.0,nfmcd_robust,2,0.25,0.8571428571428571,0.2608695652173913,0.4
0.2,1.0,nfmcd_robust,2,0.3,0.8461538461538461,0.2391304347826087,0.3728813559322034
0.2,1.0,nfmcd_robust,2,0.4,1.0,0.021739130434782608,0.042553191489361694
0.2,1.0,nfmcd_robust,2,0.5,0.0,0.0,0.0
0.2,1.0,nfmcd_default,1,0.05,0.19480519480519481,1.0,0.32608695652173914
0.2,1.0,nfmcd_default,1,0.1,0.3611111111111111,0.8666666666666667,0.5098039215686274
0.2,1.0,nfmcd_default,1,0.15,0.5660377358490566,0.6666666666666666,0.6122448979591837
0.2,1.0,nfmcd_default,1,0.2,0.6666666666666666,0.4888888888888889,0.5641025641025641
0.2,1.0,nfmcd_default,1,0.25,0.7777777777777778,0.3111111111111111,0.44444444444444436
0.2,1.0,nfmcd_default,1,0.3,0.7142857142857143,0.1111111111111111,0.19230769230769232
0.2,1.0,nfmcd_default,1,0.4,0.0,0.0,0.0
0.2,1.0,nfmcd_default,1,0.5,0.0,0.0,0.0
0.2,1.0,nfmcd_robust,1,0.05,0.44680851063829785,0.9333333333333333,0.6043165467625898
0.2,1.0,nfmcd_robust,1,0.1,0.6037735849056604,0.7111111111111111,0.6530612244897959
0.2,1.0,nfmcd_robust,1,0.15,0.7647058823529411,0.5777777777777777,0.6582278481012658
0.2,1.0,nfmcd_robust,1,0.2,0.8636363636363636,0.4222222222222222,0.5671641791044777
0.2,1.0,nfmcd_robust,1,0.25,0.875,0.3111111111111111,0.459016393442623
0.2,1.0,nfmcd_robust,1,0.3,1.0,0.24444444444444444,0.39285714285714285
0.2,1.0,nfmcd_robust,1,0.4,1.0,0.022222222222222223,0.04347826086956522
0.2,1.0,nfmcd_robust,1,0.5,0.0,0.0,0.0
0.2,1.0,nfmcd_default,3,0.05,0.21031746031746032,1.0,0.3475409836065574
0.2,1.0,nfmcd_default,3,0.1,0.34074074074074073,0.8679245283018868,0.4893617021276595
0.2,1.0,nfmcd_default,3,0.15,0.5441176470588235,0.6981132075471698,0.6115702479338843
0.2,1.0,nfmcd_default,3,0.2,0.6744186046511628,0.5471698113207547,0.6041666666666666
0.2,1.0,nfmcd_default,3,0.25,0.7931034482758621,0.4339622641509434,0.5609756097560975
0.2,1.0,nfmcd_default,3,0.3,0.9411764705882353,0.3018867924528302,0.4571428571428572
0.2,1.0,nfmcd_default,3,0.4,0.0,0.0,0.0
0.2,1.0,nfmcd_default,3,0.5,0.0,0.0,0.0
0.2,1.0,nfmcd_robust,3,0.05,0.4144144144144144,0.8679245283018868,0.5609756097560976
0.2,1.0,nfmcd_robust,3,0.1,0.5666666666666667,0.6415094339622641,0.6017699115044247
0.2,1.0,nfmcd_robust,3,0.15,0.7111111111111111,0.6037735849056604,0.6530612244897959
0.2,1.0,nfmcd_robust,3,0.2,0.8387096774193549,0.49056603773584906,0.6190476190476191
0.2,1.0,nfmcd_robust,3,0.25,0.9130434782608695,0.39622641509433965,0.5526315789473684
0.2,1.0,nfmcd_robust,3,0.3,0.8823529411764706,0.2830188679245283,0.4285714285714286
0.2,1.0,nfmcd_robust,3,0.4,1.0,0.03773584905660377,0.07272727272727272
0.2,1.0,nfmcd_robust,3,0.5,0.0,0.0,0.0
0.2,1.0,nfmcd_default,4,0.05,0.18518518518518517,0.9782608695652174,0.31141868512110726
0.2,1.0,nfmcd_default,4,0.1,0.38181818181818183,0.9130434782608695,0.5384615384615384
0.2,1.0,nfmcd_default,4,0.15,0.6440677966101694,0.8260869565217391,0.7238095238095238
0.2,1.0,nfmcd_default,4,0.2,0.8823529411764706,0.6521739130434783,0.75
0.2,1.0,nfmcd_default,4,0.25,0.9565217391304348,0.4782608695652174,0.6376811594202898
0.2,1.0,nfmcd_default,4,0.3,1.0,0.21739130434782608,0.3571428571428571
0.2,1.0,nfmcd_default,4,0.4,0.0,0.0,0.0
0.2,1.0,nfmcd_default,4,0.5,0.0,0.0,0.0
0.2,1.0,nfmcd_robust,4,0.05,0.47126436781609193,0.8913043478260869,0.6165413533834586
0.2,1.0,nfmcd_robust,4,0.1,0.7291666666666666,0.7608695652173914,0.7446808510638298
0.2,1.0,nfmcd_robust,4,0.15,0.8571428571428571,0.6521739130434783,0.7407407407407407
0.2,1.0,nfmcd_robust,4,0.2,0.90625,0.6304347826086957,0.7435897435897436
0.2,1.0,nfmcd_robust,4,0.25,0.92,0.5,0.647887323943662
0.2,1.0,nfmcd_robust,4,0.3,1.0,0.391304347826087,0.5625
0.2,1.0,nfmcd_robust,4,0.4,1.0,0.021739130434782608,0.042553191489361694
0.2,1.0,nfmcd_robust,4,0.5,0.0,0.0,0.0
0.3,0.0,nfmcd_default,0,0.05,0.27710843373493976,0.5822784810126582,0.37551020408163266
0.3,0.0,nfmcd_default,0,0.1,0.2978723404255319,0.17721518987341772,0.2222222222222222
0.3,0.0,nfmcd_default,0,0.15,0.45454545454545453,0.06329113924050633,0.11111111111111112
0.3,0.0,nfmcd_default,0,0.2,0.0,0.0,0.0
0.3,0.0,nfmcd_default,0,0.25,0.0,0.0,0.0
0.3,0.0,nfmcd_default,0,0.3,0.0,0.0,0.0
0.3,0.0,nfmcd_default,0,0.4,0.0,0.0,0.0
0.3,0.0,nfmcd_default,0,0.5,0.0,0.0,0.0
0.3,0.0,nfmcd_robust,0,0.05,0.30434782608695654,0.17721518987341772,0.224
0.3,0.0,nfmcd_robust,0,0.1,0.2727272727272727,0.0379746835443038,0.06666666666666667
0.3,0.0,nfmcd_robust,0,0.15,0.0,0.0,0.0
0.3,0.0,nfmcd_robust,0,0.2,0.0,0.0,0.0
0.3,0.0,nfmcd_robust,0,0.25,0.0,0.0,0.0
0.3,0.0,nfmcd_robust,0,0.3,0.0,0.0,0.0
0.3,0.0,nfmcd_robust,0,0.4,0.0,0.0,0.0
0.3,0.0,nfmcd_robust,0,0.5,0.0,0.0,0.0
0.3,0.0,nfmcd_default,1,0.05,0.19487179487179487,0.59375,0.29343629343629346
0.3,0.0,nfmcd_default,1,0.1,0.2033898305084746,0.1875,0.1951219512195122
0.3,0.0,nfmcd_default,1,0.15,0.0,0.0,0.0
0.3,0.0,nfmcd_default,1,0.2,0.0,0.0,0.0
0.3,0.0,nfmcd_default,1,0.25,0.0,0.0,0.0
0.3,0.0,nfmcd_default,1,0.3,0.0,0.0,0.0
0.3,0.0,nfmcd_default,1,0.4,0.0,0.0,0.0
0.3,0.0,nfmcd_default,1,0.5,0.0,0.0,0.0
0.3,0.0,nfmcd_robust,1,0.05,0.12962962962962962,0.109375,0.11864406779661016
0.3,0.0,nfmcd_robust,1,0.1,0.0,0.0,0.0
0.3,0.0,nfmcd_robust,1,0.15,0.0,0.0,0.0
0.3,0.0,nfmcd_robust,1,0.2,0.0,0.0,0.0
0.3,0.0,nfmcd_robust,1,0.25,0.0,0.0,0.0
0.3,0.0,nfmcd_robust,1,0.3,0.0,0.0,0.0
0.3,0.0,nfmcd_robust,1,0.4,0.0,0.0,0.0
0.3,0.0,nfmcd_robust,1,0.5,0.0,0.0,0.0
0.3,0.0,nfmcd_default,2,0.05,0.24120603015075376,0.7384615384615385,0.36363636363636365
0.3,0.0,nfmcd_default,2,0.1,0.2857142857142857,0.24615384615384617,0.2644628099173554
0.3,0.0,nfmcd_default,2,0.15,0.23076923076923078,0.046153846153846156,0.07692307692307693
0.3,0.0,nfmcd_default,2,0.2,0.25,0.015384615384615385,0.028985507246376812
0.3,0.0,nfmcd_default,2,0.25,0.0,0.0,0.0
0.3,0.0,nfmcd_default,2,0.3,0.0,0.0,0.0
0.3,0.0,nfmcd_default,2,0.4,0.0,0.0,0.0
0.3,0.0,nfmcd_default,2,0.5,0.0,0.0,0.0
0.3,0.0,nfmcd_robust,2,0.05,0.21311475409836064,0.2,0.20634920634920634
0.3,0.0,nfmcd_robust,2,0.1,0.3333333333333333,0.07692307692307693,0.125
0.3,0.0,nfmcd_robust,2,0.15,0.5,0.015384615384615385,0.029850746268656723
0.3,0.0,nfmcd_robust,2,0.2,0.0,0.0,0.0
0.3,0.0,nfmcd_robust,2,0.25,0.0,0.0,0.0
0.3,0.0,nfmcd_robust,2,0.3,0.0,0.0,0.0
0.3,0.0,nfmcd_robust,2,0.4,0.0,0.0,0.0
0.3,0.0,nfmcd_robust,2,0.5,0.0,0.0,0.0
0.3,0.0,nfmcd_default,3,0.05,0.22660098522167488,0.7076923076923077,0.34328358208955223
0.3,0.0,nfmcd_default,3,0.1,0.23636363636363636,0.2,0.21666666666666665
0.3,0.0,nfmcd_default,3,0.15,0.5294117647058824,0.13846153846153847,0.21951219512195122
0.3,0.0,nfmcd_default,3,0.2,0.6666666666666666,0.03076923076923077,0.05882352941176471
0.3,0.0,nfmcd_default,3,0.25,1.0,0.015384615384615385,0.030303030303030307
0.3,0.0,nfmcd_default,3,0.3,0.0,0.0,0.0
0.3,0.0,nfmcd_default,3,0.4,0.0,0.0,0.0
0.3,0.0,nfmcd_default,3,0.5,0.0,0.0,0.0
0.3,0.0,nfmcd_robust,3,0.05,0.26,0.2,0.22608695652173913
0.3,0.0,nfmcd_robust,3,0.1,0.6363636363636364,0.1076923076923077,0.1842105263157895
0.3,0.0,nfmcd_robust,3,0.15,0.6666666666666666,0.03076923076923077,0.05882352941176471
0.3,0.0,nfmcd_robust,3,0.2,0.0,0.0,0.0
0.3,0.0,nfmcd_robust,3,0.25,0.0,0.0,0.0
0.3,0.0,nfmcd_robust,3,0.3,0.0,0.0,0.0
0.3,0.0,nfmcd_robust,3,0.4,0.0,0.0,0.0
0.3,0.0,nfmcd_robust,3,0.5,0.0,0.0,0.0
0.3,0.0,nfmcd_default,4,0.05,0.23780487804878048,0.6,0.34061135371179035
0.3,0.0,nfmcd_default,4,0.1,0.25,0.2,0.22222222222222224
0.3,0.0,nfmcd_default,4,0.15,0.16666666666666666,0.03076923076923077,0.05194805194805195
0.3,0.0,nfmcd_default,4,0.2,0.25,0.015384615384615385,0.028985507246376812
0.3,0.0,nfmcd_default,4,0.25,1.0,0.015384615384615385,0.030303030303030307
0.3,0.0,nfmcd_default,4,0.3,1.0,0.015384615384615385,0.030303030303030307
0.3,0.0,nfmcd_default,4,0.4,0.0,0.0,0.0
0.3,0.0,nfmcd_default,4,0.5,0.0,0.0,0.0
0.3,0.0,nfmcd_robust,4,0.05,0.1956521739130435,0.13846153846153847,0.16216216216216217
0.3,0.0,nfmcd_robust,4,0.1,0.07692307692307693,0.015384615384615385,0.025641025641025644
0.3,0.0,nfmcd_robust,4,0.15,0.16666666666666666,0.015384615384615385,0.028169014084507043
0.3,0.0,nfmcd_robust,4,0.2,1.0,0.015384615384615385,0.030303030303030307
0.3,0.0,nfmcd_robust,4,0.25,1.0,0.015384615384615385,0.030303030303030307
0.3,0.0,nfmcd_robust,4,0.3,0.0,0.0,0.0
0.3,0.0,nfmcd_robust,4,0.4,0.0,0.0,0.0
0.3,0.0,nfmcd_robust,4,0.5,0.0,0.0,0.0
0.3,0.3,nfmcd_default,0,0.05,0.3069306930693069,0.7848101265822784,0.44128113879003555
0.3,0.3,nfmcd_default,0,0.1,0.4383561643835616,0.4050632911392405,0.4210526315789474
0.3,0.3,nfmcd_default,0,0.15,0.56,0.17721518987341772,0.2692307692307692
0.3,0.3,nfmcd_default,0,0.2,0.6,0.0379746835443038,0.07142857142857144
0.3,0.3,nfmcd_default,0,0.25,0.5,0.012658227848101266,0.02469135802469136
0.3,0.3,nfmcd_default,0,0.3,0.0,0.0,0.0
0.3,0.3,nfmcd_default,0,0.4,0.0,0.0,0.0
0.3,0.3,nfmcd_default,0,0.5,0.0,0.0,0.0
0.3,0.3,nfmcd_robust,0,0.05,0.35384615384615387,0.2911392405063291,0.3194444444444444
0.3,0.3,nfmcd_robust,0,0.1,0.47058823529411764,0.10126582278481013,0.16666666666666669
0.3,0.3,nfmcd_robust,0,0.15,0.2,0.012658227848101266,0.023809523809523808
0.3,0.3,nfmcd_robust,0,0.2,0.0,0.0,0.0
0.3,0.3,nfmcd_robust,0,0.25,0.0,0.0,0.0
0.3,0.3,nfmcd_robust,0,0.3,0.0,0.0,0.0
0.3,0.3,nfmcd_robust,0,0.4,0.0,0.0,0.0
0.3,0.3,nfmcd_robust,0,0.5,0.0,0.0,0.0
0.3,0.3,nfmcd_default,1,0.05,0.2535885167464115,0.828125,0.38827838827838823
0.3,0.3,nfmcd_default,1,0.1,0.30952380952380953,0.40625,0.3513513513513513
0.3,0.3,nfmcd_default,1,0.15,0.375,0.140625,0.20454545454545456
0.3,0.3,nfmcd_default,1,0.2,0.5,0.0625,0.1111111111111111
0.3,0.3,nfmcd_default,1,0.25,0.0,0.0,0.0
0.3,0.3,nfmcd_default,1,0.3,0.0,0.0,0.0
0.3,0.3,nfmcd_default,1,0.4,0.0,0.0,0.0
0.3,0.3,nfmcd_default,1,0.5,0.0,0.0,0.0
0.3,0.3,nfmcd_robust,1,0.05,0.19696969696969696,0.203125,0.2
0.3,0.3,nfmcd_robust,1,0.1,0.25,0.0625,0.1
0.3,0.3,nfmcd_robust,1,0.15,0.25,0.015625,0.029411764705882353
0.3,0.3,nfmcd_robust,1,0.2,0.0,0.0,0.0
0.3,0.3,nfmcd_robust,1,0.25,0.0,0.0,0.0
0.3,0.3,nfmcd_robust,1,0.3,0.0,0.0,0.0
0.3,0.3,nfmcd_robust,1,0.4,0.0,0.0,0.0
0.3,0.3,nfmcd_robust,1,0.5,0.0,0.0,0.0
0.3,0.3,nfmcd_default,2,0.05,0.24401913875598086,0.7846153846153846,0.3722627737226278
0.3,0.3,nfmcd_default,2,0.1,0.36585365853658536,0.46153846153846156,0.40816326530612246
0.3,0.3,nfmcd_default,2,0.15,0.5769230769230769,0.23076923076923078,0.3296703296703296
0.3,0.3,nfmcd_default,2,0.2,0.6,0.09230769230769231,0.16
0.3,0.3,nfmcd_default,2,0.25,0.75,0.046153846153846156,0.08695652173913043
0.3,0.3,nfmcd_default,2,0.3,1.0,0.03076923076923077,0.059701492537313446
0.3,0.3,nfmcd_default,2,0.4,0.0,0.0,0.0
0.3,0.3,nfmcd_default,2,0.5,0.0,0.0,0.0
0.3,0.3,nfmcd_robust,2,0.05,0.32,0.36923076923076925,0.34285714285714286
0.3,0.3,nfmcd_robust,2,0.1,0.36,0.13846153846153847,0.2
0.3,0.3,nfmcd_robust,2,0.15,0.4444444444444444,0.06153846153846154,0.10810810810810811
0.3,0.3,nfmcd_robust,2,0.2,0.6666666666666666,0.03076923076923077,0.05882352941176471
0.3,0.3,nfmcd_robust,2,0.25,1.0,0.03076923076923077,0.059701492537313446
0.3,0.3,nfmcd_robust,2,0.3,0.0,0.0,0.0
0.3,0.3,nfmcd_robust,2,0.4,0.0,0.0,0.0
0.3,0.3,nfmcd_robust,2,0.5,0.0,0.0,0.0
0.3,0.3,nfmcd_default,3,0.05,0.26339285714285715,0.9076923076923077,0.40830449826989623
0.3,0.3,nfmcd_default,3,0.1,0.43373493975903615,0.5538461538461539,0.48648648648648646
0.3,0.3,nfmcd_default,3,0.15,0.6521739130434783,0.23076923076923078,0.3409090909090909
0.3,0.3,nfmcd_default,3,0.2,0.8571428571428571,0.09230769230769231,0.16666666666666666
0.3,0.3,nfmcd_default,3,0.25,1.0,0.03076923076923077,0.059701492537313446
0.3,0.3,nfmcd_default,3,0.3,0.0,0.0,0.0
0.3,0.3,nfmcd_default,3,0.4,0.0,0.0,0.0
0.3,0.3,nfmcd_default,3,0.5,0.0,0.0,0.0
0.3,0.3,nfmcd_robust,3,0.05,0.3939393939393939,0.4,0.39694656488549623
0.3,0.3,nfmcd_robust,3,0.1,0.65,0.2,0.30588235294117644
0.3,0.3,nfmcd_robust,3,0.15,0.7142857142857143,0.07692307692307693,0.1388888888888889
0.3,0.3,nfmcd_robust,3,0.2,1.0,0.06153846153846154,0.11594202898550725
0.3,0.3,nfmcd_robust,3,0.25,1.0,0.046153846153846156,0.08823529411764706
0.3,0.3,nfmcd_robust,3,0.3,1.0,0.015384615384615385,0.030303030303030307
0.3,0.3,nfmcd_robust,3,0.4,0.0,0.0,0.0
0.3,0.3,nfmcd_robust,3,0.5,0.0,0.0,0.0
0.3,0.3,nfmcd_default,4,0.05,0.2894736842105263,0.8461538461538461,0.4313725490196079
0.3,0.3,nfmcd_default,4,0.1,0.35384615384615387,0.35384615384615387,0.35384615384615387
0.3,0.3,nfmcd_default,4,0.15,0.48,0.18461538461538463,0.2666666666666667
0.3,0.3,nfmcd_default,4,0.2,0.375,0.046153846153846156,0.08219178082191782
0.3,0.3,nfmcd_default,4,0.25,0.6666666666666666,0.03076923076923077,0.05882352941176471
0.3,0.3,nfmcd_default,4,0.3,0.0,0.0,0.0
0.3,0.3,nfmcd_default,4,0.4,0.0,0.0,0.0
0.3,0.3,nfmcd_default,4,0.5,0.0,0.0,0.0
0.3,0.3,nfmcd_robust,4,0.05,0.3220338983050847,0.2923076923076923,0.3064516129032258
0.3,0.3,nfmcd_robust,4,0.1,0.36363636363636365,0.12307692307692308,0.18390804597701152
0.3,0.3,nfmcd_robust,4,0.15,0.5,0.07692307692307693,0.13333333333333336
0.3,0.3,nfmcd_robust,4,0.2,0.75,0.046153846153846156,0.08695652173913043
0.3,0.3,nfmcd_robust,4,0.25,0.0,0.0,0.0
0.3,0.3,nfmcd_robust,4,0.3,0.0,0.0,0.0
0.3,0.3,nfmcd_robust,4,0.4,0.0,0.0,0.0
0.3,0.3,nfmcd_robust,4,0.5,0.0,0.0,0.0
0.3,0.5,nfmcd_default,0,0.05,0.3444976076555024,0.9113924050632911,0.5
0.3,0.5,nfmcd_default,0,0.1,0.52,0.6582278481012658,0.5810055865921788
0.3,0.5,nfmcd_default,0,0.15,0.725,0.3670886075949367,0.4873949579831932
0.3,0.5,nfmcd_default,0,0.2,0.875,0.17721518987341772,0.29473684210526313
0.3,0.5,nfmcd_default,0,0.25,0.75,0.0759493670886076,0.13793103448275862
0.3,0.5,nfmcd_default,0,0.3,0.6666666666666666,0.02531645569620253,0.048780487804878044
0.3,0.5,nfmcd_default,0,0.4,0.0,0.0,0.0
0.3,0.5,nfmcd_default,0,0.5,0.0,0.0,0.0
0.3,0.5,nfmcd_robust,0,0.05,0.48148148148148145,0.4936708860759494,0.4875
0.3,0.5,nfmcd_robust,0,0.1,0.6774193548387096,0.26582278481012656,0.3818181818181818
0.3,0.5,nfmcd_robust,0,0.15,0.8,0.20253164556962025,0.32323232323232326
0.3,0.5,nfmcd_robust,0,0.2,0.7692307692307693,0.12658227848101267,0.2173913043478261
0.3,0.5,nfmcd_robust,0,0.25,0.75,0.0379746835443038,0.07228915662650602
0.3,0.5,nfmcd_robust,0,0.3,0.0,0.0,0.0
0.3,0.5,nfmcd_robust,0,0.4,0.0,0.0,0.0
0.3,0.5,nfmcd_robust,0,0.5,0.0,0.0,0.0
0.3,0.5,nfmcd_default,1,0.05,0.2511415525114155,0.859375,0.38869257950530034
0.3,0.5,nfmcd_default,1,0.1,0.3838383838383838,0.59375,0.4662576687116564
0.3,0.5,nfmcd_default,1,0.15,0.47058823529411764,0.25,0.32653061224489793
0.3,0.5,nfmcd_default,1,0.2,0.6666666666666666,0.125,0.21052631578947367
0.3,0.5,nfmcd_default,1,0.25,0.8571428571428571,0.09375,0.16901408450704225
0.3,0.5,nfmcd_default,1,0.3,1.0,0.015625,0.03076923076923077
0.3,0.5,nfmcd_default,1,0.4,0.0,0.0,0.0
0.3,0.5,nfmcd_default,1,0.5,0.0,0.0,0.0
0.3,0.5,nfmcd_robust,1,0.05,0.33766233766233766,0.40625,0.36879432624113473
0.3,0.5,nfmcd_robust,1,0.1,0.48,0.1875,0.2696629213483146
0.3,0.5,nfmcd_robust,1,0.15,0.6,0.09375,0.16216216216216214
0.3,0.5,nfmcd_robust,1,0.2,0.6666666666666666,0.03125,0.05970149253731343
0.3,0.5,nfmcd_robust,1,0.25,0.5,0.015625,0.030303030303030304
0.3,0.5,nfmcd_robust,1,0.3,0.0,0.0,0.0
0.3,0.5,nfmcd_robust,1,0.4,0.0,0.0,0.0
0.3,0.5,nfmcd_robust,1,0.5,0.0,0.0,0.0
0.3,0.5,nfmcd_default,2,0.05,0.2597402597402597,0.9230769230769231,0.40540540540540543
0.3,0.5,nfmcd_default,2,0.1,0.3939393939393939,0.6,0.47560975609756095
0.3,0.5,nfmcd_default,2,0.15,0.5454545454545454,0.36923076923076925,0.4403669724770642
0.3,0.5,nfmcd_default,2,0.2,0.6470588235294118,0.16923076923076924,0.2682926829268293
0.3,0.5,nfmcd_default,2,0.25,0.5714285714285714,0.06153846153846154,0.11111111111111112
0.3,0.5,nfmcd_default,2,0.3,1.0,0.03076923076923077,0.059701492537313446
0.3,0.5,nfmcd_default,2,0.4,0.0,0.0,0.0
0.3,0.5,nfmcd_default,2,0.5,0.0,0.0,0.0
0.3,0.5,nfmcd_robust,2,0.05,0.3488372093023256,0.46153846153846156,0.3973509933774834
0.3,0.5,nfmcd_robust,2,0.1,0.4857142857142857,0.26153846153846155,0.34
0.3,0.5,nfmcd_robust,2,0.15,0.7222222222222222,0.2,0.3132530120481928
0.3,0.5,nfmcd_robust,2,0.2,0.7142857142857143,0.07692307692307693,0.1388888888888889
0.3,0.5,nfmcd_robust,2,0.25,1.0,0.015384615384615385,0.030303030303030307
0.3,0.5,nfmcd_robust,2,0.3,0.0,0.0,0.0
0.3,0.5,nfmcd_robust,2,0.4,0.0,0.0,0.0
0.3,0.5,nfmcd_robust,2,0.5,0.0,0.0,0.0
0.3,0.5,nfmcd_default,3,0.05,0.27586206896551724,0.9846153846153847,0.43097643097643096
0.3,0.5,nfmcd_default,3,0.1,0.42990654205607476,0.7076923076923077,0.5348837209302326
0.3,0.5,nfmcd_default,3,0.15,0.5853658536585366,0.36923076923076925,0.4528301886792453
0.3,0.5,nfmcd_default,3,0.2,0.7857142857142857,0.16923076923076924,0.2784810126582279
0.3,0.5,nfmcd_default,3,0.25,1.0,0.09230769230769231,0.16901408450704225
0.3,0.5,nfmcd_default,3,0.3,1.0,0.06153846153846154,0.11594202898550725
0.3,0.5,nfmcd_default,3,0.4,0.0,0.0,0.0
0.3,0.5,nfmcd_default,3,0.5,0.0,0.0,0.0
0.3,0.5,nfmcd_robust,3,0.05,0.4230769230769231,0.5076923076923077,0.46153846153846145
0.3,0.5,nfmcd_robust,3,0.1,0.5806451612903226,0.27692307692307694,0.37500000000000006
0.3,0.5,nfmcd_robust,3,0.15,0.75,0.18461538461538463,0.29629629629629634
0.3,0.5,nfmcd_robust,3,0.2,0.8888888888888888,0.12307692307692308,0.21621621621621623
0.3,0.5,nfmcd_robust,3,0.25,1.0,0.046153846153846156,0.08823529411764706
0.3,0.5,nfmcd_robust,3,0.3,1.0,0.03076923076923077,0.059701492537313446
0.3,0.5,nfmcd_robust,3,0.4,0.0,0.0,0.0
0.3,0.5,nfmcd_robust,3,0.5,0.0,0.0,0.0
0.3,0.5,nfmcd_default,4,0.05,0.29949238578680204,0.9076923076923077,0.45038167938931295
0.3,0.5,nfmcd_default,4,0.1,0.4430379746835443,0.5384615384615384,0.48611111111111105
0.3,0.5,nfmcd_default,4,0.15,0.6153846153846154,0.36923076923076925,0.46153846153846156
0.3,0.5,nfmcd_default,4,0.2,0.631578947368421,0.18461538461538463,0.2857142857142857
0.3,0.5,nfmcd_default,4,0.25,0.7777777777777778,0.1076923076923077,0.18918918918918923
0.3,0.5,nfmcd_default,4,0.3,1.0,0.03076923076923077,0.059701492537313446
0.3,0.5,nfmcd_default,4,0.4,0.0,0.0,0.0
0.3,0.5,nfmcd_default,4,0.5,0.0,0.0,0.0
0.3,0.5,nfmcd_robust,4,0.05,0.3835616438356164,0.4307692307692308,0.40579710144927533
0.3,0.5,nfmcd_robust,4,0.1,0.5,0.26153846153846155,0.3434343434343435
0.3,0.5,nfmcd_robust,4,0.15,0.6666666666666666,0.2153846153846154,0.3255813953488372
0.3,0.5,nfmcd_robust,4,0.2,0.7777777777777778,0.1076923076923077,0.18918918918918923
0.3,0.5,nfmcd_robust,4,0.25,0.8,0.06153846153846154,0.1142857142857143
0.3,0.5,nfmcd_robust,4,0.3,1.0,0.015384615384615385,0.030303030303030307
0.3,0.5,nfmcd_robust,4,0.4,0.0,0.0,0.0
0.3,0.5,nfmcd_robust,4,0.5,0.0,0.0,0.0
0.3,0.7,nfmcd_default,0,0.05,0.3515981735159817,0.9746835443037974,0.5167785234899328
0.3,0.7,nfmcd_default,0,0.1,0.5254237288135594,0.7848101265822784,0.6294416243654822
0.3,0.7,nfmcd_default,0,0.15,0.703125,0.569620253164557,0.6293706293706295
0.3,0.7,nfmcd_default,0,0.2,0.7804878048780488,0.4050632911392405,0.5333333333333333
0.3,0.7,nfmcd_default,0,0.25,0.8333333333333334,0.25316455696202533,0.3883495145631068
0.3,0.7,nfmcd_default,0,0.3,0.9090909090909091,0.12658227848101267,0.22222222222222224
0.3,0.7,nfmcd_default,0,0.4,0.0,0.0,0.0
0.3,0.7,nfmcd_default,0,0.5,0.0,0.0,0.0
0.3,0.7,nfmcd_robust,0,0.05,0.5353535353535354,0.6708860759493671,0.595505617977528
0.3,0.7,nfmcd_robust,0,0.1,0.7142857142857143,0.5063291139240507,0.5925925925925926
0.3,0.7,nfmcd_robust,0,0.15,0.825,0.4177215189873418,0.5546218487394958
0.3,0.7,nfmcd_robust,0,0.2,0.8695652173913043,0.25316455696202533,0.3921568627450981
0.3,0.7,nfmcd_robust,0,0.25,0.8571428571428571,0.1518987341772152,0.25806451612903225
0.3,0.7,nfmcd_robust,0,0.3,0.9090909090909091,0.12658227848101267,0.22222222222222224
0.3,0.7,nfmcd_robust,0,0.4,1.0,0.02531645569620253,0.04938271604938272
0.3,0.7,nfmcd_robust,0,0.5,0.0,0.0,0.0
0.3,0.7,nfmcd_default,1,0.05,0.2727272727272727,0.984375,0.4271186440677966
0.3,0.7,nfmcd_default,1,0.1,0.41025641025641024,0.75,0.5303867403314918
0.3,0.7,nfmcd_default,1,0.15,0.6346153846153846,0.515625,0.5689655172413792
0.3,0.7,nfmcd_default,1,0.2,0.7241379310344828,0.328125,0.45161290322580655
0.3,0.7,nfmcd_default,1,0.25,0.75,0.234375,0.35714285714285715
0.3,0.7,nfmcd_default,1,0.3,0.9,0.140625,0.24324324324324326
0.3,0.7,nfmcd_default,1,0.4,0.0,0.0,0.0
0.3,0.7,nfmcd_default,1,0.5,0.0,0.0,0.0
0.3,0.7,nfmcd_robust,1,0.05,0.39,0.609375,0.475609756097561
0.3,0.7,nfmcd_robust,1,0.1,0.6578947368421053,0.390625,0.4901960784313726
0.3,0.7,nfmcd_robust,1,0.15,0.68,0.265625,0.38202247191011235
0.3,0.7,nfmcd_robust,1,0.2,0.7647058823529411,0.203125,0.3209876543209877
0.3,0.7,nfmcd_robust,1,0.25,0.8,0.1875,0.3037974683544304
0.3,0.7,nfmcd_robust,1,0.3,1.0,0.125,0.2222222222222222
0.3,0.7,nfmcd_robust,1,0.4,1.0,0.015625,0.03076923076923077
0.3,0.7,nfmcd_robust,1,0.5,0.0,0.0,0.0
0.3,0.7,nfmcd_default,2,0.05,0.2692307692307692,0.9692307692307692,0.42140468227424743
0.3,0.7,nfmcd_default,2,0.1,0.42592592592592593,0.7076923076923077,0.5317919075144509
0.3,0.7,nfmcd_default,2,0.15,0.5818181818181818,0.49230769230769234,0.5333333333333333
0.3,0.7,nfmcd_default,2,0.2,0.7333333333333333,0.3384615384615385,0.4631578947368421
0.3,0.7,nfmcd_default,2,0.25,0.9230769230769231,0.18461538461538463,0.3076923076923077
0.3,0.7,nfmcd_default,2,0.3,1.0,0.09230769230769231,0.16901408450704225
0.3,0.7,nfmcd_default,2,0.4,0.0,0.0,0.0
0.3,0.7,nfmcd_default,2,0.5,0.0,0.0,0.0
0.3,0.7,nfmcd_robust,2,0.05,0.45918367346938777,0.6923076923076923,0.5521472392638037
0.3,0.7,nfmcd_robust,2,0.1,0.5555555555555556,0.46153846153846156,0.504201680672269
0.3,0.7,nfmcd_robust,2,0.15,0.7,0.3230769230769231,0.4421052631578948
0.3,0.7,nfmcd_robust,2,0.2,0.85,0.26153846153846155,0.4
0.3,0.7,nfmcd_robust,2,0.25,0.875,0.1076923076923077,0.1917808219178082
0.3,0.7,nfmcd_robust,2,0.3,1.0,0.046153846153846156,0.08823529411764706
0.3,0.7,nfmcd_robust,2,0.4,0.0,0.0,0.0
0.3,0.7,nfmcd_robust,2,0.5,0.0,0.0,0.0
0.3,0.7,nfmcd_default,3,0.05,0.2674897119341564,1.0,0.4220779220779221
0.3,0.7,nfmcd_default,3,0.1,0.4491525423728814,0.8153846153846154,0.5792349726775957
0.3,0.7,nfmcd_default,3,0.15,0.6290322580645161,0.6,0.6141732283464566
0.3,0.7,nfmcd_default,3,0.2,0.7741935483870968,0.36923076923076925,0.5
0.3,0.7,nfmcd_default,3,0.25,0.9333333333333333,0.2153846153846154,0.3500000000000001
0.3,0.7,nfmcd_default,3,0.3,1.0,0.09230769230769231,0.16901408450704225
0.3,0.7,nfmcd_default,3,0.4,0.0,0.0,0.0
0.3,0.7,nfmcd_default,3,0.5,0.0,0.0,0.0
0.3,0.7,nfmcd_robust,3,0.05,0.4574468085106383,0.6615384615384615,0.540880503144654
0.3,0.7,nfmcd_robust,3,0.1,0.6666666666666666,0.4307692307692308,0.5233644859813084
0.3,0.7,nfmcd_robust,3,0.15,0.84,0.3230769230769231,0.4666666666666667
0.3,0.7,nfmcd_robust,3,0.2,0.9166666666666666,0.16923076923076924,0.28571428571428575
0.3,0.7,nfmcd_robust,3,0.25,1.0,0.12307692307692308,0.21917808219178084
0.3,0.7,nfmcd_robust,3,0.3,1.0,0.1076923076923077,0.19444444444444445
0.3,0.7,nfmcd_robust,3,0.4,0.0,0.0,0.0
0.3,0.7,nfmcd_robust,3,0.5,0.0,0.0,0.0
0.3,0.7,nfmcd_default,4,0.05,0.2903225806451613,0.9692307692307692,0.4468085106382979
0.3,0.7,nfmcd_default,4,0.1,0.4854368932038835,0.7692307692307693,0.5952380952380952
0.3,0.7,nfmcd_default,4,0.15,0.6,0.5076923076923077,0.5499999999999999
0.3,0.7,nfmcd_default,4,0.2,0.78125,0.38461538461538464,0.5154639175257733
0.3,0.7,nfmcd_default,4,0.25,1.0,0.23076923076923078,0.375
0.3,0.7,nfmcd_default,4,0.3,1.0,0.07692307692307693,0.14285714285714288
0.3,0.7,nfmcd_default,4,0.4,0.0,0.0,0.0
0.3,0.7,nfmcd_default,4,0.5,0.0,0.0,0.0
0.3,0.7,nfmcd_robust,4,0.05,0.44680851063829785,0.6461538461538462,0.5283018867924528
0.3,0.7,nfmcd_robust,4,0.1,0.6274509803921569,0.49230769230769234,0.5517241379310345
0.3,0.7,nfmcd_robust,4,0.15,0.7241379310344828,0.3230769230769231,0.44680851063829785
0.3,0.7,nfmcd_robust,4,0.2,0.9375,0.23076923076923078,0.37037037037037035
0.3,0.7,nfmcd_robust,4,0.25,1.0,0.2,0.33333333333333337
0.3,0.7,nfmcd_robust,4,0.3,1.0,0.07692307692307693,0.14285714285714288
0.3,0.7,nfmcd_robust,4,0.4,0.0,0.0,0.0
0.3,0.7,nfmcd_robust,4,0.5,0.0,0.0,0.0
0.3,1.0,nfmcd_default,0,0.05,0.3263598326359833,0.9873417721518988,0.4905660377358491
0.3,1.0,nfmcd_default,0,0.1,0.5639097744360902,0.9493670886075949,0.7075471698113207
0.3,1.0,nfmcd_default,0,0.15,0.7560975609756098,0.7848101265822784,0.7701863354037267
0.3,1.0,nfmcd_default,0,0.2,0.864406779661017,0.6455696202531646,0.7391304347826088
0.3,1.0,nfmcd_default,0,0.25,0.8536585365853658,0.4430379746835443,0.5833333333333333
0.3,1.0,nfmcd_default,0,0.3,0.8095238095238095,0.21518987341772153,0.33999999999999997
0.3,1.0,nfmcd_default,0,0.4,0.0,0.0,0.0
0.3,1.0,nfmcd_default,0,0.5,0.0,0.0,0.0
0.3,1.0,nfmcd_robust,0,0.05,0.5982905982905983,0.8860759493670886,0.7142857142857142
0.3,1.0,nfmcd_robust,0,0.1,0.7792207792207793,0.759493670886076,0.7692307692307693
0.3,1.0,nfmcd_robust,0,0.15,0.8484848484848485,0.7088607594936709,0.7724137931034484
0.3,1.0,nfmcd_robust,0,0.2,0.8909090909090909,0.620253164556962,0.7313432835820896
0.3,1.0,nfmcd_robust,0,0.25,0.8974358974358975,0.4430379746835443,0.5932203389830508
0.3,1.0,nfmcd_robust,0,0.3,0.92,0.2911392405063291,0.4423076923076923
0.3,1.0,nfmcd_robust,0,0.4,1.0,0.012658227848101266,0.024999999999999998
0.3,1.0,nfmcd_robust,0,0.5,0.0,0.0,0.0
0.3,1.0,nfmcd_default,1,0.05,0.27350427350427353,1.0,0.4295302013422819
0.3,1.0,nfmcd_default,1,0.1,0.45454545454545453,0.859375,0.5945945945945946
0.3,1.0,nfmcd_default,1,0.15,0.6119402985074627,0.640625,0.6259541984732824
0.3,1.0,nfmcd_default,1,0.2,0.7333333333333333,0.515625,0.6055045871559632
0.3,1.0,nfmcd_default,1,0.25,0.8,0.375,0.5106382978723405
0.3,1.0,nfmcd_default,1,0.3,0.7272727272727273,0.125,0.21333333333333335
0.3,1.0,nfmcd_default,1,0.4,0.0,0.0,0.0
0.3,1.0,nfmcd_default,1,0.5,0.0,0.0,0.0
0.3,1.0,nfmcd_robust,1,0.05,0.4778761061946903,0.84375,0.6101694915254238
0.3,1.0,nfmcd_robust,1,0.1,0.676923076923077,0.6875,0.6821705426356589
0.3,1.0,nfmcd_robust,1,0.15,0.7708333333333334,0.578125,0.6607142857142857
0.3,1.0,nfmcd_robust,1,0.2,0.8108108108108109,0.46875,0.594059405940594
0.3,1.0,nfmcd_robust,1,0.25,0.8275862068965517,0.375,0.5161290322580646
0.3,1.0,nfmcd_robust,1,0.3,0.8636363636363636,0.296875,0.441860465116279
0.3,1.0,nfmcd_robust,1,0.4,1.0,0.0625,0.11764705882352941
0.3,1.0,nfmcd_robust,1,0.5,0.0,0.0,0.0
0.3,1.0,nfmcd_default,2,0.05,0.2631578947368421,1.0,0.4166666666666667
0.3,1.0,nfmcd_default,2,0.1,0.44715447154471544,0.8461538461538461,0.5851063829787234
0.3,1.0,nfmcd_default,2,0.15,0.5909090909090909,0.6,0.5954198473282443
0.3,1.0,nfmcd_default,2,0.2,0.7073170731707317,0.4461538461538462,0.5471698113207548
0.3,1.0,nfmcd_default,2,0.25,0.76,0.2923076923076923,0.4222222222222222
0.3,1.0,nfmcd_default,2,0.3,0.9230769230769231,0.18461538461538463,0.3076923076923077
0.3,1.0,nfmcd_default,2,0.4,0.0,0.0,0.0
0.3,1.0,nfmcd_default,2,0.5,0.0,0.0,0.0
0.3,1.0,nfmcd_robust,2,0.05,0.4645669291338583,0.9076923076923077,0.6145833333333334
0.3,1.0,nfmcd_robust,2,0.1,0.6086956521739131,0.6461538461538462,0.6268656716417911
0.3,1.0,nfmcd_robust,2,0.15,0.7555555555555555,0.5230769230769231,0.6181818181818183
0.3,1.0,nfmcd_robust,2,0.2,0.8387096774193549,0.4,0.5416666666666666
0.3,1.0,nfmcd_robust,2,0.25,0.8260869565217391,0.2923076923076923,0.4318181818181819
0.3,1.0,nfmcd_robust,2,0.3,0.9375,0.23076923076923078,0.37037037037037035
0.3,1.0,nfmcd_robust,2,0.4,1.0,0.03076923076923077,0.059701492537313446
0.3,1.0,nfmcd_robust,2,0.5,0.0,0.0,0.0
0.3,1.0,nfmcd_default,3,0.05,0.2589641434262948,1.0,0.4113924050632911
0.3,1.0,nfmcd_default,3,0.1,0.46511627906976744,0.9230769230769231,0.6185567010309279
0.3,1.0,nfmcd_default,3,0.15,0.6666666666666666,0.676923076923077,0.6717557251908397
0.3,1.0,nfmcd_default,3,0.2,0.8157894736842105,0.47692307692307695,0.6019417475728156
0.3,1.0,nfmcd_default,3,0.25,0.8846153846153846,0.35384615384615387,0.5054945054945055
0.3,1.0,nfmcd_default,3,0.3,0.8333333333333334,0.15384615384615385,0.25974025974025977
0.3,1.0,nfmcd_default,3,0.4,0.0,0.0,0.0
0.3,1.0,nfmcd_default,3,0.5,0.0,0.0,0.0
0.3,1.0,nfmcd_robust,3,0.05,0.49137931034482757,0.8769230769230769,0.6298342541436464
0.3,1.0,nfmcd_robust,3,0.1,0.6984126984126984,0.676923076923077,0.6875
0.3,1.0,nfmcd_robust,3,0.15,0.8648648648648649,0.49230769230769234,0.6274509803921569
0.3,1.0,nfmcd_robust,3,0.2,0.9259259259259259,0.38461538461538464,0.5434782608695653
0.3,1.0,nfmcd_robust,3,0.25,0.9545454545454546,0.3230769230769231,0.4827586206896552
0.3,1.0,nfmcd_robust,3,0.3,0.9411764705882353,0.24615384615384617,0.3902439024390244
0.3,1.0,nfmcd_robust,3,0.4,1.0,0.03076923076923077,0.059701492537313446
0.3,1.0,nfmcd_robust,3,0.5,0.0,0.0,0.0
0.3,1.0,nfmcd_default,4,0.05,0.28888888888888886,1.0,0.4482758620689655
0.3,1.0,nfmcd_default,4,0.1,0.5172413793103449,0.9230769230769231,0.6629834254143646
0.3,1.0,nfmcd_default,4,0.15,0.6376811594202898,0.676923076923077,0.6567164179104477
0.3,1.0,nfmcd_default,4,0.2,0.7551020408163265,0.5692307692307692,0.6491228070175438
0.3,1.0,nfmcd_default,4,0.25,0.7941176470588235,0.4153846153846154,0.5454545454545455
0.3,1.0,nfmcd_default,4,0.3,0.8947368421052632,0.26153846153846155,0.40476190476190477
0.3,1.0,nfmcd_default,4,0.4,0.0,0.0,0.0
0.3,1.0,nfmcd_default,4,0.5,0.0,0.0,0.0
0.3,1.0,nfmcd_robust,4,0.05,0.5,0.8461538461538461,0.6285714285714286
0.3,1.0,nfmcd_robust,4,0.1,0.6197183098591549,0.676923076923077,0.6470588235294118
0.3,1.0,nfmcd_robust,4,0.15,0.72,0.5538461538461539,0.6260869565217391
0.3,1.0,nfmcd_robust,4,0.2,0.9117647058823529,0.47692307692307695,0.6262626262626263
0.3,1.0,nfmcd_robust,4,0.25,0.88,0.3384615384615385,0.48888888888888893
0.3,1.0,nfmcd_robust,4,0.3,0.9333333333333333,0.2153846153846154,0.3500000000000001
0.3,1.0,nfmcd_robust,4,0.4,0.0,0.0,0.0
0.3,1.0,nfmcd_robust,4,0.5,0.0,0.0,0.0
0.4,0.0,nfmcd_default,1,0.05,0.30158730158730157,0.6195652173913043,0.4056939501779359
0.4,0.0,nfmcd_default,1,0.1,0.3125,0.16304347826086957,0.2142857142857143
0.4,0.0,nfmcd_default,1,0.15,0.15384615384615385,0.021739130434782608,0.0380952380952381
0.4,0.0,nfmcd_default,1,0.2,0.0,0.0,0.0
0.4,0.0,nfmcd_default,1,0.25,0.0,0.0,0.0
0.4,0.0,nfmcd_default,1,0.3,0.0,0.0,0.0
0.4,0.0,nfmcd_default,1,0.4,0.0,0.0,0.0
0.4,0.0,nfmcd_default,1,0.5,0.0,0.0,0.0
0.4,0.0,nfmcd_robust,1,0.05,0.35294117647058826,0.1956521739130435,0.2517482517482518
0.4,0.0,nfmcd_robust,1,0.1,0.4,0.06521739130434782,0.11214953271028037
0.4,0.0,nfmcd_robust,1,0.15,0.0,0.0,0.0
0.4,0.0,nfmcd_robust,1,0.2,0.0,0.0,0.0
0.4,0.0,nfmcd_robust,1,0.25,0.0,0.0,0.0
0.4,0.0,nfmcd_robust,1,0.3,0.0,0.0,0.0
0.4,0.0,nfmcd_robust,1,0.4,0.0,0.0,0.0
0.4,0.0,nfmcd_robust,1,0.5,0.0,0.0,0.0
0.4,0.0,nfmcd_default,0,0.05,0.33146067415730335,0.5841584158415841,0.4229390681003584
0.4,0.0,nfmcd_default,0,0.1,0.2653061224489796,0.12871287128712872,0.17333333333333334
0.4,0.0,nfmcd_default,0,0.15,0.35714285714285715,0.04950495049504951,0.08695652173913043
0.4,0.0,nfmcd_default,0,0.2,0.0,0.0,0.0
0.4,0.0,nfmcd_default,0,0.25,0.0,0.0,0.0
0.4,0.0,nfmcd_default,0,0.3,0.0,0.0,0.0
0.4,0.0,nfmcd_default,0,0.4,0.0,0.0,0.0
0.4,0.0,nfmcd_default,0,0.5,0.0,0.0,0.0
0.4,0.0,nfmcd_robust,0,0.05,0.3023255813953488,0.12871287128712872,0.18055555555555555
0.4,0.0,nfmcd_robust,0,0.1,0.36363636363636365,0.039603960396039604,0.07142857142857144
0.4,0.0,nfmcd_robust,0,0.15,0.0,0.0,0.0
0.4,0.0,nfmcd_robust,0,0.2,0.0,0.0,0.0
0.4,0.0,nfmcd_robust,0,0.25,0.0,0.0,0.0
0.4,0.0,nfmcd_robust,0,0.3,0.0,0.0,0.0
0.4,0.0,nfmcd_robust,0,0.4,0.0,0.0,0.0
0.4,0.0,nfmcd_robust,0,0.5,0.0,0.0,0.0
0.4,0.0,nfmcd_default,2,0.05,0.30456852791878175,0.6593406593406593,0.4166666666666667
0.4,0.0,nfmcd_default,2,0.1,0.2459016393442623,0.16483516483516483,0.19736842105263155
0.4,0.0,nfmcd_default,2,0.15,0.3157894736842105,0.06593406593406594,0.1090909090909091
0.4,0.0,nfmcd_default,2,0.2,0.2857142857142857,0.02197802197802198,0.040816326530612256
0.4,0.0,nfmcd_default,2,0.25,0.0,0.0,0.0
0.4,0.0,nfmcd_default,2,0.3,0.0,0.0,0.0
0.4,0.0,nfmcd_default,2,0.4,0.0,0.0,0.0
0.4,0.0,nfmcd_default,2,0.5,0.0,0.0,0.0
0.4,0.0,nfmcd_robust,2,0.05,0.22,0.12087912087912088,0.15602836879432624
0.4,0.0,nfmcd_robust,2,0.1,0.2857142857142857,0.06593406593406594,0.10714285714285714
0.4,0.0,nfmcd_robust,2,0.15,0.2,0.01098901098901099,0.02083333333333334
0.4,0.0,nfmcd_robust,2,0.2,0.0,0.0,0.0
0.4,0.0,nfmcd_robust,2,0.25,0.0,0.0,0.0
0.4,0.0,nfmcd_robust,2,0.3,0.0,0.0,0.0
0.4,0.0,nfmcd_robust,2,0.4,0.0,0.0,0.0
0.4,0.0,nfmcd_robust,2,0.5,0.0,0.0,0.0
0.4,0.0,nfmcd_default,3,0.05,0.3582089552238806,0.7422680412371134,0.48322147651006714
0.4,0.0,nfmcd_default,3,0.1,0.34328358208955223,0.23711340206185566,0.2804878048780488
0.4,0.0,nfmcd_default,3,0.15,0.42857142857142855,0.061855670103092786,0.10810810810810811
0.4,0.0,nfmcd_default,3,0.2,0.3333333333333333,0.010309278350515464,0.02
0.4,0.0,nfmcd_default,3,0.25,0.0,0.0,0.0
0.4,0.0,nfmcd_default,3,0.3,0.0,0.0,0.0
0.4,0.0,nfmcd_default,3,0.4,0.0,0.0,0.0
0.4,0.0,nfmcd_default,3,0.5,0.0,0.0,0.0
0.4,0.0,nfmcd_robust,3,0.05,0.37037037037037035,0.20618556701030927,0.2649006622516556
0.4,0.0,nfmcd_robust,3,0.1,0.4375,0.07216494845360824,0.12389380530973451
0.4,0.0,nfmcd_robust,3,0.15,0.3333333333333333,0.020618556701030927,0.03883495145631068
0.4,0.0,nfmcd_robust,3,0.2,0.0,0.0,0.0
0.4,0.0,nfmcd_robust,3,0.25,0.0,0.0,0.0
0.4,0.0,nfmcd_robust,3,0.3,0.0,0.0,0.0
0.4,0.0,nfmcd_robust,3,0.4,0.0,0.0,0.0
0.4,0.0,nfmcd_robust,3,0.5,0.0,0.0,0.0
0.4,0.0,nfmcd_default,4,0.05,0.310126582278481,0.5157894736842106,0.38735177865612647
0.4,0.0,nfmcd_default,4,0.1,0.26,0.1368421052631579,0.17931034482758623
0.4,0.0,nfmcd_default,4,0.15,0.15384615384615385,0.021052631578947368,0.037037037037037035
0.4,0.0,nfmcd_default,4,0.2,0.0,0.0,0.0
0.4,0.0,nfmcd_default,4,0.25,0.0,0.0,0.0
0.4,0.0,nfmcd_default,4,0.3,0.0,0.0,0.0
0.4,0.0,nfmcd_default,4,0.4,0.0,0.0,0.0
0.4,0.0,nfmcd_default,4,0.5,0.0,0.0,0.0
0.4,0.0,nfmcd_robust,4,0.05,0.32653061224489793,0.16842105263157894,0.2222222222222222
0.4,0.0,nfmcd_robust,4,0.1,0.09090909090909091,0.010526315789473684,0.018867924528301886
0.4,0.0,nfmcd_robust,4,0.15,0.0,0.0,0.0
0.4,0.0,nfmcd_robust,4,0.2,0.0,0.0,0.0
0.4,0.0,nfmcd_robust,4,0.25,0.0,0.0,0.0
0.4,0.0,nfmcd_robust,4,0.3,0.0,0.0,0.0
0.4,0.0,nfmcd_robust,4,0.4,0.0,0.0,0.0
0.4,0.0,nfmcd_robust,4,0.5,0.0,0.0,0.0
0.4,0.3,nfmcd_default,0,0.05,0.3778801843317972,0.8118811881188119,0.5157232704402516
0.4,0.3,nfmcd_default,0,0.1,0.42857142857142855,0.3564356435643564,0.38918918918918916
0.4,0.3,nfmcd_default,0,0.15,0.6,0.1485148514851485,0.23809523809523808
0.4,0.3,nfmcd_default,0,0.2,0.875,0.06930693069306931,0.12844036697247707
0.4,0.3,nfmcd_default,0,0.25,0.75,0.0297029702970297,0.05714285714285714
0.4,0.3,nfmcd_default,0,0.3,1.0,0.009900990099009901,0.0196078431372549
0.4,0.3,nfmcd_default,0,0.4,0.0,0.0,0.0
0.4,0.3,nfmcd_default,0,0.5,0.0,0.0,0.0
0.4,0.3,nfmcd_robust,0,0.05,0.5076923076923077,0.32673267326732675,0.3975903614457831
0.4,0.3,nfmcd_robust,0,0.1,0.6,0.1485148514851485,0.23809523809523808
0.4,0.3,nfmcd_robust,0,0.15,0.75,0.0594059405940594,0.11009174311926605
0.4,0.3,nfmcd_robust,0,0.2,0.75,0.0297029702970297,0.05714285714285714
0.4,0.3,nfmcd_robust,0,0.25,1.0,0.019801980198019802,0.038834951456310676
0.4,0.3,nfmcd_robust,0,0.3,1.0,0.009900990099009901,0.0196078431372549
0.4,0.3,nfmcd_robust,0,0.4,0.0,0.0,0.0
0.4,0.3,nfmcd_robust,0,0.5,0.0,0.0,0.0
0.4,0.3,nfmcd_default,1,0.05,0.33480176211453744,0.8260869565217391,0.47648902821316613
0.4,0.3,nfmcd_default,1,0.1,0.4659090909090909,0.44565217391304346,0.45555555555555555
0.4,0.3,nfmcd_default,1,0.15,0.46153846153846156,0.13043478260869565,0.20338983050847456
0.4,0.3,nfmcd_default,1,0.2,0.6666666666666666,0.08695652173913043,0.15384615384615383
0.4,0.3,nfmcd_default,1,0.25,0.75,0.03260869565217391,0.06249999999999999
0.4,0.3,nfmcd_default,1,0.3,1.0,0.021739130434782608,0.042553191489361694
0.4,0.3,nfmcd_default,1,0.4,0.0,0.0,0.0
0.4,0.3,nfmcd_default,1,0.5,0.0,0.0,0.0
0.4,0.3,nfmcd_robust,1,0.05,0.43243243243243246,0.34782608695652173,0.38554216867469876
0.4,0.3,nfmcd_robust,1,0.1,0.5769230769230769,0.16304347826086957,0.2542372881355932
0.4,0.3,nfmcd_robust,1,0.15,0.5454545454545454,0.06521739130434782,0.11650485436893204
0.4,0.3,nfmcd_robust,1,0.2,0.5,0.03260869565217391,0.06122448979591836
0.4,0.3,nfmcd_robust,1,0.25,1.0,0.010869565217391304,0.02150537634408602
0.4,0.3,nfmcd_robust,1,0.3,1.0,0.010869565217391304,0.02150537634408602
0.4,0.3,nfmcd_robust,1,0.4,0.0,0.0,0.0
0.4,0.3,nfmcd_robust,1,0.5,0.0,0.0,0.0
0.4,0.3,nfmcd_default,2,0.05,0.34513274336283184,0.8571428571428571,0.4921135646687697
0.4,0.3,nfmcd_default,2,0.1,0.4782608695652174,0.4835164835164835,0.48087431693989074
0.4,0.3,nfmcd_default,2,0.15,0.42857142857142855,0.1978021978021978,0.2706766917293233
0.4,0.3,nfmcd_default,2,0.2,0.35714285714285715,0.054945054945054944,0.09523809523809525
0.4,0.3,nfmcd_default,2,0.25,0.5,0.03296703296703297,0.061855670103092786
0.4,0.3,nfmcd_default,2,0.3,0.0,0.0,0.0
0.4,0.3,nfmcd_default,2,0.4,0.0,0.0,0.0
0.4,0.3,nfmcd_default,2,0.5,0.0,0.0,0.0
0.4,0.3,nfmcd_robust,2,0.05,0.4084507042253521,0.31868131868131866,0.35802469135802467
0.4,0.3,nfmcd_robust,2,0.1,0.3448275862068966,0.10989010989010989,0.16666666666666666
0.4,0.3,nfmcd_robust,2,0.15,0.38461538461538464,0.054945054945054944,0.09615384615384616
0.4,0.3,nfmcd_robust,2,0.2,0.4,0.02197802197802198,0.04166666666666668
0.4,0.3,nfmcd_robust,2,0.25,0.3333333333333333,0.01098901098901099,0.02127659574468085
0.4,0.3,nfmcd_robust,2,0.3,1.0,0.01098901098901099,0.02173913043478261
0.4,0.3,nfmcd_robust,2,0.4,0.0,0.0,0.0
0.4,0.3,nfmcd_robust,2,0.5,0.0,0.0,0.0
0.4,0.3,nfmcd_default,3,0.05,0.3888888888888889,0.9381443298969072,0.5498489425981873
0.4,0.3,nfmcd_default,3,0.1,0.4909090909090909,0.5567010309278351,0.5217391304347826
0.4,0.3,nfmcd_default,3,0.15,0.5641025641025641,0.2268041237113402,0.32352941176470584
0.4,0.3,nfmcd_default,3,0.2,0.5882352941176471,0.10309278350515463,0.17543859649122806
0.4,0.3,nfmcd_default,3,0.25,0.6666666666666666,0.020618556701030927,0.04
0.4,0.3,nfmcd_default,3,0.3,0.0,0.0,0.0
0.4,0.3,nfmcd_default,3,0.4,0.0,0.0,0.0
0.4,0.3,nfmcd_default,3,0.5,0.0,0.0,0.0
0.4,0.3,nfmcd_robust,3,0.05,0.42528735632183906,0.38144329896907214,0.4021739130434782
0.4,0.3,nfmcd_robust,3,0.1,0.46875,0.15463917525773196,0.23255813953488375
0.4,0.3,nfmcd_robust,3,0.15,0.2727272727272727,0.030927835051546393,0.05555555555555555
0.4,0.3,nfmcd_robust,3,0.2,0.2,0.010309278350515464,0.0196078431372549
0.4,0.3,nfmcd_robust,3,0.25,0.0,0.0,0.0
0.4,0.3,nfmcd_robust,3,0.3,0.0,0.0,0.0
0.4,0.3,nfmcd_robust,3,0.4,0.0,0.0,0.0
0.4,0.3,nfmcd_robust,3,0.5,0.0,0.0,0.0
0.4,0.3,nfmcd_default,4,0.05,0.3802083333333333,0.7684210526315789,0.5087108013937282
0.4,0.3,nfmcd_default,4,0.1,0.4430379746835443,0.3684210526315789,0.40229885057471265
0.4,0.3,nfmcd_default,4,0.15,0.5714285714285714,0.16842105263157894,0.2601626016260163
0.4,0.3,nfmcd_default,4,0.2,0.6363636363636364,0.07368421052631578,0.1320754716981132
0.4,0.3,nfmcd_default,4,0.25,0.6,0.031578947368421054,0.060000000000000005
0.4,0.3,nfmcd_default,4,0.3,0.3333333333333333,0.010526315789473684,0.020408163265306124
0.4,0.3,nfmcd_default,4,0.4,0.0,0.0,0.0
0.4,0.3,nfmcd_default,4,0.5,0.0,0.0,0.0
0.4,0.3,nfmcd_robust,4,0.05,0.39436619718309857,0.29473684210526313,0.3373493975903614
0.4,0.3,nfmcd_robust,4,0.1,0.5,0.14736842105263157,0.2276422764227642
0.4,0.3,nfmcd_robust,4,0.15,0.625,0.05263157894736842,0.0970873786407767
0.4,0.3,nfmcd_robust,4,0.2,0.6666666666666666,0.042105263157894736,0.0792079207920792
0.4,0.3,nfmcd_robust,4,0.25,0.0,0.0,0.0
0.4,0.3,nfmcd_robust,4,0.3,0.0,0.0,0.0
0.4,0.3,nfmcd_robust,4,0.4,0.0,0.0,0.0
0.4,0.3,nfmcd_robust,4,0.5,0.0,0.0,0.0
0.4,0.5,nfmcd_default,0,0.05,0.38934426229508196,0.9405940594059405,0.5507246376811594
0.4,0.5,nfmcd_default,0,0.1,0.5294117647058824,0.6237623762376238,0.5727272727272728
0.4,0.5,nfmcd_default,0,0.15,0.7058823529411765,0.3564356435643564,0.47368421052631576
0.4,0.5,nfmcd_default,0,0.2,0.7777777777777778,0.13861386138613863,0.23529411764705885
0.4,0.5,nfmcd_default,0,0.25,0.8181818181818182,0.0891089108910891,0.16071428571428573
0.4,0.5,nfmcd_default,0,0.3,0.8,0.039603960396039604,0.07547169811320754
0.4,0.5,nfmcd_default,0,0.4,0.0,0.0,0.0
0.4,0.5,nfmcd_default,0,0.5,0.0,0.0,0.0
0.4,0.5,nfmcd_robust,0,0.05,0.6179775280898876,0.5445544554455446,0.5789473684210527
0.4,0.5,nfmcd_robust,0,0.1,0.6829268292682927,0.27722772277227725,0.3943661971830986
0.4,0.5,nfmcd_robust,0,0.15,0.7727272727272727,0.16831683168316833,0.2764227642276423
0.4,0.5,nfmcd_robust,0,0.2,0.9166666666666666,0.10891089108910891,0.1946902654867257
0.4,0.5,nfmcd_robust,0,0.25,0.875,0.06930693069306931,0.12844036697247707
0.4,0.5,nfmcd_robust,0,0.3,0.75,0.0297029702970297,0.05714285714285714
0.4,0.5,nfmcd_robust,0,0.4,0.0,0.0,0.0
0.4,0.5,nfmcd_robust,0,0.5,0.0,0.0,0.0
0.4,0.5,nfmcd_default,1,0.05,0.35319148936170214,0.9021739130434783,0.507645259938838
0.4,0.5,nfmcd_default,1,0.1,0.5446428571428571,0.6630434782608695,0.5980392156862744
0.4,0.5,nfmcd_default,1,0.15,0.5652173913043478,0.2826086956521739,0.3768115942028985
0.4,0.5,nfmcd_default,1,0.2,0.7368421052631579,0.15217391304347827,0.2522522522522523
0.4,0.5,nfmcd_default,1,0.25,0.6923076923076923,0.09782608695652174,0.17142857142857143
0.4,0.5,nfmcd_default,1,0.3,0.8571428571428571,0.06521739130434782,0.12121212121212122
0.4,0.5,nfmcd_default,1,0.4,0.0,0.0,0.0
0.4,0.5,nfmcd_default,1,0.5,0.0,0.0,0.0
0.4,0.5,nfmcd_robust,1,0.05,0.48314606741573035,0.4673913043478261,0.47513812154696133
0.4,0.5,nfmcd_robust,1,0.1,0.65625,0.22826086956521738,0.33870967741935476
0.4,0.5,nfmcd_robust,1,0.15,0.75,0.16304347826086957,0.26785714285714285
0.4,0.5,nfmcd_robust,1,0.2,0.5555555555555556,0.05434782608695652,0.099009900990099
0.4,0.5,nfmcd_robust,1,0.25,0.8,0.043478260869565216,0.08247422680412371
0.4,0.5,nfmcd_robust,1,0.3,0.75,0.03260869565217391,0.06249999999999999
0.4,0.5,nfmcd_robust,1,0.4,0.0,0.0,0.0
0.4,0.5,nfmcd_robust,1,0.5,0.0,0.0,0.0
0.4,0.5,nfmcd_default,2,0.05,0.3346153846153846,0.9560439560439561,0.4957264957264957
0.4,0.5,nfmcd_default,2,0.1,0.48739495798319327,0.6373626373626373,0.5523809523809524
0.4,0.5,nfmcd_default,2,0.15,0.5737704918032787,0.38461538461538464,0.46052631578947373
0.4,0.5,nfmcd_default,2,0.2,0.75,0.16483516483516483,0.2702702702702703
0.4,0.5,nfmcd_default,2,0.25,0.7777777777777778,0.07692307692307693,0.13999999999999999
0.4,0.5,nfmcd_default,2,0.3,1.0,0.02197802197802198,0.043010752688172046
0.4,0.5,nfmcd_default,2,0.4,0.0,0.0,0.0
0.4,0.5,nfmcd_default,2,0.5,0.0,0.0,0.0
0.4,0.5,nfmcd_robust,2,0.05,0.4606741573033708,0.45054945054945056,0.4555555555555556
0.4,0.5,nfmcd_robust,2,0.1,0.6041666666666666,0.31868131868131866,0.4172661870503597
0.4,0.5,nfmcd_robust,2,0.15,0.5652173913043478,0.14285714285714285,0.22807017543859645
0.4,0.5,nfmcd_robust,2,0.2,0.75,0.06593406593406594,0.12121212121212123
0.4,0.5,nfmcd_robust,2,0.25,0.6666666666666666,0.04395604395604396,0.08247422680412372
0.4,0.5,nfmcd_robust,2,0.3,1.0,0.02197802197802198,0.043010752688172046
0.4,0.5,nfmcd_robust,2,0.4,0.0,0.0,0.0
0.4,0.5,nfmcd_robust,2,0.5,0.0,0.0,0.0
0.4,0.5,nfmcd_default,3,0.05,0.37209302325581395,0.9896907216494846,0.5408450704225353
0.4,0.5,nfmcd_default,3,0.1,0.5428571428571428,0.7835051546391752,0.6413502109704642
0.4,0.5,nfmcd_default,3,0.15,0.8181818181818182,0.4639175257731959,0.5921052631578948
0.4,0.5,nfmcd_default,3,0.2,0.7714285714285715,0.27835051546391754,0.4090909090909091
0.4,0.5,nfmcd_default,3,0.25,0.7647058823529411,0.13402061855670103,0.22807017543859648
0.4,0.5,nfmcd_default,3,0.3,0.8571428571428571,0.061855670103092786,0.11538461538461539
0.4,0.5,nfmcd_default,3,0.4,0.0,0.0,0.0
0.4,0.5,nfmcd_default,3,0.5,0.0,0.0,0.0
0.4,0.5,nfmcd_robust,3,0.05,0.5377358490566038,0.5876288659793815,0.5615763546798029
0.4,0.5,nfmcd_robust,3,0.1,0.7346938775510204,0.3711340206185567,0.49315068493150693
0.4,0.5,nfmcd_robust,3,0.15,0.6666666666666666,0.18556701030927836,0.2903225806451613
0.4,0.5,nfmcd_robust,3,0.2,0.7,0.07216494845360824,0.1308411214953271
0.4,0.5,nfmcd_robust,3,0.25,0.6666666666666666,0.020618556701030927,0.04
0.4,0.5,nfmcd_robust,3,0.3,0.0,0.0,0.0
0.4,0.5,nfmcd_robust,3,0.4,0.0,0.0,0.0
0.4,0.5,nfmcd_robust,3,0.5,0.0,0.0,0.0
0.4,0.5,nfmcd_default,4,0.05,0.4166666666666667,0.8947368421052632,0.568561872909699
0.4,0.5,nfmcd_default,4,0.1,0.5242718446601942,0.5684210526315789,0.5454545454545455
0.4,0.5,nfmcd_default,4,0.15,0.6153846153846154,0.3368421052631579,0.435374149659864
0.4,0.5,nfmcd_default,4,0.2,0.5862068965517241,0.17894736842105263,0.2741935483870968
0.4,0.5,nfmcd_default,4,0.25,0.5384615384615384,0.07368421052631578,0.12962962962962962
0.4,0.5,nfmcd_default,4,0.3,0.5,0.031578947368421054,0.05940594059405941
0.4,0.5,nfmcd_default,4,0.4,0.0,0.0,0.0
0.4,0.5,nfmcd_default,4,0.5,0.0,0.0,0.0
0.4,0.5,nfmcd_robust,4,0.05,0.4772727272727273,0.4421052631578947,0.45901639344262296
0.4,0.5,nfmcd_robust,4,0.1,0.5609756097560976,0.24210526315789474,0.3382352941176471
0.4,0.5,nfmcd_robust,4,0.15,0.6190476190476191,0.1368421052631579,0.22413793103448276
0.4,0.5,nfmcd_robust,4,0.2,0.5555555555555556,0.05263157894736842,0.09615384615384616
0.4,0.5,nfmcd_robust,4,0.25,0.75,0.031578947368421054,0.06060606060606061
0.4,0.5,nfmcd_robust,4,0.3,1.0,0.021052631578947368,0.041237113402061855
0.4,0.5,nfmcd_robust,4,0.4,0.0,0.0,0.0
0.4,0.5,nfmcd_robust,4,0.5,0.0,0.0,0.0
0.4,0.7,nfmcd_default,0,0.05,0.3858267716535433,0.9702970297029703,0.5521126760563381
0.4,0.7,nfmcd_default,0,0.1,0.5384615384615384,0.7623762376237624,0.6311475409836065
0.4,0.7,nfmcd_default,0,0.15,0.717948717948718,0.5544554455445545,0.6256983240223464
0.4,0.7,nfmcd_default,0,0.2,0.8888888888888888,0.39603960396039606,0.5479452054794521
0.4,0.7,nfmcd_default,0,0.25,0.88,0.21782178217821782,0.3492063492063492
0.4,0.7,nfmcd_default,0,0.3,0.8333333333333334,0.09900990099009901,0.1769911504424779
0.4,0.7,nfmcd_default,0,0.4,0.0,0.0,0.0
0.4,0.7,nfmcd_default,0,0.5,0.0,0.0,0.0
0.4,0.7,nfmcd_robust,0,0.05,0.5948275862068966,0.6831683168316832,0.6359447004608296
0.4,0.7,nfmcd_robust,0,0.1,0.7777777777777778,0.48514851485148514,0.5975609756097561
0.4,0.7,nfmcd_robust,0,0.15,0.8571428571428571,0.4158415841584158,0.5599999999999999
0.4,0.7,nfmcd_robust,0,0.2,0.9032258064516129,0.27722772277227725,0.42424242424242425
0.4,0.7,nfmcd_robust,0,0.25,0.8823529411764706,0.1485148514851485,0.25423728813559326
0.4,0.7,nfmcd_robust,0,0.3,0.875,0.06930693069306931,0.12844036697247707
0.4,0.7,nfmcd_robust,0,0.4,1.0,0.009900990099009901,0.0196078431372549
0.4,0.7,nfmcd_robust,0,0.5,0.0,0.0,0.0
0.4,0.7,nfmcd_default,1,0.05,0.3614457831325301,0.9782608695652174,0.5278592375366569
0.4,0.7,nfmcd_default,1,0.1,0.5075757575757576,0.7282608695652174,0.5982142857142857
0.4,0.7,nfmcd_default,1,0.15,0.6716417910447762,0.4891304347826087,0.5660377358490566
0.4,0.7,nfmcd_default,1,0.2,0.717948717948718,0.30434782608695654,0.42748091603053434
0.4,0.7,nfmcd_default,1,0.25,0.8695652173913043,0.21739130434782608,0.3478260869565218
0.4,0.7,nfmcd_default,1,0.3,0.875,0.07608695652173914,0.14
0.4,0.7,nfmcd_default,1,0.4,0.0,0.0,0.0
0.4,0.7,nfmcd_default,1,0.5,0.0,0.0,0.0
0.4,0.7,nfmcd_robust,1,0.05,0.5545454545454546,0.6630434782608695,0.6039603960396039
0.4,0.7,nfmcd_robust,1,0.1,0.6363636363636364,0.45652173913043476,0.5316455696202532
0.4,0.7,nfmcd_robust,1,0.15,0.7941176470588235,0.29347826086956524,0.42857142857142855
0.4,0.7,nfmcd_robust,1,0.2,0.75,0.16304347826086957,0.26785714285714285
0.4,0.7,nfmcd_robust,1,0.25,0.7647058823529411,0.14130434782608695,0.2385321100917431
0.4,0.7,nfmcd_robust,1,0.3,0.8333333333333334,0.10869565217391304,0.1923076923076923
0.4,0.7,nfmcd_robust,1,0.4,0.0,0.0,0.0
0.4,0.7,nfmcd_robust,1,0.5,0.0,0.0,0.0
0.4,0.7,nfmcd_default,2,0.05,0.32234432234432236,0.967032967032967,0.4835164835164835
0.4,0.7,nfmcd_default,2,0.1,0.5225806451612903,0.8901098901098901,0.6585365853658537
0.4,0.7,nfmcd_default,2,0.15,0.6744186046511628,0.6373626373626373,0.655367231638418
0.4,0.7,nfmcd_default,2,0.2,0.6792452830188679,0.3956043956043956,0.5
0.4,0.7,nfmcd_default,2,0.25,0.7777777777777778,0.23076923076923078,0.3559322033898305
0.4,0.7,nfmcd_default,2,0.3,0.8,0.08791208791208792,0.15841584158415845
0.4,0.7,nfmcd_default,2,0.4,0.0,0.0,0.0
0.4,0.7,nfmcd_default,2,0.5,0.0,0.0,0.0
0.4,0.7,nfmcd_robust,2,0.05,0.5416666666666666,0.7142857142857143,0.6161137440758293
0.4,0.7,nfmcd_robust,2,0.1,0.6571428571428571,0.5054945054945055,0.5714285714285715
0.4,0.7,nfmcd_robust,2,0.15,0.7142857142857143,0.38461538461538464,0.5
0.4,0.7,nfmcd_robust,2,0.2,0.7307692307692307,0.2087912087912088,0.3247863247863248
0.4,0.7,nfmcd_robust,2,0.25,0.6875,0.12087912087912088,0.205607476635514
0.4,0.7,nfmcd_robust,2,0.3,0.7777777777777778,0.07692307692307693,0.13999999999999999
0.4,0.7,nfmcd_robust,2,0.4,0.0,0.0,0.0
0.4,0.7,nfmcd_robust,2,0.5,0.0,0.0,0.0
0.4,0.7,nfmcd_default,3,0.05,0.36398467432950193,0.979381443298969,0.5307262569832402
0.4,0.7,nfmcd_default,3,0.1,0.5483870967741935,0.8762886597938144,0.6746031746031746
0.4,0.7,nfmcd_default,3,0.15,0.7471264367816092,0.6701030927835051,0.7065217391304347
0.4,0.7,nfmcd_default,3,0.2,0.8297872340425532,0.4020618556701031,0.5416666666666666
0.4,0.7,nfmcd_default,3,0.25,0.9333333333333333,0.28865979381443296,0.4409448818897637
0.4,0.7,nfmcd_default,3,0.3,0.9285714285714286,0.13402061855670103,0.23423423423423423
0.4,0.7,nfmcd_default,3,0.4,0.0,0.0,0.0
0.4,0.7,nfmcd_default,3,0.5,0.0,0.0,0.0
0.4,0.7,nfmcd_robust,3,0.05,0.5620437956204379,0.7938144329896907,0.658119658119658
0.4,0.7,nfmcd_robust,3,0.1,0.7702702702702703,0.5876288659793815,0.6666666666666666
0.4,0.7,nfmcd_robust,3,0.15,0.8431372549019608,0.44329896907216493,0.5810810810810811
0.4,0.7,nfmcd_robust,3,0.2,0.8611111111111112,0.31958762886597936,0.4661654135338346
0.4,0.7,nfmcd_robust,3,0.25,0.9523809523809523,0.20618556701030927,0.3389830508474576
0.4,0.7,nfmcd_robust,3,0.3,0.9,0.09278350515463918,0.16822429906542058
0.4,0.7,nfmcd_robust,3,0.4,1.0,0.010309278350515464,0.020408163265306124
0.4,0.7,nfmcd_robust,3,0.5,0.0,0.0,0.0
0.4,0.7,nfmcd_default,4,0.05,0.4088888888888889,0.968421052631579,0.5750000000000001
0.4,0.7,nfmcd_default,4,0.1,0.5853658536585366,0.7578947368421053,0.6605504587155963
0.4,0.7,nfmcd_default,4,0.15,0.6811594202898551,0.49473684210526314,0.573170731707317
0.4,0.7,nfmcd_default,4,0.2,0.7727272727272727,0.35789473684210527,0.48920863309352525
0.4,0.7,nfmcd_default,4,0.25,0.7692307692307693,0.21052631578947367,0.3305785123966942
0.4,0.7,nfmcd_default,4,0.3,0.7692307692307693,0.10526315789473684,0.18518518518518517
0.4,0.7,nfmcd_default,4,0.4,0.0,0.0,0.0
0.4,0.7,nfmcd_default,4,0.5,0.0,0.0,0.0
0.4,0.7,nfmcd_robust,4,0.05,0.5648148148148148,0.6421052631578947,0.6009852216748769
0.4,0.7,nfmcd_robust,4,0.1,0.6885245901639344,0.4421052631578947,0.5384615384615384
0.4,0.7,nfmcd_robust,4,0.15,0.7631578947368421,0.30526315789473685,0.4360902255639098
0.4,0.7,nfmcd_robust,4,0.2,0.76,0.2,0.3166666666666667
0.4,0.7,nfmcd_robust,4,0.25,0.8,0.12631578947368421,0.2181818181818182
0.4,0.7,nfmcd_robust,4,0.3,0.7777777777777778,0.07368421052631578,0.1346153846153846
0.4,0.7,nfmcd_robust,4,0.4,1.0,0.021052631578947368,0.041237113402061855
0.4,0.7,nfmcd_robust,4,0.5,0.0,0.0,0.0
0.4,1.0,nfmcd_default,0,0.05,0.37547892720306514,0.9702970297029703,0.5414364640883977
0.4,1.0,nfmcd_default,0,0.1,0.5679012345679012,0.9108910891089109,0.6996197718631177
0.4,1.0,nfmcd_default,0,0.15,0.7211538461538461,0.7425742574257426,0.7317073170731707
0.4,1.0,nfmcd_default,0,0.2,0.8524590163934426,0.5148514851485149,0.6419753086419753
0.4,1.0,nfmcd_default,0,0.25,0.8536585365853658,0.3465346534653465,0.49295774647887325
0.4,1.0,nfmcd_default,0,0.3,0.96,0.2376237623762376,0.38095238095238093
0.4,1.0,nfmcd_default,0,0.4,0.0,0.0,0.0
0.4,1.0,nfmcd_default,0,0.5,0.0,0.0,0.0
0.4,1.0,nfmcd_robust,0,0.05,0.6666666666666666,0.9306930693069307,0.7768595041322314
0.4,1.0,nfmcd_robust,0,0.1,0.7755102040816326,0.7524752475247525,0.7638190954773869
0.4,1.0,nfmcd_robust,0,0.15,0.8787878787878788,0.5742574257425742,0.6946107784431137
0.4,1.0,nfmcd_robust,0,0.2,0.9130434782608695,0.4158415841584158,0.5714285714285714
0.4,1.0,nfmcd_robust,0,0.25,0.9210526315789473,0.3465346534653465,0.5035971223021584
0.4,1.0,nfmcd_robust,0,0.3,0.96,0.2376237623762376,0.38095238095238093
0.4,1.0,nfmcd_robust,0,0.4,1.0,0.0297029702970297,0.05769230769230769
0.4,1.0,nfmcd_robust,0,0.5,0.0,0.0,0.0
0.4,1.0,nfmcd_default,1,0.05,0.3358208955223881,0.9782608695652174,0.5
0.4,1.0,nfmcd_default,1,0.1,0.5637583892617449,0.9130434782608695,0.6970954356846473
0.4,1.0,nfmcd_default,1,0.15,0.6938775510204082,0.7391304347826086,0.7157894736842104
0.4,1.0,nfmcd_default,1,0.2,0.7567567567567568,0.6086956521739131,0.674698795180723
0.4,1.0,nfmcd_default,1,0.25,0.76,0.41304347826086957,0.5352112676056338
0.4,1.0,nfmcd_default,1,0.3,0.8333333333333334,0.21739130434782608,0.3448275862068966
0.4,1.0,nfmcd_default,1,0.4,0.0,0.0,0.0
0.4,1.0,nfmcd_default,1,0.5,0.0,0.0,0.0
0.4,1.0,nfmcd_robust,1,0.05,0.625,0.9239130434782609,0.7456140350877194
0.4,1.0,nfmcd_robust,1,0.1,0.74,0.8043478260869565,0.7708333333333333
0.4,1.0,nfmcd_robust,1,0.15,0.7792207792207793,0.6521739130434783,0.7100591715976331
0.4,1.0,nfmcd_robust,1,0.2,0.8103448275862069,0.5108695652173914,0.6266666666666667
0.4,1.0,nfmcd_robust,1,0.25,0.8461538461538461,0.358695652173913,0.5038167938931297
0.4,1.0,nfmcd_robust,1,0.3,0.8333333333333334,0.2717391304347826,0.4098360655737705
0.4,1.0,nfmcd_robust,1,0.4,1.0,0.043478260869565216,0.08333333333333333
0.4,1.0,nfmcd_robust,1,0.5,0.0,0.0,0.0
0.4,1.0,nfmcd_default,2,0.05,0.337037037037037,1.0,0.5041551246537396
0.4,1.0,nfmcd_default,2,0.1,0.5182926829268293,0.9340659340659341,0.6666666666666667
0.4,1.0,nfmcd_default,2,0.15,0.6826923076923077,0.7802197802197802,0.7282051282051282
0.4,1.0,nfmcd_default,2,0.2,0.8059701492537313,0.5934065934065934,0.6835443037974683
0.4,1.0,nfmcd_default,2,0.25,0.9,0.3956043956043956,0.549618320610687
0.4,1.0,nfmcd_default,2,0.3,0.8333333333333334,0.21978021978021978,0.3478260869565218
0.4,1.0,nfmcd_default,2,0.4,0.0,0.0,0.0
0.4,1.0,nfmcd_default,2,0.5,0.0,0.0,0.0
0.4,1.0,nfmcd_robust,2,0.05,0.6126760563380281,0.9560439560439561,0.7467811158798283
0.4,1.0,nfmcd_robust,2,0.1,0.7010309278350515,0.7472527472527473,0.723404255319149
0.4,1.0,nfmcd_robust,2,0.15,0.7971014492753623,0.6043956043956044,0.6874999999999999
0.4,1.0,nfmcd_robust,2,0.2,0.8135593220338984,0.5274725274725275,0.6400000000000001
0.4,1.0,nfmcd_robust,2,0.25,0.8918918918918919,0.3626373626373626,0.515625
0.4,1.0,nfmcd_robust,2,0.3,0.9375,0.32967032967032966,0.48780487804878053
0.4,1.0,nfmcd_robust,2,0.4,1.0,0.054945054945054944,0.10416666666666666
0.4,1.0,nfmcd_robust,2,0.5,0.0,0.0,0.0
0.4,1.0,nfmcd_default,3,0.05,0.354014598540146,1.0,0.522911051212938
0.4,1.0,nfmcd_default,3,0.1,0.5384615384615384,0.9381443298969072,0.6842105263157894
0.4,1.0,nfmcd_default,3,0.15,0.7596153846153846,0.8144329896907216,0.7860696517412934
0.4,1.0,nfmcd_default,3,0.2,0.8055555555555556,0.5979381443298969,0.6863905325443788
0.4,1.0,nfmcd_default,3,0.25,0.8108108108108109,0.30927835051546393,0.4477611940298508
0.4,1.0,nfmcd_default,3,0.3,0.9565217391304348,0.2268041237113402,0.36666666666666664
0.4,1.0,nfmcd_default,3,0.4,0.0,0.0,0.0
0.4,1.0,nfmcd_default,3,0.5,0.0,0.0,0.0
0.4,1.0,nfmcd_robust,3,0.05,0.6301369863013698,0.9484536082474226,0.7572016460905349
0.4,1.0,nfmcd_robust,3,0.1,0.7596153846153846,0.8144329896907216,0.7860696517412934
0.4,1.0,nfmcd_robust,3,0.15,0.8414634146341463,0.711340206185567,0.770949720670391
0.4,1.0,nfmcd_robust,3,0.2,0.8928571428571429,0.5154639175257731,0.6535947712418301
0.4,1.0,nfmcd_robust,3,0.25,0.8780487804878049,0.3711340206185567,0.5217391304347827
0.4,1.0,nfmcd_robust,3,0.3,0.9310344827586207,0.27835051546391754,0.42857142857142855
0.4,1.0,nfmcd_robust,3,0.4,1.0,0.030927835051546393,0.06000000000000001
0.4,1.0,nfmcd_robust,3,0.5,0.0,0.0,0.0
0.4,1.0,nfmcd_default,4,0.05,0.3958333333333333,1.0,0.5671641791044776
0.4,1.0,nfmcd_default,4,0.1,0.581081081081081,0.9052631578947369,0.7078189300411523
0.4,1.0,nfmcd_default,4,0.15,0.711340206185567,0.7263157894736842,0.7187499999999999
0.4,1.0,nfmcd_default,4,0.2,0.803030303030303,0.5578947368421052,0.6583850931677019
0.4,1.0,nfmcd_default,4,0.25,0.8409090909090909,0.3894736842105263,0.5323741007194245
0.4,1.0,nfmcd_default,4,0.3,0.875,0.22105263157894736,0.3529411764705882
0.4,1.0,nfmcd_default,4,0.4,0.0,0.0,0.0
0.4,1.0,nfmcd_default,4,0.5,0.0,0.0,0.0
0.4,1.0,nfmcd_robust,4,0.05,0.6153846153846154,0.9263157894736842,0.7394957983193278
0.4,1.0,nfmcd_robust,4,0.1,0.7263157894736842,0.7263157894736842,0.7263157894736842
0.4,1.0,nfmcd_robust,4,0.15,0.7941176470588235,0.5684210526315789,0.6625766871165645
0.4,1.0,nfmcd_robust,4,0.2,0.84,0.4421052631578947,0.5793103448275863
0.4,1.0,nfmcd_robust,4,0.25,0.8222222222222222,0.3894736842105263,0.5285714285714285
0.4,1.0,nfmcd_robust,4,0.3,0.8823529411764706,0.3157894736842105,0.46511627906976744
0.4,1.0,nfmcd_robust,4,0.4,1.0,0.08421052631578947,0.1553398058252427
0.4,1.0,nfmcd_robust,4,0.5,0.0,0.0,0.0
