dataset,seed,phase,param,cfg,m,alpha_min,alpha_max,sd_mult,common_dim,anfis,modularity,onmi,f1,error,secs
crisismmd,2,A,default,"{""alpha"": [0.15, 0.85], ""anfis"": ""default"", ""cd"": 8, ""m"": 1.5, ""sd"": 1.0}",1.5,0.15,0.85,1.0,8,default,0.5122659845460196,0.6076187149920035,0.7379396383562477,,7.33
crisismmd,1,A,default,"{""alpha"": [0.15, 0.85], ""anfis"": ""default"", ""cd"": 8, ""m"": 1.5, ""sd"": 1.0}",1.5,0.15,0.85,1.0,8,default,0.5267513351527662,0.6290563695197424,0.506950028298826,,7.41
crisismmd,0,A,default,"{""alpha"": [0.15, 0.85], ""anfis"": ""default"", ""cd"": 8, ""m"": 1.5, ""sd"": 1.0}",1.5,0.15,0.85,1.0,8,default,0.5197824512523282,0.590905302529789,0.7572625076058666,,7.53
pheme,0,A,default,"{""alpha"": [0.15, 0.85], ""anfis"": ""default"", ""cd"": 8, ""m"": 1.5, ""sd"": 1.0}",1.5,0.15,0.85,1.0,8,default,0.8651647650342359,0.0,0.24983831226709954,,9.53
dblp,0,A,default,"{""alpha"": [0.15, 0.85], ""anfis"": ""default"", ""cd"": 8, ""m"": 1.5, ""sd"": 1.0}",1.5,0.15,0.85,1.0,8,default,0.8475776772909762,0.6702689982017619,0.7331002190599035,,0.11
dblp,1,A,default,"{""alpha"": [0.15, 0.85], ""anfis"": ""default"", ""cd"": 8, ""m"": 1.5, ""sd"": 1.0}",1.5,0.15,0.85,1.0,8,default,0.8475776772909762,0.6702689982017619,0.7331002190599035,,0.11
dblp,2,A,default,"{""alpha"": [0.15, 0.85], ""anfis"": ""default"", ""cd"": 8, ""m"": 1.5, ""sd"": 1.0}",1.5,0.15,0.85,1.0,8,default,0.8475776772909762,0.6702689982017619,0.7331002190599034,,0.14
amazon,0,A,default,"{""alpha"": [0.15, 0.85], ""anfis"": ""default"", ""cd"": 8, ""m"": 1.5, ""sd"": 1.0}",1.5,0.15,0.85,1.0,8,default,0.7172353714661406,0.5535487568737809,0.7972215846095807,,0.06
amazon,1,A,default,"{""alpha"": [0.15, 0.85], ""anfis"": ""default"", ""cd"": 8, ""m"": 1.5, ""sd"": 1.0}",1.5,0.15,0.85,1.0,8,default,0.7172353714661406,0.5535487568737809,0.7972215846095806,,0.02
amazon,2,A,default,"{""alpha"": [0.15, 0.85], ""anfis"": ""default"", ""cd"": 8, ""m"": 1.5, ""sd"": 1.0}",1.5,0.15,0.85,1.0,8,default,0.7172353714661406,0.5535487568737809,0.7972215846095806,,0.03
fakeddit,2,A,default,"{""alpha"": [0.15, 0.85], ""anfis"": ""default"", ""cd"": 8, ""m"": 1.5, ""sd"": 1.0}",1.5,0.15,0.85,1.0,8,default,0.29091205824468236,0.23679795396036396,0.29866808636115544,,3.55
fakeddit,0,A,default,"{""alpha"": [0.15, 0.85], ""anfis"": ""default"", ""cd"": 8, ""m"": 1.5, ""sd"": 1.0}",1.5,0.15,0.85,1.0,8,default,0.28399931936023204,0.32404460142087477,0.26519627888330477,,3.77
crisismmd,0,A,m,"{""alpha"": [0.15, 0.85], ""anfis"": ""default"", ""cd"": 8, ""m"": 1.2, ""sd"": 1.0}",1.2,0.15,0.85,1.0,8,default,0.3714915802528131,0.5719958489755897,0.6263063651124648,,1.3
fakeddit,1,A,default,"{""alpha"": [0.15, 0.85], ""anfis"": ""default"", ""cd"": 8, ""m"": 1.5, ""sd"": 1.0}",1.5,0.15,0.85,1.0,8,default,0.3173147611930934,0.3641407378164382,0.19635999725760228,,4.0
pheme,1,A,default,"{""alpha"": [0.15, 0.85], ""anfis"": ""default"", ""cd"": 8, ""m"": 1.5, ""sd"": 1.0}",1.5,0.15,0.85,1.0,8,default,0.8570915188206584,0.0,0.26870436471210807,,11.55
crisismmd,2,A,m,"{""alpha"": [0.15, 0.85], ""anfis"": ""default"", ""cd"": 8, ""m"": 1.2, ""sd"": 1.0}",1.2,0.15,0.85,1.0,8,default,0.3750542886609213,0.5629668220506421,0.6376535301595447,,1.03
crisismmd,1,A,m,"{""alpha"": [0.15, 0.85], ""anfis"": ""default"", ""cd"": 8, ""m"": 1.2, ""sd"": 1.0}",1.2,0.15,0.85,1.0,8,default,0.3644894987394739,0.5506819274100381,0.6149051371143522,,1.11
pheme,2,A,default,"{""alpha"": [0.15, 0.85], ""anfis"": ""default"", ""cd"": 8, ""m"": 1.5, ""sd"": 1.0}",1.5,0.15,0.85,1.0,8,default,0.8543142336088391,0.015056576023737778,0.2816022363559687,,13.72
pheme,0,A,m,"{""alpha"": [0.15, 0.85], ""anfis"": ""default"", ""cd"": 8, ""m"": 1.2, ""sd"": 1.0}",1.2,0.15,0.85,1.0,8,default,0.8738967055254492,0.0,0.244892062802347,,2.45
dblp,0,A,m,"{""alpha"": [0.15, 0.85], ""anfis"": ""default"", ""cd"": 8, ""m"": 1.2, ""sd"": 1.0}",1.2,0.15,0.85,1.0,8,default,0.8476222480497352,0.6747589549181847,0.7336848796640583,,0.08
dblp,1,A,m,"{""alpha"": [0.15, 0.85], ""anfis"": ""default"", ""cd"": 8, ""m"": 1.2, ""sd"": 1.0}",1.2,0.15,0.85,1.0,8,default,0.8476222480497352,0.6747589549181847,0.7336848796640583,,0.08
dblp,2,A,m,"{""alpha"": [0.15, 0.85], ""anfis"": ""default"", ""cd"": 8, ""m"": 1.2, ""sd"": 1.0}",1.2,0.15,0.85,1.0,8,default,0.8316578779927107,0.580829091827785,0.6842486186638308,,0.09
amazon,0,A,m,"{""alpha"": [0.15, 0.85], ""anfis"": ""default"", ""cd"": 8, ""m"": 1.2, ""sd"": 1.0}",1.2,0.15,0.85,1.0,8,default,0.7180900723208414,0.535887821000959,0.7513584402324021,,0.03
amazon,1,A,m,"{""alpha"": [0.15, 0.85], ""anfis"": ""default"", ""cd"": 8, ""m"": 1.2, ""sd"": 1.0}",1.2,0.15,0.85,1.0,8,default,0.7180900723208414,0.535887821000959,0.7513584402324021,,0.02
amazon,2,A,m,"{""alpha"": [0.15, 0.85], ""anfis"": ""default"", ""cd"": 8, ""m"": 1.2, ""sd"": 1.0}",1.2,0.15,0.85,1.0,8,default,0.7021729125575279,0.4745067193291904,0.7222430977112624,,0.03
crisismmd,0,A,m,"{""alpha"": [0.15, 0.85], ""anfis"": ""default"", ""cd"": 8, ""m"": 1.3, ""sd"": 1.0}",1.3,0.15,0.85,1.0,8,default,0.37560883731751404,0.60286598482429,0.6431206998951176,,1.16
pheme,2,A,m,"{""alpha"": [0.15, 0.85], ""anfis"": ""default"", ""cd"": 8, ""m"": 1.2, ""sd"": 1.0}",1.2,0.15,0.85,1.0,8,default,0.8793817921854222,0.012546497684847724,0.2494193273775462,,3.7
fakeddit,1,A,m,"{""alpha"": [0.15, 0.85], ""anfis"": ""default"", ""cd"": 8, ""m"": 1.2, ""sd"": 1.0}",1.2,0.15,0.85,1.0,8,default,0.2941918368190173,0.5443623017454058,0.575722954402504,,3.36
fakeddit,0,A,m,"{""alpha"": [0.15, 0.85], ""anfis"": ""default"", ""cd"": 8, ""m"": 1.2, ""sd"": 1.0}",1.2,0.15,0.85,1.0,8,default,0.2755947075958013,0.6033403478253354,0.6554406343090604,,3.72
crisismmd,1,A,m,"{""alpha"": [0.15, 0.85], ""anfis"": ""default"", ""cd"": 8, ""m"": 1.3, ""sd"": 1.0}",1.3,0.15,0.85,1.0,8,default,0.3602569181461499,0.5947151841933928,0.6438013979680306,,1.08
crisismmd,2,A,m,"{""alpha"": [0.15, 0.85], ""anfis"": ""default"", ""cd"": 8, ""m"": 1.3, ""sd"": 1.0}",1.3,0.15,0.85,1.0,8,default,0.3737034575010519,0.6107714413297108,0.6508688194156357,,1.28
fakeddit,2,A,m,"{""alpha"": [0.15, 0.85], ""anfis"": ""default"", ""cd"": 8, ""m"": 1.2, ""sd"": 1.0}",1.2,0.15,0.85,1.0,8,default,0.30681724775725205,0.6752449276068699,0.6873690282816078,,3.27
pheme,1,A,m,"{""alpha"": [0.15, 0.85], ""anfis"": ""default"", ""cd"": 8, ""m"": 1.2, ""sd"": 1.0}",1.2,0.15,0.85,1.0,8,default,0.8584900455288305,0.01185108396776724,0.25245677131685296,,6.2
pheme,0,A,m,"{""alpha"": [0.15, 0.85], ""anfis"": ""default"", ""cd"": 8, ""m"": 1.3, ""sd"": 1.0}",1.3,0.15,0.85,1.0,8,default,0.8755172557247393,0.012568242658416051,0.24406164370913722,,3.05
dblp,0,A,m,"{""alpha"": [0.15, 0.85], ""anfis"": ""default"", ""cd"": 8, ""m"": 1.3, ""sd"": 1.0}",1.3,0.15,0.85,1.0,8,default,0.8476222480497352,0.6806414427965821,0.7359689186931792,,0.08
dblp,1,A,m,"{""alpha"": [0.15, 0.85], ""anfis"": ""default"", ""cd"": 8, ""m"": 1.3, ""sd"": 1.0}",1.3,0.15,0.85,1.0,8,default,0.8476222480497352,0.6806414427965821,0.7359689186931792,,0.09
dblp,2,A,m,"{""alpha"": [0.15, 0.85], ""anfis"": ""default"", ""cd"": 8, ""m"": 1.3, ""sd"": 1.0}",1.3,0.15,0.85,1.0,8,default,0.8316633676462822,0.5757795830174375,0.6790553692828267,,0.27
amazon,0,A,m,"{""alpha"": [0.15, 0.85], ""anfis"": ""default"", ""cd"": 8, ""m"": 1.3, ""sd"": 1.0}",1.3,0.15,0.85,1.0,8,default,0.7180900723208414,0.535887821000959,0.7513584402324021,,0.02
amazon,1,A,m,"{""alpha"": [0.15, 0.85], ""anfis"": ""default"", ""cd"": 8, ""m"": 1.3, ""sd"": 1.0}",1.3,0.15,0.85,1.0,8,default,0.7180900723208414,0.535887821000959,0.7513584402324021,,0.03
amazon,2,A,m,"{""alpha"": [0.15, 0.85], ""anfis"": ""default"", ""cd"": 8, ""m"": 1.3, ""sd"": 1.0}",1.3,0.15,0.85,1.0,8,default,0.7021729125575279,0.4745067193291904,0.7222430977112624,,0.02
pheme,2,A,m,"{""alpha"": [0.15, 0.85], ""anfis"": ""default"", ""cd"": 8, ""m"": 1.3, ""sd"": 1.0}",1.3,0.15,0.85,1.0,8,default,0.8742463372024922,0.012861962632682689,0.24744118342268973,,3.0
crisismmd,0,A,m,"{""alpha"": [0.15, 0.85], ""anfis"": ""default"", ""cd"": 8, ""m"": 1.75, ""sd"": 1.0}",1.75,0.15,0.85,1.0,8,default,0.3573458410168619,0.2953303079748204,0.3116321810723247,,1.14
pheme,1,A,m,"{""alpha"": [0.15, 0.85], ""anfis"": ""default"", ""cd"": 8, ""m"": 1.3, ""sd"": 1.0}",1.3,0.15,0.85,1.0,8,default,0.8726653234122518,0.0,0.2385064995353861,,4.41
fakeddit,0,A,m,"{""alpha"": [0.15, 0.85], ""anfis"": ""default"", ""cd"": 8, ""m"": 1.3, ""sd"": 1.0}",1.3,0.15,0.85,1.0,8,default,0.276771210290888,0.6391272108684639,0.6634634710801572,,4.03
crisismmd,1,A,m,"{""alpha"": [0.15, 0.85], ""anfis"": ""default"", ""cd"": 8, ""m"": 1.75, ""sd"": 1.0}",1.75,0.15,0.85,1.0,8,default,0.3394724930687693,0.31186010625729166,0.30628412640460834,,1.27
fakeddit,1,A,m,"{""alpha"": [0.15, 0.85], ""anfis"": ""default"", ""cd"": 8, ""m"": 1.3, ""sd"": 1.0}",1.3,0.15,0.85,1.0,8,default,0.3026153782479178,0.44418489484320123,0.5127976612599093,,3.61
crisismmd,2,A,m,"{""alpha"": [0.15, 0.85], ""anfis"": ""default"", ""cd"": 8, ""m"": 1.75, ""sd"": 1.0}",1.75,0.15,0.85,1.0,8,default,0.4626640860525637,0.4365178426603573,0.36607155380561657,,1.12
fakeddit,2,A,m,"{""alpha"": [0.15, 0.85], ""anfis"": ""default"", ""cd"": 8, ""m"": 1.3, ""sd"": 1.0}",1.3,0.15,0.85,1.0,8,default,0.2919382002227973,0.45343811362877284,0.5240041846868368,,3.81
pheme,0,A,m,"{""alpha"": [0.15, 0.85], ""anfis"": ""default"", ""cd"": 8, ""m"": 1.75, ""sd"": 1.0}",1.75,0.15,0.85,1.0,8,default,0.6570760878192159,0.01627048446390511,0.12080735882766695,,4.03
dblp,0,A,m,"{""alpha"": [0.15, 0.85], ""anfis"": ""default"", ""cd"": 8, ""m"": 1.75, ""sd"": 1.0}",1.75,0.15,0.85,1.0,8,default,0.8503679897777422,0.619203604477846,0.7251706399225106,,0.11
dblp,1,A,m,"{""alpha"": [0.15, 0.85], ""anfis"": ""default"", ""cd"": 8, ""m"": 1.75, ""sd"": 1.0}",1.75,0.15,0.85,1.0,8,default,0.8503679897777422,0.619203604477846,0.7251706399225106,,0.12
dblp,2,A,m,"{""alpha"": [0.15, 0.85], ""anfis"": ""default"", ""cd"": 8, ""m"": 1.75, ""sd"": 1.0}",1.75,0.15,0.85,1.0,8,default,0.8503679897777422,0.619203604477846,0.7251706399225106,,0.09
amazon,0,A,m,"{""alpha"": [0.15, 0.85], ""anfis"": ""default"", ""cd"": 8, ""m"": 1.75, ""sd"": 1.0}",1.75,0.15,0.85,1.0,8,default,0.7172353714661406,0.4410301271348962,0.7710071474983755,,0.0
amazon,1,A,m,"{""alpha"": [0.15, 0.85], ""anfis"": ""default"", ""cd"": 8, ""m"": 1.75, ""sd"": 1.0}",1.75,0.15,0.85,1.0,8,default,0.7172353714661406,0.4410301271348962,0.7710071474983757,,0.02
amazon,2,A,m,"{""alpha"": [0.15, 0.85], ""anfis"": ""default"", ""cd"": 8, ""m"": 1.75, ""sd"": 1.0}",1.75,0.15,0.85,1.0,8,default,0.7172353714661406,0.4410301271348962,0.7710071474983757,,0.02
fakeddit,0,A,m,"{""alpha"": [0.15, 0.85], ""anfis"": ""default"", ""cd"": 8, ""m"": 1.75, ""sd"": 1.0}",1.75,0.15,0.85,1.0,8,default,0.37109668041211513,0.177624860049167,0.196864691586422,,4.14
fakeddit,1,A,m,"{""alpha"": [0.15, 0.85], ""anfis"": ""default"", ""cd"": 8, ""m"": 1.75, ""sd"": 1.0}",1.75,0.15,0.85,1.0,8,default,0.3698755944234757,0.23692802073441344,0.13871706929118205,,3.78
fakeddit,2,A,m,"{""alpha"": [0.15, 0.85], ""anfis"": ""default"", ""cd"": 8, ""m"": 1.75, ""sd"": 1.0}",1.75,0.15,0.85,1.0,8,default,0.3719943089841449,0.2411881853382245,0.14054553138037712,,3.77
pheme,1,A,m,"{""alpha"": [0.15, 0.85], ""anfis"": ""default"", ""cd"": 8, ""m"": 1.75, ""sd"": 1.0}",1.75,0.15,0.85,1.0,8,default,0.6540630593922427,0.007571284059447514,0.1351560655471412,,5.08
crisismmd,0,A,m,"{""alpha"": [0.15, 0.85], ""anfis"": ""default"", ""cd"": 8, ""m"": 2.0, ""sd"": 1.0}",2.0,0.15,0.85,1.0,8,default,0.4494399727959473,0.3333258577918621,0.3740059791114224,,1.25
crisismmd,1,A,m,"{""alpha"": [0.15, 0.85], ""anfis"": ""default"", ""cd"": 8, ""m"": 2.0, ""sd"": 1.0}",2.0,0.15,0.85,1.0,8,default,0.37866914681632796,0.303628613727146,0.3335859784459961,,1.23
crisismmd,2,A,m,"{""alpha"": [0.15, 0.85], ""anfis"": ""default"", ""cd"": 8, ""m"": 2.0, ""sd"": 1.0}",2.0,0.15,0.85,1.0,8,default,0.4647993389428583,0.36408319860068283,0.36959038349376827,,1.23
pheme,2,A,m,"{""alpha"": [0.15, 0.85], ""anfis"": ""default"", ""cd"": 8, ""m"": 1.75, ""sd"": 1.0}",1.75,0.15,0.85,1.0,8,default,0.7162238834726303,0.00964536038738073,0.15171220033439534,,7.78
pheme,1,A,m,"{""alpha"": [0.15, 0.85], ""anfis"": ""default"", ""cd"": 8, ""m"": 2.0, ""sd"": 1.0}",2.0,0.15,0.85,1.0,8,default,0.49376165623328366,0.02855920332997841,0.08889747818231188,,2.81
dblp,0,A,m,"{""alpha"": [0.15, 0.85], ""anfis"": ""default"", ""cd"": 8, ""m"": 2.0, ""sd"": 1.0}",2.0,0.15,0.85,1.0,8,default,0.8494612819961844,0.6144158312954048,0.7225782861399686,,0.09
dblp,1,A,m,"{""alpha"": [0.15, 0.85], ""anfis"": ""default"", ""cd"": 8, ""m"": 2.0, ""sd"": 1.0}",2.0,0.15,0.85,1.0,8,default,0.8494612819961844,0.6144158312954048,0.7225782861399686,,0.08
dblp,2,A,m,"{""alpha"": [0.15, 0.85], ""anfis"": ""default"", ""cd"": 8, ""m"": 2.0, ""sd"": 1.0}",2.0,0.15,0.85,1.0,8,default,0.8494612819961844,0.6144158312954048,0.7225782861399686,,0.08
amazon,0,A,m,"{""alpha"": [0.15, 0.85], ""anfis"": ""default"", ""cd"": 8, ""m"": 2.0, ""sd"": 1.0}",2.0,0.15,0.85,1.0,8,default,0.7172353714661406,0.40785789140422535,0.7538909356671685,,0.03
amazon,1,A,m,"{""alpha"": [0.15, 0.85], ""anfis"": ""default"", ""cd"": 8, ""m"": 2.0, ""sd"": 1.0}",2.0,0.15,0.85,1.0,8,default,0.7172353714661406,0.40785789140422535,0.7538909356671685,,0.03
amazon,2,A,m,"{""alpha"": [0.15, 0.85], ""anfis"": ""default"", ""cd"": 8, ""m"": 2.0, ""sd"": 1.0}",2.0,0.15,0.85,1.0,8,default,0.6683464825772517,0.3433903355104311,0.7006634990430669,,0.02
pheme,2,A,m,"{""alpha"": [0.15, 0.85], ""anfis"": ""default"", ""cd"": 8, ""m"": 2.0, ""sd"": 1.0}",2.0,0.15,0.85,1.0,8,default,0.4954499199092669,0.013289870502103174,0.07237739427252067,,2.97
pheme,0,A,m,"{""alpha"": [0.15, 0.85], ""anfis"": ""default"", ""cd"": 8, ""m"": 2.0, ""sd"": 1.0}",2.0,0.15,0.85,1.0,8,default,0.4957474756445393,0.01690365701791441,0.0808915220624298,,4.06
fakeddit,1,A,m,"{""alpha"": [0.15, 0.85], ""anfis"": ""default"", ""cd"": 8, ""m"": 2.0, ""sd"": 1.0}",2.0,0.15,0.85,1.0,8,default,0.3698755944234757,0.23692802073441344,0.13871706929118205,,3.31
fakeddit,0,A,m,"{""alpha"": [0.15, 0.85], ""anfis"": ""default"", ""cd"": 8, ""m"": 2.0, ""sd"": 1.0}",2.0,0.15,0.85,1.0,8,default,0.3750100724098048,0.328447178973614,0.13741931954928344,,4.02
crisismmd,1,A,alpha,"{""alpha"": [0.05, 0.95], ""anfis"": ""default"", ""cd"": 8, ""m"": 1.5, ""sd"": 1.0}",1.5,0.05,0.95,1.0,8,default,0.46672735254455,0.35108872679375525,0.3916626828536887,,1.47
crisismmd,0,A,alpha,"{""alpha"": [0.05, 0.95], ""anfis"": ""default"", ""cd"": 8, ""m"": 1.5, ""sd"": 1.0}",1.5,0.05,0.95,1.0,8,default,0.46899673466857045,0.3786420255584153,0.3875388402646216,,1.64
crisismmd,2,A,alpha,"{""alpha"": [0.05, 0.95], ""anfis"": ""default"", ""cd"": 8, ""m"": 1.5, ""sd"": 1.0}",1.5,0.05,0.95,1.0,8,default,0.521436788502673,0.6295417164840162,0.5083980660664844,,1.17
fakeddit,2,A,m,"{""alpha"": [0.15, 0.85], ""anfis"": ""default"", ""cd"": 8, ""m"": 2.0, ""sd"": 1.0}",2.0,0.15,0.85,1.0,8,default,0.37186520950061347,0.3191207171010866,0.13698264020844667,,2.72
pheme,0,A,alpha,"{""alpha"": [0.05, 0.95], ""anfis"": ""default"", ""cd"": 8, ""m"": 1.5, ""sd"": 1.0}",1.5,0.05,0.95,1.0,8,default,0.874291627044202,0.013786131858223194,0.23892034367360193,,2.88
crisismmd,0,A,alpha,"{""alpha"": [0.25, 0.75], ""anfis"": ""default"", ""cd"": 8, ""m"": 1.5, ""sd"": 1.0}",1.5,0.25,0.75,1.0,8,default,0.5261484439105307,0.5919002438478866,0.6483071736295839,,1.44
fakeddit,1,A,alpha,"{""alpha"": [0.05, 0.95], ""anfis"": ""default"", ""cd"": 8, ""m"": 1.5, ""sd"": 1.0}",1.5,0.05,0.95,1.0,8,default,0.27314634995330267,0.2716728036165196,0.19460752711181106,,3.67
pheme,2,A,alpha,"{""alpha"": [0.05, 0.95], ""anfis"": ""default"", ""cd"": 8, ""m"": 1.5, ""sd"": 1.0}",1.5,0.05,0.95,1.0,8,default,0.8801347542443367,0.012861962632682689,0.241445595527311,,3.83
fakeddit,0,A,alpha,"{""alpha"": [0.05, 0.95], ""anfis"": ""default"", ""cd"": 8, ""m"": 1.5, ""sd"": 1.0}",1.5,0.05,0.95,1.0,8,default,0.2656421092211253,0.293724402495685,0.19987701106537306,,4.19
fakeddit,2,A,alpha,"{""alpha"": [0.05, 0.95], ""anfis"": ""default"", ""cd"": 8, ""m"": 1.5, ""sd"": 1.0}",1.5,0.05,0.95,1.0,8,default,0.3272689744659498,0.3386178790576194,0.20000626835723517,,3.69
crisismmd,1,A,alpha,"{""alpha"": [0.25, 0.75], ""anfis"": ""default"", ""cd"": 8, ""m"": 1.5, ""sd"": 1.0}",1.5,0.25,0.75,1.0,8,default,0.5121833147500613,0.6211249257370403,0.7571557610833983,,1.06
crisismmd,2,A,alpha,"{""alpha"": [0.25, 0.75], ""anfis"": ""default"", ""cd"": 8, ""m"": 1.5, ""sd"": 1.0}",1.5,0.25,0.75,1.0,8,default,0.5119282767560522,0.6276308888777835,0.7636450357247996,,1.14
pheme,1,A,alpha,"{""alpha"": [0.05, 0.95], ""anfis"": ""default"", ""cd"": 8, ""m"": 1.5, ""sd"": 1.0}",1.5,0.05,0.95,1.0,8,default,0.8719346374644061,0.0,0.2279484869871381,,6.58
fakeddit,1,A,alpha,"{""alpha"": [0.25, 0.75], ""anfis"": ""default"", ""cd"": 8, ""m"": 1.5, ""sd"": 1.0}",1.5,0.25,0.75,1.0,8,default,0.3163528998070474,0.35616611530551057,0.3091435337588021,,3.98
fakeddit,0,A,alpha,"{""alpha"": [0.25, 0.75], ""anfis"": ""default"", ""cd"": 8, ""m"": 1.5, ""sd"": 1.0}",1.5,0.25,0.75,1.0,8,default,0.2880412343196174,0.2899446338864944,0.27739469746008066,,4.42
fakeddit,2,A,alpha,"{""alpha"": [0.25, 0.75], ""anfis"": ""default"", ""cd"": 8, ""m"": 1.5, ""sd"": 1.0}",1.5,0.25,0.75,1.0,8,default,0.31953888687877774,0.37186180905122423,0.31791183822065194,,3.5
crisismmd,0,A,sd,"{""alpha"": [0.15, 0.85], ""anfis"": ""default"", ""cd"": 8, ""m"": 1.5, ""sd"": 0.5}",1.5,0.15,0.85,0.5,8,default,0.5225218086561552,0.6349559767152536,0.7412328400886002,,1.08
crisismmd,1,A,sd,"{""alpha"": [0.15, 0.85], ""anfis"": ""default"", ""cd"": 8, ""m"": 1.5, ""sd"": 0.5}",1.5,0.15,0.85,0.5,8,default,0.520622369685354,0.6288645965753591,0.7375278259300371,,1.36
crisismmd,2,A,sd,"{""alpha"": [0.15, 0.85], ""anfis"": ""default"", ""cd"": 8, ""m"": 1.5, ""sd"": 0.5}",1.5,0.15,0.85,0.5,8,default,0.44861875547567115,0.6454400206385581,0.6812248951988406,,1.36
pheme,0,A,sd,"{""alpha"": [0.15, 0.85], ""anfis"": ""default"", ""cd"": 8, ""m"": 1.5, ""sd"": 0.5}",1.5,0.15,0.85,0.5,8,default,0.8810108987717453,0.0,0.24594806153393486,,1.69
pheme,0,A,alpha,"{""alpha"": [0.25, 0.75], ""anfis"": ""default"", ""cd"": 8, ""m"": 1.5, ""sd"": 1.0}",1.5,0.25,0.75,1.0,8,default,0.823496192850342,0.021896571694043798,0.22766565091714341,,8.53
pheme,1,A,alpha,"{""alpha"": [0.25, 0.75], ""anfis"": ""default"", ""cd"": 8, ""m"": 1.5, ""sd"": 1.0}",1.5,0.25,0.75,1.0,8,default,0.7694183515618799,0.0,0.18322702896563434,,9.06
fakeddit,0,A,sd,"{""alpha"": [0.15, 0.85], ""anfis"": ""default"", ""cd"": 8, ""m"": 1.5, ""sd"": 0.5}",1.5,0.15,0.85,0.5,8,default,0.3111832221367108,0.38954359217073664,0.32729735507044183,,3.53
dblp,0,A,sd,"{""alpha"": [0.15, 0.85], ""anfis"": ""default"", ""cd"": 8, ""m"": 1.5, ""sd"": 0.5}",1.5,0.15,0.85,0.5,8,default,0.8278851135757042,0.5529702135395057,0.7065509004408654,,0.11
pheme,2,A,alpha,"{""alpha"": [0.25, 0.75], ""anfis"": ""default"", ""cd"": 8, ""m"": 1.5, ""sd"": 1.0}",1.5,0.25,0.75,1.0,8,default,0.7744676525788213,0.021347016737801927,0.18810827478184067,,10.91
dblp,2,A,sd,"{""alpha"": [0.15, 0.85], ""anfis"": ""default"", ""cd"": 8, ""m"": 1.5, ""sd"": 0.5}",1.5,0.15,0.85,0.5,8,default,0.827936219636334,0.6149038190959741,0.7144154758937545,,0.08
dblp,1,A,sd,"{""alpha"": [0.15, 0.85], ""anfis"": ""default"", ""cd"": 8, ""m"": 1.5, ""sd"": 0.5}",1.5,0.15,0.85,0.5,8,default,0.8147450395751741,0.4340044783928725,0.6270919264151359,,0.12
amazon,0,A,sd,"{""alpha"": [0.15, 0.85], ""anfis"": ""default"", ""cd"": 8, ""m"": 1.5, ""sd"": 0.5}",1.5,0.15,0.85,0.5,8,default,0.5604700854700855,0.6417306370287595,0.6370431893687708,,0.02
amazon,1,A,sd,"{""alpha"": [0.15, 0.85], ""anfis"": ""default"", ""cd"": 8, ""m"": 1.5, ""sd"": 0.5}",1.5,0.15,0.85,0.5,8,default,0.5604700854700855,0.6417306370287595,0.6370431893687708,,0.03
amazon,2,A,sd,"{""alpha"": [0.15, 0.85], ""anfis"": ""default"", ""cd"": 8, ""m"": 1.5, ""sd"": 0.5}",1.5,0.15,0.85,0.5,8,default,0.7179717291255754,0.6373282179935608,0.8352363258193753,,0.03
pheme,1,A,sd,"{""alpha"": [0.15, 0.85], ""anfis"": ""default"", ""cd"": 8, ""m"": 1.5, ""sd"": 0.5}",1.5,0.15,0.85,0.5,8,default,0.8713663753462755,0.0,0.26831899756477634,,4.95
pheme,2,A,sd,"{""alpha"": [0.15, 0.85], ""anfis"": ""default"", ""cd"": 8, ""m"": 1.5, ""sd"": 0.5}",1.5,0.15,0.85,0.5,8,default,0.869023695586173,0.0,0.2527802641132884,,4.45
fakeddit,1,A,sd,"{""alpha"": [0.15, 0.85], ""anfis"": ""default"", ""cd"": 8, ""m"": 1.5, ""sd"": 0.5}",1.5,0.15,0.85,0.5,8,default,0.3164445476676886,0.3724990714485965,0.31271217093799875,,3.66
crisismmd,1,A,sd,"{""alpha"": [0.15, 0.85], ""anfis"": ""default"", ""cd"": 8, ""m"": 1.5, ""sd"": 1.5}",1.5,0.15,0.85,1.5,8,default,0.4524535295128871,0.41880126486544444,0.3622983156258696,,1.09
crisismmd,2,A,sd,"{""alpha"": [0.15, 0.85], ""anfis"": ""default"", ""cd"": 8, ""m"": 1.5, ""sd"": 1.5}",1.5,0.15,0.85,1.5,8,default,0.41548506942066427,0.3115835632817794,0.3502337751540189,,1.16
crisismmd,0,A,sd,"{""alpha"": [0.15, 0.85], ""anfis"": ""default"", ""cd"": 8, ""m"": 1.5, ""sd"": 1.5}",1.5,0.15,0.85,1.5,8,default,0.3033359187168477,0.16656912365592214,0.2468715052611106,,1.28
fakeddit,2,A,sd,"{""alpha"": [0.15, 0.85], ""anfis"": ""default"", ""cd"": 8, ""m"": 1.5, ""sd"": 0.5}",1.5,0.15,0.85,0.5,8,default,0.31926356744283985,0.5002518403244208,0.3011761627157737,,3.75
pheme,0,A,sd,"{""alpha"": [0.15, 0.85], ""anfis"": ""default"", ""cd"": 8, ""m"": 1.5, ""sd"": 1.5}",1.5,0.15,0.85,1.5,8,default,0.8583960727953805,0.0209023872498717,0.2972313123127813,,4.09
dblp,0,A,sd,"{""alpha"": [0.15, 0.85], ""anfis"": ""default"", ""cd"": 8, ""m"": 1.5, ""sd"": 1.5}",1.5,0.15,0.85,1.5,8,default,0.8304631594577059,0.4851125789609554,0.6760871809498382,,0.11
dblp,1,A,sd,"{""alpha"": [0.15, 0.85], ""anfis"": ""default"", ""cd"": 8, ""m"": 1.5, ""sd"": 1.5}",1.5,0.15,0.85,1.5,8,default,0.8371763522454513,0.4215862895439384,0.6056177253094378,,0.11
dblp,2,A,sd,"{""alpha"": [0.15, 0.85], ""anfis"": ""default"", ""cd"": 8, ""m"": 1.5, ""sd"": 1.5}",1.5,0.15,0.85,1.5,8,default,0.8371763522454513,0.4215862895439384,0.6056177253094378,,0.08
amazon,0,A,sd,"{""alpha"": [0.15, 0.85], ""anfis"": ""default"", ""cd"": 8, ""m"": 1.5, ""sd"": 1.5}",1.5,0.15,0.85,1.5,8,default,0.7031623931623932,0.3719518989225781,0.7030470750548914,,0.02
amazon,1,A,sd,"{""alpha"": [0.15, 0.85], ""anfis"": ""default"", ""cd"": 8, ""m"": 1.5, ""sd"": 1.5}",1.5,0.15,0.85,1.5,8,default,0.7031623931623932,0.37049365199447815,0.6990889545237371,,0.02
amazon,2,A,sd,"{""alpha"": [0.15, 0.85], ""anfis"": ""default"", ""cd"": 8, ""m"": 1.5, ""sd"": 1.5}",1.5,0.15,0.85,1.5,8,default,0.7031623931623932,0.3719518989225781,0.7030470750548914,,0.02
fakeddit,0,A,sd,"{""alpha"": [0.15, 0.85], ""anfis"": ""default"", ""cd"": 8, ""m"": 1.5, ""sd"": 1.5}",1.5,0.15,0.85,1.5,8,default,0.34511770190165764,0.2094128977910915,0.17832823961390004,,3.53
fakeddit,2,A,sd,"{""alpha"": [0.15, 0.85], ""anfis"": ""default"", ""cd"": 8, ""m"": 1.5, ""sd"": 1.5}",1.5,0.15,0.85,1.5,8,default,0.2790386642999415,0.1756367690891656,0.17481751647058197,,3.41
fakeddit,1,A,sd,"{""alpha"": [0.15, 0.85], ""anfis"": ""default"", ""cd"": 8, ""m"": 1.5, ""sd"": 1.5}",1.5,0.15,0.85,1.5,8,default,0.27640151008969593,0.23380924117615265,0.16985401911946912,,3.92
pheme,1,A,sd,"{""alpha"": [0.15, 0.85], ""anfis"": ""default"", ""cd"": 8, ""m"": 1.5, ""sd"": 1.5}",1.5,0.15,0.85,1.5,8,default,0.8570885683423711,0.02120052725675703,0.287505278935144,,5.31
crisismmd,0,A,sd,"{""alpha"": [0.15, 0.85], ""anfis"": ""default"", ""cd"": 8, ""m"": 1.5, ""sd"": 2.0}",1.5,0.15,0.85,2.0,8,default,0.2665822703995985,0.15194108379076154,0.29301334184974787,,1.34
crisismmd,1,A,sd,"{""alpha"": [0.15, 0.85], ""anfis"": ""default"", ""cd"": 8, ""m"": 1.5, ""sd"": 2.0}",1.5,0.15,0.85,2.0,8,default,0.38488404536111787,0.2757933596048441,0.401988491735407,,1.28
crisismmd,2,A,sd,"{""alpha"": [0.15, 0.85], ""anfis"": ""default"", ""cd"": 8, ""m"": 1.5, ""sd"": 2.0}",1.5,0.15,0.85,2.0,8,default,0.4078722522386006,0.28686253180544075,0.4071182475552354,,1.11
pheme,1,A,sd,"{""alpha"": [0.15, 0.85], ""anfis"": ""default"", ""cd"": 8, ""m"": 1.5, ""sd"": 2.0}",1.5,0.15,0.85,2.0,8,default,0.8336088096560893,0.0,0.28100505913260104,,3.27
fakeddit,0,A,sd,"{""alpha"": [0.15, 0.85], ""anfis"": ""default"", ""cd"": 8, ""m"": 1.5, ""sd"": 2.0}",1.5,0.15,0.85,2.0,8,default,0.3519077499320421,0.2500557331877379,0.1717676622365708,,3.98
pheme,0,A,sd,"{""alpha"": [0.15, 0.85], ""anfis"": ""default"", ""cd"": 8, ""m"": 1.5, ""sd"": 2.0}",1.5,0.15,0.85,2.0,8,default,0.8256310114151054,0.0,0.1930486814907369,,4.84
dblp,0,A,sd,"{""alpha"": [0.15, 0.85], ""anfis"": ""default"", ""cd"": 8, ""m"": 1.5, ""sd"": 2.0}",1.5,0.15,0.85,2.0,8,default,0.8204741466072111,0.3334853306226788,0.5298457083535371,,0.22
dblp,1,A,sd,"{""alpha"": [0.15, 0.85], ""anfis"": ""default"", ""cd"": 8, ""m"": 1.5, ""sd"": 2.0}",1.5,0.15,0.85,2.0,8,default,0.8204741466072111,0.3334853306226788,0.5298457083535371,,0.17
amazon,0,A,sd,"{""alpha"": [0.15, 0.85], ""anfis"": ""default"", ""cd"": 8, ""m"": 1.5, ""sd"": 2.0}",1.5,0.15,0.85,2.0,8,default,0.6740401051939513,0.3773243134938058,0.65580304410921,,0.03
amazon,1,A,sd,"{""alpha"": [0.15, 0.85], ""anfis"": ""default"", ""cd"": 8, ""m"": 1.5, ""sd"": 2.0}",1.5,0.15,0.85,2.0,8,default,0.6740401051939513,0.3773243134938058,0.65580304410921,,0.03
amazon,2,A,sd,"{""alpha"": [0.15, 0.85], ""anfis"": ""default"", ""cd"": 8, ""m"": 1.5, ""sd"": 2.0}",1.5,0.15,0.85,2.0,8,default,0.6740401051939513,0.3773243134938058,0.65580304410921,,0.02
fakeddit,1,A,sd,"{""alpha"": [0.15, 0.85], ""anfis"": ""default"", ""cd"": 8, ""m"": 1.5, ""sd"": 2.0}",1.5,0.15,0.85,2.0,8,default,0.338345526048177,0.2723872184744529,0.1340559924815749,,4.25
dblp,2,A,sd,"{""alpha"": [0.15, 0.85], ""anfis"": ""default"", ""cd"": 8, ""m"": 1.5, ""sd"": 2.0}",1.5,0.15,0.85,2.0,8,default,0.7957893964988558,0.32821960096171465,0.49251823601725414,,0.23
crisismmd,0,A,cd,"{""alpha"": [0.15, 0.85], ""anfis"": ""default"", ""cd"": 4, ""m"": 1.5, ""sd"": 1.0}",1.5,0.15,0.85,1.0,4,default,0.27738107525206446,0.41047591216141743,0.5747368015145359,,0.8
crisismmd,2,A,cd,"{""alpha"": [0.15, 0.85], ""anfis"": ""default"", ""cd"": 4, ""m"": 1.5, ""sd"": 1.0}",1.5,0.15,0.85,1.0,4,default,0.29216786102069336,0.42301316085903906,0.5820493157979257,,0.95
crisismmd,1,A,cd,"{""alpha"": [0.15, 0.85], ""anfis"": ""default"", ""cd"": 4, ""m"": 1.5, ""sd"": 1.0}",1.5,0.15,0.85,1.0,4,default,0.28167927708777735,0.4169821906978213,0.5975991508481248,,1.17
pheme,2,A,sd,"{""alpha"": [0.15, 0.85], ""anfis"": ""default"", ""cd"": 8, ""m"": 1.5, ""sd"": 2.0}",1.5,0.15,0.85,2.0,8,default,0.7756925436397868,0.0,0.17063497430929667,,5.91
fakeddit,2,A,sd,"{""alpha"": [0.15, 0.85], ""anfis"": ""default"", ""cd"": 8, ""m"": 1.5, ""sd"": 2.0}",1.5,0.15,0.85,2.0,8,default,0.3432633433064391,0.20959095744412737,0.13845918273725244,,3.48
pheme,2,A,sd,"{""alpha"": [0.15, 0.85], ""anfis"": ""default"", ""cd"": 8, ""m"": 1.5, ""sd"": 1.5}",1.5,0.15,0.85,1.5,8,default,0.810932613731349,0.0,0.22860684736010548,,13.08
pheme,0,A,cd,"{""alpha"": [0.15, 0.85], ""anfis"": ""default"", ""cd"": 4, ""m"": 1.5, ""sd"": 1.0}",1.5,0.15,0.85,1.0,4,default,0.8651647650342359,0.0,0.24983831226709954,,3.47
fakeddit,0,A,cd,"{""alpha"": [0.15, 0.85], ""anfis"": ""default"", ""cd"": 4, ""m"": 1.5, ""sd"": 1.0}",1.5,0.15,0.85,1.0,4,default,0.20151039674952276,0.1800676424666936,0.2694688195431646,,2.8
fakeddit,1,A,cd,"{""alpha"": [0.15, 0.85], ""anfis"": ""default"", ""cd"": 4, ""m"": 1.5, ""sd"": 1.0}",1.5,0.15,0.85,1.0,4,default,0.21763238076870695,0.13372347107832183,0.27628932203129997,,2.64
fakeddit,2,A,cd,"{""alpha"": [0.15, 0.85], ""anfis"": ""default"", ""cd"": 4, ""m"": 1.5, ""sd"": 1.0}",1.5,0.15,0.85,1.0,4,default,0.17893755383670792,0.15712386243878662,0.28681567405486313,,2.47
crisismmd,1,A,cd,"{""alpha"": [0.15, 0.85], ""anfis"": ""default"", ""cd"": 16, ""m"": 1.5, ""sd"": 1.0}",1.5,0.15,0.85,1.0,16,default,0.5192970381411914,0.5029500882051018,0.5867296164394782,,2.17
crisismmd,0,A,cd,"{""alpha"": [0.15, 0.85], ""anfis"": ""default"", ""cd"": 16, ""m"": 1.5, ""sd"": 1.0}",1.5,0.15,0.85,1.0,16,default,0.5292514689263859,0.5561547703646572,0.5168380437116055,,2.23
pheme,1,A,cd,"{""alpha"": [0.15, 0.85], ""anfis"": ""default"", ""cd"": 4, ""m"": 1.5, ""sd"": 1.0}",1.5,0.15,0.85,1.0,4,default,0.8570915188206584,0.0,0.26870436471210807,,5.48
crisismmd,2,A,cd,"{""alpha"": [0.15, 0.85], ""anfis"": ""default"", ""cd"": 16, ""m"": 1.5, ""sd"": 1.0}",1.5,0.15,0.85,1.0,16,default,0.5134269178294443,0.4377715403011295,0.5535814927560262,,1.88
pheme,2,A,cd,"{""alpha"": [0.15, 0.85], ""anfis"": ""default"", ""cd"": 4, ""m"": 1.5, ""sd"": 1.0}",1.5,0.15,0.85,1.0,4,default,0.8543142336088391,0.015056576023737778,0.2816022363559687,,8.34
pheme,0,A,cd,"{""alpha"": [0.15, 0.85], ""anfis"": ""default"", ""cd"": 16, ""m"": 1.5, ""sd"": 1.0}",1.5,0.15,0.85,1.0,16,default,0.8651647650342359,0.0,0.24983831226709954,,3.67
pheme,1,A,cd,"{""alpha"": [0.15, 0.85], ""anfis"": ""default"", ""cd"": 16, ""m"": 1.5, ""sd"": 1.0}",1.5,0.15,0.85,1.0,16,default,0.8570915188206584,0.0,0.26870436471210807,,5.95
fakeddit,0,A,cd,"{""alpha"": [0.15, 0.85], ""anfis"": ""default"", ""cd"": 16, ""m"": 1.5, ""sd"": 1.0}",1.5,0.15,0.85,1.0,16,default,0.2784132145531872,0.17700651831457426,0.19433656635841062,,6.58
crisismmd,0,A,cd,"{""alpha"": [0.15, 0.85], ""anfis"": ""default"", ""cd"": 32, ""m"": 1.5, ""sd"": 1.0}",1.5,0.15,0.85,1.0,32,default,0.5056124675089084,0.4764153630718393,0.6032694380737167,,3.48
fakeddit,1,A,cd,"{""alpha"": [0.15, 0.85], ""anfis"": ""default"", ""cd"": 16, ""m"": 1.5, ""sd"": 1.0}",1.5,0.15,0.85,1.0,16,default,0.2787854788432062,0.2072627118566499,0.19222655669486868,,7.27
pheme,2,A,cd,"{""alpha"": [0.15, 0.85], ""anfis"": ""default"", ""cd"": 16, ""m"": 1.5, ""sd"": 1.0}",1.5,0.15,0.85,1.0,16,default,0.8543142336088391,0.015056576023737778,0.2816022363559687,,7.81
fakeddit,2,A,cd,"{""alpha"": [0.15, 0.85], ""anfis"": ""default"", ""cd"": 16, ""m"": 1.5, ""sd"": 1.0}",1.5,0.15,0.85,1.0,16,default,0.2885836840332647,0.20901996758731212,0.19001556396465408,,6.83
crisismmd,1,A,cd,"{""alpha"": [0.15, 0.85], ""anfis"": ""default"", ""cd"": 32, ""m"": 1.5, ""sd"": 1.0}",1.5,0.15,0.85,1.0,32,default,0.5068956692532077,0.47815030686699656,0.6025160073910988,,4.05
pheme,0,A,cd,"{""alpha"": [0.15, 0.85], ""anfis"": ""default"", ""cd"": 32, ""m"": 1.5, ""sd"": 1.0}",1.5,0.15,0.85,1.0,32,default,0.8651647650342359,0.0,0.24983831226709954,,3.14
crisismmd,2,A,cd,"{""alpha"": [0.15, 0.85], ""anfis"": ""default"", ""cd"": 32, ""m"": 1.5, ""sd"": 1.0}",1.5,0.15,0.85,1.0,32,default,0.5167028130866455,0.5379191067888096,0.5575578150517663,,3.72
crisismmd,0,A,anfis,"{""alpha"": [0.15, 0.85], ""anfis"": ""shift-0.1"", ""cd"": 8, ""m"": 1.5, ""sd"": 1.0}",1.5,0.15,0.85,1.0,8,shift-0.1,0.36698180900507527,0.346769486799383,0.36101925526009293,,1.41
crisismmd,1,A,anfis,"{""alpha"": [0.15, 0.85], ""anfis"": ""shift-0.1"", ""cd"": 8, ""m"": 1.5, ""sd"": 1.0}",1.5,0.15,0.85,1.0,8,shift-0.1,0.28397294555620767,0.260685375447007,0.25543794759046845,,1.03
pheme,1,A,cd,"{""alpha"": [0.15, 0.85], ""anfis"": ""default"", ""cd"": 32, ""m"": 1.5, ""sd"": 1.0}",1.5,0.15,0.85,1.0,32,default,0.8570915188206584,0.0,0.26870436471210807,,5.31
crisismmd,2,A,anfis,"{""alpha"": [0.15, 0.85], ""anfis"": ""shift-0.1"", ""cd"": 8, ""m"": 1.5, ""sd"": 1.0}",1.5,0.15,0.85,1.0,8,shift-0.1,0.34523454856120456,0.32382939311424397,0.3249175102263206,,1.67
pheme,2,A,cd,"{""alpha"": [0.15, 0.85], ""anfis"": ""default"", ""cd"": 32, ""m"": 1.5, ""sd"": 1.0}",1.5,0.15,0.85,1.0,32,default,0.8543142336088391,0.015056576023737778,0.2816022363559687,,8.12
pheme,0,A,anfis,"{""alpha"": [0.15, 0.85], ""anfis"": ""shift-0.1"", ""cd"": 8, ""m"": 1.5, ""sd"": 1.0}",1.5,0.15,0.85,1.0,8,shift-0.1,0.8651647650342359,0.0,0.24983831226709954,,3.25
fakeddit,0,A,anfis,"{""alpha"": [0.15, 0.85], ""anfis"": ""shift-0.1"", ""cd"": 8, ""m"": 1.5, ""sd"": 1.0}",1.5,0.15,0.85,1.0,8,shift-0.1,0.2592831307079922,0.24067896925077237,0.20059496414003566,,4.16
pheme,1,A,anfis,"{""alpha"": [0.15, 0.85], ""anfis"": ""shift-0.1"", ""cd"": 8, ""m"": 1.5, ""sd"": 1.0}",1.5,0.15,0.85,1.0,8,shift-0.1,0.8570915188206584,0.0,0.26870436471210807,,5.94
pheme,2,A,anfis,"{""alpha"": [0.15, 0.85], ""anfis"": ""shift-0.1"", ""cd"": 8, ""m"": 1.5, ""sd"": 1.0}",1.5,0.15,0.85,1.0,8,shift-0.1,0.8543142336088391,0.015056576023737778,0.2816022363559687,,7.91
fakeddit,1,A,anfis,"{""alpha"": [0.15, 0.85], ""anfis"": ""shift-0.1"", ""cd"": 8, ""m"": 1.5, ""sd"": 1.0}",1.5,0.15,0.85,1.0,8,shift-0.1,0.26339023085724383,0.1984515217066678,0.1942407116600336,,4.02
fakeddit,1,A,cd,"{""alpha"": [0.15, 0.85], ""anfis"": ""default"", ""cd"": 32, ""m"": 1.5, ""sd"": 1.0}",1.5,0.15,0.85,1.0,32,default,0.30830880530208465,0.19422810730534135,0.18453382530598048,,14.56
fakeddit,2,A,anfis,"{""alpha"": [0.15, 0.85], ""anfis"": ""shift-0.1"", ""cd"": 8, ""m"": 1.5, ""sd"": 1.0}",1.5,0.15,0.85,1.0,8,shift-0.1,0.2600895955703145,0.22118301963196108,0.19265212201590814,,4.16
fakeddit,2,A,cd,"{""alpha"": [0.15, 0.85], ""anfis"": ""default"", ""cd"": 32, ""m"": 1.5, ""sd"": 1.0}",1.5,0.15,0.85,1.0,32,default,0.31044871420692055,0.2143995496004757,0.18612995055122528,,14.38
fakeddit,0,A,cd,"{""alpha"": [0.15, 0.85], ""anfis"": ""default"", ""cd"": 32, ""m"": 1.5, ""sd"": 1.0}",1.5,0.15,0.85,1.0,32,default,0.30565438728880584,0.15898669934329313,0.19747438122408129,,14.73
crisismmd,0,A,anfis,"{""alpha"": [0.15, 0.85], ""anfis"": ""shift+0.1"", ""cd"": 8, ""m"": 1.5, ""sd"": 1.0}",1.5,0.15,0.85,1.0,8,shift+0.1,0.5143837286763909,0.6326505961938235,0.759190646247485,,1.05
crisismmd,1,A,anfis,"{""alpha"": [0.15, 0.85], ""anfis"": ""shift+0.1"", ""cd"": 8, ""m"": 1.5, ""sd"": 1.0}",1.5,0.15,0.85,1.0,8,shift+0.1,0.5104697573093425,0.6554711579336762,0.7623336893740417,,1.22
crisismmd,2,A,anfis,"{""alpha"": [0.15, 0.85], ""anfis"": ""shift+0.1"", ""cd"": 8, ""m"": 1.5, ""sd"": 1.0}",1.5,0.15,0.85,1.0,8,shift+0.1,0.5139849598706335,0.6260563086748112,0.7581241557003165,,1.22
pheme,0,A,anfis,"{""alpha"": [0.15, 0.85], ""anfis"": ""shift+0.1"", ""cd"": 8, ""m"": 1.5, ""sd"": 1.0}",1.5,0.15,0.85,1.0,8,shift+0.1,0.8651647650342359,0.0,0.24983831226709954,,3.3
fakeddit,0,A,anfis,"{""alpha"": [0.15, 0.85], ""anfis"": ""shift+0.1"", ""cd"": 8, ""m"": 1.5, ""sd"": 1.0}",1.5,0.15,0.85,1.0,8,shift+0.1,0.3170591613520962,0.37525826237171,0.33288007443898027,,3.81
crisismmd,0,A,anfis,"{""alpha"": [0.15, 0.85], ""anfis"": ""scale0.6"", ""cd"": 8, ""m"": 1.5, ""sd"": 1.0}",1.5,0.15,0.85,1.0,8,scale0.6,0.30310213388900603,0.16633927352897637,0.2599555642167356,,1.28
fakeddit,2,A,anfis,"{""alpha"": [0.15, 0.85], ""anfis"": ""shift+0.1"", ""cd"": 8, ""m"": 1.5, ""sd"": 1.0}",1.5,0.15,0.85,1.0,8,shift+0.1,0.31619677705692306,0.3705787765453338,0.3456200459444171,,3.75
fakeddit,1,A,anfis,"{""alpha"": [0.15, 0.85], ""anfis"": ""shift+0.1"", ""cd"": 8, ""m"": 1.5, ""sd"": 1.0}",1.5,0.15,0.85,1.0,8,shift+0.1,0.28917434180206114,0.34951079744808755,0.2866283450897119,,4.03
pheme,1,A,anfis,"{""alpha"": [0.15, 0.85], ""anfis"": ""shift+0.1"", ""cd"": 8, ""m"": 1.5, ""sd"": 1.0}",1.5,0.15,0.85,1.0,8,shift+0.1,0.8570915188206584,0.0,0.26870436471210807,,5.28
crisismmd,1,A,anfis,"{""alpha"": [0.15, 0.85], ""anfis"": ""scale0.6"", ""cd"": 8, ""m"": 1.5, ""sd"": 1.0}",1.5,0.15,0.85,1.0,8,scale0.6,0.28822617268005063,0.28427107234942084,0.34721530539665607,,1.25
crisismmd,2,A,anfis,"{""alpha"": [0.15, 0.85], ""anfis"": ""scale0.6"", ""cd"": 8, ""m"": 1.5, ""sd"": 1.0}",1.5,0.15,0.85,1.0,8,scale0.6,0.3814680800245298,0.362969877552477,0.34591772870958437,,1.22
pheme,2,A,anfis,"{""alpha"": [0.15, 0.85], ""anfis"": ""shift+0.1"", ""cd"": 8, ""m"": 1.5, ""sd"": 1.0}",1.5,0.15,0.85,1.0,8,shift+0.1,0.8543142336088391,0.015056576023737778,0.2816022363559687,,8.22
pheme,0,A,anfis,"{""alpha"": [0.15, 0.85], ""anfis"": ""scale0.6"", ""cd"": 8, ""m"": 1.5, ""sd"": 1.0}",1.5,0.15,0.85,1.0,8,scale0.6,0.8651647650342359,0.0,0.24983831226709954,,3.69
fakeddit,0,A,anfis,"{""alpha"": [0.15, 0.85], ""anfis"": ""scale0.6"", ""cd"": 8, ""m"": 1.5, ""sd"": 1.0}",1.5,0.15,0.85,1.0,8,scale0.6,0.2541147366746708,0.25780737928072317,0.18388580413297398,,3.77
fakeddit,1,A,anfis,"{""alpha"": [0.15, 0.85], ""anfis"": ""scale0.6"", ""cd"": 8, ""m"": 1.5, ""sd"": 1.0}",1.5,0.15,0.85,1.0,8,scale0.6,0.2540176898940774,0.2505397137255634,0.17953387518466074,,4.05
crisismmd,0,A,anfis,"{""alpha"": [0.15, 0.85], ""anfis"": ""scale1.5"", ""cd"": 8, ""m"": 1.5, ""sd"": 1.0}",1.5,0.15,0.85,1.0,8,scale1.5,0.5183831938329336,0.6261645273103602,0.7566337884204842,,1.36
crisismmd,1,A,anfis,"{""alpha"": [0.15, 0.85], ""anfis"": ""scale1.5"", ""cd"": 8, ""m"": 1.5, ""sd"": 1.0}",1.5,0.15,0.85,1.0,8,scale1.5,0.5156397573273324,0.6518612488639903,0.7639319046564262,,1.28
pheme,1,A,anfis,"{""alpha"": [0.15, 0.85], ""anfis"": ""scale0.6"", ""cd"": 8, ""m"": 1.5, ""sd"": 1.0}",1.5,0.15,0.85,1.0,8,scale0.6,0.8570915188206584,0.0,0.26870436471210807,,5.7
crisismmd,2,A,anfis,"{""alpha"": [0.15, 0.85], ""anfis"": ""scale1.5"", ""cd"": 8, ""m"": 1.5, ""sd"": 1.0}",1.5,0.15,0.85,1.0,8,scale1.5,0.5280513553474577,0.5554706992440454,0.652934017481906,,1.19
fakeddit,2,A,anfis,"{""alpha"": [0.15, 0.85], ""anfis"": ""scale0.6"", ""cd"": 8, ""m"": 1.5, ""sd"": 1.0}",1.5,0.15,0.85,1.0,8,scale0.6,0.2578059862090499,0.24524458713773534,0.17551948853071547,,3.33
pheme,0,A,anfis,"{""alpha"": [0.15, 0.85], ""anfis"": ""scale1.5"", ""cd"": 8, ""m"": 1.5, ""sd"": 1.0}",1.5,0.15,0.85,1.0,8,scale1.5,0.8651647650342359,0.0,0.24983831226709954,,3.62
pheme,2,A,anfis,"{""alpha"": [0.15, 0.85], ""anfis"": ""scale0.6"", ""cd"": 8, ""m"": 1.5, ""sd"": 1.0}",1.5,0.15,0.85,1.0,8,scale0.6,0.8543142336088391,0.015056576023737778,0.2816022363559687,,8.45
fakeddit,0,A,anfis,"{""alpha"": [0.15, 0.85], ""anfis"": ""scale1.5"", ""cd"": 8, ""m"": 1.5, ""sd"": 1.0}",1.5,0.15,0.85,1.0,8,scale1.5,0.29050196647775883,0.27462368494238876,0.30733471283796504,,3.78
fakeddit,1,A,anfis,"{""alpha"": [0.15, 0.85], ""anfis"": ""scale1.5"", ""cd"": 8, ""m"": 1.5, ""sd"": 1.0}",1.5,0.15,0.85,1.0,8,scale1.5,0.317488838935413,0.416240938352444,0.30349443689918637,,3.66
pheme,1,A,anfis,"{""alpha"": [0.15, 0.85], ""anfis"": ""scale1.5"", ""cd"": 8, ""m"": 1.5, ""sd"": 1.0}",1.5,0.15,0.85,1.0,8,scale1.5,0.8570915188206584,0.0,0.26870436471210807,,5.56
crisismmd,0,A,anfis,"{""alpha"": [0.15, 0.85], ""anfis"": ""pct"", ""cd"": 8, ""m"": 1.5, ""sd"": 1.0}",1.5,0.15,0.85,1.0,8,pct,0.3760698385734172,0.6617751231600908,0.608307817657544,,2.55
fakeddit,2,A,anfis,"{""alpha"": [0.15, 0.85], ""anfis"": ""scale1.5"", ""cd"": 8, ""m"": 1.5, ""sd"": 1.0}",1.5,0.15,0.85,1.0,8,scale1.5,0.30633200429867424,0.3900873832175543,0.3549781845734739,,3.3
crisismmd,1,A,anfis,"{""alpha"": [0.15, 0.85], ""anfis"": ""pct"", ""cd"": 8, ""m"": 1.5, ""sd"": 1.0}",1.5,0.15,0.85,1.0,8,pct,0.4093321523043724,0.6887458842692472,0.6272694326817677,,2.5
crisismmd,2,A,anfis,"{""alpha"": [0.15, 0.85], ""anfis"": ""pct"", ""cd"": 8, ""m"": 1.5, ""sd"": 1.0}",1.5,0.15,0.85,1.0,8,pct,0.37104061986281583,0.6599070407219579,0.5989519739803856,,2.67
pheme,2,A,anfis,"{""alpha"": [0.15, 0.85], ""anfis"": ""scale1.5"", ""cd"": 8, ""m"": 1.5, ""sd"": 1.0}",1.5,0.15,0.85,1.0,8,scale1.5,0.8543142336088391,0.015056576023737778,0.2816022363559687,,8.11
pheme,0,A,anfis,"{""alpha"": [0.15, 0.85], ""anfis"": ""pct"", ""cd"": 8, ""m"": 1.5, ""sd"": 1.0}",1.5,0.15,0.85,1.0,8,pct,0.8651647650342359,0.0,0.24983831226709954,,6.52
fakeddit,0,A,anfis,"{""alpha"": [0.15, 0.85], ""anfis"": ""pct"", ""cd"": 8, ""m"": 1.5, ""sd"": 1.0}",1.5,0.15,0.85,1.0,8,pct,0.2972050520818678,0.40725044976122904,0.4502507247420162,,7.3
pheme,1,A,anfis,"{""alpha"": [0.15, 0.85], ""anfis"": ""pct"", ""cd"": 8, ""m"": 1.5, ""sd"": 1.0}",1.5,0.15,0.85,1.0,8,pct,0.8570915188206584,0.0,0.26870436471210807,,8.56
fakeddit,1,A,anfis,"{""alpha"": [0.15, 0.85], ""anfis"": ""pct"", ""cd"": 8, ""m"": 1.5, ""sd"": 1.0}",1.5,0.15,0.85,1.0,8,pct,0.3144203157987859,0.4988968038800059,0.3592181523479341,,6.92
fakeddit,2,A,anfis,"{""alpha"": [0.15, 0.85], ""anfis"": ""pct"", ""cd"": 8, ""m"": 1.5, ""sd"": 1.0}",1.5,0.15,0.85,1.0,8,pct,0.31984120091447704,0.4944087712327826,0.4021213480595499,,6.2
pheme,2,A,anfis,"{""alpha"": [0.15, 0.85], ""anfis"": ""pct"", ""cd"": 8, ""m"": 1.5, ""sd"": 1.0}",1.5,0.15,0.85,1.0,8,pct,0.8543142336088391,0.015056576023737778,0.2816022363559687,,9.45
pheme,0,B,search,"{""alpha"": [0.15, 0.85], ""anfis"": ""shift-0.1"", ""cd"": 16, ""m"": 2.0, ""sd"": 1.5}",2.0,0.15,0.85,1.5,16,shift-0.1,0.6698796883468795,0.009892783598321464,0.14981381809306787,,4.25
crisismmd,2,B,search,"{""alpha"": [0.15, 0.85], ""anfis"": ""shift-0.1"", ""cd"": 16, ""m"": 2.0, ""sd"": 1.5}",2.0,0.15,0.85,1.5,16,shift-0.1,0.4592378497468928,0.3102875937958891,0.38941508372315126,,4.48
crisismmd,0,B,search,"{""alpha"": [0.15, 0.85], ""anfis"": ""shift-0.1"", ""cd"": 16, ""m"": 2.0, ""sd"": 1.5}",2.0,0.15,0.85,1.5,16,shift-0.1,0.466644661830121,0.4384831023619009,0.3652645343765193,,4.59
crisismmd,1,B,search,"{""alpha"": [0.15, 0.85], ""anfis"": ""shift-0.1"", ""cd"": 16, ""m"": 2.0, ""sd"": 1.5}",2.0,0.15,0.85,1.5,16,shift-0.1,0.46490148383497987,0.4290778084104707,0.3648003722861812,,4.59
pheme,1,B,search,"{""alpha"": [0.15, 0.85], ""anfis"": ""shift-0.1"", ""cd"": 16, ""m"": 2.0, ""sd"": 1.5}",2.0,0.15,0.85,1.5,16,shift-0.1,0.49142354971452645,0.017144624666478148,0.08431066860300307,,4.66
dblp,0,B,search,"{""alpha"": [0.15, 0.85], ""anfis"": ""shift-0.1"", ""cd"": 16, ""m"": 2.0, ""sd"": 1.5}",2.0,0.15,0.85,1.5,16,shift-0.1,0.8384408678044366,0.4322209246829425,0.5832892206799976,,0.11
dblp,1,B,search,"{""alpha"": [0.15, 0.85], ""anfis"": ""shift-0.1"", ""cd"": 16, ""m"": 2.0, ""sd"": 1.5}",2.0,0.15,0.85,1.5,16,shift-0.1,0.8384408678044366,0.4322209246829425,0.5832892206799976,,0.09
amazon,0,B,search,"{""alpha"": [0.15, 0.85], ""anfis"": ""shift-0.1"", ""cd"": 16, ""m"": 2.0, ""sd"": 1.5}",2.0,0.15,0.85,1.5,16,shift-0.1,0.7011406969099276,0.3147730018524644,0.7102281881586,,0.02
amazon,1,B,search,"{""alpha"": [0.15, 0.85], ""anfis"": ""shift-0.1"", ""cd"": 16, ""m"": 2.0, ""sd"": 1.5}",2.0,0.15,0.85,1.5,16,shift-0.1,0.7011406969099276,0.3147730018524644,0.7102281881586,,0.03
dblp,2,B,search,"{""alpha"": [0.15, 0.85], ""anfis"": ""shift-0.1"", ""cd"": 16, ""m"": 2.0, ""sd"": 1.5}",2.0,0.15,0.85,1.5,16,shift-0.1,0.8340528700693108,0.48979095425976305,0.6496907957059725,,0.11
amazon,2,B,search,"{""alpha"": [0.15, 0.85], ""anfis"": ""shift-0.1"", ""cd"": 16, ""m"": 2.0, ""sd"": 1.5}",2.0,0.15,0.85,1.5,16,shift-0.1,0.6595364891518738,0.3192779188590933,0.6807336436809311,,0.02
pheme,2,B,search,"{""alpha"": [0.15, 0.85], ""anfis"": ""shift-0.1"", ""cd"": 16, ""m"": 2.0, ""sd"": 1.5}",2.0,0.15,0.85,1.5,16,shift-0.1,0.49263516362319915,0.014179355178402853,0.08808408851080068,,5.16
crisismmd,0,B,search,"{""alpha"": [0.15, 0.85], ""anfis"": ""default"", ""cd"": 4, ""m"": 1.3, ""sd"": 0.5}",1.3,0.15,0.85,0.5,4,default,0.306279147535505,0.4524687625196374,0.5995510265163265,,0.81
crisismmd,1,B,search,"{""alpha"": [0.15, 0.85], ""anfis"": ""default"", ""cd"": 4, ""m"": 1.3, ""sd"": 0.5}",1.3,0.15,0.85,0.5,4,default,0.34781816795113746,0.4940917941918723,0.6183353383417977,,1.11
crisismmd,2,B,search,"{""alpha"": [0.15, 0.85], ""anfis"": ""default"", ""cd"": 4, ""m"": 1.3, ""sd"": 0.5}",1.3,0.15,0.85,0.5,4,default,0.3504216598881757,0.48624408808405495,0.5949732054126083,,0.98
pheme,0,B,search,"{""alpha"": [0.15, 0.85], ""anfis"": ""default"", ""cd"": 4, ""m"": 1.3, ""sd"": 0.5}",1.3,0.15,0.85,0.5,4,default,0.8815315106655364,0.0,0.25586186564937824,,1.31
pheme,2,B,search,"{""alpha"": [0.15, 0.85], ""anfis"": ""default"", ""cd"": 4, ""m"": 1.3, ""sd"": 0.5}",1.3,0.15,0.85,0.5,4,default,0.8601871606396755,0.0,0.2727397976235848,,3.27
fakeddit,0,B,search,"{""alpha"": [0.15, 0.85], ""anfis"": ""default"", ""cd"": 4, ""m"": 1.3, ""sd"": 0.5}",1.3,0.15,0.85,0.5,4,default,0.2580861790063606,0.3989512423541409,0.49835408327358743,,2.64
fakeddit,0,B,search,"{""alpha"": [0.15, 0.85], ""anfis"": ""shift-0.1"", ""cd"": 16, ""m"": 2.0, ""sd"": 1.5}",2.0,0.15,0.85,1.5,16,shift-0.1,0.37867384000828513,0.21884368149133504,0.14200052964397963,,6.41
dblp,0,B,search,"{""alpha"": [0.15, 0.85], ""anfis"": ""default"", ""cd"": 4, ""m"": 1.3, ""sd"": 0.5}",1.3,0.15,0.85,0.5,4,default,0.8278851135757042,0.5563181703972224,0.7089501506680773,,0.09
dblp,1,B,search,"{""alpha"": [0.15, 0.85], ""anfis"": ""default"", ""cd"": 4, ""m"": 1.3, ""sd"": 0.5}",1.3,0.15,0.85,0.5,4,default,0.8147450395751741,0.44253412072813647,0.628458043433941,,0.12
pheme,1,B,search,"{""alpha"": [0.15, 0.85], ""anfis"": ""default"", ""cd"": 4, ""m"": 1.3, ""sd"": 0.5}",1.3,0.15,0.85,0.5,4,default,0.8707103364990981,0.0,0.2278641908913896,,5.08
fakeddit,1,B,search,"{""alpha"": [0.15, 0.85], ""anfis"": ""shift-0.1"", ""cd"": 16, ""m"": 2.0, ""sd"": 1.5}",2.0,0.15,0.85,1.5,16,shift-0.1,0.38180705781343777,0.3519044181743536,0.13856915604492054,,6.52
amazon,0,B,search,"{""alpha"": [0.15, 0.85], ""anfis"": ""default"", ""cd"": 4, ""m"": 1.3, ""sd"": 0.5}",1.3,0.15,0.85,0.5,4,default,0.5643984220907298,0.640352703530582,0.6370431893687708,,0.0
dblp,2,B,search,"{""alpha"": [0.15, 0.85], ""anfis"": ""default"", ""cd"": 4, ""m"": 1.3, ""sd"": 0.5}",1.3,0.15,0.85,0.5,4,default,0.827936219636334,0.6161877847100949,0.7156264691785771,,0.14
amazon,2,B,search,"{""alpha"": [0.15, 0.85], ""anfis"": ""default"", ""cd"": 4, ""m"": 1.3, ""sd"": 0.5}",1.3,0.15,0.85,0.5,4,default,0.7179717291255754,0.647692800462395,0.8360464649674884,,0.02
amazon,1,B,search,"{""alpha"": [0.15, 0.85], ""anfis"": ""default"", ""cd"": 4, ""m"": 1.3, ""sd"": 0.5}",1.3,0.15,0.85,0.5,4,default,0.5643984220907298,0.640352703530582,0.6370431893687708,,0.03
fakeddit,2,B,search,"{""alpha"": [0.15, 0.85], ""anfis"": ""shift-0.1"", ""cd"": 16, ""m"": 2.0, ""sd"": 1.5}",2.0,0.15,0.85,1.5,16,shift-0.1,0.3825725609586,0.34835931790903185,0.13841098225701534,,6.75
fakeddit,2,B,search,"{""alpha"": [0.15, 0.85], ""anfis"": ""default"", ""cd"": 4, ""m"": 1.3, ""sd"": 0.5}",1.3,0.15,0.85,0.5,4,default,0.23905548625154366,0.3614790099338099,0.5059914297771406,,2.28
fakeddit,1,B,search,"{""alpha"": [0.15, 0.85], ""anfis"": ""default"", ""cd"": 4, ""m"": 1.3, ""sd"": 0.5}",1.3,0.15,0.85,0.5,4,default,0.23394198920074585,0.3786108681429663,0.514543077657856,,2.53
crisismmd,2,B,search,"{""alpha"": [0.15, 0.85], ""anfis"": ""pct"", ""cd"": 16, ""m"": 1.2, ""sd"": 2.0}",1.2,0.15,0.85,2.0,16,pct,0.42558572031561287,0.6786112173886015,0.6769449157842234,,3.22
crisismmd,0,B,search,"{""alpha"": [0.15, 0.85], ""anfis"": ""pct"", ""cd"": 16, ""m"": 1.2, ""sd"": 2.0}",1.2,0.15,0.85,2.0,16,pct,0.37692760046189655,0.7338256642549938,0.6275688827894018,,3.39
crisismmd,1,B,search,"{""alpha"": [0.15, 0.85], ""anfis"": ""pct"", ""cd"": 16, ""m"": 1.2, ""sd"": 2.0}",1.2,0.15,0.85,2.0,16,pct,0.46670166466260743,0.6917155230310947,0.6848787596987868,,3.42
pheme,0,B,search,"{""alpha"": [0.15, 0.85], ""anfis"": ""pct"", ""cd"": 16, ""m"": 1.2, ""sd"": 2.0}",1.2,0.15,0.85,2.0,16,pct,0.8699499982444654,0.01398898655495473,0.2443906276835264,,6.0
dblp,0,B,search,"{""alpha"": [0.15, 0.85], ""anfis"": ""pct"", ""cd"": 16, ""m"": 1.2, ""sd"": 2.0}",1.2,0.15,0.85,2.0,16,pct,0.8424452433197451,0.28594871215023077,0.5031241809591468,,0.2
dblp,1,B,search,"{""alpha"": [0.15, 0.85], ""anfis"": ""pct"", ""cd"": 16, ""m"": 1.2, ""sd"": 2.0}",1.2,0.15,0.85,2.0,16,pct,0.8031812150328673,0.3179208162649827,0.4844518678399843,,0.16
dblp,2,B,search,"{""alpha"": [0.15, 0.85], ""anfis"": ""pct"", ""cd"": 16, ""m"": 1.2, ""sd"": 2.0}",1.2,0.15,0.85,2.0,16,pct,0.8443658378335421,0.29160280391025484,0.5325336938321648,,0.16
amazon,0,B,search,"{""alpha"": [0.15, 0.85], ""anfis"": ""pct"", ""cd"": 16, ""m"": 1.2, ""sd"": 2.0}",1.2,0.15,0.85,2.0,16,pct,0.6800756081525312,0.36823858819261024,0.6428420434079185,,0.02
amazon,1,B,search,"{""alpha"": [0.15, 0.85], ""anfis"": ""pct"", ""cd"": 16, ""m"": 1.2, ""sd"": 2.0}",1.2,0.15,0.85,2.0,16,pct,0.6800756081525312,0.36823858819261024,0.6428420434079185,,0.03
amazon,2,B,search,"{""alpha"": [0.15, 0.85], ""anfis"": ""pct"", ""cd"": 16, ""m"": 1.2, ""sd"": 2.0}",1.2,0.15,0.85,2.0,16,pct,0.6800756081525312,0.36823858819261024,0.6428420434079185,,0.02
pheme,1,B,search,"{""alpha"": [0.15, 0.85], ""anfis"": ""pct"", ""cd"": 16, ""m"": 1.2, ""sd"": 2.0}",1.2,0.15,0.85,2.0,16,pct,0.8668904997844675,0.01531787138624785,0.24412471835845015,,6.77
crisismmd,0,B,search,"{""alpha"": [0.15, 0.85], ""anfis"": ""scale1.5"", ""cd"": 32, ""m"": 1.5, ""sd"": 1.5}",1.5,0.15,0.85,1.5,32,scale1.5,0.3404352029244357,0.17288572912083788,0.22258443008062231,,3.69
crisismmd,1,B,search,"{""alpha"": [0.15, 0.85], ""anfis"": ""scale1.5"", ""cd"": 32, ""m"": 1.5, ""sd"": 1.5}",1.5,0.15,0.85,1.5,32,scale1.5,0.48594981633791967,0.4051326054899749,0.37927695603267775,,4.73
pheme,2,B,search,"{""alpha"": [0.15, 0.85], ""anfis"": ""pct"", ""cd"": 16, ""m"": 1.2, ""sd"": 2.0}",1.2,0.15,0.85,2.0,16,pct,0.8683090897449931,0.012057574432937979,0.256682998527171,,12.8
fakeddit,0,B,search,"{""alpha"": [0.15, 0.85], ""anfis"": ""pct"", ""cd"": 16, ""m"": 1.2, ""sd"": 2.0}",1.2,0.15,0.85,2.0,16,pct,0.31614749558819055,0.43810834633376927,0.35102584951226223,,10.88
crisismmd,2,B,search,"{""alpha"": [0.15, 0.85], ""anfis"": ""scale1.5"", ""cd"": 32, ""m"": 1.5, ""sd"": 1.5}",1.5,0.15,0.85,1.5,32,scale1.5,0.4854432755714393,0.4013853344634335,0.37378820792386225,,3.58
fakeddit,2,B,search,"{""alpha"": [0.15, 0.85], ""anfis"": ""pct"", ""cd"": 16, ""m"": 1.2, ""sd"": 2.0}",1.2,0.15,0.85,2.0,16,pct,0.3005502228842972,0.4350782966999702,0.34461688888597963,,10.84
fakeddit,1,B,search,"{""alpha"": [0.15, 0.85], ""anfis"": ""pct"", ""cd"": 16, ""m"": 1.2, ""sd"": 2.0}",1.2,0.15,0.85,2.0,16,pct,0.3190312164022743,0.5404419372491585,0.40118727205430077,,11.44
pheme,0,B,search,"{""alpha"": [0.15, 0.85], ""anfis"": ""scale1.5"", ""cd"": 32, ""m"": 1.5, ""sd"": 1.5}",1.5,0.15,0.85,1.5,32,scale1.5,0.8583960727953805,0.0209023872498717,0.2972313123127813,,4.08
dblp,0,B,search,"{""alpha"": [0.15, 0.85], ""anfis"": ""scale1.5"", ""cd"": 32, ""m"": 1.5, ""sd"": 1.5}",1.5,0.15,0.85,1.5,32,scale1.5,0.8304631594577059,0.4851125789609554,0.6760871809498382,,0.12
dblp,1,B,search,"{""alpha"": [0.15, 0.85], ""anfis"": ""scale1.5"", ""cd"": 32, ""m"": 1.5, ""sd"": 1.5}",1.5,0.15,0.85,1.5,32,scale1.5,0.8371763522454513,0.4215862895439384,0.6056177253094378,,0.11
dblp,2,B,search,"{""alpha"": [0.15, 0.85], ""anfis"": ""scale1.5"", ""cd"": 32, ""m"": 1.5, ""sd"": 1.5}",1.5,0.15,0.85,1.5,32,scale1.5,0.8371763522454513,0.4215862895439384,0.6056177253094378,,0.14
amazon,0,B,search,"{""alpha"": [0.15, 0.85], ""anfis"": ""scale1.5"", ""cd"": 32, ""m"": 1.5, ""sd"": 1.5}",1.5,0.15,0.85,1.5,32,scale1.5,0.7031623931623932,0.3719518989225781,0.7030470750548914,,0.02
amazon,1,B,search,"{""alpha"": [0.15, 0.85], ""anfis"": ""scale1.5"", ""cd"": 32, ""m"": 1.5, ""sd"": 1.5}",1.5,0.15,0.85,1.5,32,scale1.5,0.7031623931623932,0.37049365199447815,0.6990889545237371,,0.03
amazon,2,B,search,"{""alpha"": [0.15, 0.85], ""anfis"": ""scale1.5"", ""cd"": 32, ""m"": 1.5, ""sd"": 1.5}",1.5,0.15,0.85,1.5,32,scale1.5,0.7031623931623932,0.3719518989225781,0.7030470750548914,,0.03
pheme,1,B,search,"{""alpha"": [0.15, 0.85], ""anfis"": ""scale1.5"", ""cd"": 32, ""m"": 1.5, ""sd"": 1.5}",1.5,0.15,0.85,1.5,32,scale1.5,0.8570885683423711,0.02120052725675703,0.287505278935144,,5.5
crisismmd,0,B,search,"{""alpha"": [0.15, 0.85], ""anfis"": ""pct"", ""cd"": 16, ""m"": 1.75, ""sd"": 1.5}",1.75,0.15,0.85,1.5,16,pct,0.3479419216234273,0.2457177697015024,0.3093464211427906,,3.41
crisismmd,2,B,search,"{""alpha"": [0.15, 0.85], ""anfis"": ""pct"", ""cd"": 16, ""m"": 1.75, ""sd"": 1.5}",1.75,0.15,0.85,1.5,16,pct,0.36585214883525324,0.3092221262734487,0.31014705131913967,,2.36
crisismmd,1,B,search,"{""alpha"": [0.15, 0.85], ""anfis"": ""pct"", ""cd"": 16, ""m"": 1.75, ""sd"": 1.5}",1.75,0.15,0.85,1.5,16,pct,0.4342992674226072,0.370076279775611,0.3470525796096859,,3.95
pheme,2,B,search,"{""alpha"": [0.15, 0.85], ""anfis"": ""scale1.5"", ""cd"": 32, ""m"": 1.5, ""sd"": 1.5}",1.5,0.15,0.85,1.5,32,scale1.5,0.810932613731349,0.0,0.22860684736010548,,12.48
pheme,0,B,search,"{""alpha"": [0.15, 0.85], ""anfis"": ""pct"", ""cd"": 16, ""m"": 1.75, ""sd"": 1.5}",1.75,0.15,0.85,1.5,16,pct,0.5505945066224961,0.02187868767072121,0.10877351524226457,,5.39
fakeddit,1,B,search,"{""alpha"": [0.15, 0.85], ""anfis"": ""scale1.5"", ""cd"": 32, ""m"": 1.5, ""sd"": 1.5}",1.5,0.15,0.85,1.5,32,scale1.5,0.3873640403047753,0.2812705619634137,0.15173074340129483,,14.09
fakeddit,2,B,search,"{""alpha"": [0.15, 0.85], ""anfis"": ""scale1.5"", ""cd"": 32, ""m"": 1.5, ""sd"": 1.5}",1.5,0.15,0.85,1.5,32,scale1.5,0.38765438116047424,0.23641285763319364,0.1590292114938165,,14.62
fakeddit,0,B,search,"{""alpha"": [0.15, 0.85], ""anfis"": ""scale1.5"", ""cd"": 32, ""m"": 1.5, ""sd"": 1.5}",1.5,0.15,0.85,1.5,32,scale1.5,0.38769693229418656,0.23604030283560884,0.15344501246411277,,15.69
dblp,0,B,search,"{""alpha"": [0.15, 0.85], ""anfis"": ""pct"", ""cd"": 16, ""m"": 1.75, ""sd"": 1.5}",1.75,0.15,0.85,1.5,16,pct,0.8305830168940167,0.4839522142158226,0.6778238194366842,,0.14
dblp,1,B,search,"{""alpha"": [0.15, 0.85], ""anfis"": ""pct"", ""cd"": 16, ""m"": 1.75, ""sd"": 1.5}",1.75,0.15,0.85,1.5,16,pct,0.8374802437824446,0.40294155931823095,0.6050428912480803,,0.14
dblp,2,B,search,"{""alpha"": [0.15, 0.85], ""anfis"": ""pct"", ""cd"": 16, ""m"": 1.75, ""sd"": 1.5}",1.75,0.15,0.85,1.5,16,pct,0.8320926716261765,0.49792585676348544,0.6513010274264571,,0.14
amazon,0,B,search,"{""alpha"": [0.15, 0.85], ""anfis"": ""pct"", ""cd"": 16, ""m"": 1.75, ""sd"": 1.5}",1.75,0.15,0.85,1.5,16,pct,0.7038724523339908,0.37195414604318566,0.7288910239611245,,0.02
amazon,1,B,search,"{""alpha"": [0.15, 0.85], ""anfis"": ""pct"", ""cd"": 16, ""m"": 1.75, ""sd"": 1.5}",1.75,0.15,0.85,1.5,16,pct,0.7038724523339908,0.37195414604318566,0.7288910239611245,,0.02
amazon,2,B,search,"{""alpha"": [0.15, 0.85], ""anfis"": ""pct"", ""cd"": 16, ""m"": 1.75, ""sd"": 1.5}",1.75,0.15,0.85,1.5,16,pct,0.7038724523339908,0.37195414604318566,0.7288910239611245,,0.03
pheme,1,B,search,"{""alpha"": [0.15, 0.85], ""anfis"": ""pct"", ""cd"": 16, ""m"": 1.75, ""sd"": 1.5}",1.75,0.15,0.85,1.5,16,pct,0.4951672640893452,0.014647820591344729,0.08641338651741842,,8.08
crisismmd,0,B,search,"{""alpha"": [0.15, 0.85], ""anfis"": ""default"", ""cd"": 16, ""m"": 1.3, ""sd"": 2.0}",1.3,0.15,0.85,2.0,16,default,0.5253522659996073,0.6208430741704491,0.5029114951361051,,2.17
crisismmd,1,B,search,"{""alpha"": [0.15, 0.85], ""anfis"": ""default"", ""cd"": 16, ""m"": 1.3, ""sd"": 2.0}",1.3,0.15,0.85,2.0,16,default,0.5239735923553198,0.5513717609674892,0.5194116479331773,,2.34
pheme,2,B,search,"{""alpha"": [0.15, 0.85], ""anfis"": ""pct"", ""cd"": 16, ""m"": 1.75, ""sd"": 1.5}",1.75,0.15,0.85,1.5,16,pct,0.6276123165945815,0.002915016254837699,0.12931418361807115,,7.44
crisismmd,2,B,search,"{""alpha"": [0.15, 0.85], ""anfis"": ""default"", ""cd"": 16, ""m"": 1.3, ""sd"": 2.0}",1.3,0.15,0.85,2.0,16,default,0.5224895314559619,0.5505976833449582,0.5107064286074495,,2.19
fakeddit,1,B,search,"{""alpha"": [0.15, 0.85], ""anfis"": ""pct"", ""cd"": 16, ""m"": 1.75, ""sd"": 1.5}",1.75,0.15,0.85,1.5,16,pct,0.3885249960215215,0.3790282792746107,0.13963450314333298,,6.73
fakeddit,2,B,search,"{""alpha"": [0.15, 0.85], ""anfis"": ""pct"", ""cd"": 16, ""m"": 1.75, ""sd"": 1.5}",1.75,0.15,0.85,1.5,16,pct,0.3887714001799806,0.3731728635502566,0.139466363397778,,7.11
pheme,0,B,search,"{""alpha"": [0.15, 0.85], ""anfis"": ""default"", ""cd"": 16, ""m"": 1.3, ""sd"": 2.0}",1.3,0.15,0.85,2.0,16,default,0.8716605380315176,0.014640460157382629,0.24594719271036672,,4.41
fakeddit,0,B,search,"{""alpha"": [0.15, 0.85], ""anfis"": ""pct"", ""cd"": 16, ""m"": 1.75, ""sd"": 1.5}",1.75,0.15,0.85,1.5,16,pct,0.3885366857184094,0.28882247363819147,0.1432073120066473,,11.03
dblp,0,B,search,"{""alpha"": [0.15, 0.85], ""anfis"": ""default"", ""cd"": 16, ""m"": 1.3, ""sd"": 2.0}",1.3,0.15,0.85,2.0,16,default,0.8082237232503559,0.37834245108425135,0.48119098024070656,,0.17
dblp,1,B,search,"{""alpha"": [0.15, 0.85], ""anfis"": ""default"", ""cd"": 16, ""m"": 1.3, ""sd"": 2.0}",1.3,0.15,0.85,2.0,16,default,0.8024853360896622,0.3698444436306796,0.5275922105187902,,0.17
dblp,2,B,search,"{""alpha"": [0.15, 0.85], ""anfis"": ""default"", ""cd"": 16, ""m"": 1.3, ""sd"": 2.0}",1.3,0.15,0.85,2.0,16,default,0.7961125018233491,0.32084620665500285,0.4977990427779154,,0.23
amazon,0,B,search,"{""alpha"": [0.15, 0.85], ""anfis"": ""default"", ""cd"": 16, ""m"": 1.3, ""sd"": 2.0}",1.3,0.15,0.85,2.0,16,default,0.6800756081525312,0.3697594948122036,0.6472139660159615,,0.03
amazon,1,B,search,"{""alpha"": [0.15, 0.85], ""anfis"": ""default"", ""cd"": 16, ""m"": 1.3, ""sd"": 2.0}",1.3,0.15,0.85,2.0,16,default,0.6800756081525312,0.3697594948122036,0.6472139660159615,,0.02
amazon,2,B,search,"{""alpha"": [0.15, 0.85], ""anfis"": ""default"", ""cd"": 16, ""m"": 1.3, ""sd"": 2.0}",1.3,0.15,0.85,2.0,16,default,0.6800756081525312,0.3697594948122036,0.6472139660159615,,0.02
fakeddit,0,B,search,"{""alpha"": [0.15, 0.85], ""anfis"": ""default"", ""cd"": 16, ""m"": 1.3, ""sd"": 2.0}",1.3,0.15,0.85,2.0,16,default,0.2757984077307794,0.23515978456468178,0.20128834307649712,,7.83
pheme,1,B,search,"{""alpha"": [0.15, 0.85], ""anfis"": ""default"", ""cd"": 16, ""m"": 1.3, ""sd"": 2.0}",1.3,0.15,0.85,2.0,16,default,0.8623337811175881,0.019089593726778986,0.23754277745248611,,9.31
crisismmd,0,B,search,"{""alpha"": [0.15, 0.85], ""anfis"": ""shift-0.1"", ""cd"": 32, ""m"": 1.75, ""sd"": 1.5}",1.75,0.15,0.85,1.5,32,shift-0.1,0.47414847286169404,0.4296215007097235,0.36491929149948205,,3.83
fakeddit,1,B,search,"{""alpha"": [0.15, 0.85], ""anfis"": ""default"", ""cd"": 16, ""m"": 1.3, ""sd"": 2.0}",1.3,0.15,0.85,2.0,16,default,0.2631091398325428,0.28681429376832634,0.20186237680788316,,7.62
fakeddit,2,B,search,"{""alpha"": [0.15, 0.85], ""anfis"": ""default"", ""cd"": 16, ""m"": 1.3, ""sd"": 2.0}",1.3,0.15,0.85,2.0,16,default,0.273233796530512,0.29326227559885476,0.21011182251079813,,7.27
crisismmd,1,B,search,"{""alpha"": [0.15, 0.85], ""anfis"": ""shift-0.1"", ""cd"": 32, ""m"": 1.75, ""sd"": 1.5}",1.75,0.15,0.85,1.5,32,shift-0.1,0.4684249491921726,0.42945129904237844,0.36460255738756536,,3.36
crisismmd,2,B,search,"{""alpha"": [0.15, 0.85], ""anfis"": ""shift-0.1"", ""cd"": 32, ""m"": 1.75, ""sd"": 1.5}",1.75,0.15,0.85,1.5,32,shift-0.1,0.47098053783145155,0.4256318927319078,0.3636109572247,,3.42
pheme,2,B,search,"{""alpha"": [0.15, 0.85], ""anfis"": ""default"", ""cd"": 16, ""m"": 1.3, ""sd"": 2.0}",1.3,0.15,0.85,2.0,16,default,0.8509011203261104,0.009935265187873799,0.24105483654645335,,13.11
pheme,0,B,search,"{""alpha"": [0.15, 0.85], ""anfis"": ""shift-0.1"", ""cd"": 32, ""m"": 1.75, ""sd"": 1.5}",1.75,0.15,0.85,1.5,32,shift-0.1,0.5505945066224961,0.02187868767072121,0.10877351524226457,,5.16
dblp,0,B,search,"{""alpha"": [0.15, 0.85], ""anfis"": ""shift-0.1"", ""cd"": 32, ""m"": 1.75, ""sd"": 1.5}",1.75,0.15,0.85,1.5,32,shift-0.1,0.8305830168940167,0.4839522142158226,0.6778238194366842,,0.12
dblp,1,B,search,"{""alpha"": [0.15, 0.85], ""anfis"": ""shift-0.1"", ""cd"": 32, ""m"": 1.75, ""sd"": 1.5}",1.75,0.15,0.85,1.5,32,shift-0.1,0.8374802437824446,0.40294155931823095,0.6050428912480803,,0.14
dblp,2,B,search,"{""alpha"": [0.15, 0.85], ""anfis"": ""shift-0.1"", ""cd"": 32, ""m"": 1.75, ""sd"": 1.5}",1.75,0.15,0.85,1.5,32,shift-0.1,0.8320926716261765,0.49792585676348544,0.6513010274264571,,0.14
amazon,0,B,search,"{""alpha"": [0.15, 0.85], ""anfis"": ""shift-0.1"", ""cd"": 32, ""m"": 1.75, ""sd"": 1.5}",1.75,0.15,0.85,1.5,32,shift-0.1,0.7038724523339908,0.37195414604318566,0.7288910239611245,,0.02
amazon,1,B,search,"{""alpha"": [0.15, 0.85], ""anfis"": ""shift-0.1"", ""cd"": 32, ""m"": 1.75, ""sd"": 1.5}",1.75,0.15,0.85,1.5,32,shift-0.1,0.7038724523339908,0.37195414604318566,0.7288910239611245,,0.03
amazon,2,B,search,"{""alpha"": [0.15, 0.85], ""anfis"": ""shift-0.1"", ""cd"": 32, ""m"": 1.75, ""sd"": 1.5}",1.75,0.15,0.85,1.5,32,shift-0.1,0.7038724523339908,0.37195414604318566,0.7288910239611245,,0.03
crisismmd,0,B,search,"{""alpha"": [0.15, 0.85], ""anfis"": ""scale0.6"", ""cd"": 4, ""m"": 1.2, ""sd"": 2.0}",1.2,0.15,0.85,2.0,4,scale0.6,0.12666983260746936,0.21387031153853342,0.4545491069632166,,1.12
pheme,2,B,search,"{""alpha"": [0.15, 0.85], ""anfis"": ""shift-0.1"", ""cd"": 32, ""m"": 1.75, ""sd"": 1.5}",1.75,0.15,0.85,1.5,32,shift-0.1,0.6276123165945815,0.002915016254837699,0.12931418361807115,,5.12
crisismmd,1,B,search,"{""alpha"": [0.15, 0.85], ""anfis"": ""scale0.6"", ""cd"": 4, ""m"": 1.2, ""sd"": 2.0}",1.2,0.15,0.85,2.0,4,scale0.6,0.12394156199308008,0.22367796425672026,0.4650042845046122,,0.84
crisismmd,2,B,search,"{""alpha"": [0.15, 0.85], ""anfis"": ""scale0.6"", ""cd"": 4, ""m"": 1.2, ""sd"": 2.0}",1.2,0.15,0.85,2.0,4,scale0.6,0.05438536701101119,0.12257527148816305,0.3673008013705092,,1.02
pheme,1,B,search,"{""alpha"": [0.15, 0.85], ""anfis"": ""shift-0.1"", ""cd"": 32, ""m"": 1.75, ""sd"": 1.5}",1.75,0.15,0.85,1.5,32,shift-0.1,0.4951672640893452,0.014647820591344729,0.08641338651741842,,8.3
pheme,0,B,search,"{""alpha"": [0.15, 0.85], ""anfis"": ""scale0.6"", ""cd"": 4, ""m"": 1.2, ""sd"": 2.0}",1.2,0.15,0.85,2.0,4,scale0.6,0.8699499982444654,0.01398898655495473,0.2443906276835264,,3.45
pheme,1,B,search,"{""alpha"": [0.15, 0.85], ""anfis"": ""scale0.6"", ""cd"": 4, ""m"": 1.2, ""sd"": 2.0}",1.2,0.15,0.85,2.0,4,scale0.6,0.8668904997844675,0.01531787138624785,0.24412471835845015,,4.11
fakeddit,0,B,search,"{""alpha"": [0.15, 0.85], ""anfis"": ""scale0.6"", ""cd"": 4, ""m"": 1.2, ""sd"": 2.0}",1.2,0.15,0.85,2.0,4,scale0.6,0.09306360397202777,0.0684035596584831,0.28179317101041956,,3.12
fakeddit,1,B,search,"{""alpha"": [0.15, 0.85], ""anfis"": ""scale0.6"", ""cd"": 4, ""m"": 1.2, ""sd"": 2.0}",1.2,0.15,0.85,2.0,4,scale0.6,0.09468547456292972,0.07421049988429651,0.3001854111148835,,2.78
dblp,0,B,search,"{""alpha"": [0.15, 0.85], ""anfis"": ""scale0.6"", ""cd"": 4, ""m"": 1.2, ""sd"": 2.0}",1.2,0.15,0.85,2.0,4,scale0.6,0.8424452433197451,0.28594871215023077,0.5031241809591468,,0.12
dblp,1,B,search,"{""alpha"": [0.15, 0.85], ""anfis"": ""scale0.6"", ""cd"": 4, ""m"": 1.2, ""sd"": 2.0}",1.2,0.15,0.85,2.0,4,scale0.6,0.8031812150328673,0.3179208162649827,0.4844518678399843,,0.09
dblp,2,B,search,"{""alpha"": [0.15, 0.85], ""anfis"": ""scale0.6"", ""cd"": 4, ""m"": 1.2, ""sd"": 2.0}",1.2,0.15,0.85,2.0,4,scale0.6,0.8443658378335421,0.29160280391025484,0.5325336938321648,,0.16
amazon,0,B,search,"{""alpha"": [0.15, 0.85], ""anfis"": ""scale0.6"", ""cd"": 4, ""m"": 1.2, ""sd"": 2.0}",1.2,0.15,0.85,2.0,4,scale0.6,0.6800756081525312,0.36823858819261024,0.6428420434079185,,0.02
amazon,1,B,search,"{""alpha"": [0.15, 0.85], ""anfis"": ""scale0.6"", ""cd"": 4, ""m"": 1.2, ""sd"": 2.0}",1.2,0.15,0.85,2.0,4,scale0.6,0.6800756081525312,0.36823858819261024,0.6428420434079185,,0.02
amazon,2,B,search,"{""alpha"": [0.15, 0.85], ""anfis"": ""scale0.6"", ""cd"": 4, ""m"": 1.2, ""sd"": 2.0}",1.2,0.15,0.85,2.0,4,scale0.6,0.6800756081525312,0.36823858819261024,0.6428420434079185,,0.02
fakeddit,1,B,search,"{""alpha"": [0.15, 0.85], ""anfis"": ""shift-0.1"", ""cd"": 32, ""m"": 1.75, ""sd"": 1.5}",1.75,0.15,0.85,1.5,32,shift-0.1,0.3887973946258393,0.3790282792746107,0.13963450314333298,,13.25
crisismmd,0,B,search,"{""alpha"": [0.15, 0.85], ""anfis"": ""shift+0.1"", ""cd"": 8, ""m"": 1.2, ""sd"": 1.0}",1.2,0.15,0.85,1.0,8,shift+0.1,0.3724492905939971,0.5741060121237981,0.6169181815492183,,1.38
fakeddit,2,B,search,"{""alpha"": [0.15, 0.85], ""anfis"": ""scale0.6"", ""cd"": 4, ""m"": 1.2, ""sd"": 2.0}",1.2,0.15,0.85,2.0,4,scale0.6,0.08901408911706356,0.0672483578546701,0.28555426932058914,,2.64
fakeddit,0,B,search,"{""alpha"": [0.15, 0.85], ""anfis"": ""shift-0.1"", ""cd"": 32, ""m"": 1.75, ""sd"": 1.5}",1.75,0.15,0.85,1.5,32,shift-0.1,0.3887973946258393,0.3790282792746107,0.13963450314333298,,14.22
crisismmd,2,B,search,"{""alpha"": [0.15, 0.85], ""anfis"": ""shift+0.1"", ""cd"": 8, ""m"": 1.2, ""sd"": 1.0}",1.2,0.15,0.85,1.0,8,shift+0.1,0.37366203892919014,0.5772056253962509,0.618928758368811,,1.06
crisismmd,1,B,search,"{""alpha"": [0.15, 0.85], ""anfis"": ""shift+0.1"", ""cd"": 8, ""m"": 1.2, ""sd"": 1.0}",1.2,0.15,0.85,1.0,8,shift+0.1,0.36614402425605447,0.5722191490227421,0.6181146133129615,,1.36
fakeddit,2,B,search,"{""alpha"": [0.15, 0.85], ""anfis"": ""shift-0.1"", ""cd"": 32, ""m"": 1.75, ""sd"": 1.5}",1.75,0.15,0.85,1.5,32,shift-0.1,0.3887973946258393,0.3790282792746107,0.13963450314333298,,13.78
pheme,2,B,search,"{""alpha"": [0.15, 0.85], ""anfis"": ""scale0.6"", ""cd"": 4, ""m"": 1.2, ""sd"": 2.0}",1.2,0.15,0.85,2.0,4,scale0.6,0.8683090897449931,0.012057574432937979,0.256682998527171,,9.7
pheme,0,B,search,"{""alpha"": [0.15, 0.85], ""anfis"": ""shift+0.1"", ""cd"": 8, ""m"": 1.2, ""sd"": 1.0}",1.2,0.15,0.85,1.0,8,shift+0.1,0.8738967055254492,0.0,0.244892062802347,,2.55
dblp,0,B,search,"{""alpha"": [0.15, 0.85], ""anfis"": ""shift+0.1"", ""cd"": 8, ""m"": 1.2, ""sd"": 1.0}",1.2,0.15,0.85,1.0,8,shift+0.1,0.8476222480497352,0.6747589549181847,0.7336848796640583,,0.06
dblp,1,B,search,"{""alpha"": [0.15, 0.85], ""anfis"": ""shift+0.1"", ""cd"": 8, ""m"": 1.2, ""sd"": 1.0}",1.2,0.15,0.85,1.0,8,shift+0.1,0.8476222480497352,0.6747589549181847,0.7336848796640583,,0.08
dblp,2,B,search,"{""alpha"": [0.15, 0.85], ""anfis"": ""shift+0.1"", ""cd"": 8, ""m"": 1.2, ""sd"": 1.0}",1.2,0.15,0.85,1.0,8,shift+0.1,0.8316578779927107,0.580829091827785,0.6842486186638308,,0.06
amazon,0,B,search,"{""alpha"": [0.15, 0.85], ""anfis"": ""shift+0.1"", ""cd"": 8, ""m"": 1.2, ""sd"": 1.0}",1.2,0.15,0.85,1.0,8,shift+0.1,0.7180900723208414,0.535887821000959,0.7513584402324021,,0.02
amazon,1,B,search,"{""alpha"": [0.15, 0.85], ""anfis"": ""shift+0.1"", ""cd"": 8, ""m"": 1.2, ""sd"": 1.0}",1.2,0.15,0.85,1.0,8,shift+0.1,0.7180900723208414,0.535887821000959,0.7513584402324021,,0.02
amazon,2,B,search,"{""alpha"": [0.15, 0.85], ""anfis"": ""shift+0.1"", ""cd"": 8, ""m"": 1.2, ""sd"": 1.0}",1.2,0.15,0.85,1.0,8,shift+0.1,0.7021729125575279,0.4745067193291904,0.7222430977112624,,0.02
crisismmd,0,B,search,"{""alpha"": [0.15, 0.85], ""anfis"": ""default"", ""cd"": 4, ""m"": 1.5, ""sd"": 0.5}",1.5,0.15,0.85,0.5,4,default,0.3184332182636155,0.45392409321450655,0.5995789939519396,,0.97
pheme,2,B,search,"{""alpha"": [0.15, 0.85], ""anfis"": ""shift+0.1"", ""cd"": 8, ""m"": 1.2, ""sd"": 1.0}",1.2,0.15,0.85,1.0,8,shift+0.1,0.8793817921854222,0.012546497684847724,0.2494193273775462,,3.69
crisismmd,1,B,search,"{""alpha"": [0.15, 0.85], ""anfis"": ""default"", ""cd"": 4, ""m"": 1.5, ""sd"": 0.5}",1.5,0.15,0.85,0.5,4,default,0.33213161600498964,0.49131478158664754,0.6201687406984997,,1.16
fakeddit,1,B,search,"{""alpha"": [0.15, 0.85], ""anfis"": ""shift+0.1"", ""cd"": 8, ""m"": 1.2, ""sd"": 1.0}",1.2,0.15,0.85,1.0,8,shift+0.1,0.3449087143288501,0.7730188483930474,0.8197852273905927,,3.83
fakeddit,0,B,search,"{""alpha"": [0.15, 0.85], ""anfis"": ""shift+0.1"", ""cd"": 8, ""m"": 1.2, ""sd"": 1.0}",1.2,0.15,0.85,1.0,8,shift+0.1,0.2612331377794625,0.564487328019359,0.5849840355677226,,4.16
crisismmd,2,B,search,"{""alpha"": [0.15, 0.85], ""anfis"": ""default"", ""cd"": 4, ""m"": 1.5, ""sd"": 0.5}",1.5,0.15,0.85,0.5,4,default,0.34114894114257777,0.4807563251343242,0.5995589120880856,,0.97
fakeddit,2,B,search,"{""alpha"": [0.15, 0.85], ""anfis"": ""shift+0.1"", ""cd"": 8, ""m"": 1.2, ""sd"": 1.0}",1.2,0.15,0.85,1.0,8,shift+0.1,0.2624780554607763,0.5678784347979913,0.5905259834110498,,4.59
pheme,0,B,search,"{""alpha"": [0.15, 0.85], ""anfis"": ""default"", ""cd"": 4, ""m"": 1.5, ""sd"": 0.5}",1.5,0.15,0.85,0.5,4,default,0.8810108987717453,0.0,0.24594806153393486,,1.61
pheme,1,B,search,"{""alpha"": [0.15, 0.85], ""anfis"": ""shift+0.1"", ""cd"": 8, ""m"": 1.2, ""sd"": 1.0}",1.2,0.15,0.85,1.0,8,shift+0.1,0.8584900455288305,0.01185108396776724,0.25245677131685296,,6.45
dblp,0,B,search,"{""alpha"": [0.15, 0.85], ""anfis"": ""default"", ""cd"": 4, ""m"": 1.5, ""sd"": 0.5}",1.5,0.15,0.85,0.5,4,default,0.8278851135757042,0.5529702135395057,0.7065509004408654,,0.14
dblp,1,B,search,"{""alpha"": [0.15, 0.85], ""anfis"": ""default"", ""cd"": 4, ""m"": 1.5, ""sd"": 0.5}",1.5,0.15,0.85,0.5,4,default,0.8147450395751741,0.4340044783928725,0.6270919264151359,,0.12
dblp,2,B,search,"{""alpha"": [0.15, 0.85], ""anfis"": ""default"", ""cd"": 4, ""m"": 1.5, ""sd"": 0.5}",1.5,0.15,0.85,0.5,4,default,0.827936219636334,0.6149038190959741,0.7144154758937545,,0.14
amazon,0,B,search,"{""alpha"": [0.15, 0.85], ""anfis"": ""default"", ""cd"": 4, ""m"": 1.5, ""sd"": 0.5}",1.5,0.15,0.85,0.5,4,default,0.5604700854700855,0.6417306370287595,0.6370431893687708,,0.03
amazon,1,B,search,"{""alpha"": [0.15, 0.85], ""anfis"": ""default"", ""cd"": 4, ""m"": 1.5, ""sd"": 0.5}",1.5,0.15,0.85,0.5,4,default,0.5604700854700855,0.6417306370287595,0.6370431893687708,,0.03
amazon,2,B,search,"{""alpha"": [0.15, 0.85], ""anfis"": ""default"", ""cd"": 4, ""m"": 1.5, ""sd"": 0.5}",1.5,0.15,0.85,0.5,4,default,0.7179717291255754,0.6373282179935608,0.8352363258193753,,0.03
fakeddit,0,B,search,"{""alpha"": [0.15, 0.85], ""anfis"": ""default"", ""cd"": 4, ""m"": 1.5, ""sd"": 0.5}",1.5,0.15,0.85,0.5,4,default,0.2257843007829466,0.3878882976040525,0.49604957339191663,,2.5
fakeddit,1,B,search,"{""alpha"": [0.15, 0.85], ""anfis"": ""default"", ""cd"": 4, ""m"": 1.5, ""sd"": 0.5}",1.5,0.15,0.85,0.5,4,default,0.23310512157090466,0.3723227979339103,0.5082389052595759,,2.22
fakeddit,2,B,search,"{""alpha"": [0.15, 0.85], ""anfis"": ""default"", ""cd"": 4, ""m"": 1.5, ""sd"": 0.5}",1.5,0.15,0.85,0.5,4,default,0.22092710750312208,0.35270015632189433,0.5027390659516822,,2.23
pheme,2,B,search,"{""alpha"": [0.15, 0.85], ""anfis"": ""default"", ""cd"": 4, ""m"": 1.5, ""sd"": 0.5}",1.5,0.15,0.85,0.5,4,default,0.869023695586173,0.0,0.2527802641132884,,3.81
crisismmd,0,B,search,"{""alpha"": [0.15, 0.85], ""anfis"": ""scale0.6"", ""cd"": 16, ""m"": 1.2, ""sd"": 1.5}",1.2,0.15,0.85,1.5,16,scale0.6,0.48025294279999,0.6257394471067522,0.728743909083071,,2.0
pheme,1,B,search,"{""alpha"": [0.15, 0.85], ""anfis"": ""default"", ""cd"": 4, ""m"": 1.5, ""sd"": 0.5}",1.5,0.15,0.85,0.5,4,default,0.8713663753462755,0.0,0.26831899756477634,,4.09
crisismmd,1,B,search,"{""alpha"": [0.15, 0.85], ""anfis"": ""scale0.6"", ""cd"": 16, ""m"": 1.2, ""sd"": 1.5}",1.2,0.15,0.85,1.5,16,scale0.6,0.4784110296234412,0.6327325105842846,0.7291662285690464,,1.92
crisismmd,2,B,search,"{""alpha"": [0.15, 0.85], ""anfis"": ""scale0.6"", ""cd"": 16, ""m"": 1.2, ""sd"": 1.5}",1.2,0.15,0.85,1.5,16,scale0.6,0.47693136160291716,0.6297320265938943,0.7281580546553433,,2.17
pheme,0,B,search,"{""alpha"": [0.15, 0.85], ""anfis"": ""scale0.6"", ""cd"": 16, ""m"": 1.2, ""sd"": 1.5}",1.2,0.15,0.85,1.5,16,scale0.6,0.8699395240465456,0.026210939200164485,0.2584064021447418,,2.5
dblp,0,B,search,"{""alpha"": [0.15, 0.85], ""anfis"": ""scale0.6"", ""cd"": 16, ""m"": 1.2, ""sd"": 1.5}",1.2,0.15,0.85,1.5,16,scale0.6,0.8370789762475761,0.5063439012634242,0.6644975877847271,,0.12
dblp,1,B,search,"{""alpha"": [0.15, 0.85], ""anfis"": ""scale0.6"", ""cd"": 16, ""m"": 1.2, ""sd"": 1.5}",1.2,0.15,0.85,1.5,16,scale0.6,0.8212983135261405,0.40510215625448587,0.5438787921750078,,0.12
dblp,2,B,search,"{""alpha"": [0.15, 0.85], ""anfis"": ""scale0.6"", ""cd"": 16, ""m"": 1.2, ""sd"": 1.5}",1.2,0.15,0.85,1.5,16,scale0.6,0.8390024462941963,0.5236539929347943,0.6449107611837825,,0.11
amazon,0,B,search,"{""alpha"": [0.15, 0.85], ""anfis"": ""scale0.6"", ""cd"": 16, ""m"": 1.2, ""sd"": 1.5}",1.2,0.15,0.85,1.5,16,scale0.6,0.7045036160420776,0.40382433512082494,0.6819415647109099,,0.03
amazon,1,B,search,"{""alpha"": [0.15, 0.85], ""anfis"": ""scale0.6"", ""cd"": 16, ""m"": 1.2, ""sd"": 1.5}",1.2,0.15,0.85,1.5,16,scale0.6,0.7045036160420776,0.40382433512082494,0.6819415647109099,,0.02
amazon,2,B,search,"{""alpha"": [0.15, 0.85], ""anfis"": ""scale0.6"", ""cd"": 16, ""m"": 1.2, ""sd"": 1.5}",1.2,0.15,0.85,1.5,16,scale0.6,0.6831525312294543,0.3137291254770478,0.6586112814706484,,0.02
pheme,1,B,search,"{""alpha"": [0.15, 0.85], ""anfis"": ""scale0.6"", ""cd"": 16, ""m"": 1.2, ""sd"": 1.5}",1.2,0.15,0.85,1.5,16,scale0.6,0.8756287838039986,0.02168298042831096,0.2639796006596018,,3.52
pheme,2,B,search,"{""alpha"": [0.15, 0.85], ""anfis"": ""scale0.6"", ""cd"": 16, ""m"": 1.2, ""sd"": 1.5}",1.2,0.15,0.85,1.5,16,scale0.6,0.8720368715370606,0.039866799171532685,0.2702034348302884,,5.47
crisismmd,0,B,search,"{""alpha"": [0.15, 0.85], ""anfis"": ""shift+0.1"", ""cd"": 32, ""m"": 1.3, ""sd"": 1.5}",1.3,0.15,0.85,1.5,32,shift+0.1,0.4933352079072153,0.5975187338058225,0.6037359113983201,,3.77
fakeddit,0,B,search,"{""alpha"": [0.15, 0.85], ""anfis"": ""scale0.6"", ""cd"": 16, ""m"": 1.2, ""sd"": 1.5}",1.2,0.15,0.85,1.5,16,scale0.6,0.29693374281715107,0.33117487061787787,0.3702834056143084,,6.84
fakeddit,1,B,search,"{""alpha"": [0.15, 0.85], ""anfis"": ""scale0.6"", ""cd"": 16, ""m"": 1.2, ""sd"": 1.5}",1.2,0.15,0.85,1.5,16,scale0.6,0.28338997718763614,0.4006463698267029,0.32342767385441923,,6.88
crisismmd,1,B,search,"{""alpha"": [0.15, 0.85], ""anfis"": ""shift+0.1"", ""cd"": 32, ""m"": 1.3, ""sd"": 1.5}",1.3,0.15,0.85,1.5,32,shift+0.1,0.4443213694603131,0.6719223784526134,0.588582811699662,,4.61
fakeddit,2,B,search,"{""alpha"": [0.15, 0.85], ""anfis"": ""scale0.6"", ""cd"": 16, ""m"": 1.2, ""sd"": 1.5}",1.2,0.15,0.85,1.5,16,scale0.6,0.30101518615211625,0.42008640437119404,0.4337012303186034,,6.38
crisismmd,2,B,search,"{""alpha"": [0.15, 0.85], ""anfis"": ""shift+0.1"", ""cd"": 32, ""m"": 1.3, ""sd"": 1.5}",1.3,0.15,0.85,1.5,32,shift+0.1,0.4782210480731139,0.5976638252647503,0.6031439131598536,,3.84
pheme,0,B,search,"{""alpha"": [0.15, 0.85], ""anfis"": ""shift+0.1"", ""cd"": 32, ""m"": 1.3, ""sd"": 1.5}",1.3,0.15,0.85,1.5,32,shift+0.1,0.8612747069363679,0.023269468331819088,0.2631480200185718,,3.86
pheme,1,B,search,"{""alpha"": [0.15, 0.85], ""anfis"": ""shift+0.1"", ""cd"": 32, ""m"": 1.3, ""sd"": 1.5}",1.3,0.15,0.85,1.5,32,shift+0.1,0.8751094996254367,0.02168298042831096,0.2622990722845782,,3.33
dblp,0,B,search,"{""alpha"": [0.15, 0.85], ""anfis"": ""shift+0.1"", ""cd"": 32, ""m"": 1.3, ""sd"": 1.5}",1.3,0.15,0.85,1.5,32,shift+0.1,0.8340982250642943,0.505986162642149,0.6831397031204658,,0.09
dblp,2,B,search,"{""alpha"": [0.15, 0.85], ""anfis"": ""shift+0.1"", ""cd"": 32, ""m"": 1.3, ""sd"": 1.5}",1.3,0.15,0.85,1.5,32,shift+0.1,0.8286207271542839,0.4742916327601321,0.6176397902267808,,0.08
dblp,1,B,search,"{""alpha"": [0.15, 0.85], ""anfis"": ""shift+0.1"", ""cd"": 32, ""m"": 1.3, ""sd"": 1.5}",1.3,0.15,0.85,1.5,32,shift+0.1,0.8286207271542839,0.47383285867694713,0.6170791487915387,,0.16
amazon,0,B,search,"{""alpha"": [0.15, 0.85], ""anfis"": ""shift+0.1"", ""cd"": 32, ""m"": 1.3, ""sd"": 1.5}",1.3,0.15,0.85,1.5,32,shift+0.1,0.7045036160420776,0.4043576516640376,0.680635585821547,,0.02
amazon,2,B,search,"{""alpha"": [0.15, 0.85], ""anfis"": ""shift+0.1"", ""cd"": 32, ""m"": 1.3, ""sd"": 1.5}",1.3,0.15,0.85,1.5,32,shift+0.1,0.6830046022353715,0.3067494409884195,0.6548107322908656,,0.0
amazon,1,B,search,"{""alpha"": [0.15, 0.85], ""anfis"": ""shift+0.1"", ""cd"": 32, ""m"": 1.3, ""sd"": 1.5}",1.3,0.15,0.85,1.5,32,shift+0.1,0.7045036160420776,0.4043576516640376,0.680635585821547,,0.03
pheme,2,B,search,"{""alpha"": [0.15, 0.85], ""anfis"": ""shift+0.1"", ""cd"": 32, ""m"": 1.3, ""sd"": 1.5}",1.3,0.15,0.85,1.5,32,shift+0.1,0.871563024724123,0.02099203884951839,0.27252594515964385,,4.08
crisismmd,0,B,search,"{""alpha"": [0.15, 0.85], ""anfis"": ""pct"", ""cd"": 32, ""m"": 1.5, ""sd"": 2.0}",1.5,0.15,0.85,2.0,32,pct,0.3402532959037744,0.17662037938702657,0.2161305185974805,,4.08
crisismmd,2,B,search,"{""alpha"": [0.15, 0.85], ""anfis"": ""pct"", ""cd"": 32, ""m"": 1.5, ""sd"": 2.0}",1.5,0.15,0.85,2.0,32,pct,0.3383479579242535,0.17565302241141634,0.22129609869998262,,3.92
crisismmd,1,B,search,"{""alpha"": [0.15, 0.85], ""anfis"": ""pct"", ""cd"": 32, ""m"": 1.5, ""sd"": 2.0}",1.5,0.15,0.85,2.0,32,pct,0.3400827685311397,0.21596193383464424,0.21169001073232643,,5.33
pheme,1,B,search,"{""alpha"": [0.15, 0.85], ""anfis"": ""pct"", ""cd"": 32, ""m"": 1.5, ""sd"": 2.0}",1.5,0.15,0.85,2.0,32,pct,0.8336088096560893,0.0,0.28100505913260104,,3.33
pheme,0,B,search,"{""alpha"": [0.15, 0.85], ""anfis"": ""pct"", ""cd"": 32, ""m"": 1.5, ""sd"": 2.0}",1.5,0.15,0.85,2.0,32,pct,0.8256310114151054,0.0,0.1930486814907369,,4.64
pheme,2,B,search,"{""alpha"": [0.15, 0.85], ""anfis"": ""pct"", ""cd"": 32, ""m"": 1.5, ""sd"": 2.0}",1.5,0.15,0.85,2.0,32,pct,0.7756925436397868,0.0,0.17063497430929667,,5.92
fakeddit,0,B,search,"{""alpha"": [0.15, 0.85], ""anfis"": ""shift+0.1"", ""cd"": 32, ""m"": 1.3, ""sd"": 1.5}",1.3,0.15,0.85,1.5,32,shift+0.1,0.31726663276803213,0.440842767470369,0.391704909783192,,14.02
fakeddit,1,B,search,"{""alpha"": [0.15, 0.85], ""anfis"": ""shift+0.1"", ""cd"": 32, ""m"": 1.3, ""sd"": 1.5}",1.3,0.15,0.85,1.5,32,shift+0.1,0.33046668627180664,0.3916240000308884,0.29771444217470544,,14.11
dblp,0,B,search,"{""alpha"": [0.15, 0.85], ""anfis"": ""pct"", ""cd"": 32, ""m"": 1.5, ""sd"": 2.0}",1.5,0.15,0.85,2.0,32,pct,0.8204741466072111,0.3334853306226788,0.5298457083535371,,0.25
dblp,2,B,search,"{""alpha"": [0.15, 0.85], ""anfis"": ""pct"", ""cd"": 32, ""m"": 1.5, ""sd"": 2.0}",1.5,0.15,0.85,2.0,32,pct,0.7957893964988558,0.32821960096171465,0.49251823601725414,,0.17
dblp,1,B,search,"{""alpha"": [0.15, 0.85], ""anfis"": ""pct"", ""cd"": 32, ""m"": 1.5, ""sd"": 2.0}",1.5,0.15,0.85,2.0,32,pct,0.8204741466072111,0.3334853306226788,0.5298457083535371,,0.27
amazon,0,B,search,"{""alpha"": [0.15, 0.85], ""anfis"": ""pct"", ""cd"": 32, ""m"": 1.5, ""sd"": 2.0}",1.5,0.15,0.85,2.0,32,pct,0.6740401051939513,0.3773243134938058,0.65580304410921,,0.03
amazon,2,B,search,"{""alpha"": [0.15, 0.85], ""anfis"": ""pct"", ""cd"": 32, ""m"": 1.5, ""sd"": 2.0}",1.5,0.15,0.85,2.0,32,pct,0.6740401051939513,0.3773243134938058,0.65580304410921,,0.02
amazon,1,B,search,"{""alpha"": [0.15, 0.85], ""anfis"": ""pct"", ""cd"": 32, ""m"": 1.5, ""sd"": 2.0}",1.5,0.15,0.85,2.0,32,pct,0.6740401051939513,0.3773243134938058,0.65580304410921,,0.05
fakeddit,2,B,search,"{""alpha"": [0.15, 0.85], ""anfis"": ""shift+0.1"", ""cd"": 32, ""m"": 1.3, ""sd"": 1.5}",1.3,0.15,0.85,1.5,32,shift+0.1,0.31040407357970456,0.39893042852802374,0.4031692813326031,,13.22
crisismmd,1,B,search,"{""alpha"": [0.15, 0.85], ""anfis"": ""scale0.6"", ""cd"": 32, ""m"": 1.3, ""sd"": 1.5}",1.3,0.15,0.85,1.5,32,scale0.6,0.49371184497103854,0.42037040263474346,0.5629987397525207,,3.52
crisismmd,0,B,search,"{""alpha"": [0.15, 0.85], ""anfis"": ""scale0.6"", ""cd"": 32, ""m"": 1.3, ""sd"": 1.5}",1.3,0.15,0.85,1.5,32,scale0.6,0.500044284402339,0.4423589288570311,0.5846156874445857,,3.64
crisismmd,2,B,search,"{""alpha"": [0.15, 0.85], ""anfis"": ""scale0.6"", ""cd"": 32, ""m"": 1.3, ""sd"": 1.5}",1.3,0.15,0.85,1.5,32,scale0.6,0.49186403278577,0.4770233719665259,0.662254267989512,,4.09
pheme,1,B,search,"{""alpha"": [0.15, 0.85], ""anfis"": ""scale0.6"", ""cd"": 32, ""m"": 1.3, ""sd"": 1.5}",1.3,0.15,0.85,1.5,32,scale0.6,0.8751094996254367,0.02168298042831096,0.2622990722845782,,3.42
pheme,0,B,search,"{""alpha"": [0.15, 0.85], ""anfis"": ""scale0.6"", ""cd"": 32, ""m"": 1.3, ""sd"": 1.5}",1.3,0.15,0.85,1.5,32,scale0.6,0.8612747069363679,0.023269468331819088,0.2631480200185718,,4.19
pheme,2,B,search,"{""alpha"": [0.15, 0.85], ""anfis"": ""scale0.6"", ""cd"": 32, ""m"": 1.3, ""sd"": 1.5}",1.3,0.15,0.85,1.5,32,scale0.6,0.871563024724123,0.02099203884951839,0.27252594515964385,,4.48
fakeddit,1,B,search,"{""alpha"": [0.15, 0.85], ""anfis"": ""pct"", ""cd"": 32, ""m"": 1.5, ""sd"": 2.0}",1.5,0.15,0.85,2.0,32,pct,0.3880891295877816,0.28552463615206625,0.14627156730934304,,12.7
dblp,0,B,search,"{""alpha"": [0.15, 0.85], ""anfis"": ""scale0.6"", ""cd"": 32, ""m"": 1.3, ""sd"": 1.5}",1.3,0.15,0.85,1.5,32,scale0.6,0.8340982250642943,0.505986162642149,0.6831397031204658,,0.2
dblp,1,B,search,"{""alpha"": [0.15, 0.85], ""anfis"": ""scale0.6"", ""cd"": 32, ""m"": 1.3, ""sd"": 1.5}",1.3,0.15,0.85,1.5,32,scale0.6,0.8286207271542839,0.47383285867694713,0.6170791487915387,,0.19
dblp,2,B,search,"{""alpha"": [0.15, 0.85], ""anfis"": ""scale0.6"", ""cd"": 32, ""m"": 1.3, ""sd"": 1.5}",1.3,0.15,0.85,1.5,32,scale0.6,0.8286207271542839,0.4742916327601321,0.6176397902267808,,0.14
amazon,0,B,search,"{""alpha"": [0.15, 0.85], ""anfis"": ""scale0.6"", ""cd"": 32, ""m"": 1.3, ""sd"": 1.5}",1.3,0.15,0.85,1.5,32,scale0.6,0.7045036160420776,0.4043576516640376,0.680635585821547,,0.03
amazon,1,B,search,"{""alpha"": [0.15, 0.85], ""anfis"": ""scale0.6"", ""cd"": 32, ""m"": 1.3, ""sd"": 1.5}",1.3,0.15,0.85,1.5,32,scale0.6,0.7045036160420776,0.4043576516640376,0.680635585821547,,0.03
amazon,2,B,search,"{""alpha"": [0.15, 0.85], ""anfis"": ""scale0.6"", ""cd"": 32, ""m"": 1.3, ""sd"": 1.5}",1.3,0.15,0.85,1.5,32,scale0.6,0.6830046022353715,0.3067494409884195,0.6548107322908656,,0.02
crisismmd,0,B,search,"{""alpha"": [0.15, 0.85], ""anfis"": ""shift+0.1"", ""cd"": 16, ""m"": 2.0, ""sd"": 1.5}",2.0,0.15,0.85,1.5,16,shift+0.1,0.4428013706284004,0.3985496428965497,0.35187542519409876,,1.95
crisismmd,1,B,search,"{""alpha"": [0.15, 0.85], ""anfis"": ""shift+0.1"", ""cd"": 16, ""m"": 2.0, ""sd"": 1.5}",2.0,0.15,0.85,1.5,16,shift+0.1,0.46479346085260925,0.4275531285584251,0.3644730691483562,,2.27
fakeddit,0,B,search,"{""alpha"": [0.15, 0.85], ""anfis"": ""pct"", ""cd"": 32, ""m"": 1.5, ""sd"": 2.0}",1.5,0.15,0.85,2.0,32,pct,0.3881012078794978,0.2859738132488463,0.1434477359354661,,18.33
crisismmd,2,B,search,"{""alpha"": [0.15, 0.85], ""anfis"": ""shift+0.1"", ""cd"": 16, ""m"": 2.0, ""sd"": 1.5}",2.0,0.15,0.85,1.5,16,shift+0.1,0.458485286847248,0.41305145996833725,0.3588366732036193,,1.81
fakeddit,2,B,search,"{""alpha"": [0.15, 0.85], ""anfis"": ""pct"", ""cd"": 32, ""m"": 1.5, ""sd"": 2.0}",1.5,0.15,0.85,2.0,32,pct,0.3880891295877816,0.28552463615206625,0.14627156730934304,,17.48
pheme,0,B,search,"{""alpha"": [0.15, 0.85], ""anfis"": ""shift+0.1"", ""cd"": 16, ""m"": 2.0, ""sd"": 1.5}",2.0,0.15,0.85,1.5,16,shift+0.1,0.6698796883468795,0.009892783598321464,0.14981381809306787,,1.97
pheme,1,B,search,"{""alpha"": [0.15, 0.85], ""anfis"": ""shift+0.1"", ""cd"": 16, ""m"": 2.0, ""sd"": 1.5}",2.0,0.15,0.85,1.5,16,shift+0.1,0.49142354971452645,0.017144624666478148,0.08431066860300307,,2.45
pheme,2,B,search,"{""alpha"": [0.15, 0.85], ""anfis"": ""shift+0.1"", ""cd"": 16, ""m"": 2.0, ""sd"": 1.5}",2.0,0.15,0.85,1.5,16,shift+0.1,0.49263516362319915,0.014179355178402853,0.08808408851080068,,3.31
fakeddit,0,B,search,"{""alpha"": [0.15, 0.85], ""anfis"": ""scale0.6"", ""cd"": 32, ""m"": 1.3, ""sd"": 1.5}",1.3,0.15,0.85,1.5,32,scale0.6,0.27860520588005644,0.33219859400049545,0.1971674947814071,,13.77
dblp,0,B,search,"{""alpha"": [0.15, 0.85], ""anfis"": ""shift+0.1"", ""cd"": 16, ""m"": 2.0, ""sd"": 1.5}",2.0,0.15,0.85,1.5,16,shift+0.1,0.8384408678044366,0.4322209246829425,0.5832892206799976,,0.16
dblp,1,B,search,"{""alpha"": [0.15, 0.85], ""anfis"": ""shift+0.1"", ""cd"": 16, ""m"": 2.0, ""sd"": 1.5}",2.0,0.15,0.85,1.5,16,shift+0.1,0.8384408678044366,0.4322209246829425,0.5832892206799976,,0.11
dblp,2,B,search,"{""alpha"": [0.15, 0.85], ""anfis"": ""shift+0.1"", ""cd"": 16, ""m"": 2.0, ""sd"": 1.5}",2.0,0.15,0.85,1.5,16,shift+0.1,0.8340528700693108,0.48979095425976305,0.6496907957059725,,0.09
amazon,0,B,search,"{""alpha"": [0.15, 0.85], ""anfis"": ""shift+0.1"", ""cd"": 16, ""m"": 2.0, ""sd"": 1.5}",2.0,0.15,0.85,1.5,16,shift+0.1,0.7011406969099276,0.3147730018524644,0.7102281881586,,0.02
amazon,1,B,search,"{""alpha"": [0.15, 0.85], ""anfis"": ""shift+0.1"", ""cd"": 16, ""m"": 2.0, ""sd"": 1.5}",2.0,0.15,0.85,1.5,16,shift+0.1,0.7011406969099276,0.3147730018524644,0.7102281881586,,0.02
amazon,2,B,search,"{""alpha"": [0.15, 0.85], ""anfis"": ""shift+0.1"", ""cd"": 16, ""m"": 2.0, ""sd"": 1.5}",2.0,0.15,0.85,1.5,16,shift+0.1,0.6595364891518738,0.3192779188590933,0.6807336436809311,,0.02
fakeddit,1,B,search,"{""alpha"": [0.15, 0.85], ""anfis"": ""scale0.6"", ""cd"": 32, ""m"": 1.3, ""sd"": 1.5}",1.3,0.15,0.85,1.5,32,scale0.6,0.2395781940738257,0.20803810526469557,0.22999914236725427,,14.33
fakeddit,0,B,search,"{""alpha"": [0.15, 0.85], ""anfis"": ""shift+0.1"", ""cd"": 16, ""m"": 2.0, ""sd"": 1.5}",2.0,0.15,0.85,1.5,16,shift+0.1,0.3885249960215215,0.3790282792746107,0.13963450314333298,,6.62
fakeddit,2,B,search,"{""alpha"": [0.15, 0.85], ""anfis"": ""scale0.6"", ""cd"": 32, ""m"": 1.3, ""sd"": 1.5}",1.3,0.15,0.85,1.5,32,scale0.6,0.37243079016216263,0.17343018926879372,0.1888288466068441,,14.83
crisismmd,0,B,search,"{""alpha"": [0.15, 0.85], ""anfis"": ""scale1.5"", ""cd"": 16, ""m"": 2.0, ""sd"": 0.5}",2.0,0.15,0.85,0.5,16,scale1.5,0.48459509434251175,0.4306777958090666,0.3652063820320231,,2.25
crisismmd,1,B,search,"{""alpha"": [0.15, 0.85], ""anfis"": ""scale1.5"", ""cd"": 16, ""m"": 2.0, ""sd"": 0.5}",2.0,0.15,0.85,0.5,16,scale1.5,0.48490799282630337,0.3621354464050912,0.3694103877837616,,2.0
crisismmd,2,B,search,"{""alpha"": [0.15, 0.85], ""anfis"": ""scale1.5"", ""cd"": 16, ""m"": 2.0, ""sd"": 0.5}",2.0,0.15,0.85,0.5,16,scale1.5,0.48000600025411766,0.4287984483244529,0.3646722140149281,,1.83
fakeddit,1,B,search,"{""alpha"": [0.15, 0.85], ""anfis"": ""shift+0.1"", ""cd"": 16, ""m"": 2.0, ""sd"": 1.5}",2.0,0.15,0.85,1.5,16,shift+0.1,0.3885249960215215,0.3790282792746107,0.13963450314333298,,7.64
fakeddit,2,B,search,"{""alpha"": [0.15, 0.85], ""anfis"": ""shift+0.1"", ""cd"": 16, ""m"": 2.0, ""sd"": 1.5}",2.0,0.15,0.85,1.5,16,shift+0.1,0.3885227377122318,0.3758106153883528,0.1395502387559689,,7.23
pheme,2,B,search,"{""alpha"": [0.15, 0.85], ""anfis"": ""scale1.5"", ""cd"": 16, ""m"": 2.0, ""sd"": 0.5}",2.0,0.15,0.85,0.5,16,scale1.5,0.8797517821626475,0.0,0.24977961829300493,,3.28
dblp,0,B,search,"{""alpha"": [0.15, 0.85], ""anfis"": ""scale1.5"", ""cd"": 16, ""m"": 2.0, ""sd"": 0.5}",2.0,0.15,0.85,0.5,16,scale1.5,0.8278851135757042,0.5504912577021244,0.6983811826094983,,0.09
dblp,1,B,search,"{""alpha"": [0.15, 0.85], ""anfis"": ""scale1.5"", ""cd"": 16, ""m"": 2.0, ""sd"": 0.5}",2.0,0.15,0.85,0.5,16,scale1.5,0.8147450395751741,0.48114215212799616,0.6505384032756147,,0.09
pheme,0,B,search,"{""alpha"": [0.15, 0.85], ""anfis"": ""scale1.5"", ""cd"": 16, ""m"": 2.0, ""sd"": 0.5}",2.0,0.15,0.85,0.5,16,scale1.5,0.8830514495552302,0.0,0.25069045718588434,,4.08
amazon,0,B,search,"{""alpha"": [0.15, 0.85], ""anfis"": ""scale1.5"", ""cd"": 16, ""m"": 2.0, ""sd"": 0.5}",2.0,0.15,0.85,0.5,16,scale1.5,0.5604700854700855,0.6150735906567179,0.6268996960486323,,0.02
amazon,1,B,search,"{""alpha"": [0.15, 0.85], ""anfis"": ""scale1.5"", ""cd"": 16, ""m"": 2.0, ""sd"": 0.5}",2.0,0.15,0.85,0.5,16,scale1.5,0.5604700854700855,0.6150735906567179,0.6268996960486323,,0.02
amazon,2,B,search,"{""alpha"": [0.15, 0.85], ""anfis"": ""scale1.5"", ""cd"": 16, ""m"": 2.0, ""sd"": 0.5}",2.0,0.15,0.85,0.5,16,scale1.5,0.7179717291255754,0.6336435318935119,0.838368072701049,,0.02
dblp,2,B,search,"{""alpha"": [0.15, 0.85], ""anfis"": ""scale1.5"", ""cd"": 16, ""m"": 2.0, ""sd"": 0.5}",2.0,0.15,0.85,0.5,16,scale1.5,0.827936219636334,0.6082793861738566,0.7026372890578522,,0.12
crisismmd,0,B,search,"{""alpha"": [0.15, 0.85], ""anfis"": ""shift-0.1"", ""cd"": 8, ""m"": 2.0, ""sd"": 1.5}",2.0,0.15,0.85,1.5,8,shift-0.1,0.4271196508489698,0.2757678457532875,0.4345796415732285,,1.23
crisismmd,1,B,search,"{""alpha"": [0.15, 0.85], ""anfis"": ""shift-0.1"", ""cd"": 8, ""m"": 2.0, ""sd"": 1.5}",2.0,0.15,0.85,1.5,8,shift-0.1,0.39982098391198073,0.3500973995793032,0.4535502338121335,,1.53
crisismmd,2,B,search,"{""alpha"": [0.15, 0.85], ""anfis"": ""shift-0.1"", ""cd"": 8, ""m"": 2.0, ""sd"": 1.5}",2.0,0.15,0.85,1.5,8,shift-0.1,0.44516476035946473,0.40348703621034065,0.5062328214113928,,1.31
pheme,0,B,search,"{""alpha"": [0.15, 0.85], ""anfis"": ""shift-0.1"", ""cd"": 8, ""m"": 2.0, ""sd"": 1.5}",2.0,0.15,0.85,1.5,8,shift-0.1,0.6698796883468795,0.009892783598321464,0.14981381809306787,,2.08
fakeddit,0,B,search,"{""alpha"": [0.15, 0.85], ""anfis"": ""scale1.5"", ""cd"": 16, ""m"": 2.0, ""sd"": 0.5}",2.0,0.15,0.85,0.5,16,scale1.5,0.38151110781435466,0.22312218672143702,0.17299301248418575,,6.84
pheme,1,B,search,"{""alpha"": [0.15, 0.85], ""anfis"": ""shift-0.1"", ""cd"": 8, ""m"": 2.0, ""sd"": 1.5}",2.0,0.15,0.85,1.5,8,shift-0.1,0.49142354971452645,0.017144624666478148,0.08431066860300307,,2.62
fakeddit,1,B,search,"{""alpha"": [0.15, 0.85], ""anfis"": ""scale1.5"", ""cd"": 16, ""m"": 2.0, ""sd"": 0.5}",2.0,0.15,0.85,0.5,16,scale1.5,0.38246232743546815,0.19701863840092537,0.17642795384971827,,7.36
fakeddit,2,B,search,"{""alpha"": [0.15, 0.85], ""anfis"": ""scale1.5"", ""cd"": 16, ""m"": 2.0, ""sd"": 0.5}",2.0,0.15,0.85,0.5,16,scale1.5,0.3811234844730025,0.22272232288740423,0.17267741304582152,,6.33
dblp,0,B,search,"{""alpha"": [0.15, 0.85], ""anfis"": ""shift-0.1"", ""cd"": 8, ""m"": 2.0, ""sd"": 1.5}",2.0,0.15,0.85,1.5,8,shift-0.1,0.8384408678044366,0.4322209246829425,0.5832892206799976,,0.12
dblp,1,B,search,"{""alpha"": [0.15, 0.85], ""anfis"": ""shift-0.1"", ""cd"": 8, ""m"": 2.0, ""sd"": 1.5}",2.0,0.15,0.85,1.5,8,shift-0.1,0.8384408678044366,0.4322209246829425,0.5832892206799976,,0.16
dblp,2,B,search,"{""alpha"": [0.15, 0.85], ""anfis"": ""shift-0.1"", ""cd"": 8, ""m"": 2.0, ""sd"": 1.5}",2.0,0.15,0.85,1.5,8,shift-0.1,0.8340528700693108,0.48979095425976305,0.6496907957059725,,0.14
amazon,0,B,search,"{""alpha"": [0.15, 0.85], ""anfis"": ""shift-0.1"", ""cd"": 8, ""m"": 2.0, ""sd"": 1.5}",2.0,0.15,0.85,1.5,8,shift-0.1,0.7011406969099276,0.3147730018524644,0.7102281881586,,0.03
amazon,1,B,search,"{""alpha"": [0.15, 0.85], ""anfis"": ""shift-0.1"", ""cd"": 8, ""m"": 2.0, ""sd"": 1.5}",2.0,0.15,0.85,1.5,8,shift-0.1,0.7011406969099276,0.3147730018524644,0.7102281881586,,0.02
amazon,2,B,search,"{""alpha"": [0.15, 0.85], ""anfis"": ""shift-0.1"", ""cd"": 8, ""m"": 2.0, ""sd"": 1.5}",2.0,0.15,0.85,1.5,8,shift-0.1,0.6595364891518738,0.3192779188590933,0.6807336436809311,,0.03
pheme,2,B,search,"{""alpha"": [0.15, 0.85], ""anfis"": ""shift-0.1"", ""cd"": 8, ""m"": 2.0, ""sd"": 1.5}",2.0,0.15,0.85,1.5,8,shift-0.1,0.49263516362319915,0.014179355178402853,0.08808408851080068,,3.2
pheme,1,B,search,"{""alpha"": [0.15, 0.85], ""anfis"": ""scale1.5"", ""cd"": 16, ""m"": 2.0, ""sd"": 0.5}",2.0,0.15,0.85,0.5,16,scale1.5,0.870832633824106,0.0,0.228561526310893,,12.16
fakeddit,0,B,search,"{""alpha"": [0.15, 0.85], ""anfis"": ""shift-0.1"", ""cd"": 8, ""m"": 2.0, ""sd"": 1.5}",2.0,0.15,0.85,1.5,8,shift-0.1,0.34965608816199945,0.18412082034356847,0.14071607983968,,4.08
crisismmd,1,B,search,"{""alpha"": [0.15, 0.85], ""anfis"": ""pct"", ""cd"": 16, ""m"": 1.5, ""sd"": 1.0}",1.5,0.15,0.85,1.0,16,pct,0.45923082114075864,0.6709160964503134,0.5576271778000456,,1.81
crisismmd,0,B,search,"{""alpha"": [0.15, 0.85], ""anfis"": ""pct"", ""cd"": 16, ""m"": 1.5, ""sd"": 1.0}",1.5,0.15,0.85,1.0,16,pct,0.4948940941760425,0.6912718459658901,0.7043057686317128,,2.39
fakeddit,1,B,search,"{""alpha"": [0.15, 0.85], ""anfis"": ""shift-0.1"", ""cd"": 8, ""m"": 2.0, ""sd"": 1.5}",2.0,0.15,0.85,1.5,8,shift-0.1,0.3387615422936323,0.272452909789199,0.1340559924815749,,3.7
fakeddit,2,B,search,"{""alpha"": [0.15, 0.85], ""anfis"": ""shift-0.1"", ""cd"": 8, ""m"": 2.0, ""sd"": 1.5}",2.0,0.15,0.85,1.5,8,shift-0.1,0.34365105901869325,0.28039564840079745,0.13457282454078795,,3.14
crisismmd,2,B,search,"{""alpha"": [0.15, 0.85], ""anfis"": ""pct"", ""cd"": 16, ""m"": 1.5, ""sd"": 1.0}",1.5,0.15,0.85,1.0,16,pct,0.5006406281632649,0.6057242493901209,0.6244506403106657,,1.86
pheme,0,B,search,"{""alpha"": [0.15, 0.85], ""anfis"": ""pct"", ""cd"": 16, ""m"": 1.5, ""sd"": 1.0}",1.5,0.15,0.85,1.0,16,pct,0.8651647650342359,0.0,0.24983831226709954,,3.59
dblp,0,B,search,"{""alpha"": [0.15, 0.85], ""anfis"": ""pct"", ""cd"": 16, ""m"": 1.5, ""sd"": 1.0}",1.5,0.15,0.85,1.0,16,pct,0.8475776772909762,0.6702689982017619,0.7331002190599035,,0.22
dblp,1,B,search,"{""alpha"": [0.15, 0.85], ""anfis"": ""pct"", ""cd"": 16, ""m"": 1.5, ""sd"": 1.0}",1.5,0.15,0.85,1.0,16,pct,0.8475776772909762,0.6702689982017619,0.7331002190599035,,0.14
dblp,2,B,search,"{""alpha"": [0.15, 0.85], ""anfis"": ""pct"", ""cd"": 16, ""m"": 1.5, ""sd"": 1.0}",1.5,0.15,0.85,1.0,16,pct,0.8475776772909762,0.6702689982017619,0.7331002190599034,,0.12
amazon,0,B,search,"{""alpha"": [0.15, 0.85], ""anfis"": ""pct"", ""cd"": 16, ""m"": 1.5, ""sd"": 1.0}",1.5,0.15,0.85,1.0,16,pct,0.7172353714661406,0.5535487568737809,0.7972215846095807,,0.02
amazon,1,B,search,"{""alpha"": [0.15, 0.85], ""anfis"": ""pct"", ""cd"": 16, ""m"": 1.5, ""sd"": 1.0}",1.5,0.15,0.85,1.0,16,pct,0.7172353714661406,0.5535487568737809,0.7972215846095806,,0.02
amazon,2,B,search,"{""alpha"": [0.15, 0.85], ""anfis"": ""pct"", ""cd"": 16, ""m"": 1.5, ""sd"": 1.0}",1.5,0.15,0.85,1.0,16,pct,0.7172353714661406,0.5535487568737809,0.7972215846095806,,0.02
fakeddit,0,B,search,"{""alpha"": [0.15, 0.85], ""anfis"": ""pct"", ""cd"": 16, ""m"": 1.5, ""sd"": 1.0}",1.5,0.15,0.85,1.0,16,pct,0.3129813650751519,0.4579933716154291,0.40751195237124815,,6.7
crisismmd,0,B,search,"{""alpha"": [0.15, 0.85], ""anfis"": ""shift+0.1"", ""cd"": 16, ""m"": 1.2, ""sd"": 2.0}",1.2,0.15,0.85,2.0,16,shift+0.1,0.4240494469135445,0.6814735134452212,0.6717597770528745,,2.97
fakeddit,1,B,search,"{""alpha"": [0.15, 0.85], ""anfis"": ""pct"", ""cd"": 16, ""m"": 1.5, ""sd"": 1.0}",1.5,0.15,0.85,1.0,16,pct,0.31188678899958877,0.39539054830941955,0.4184150024964703,,7.03
fakeddit,2,B,search,"{""alpha"": [0.15, 0.85], ""anfis"": ""pct"", ""cd"": 16, ""m"": 1.5, ""sd"": 1.0}",1.5,0.15,0.85,1.0,16,pct,0.32602998126316773,0.438980094686914,0.40053650242487804,,6.77
pheme,2,B,search,"{""alpha"": [0.15, 0.85], ""anfis"": ""pct"", ""cd"": 16, ""m"": 1.5, ""sd"": 1.0}",1.5,0.15,0.85,1.0,16,pct,0.8543142336088391,0.015056576023737778,0.2816022363559687,,8.05
pheme,1,B,search,"{""alpha"": [0.15, 0.85], ""anfis"": ""pct"", ""cd"": 16, ""m"": 1.5, ""sd"": 1.0}",1.5,0.15,0.85,1.0,16,pct,0.8570915188206584,0.0,0.26870436471210807,,8.59
crisismmd,1,B,search,"{""alpha"": [0.15, 0.85], ""anfis"": ""shift+0.1"", ""cd"": 16, ""m"": 1.2, ""sd"": 2.0}",1.2,0.15,0.85,2.0,16,shift+0.1,0.4641322489142372,0.6851645313651993,0.6775551073154027,,2.05
crisismmd,2,B,search,"{""alpha"": [0.15, 0.85], ""anfis"": ""shift+0.1"", ""cd"": 16, ""m"": 1.2, ""sd"": 2.0}",1.2,0.15,0.85,2.0,16,shift+0.1,0.42071485442773526,0.6768684205909958,0.6734332848243177,,2.09
pheme,0,B,search,"{""alpha"": [0.15, 0.85], ""anfis"": ""shift+0.1"", ""cd"": 16, ""m"": 1.2, ""sd"": 2.0}",1.2,0.15,0.85,2.0,16,shift+0.1,0.8699499982444654,0.01398898655495473,0.2443906276835264,,3.38
dblp,0,B,search,"{""alpha"": [0.15, 0.85], ""anfis"": ""shift+0.1"", ""cd"": 16, ""m"": 1.2, ""sd"": 2.0}",1.2,0.15,0.85,2.0,16,shift+0.1,0.8424452433197451,0.28594871215023077,0.5031241809591468,,0.17
dblp,1,B,search,"{""alpha"": [0.15, 0.85], ""anfis"": ""shift+0.1"", ""cd"": 16, ""m"": 1.2, ""sd"": 2.0}",1.2,0.15,0.85,2.0,16,shift+0.1,0.8031812150328673,0.3179208162649827,0.4844518678399843,,0.14
dblp,2,B,search,"{""alpha"": [0.15, 0.85], ""anfis"": ""shift+0.1"", ""cd"": 16, ""m"": 1.2, ""sd"": 2.0}",1.2,0.15,0.85,2.0,16,shift+0.1,0.8443658378335421,0.29160280391025484,0.5325336938321648,,0.12
amazon,0,B,search,"{""alpha"": [0.15, 0.85], ""anfis"": ""shift+0.1"", ""cd"": 16, ""m"": 1.2, ""sd"": 2.0}",1.2,0.15,0.85,2.0,16,shift+0.1,0.6800756081525312,0.36823858819261024,0.6428420434079185,,0.03
amazon,1,B,search,"{""alpha"": [0.15, 0.85], ""anfis"": ""shift+0.1"", ""cd"": 16, ""m"": 1.2, ""sd"": 2.0}",1.2,0.15,0.85,2.0,16,shift+0.1,0.6800756081525312,0.36823858819261024,0.6428420434079185,,0.03
amazon,2,B,search,"{""alpha"": [0.15, 0.85], ""anfis"": ""shift+0.1"", ""cd"": 16, ""m"": 1.2, ""sd"": 2.0}",1.2,0.15,0.85,2.0,16,shift+0.1,0.6800756081525312,0.36823858819261024,0.6428420434079185,,0.02
pheme,1,B,search,"{""alpha"": [0.15, 0.85], ""anfis"": ""shift+0.1"", ""cd"": 16, ""m"": 1.2, ""sd"": 2.0}",1.2,0.15,0.85,2.0,16,shift+0.1,0.8668904997844675,0.01531787138624785,0.24412471835845015,,3.66
crisismmd,0,B,search,"{""alpha"": [0.15, 0.85], ""anfis"": ""shift-0.1"", ""cd"": 8, ""m"": 1.75, ""sd"": 1.5}",1.75,0.15,0.85,1.5,8,shift-0.1,0.4087690270748183,0.27957519358482696,0.40534883347050105,,1.05
crisismmd,1,B,search,"{""alpha"": [0.15, 0.85], ""anfis"": ""shift-0.1"", ""cd"": 8, ""m"": 1.75, ""sd"": 1.5}",1.75,0.15,0.85,1.5,8,shift-0.1,0.3724734723460537,0.3670068118591354,0.4164692047913811,,1.45
crisismmd,2,B,search,"{""alpha"": [0.15, 0.85], ""anfis"": ""shift-0.1"", ""cd"": 8, ""m"": 1.75, ""sd"": 1.5}",1.75,0.15,0.85,1.5,8,shift-0.1,0.44433693280246717,0.44962377903058715,0.4688982596655369,,1.27
fakeddit,0,B,search,"{""alpha"": [0.15, 0.85], ""anfis"": ""shift+0.1"", ""cd"": 16, ""m"": 1.2, ""sd"": 2.0}",1.2,0.15,0.85,2.0,16,shift+0.1,0.3070479807144336,0.4321979007769976,0.34788527039897504,,7.39
fakeddit,2,B,search,"{""alpha"": [0.15, 0.85], ""anfis"": ""shift+0.1"", ""cd"": 16, ""m"": 1.2, ""sd"": 2.0}",1.2,0.15,0.85,2.0,16,shift+0.1,0.30890393509661146,0.5088700200365741,0.44623366930579345,,6.94
fakeddit,1,B,search,"{""alpha"": [0.15, 0.85], ""anfis"": ""shift+0.1"", ""cd"": 16, ""m"": 1.2, ""sd"": 2.0}",1.2,0.15,0.85,2.0,16,shift+0.1,0.29851208123165907,0.39627402193666517,0.43992202680264125,,7.09
pheme,0,B,search,"{""alpha"": [0.15, 0.85], ""anfis"": ""shift-0.1"", ""cd"": 8, ""m"": 1.75, ""sd"": 1.5}",1.75,0.15,0.85,1.5,8,shift-0.1,0.5505945066224961,0.02187868767072121,0.10877351524226457,,5.44
pheme,2,B,search,"{""alpha"": [0.15, 0.85], ""anfis"": ""shift+0.1"", ""cd"": 16, ""m"": 1.2, ""sd"": 2.0}",1.2,0.15,0.85,2.0,16,shift+0.1,0.8683090897449931,0.012057574432937979,0.256682998527171,,10.61
dblp,0,B,search,"{""alpha"": [0.15, 0.85], ""anfis"": ""shift-0.1"", ""cd"": 8, ""m"": 1.75, ""sd"": 1.5}",1.75,0.15,0.85,1.5,8,shift-0.1,0.8305830168940167,0.4839522142158226,0.6778238194366842,,0.12
dblp,1,B,search,"{""alpha"": [0.15, 0.85], ""anfis"": ""shift-0.1"", ""cd"": 8, ""m"": 1.75, ""sd"": 1.5}",1.75,0.15,0.85,1.5,8,shift-0.1,0.8374802437824446,0.40294155931823095,0.6050428912480803,,0.16
dblp,2,B,search,"{""alpha"": [0.15, 0.85], ""anfis"": ""shift-0.1"", ""cd"": 8, ""m"": 1.75, ""sd"": 1.5}",1.75,0.15,0.85,1.5,8,shift-0.1,0.8320926716261765,0.49792585676348544,0.6513010274264571,,0.12
amazon,0,B,search,"{""alpha"": [0.15, 0.85], ""anfis"": ""shift-0.1"", ""cd"": 8, ""m"": 1.75, ""sd"": 1.5}",1.75,0.15,0.85,1.5,8,shift-0.1,0.7038724523339908,0.37195414604318566,0.7288910239611245,,0.02
amazon,1,B,search,"{""alpha"": [0.15, 0.85], ""anfis"": ""shift-0.1"", ""cd"": 8, ""m"": 1.75, ""sd"": 1.5}",1.75,0.15,0.85,1.5,8,shift-0.1,0.7038724523339908,0.37195414604318566,0.7288910239611245,,0.02
amazon,2,B,search,"{""alpha"": [0.15, 0.85], ""anfis"": ""shift-0.1"", ""cd"": 8, ""m"": 1.75, ""sd"": 1.5}",1.75,0.15,0.85,1.5,8,shift-0.1,0.7038724523339908,0.37195414604318566,0.7288910239611245,,0.02
fakeddit,1,B,search,"{""alpha"": [0.15, 0.85], ""anfis"": ""shift-0.1"", ""cd"": 8, ""m"": 1.75, ""sd"": 1.5}",1.75,0.15,0.85,1.5,8,shift-0.1,0.33928047883495654,0.20508398580634646,0.13606441328636038,,3.53
fakeddit,0,B,search,"{""alpha"": [0.15, 0.85], ""anfis"": ""shift-0.1"", ""cd"": 8, ""m"": 1.75, ""sd"": 1.5}",1.75,0.15,0.85,1.5,8,shift-0.1,0.34995935138834516,0.1629511437618505,0.1425043118699712,,3.83
pheme,2,B,search,"{""alpha"": [0.15, 0.85], ""anfis"": ""shift-0.1"", ""cd"": 8, ""m"": 1.75, ""sd"": 1.5}",1.75,0.15,0.85,1.5,8,shift-0.1,0.6276123165945815,0.002915016254837699,0.12931418361807115,,4.86
crisismmd,0,B,search,"{""alpha"": [0.15, 0.85], ""anfis"": ""shift+0.1"", ""cd"": 16, ""m"": 1.75, ""sd"": 1.5}",1.75,0.15,0.85,1.5,16,shift+0.1,0.34968338430397616,0.30900371937495996,0.30137186241254715,,2.05
crisismmd,1,B,search,"{""alpha"": [0.15, 0.85], ""anfis"": ""shift+0.1"", ""cd"": 16, ""m"": 1.75, ""sd"": 1.5}",1.75,0.15,0.85,1.5,16,shift+0.1,0.45935574624740416,0.415146568430092,0.361467005760799,,1.91
fakeddit,2,B,search,"{""alpha"": [0.15, 0.85], ""anfis"": ""shift-0.1"", ""cd"": 8, ""m"": 1.75, ""sd"": 1.5}",1.75,0.15,0.85,1.5,8,shift-0.1,0.34365105901869325,0.28039564840079745,0.13457282454078795,,3.11
pheme,1,B,search,"{""alpha"": [0.15, 0.85], ""anfis"": ""shift-0.1"", ""cd"": 8, ""m"": 1.75, ""sd"": 1.5}",1.75,0.15,0.85,1.5,8,shift-0.1,0.4951672640893452,0.014647820591344729,0.08641338651741842,,8.28
crisismmd,2,B,search,"{""alpha"": [0.15, 0.85], ""anfis"": ""shift+0.1"", ""cd"": 16, ""m"": 1.75, ""sd"": 1.5}",1.75,0.15,0.85,1.5,16,shift+0.1,0.37434914793421104,0.3245144824439774,0.3173215846955199,,2.41
pheme,0,B,search,"{""alpha"": [0.15, 0.85], ""anfis"": ""shift+0.1"", ""cd"": 16, ""m"": 1.75, ""sd"": 1.5}",1.75,0.15,0.85,1.5,16,shift+0.1,0.5505945066224961,0.02187868767072121,0.10877351524226457,,4.98
dblp,0,B,search,"{""alpha"": [0.15, 0.85], ""anfis"": ""shift+0.1"", ""cd"": 16, ""m"": 1.75, ""sd"": 1.5}",1.75,0.15,0.85,1.5,16,shift+0.1,0.8305830168940167,0.4839522142158226,0.6778238194366842,,0.14
dblp,1,B,search,"{""alpha"": [0.15, 0.85], ""anfis"": ""shift+0.1"", ""cd"": 16, ""m"": 1.75, ""sd"": 1.5}",1.75,0.15,0.85,1.5,16,shift+0.1,0.8374802437824446,0.40294155931823095,0.6050428912480803,,0.12
dblp,2,B,search,"{""alpha"": [0.15, 0.85], ""anfis"": ""shift+0.1"", ""cd"": 16, ""m"": 1.75, ""sd"": 1.5}",1.75,0.15,0.85,1.5,16,shift+0.1,0.8320926716261765,0.49792585676348544,0.6513010274264571,,0.11
amazon,0,B,search,"{""alpha"": [0.15, 0.85], ""anfis"": ""shift+0.1"", ""cd"": 16, ""m"": 1.75, ""sd"": 1.5}",1.75,0.15,0.85,1.5,16,shift+0.1,0.7038724523339908,0.37195414604318566,0.7288910239611245,,0.03
amazon,1,B,search,"{""alpha"": [0.15, 0.85], ""anfis"": ""shift+0.1"", ""cd"": 16, ""m"": 1.75, ""sd"": 1.5}",1.75,0.15,0.85,1.5,16,shift+0.1,0.7038724523339908,0.37195414604318566,0.7288910239611245,,0.02
amazon,2,B,search,"{""alpha"": [0.15, 0.85], ""anfis"": ""shift+0.1"", ""cd"": 16, ""m"": 1.75, ""sd"": 1.5}",1.75,0.15,0.85,1.5,16,shift+0.1,0.7038724523339908,0.37195414604318566,0.7288910239611245,,0.02
pheme,2,B,search,"{""alpha"": [0.15, 0.85], ""anfis"": ""shift+0.1"", ""cd"": 16, ""m"": 1.75, ""sd"": 1.5}",1.75,0.15,0.85,1.5,16,shift+0.1,0.6276123165945815,0.002915016254837699,0.12931418361807115,,5.06
crisismmd,0,B,search,"{""alpha"": [0.15, 0.85], ""anfis"": ""pct"", ""cd"": 8, ""m"": 1.75, ""sd"": 1.0}",1.75,0.15,0.85,1.0,8,pct,0.5290967559175529,0.624139892400879,0.5091473504402411,,1.23
crisismmd,1,B,search,"{""alpha"": [0.15, 0.85], ""anfis"": ""pct"", ""cd"": 8, ""m"": 1.75, ""sd"": 1.0}",1.75,0.15,0.85,1.0,8,pct,0.5299225125459573,0.5615554179152622,0.5177821746822765,,1.31
crisismmd,2,B,search,"{""alpha"": [0.15, 0.85], ""anfis"": ""pct"", ""cd"": 8, ""m"": 1.75, ""sd"": 1.0}",1.75,0.15,0.85,1.0,8,pct,0.5306404972136388,0.6396374196184298,0.5104075108588763,,1.28
fakeddit,1,B,search,"{""alpha"": [0.15, 0.85], ""anfis"": ""shift+0.1"", ""cd"": 16, ""m"": 1.75, ""sd"": 1.5}",1.75,0.15,0.85,1.5,16,shift+0.1,0.3885249960215215,0.3790282792746107,0.13963450314333298,,7.08
fakeddit,0,B,search,"{""alpha"": [0.15, 0.85], ""anfis"": ""shift+0.1"", ""cd"": 16, ""m"": 1.75, ""sd"": 1.5}",1.75,0.15,0.85,1.5,16,shift+0.1,0.3885249960215215,0.3790282792746107,0.13963450314333298,,7.22
fakeddit,2,B,search,"{""alpha"": [0.15, 0.85], ""anfis"": ""shift+0.1"", ""cd"": 16, ""m"": 1.75, ""sd"": 1.5}",1.75,0.15,0.85,1.5,16,shift+0.1,0.3885227377122318,0.3758106153883528,0.1395502387559689,,7.0
pheme,1,B,search,"{""alpha"": [0.15, 0.85], ""anfis"": ""shift+0.1"", ""cd"": 16, ""m"": 1.75, ""sd"": 1.5}",1.75,0.15,0.85,1.5,16,shift+0.1,0.4951672640893452,0.014647820591344729,0.08641338651741842,,8.02
fakeddit,0,B,search,"{""alpha"": [0.15, 0.85], ""anfis"": ""pct"", ""cd"": 8, ""m"": 1.75, ""sd"": 1.0}",1.75,0.15,0.85,1.0,8,pct,0.2860030735557582,0.231957192359173,0.1934707100381357,,3.94
dblp,0,B,search,"{""alpha"": [0.15, 0.85], ""anfis"": ""pct"", ""cd"": 8, ""m"": 1.75, ""sd"": 1.0}",1.75,0.15,0.85,1.0,8,pct,0.8503679897777422,0.619203604477846,0.7251706399225106,,0.12
dblp,1,B,search,"{""alpha"": [0.15, 0.85], ""anfis"": ""pct"", ""cd"": 8, ""m"": 1.75, ""sd"": 1.0}",1.75,0.15,0.85,1.0,8,pct,0.8503679897777422,0.619203604477846,0.7251706399225106,,0.08
fakeddit,1,B,search,"{""alpha"": [0.15, 0.85], ""anfis"": ""pct"", ""cd"": 8, ""m"": 1.75, ""sd"": 1.0}",1.75,0.15,0.85,1.0,8,pct,0.2826487644044538,0.1923288292239178,0.1878720778854679,,3.81
amazon,0,B,search,"{""alpha"": [0.15, 0.85], ""anfis"": ""pct"", ""cd"": 8, ""m"": 1.75, ""sd"": 1.0}",1.75,0.15,0.85,1.0,8,pct,0.7172353714661406,0.4410301271348962,0.7710071474983755,,0.03
dblp,2,B,search,"{""alpha"": [0.15, 0.85], ""anfis"": ""pct"", ""cd"": 8, ""m"": 1.75, ""sd"": 1.0}",1.75,0.15,0.85,1.0,8,pct,0.8503679897777422,0.619203604477846,0.7251706399225106,,0.09
amazon,1,B,search,"{""alpha"": [0.15, 0.85], ""anfis"": ""pct"", ""cd"": 8, ""m"": 1.75, ""sd"": 1.0}",1.75,0.15,0.85,1.0,8,pct,0.7172353714661406,0.4410301271348962,0.7710071474983757,,0.03
amazon,2,B,search,"{""alpha"": [0.15, 0.85], ""anfis"": ""pct"", ""cd"": 8, ""m"": 1.75, ""sd"": 1.0}",1.75,0.15,0.85,1.0,8,pct,0.7172353714661406,0.4410301271348962,0.7710071474983757,,0.02
fakeddit,2,B,search,"{""alpha"": [0.15, 0.85], ""anfis"": ""pct"", ""cd"": 8, ""m"": 1.75, ""sd"": 1.0}",1.75,0.15,0.85,1.0,8,pct,0.38990708130686175,0.3044112061637363,0.21445884802544163,,3.83
pheme,1,B,search,"{""alpha"": [0.15, 0.85], ""anfis"": ""pct"", ""cd"": 8, ""m"": 1.75, ""sd"": 1.0}",1.75,0.15,0.85,1.0,8,pct,0.6540630593922427,0.007571284059447514,0.1351560655471412,,5.19
crisismmd,0,B,search,"{""alpha"": [0.15, 0.85], ""anfis"": ""scale0.6"", ""cd"": 16, ""m"": 1.3, ""sd"": 0.5}",1.3,0.15,0.85,0.5,16,scale0.6,0.3894847492007157,0.685780308209595,0.6585001082382386,,1.77
pheme,0,B,search,"{""alpha"": [0.15, 0.85], ""anfis"": ""scale0.6"", ""cd"": 16, ""m"": 1.3, ""sd"": 0.5}",1.3,0.15,0.85,0.5,16,scale0.6,0.8815315106655364,0.0,0.25586186564937824,,1.17
crisismmd,2,B,search,"{""alpha"": [0.15, 0.85], ""anfis"": ""scale0.6"", ""cd"": 16, ""m"": 1.3, ""sd"": 0.5}",1.3,0.15,0.85,0.5,16,scale0.6,0.3924131677421619,0.6798022407025768,0.6589019743247225,,2.08
pheme,0,B,search,"{""alpha"": [0.15, 0.85], ""anfis"": ""pct"", ""cd"": 8, ""m"": 1.75, ""sd"": 1.0}",1.75,0.15,0.85,1.0,8,pct,0.6570760878192159,0.01627048446390511,0.12080735882766695,,7.44
crisismmd,1,B,search,"{""alpha"": [0.15, 0.85], ""anfis"": ""scale0.6"", ""cd"": 16, ""m"": 1.3, ""sd"": 0.5}",1.3,0.15,0.85,0.5,16,scale0.6,0.4044927687148039,0.6963514024483634,0.663910304045915,,2.39
pheme,2,B,search,"{""alpha"": [0.15, 0.85], ""anfis"": ""pct"", ""cd"": 8, ""m"": 1.75, ""sd"": 1.0}",1.75,0.15,0.85,1.0,8,pct,0.7162238834726303,0.00964536038738073,0.15171220033439534,,7.66
dblp,0,B,search,"{""alpha"": [0.15, 0.85], ""anfis"": ""scale0.6"", ""cd"": 16, ""m"": 1.3, ""sd"": 0.5}",1.3,0.15,0.85,0.5,16,scale0.6,0.8278851135757042,0.5563181703972224,0.7089501506680773,,0.08
dblp,1,B,search,"{""alpha"": [0.15, 0.85], ""anfis"": ""scale0.6"", ""cd"": 16, ""m"": 1.3, ""sd"": 0.5}",1.3,0.15,0.85,0.5,16,scale0.6,0.8147450395751741,0.44253412072813647,0.628458043433941,,0.08
dblp,2,B,search,"{""alpha"": [0.15, 0.85], ""anfis"": ""scale0.6"", ""cd"": 16, ""m"": 1.3, ""sd"": 0.5}",1.3,0.15,0.85,0.5,16,scale0.6,0.827936219636334,0.6161877847100949,0.7156264691785771,,0.08
amazon,0,B,search,"{""alpha"": [0.15, 0.85], ""anfis"": ""scale0.6"", ""cd"": 16, ""m"": 1.3, ""sd"": 0.5}",1.3,0.15,0.85,0.5,16,scale0.6,0.5643984220907298,0.640352703530582,0.6370431893687708,,0.02
amazon,1,B,search,"{""alpha"": [0.15, 0.85], ""anfis"": ""scale0.6"", ""cd"": 16, ""m"": 1.3, ""sd"": 0.5}",1.3,0.15,0.85,0.5,16,scale0.6,0.5643984220907298,0.640352703530582,0.6370431893687708,,0.02
amazon,2,B,search,"{""alpha"": [0.15, 0.85], ""anfis"": ""scale0.6"", ""cd"": 16, ""m"": 1.3, ""sd"": 0.5}",1.3,0.15,0.85,0.5,16,scale0.6,0.7179717291255754,0.647692800462395,0.8360464649674884,,0.02
pheme,2,B,search,"{""alpha"": [0.15, 0.85], ""anfis"": ""scale0.6"", ""cd"": 16, ""m"": 1.3, ""sd"": 0.5}",1.3,0.15,0.85,0.5,16,scale0.6,0.8601871606396755,0.0,0.2727397976235848,,3.02
crisismmd,0,B,search,"{""alpha"": [0.15, 0.85], ""anfis"": ""scale1.5"", ""cd"": 8, ""m"": 1.2, ""sd"": 0.5}",1.2,0.15,0.85,0.5,8,scale1.5,0.42537632642453427,0.5264378980105566,0.6024419632118291,,1.38
crisismmd,1,B,search,"{""alpha"": [0.15, 0.85], ""anfis"": ""scale1.5"", ""cd"": 8, ""m"": 1.2, ""sd"": 0.5}",1.2,0.15,0.85,0.5,8,scale1.5,0.36700084481335515,0.5140481794176133,0.6092305648233484,,1.2
crisismmd,2,B,search,"{""alpha"": [0.15, 0.85], ""anfis"": ""scale1.5"", ""cd"": 8, ""m"": 1.2, ""sd"": 0.5}",1.2,0.15,0.85,0.5,8,scale1.5,0.3855886631260621,0.5320719746893074,0.6178488922816024,,1.31
pheme,1,B,search,"{""alpha"": [0.15, 0.85], ""anfis"": ""scale0.6"", ""cd"": 16, ""m"": 1.3, ""sd"": 0.5}",1.3,0.15,0.85,0.5,16,scale0.6,0.8707103364990981,0.0,0.2278641908913896,,5.09
pheme,0,B,search,"{""alpha"": [0.15, 0.85], ""anfis"": ""scale1.5"", ""cd"": 8, ""m"": 1.2, ""sd"": 0.5}",1.2,0.15,0.85,0.5,8,scale1.5,0.8819180233211704,0.0,0.25707623794152945,,1.81
pheme,1,B,search,"{""alpha"": [0.15, 0.85], ""anfis"": ""scale1.5"", ""cd"": 8, ""m"": 1.2, ""sd"": 0.5}",1.2,0.15,0.85,0.5,8,scale1.5,0.8636417281423405,0.0,0.22806291743209206,,2.66
pheme,2,B,search,"{""alpha"": [0.15, 0.85], ""anfis"": ""scale1.5"", ""cd"": 8, ""m"": 1.2, ""sd"": 0.5}",1.2,0.15,0.85,0.5,8,scale1.5,0.8533041373671879,0.0,0.2470148022084969,,2.31
fakeddit,2,B,search,"{""alpha"": [0.15, 0.85], ""anfis"": ""scale0.6"", ""cd"": 16, ""m"": 1.3, ""sd"": 0.5}",1.3,0.15,0.85,0.5,16,scale0.6,0.32582605179353685,0.5997603757519205,0.576941843834913,,6.92
dblp,0,B,search,"{""alpha"": [0.15, 0.85], ""anfis"": ""scale1.5"", ""cd"": 8, ""m"": 1.2, ""sd"": 0.5}",1.2,0.15,0.85,0.5,8,scale1.5,0.8278851135757042,0.5541876113189367,0.7073531466639909,,0.11
dblp,1,B,search,"{""alpha"": [0.15, 0.85], ""anfis"": ""scale1.5"", ""cd"": 8, ""m"": 1.2, ""sd"": 0.5}",1.2,0.15,0.85,0.5,8,scale1.5,0.8147450395751741,0.4435835825529204,0.6294513853583396,,0.08
dblp,2,B,search,"{""alpha"": [0.15, 0.85], ""anfis"": ""scale1.5"", ""cd"": 8, ""m"": 1.2, ""sd"": 0.5}",1.2,0.15,0.85,0.5,8,scale1.5,0.827936219636334,0.6163551555551635,0.7153598531485204,,0.14
amazon,0,B,search,"{""alpha"": [0.15, 0.85], ""anfis"": ""scale1.5"", ""cd"": 8, ""m"": 1.2, ""sd"": 0.5}",1.2,0.15,0.85,0.5,8,scale1.5,0.5643984220907298,0.640352703530582,0.6370431893687708,,0.03
amazon,1,B,search,"{""alpha"": [0.15, 0.85], ""anfis"": ""scale1.5"", ""cd"": 8, ""m"": 1.2, ""sd"": 0.5}",1.2,0.15,0.85,0.5,8,scale1.5,0.5643984220907298,0.640352703530582,0.6370431893687708,,0.02
fakeddit,0,B,search,"{""alpha"": [0.15, 0.85], ""anfis"": ""scale0.6"", ""cd"": 16, ""m"": 1.3, ""sd"": 0.5}",1.3,0.15,0.85,0.5,16,scale0.6,0.3415659961331247,0.6100939488564681,0.5292537218964505,,7.61
amazon,2,B,search,"{""alpha"": [0.15, 0.85], ""anfis"": ""scale1.5"", ""cd"": 8, ""m"": 1.2, ""sd"": 0.5}",1.2,0.15,0.85,0.5,8,scale1.5,0.7179717291255754,0.647692800462395,0.8360464649674884,,0.03
fakeddit,1,B,search,"{""alpha"": [0.15, 0.85], ""anfis"": ""scale0.6"", ""cd"": 16, ""m"": 1.3, ""sd"": 0.5}",1.3,0.15,0.85,0.5,16,scale0.6,0.3197852719260157,0.5847879901825928,0.5697187574691776,,7.88
crisismmd,2,B,search,"{""alpha"": [0.15, 0.85], ""anfis"": ""shift-0.1"", ""cd"": 8, ""m"": 1.5, ""sd"": 2.0}",1.5,0.15,0.85,2.0,8,shift-0.1,0.21391784504944097,0.11686783709696003,0.2904045749882281,,1.06
crisismmd,0,B,search,"{""alpha"": [0.15, 0.85], ""anfis"": ""shift-0.1"", ""cd"": 8, ""m"": 1.5, ""sd"": 2.0}",1.5,0.15,0.85,2.0,8,shift-0.1,0.23357658446642066,0.1539520583180055,0.3872564054544614,,1.47
fakeddit,0,B,search,"{""alpha"": [0.15, 0.85], ""anfis"": ""scale1.5"", ""cd"": 8, ""m"": 1.2, ""sd"": 0.5}",1.2,0.15,0.85,0.5,8,scale1.5,0.24641558696920757,0.43638526266100663,0.5416438698234065,,3.16
crisismmd,1,B,search,"{""alpha"": [0.15, 0.85], ""anfis"": ""shift-0.1"", ""cd"": 8, ""m"": 1.5, ""sd"": 2.0}",1.5,0.15,0.85,2.0,8,shift-0.1,0.22234240348458212,0.18360098617093912,0.34427829859800413,,1.67
fakeddit,2,B,search,"{""alpha"": [0.15, 0.85], ""anfis"": ""scale1.5"", ""cd"": 8, ""m"": 1.2, ""sd"": 0.5}",1.2,0.15,0.85,0.5,8,scale1.5,0.2905256930587172,0.45707751234974103,0.5384220615315796,,3.34
fakeddit,1,B,search,"{""alpha"": [0.15, 0.85], ""anfis"": ""scale1.5"", ""cd"": 8, ""m"": 1.2, ""sd"": 0.5}",1.2,0.15,0.85,0.5,8,scale1.5,0.2871184012321998,0.4319860202375968,0.4714533996591535,,3.55
pheme,1,B,search,"{""alpha"": [0.15, 0.85], ""anfis"": ""shift-0.1"", ""cd"": 8, ""m"": 1.5, ""sd"": 2.0}",1.5,0.15,0.85,2.0,8,shift-0.1,0.8336088096560893,0.0,0.28100505913260104,,3.14
dblp,0,B,search,"{""alpha"": [0.15, 0.85], ""anfis"": ""shift-0.1"", ""cd"": 8, ""m"": 1.5, ""sd"": 2.0}",1.5,0.15,0.85,2.0,8,shift-0.1,0.8204741466072111,0.3334853306226788,0.5298457083535371,,0.27
dblp,1,B,search,"{""alpha"": [0.15, 0.85], ""anfis"": ""shift-0.1"", ""cd"": 8, ""m"": 1.5, ""sd"": 2.0}",1.5,0.15,0.85,2.0,8,shift-0.1,0.8204741466072111,0.3334853306226788,0.5298457083535371,,0.22
dblp,2,B,search,"{""alpha"": [0.15, 0.85], ""anfis"": ""shift-0.1"", ""cd"": 8, ""m"": 1.5, ""sd"": 2.0}",1.5,0.15,0.85,2.0,8,shift-0.1,0.7957893964988558,0.32821960096171465,0.49251823601725414,,0.27
amazon,0,B,search,"{""alpha"": [0.15, 0.85], ""anfis"": ""shift-0.1"", ""cd"": 8, ""m"": 1.5, ""sd"": 2.0}",1.5,0.15,0.85,2.0,8,shift-0.1,0.6740401051939513,0.3773243134938058,0.65580304410921,,0.03
amazon,1,B,search,"{""alpha"": [0.15, 0.85], ""anfis"": ""shift-0.1"", ""cd"": 8, ""m"": 1.5, ""sd"": 2.0}",1.5,0.15,0.85,2.0,8,shift-0.1,0.6740401051939513,0.3773243134938058,0.65580304410921,,0.02
amazon,2,B,search,"{""alpha"": [0.15, 0.85], ""anfis"": ""shift-0.1"", ""cd"": 8, ""m"": 1.5, ""sd"": 2.0}",1.5,0.15,0.85,2.0,8,shift-0.1,0.6740401051939513,0.3773243134938058,0.65580304410921,,0.03
fakeddit,0,B,search,"{""alpha"": [0.15, 0.85], ""anfis"": ""shift-0.1"", ""cd"": 8, ""m"": 1.5, ""sd"": 2.0}",1.5,0.15,0.85,2.0,8,shift-0.1,0.33458286743627,0.15021738840219734,0.14151600130638825,,4.27
pheme,0,B,search,"{""alpha"": [0.15, 0.85], ""anfis"": ""shift-0.1"", ""cd"": 8, ""m"": 1.5, ""sd"": 2.0}",1.5,0.15,0.85,2.0,8,shift-0.1,0.8256310114151054,0.0,0.1930486814907369,,4.64
fakeddit,2,B,search,"{""alpha"": [0.15, 0.85], ""anfis"": ""shift-0.1"", ""cd"": 8, ""m"": 1.5, ""sd"": 2.0}",1.5,0.15,0.85,2.0,8,shift-0.1,0.3270300427949292,0.25904104635191283,0.1330552911655274,,3.33
crisismmd,0,B,search,"{""alpha"": [0.15, 0.85], ""anfis"": ""default"", ""cd"": 4, ""m"": 1.75, ""sd"": 2.0}",1.75,0.15,0.85,2.0,4,default,0.030188449063168366,0.026461289307577074,0.18907384351458895,,0.95
fakeddit,1,B,search,"{""alpha"": [0.15, 0.85], ""anfis"": ""shift-0.1"", ""cd"": 8, ""m"": 1.5, ""sd"": 2.0}",1.5,0.15,0.85,2.0,8,shift-0.1,0.32371137925612387,0.19316949623508828,0.13683608490566038,,3.67
crisismmd,2,B,search,"{""alpha"": [0.15, 0.85], ""anfis"": ""default"", ""cd"": 4, ""m"": 1.75, ""sd"": 2.0}",1.75,0.15,0.85,2.0,4,default,0.018035445177060443,0.01878011664510726,0.17931948312298354,,0.77
crisismmd,1,B,search,"{""alpha"": [0.15, 0.85], ""anfis"": ""default"", ""cd"": 4, ""m"": 1.75, ""sd"": 2.0}",1.75,0.15,0.85,2.0,4,default,0.025278570227552366,0.050947903771647374,0.22205251861569875,,0.98
pheme,2,B,search,"{""alpha"": [0.15, 0.85], ""anfis"": ""shift-0.1"", ""cd"": 8, ""m"": 1.5, ""sd"": 2.0}",1.5,0.15,0.85,2.0,8,shift-0.1,0.7756925436397868,0.0,0.17063497430929667,,5.67
pheme,2,B,search,"{""alpha"": [0.15, 0.85], ""anfis"": ""default"", ""cd"": 4, ""m"": 1.75, ""sd"": 2.0}",1.75,0.15,0.85,2.0,4,default,0.4801839977269515,0.018360344238268378,0.0927768618071948,,2.47
dblp,0,B,search,"{""alpha"": [0.15, 0.85], ""anfis"": ""default"", ""cd"": 4, ""m"": 1.75, ""sd"": 2.0}",1.75,0.15,0.85,2.0,4,default,0.8296652644522973,0.3011993763720129,0.47061625169776194,,0.17
dblp,1,B,search,"{""alpha"": [0.15, 0.85], ""anfis"": ""default"", ""cd"": 4, ""m"": 1.75, ""sd"": 2.0}",1.75,0.15,0.85,2.0,4,default,0.8021419713293694,0.31517858037689084,0.4833758984515382,,0.19
dblp,2,B,search,"{""alpha"": [0.15, 0.85], ""anfis"": ""default"", ""cd"": 4, ""m"": 1.75, ""sd"": 2.0}",1.75,0.15,0.85,2.0,4,default,0.796963463479949,0.28745130776395755,0.5000989176335243,,0.12
amazon,0,B,search,"{""alpha"": [0.15, 0.85], ""anfis"": ""default"", ""cd"": 4, ""m"": 1.75, ""sd"": 2.0}",1.75,0.15,0.85,2.0,4,default,0.6705391190006575,0.35633973853913015,0.6608702791461412,,0.02
amazon,1,B,search,"{""alpha"": [0.15, 0.85], ""anfis"": ""default"", ""cd"": 4, ""m"": 1.75, ""sd"": 2.0}",1.75,0.15,0.85,2.0,4,default,0.6705391190006575,0.35633973853913015,0.6608702791461412,,0.02
amazon,2,B,search,"{""alpha"": [0.15, 0.85], ""anfis"": ""default"", ""cd"": 4, ""m"": 1.75, ""sd"": 2.0}",1.75,0.15,0.85,2.0,4,default,0.6705391190006575,0.35633973853913015,0.6608702791461412,,0.02
fakeddit,0,B,search,"{""alpha"": [0.15, 0.85], ""anfis"": ""default"", ""cd"": 4, ""m"": 1.75, ""sd"": 2.0}",1.75,0.15,0.85,2.0,4,default,0.2974368711934469,0.15581817007740528,0.16273863598831398,,2.73
fakeddit,2,B,search,"{""alpha"": [0.15, 0.85], ""anfis"": ""default"", ""cd"": 4, ""m"": 1.75, ""sd"": 2.0}",1.75,0.15,0.85,2.0,4,default,0.2911101970143291,0.15352305075150607,0.1660455132014304,,2.48
fakeddit,1,B,search,"{""alpha"": [0.15, 0.85], ""anfis"": ""default"", ""cd"": 4, ""m"": 1.75, ""sd"": 2.0}",1.75,0.15,0.85,2.0,4,default,0.29000868993592466,0.1532493446927744,0.16089963735384527,,2.78
pheme,0,B,search,"{""alpha"": [0.15, 0.85], ""anfis"": ""default"", ""cd"": 4, ""m"": 1.75, ""sd"": 2.0}",1.75,0.15,0.85,2.0,4,default,0.49634465244988535,0.015746151025617605,0.08050113008419751,,3.56
crisismmd,0,B,search,"{""alpha"": [0.15, 0.85], ""anfis"": ""default"", ""cd"": 16, ""m"": 1.75, ""sd"": 1.0}",1.75,0.15,0.85,1.0,16,default,0.4484821787808807,0.39512025134462136,0.35379467534668063,,2.06
crisismmd,1,B,search,"{""alpha"": [0.15, 0.85], ""anfis"": ""default"", ""cd"": 16, ""m"": 1.75, ""sd"": 1.0}",1.75,0.15,0.85,1.0,16,default,0.47123193601156976,0.42998186171362596,0.365166413796321,,2.12
crisismmd,2,B,search,"{""alpha"": [0.15, 0.85], ""anfis"": ""default"", ""cd"": 16, ""m"": 1.75, ""sd"": 1.0}",1.75,0.15,0.85,1.0,16,default,0.4661222857813683,0.4204106881491727,0.3614714281005372,,2.03
pheme,0,B,search,"{""alpha"": [0.15, 0.85], ""anfis"": ""default"", ""cd"": 16, ""m"": 1.75, ""sd"": 1.0}",1.75,0.15,0.85,1.0,16,default,0.6570760878192159,0.01627048446390511,0.12080735882766695,,4.2
pheme,1,B,search,"{""alpha"": [0.15, 0.85], ""anfis"": ""default"", ""cd"": 16, ""m"": 1.75, ""sd"": 1.0}",1.75,0.15,0.85,1.0,16,default,0.6540630593922427,0.007571284059447514,0.1351560655471412,,5.23
dblp,0,B,search,"{""alpha"": [0.15, 0.85], ""anfis"": ""default"", ""cd"": 16, ""m"": 1.75, ""sd"": 1.0}",1.75,0.15,0.85,1.0,16,default,0.8503679897777422,0.619203604477846,0.7251706399225106,,0.06
dblp,1,B,search,"{""alpha"": [0.15, 0.85], ""anfis"": ""default"", ""cd"": 16, ""m"": 1.75, ""sd"": 1.0}",1.75,0.15,0.85,1.0,16,default,0.8503679897777422,0.619203604477846,0.7251706399225106,,0.14
dblp,2,B,search,"{""alpha"": [0.15, 0.85], ""anfis"": ""default"", ""cd"": 16, ""m"": 1.75, ""sd"": 1.0}",1.75,0.15,0.85,1.0,16,default,0.8503679897777422,0.619203604477846,0.7251706399225106,,0.14
amazon,0,B,search,"{""alpha"": [0.15, 0.85], ""anfis"": ""default"", ""cd"": 16, ""m"": 1.75, ""sd"": 1.0}",1.75,0.15,0.85,1.0,16,default,0.7172353714661406,0.4410301271348962,0.7710071474983755,,0.02
amazon,1,B,search,"{""alpha"": [0.15, 0.85], ""anfis"": ""default"", ""cd"": 16, ""m"": 1.75, ""sd"": 1.0}",1.75,0.15,0.85,1.0,16,default,0.7172353714661406,0.4410301271348962,0.7710071474983757,,0.03
amazon,2,B,search,"{""alpha"": [0.15, 0.85], ""anfis"": ""default"", ""cd"": 16, ""m"": 1.75, ""sd"": 1.0}",1.75,0.15,0.85,1.0,16,default,0.7172353714661406,0.4410301271348962,0.7710071474983757,,0.03
fakeddit,1,B,search,"{""alpha"": [0.15, 0.85], ""anfis"": ""default"", ""cd"": 16, ""m"": 1.75, ""sd"": 1.0}",1.75,0.15,0.85,1.0,16,default,0.38767174051961284,0.3707892039244247,0.13938287616291709,,7.28
crisismmd,0,B,search,"{""alpha"": [0.15, 0.85], ""anfis"": ""scale1.5"", ""cd"": 32, ""m"": 2.0, ""sd"": 1.0}",2.0,0.15,0.85,1.0,32,scale1.5,0.48306712557328635,0.43573283425997444,0.3659349287872957,,3.7
pheme,2,B,search,"{""alpha"": [0.15, 0.85], ""anfis"": ""default"", ""cd"": 16, ""m"": 1.75, ""sd"": 1.0}",1.75,0.15,0.85,1.0,16,default,0.7162238834726303,0.00964536038738073,0.15171220033439534,,7.7
fakeddit,0,B,search,"{""alpha"": [0.15, 0.85], ""anfis"": ""default"", ""cd"": 16, ""m"": 1.75, ""sd"": 1.0}",1.75,0.15,0.85,1.0,16,default,0.3881325375412386,0.2836867142507282,0.14303855384839487,,7.84
pheme,1,B,search,"{""alpha"": [0.15, 0.85], ""anfis"": ""default"", ""cd"": 4, ""m"": 1.75, ""sd"": 2.0}",1.75,0.15,0.85,2.0,4,default,0.5596344770469016,0.01505138449345722,0.09582421222618534,,13.23
fakeddit,2,B,search,"{""alpha"": [0.15, 0.85], ""anfis"": ""default"", ""cd"": 16, ""m"": 1.75, ""sd"": 1.0}",1.75,0.15,0.85,1.0,16,default,0.3885227377122318,0.3758106153883528,0.1395502387559689,,6.88
pheme,1,B,search,"{""alpha"": [0.15, 0.85], ""anfis"": ""scale1.5"", ""cd"": 32, ""m"": 2.0, ""sd"": 1.0}",2.0,0.15,0.85,1.0,32,scale1.5,0.49376165623328366,0.02855920332997841,0.08889747818231188,,2.59
pheme,2,B,search,"{""alpha"": [0.15, 0.85], ""anfis"": ""scale1.5"", ""cd"": 32, ""m"": 2.0, ""sd"": 1.0}",2.0,0.15,0.85,1.0,32,scale1.5,0.4954499199092669,0.013289870502103174,0.07237739427252067,,2.72
crisismmd,1,B,search,"{""alpha"": [0.15, 0.85], ""anfis"": ""scale1.5"", ""cd"": 32, ""m"": 2.0, ""sd"": 1.0}",2.0,0.15,0.85,1.0,32,scale1.5,0.4843708065003395,0.42982273973666807,0.3649646919064868,,3.47
dblp,0,B,search,"{""alpha"": [0.15, 0.85], ""anfis"": ""scale1.5"", ""cd"": 32, ""m"": 2.0, ""sd"": 1.0}",2.0,0.15,0.85,1.0,32,scale1.5,0.8494612819961844,0.6144158312954048,0.7225782861399686,,0.12
dblp,1,B,search,"{""alpha"": [0.15, 0.85], ""anfis"": ""scale1.5"", ""cd"": 32, ""m"": 2.0, ""sd"": 1.0}",2.0,0.15,0.85,1.0,32,scale1.5,0.8494612819961844,0.6144158312954048,0.7225782861399686,,0.09
crisismmd,2,B,search,"{""alpha"": [0.15, 0.85], ""anfis"": ""scale1.5"", ""cd"": 32, ""m"": 2.0, ""sd"": 1.0}",2.0,0.15,0.85,1.0,32,scale1.5,0.44756011351366254,0.3711949462896037,0.34719421471998796,,3.55
amazon,0,B,search,"{""alpha"": [0.15, 0.85], ""anfis"": ""scale1.5"", ""cd"": 32, ""m"": 2.0, ""sd"": 1.0}",2.0,0.15,0.85,1.0,32,scale1.5,0.7172353714661406,0.40785789140422535,0.7538909356671685,,0.03
amazon,1,B,search,"{""alpha"": [0.15, 0.85], ""anfis"": ""scale1.5"", ""cd"": 32, ""m"": 2.0, ""sd"": 1.0}",2.0,0.15,0.85,1.0,32,scale1.5,0.7172353714661406,0.40785789140422535,0.7538909356671685,,0.02
dblp,2,B,search,"{""alpha"": [0.15, 0.85], ""anfis"": ""scale1.5"", ""cd"": 32, ""m"": 2.0, ""sd"": 1.0}",2.0,0.15,0.85,1.0,32,scale1.5,0.8494612819961844,0.6144158312954048,0.7225782861399686,,0.09
amazon,2,B,search,"{""alpha"": [0.15, 0.85], ""anfis"": ""scale1.5"", ""cd"": 32, ""m"": 2.0, ""sd"": 1.0}",2.0,0.15,0.85,1.0,32,scale1.5,0.6683464825772517,0.3433903355104311,0.7006634990430669,,0.02
pheme,0,B,search,"{""alpha"": [0.15, 0.85], ""anfis"": ""scale1.5"", ""cd"": 32, ""m"": 2.0, ""sd"": 1.0}",2.0,0.15,0.85,1.0,32,scale1.5,0.4957474756445393,0.01690365701791441,0.0808915220624298,,4.03
crisismmd,1,B,search,"{""alpha"": [0.15, 0.85], ""anfis"": ""default"", ""cd"": 32, ""m"": 1.75, ""sd"": 0.5}",1.75,0.15,0.85,0.5,32,default,0.4373664172613194,0.35780505035559973,0.3428752852444713,,4.36
crisismmd,0,B,search,"{""alpha"": [0.15, 0.85], ""anfis"": ""default"", ""cd"": 32, ""m"": 1.75, ""sd"": 0.5}",1.75,0.15,0.85,0.5,32,default,0.34559357227275117,0.20888276633862102,0.2198871304134462,,4.5
crisismmd,2,B,search,"{""alpha"": [0.15, 0.85], ""anfis"": ""default"", ""cd"": 32, ""m"": 1.75, ""sd"": 0.5}",1.75,0.15,0.85,0.5,32,default,0.346624120728694,0.20860393883630934,0.21675136457745153,,4.2
pheme,0,B,search,"{""alpha"": [0.15, 0.85], ""anfis"": ""default"", ""cd"": 32, ""m"": 1.75, ""sd"": 0.5}",1.75,0.15,0.85,0.5,32,default,0.8821741248365066,0.0,0.24524781283532146,,2.36
pheme,1,B,search,"{""alpha"": [0.15, 0.85], ""anfis"": ""default"", ""cd"": 32, ""m"": 1.75, ""sd"": 0.5}",1.75,0.15,0.85,0.5,32,default,0.8660243868832357,0.0,0.25540926494686883,,4.11
pheme,2,B,search,"{""alpha"": [0.15, 0.85], ""anfis"": ""default"", ""cd"": 32, ""m"": 1.75, ""sd"": 0.5}",1.75,0.15,0.85,0.5,32,default,0.8629496934600583,0.0,0.25359169780109647,,5.03
fakeddit,0,B,search,"{""alpha"": [0.15, 0.85], ""anfis"": ""scale1.5"", ""cd"": 32, ""m"": 2.0, ""sd"": 1.0}",2.0,0.15,0.85,1.0,32,scale1.5,0.3887714001799806,0.3731728635502566,0.139466363397778,,12.81
dblp,0,B,search,"{""alpha"": [0.15, 0.85], ""anfis"": ""default"", ""cd"": 32, ""m"": 1.75, ""sd"": 0.5}",1.75,0.15,0.85,0.5,32,default,0.8278851135757042,0.5430188301438804,0.693517328057865,,0.16
dblp,1,B,search,"{""alpha"": [0.15, 0.85], ""anfis"": ""default"", ""cd"": 32, ""m"": 1.75, ""sd"": 0.5}",1.75,0.15,0.85,0.5,32,default,0.8147450395751741,0.4788951371469037,0.6472815397044863,,0.12
dblp,2,B,search,"{""alpha"": [0.15, 0.85], ""anfis"": ""default"", ""cd"": 32, ""m"": 1.75, ""sd"": 0.5}",1.75,0.15,0.85,0.5,32,default,0.827936219636334,0.6048624635981784,0.7003484796039087,,0.06
amazon,0,B,search,"{""alpha"": [0.15, 0.85], ""anfis"": ""default"", ""cd"": 32, ""m"": 1.75, ""sd"": 0.5}",1.75,0.15,0.85,0.5,32,default,0.5604700854700855,0.6639148624956438,0.6428571428571429,,0.03
amazon,1,B,search,"{""alpha"": [0.15, 0.85], ""anfis"": ""default"", ""cd"": 32, ""m"": 1.75, ""sd"": 0.5}",1.75,0.15,0.85,0.5,32,default,0.5604700854700855,0.6639148624956438,0.6428571428571429,,0.02
amazon,2,B,search,"{""alpha"": [0.15, 0.85], ""anfis"": ""default"", ""cd"": 32, ""m"": 1.75, ""sd"": 0.5}",1.75,0.15,0.85,0.5,32,default,0.7179717291255754,0.6336435318935119,0.838368072701049,,0.02
fakeddit,1,B,search,"{""alpha"": [0.15, 0.85], ""anfis"": ""scale1.5"", ""cd"": 32, ""m"": 2.0, ""sd"": 1.0}",2.0,0.15,0.85,1.0,32,scale1.5,0.3887714001799806,0.3731728635502566,0.139466363397778,,13.44
fakeddit,2,B,search,"{""alpha"": [0.15, 0.85], ""anfis"": ""scale1.5"", ""cd"": 32, ""m"": 2.0, ""sd"": 1.0}",2.0,0.15,0.85,1.0,32,scale1.5,0.3887714001799806,0.3731728635502566,0.139466363397778,,14.38
crisismmd,0,B,search,"{""alpha"": [0.15, 0.85], ""anfis"": ""shift-0.1"", ""cd"": 32, ""m"": 1.5, ""sd"": 1.0}",1.5,0.15,0.85,1.0,32,shift-0.1,0.47310436923677834,0.42911494715196175,0.3646393603447159,,3.5
crisismmd,1,B,search,"{""alpha"": [0.15, 0.85], ""anfis"": ""shift-0.1"", ""cd"": 32, ""m"": 1.5, ""sd"": 1.0}",1.5,0.15,0.85,1.0,32,shift-0.1,0.47340676664831005,0.36014697310559196,0.37966268350369103,,3.5
crisismmd,2,B,search,"{""alpha"": [0.15, 0.85], ""anfis"": ""shift-0.1"", ""cd"": 32, ""m"": 1.5, ""sd"": 1.0}",1.5,0.15,0.85,1.0,32,shift-0.1,0.3457490383465271,0.21027836787682808,0.22486205734156556,,3.73
pheme,0,B,search,"{""alpha"": [0.15, 0.85], ""anfis"": ""shift-0.1"", ""cd"": 32, ""m"": 1.5, ""sd"": 1.0}",1.5,0.15,0.85,1.0,32,shift-0.1,0.8651647650342359,0.0,0.24983831226709954,,3.3
fakeddit,0,B,search,"{""alpha"": [0.15, 0.85], ""anfis"": ""default"", ""cd"": 32, ""m"": 1.75, ""sd"": 0.5}",1.75,0.15,0.85,0.5,32,default,0.38816753974262835,0.22877036362907777,0.1639000627001105,,13.78
pheme,1,B,search,"{""alpha"": [0.15, 0.85], ""anfis"": ""shift-0.1"", ""cd"": 32, ""m"": 1.5, ""sd"": 1.0}",1.5,0.15,0.85,1.0,32,shift-0.1,0.8570915188206584,0.0,0.26870436471210807,,5.81
fakeddit,1,B,search,"{""alpha"": [0.15, 0.85], ""anfis"": ""default"", ""cd"": 32, ""m"": 1.75, ""sd"": 0.5}",1.75,0.15,0.85,0.5,32,default,0.3349843718945261,0.20273324576808338,0.17728247688712434,,14.09
dblp,0,B,search,"{""alpha"": [0.15, 0.85], ""anfis"": ""shift-0.1"", ""cd"": 32, ""m"": 1.5, ""sd"": 1.0}",1.5,0.15,0.85,1.0,32,shift-0.1,0.8475776772909762,0.6702689982017619,0.7331002190599035,,0.17
dblp,1,B,search,"{""alpha"": [0.15, 0.85], ""anfis"": ""shift-0.1"", ""cd"": 32, ""m"": 1.5, ""sd"": 1.0}",1.5,0.15,0.85,1.0,32,shift-0.1,0.8475776772909762,0.6702689982017619,0.7331002190599035,,0.11
dblp,2,B,search,"{""alpha"": [0.15, 0.85], ""anfis"": ""shift-0.1"", ""cd"": 32, ""m"": 1.5, ""sd"": 1.0}",1.5,0.15,0.85,1.0,32,shift-0.1,0.8475776772909762,0.6702689982017619,0.7331002190599034,,0.19
amazon,0,B,search,"{""alpha"": [0.15, 0.85], ""anfis"": ""shift-0.1"", ""cd"": 32, ""m"": 1.5, ""sd"": 1.0}",1.5,0.15,0.85,1.0,32,shift-0.1,0.7172353714661406,0.5535487568737809,0.7972215846095807,,0.02
amazon,1,B,search,"{""alpha"": [0.15, 0.85], ""anfis"": ""shift-0.1"", ""cd"": 32, ""m"": 1.5, ""sd"": 1.0}",1.5,0.15,0.85,1.0,32,shift-0.1,0.7172353714661406,0.5535487568737809,0.7972215846095806,,0.03
amazon,2,B,search,"{""alpha"": [0.15, 0.85], ""anfis"": ""shift-0.1"", ""cd"": 32, ""m"": 1.5, ""sd"": 1.0}",1.5,0.15,0.85,1.0,32,shift-0.1,0.7172353714661406,0.5535487568737809,0.7972215846095806,,0.02
fakeddit,2,B,search,"{""alpha"": [0.15, 0.85], ""anfis"": ""default"", ""cd"": 32, ""m"": 1.75, ""sd"": 0.5}",1.75,0.15,0.85,0.5,32,default,0.3385868529922384,0.23868863555058206,0.1716961599776443,,14.27
pheme,2,B,search,"{""alpha"": [0.15, 0.85], ""anfis"": ""shift-0.1"", ""cd"": 32, ""m"": 1.5, ""sd"": 1.0}",1.5,0.15,0.85,1.0,32,shift-0.1,0.8543142336088391,0.015056576023737778,0.2816022363559687,,7.75
crisismmd,0,B,search,"{""alpha"": [0.15, 0.85], ""anfis"": ""scale0.6"", ""cd"": 16, ""m"": 2.0, ""sd"": 0.5}",2.0,0.15,0.85,0.5,16,scale0.6,0.48037747045569346,0.43700581044457976,0.36585774272682364,,2.39
crisismmd,1,B,search,"{""alpha"": [0.15, 0.85], ""anfis"": ""scale0.6"", ""cd"": 16, ""m"": 2.0, ""sd"": 0.5}",2.0,0.15,0.85,0.5,16,scale0.6,0.46481852118043265,0.3452254943981842,0.3684841415739939,,2.23
crisismmd,2,B,search,"{""alpha"": [0.15, 0.85], ""anfis"": ""scale0.6"", ""cd"": 16, ""m"": 2.0, ""sd"": 0.5}",2.0,0.15,0.85,0.5,16,scale0.6,0.4797003395611664,0.4353735287926118,0.3656110573611559,,2.08
pheme,0,B,search,"{""alpha"": [0.15, 0.85], ""anfis"": ""scale0.6"", ""cd"": 16, ""m"": 2.0, ""sd"": 0.5}",2.0,0.15,0.85,0.5,16,scale0.6,0.8830514495552302,0.0,0.25069045718588434,,4.27
pheme,2,B,search,"{""alpha"": [0.15, 0.85], ""anfis"": ""scale0.6"", ""cd"": 16, ""m"": 2.0, ""sd"": 0.5}",2.0,0.15,0.85,0.5,16,scale0.6,0.8797517821626475,0.0,0.24977961829300493,,3.34
fakeddit,0,B,search,"{""alpha"": [0.15, 0.85], ""anfis"": ""shift-0.1"", ""cd"": 32, ""m"": 1.5, ""sd"": 1.0}",1.5,0.15,0.85,1.0,32,shift-0.1,0.3874314264702681,0.2355681369847289,0.16763938880596815,,14.03
fakeddit,1,B,search,"{""alpha"": [0.15, 0.85], ""anfis"": ""shift-0.1"", ""cd"": 32, ""m"": 1.5, ""sd"": 1.0}",1.5,0.15,0.85,1.0,32,shift-0.1,0.3869667976488178,0.28043215898355456,0.16211882985455747,,13.92
dblp,0,B,search,"{""alpha"": [0.15, 0.85], ""anfis"": ""scale0.6"", ""cd"": 16, ""m"": 2.0, ""sd"": 0.5}",2.0,0.15,0.85,0.5,16,scale0.6,0.8278851135757042,0.5504912577021244,0.6983811826094983,,0.11
dblp,1,B,search,"{""alpha"": [0.15, 0.85], ""anfis"": ""scale0.6"", ""cd"": 16, ""m"": 2.0, ""sd"": 0.5}",2.0,0.15,0.85,0.5,16,scale0.6,0.8147450395751741,0.48114215212799616,0.6505384032756147,,0.09
dblp,2,B,search,"{""alpha"": [0.15, 0.85], ""anfis"": ""scale0.6"", ""cd"": 16, ""m"": 2.0, ""sd"": 0.5}",2.0,0.15,0.85,0.5,16,scale0.6,0.827936219636334,0.6082793861738566,0.7026372890578522,,0.09
amazon,0,B,search,"{""alpha"": [0.15, 0.85], ""anfis"": ""scale0.6"", ""cd"": 16, ""m"": 2.0, ""sd"": 0.5}",2.0,0.15,0.85,0.5,16,scale0.6,0.5604700854700855,0.6150735906567179,0.6268996960486323,,0.03
amazon,1,B,search,"{""alpha"": [0.15, 0.85], ""anfis"": ""scale0.6"", ""cd"": 16, ""m"": 2.0, ""sd"": 0.5}",2.0,0.15,0.85,0.5,16,scale0.6,0.5604700854700855,0.6150735906567179,0.6268996960486323,,0.02
amazon,2,B,search,"{""alpha"": [0.15, 0.85], ""anfis"": ""scale0.6"", ""cd"": 16, ""m"": 2.0, ""sd"": 0.5}",2.0,0.15,0.85,0.5,16,scale0.6,0.7179717291255754,0.6336435318935119,0.838368072701049,,0.03
fakeddit,2,B,search,"{""alpha"": [0.15, 0.85], ""anfis"": ""shift-0.1"", ""cd"": 32, ""m"": 1.5, ""sd"": 1.0}",1.5,0.15,0.85,1.0,32,shift-0.1,0.38710539859442444,0.2355681369847289,0.16763938880596815,,14.17
fakeddit,0,B,search,"{""alpha"": [0.15, 0.85], ""anfis"": ""scale0.6"", ""cd"": 16, ""m"": 2.0, ""sd"": 0.5}",2.0,0.15,0.85,0.5,16,scale0.6,0.3886045974424817,0.35524719869488575,0.13880925827513851,,7.34
fakeddit,1,B,search,"{""alpha"": [0.15, 0.85], ""anfis"": ""scale0.6"", ""cd"": 16, ""m"": 2.0, ""sd"": 0.5}",2.0,0.15,0.85,0.5,16,scale0.6,0.3885073595496774,0.35352842682991104,0.13872884421107773,,7.11
pheme,1,B,search,"{""alpha"": [0.15, 0.85], ""anfis"": ""scale0.6"", ""cd"": 16, ""m"": 2.0, ""sd"": 0.5}",2.0,0.15,0.85,0.5,16,scale0.6,0.870832633824106,0.0,0.228561526310893,,11.97
crisismmd,0,B,search,"{""alpha"": [0.15, 0.85], ""anfis"": ""pct"", ""cd"": 32, ""m"": 2.0, ""sd"": 0.5}",2.0,0.15,0.85,0.5,32,pct,0.5065447619082682,0.39890314610901256,0.5659861217678916,,3.75
fakeddit,2,B,search,"{""alpha"": [0.15, 0.85], ""anfis"": ""scale0.6"", ""cd"": 16, ""m"": 2.0, ""sd"": 0.5}",2.0,0.15,0.85,0.5,16,scale0.6,0.3881824974583191,0.35151807886081476,0.1386488104144845,,7.08
crisismmd,1,B,search,"{""alpha"": [0.15, 0.85], ""anfis"": ""pct"", ""cd"": 32, ""m"": 2.0, ""sd"": 0.5}",2.0,0.15,0.85,0.5,32,pct,0.5070990386247427,0.39755335328077623,0.5648234945613241,,4.16
crisismmd,2,B,search,"{""alpha"": [0.15, 0.85], ""anfis"": ""pct"", ""cd"": 32, ""m"": 2.0, ""sd"": 0.5}",2.0,0.15,0.85,0.5,32,pct,0.5070760283070418,0.39755335328077623,0.5616874933976433,,3.95
pheme,2,B,search,"{""alpha"": [0.15, 0.85], ""anfis"": ""pct"", ""cd"": 32, ""m"": 2.0, ""sd"": 0.5}",2.0,0.15,0.85,0.5,32,pct,0.8797517821626475,0.0,0.24977961829300493,,3.31
pheme,0,B,search,"{""alpha"": [0.15, 0.85], ""anfis"": ""pct"", ""cd"": 32, ""m"": 2.0, ""sd"": 0.5}",2.0,0.15,0.85,0.5,32,pct,0.8830514495552302,0.0,0.25069045718588434,,3.91
dblp,1,B,search,"{""alpha"": [0.15, 0.85], ""anfis"": ""pct"", ""cd"": 32, ""m"": 2.0, ""sd"": 0.5}",2.0,0.15,0.85,0.5,32,pct,0.8147450395751741,0.48114215212799616,0.6505384032756147,,0.12
dblp,0,B,search,"{""alpha"": [0.15, 0.85], ""anfis"": ""pct"", ""cd"": 32, ""m"": 2.0, ""sd"": 0.5}",2.0,0.15,0.85,0.5,32,pct,0.8278851135757042,0.5504912577021244,0.6983811826094983,,0.19
amazon,0,B,search,"{""alpha"": [0.15, 0.85], ""anfis"": ""pct"", ""cd"": 32, ""m"": 2.0, ""sd"": 0.5}",2.0,0.15,0.85,0.5,32,pct,0.5604700854700855,0.6150735906567179,0.6268996960486323,,0.02
amazon,1,B,search,"{""alpha"": [0.15, 0.85], ""anfis"": ""pct"", ""cd"": 32, ""m"": 2.0, ""sd"": 0.5}",2.0,0.15,0.85,0.5,32,pct,0.5604700854700855,0.6150735906567179,0.6268996960486323,,0.02
amazon,2,B,search,"{""alpha"": [0.15, 0.85], ""anfis"": ""pct"", ""cd"": 32, ""m"": 2.0, ""sd"": 0.5}",2.0,0.15,0.85,0.5,32,pct,0.7179717291255754,0.6336435318935119,0.838368072701049,,0.02
dblp,2,B,search,"{""alpha"": [0.15, 0.85], ""anfis"": ""pct"", ""cd"": 32, ""m"": 2.0, ""sd"": 0.5}",2.0,0.15,0.85,0.5,32,pct,0.827936219636334,0.6082793861738566,0.7026372890578522,,0.08
crisismmd,1,B,search,"{""alpha"": [0.15, 0.85], ""anfis"": ""default"", ""cd"": 16, ""m"": 1.2, ""sd"": 1.0}",1.2,0.15,0.85,1.0,16,default,0.37470773235787436,0.721692642978118,0.6450522776522075,,2.2
crisismmd,0,B,search,"{""alpha"": [0.15, 0.85], ""anfis"": ""default"", ""cd"": 16, ""m"": 1.2, ""sd"": 1.0}",1.2,0.15,0.85,1.0,16,default,0.38432995691087907,0.7291145568011193,0.6472655808401127,,2.34
crisismmd,2,B,search,"{""alpha"": [0.15, 0.85], ""anfis"": ""default"", ""cd"": 16, ""m"": 1.2, ""sd"": 1.0}",1.2,0.15,0.85,1.0,16,default,0.4395707847785995,0.7526034971246361,0.7673454056767678,,2.05
pheme,0,B,search,"{""alpha"": [0.15, 0.85], ""anfis"": ""default"", ""cd"": 16, ""m"": 1.2, ""sd"": 1.0}",1.2,0.15,0.85,1.0,16,default,0.8738967055254492,0.0,0.244892062802347,,2.39
pheme,1,B,search,"{""alpha"": [0.15, 0.85], ""anfis"": ""pct"", ""cd"": 32, ""m"": 2.0, ""sd"": 0.5}",2.0,0.15,0.85,0.5,32,pct,0.870832633824106,0.0,0.228561526310893,,12.72
pheme,2,B,search,"{""alpha"": [0.15, 0.85], ""anfis"": ""default"", ""cd"": 16, ""m"": 1.2, ""sd"": 1.0}",1.2,0.15,0.85,1.0,16,default,0.8793817921854222,0.012546497684847724,0.2494193273775462,,4.22
pheme,1,B,search,"{""alpha"": [0.15, 0.85], ""anfis"": ""default"", ""cd"": 16, ""m"": 1.2, ""sd"": 1.0}",1.2,0.15,0.85,1.0,16,default,0.8584900455288305,0.01185108396776724,0.25245677131685296,,6.56
fakeddit,0,B,search,"{""alpha"": [0.15, 0.85], ""anfis"": ""pct"", ""cd"": 32, ""m"": 2.0, ""sd"": 0.5}",2.0,0.15,0.85,0.5,32,pct,0.3638440166088997,0.20930470502954623,0.1984873750114944,,14.0
dblp,0,B,search,"{""alpha"": [0.15, 0.85], ""anfis"": ""default"", ""cd"": 16, ""m"": 1.2, ""sd"": 1.0}",1.2,0.15,0.85,1.0,16,default,0.8476222480497352,0.6747589549181847,0.7336848796640583,,0.14
dblp,1,B,search,"{""alpha"": [0.15, 0.85], ""anfis"": ""default"", ""cd"": 16, ""m"": 1.2, ""sd"": 1.0}",1.2,0.15,0.85,1.0,16,default,0.8476222480497352,0.6747589549181847,0.7336848796640583,,0.14
dblp,2,B,search,"{""alpha"": [0.15, 0.85], ""anfis"": ""default"", ""cd"": 16, ""m"": 1.2, ""sd"": 1.0}",1.2,0.15,0.85,1.0,16,default,0.8316578779927107,0.580829091827785,0.6842486186638308,,0.16
amazon,0,B,search,"{""alpha"": [0.15, 0.85], ""anfis"": ""default"", ""cd"": 16, ""m"": 1.2, ""sd"": 1.0}",1.2,0.15,0.85,1.0,16,default,0.7180900723208414,0.535887821000959,0.7513584402324021,,0.03
amazon,1,B,search,"{""alpha"": [0.15, 0.85], ""anfis"": ""default"", ""cd"": 16, ""m"": 1.2, ""sd"": 1.0}",1.2,0.15,0.85,1.0,16,default,0.7180900723208414,0.535887821000959,0.7513584402324021,,0.02
amazon,2,B,search,"{""alpha"": [0.15, 0.85], ""anfis"": ""default"", ""cd"": 16, ""m"": 1.2, ""sd"": 1.0}",1.2,0.15,0.85,1.0,16,default,0.7021729125575279,0.4745067193291904,0.7222430977112624,,0.02
fakeddit,1,B,search,"{""alpha"": [0.15, 0.85], ""anfis"": ""pct"", ""cd"": 32, ""m"": 2.0, ""sd"": 0.5}",2.0,0.15,0.85,0.5,32,pct,0.3623221136302114,0.23922596855215295,0.203921010280225,,13.84
fakeddit,2,B,search,"{""alpha"": [0.15, 0.85], ""anfis"": ""pct"", ""cd"": 32, ""m"": 2.0, ""sd"": 0.5}",2.0,0.15,0.85,0.5,32,pct,0.428514452106041,0.35167011904933054,0.22605718863368507,,13.55
crisismmd,0,B,search,"{""alpha"": [0.15, 0.85], ""anfis"": ""pct"", ""cd"": 32, ""m"": 1.5, ""sd"": 1.5}",1.5,0.15,0.85,1.5,32,pct,0.501413816674958,0.42062833863280114,0.5695941101053016,,3.97
fakeddit,1,B,search,"{""alpha"": [0.15, 0.85], ""anfis"": ""default"", ""cd"": 16, ""m"": 1.2, ""sd"": 1.0}",1.2,0.15,0.85,1.0,16,default,0.31848727601338345,0.7420381080985363,0.7022135624855418,,6.95
crisismmd,2,B,search,"{""alpha"": [0.15, 0.85], ""anfis"": ""pct"", ""cd"": 32, ""m"": 1.5, ""sd"": 1.5}",1.5,0.15,0.85,1.5,32,pct,0.5055386880629709,0.42606509623435596,0.5698252084130477,,3.38
crisismmd,1,B,search,"{""alpha"": [0.15, 0.85], ""anfis"": ""pct"", ""cd"": 32, ""m"": 1.5, ""sd"": 1.5}",1.5,0.15,0.85,1.5,32,pct,0.4927546785100911,0.39334325533721337,0.5650460449109737,,3.88
fakeddit,0,B,search,"{""alpha"": [0.15, 0.85], ""anfis"": ""default"", ""cd"": 16, ""m"": 1.2, ""sd"": 1.0}",1.2,0.15,0.85,1.0,16,default,0.3490073832444064,0.8215447740932569,0.8321200866020433,,7.25
fakeddit,2,B,search,"{""alpha"": [0.15, 0.85], ""anfis"": ""default"", ""cd"": 16, ""m"": 1.2, ""sd"": 1.0}",1.2,0.15,0.85,1.0,16,default,0.3527266816809091,0.8237084180245456,0.8293272404575471,,6.42
pheme,0,B,search,"{""alpha"": [0.15, 0.85], ""anfis"": ""pct"", ""cd"": 32, ""m"": 1.5, ""sd"": 1.5}",1.5,0.15,0.85,1.5,32,pct,0.8583960727953805,0.0209023872498717,0.2972313123127813,,4.45
dblp,0,B,search,"{""alpha"": [0.15, 0.85], ""anfis"": ""pct"", ""cd"": 32, ""m"": 1.5, ""sd"": 1.5}",1.5,0.15,0.85,1.5,32,pct,0.8304631594577059,0.4851125789609554,0.6760871809498382,,0.14
dblp,1,B,search,"{""alpha"": [0.15, 0.85], ""anfis"": ""pct"", ""cd"": 32, ""m"": 1.5, ""sd"": 1.5}",1.5,0.15,0.85,1.5,32,pct,0.8371763522454513,0.4215862895439384,0.6056177253094378,,0.12
dblp,2,B,search,"{""alpha"": [0.15, 0.85], ""anfis"": ""pct"", ""cd"": 32, ""m"": 1.5, ""sd"": 1.5}",1.5,0.15,0.85,1.5,32,pct,0.8371763522454513,0.4215862895439384,0.6056177253094378,,0.14
amazon,0,B,search,"{""alpha"": [0.15, 0.85], ""anfis"": ""pct"", ""cd"": 32, ""m"": 1.5, ""sd"": 1.5}",1.5,0.15,0.85,1.5,32,pct,0.7031623931623932,0.3719518989225781,0.7030470750548914,,0.02
amazon,1,B,search,"{""alpha"": [0.15, 0.85], ""anfis"": ""pct"", ""cd"": 32, ""m"": 1.5, ""sd"": 1.5}",1.5,0.15,0.85,1.5,32,pct,0.7031623931623932,0.37049365199447815,0.6990889545237371,,0.02
amazon,2,B,search,"{""alpha"": [0.15, 0.85], ""anfis"": ""pct"", ""cd"": 32, ""m"": 1.5, ""sd"": 1.5}",1.5,0.15,0.85,1.5,32,pct,0.7031623931623932,0.3719518989225781,0.7030470750548914,,0.02
dblp,0,B,search,"{""alpha"": [0.15, 0.85], ""anfis"": ""pct"", ""cd"": 8, ""m"": 1.5, ""sd"": 1.0}",1.5,0.15,0.85,1.0,8,pct,0.8475776772909762,0.6702689982017619,0.7331002190599035,,0.09
dblp,1,B,search,"{""alpha"": [0.15, 0.85], ""anfis"": ""pct"", ""cd"": 8, ""m"": 1.5, ""sd"": 1.0}",1.5,0.15,0.85,1.0,8,pct,0.8475776772909762,0.6702689982017619,0.7331002190599035,,0.08
dblp,2,B,search,"{""alpha"": [0.15, 0.85], ""anfis"": ""pct"", ""cd"": 8, ""m"": 1.5, ""sd"": 1.0}",1.5,0.15,0.85,1.0,8,pct,0.8475776772909762,0.6702689982017619,0.7331002190599034,,0.17
amazon,0,B,search,"{""alpha"": [0.15, 0.85], ""anfis"": ""pct"", ""cd"": 8, ""m"": 1.5, ""sd"": 1.0}",1.5,0.15,0.85,1.0,8,pct,0.7172353714661406,0.5535487568737809,0.7972215846095807,,0.03
amazon,1,B,search,"{""alpha"": [0.15, 0.85], ""anfis"": ""pct"", ""cd"": 8, ""m"": 1.5, ""sd"": 1.0}",1.5,0.15,0.85,1.0,8,pct,0.7172353714661406,0.5535487568737809,0.7972215846095806,,0.02
amazon,2,B,search,"{""alpha"": [0.15, 0.85], ""anfis"": ""pct"", ""cd"": 8, ""m"": 1.5, ""sd"": 1.0}",1.5,0.15,0.85,1.0,8,pct,0.7172353714661406,0.5535487568737809,0.7972215846095806,,0.0
pheme,1,B,search,"{""alpha"": [0.15, 0.85], ""anfis"": ""pct"", ""cd"": 32, ""m"": 1.5, ""sd"": 1.5}",1.5,0.15,0.85,1.5,32,pct,0.8570885683423711,0.02120052725675703,0.287505278935144,,5.69
crisismmd,0,B,search,"{""alpha"": [0.15, 0.85], ""anfis"": ""shift+0.1"", ""cd"": 4, ""m"": 1.2, ""sd"": 1.0}",1.2,0.15,0.85,1.0,4,shift+0.1,0.3764436934806456,0.4925545264663628,0.5904225491713948,,1.0
crisismmd,1,B,search,"{""alpha"": [0.15, 0.85], ""anfis"": ""shift+0.1"", ""cd"": 4, ""m"": 1.2, ""sd"": 1.0}",1.2,0.15,0.85,1.0,4,shift+0.1,0.34453599715274513,0.4847730840688006,0.6242343158324626,,1.09
crisismmd,2,B,search,"{""alpha"": [0.15, 0.85], ""anfis"": ""shift+0.1"", ""cd"": 4, ""m"": 1.2, ""sd"": 1.0}",1.2,0.15,0.85,1.0,4,shift+0.1,0.36729686209134255,0.4879208403070088,0.5987060144295968,,0.88
pheme,0,B,search,"{""alpha"": [0.15, 0.85], ""anfis"": ""shift+0.1"", ""cd"": 4, ""m"": 1.2, ""sd"": 1.0}",1.2,0.15,0.85,1.0,4,shift+0.1,0.8738967055254492,0.0,0.244892062802347,,2.81
pheme,2,B,search,"{""alpha"": [0.15, 0.85], ""anfis"": ""shift+0.1"", ""cd"": 4, ""m"": 1.2, ""sd"": 1.0}",1.2,0.15,0.85,1.0,4,shift+0.1,0.8793817921854222,0.012546497684847724,0.2494193273775462,,3.86
pheme,2,B,search,"{""alpha"": [0.15, 0.85], ""anfis"": ""pct"", ""cd"": 32, ""m"": 1.5, ""sd"": 1.5}",1.5,0.15,0.85,1.5,32,pct,0.810932613731349,0.0,0.22860684736010548,,13.53
pheme,1,B,search,"{""alpha"": [0.15, 0.85], ""anfis"": ""shift+0.1"", ""cd"": 4, ""m"": 1.2, ""sd"": 1.0}",1.2,0.15,0.85,1.0,4,shift+0.1,0.8584900455288305,0.01185108396776724,0.25245677131685296,,7.0
fakeddit,1,B,search,"{""alpha"": [0.15, 0.85], ""anfis"": ""pct"", ""cd"": 32, ""m"": 1.5, ""sd"": 1.5}",1.5,0.15,0.85,1.5,32,pct,0.31491720754660585,0.2596246225277197,0.19531590409550986,,14.52
dblp,0,B,search,"{""alpha"": [0.15, 0.85], ""anfis"": ""shift+0.1"", ""cd"": 4, ""m"": 1.2, ""sd"": 1.0}",1.2,0.15,0.85,1.0,4,shift+0.1,0.8476222480497352,0.6747589549181847,0.7336848796640583,,0.06
dblp,1,B,search,"{""alpha"": [0.15, 0.85], ""anfis"": ""shift+0.1"", ""cd"": 4, ""m"": 1.2, ""sd"": 1.0}",1.2,0.15,0.85,1.0,4,shift+0.1,0.8476222480497352,0.6747589549181847,0.7336848796640583,,0.08
dblp,2,B,search,"{""alpha"": [0.15, 0.85], ""anfis"": ""shift+0.1"", ""cd"": 4, ""m"": 1.2, ""sd"": 1.0}",1.2,0.15,0.85,1.0,4,shift+0.1,0.8316578779927107,0.580829091827785,0.6842486186638308,,0.08
amazon,0,B,search,"{""alpha"": [0.15, 0.85], ""anfis"": ""shift+0.1"", ""cd"": 4, ""m"": 1.2, ""sd"": 1.0}",1.2,0.15,0.85,1.0,4,shift+0.1,0.7180900723208414,0.535887821000959,0.7513584402324021,,0.03
fakeddit,2,B,search,"{""alpha"": [0.15, 0.85], ""anfis"": ""pct"", ""cd"": 32, ""m"": 1.5, ""sd"": 1.5}",1.5,0.15,0.85,1.5,32,pct,0.31419333819654455,0.22581659525287923,0.19222668569939622,,13.62
amazon,2,B,search,"{""alpha"": [0.15, 0.85], ""anfis"": ""shift+0.1"", ""cd"": 4, ""m"": 1.2, ""sd"": 1.0}",1.2,0.15,0.85,1.0,4,shift+0.1,0.7021729125575279,0.4745067193291904,0.7222430977112624,,0.02
amazon,1,B,search,"{""alpha"": [0.15, 0.85], ""anfis"": ""shift+0.1"", ""cd"": 4, ""m"": 1.2, ""sd"": 1.0}",1.2,0.15,0.85,1.0,4,shift+0.1,0.7180900723208414,0.535887821000959,0.7513584402324021,,0.02
fakeddit,0,B,search,"{""alpha"": [0.15, 0.85], ""anfis"": ""pct"", ""cd"": 32, ""m"": 1.5, ""sd"": 1.5}",1.5,0.15,0.85,1.5,32,pct,0.31839756794168095,0.22820220112586465,0.19473346185716925,,15.2
fakeddit,0,B,search,"{""alpha"": [0.15, 0.85], ""anfis"": ""shift+0.1"", ""cd"": 4, ""m"": 1.2, ""sd"": 1.0}",1.2,0.15,0.85,1.0,4,shift+0.1,0.2464694837978285,0.44371825275616006,0.5742697949329413,,2.45
fakeddit,1,B,search,"{""alpha"": [0.15, 0.85], ""anfis"": ""shift+0.1"", ""cd"": 4, ""m"": 1.2, ""sd"": 1.0}",1.2,0.15,0.85,1.0,4,shift+0.1,0.24684588566720914,0.41817027302433474,0.5485955648585955,,2.28
fakeddit,2,B,search,"{""alpha"": [0.15, 0.85], ""anfis"": ""shift+0.1"", ""cd"": 4, ""m"": 1.2, ""sd"": 1.0}",1.2,0.15,0.85,1.0,4,shift+0.1,0.26404331224446187,0.459808338620322,0.6363043309337335,,2.34
crisismmd,1,B,search,"{""alpha"": [0.15, 0.85], ""anfis"": ""pct"", ""cd"": 8, ""m"": 2.0, ""sd"": 1.5}",2.0,0.15,0.85,1.5,8,pct,0.4717619891390463,0.34978784199959634,0.3665353277840426,,1.17
crisismmd,0,B,search,"{""alpha"": [0.15, 0.85], ""anfis"": ""pct"", ""cd"": 8, ""m"": 2.0, ""sd"": 1.5}",2.0,0.15,0.85,1.5,8,pct,0.37576039163728076,0.3171505995944891,0.319705790048313,,1.19
crisismmd,2,B,search,"{""alpha"": [0.15, 0.85], ""anfis"": ""pct"", ""cd"": 8, ""m"": 2.0, ""sd"": 1.5}",2.0,0.15,0.85,1.5,8,pct,0.44012158902894827,0.37879186084803984,0.351493424431719,,1.09
pheme,0,B,search,"{""alpha"": [0.15, 0.85], ""anfis"": ""pct"", ""cd"": 8, ""m"": 2.0, ""sd"": 1.5}",2.0,0.15,0.85,1.5,8,pct,0.6698796883468795,0.009892783598321464,0.14981381809306787,,2.06
dblp,0,B,search,"{""alpha"": [0.15, 0.85], ""anfis"": ""pct"", ""cd"": 8, ""m"": 2.0, ""sd"": 1.5}",2.0,0.15,0.85,1.5,8,pct,0.8384408678044366,0.4322209246829425,0.5832892206799976,,0.14
dblp,1,B,search,"{""alpha"": [0.15, 0.85], ""anfis"": ""pct"", ""cd"": 8, ""m"": 2.0, ""sd"": 1.5}",2.0,0.15,0.85,1.5,8,pct,0.8384408678044366,0.4322209246829425,0.5832892206799976,,0.11
pheme,1,B,search,"{""alpha"": [0.15, 0.85], ""anfis"": ""pct"", ""cd"": 8, ""m"": 2.0, ""sd"": 1.5}",2.0,0.15,0.85,1.5,8,pct,0.49142354971452645,0.017144624666478148,0.08431066860300307,,2.39
amazon,0,B,search,"{""alpha"": [0.15, 0.85], ""anfis"": ""pct"", ""cd"": 8, ""m"": 2.0, ""sd"": 1.5}",2.0,0.15,0.85,1.5,8,pct,0.7011406969099276,0.3147730018524644,0.7102281881586,,0.03
amazon,1,B,search,"{""alpha"": [0.15, 0.85], ""anfis"": ""pct"", ""cd"": 8, ""m"": 2.0, ""sd"": 1.5}",2.0,0.15,0.85,1.5,8,pct,0.7011406969099276,0.3147730018524644,0.7102281881586,,0.02
amazon,2,B,search,"{""alpha"": [0.15, 0.85], ""anfis"": ""pct"", ""cd"": 8, ""m"": 2.0, ""sd"": 1.5}",2.0,0.15,0.85,1.5,8,pct,0.6595364891518738,0.3192779188590933,0.6807336436809311,,0.02
dblp,2,B,search,"{""alpha"": [0.15, 0.85], ""anfis"": ""pct"", ""cd"": 8, ""m"": 2.0, ""sd"": 1.5}",2.0,0.15,0.85,1.5,8,pct,0.8340528700693108,0.48979095425976305,0.6496907957059725,,0.14
crisismmd,0,B,search,"{""alpha"": [0.15, 0.85], ""anfis"": ""shift+0.1"", ""cd"": 4, ""m"": 1.75, ""sd"": 2.0}",1.75,0.15,0.85,2.0,4,shift+0.1,0.03175800375202054,0.02996385605488605,0.1657578846942477,,0.89
pheme,2,B,search,"{""alpha"": [0.15, 0.85], ""anfis"": ""pct"", ""cd"": 8, ""m"": 2.0, ""sd"": 1.5}",2.0,0.15,0.85,1.5,8,pct,0.49263516362319915,0.014179355178402853,0.08808408851080068,,3.11
crisismmd,1,B,search,"{""alpha"": [0.15, 0.85], ""anfis"": ""shift+0.1"", ""cd"": 4, ""m"": 1.75, ""sd"": 2.0}",1.75,0.15,0.85,2.0,4,shift+0.1,0.047343540403461205,0.04581011038062366,0.23479133214925835,,1.2
fakeddit,1,B,search,"{""alpha"": [0.15, 0.85], ""anfis"": ""pct"", ""cd"": 8, ""m"": 2.0, ""sd"": 1.5}",2.0,0.15,0.85,1.5,8,pct,0.3810348625556973,0.34589096439872224,0.13833246118960404,,3.39
fakeddit,0,B,search,"{""alpha"": [0.15, 0.85], ""anfis"": ""pct"", ""cd"": 8, ""m"": 2.0, ""sd"": 1.5}",2.0,0.15,0.85,1.5,8,pct,0.38327836701954676,0.34860886559275106,0.13841098225701534,,3.89
crisismmd,2,B,search,"{""alpha"": [0.15, 0.85], ""anfis"": ""shift+0.1"", ""cd"": 4, ""m"": 1.75, ""sd"": 2.0}",1.75,0.15,0.85,2.0,4,shift+0.1,0.027223297687283182,0.005652699968418773,0.20743819161317148,,0.81
fakeddit,2,B,search,"{""alpha"": [0.15, 0.85], ""anfis"": ""pct"", ""cd"": 8, ""m"": 2.0, ""sd"": 1.5}",2.0,0.15,0.85,1.5,8,pct,0.3829819997588037,0.1958354805160839,0.14572618702653475,,3.66
pheme,2,B,search,"{""alpha"": [0.15, 0.85], ""anfis"": ""shift+0.1"", ""cd"": 4, ""m"": 1.75, ""sd"": 2.0}",1.75,0.15,0.85,2.0,4,shift+0.1,0.4801839977269515,0.018360344238268378,0.0927768618071948,,2.36
dblp,0,B,search,"{""alpha"": [0.15, 0.85], ""anfis"": ""shift+0.1"", ""cd"": 4, ""m"": 1.75, ""sd"": 2.0}",1.75,0.15,0.85,2.0,4,shift+0.1,0.8296652644522973,0.3011993763720129,0.47061625169776194,,0.2
fakeddit,2,B,search,"{""alpha"": [0.15, 0.85], ""anfis"": ""shift+0.1"", ""cd"": 4, ""m"": 1.75, ""sd"": 2.0}",1.75,0.15,0.85,2.0,4,shift+0.1,0.31427533807574887,0.1526505721505892,0.1689329886544741,,2.06
dblp,2,B,search,"{""alpha"": [0.15, 0.85], ""anfis"": ""shift+0.1"", ""cd"": 4, ""m"": 1.75, ""sd"": 2.0}",1.75,0.15,0.85,2.0,4,shift+0.1,0.796963463479949,0.28745130776395755,0.5000989176335243,,0.14
amazon,0,B,search,"{""alpha"": [0.15, 0.85], ""anfis"": ""shift+0.1"", ""cd"": 4, ""m"": 1.75, ""sd"": 2.0}",1.75,0.15,0.85,2.0,4,shift+0.1,0.6705391190006575,0.35633973853913015,0.6608702791461412,,0.03
dblp,1,B,search,"{""alpha"": [0.15, 0.85], ""anfis"": ""shift+0.1"", ""cd"": 4, ""m"": 1.75, ""sd"": 2.0}",1.75,0.15,0.85,2.0,4,shift+0.1,0.8021419713293694,0.31517858037689084,0.4833758984515382,,0.2
amazon,1,B,search,"{""alpha"": [0.15, 0.85], ""anfis"": ""shift+0.1"", ""cd"": 4, ""m"": 1.75, ""sd"": 2.0}",1.75,0.15,0.85,2.0,4,shift+0.1,0.6705391190006575,0.35633973853913015,0.6608702791461412,,0.02
amazon,2,B,search,"{""alpha"": [0.15, 0.85], ""anfis"": ""shift+0.1"", ""cd"": 4, ""m"": 1.75, ""sd"": 2.0}",1.75,0.15,0.85,2.0,4,shift+0.1,0.6705391190006575,0.35633973853913015,0.6608702791461412,,0.02
fakeddit,1,B,search,"{""alpha"": [0.15, 0.85], ""anfis"": ""shift+0.1"", ""cd"": 4, ""m"": 1.75, ""sd"": 2.0}",1.75,0.15,0.85,2.0,4,shift+0.1,0.31036536380142726,0.1702396488828719,0.16476892518051053,,2.45
pheme,0,B,search,"{""alpha"": [0.15, 0.85], ""anfis"": ""shift+0.1"", ""cd"": 4, ""m"": 1.75, ""sd"": 2.0}",1.75,0.15,0.85,2.0,4,shift+0.1,0.49634465244988535,0.015746151025617605,0.08050113008419751,,3.48
fakeddit,0,B,search,"{""alpha"": [0.15, 0.85], ""anfis"": ""shift+0.1"", ""cd"": 4, ""m"": 1.75, ""sd"": 2.0}",1.75,0.15,0.85,2.0,4,shift+0.1,0.3230559567443248,0.17828017603517976,0.16763085248495302,,2.77
crisismmd,0,B,search,"{""alpha"": [0.15, 0.85], ""anfis"": ""shift+0.1"", ""cd"": 8, ""m"": 2.0, ""sd"": 2.0}",2.0,0.15,0.85,2.0,8,shift+0.1,0.3976742258628356,0.2985281802049595,0.39228356153487093,,1.19
crisismmd,2,B,search,"{""alpha"": [0.15, 0.85], ""anfis"": ""shift+0.1"", ""cd"": 8, ""m"": 2.0, ""sd"": 2.0}",2.0,0.15,0.85,2.0,8,shift+0.1,0.43609292168739594,0.263018728746349,0.38942527058962534,,1.08
crisismmd,1,B,search,"{""alpha"": [0.15, 0.85], ""anfis"": ""shift+0.1"", ""cd"": 8, ""m"": 2.0, ""sd"": 2.0}",2.0,0.15,0.85,2.0,8,shift+0.1,0.4439068699646365,0.33266433950009167,0.39971265239308196,,1.52
pheme,0,B,search,"{""alpha"": [0.15, 0.85], ""anfis"": ""shift+0.1"", ""cd"": 8, ""m"": 2.0, ""sd"": 2.0}",2.0,0.15,0.85,2.0,8,shift+0.1,0.49634465244988535,0.015746151025617605,0.08050113008419751,,2.22
pheme,2,B,search,"{""alpha"": [0.15, 0.85], ""anfis"": ""shift+0.1"", ""cd"": 8, ""m"": 2.0, ""sd"": 2.0}",2.0,0.15,0.85,2.0,8,shift+0.1,0.5013898227972244,0.018781615142755448,0.1042025123115275,,1.81
pheme,1,B,search,"{""alpha"": [0.15, 0.85], ""anfis"": ""shift+0.1"", ""cd"": 8, ""m"": 2.0, ""sd"": 2.0}",2.0,0.15,0.85,2.0,8,shift+0.1,0.49358684039476214,0.013737338038925184,0.07826951276919274,,2.62
dblp,0,B,search,"{""alpha"": [0.15, 0.85], ""anfis"": ""shift+0.1"", ""cd"": 8, ""m"": 2.0, ""sd"": 2.0}",2.0,0.15,0.85,2.0,8,shift+0.1,0.822848552482918,0.31070344539295447,0.4830483761778263,,0.16
dblp,1,B,search,"{""alpha"": [0.15, 0.85], ""anfis"": ""shift+0.1"", ""cd"": 8, ""m"": 2.0, ""sd"": 2.0}",2.0,0.15,0.85,2.0,8,shift+0.1,0.7981702069703961,0.31361613668410226,0.4821637458764079,,0.08
amazon,0,B,search,"{""alpha"": [0.15, 0.85], ""anfis"": ""shift+0.1"", ""cd"": 8, ""m"": 2.0, ""sd"": 2.0}",2.0,0.15,0.85,2.0,8,shift+0.1,0.6705391190006575,0.3235798086658308,0.676912716598625,,0.02
amazon,1,B,search,"{""alpha"": [0.15, 0.85], ""anfis"": ""shift+0.1"", ""cd"": 8, ""m"": 2.0, ""sd"": 2.0}",2.0,0.15,0.85,2.0,8,shift+0.1,0.6705391190006575,0.3235798086658308,0.6769127165986248,,0.02
amazon,2,B,search,"{""alpha"": [0.15, 0.85], ""anfis"": ""shift+0.1"", ""cd"": 8, ""m"": 2.0, ""sd"": 2.0}",2.0,0.15,0.85,2.0,8,shift+0.1,0.6705391190006575,0.3235798086658308,0.676912716598625,,0.02
dblp,2,B,search,"{""alpha"": [0.15, 0.85], ""anfis"": ""shift+0.1"", ""cd"": 8, ""m"": 2.0, ""sd"": 2.0}",2.0,0.15,0.85,2.0,8,shift+0.1,0.8209861875087899,0.2830229907345788,0.5044683957640772,,0.14
crisismmd,1,B,search,"{""alpha"": [0.15, 0.85], ""anfis"": ""scale1.5"", ""cd"": 4, ""m"": 1.5, ""sd"": 1.5}",1.5,0.15,0.85,1.5,4,scale1.5,0.3463346090950749,0.44941690220464725,0.6210009002600803,,0.97
crisismmd,0,B,search,"{""alpha"": [0.15, 0.85], ""anfis"": ""scale1.5"", ""cd"": 4, ""m"": 1.5, ""sd"": 1.5}",1.5,0.15,0.85,1.5,4,scale1.5,0.3379398385621212,0.4393204196157955,0.6108847812854926,,1.11
fakeddit,0,B,search,"{""alpha"": [0.15, 0.85], ""anfis"": ""shift+0.1"", ""cd"": 8, ""m"": 2.0, ""sd"": 2.0}",2.0,0.15,0.85,2.0,8,shift+0.1,0.3686786267958265,0.31752573330763956,0.13676920403197776,,3.59
crisismmd,2,B,search,"{""alpha"": [0.15, 0.85], ""anfis"": ""scale1.5"", ""cd"": 4, ""m"": 1.5, ""sd"": 1.5}",1.5,0.15,0.85,1.5,4,scale1.5,0.4033655350875758,0.415323784284767,0.6597883152388164,,0.94
fakeddit,1,B,search,"{""alpha"": [0.15, 0.85], ""anfis"": ""shift+0.1"", ""cd"": 8, ""m"": 2.0, ""sd"": 2.0}",2.0,0.15,0.85,2.0,8,shift+0.1,0.36041712941037857,0.29965546095019313,0.13588156710924507,,3.78
fakeddit,2,B,search,"{""alpha"": [0.15, 0.85], ""anfis"": ""shift+0.1"", ""cd"": 8, ""m"": 2.0, ""sd"": 2.0}",2.0,0.15,0.85,2.0,8,shift+0.1,0.3661640105498782,0.30918879356546325,0.13642067656581444,,3.36
fakeddit,0,B,search,"{""alpha"": [0.15, 0.85], ""anfis"": ""scale1.5"", ""cd"": 4, ""m"": 1.5, ""sd"": 1.5}",1.5,0.15,0.85,1.5,4,scale1.5,0.20183873071270883,0.1510254830828932,0.25087968463004523,,2.52
fakeddit,1,B,search,"{""alpha"": [0.15, 0.85], ""anfis"": ""scale1.5"", ""cd"": 4, ""m"": 1.5, ""sd"": 1.5}",1.5,0.15,0.85,1.5,4,scale1.5,0.22478175160724256,0.20353526797875632,0.27107186656940485,,2.42
dblp,0,B,search,"{""alpha"": [0.15, 0.85], ""anfis"": ""scale1.5"", ""cd"": 4, ""m"": 1.5, ""sd"": 1.5}",1.5,0.15,0.85,1.5,4,scale1.5,0.8304631594577059,0.4851125789609554,0.6760871809498382,,0.09
dblp,1,B,search,"{""alpha"": [0.15, 0.85], ""anfis"": ""scale1.5"", ""cd"": 4, ""m"": 1.5, ""sd"": 1.5}",1.5,0.15,0.85,1.5,4,scale1.5,0.8371763522454513,0.4215862895439384,0.6056177253094378,,0.09
pheme,0,B,search,"{""alpha"": [0.15, 0.85], ""anfis"": ""scale1.5"", ""cd"": 4, ""m"": 1.5, ""sd"": 1.5}",1.5,0.15,0.85,1.5,4,scale1.5,0.8583960727953805,0.0209023872498717,0.2972313123127813,,4.34
amazon,0,B,search,"{""alpha"": [0.15, 0.85], ""anfis"": ""scale1.5"", ""cd"": 4, ""m"": 1.5, ""sd"": 1.5}",1.5,0.15,0.85,1.5,4,scale1.5,0.7031623931623932,0.3719518989225781,0.7030470750548914,,0.02
amazon,1,B,search,"{""alpha"": [0.15, 0.85], ""anfis"": ""scale1.5"", ""cd"": 4, ""m"": 1.5, ""sd"": 1.5}",1.5,0.15,0.85,1.5,4,scale1.5,0.7031623931623932,0.37049365199447815,0.6990889545237371,,0.02
amazon,2,B,search,"{""alpha"": [0.15, 0.85], ""anfis"": ""scale1.5"", ""cd"": 4, ""m"": 1.5, ""sd"": 1.5}",1.5,0.15,0.85,1.5,4,scale1.5,0.7031623931623932,0.3719518989225781,0.7030470750548914,,0.02
dblp,2,B,search,"{""alpha"": [0.15, 0.85], ""anfis"": ""scale1.5"", ""cd"": 4, ""m"": 1.5, ""sd"": 1.5}",1.5,0.15,0.85,1.5,4,scale1.5,0.8371763522454513,0.4215862895439384,0.6056177253094378,,0.12
crisismmd,0,B,search,"{""alpha"": [0.15, 0.85], ""anfis"": ""scale1.5"", ""cd"": 8, ""m"": 1.2, ""sd"": 1.0}",1.2,0.15,0.85,1.0,8,scale1.5,0.45286056111454615,0.7119980565013739,0.7477381473670052,,1.12
crisismmd,1,B,search,"{""alpha"": [0.15, 0.85], ""anfis"": ""scale1.5"", ""cd"": 8, ""m"": 1.2, ""sd"": 1.0}",1.2,0.15,0.85,1.0,8,scale1.5,0.36892576248139247,0.5638232668676787,0.6113638789616628,,1.31
fakeddit,2,B,search,"{""alpha"": [0.15, 0.85], ""anfis"": ""scale1.5"", ""cd"": 4, ""m"": 1.5, ""sd"": 1.5}",1.5,0.15,0.85,1.5,4,scale1.5,0.23030959585685545,0.15639198359861206,0.2574045349772107,,2.38
pheme,1,B,search,"{""alpha"": [0.15, 0.85], ""anfis"": ""shift+0.1"", ""cd"": 4, ""m"": 1.75, ""sd"": 2.0}",1.75,0.15,0.85,2.0,4,shift+0.1,0.5596344770469016,0.01505138449345722,0.09582421222618534,,13.08
pheme,1,B,search,"{""alpha"": [0.15, 0.85], ""anfis"": ""scale1.5"", ""cd"": 4, ""m"": 1.5, ""sd"": 1.5}",1.5,0.15,0.85,1.5,4,scale1.5,0.8570885683423711,0.02120052725675703,0.287505278935144,,5.84
crisismmd,2,B,search,"{""alpha"": [0.15, 0.85], ""anfis"": ""scale1.5"", ""cd"": 8, ""m"": 1.2, ""sd"": 1.0}",1.2,0.15,0.85,1.0,8,scale1.5,0.3775206391044619,0.5729188066301721,0.6269294685475894,,1.3
pheme,0,B,search,"{""alpha"": [0.15, 0.85], ""anfis"": ""scale1.5"", ""cd"": 8, ""m"": 1.2, ""sd"": 1.0}",1.2,0.15,0.85,1.0,8,scale1.5,0.8738967055254492,0.0,0.244892062802347,,2.59
pheme,2,B,search,"{""alpha"": [0.15, 0.85], ""anfis"": ""scale1.5"", ""cd"": 8, ""m"": 1.2, ""sd"": 1.0}",1.2,0.15,0.85,1.0,8,scale1.5,0.8793817921854222,0.012546497684847724,0.2494193273775462,,4.28
dblp,0,B,search,"{""alpha"": [0.15, 0.85], ""anfis"": ""scale1.5"", ""cd"": 8, ""m"": 1.2, ""sd"": 1.0}",1.2,0.15,0.85,1.0,8,scale1.5,0.8476222480497352,0.6747589549181847,0.7336848796640583,,0.11
dblp,1,B,search,"{""alpha"": [0.15, 0.85], ""anfis"": ""scale1.5"", ""cd"": 8, ""m"": 1.2, ""sd"": 1.0}",1.2,0.15,0.85,1.0,8,scale1.5,0.8476222480497352,0.6747589549181847,0.7336848796640583,,0.14
fakeddit,0,B,search,"{""alpha"": [0.15, 0.85], ""anfis"": ""scale1.5"", ""cd"": 8, ""m"": 1.2, ""sd"": 1.0}",1.2,0.15,0.85,1.0,8,scale1.5,0.2934616161731537,0.7019618021352714,0.711139523614009,,4.16
amazon,0,B,search,"{""alpha"": [0.15, 0.85], ""anfis"": ""scale1.5"", ""cd"": 8, ""m"": 1.2, ""sd"": 1.0}",1.2,0.15,0.85,1.0,8,scale1.5,0.7180900723208414,0.535887821000959,0.7513584402324021,,0.02
amazon,1,B,search,"{""alpha"": [0.15, 0.85], ""anfis"": ""scale1.5"", ""cd"": 8, ""m"": 1.2, ""sd"": 1.0}",1.2,0.15,0.85,1.0,8,scale1.5,0.7180900723208414,0.535887821000959,0.7513584402324021,,0.02
amazon,2,B,search,"{""alpha"": [0.15, 0.85], ""anfis"": ""scale1.5"", ""cd"": 8, ""m"": 1.2, ""sd"": 1.0}",1.2,0.15,0.85,1.0,8,scale1.5,0.7021729125575279,0.4745067193291904,0.7222430977112624,,0.02
dblp,2,B,search,"{""alpha"": [0.15, 0.85], ""anfis"": ""scale1.5"", ""cd"": 8, ""m"": 1.2, ""sd"": 1.0}",1.2,0.15,0.85,1.0,8,scale1.5,0.8316578779927107,0.580829091827785,0.6842486186638308,,0.12
fakeddit,1,B,search,"{""alpha"": [0.15, 0.85], ""anfis"": ""scale1.5"", ""cd"": 8, ""m"": 1.2, ""sd"": 1.0}",1.2,0.15,0.85,1.0,8,scale1.5,0.321805716587943,0.6798034726704778,0.707744866736762,,4.31
fakeddit,2,B,search,"{""alpha"": [0.15, 0.85], ""anfis"": ""scale1.5"", ""cd"": 8, ""m"": 1.2, ""sd"": 1.0}",1.2,0.15,0.85,1.0,8,scale1.5,0.26448756213384456,0.5664796567111359,0.5874753694197665,,4.12
pheme,1,B,search,"{""alpha"": [0.15, 0.85], ""anfis"": ""scale1.5"", ""cd"": 8, ""m"": 1.2, ""sd"": 1.0}",1.2,0.15,0.85,1.0,8,scale1.5,0.8584900455288305,0.01185108396776724,0.25245677131685296,,6.56
pheme,2,B,search,"{""alpha"": [0.15, 0.85], ""anfis"": ""scale1.5"", ""cd"": 4, ""m"": 1.5, ""sd"": 1.5}",1.5,0.15,0.85,1.5,4,scale1.5,0.810932613731349,0.0,0.22860684736010548,,12.95
crisismmd,0,B,search,"{""alpha"": [0.15, 0.85], ""anfis"": ""pct"", ""cd"": 32, ""m"": 1.75, ""sd"": 1.5}",1.75,0.15,0.85,1.5,32,pct,0.34242009384778993,0.2054804454601904,0.22193596963723689,,3.78
crisismmd,1,B,search,"{""alpha"": [0.15, 0.85], ""anfis"": ""pct"", ""cd"": 32, ""m"": 1.75, ""sd"": 1.5}",1.75,0.15,0.85,1.5,32,pct,0.34091222772884694,0.2088762388907417,0.21678551732495022,,4.02
crisismmd,2,B,search,"{""alpha"": [0.15, 0.85], ""anfis"": ""pct"", ""cd"": 32, ""m"": 1.75, ""sd"": 1.5}",1.75,0.15,0.85,1.5,32,pct,0.3393466057124745,0.20954928104031223,0.23287324862192116,,3.64
pheme,0,B,search,"{""alpha"": [0.15, 0.85], ""anfis"": ""pct"", ""cd"": 32, ""m"": 1.75, ""sd"": 1.5}",1.75,0.15,0.85,1.5,32,pct,0.5505945066224961,0.02187868767072121,0.10877351524226457,,4.88
dblp,0,B,search,"{""alpha"": [0.15, 0.85], ""anfis"": ""pct"", ""cd"": 32, ""m"": 1.75, ""sd"": 1.5}",1.75,0.15,0.85,1.5,32,pct,0.8305830168940167,0.4839522142158226,0.6778238194366842,,0.09
dblp,1,B,search,"{""alpha"": [0.15, 0.85], ""anfis"": ""pct"", ""cd"": 32, ""m"": 1.75, ""sd"": 1.5}",1.75,0.15,0.85,1.5,32,pct,0.8374802437824446,0.40294155931823095,0.6050428912480803,,0.12
dblp,2,B,search,"{""alpha"": [0.15, 0.85], ""anfis"": ""pct"", ""cd"": 32, ""m"": 1.75, ""sd"": 1.5}",1.75,0.15,0.85,1.5,32,pct,0.8320926716261765,0.49792585676348544,0.6513010274264571,,0.16
amazon,0,B,search,"{""alpha"": [0.15, 0.85], ""anfis"": ""pct"", ""cd"": 32, ""m"": 1.75, ""sd"": 1.5}",1.75,0.15,0.85,1.5,32,pct,0.7038724523339908,0.37195414604318566,0.7288910239611245,,0.02
amazon,1,B,search,"{""alpha"": [0.15, 0.85], ""anfis"": ""pct"", ""cd"": 32, ""m"": 1.75, ""sd"": 1.5}",1.75,0.15,0.85,1.5,32,pct,0.7038724523339908,0.37195414604318566,0.7288910239611245,,0.0
amazon,2,B,search,"{""alpha"": [0.15, 0.85], ""anfis"": ""pct"", ""cd"": 32, ""m"": 1.75, ""sd"": 1.5}",1.75,0.15,0.85,1.5,32,pct,0.7038724523339908,0.37195414604318566,0.7288910239611245,,0.02
crisismmd,0,B,search,"{""alpha"": [0.15, 0.85], ""anfis"": ""scale1.5"", ""cd"": 4, ""m"": 1.2, ""sd"": 0.5}",1.2,0.15,0.85,0.5,4,scale1.5,0.37663842352380755,0.49980406952866363,0.6062640838205295,,0.95
pheme,2,B,search,"{""alpha"": [0.15, 0.85], ""anfis"": ""pct"", ""cd"": 32, ""m"": 1.75, ""sd"": 1.5}",1.75,0.15,0.85,1.5,32,pct,0.6276123165945815,0.002915016254837699,0.12931418361807115,,4.86
crisismmd,1,B,search,"{""alpha"": [0.15, 0.85], ""anfis"": ""scale1.5"", ""cd"": 4, ""m"": 1.2, ""sd"": 0.5}",1.2,0.15,0.85,0.5,4,scale1.5,0.39221879331300086,0.5053428841712115,0.6117290185389296,,1.03
crisismmd,2,B,search,"{""alpha"": [0.15, 0.85], ""anfis"": ""scale1.5"", ""cd"": 4, ""m"": 1.2, ""sd"": 0.5}",1.2,0.15,0.85,0.5,4,scale1.5,0.4315480492459288,0.5407791770168968,0.6348446270786352,,1.19
pheme,1,B,search,"{""alpha"": [0.15, 0.85], ""anfis"": ""pct"", ""cd"": 32, ""m"": 1.75, ""sd"": 1.5}",1.75,0.15,0.85,1.5,32,pct,0.4951672640893452,0.014647820591344729,0.08641338651741842,,8.17
pheme,0,B,search,"{""alpha"": [0.15, 0.85], ""anfis"": ""scale1.5"", ""cd"": 4, ""m"": 1.2, ""sd"": 0.5}",1.2,0.15,0.85,0.5,4,scale1.5,0.8819180233211704,0.0,0.25707623794152945,,1.89
pheme,1,B,search,"{""alpha"": [0.15, 0.85], ""anfis"": ""scale1.5"", ""cd"": 4, ""m"": 1.2, ""sd"": 0.5}",1.2,0.15,0.85,0.5,4,scale1.5,0.8636417281423405,0.0,0.22806291743209206,,2.95
pheme,2,B,search,"{""alpha"": [0.15, 0.85], ""anfis"": ""scale1.5"", ""cd"": 4, ""m"": 1.2, ""sd"": 0.5}",1.2,0.15,0.85,0.5,4,scale1.5,0.8533041373671879,0.0,0.2470148022084969,,2.31
fakeddit,0,B,search,"{""alpha"": [0.15, 0.85], ""anfis"": ""scale1.5"", ""cd"": 4, ""m"": 1.2, ""sd"": 0.5}",1.2,0.15,0.85,0.5,4,scale1.5,0.24478494114263097,0.4178991908448739,0.5144681940368688,,2.64
dblp,0,B,search,"{""alpha"": [0.15, 0.85], ""anfis"": ""scale1.5"", ""cd"": 4, ""m"": 1.2, ""sd"": 0.5}",1.2,0.15,0.85,0.5,4,scale1.5,0.8278851135757042,0.5541876113189367,0.7073531466639909,,0.08
dblp,1,B,search,"{""alpha"": [0.15, 0.85], ""anfis"": ""scale1.5"", ""cd"": 4, ""m"": 1.2, ""sd"": 0.5}",1.2,0.15,0.85,0.5,4,scale1.5,0.8147450395751741,0.4435835825529204,0.6294513853583396,,0.09
dblp,2,B,search,"{""alpha"": [0.15, 0.85], ""anfis"": ""scale1.5"", ""cd"": 4, ""m"": 1.2, ""sd"": 0.5}",1.2,0.15,0.85,0.5,4,scale1.5,0.827936219636334,0.6163551555551635,0.7153598531485204,,0.08
amazon,0,B,search,"{""alpha"": [0.15, 0.85], ""anfis"": ""scale1.5"", ""cd"": 4, ""m"": 1.2, ""sd"": 0.5}",1.2,0.15,0.85,0.5,4,scale1.5,0.5643984220907298,0.640352703530582,0.6370431893687708,,0.03
amazon,1,B,search,"{""alpha"": [0.15, 0.85], ""anfis"": ""scale1.5"", ""cd"": 4, ""m"": 1.2, ""sd"": 0.5}",1.2,0.15,0.85,0.5,4,scale1.5,0.5643984220907298,0.640352703530582,0.6370431893687708,,0.02
amazon,2,B,search,"{""alpha"": [0.15, 0.85], ""anfis"": ""scale1.5"", ""cd"": 4, ""m"": 1.2, ""sd"": 0.5}",1.2,0.15,0.85,0.5,4,scale1.5,0.7179717291255754,0.647692800462395,0.8360464649674884,,0.03
fakeddit,2,B,search,"{""alpha"": [0.15, 0.85], ""anfis"": ""scale1.5"", ""cd"": 4, ""m"": 1.2, ""sd"": 0.5}",1.2,0.15,0.85,0.5,4,scale1.5,0.25521213484054533,0.4005003253819426,0.5236932273610431,,2.52
fakeddit,1,B,search,"{""alpha"": [0.15, 0.85], ""anfis"": ""scale1.5"", ""cd"": 4, ""m"": 1.2, ""sd"": 0.5}",1.2,0.15,0.85,0.5,4,scale1.5,0.24806883181469944,0.40274103674151496,0.460746329678987,,2.7
crisismmd,0,B,search,"{""alpha"": [0.15, 0.85], ""anfis"": ""pct"", ""cd"": 16, ""m"": 2.0, ""sd"": 2.0}",2.0,0.15,0.85,2.0,16,pct,0.415926658335816,0.37821776096333437,0.34190869860373496,,1.98
crisismmd,2,B,search,"{""alpha"": [0.15, 0.85], ""anfis"": ""pct"", ""cd"": 16, ""m"": 2.0, ""sd"": 2.0}",2.0,0.15,0.85,2.0,16,pct,0.47303604951167705,0.3181843908309252,0.378178836073824,,2.27
crisismmd,1,B,search,"{""alpha"": [0.15, 0.85], ""anfis"": ""pct"", ""cd"": 16, ""m"": 2.0, ""sd"": 2.0}",2.0,0.15,0.85,2.0,16,pct,0.39545760012176223,0.3399035116147351,0.3320821369571726,,2.42
fakeddit,1,B,search,"{""alpha"": [0.15, 0.85], ""anfis"": ""pct"", ""cd"": 32, ""m"": 1.75, ""sd"": 1.5}",1.75,0.15,0.85,1.5,32,pct,0.3887973946258393,0.3790282792746107,0.13963450314333298,,13.3
fakeddit,2,B,search,"{""alpha"": [0.15, 0.85], ""anfis"": ""pct"", ""cd"": 32, ""m"": 1.75, ""sd"": 1.5}",1.75,0.15,0.85,1.5,32,pct,0.3887973946258393,0.3790282792746107,0.13963450314333298,,13.31
pheme,0,B,search,"{""alpha"": [0.15, 0.85], ""anfis"": ""pct"", ""cd"": 16, ""m"": 2.0, ""sd"": 2.0}",2.0,0.15,0.85,2.0,16,pct,0.49634465244988535,0.015746151025617605,0.08050113008419751,,1.7
fakeddit,0,B,search,"{""alpha"": [0.15, 0.85], ""anfis"": ""pct"", ""cd"": 32, ""m"": 1.75, ""sd"": 1.5}",1.75,0.15,0.85,1.5,32,pct,0.3887973946258393,0.3790282792746107,0.13963450314333298,,13.95
dblp,0,B,search,"{""alpha"": [0.15, 0.85], ""anfis"": ""pct"", ""cd"": 16, ""m"": 2.0, ""sd"": 2.0}",2.0,0.15,0.85,2.0,16,pct,0.822848552482918,0.31070344539295447,0.4830483761778263,,0.09
dblp,1,B,search,"{""alpha"": [0.15, 0.85], ""anfis"": ""pct"", ""cd"": 16, ""m"": 2.0, ""sd"": 2.0}",2.0,0.15,0.85,2.0,16,pct,0.7981702069703961,0.31361613668410226,0.4821637458764079,,0.09
dblp,2,B,search,"{""alpha"": [0.15, 0.85], ""anfis"": ""pct"", ""cd"": 16, ""m"": 2.0, ""sd"": 2.0}",2.0,0.15,0.85,2.0,16,pct,0.8209861875087899,0.2830229907345788,0.5044683957640772,,0.14
amazon,0,B,search,"{""alpha"": [0.15, 0.85], ""anfis"": ""pct"", ""cd"": 16, ""m"": 2.0, ""sd"": 2.0}",2.0,0.15,0.85,2.0,16,pct,0.6705391190006575,0.3235798086658308,0.676912716598625,,0.03
amazon,1,B,search,"{""alpha"": [0.15, 0.85], ""anfis"": ""pct"", ""cd"": 16, ""m"": 2.0, ""sd"": 2.0}",2.0,0.15,0.85,2.0,16,pct,0.6705391190006575,0.3235798086658308,0.6769127165986248,,0.02
amazon,2,B,search,"{""alpha"": [0.15, 0.85], ""anfis"": ""pct"", ""cd"": 16, ""m"": 2.0, ""sd"": 2.0}",2.0,0.15,0.85,2.0,16,pct,0.6705391190006575,0.3235798086658308,0.676912716598625,,0.03
pheme,2,B,search,"{""alpha"": [0.15, 0.85], ""anfis"": ""pct"", ""cd"": 16, ""m"": 2.0, ""sd"": 2.0}",2.0,0.15,0.85,2.0,16,pct,0.5013898227972244,0.018781615142755448,0.1042025123115275,,1.75
crisismmd,0,B,search,"{""alpha"": [0.15, 0.85], ""anfis"": ""pct"", ""cd"": 4, ""m"": 2.0, ""sd"": 0.5}",2.0,0.15,0.85,0.5,4,pct,0.5205525856673082,0.5455151429706506,0.705206971029636,,1.02
pheme,1,B,search,"{""alpha"": [0.15, 0.85], ""anfis"": ""pct"", ""cd"": 16, ""m"": 2.0, ""sd"": 2.0}",2.0,0.15,0.85,2.0,16,pct,0.49358684039476214,0.013737338038925184,0.07826951276919274,,2.55
crisismmd,1,B,search,"{""alpha"": [0.15, 0.85], ""anfis"": ""pct"", ""cd"": 4, ""m"": 2.0, ""sd"": 0.5}",2.0,0.15,0.85,0.5,4,pct,0.5281843549837691,0.5862907361860351,0.6559219271653618,,0.98
crisismmd,2,B,search,"{""alpha"": [0.15, 0.85], ""anfis"": ""pct"", ""cd"": 4, ""m"": 2.0, ""sd"": 0.5}",2.0,0.15,0.85,0.5,4,pct,0.523597164476203,0.5715147409740072,0.7182822286889675,,0.92
pheme,2,B,search,"{""alpha"": [0.15, 0.85], ""anfis"": ""pct"", ""cd"": 4, ""m"": 2.0, ""sd"": 0.5}",2.0,0.15,0.85,0.5,4,pct,0.8797517821626475,0.0,0.24977961829300493,,3.42
pheme,0,B,search,"{""alpha"": [0.15, 0.85], ""anfis"": ""pct"", ""cd"": 4, ""m"": 2.0, ""sd"": 0.5}",2.0,0.15,0.85,0.5,4,pct,0.8830514495552302,0.0,0.25069045718588434,,4.38
fakeddit,0,B,search,"{""alpha"": [0.15, 0.85], ""anfis"": ""pct"", ""cd"": 16, ""m"": 2.0, ""sd"": 2.0}",2.0,0.15,0.85,2.0,16,pct,0.38854838815611126,0.38272704051420103,0.13971915747241725,,7.12
fakeddit,1,B,search,"{""alpha"": [0.15, 0.85], ""anfis"": ""pct"", ""cd"": 16, ""m"": 2.0, ""sd"": 2.0}",2.0,0.15,0.85,2.0,16,pct,0.3885249960215215,0.3790282792746107,0.13963450314333298,,7.03
dblp,0,B,search,"{""alpha"": [0.15, 0.85], ""anfis"": ""pct"", ""cd"": 4, ""m"": 2.0, ""sd"": 0.5}",2.0,0.15,0.85,0.5,4,pct,0.8278851135757042,0.5504912577021244,0.6983811826094983,,0.11
dblp,1,B,search,"{""alpha"": [0.15, 0.85], ""anfis"": ""pct"", ""cd"": 4, ""m"": 2.0, ""sd"": 0.5}",2.0,0.15,0.85,0.5,4,pct,0.8147450395751741,0.48114215212799616,0.6505384032756147,,0.08
fakeddit,2,B,search,"{""alpha"": [0.15, 0.85], ""anfis"": ""pct"", ""cd"": 16, ""m"": 2.0, ""sd"": 2.0}",2.0,0.15,0.85,2.0,16,pct,0.3885249960215215,0.3790282792746107,0.13963450314333298,,7.14
amazon,0,B,search,"{""alpha"": [0.15, 0.85], ""anfis"": ""pct"", ""cd"": 4, ""m"": 2.0, ""sd"": 0.5}",2.0,0.15,0.85,0.5,4,pct,0.5604700854700855,0.6150735906567179,0.6268996960486323,,0.02
amazon,1,B,search,"{""alpha"": [0.15, 0.85], ""anfis"": ""pct"", ""cd"": 4, ""m"": 2.0, ""sd"": 0.5}",2.0,0.15,0.85,0.5,4,pct,0.5604700854700855,0.6150735906567179,0.6268996960486323,,0.02
amazon,2,B,search,"{""alpha"": [0.15, 0.85], ""anfis"": ""pct"", ""cd"": 4, ""m"": 2.0, ""sd"": 0.5}",2.0,0.15,0.85,0.5,4,pct,0.7179717291255754,0.6336435318935119,0.838368072701049,,0.02
dblp,2,B,search,"{""alpha"": [0.15, 0.85], ""anfis"": ""pct"", ""cd"": 4, ""m"": 2.0, ""sd"": 0.5}",2.0,0.15,0.85,0.5,4,pct,0.827936219636334,0.6082793861738566,0.7026372890578522,,0.14
fakeddit,0,B,search,"{""alpha"": [0.15, 0.85], ""anfis"": ""pct"", ""cd"": 4, ""m"": 2.0, ""sd"": 0.5}",2.0,0.15,0.85,0.5,4,pct,0.3189759881585855,0.43657339398444395,0.292167945724782,,2.19
fakeddit,1,B,search,"{""alpha"": [0.15, 0.85], ""anfis"": ""pct"", ""cd"": 4, ""m"": 2.0, ""sd"": 0.5}",2.0,0.15,0.85,0.5,4,pct,0.3182875064195388,0.39631369523338034,0.29269156093299503,,1.86
fakeddit,2,B,search,"{""alpha"": [0.15, 0.85], ""anfis"": ""pct"", ""cd"": 4, ""m"": 2.0, ""sd"": 0.5}",2.0,0.15,0.85,0.5,4,pct,0.3012261262546764,0.3012937556939137,0.32083489745059557,,2.25
crisismmd,1,B,search,"{""alpha"": [0.15, 0.85], ""anfis"": ""pct"", ""cd"": 32, ""m"": 1.2, ""sd"": 2.0}",1.2,0.15,0.85,2.0,32,pct,0.503531811826977,0.5842102266053619,0.6948929553897621,,4.16
pheme,0,B,search,"{""alpha"": [0.15, 0.85], ""anfis"": ""pct"", ""cd"": 32, ""m"": 1.2, ""sd"": 2.0}",1.2,0.15,0.85,2.0,32,pct,0.8699499982444654,0.01398898655495473,0.2443906276835264,,3.16
crisismmd,0,B,search,"{""alpha"": [0.15, 0.85], ""anfis"": ""pct"", ""cd"": 32, ""m"": 1.2, ""sd"": 2.0}",1.2,0.15,0.85,2.0,32,pct,0.4482857334231266,0.6315963785747827,0.6530633007490171,,4.53
crisismmd,2,B,search,"{""alpha"": [0.15, 0.85], ""anfis"": ""pct"", ""cd"": 32, ""m"": 1.2, ""sd"": 2.0}",1.2,0.15,0.85,2.0,32,pct,0.4519849976075545,0.6382030024293646,0.6560299321391698,,3.8
pheme,1,B,search,"{""alpha"": [0.15, 0.85], ""anfis"": ""pct"", ""cd"": 32, ""m"": 1.2, ""sd"": 2.0}",1.2,0.15,0.85,2.0,32,pct,0.8668904997844675,0.01531787138624785,0.24412471835845015,,3.88
dblp,0,B,search,"{""alpha"": [0.15, 0.85], ""anfis"": ""pct"", ""cd"": 32, ""m"": 1.2, ""sd"": 2.0}",1.2,0.15,0.85,2.0,32,pct,0.8424452433197451,0.28594871215023077,0.5031241809591468,,0.14
dblp,1,B,search,"{""alpha"": [0.15, 0.85], ""anfis"": ""pct"", ""cd"": 32, ""m"": 1.2, ""sd"": 2.0}",1.2,0.15,0.85,2.0,32,pct,0.8031812150328673,0.3179208162649827,0.4844518678399843,,0.17
dblp,2,B,search,"{""alpha"": [0.15, 0.85], ""anfis"": ""pct"", ""cd"": 32, ""m"": 1.2, ""sd"": 2.0}",1.2,0.15,0.85,2.0,32,pct,0.8443658378335421,0.29160280391025484,0.5325336938321648,,0.17
amazon,0,B,search,"{""alpha"": [0.15, 0.85], ""anfis"": ""pct"", ""cd"": 32, ""m"": 1.2, ""sd"": 2.0}",1.2,0.15,0.85,2.0,32,pct,0.6800756081525312,0.36823858819261024,0.6428420434079185,,0.02
amazon,1,B,search,"{""alpha"": [0.15, 0.85], ""anfis"": ""pct"", ""cd"": 32, ""m"": 1.2, ""sd"": 2.0}",1.2,0.15,0.85,2.0,32,pct,0.6800756081525312,0.36823858819261024,0.6428420434079185,,0.02
amazon,2,B,search,"{""alpha"": [0.15, 0.85], ""anfis"": ""pct"", ""cd"": 32, ""m"": 1.2, ""sd"": 2.0}",1.2,0.15,0.85,2.0,32,pct,0.6800756081525312,0.36823858819261024,0.6428420434079185,,0.02
pheme,1,B,search,"{""alpha"": [0.15, 0.85], ""anfis"": ""pct"", ""cd"": 4, ""m"": 2.0, ""sd"": 0.5}",2.0,0.15,0.85,0.5,4,pct,0.870832633824106,0.0,0.228561526310893,,12.42
crisismmd,0,B,search,"{""alpha"": [0.15, 0.85], ""anfis"": ""pct"", ""cd"": 16, ""m"": 1.3, ""sd"": 0.5}",1.3,0.15,0.85,0.5,16,pct,0.3811991103290764,0.6751805041103902,0.6557971977209559,,2.16
crisismmd,1,B,search,"{""alpha"": [0.15, 0.85], ""anfis"": ""pct"", ""cd"": 16, ""m"": 1.3, ""sd"": 0.5}",1.3,0.15,0.85,0.5,16,pct,0.37125905053320973,0.6746698538169003,0.6559744860608904,,2.03
crisismmd,2,B,search,"{""alpha"": [0.15, 0.85], ""anfis"": ""pct"", ""cd"": 16, ""m"": 1.3, ""sd"": 0.5}",1.3,0.15,0.85,0.5,16,pct,0.376963956763864,0.6764982591321619,0.6571099390336971,,1.98
pheme,0,B,search,"{""alpha"": [0.15, 0.85], ""anfis"": ""pct"", ""cd"": 16, ""m"": 1.3, ""sd"": 0.5}",1.3,0.15,0.85,0.5,16,pct,0.8815315106655364,0.0,0.25586186564937824,,1.22
pheme,2,B,search,"{""alpha"": [0.15, 0.85], ""anfis"": ""pct"", ""cd"": 16, ""m"": 1.3, ""sd"": 0.5}",1.3,0.15,0.85,0.5,16,pct,0.8601871606396755,0.0,0.2727397976235848,,3.31
pheme,2,B,search,"{""alpha"": [0.15, 0.85], ""anfis"": ""pct"", ""cd"": 32, ""m"": 1.2, ""sd"": 2.0}",1.2,0.15,0.85,2.0,32,pct,0.8683090897449931,0.012057574432937979,0.256682998527171,,10.11
pheme,1,B,search,"{""alpha"": [0.15, 0.85], ""anfis"": ""pct"", ""cd"": 16, ""m"": 1.3, ""sd"": 0.5}",1.3,0.15,0.85,0.5,16,pct,0.8707103364990981,0.0,0.2278641908913896,,5.45
fakeddit,1,B,search,"{""alpha"": [0.15, 0.85], ""anfis"": ""pct"", ""cd"": 32, ""m"": 1.2, ""sd"": 2.0}",1.2,0.15,0.85,2.0,32,pct,0.32430629245681186,0.4965805045242484,0.4727034021732188,,14.31
dblp,0,B,search,"{""alpha"": [0.15, 0.85], ""anfis"": ""pct"", ""cd"": 16, ""m"": 1.3, ""sd"": 0.5}",1.3,0.15,0.85,0.5,16,pct,0.8278851135757042,0.5563181703972224,0.7089501506680773,,0.11
fakeddit,0,B,search,"{""alpha"": [0.15, 0.85], ""anfis"": ""pct"", ""cd"": 32, ""m"": 1.2, ""sd"": 2.0}",1.2,0.15,0.85,2.0,32,pct,0.3435661765303108,0.525987120178592,0.412809099934086,,14.66
dblp,1,B,search,"{""alpha"": [0.15, 0.85], ""anfis"": ""pct"", ""cd"": 16, ""m"": 1.3, ""sd"": 0.5}",1.3,0.15,0.85,0.5,16,pct,0.8147450395751741,0.44253412072813647,0.628458043433941,,0.12
amazon,0,B,search,"{""alpha"": [0.15, 0.85], ""anfis"": ""pct"", ""cd"": 16, ""m"": 1.3, ""sd"": 0.5}",1.3,0.15,0.85,0.5,16,pct,0.5643984220907298,0.640352703530582,0.6370431893687708,,0.03
fakeddit,2,B,search,"{""alpha"": [0.15, 0.85], ""anfis"": ""pct"", ""cd"": 32, ""m"": 1.2, ""sd"": 2.0}",1.2,0.15,0.85,2.0,32,pct,0.33888923710241503,0.5173015406284757,0.4212049129494216,,14.47
amazon,2,B,search,"{""alpha"": [0.15, 0.85], ""anfis"": ""pct"", ""cd"": 16, ""m"": 1.3, ""sd"": 0.5}",1.3,0.15,0.85,0.5,16,pct,0.7179717291255754,0.647692800462395,0.8360464649674884,,0.02
amazon,1,B,search,"{""alpha"": [0.15, 0.85], ""anfis"": ""pct"", ""cd"": 16, ""m"": 1.3, ""sd"": 0.5}",1.3,0.15,0.85,0.5,16,pct,0.5643984220907298,0.640352703530582,0.6370431893687708,,0.03
dblp,2,B,search,"{""alpha"": [0.15, 0.85], ""anfis"": ""pct"", ""cd"": 16, ""m"": 1.3, ""sd"": 0.5}",1.3,0.15,0.85,0.5,16,pct,0.827936219636334,0.6161877847100949,0.7156264691785771,,0.22
crisismmd,1,B,search,"{""alpha"": [0.15, 0.85], ""anfis"": ""scale1.5"", ""cd"": 8, ""m"": 1.3, ""sd"": 2.0}",1.3,0.15,0.85,2.0,8,scale1.5,0.4769732194626622,0.595382071865493,0.707401772145552,,1.27
crisismmd,2,B,search,"{""alpha"": [0.15, 0.85], ""anfis"": ""scale1.5"", ""cd"": 8, ""m"": 1.3, ""sd"": 2.0}",1.3,0.15,0.85,2.0,8,scale1.5,0.49399303105334413,0.6140084666058762,0.7165182880732258,,1.36
fakeddit,0,B,search,"{""alpha"": [0.15, 0.85], ""anfis"": ""pct"", ""cd"": 16, ""m"": 1.3, ""sd"": 0.5}",1.3,0.15,0.85,0.5,16,pct,0.2828629120069502,0.6116639856308153,0.5597771338803996,,6.48
crisismmd,0,B,search,"{""alpha"": [0.15, 0.85], ""anfis"": ""scale1.5"", ""cd"": 8, ""m"": 1.3, ""sd"": 2.0}",1.3,0.15,0.85,2.0,8,scale1.5,0.4922451673207802,0.5312466355636232,0.6426968506822869,,1.55
fakeddit,1,B,search,"{""alpha"": [0.15, 0.85], ""anfis"": ""pct"", ""cd"": 16, ""m"": 1.3, ""sd"": 0.5}",1.3,0.15,0.85,0.5,16,pct,0.3642664828914661,0.5940654587866221,0.5964797278977729,,6.91
fakeddit,2,B,search,"{""alpha"": [0.15, 0.85], ""anfis"": ""pct"", ""cd"": 16, ""m"": 1.3, ""sd"": 0.5}",1.3,0.15,0.85,0.5,16,pct,0.2933047289741866,0.6329381204142956,0.5864722860415703,,6.66
fakeddit,0,B,search,"{""alpha"": [0.15, 0.85], ""anfis"": ""scale1.5"", ""cd"": 8, ""m"": 1.3, ""sd"": 2.0}",1.3,0.15,0.85,2.0,8,scale1.5,0.2699799837352042,0.3590619885154587,0.3075918498424735,,3.75
dblp,0,B,search,"{""alpha"": [0.15, 0.85], ""anfis"": ""scale1.5"", ""cd"": 8, ""m"": 1.3, ""sd"": 2.0}",1.3,0.15,0.85,2.0,8,scale1.5,0.8082237232503559,0.37834245108425135,0.48119098024070656,,0.2
pheme,0,B,search,"{""alpha"": [0.15, 0.85], ""anfis"": ""scale1.5"", ""cd"": 8, ""m"": 1.3, ""sd"": 2.0}",1.3,0.15,0.85,2.0,8,scale1.5,0.8716605380315176,0.014640460157382629,0.24594719271036672,,4.3
dblp,1,B,search,"{""alpha"": [0.15, 0.85], ""anfis"": ""scale1.5"", ""cd"": 8, ""m"": 1.3, ""sd"": 2.0}",1.3,0.15,0.85,2.0,8,scale1.5,0.8024853360896622,0.3698444436306796,0.5275922105187902,,0.11
amazon,0,B,search,"{""alpha"": [0.15, 0.85], ""anfis"": ""scale1.5"", ""cd"": 8, ""m"": 1.3, ""sd"": 2.0}",1.3,0.15,0.85,2.0,8,scale1.5,0.6800756081525312,0.3697594948122036,0.6472139660159615,,0.03
amazon,1,B,search,"{""alpha"": [0.15, 0.85], ""anfis"": ""scale1.5"", ""cd"": 8, ""m"": 1.3, ""sd"": 2.0}",1.3,0.15,0.85,2.0,8,scale1.5,0.6800756081525312,0.3697594948122036,0.6472139660159615,,0.03
amazon,2,B,search,"{""alpha"": [0.15, 0.85], ""anfis"": ""scale1.5"", ""cd"": 8, ""m"": 1.3, ""sd"": 2.0}",1.3,0.15,0.85,2.0,8,scale1.5,0.6800756081525312,0.3697594948122036,0.6472139660159615,,0.02
dblp,2,B,search,"{""alpha"": [0.15, 0.85], ""anfis"": ""scale1.5"", ""cd"": 8, ""m"": 1.3, ""sd"": 2.0}",1.3,0.15,0.85,2.0,8,scale1.5,0.7961125018233491,0.32084620665500285,0.4977990427779154,,0.19
fakeddit,1,B,search,"{""alpha"": [0.15, 0.85], ""anfis"": ""scale1.5"", ""cd"": 8, ""m"": 1.3, ""sd"": 2.0}",1.3,0.15,0.85,2.0,8,scale1.5,0.24655279916608314,0.23449971644745338,0.3084285080645549,,4.05
crisismmd,0,B,search,"{""alpha"": [0.15, 0.85], ""anfis"": ""shift-0.1"", ""cd"": 8, ""m"": 1.3, ""sd"": 1.0}",1.3,0.15,0.85,1.0,8,shift-0.1,0.3726207592978104,0.5792593626949163,0.6464363533907143,,1.38
crisismmd,2,B,search,"{""alpha"": [0.15, 0.85], ""anfis"": ""shift-0.1"", ""cd"": 8, ""m"": 1.3, ""sd"": 1.0}",1.3,0.15,0.85,1.0,8,shift-0.1,0.3696592686542867,0.6071424010045974,0.6582488471719788,,1.09
fakeddit,2,B,search,"{""alpha"": [0.15, 0.85], ""anfis"": ""scale1.5"", ""cd"": 8, ""m"": 1.3, ""sd"": 2.0}",1.3,0.15,0.85,2.0,8,scale1.5,0.28703559549650703,0.4313220692383871,0.2886011001083456,,3.84
crisismmd,1,B,search,"{""alpha"": [0.15, 0.85], ""anfis"": ""shift-0.1"", ""cd"": 8, ""m"": 1.3, ""sd"": 1.0}",1.3,0.15,0.85,1.0,8,shift-0.1,0.35806656600419684,0.5731054611407803,0.6418212125587475,,1.52
pheme,0,B,search,"{""alpha"": [0.15, 0.85], ""anfis"": ""shift-0.1"", ""cd"": 8, ""m"": 1.3, ""sd"": 1.0}",1.3,0.15,0.85,1.0,8,shift-0.1,0.8755172557247393,0.012568242658416051,0.24406164370913722,,3.25
pheme,2,B,search,"{""alpha"": [0.15, 0.85], ""anfis"": ""shift-0.1"", ""cd"": 8, ""m"": 1.3, ""sd"": 1.0}",1.3,0.15,0.85,1.0,8,shift-0.1,0.8742463372024922,0.012861962632682689,0.24744118342268973,,3.5
fakeddit,0,B,search,"{""alpha"": [0.15, 0.85], ""anfis"": ""shift-0.1"", ""cd"": 8, ""m"": 1.3, ""sd"": 1.0}",1.3,0.15,0.85,1.0,8,shift-0.1,0.26410232769512604,0.38576998184915967,0.3995584235476218,,3.81
pheme,1,B,search,"{""alpha"": [0.15, 0.85], ""anfis"": ""scale1.5"", ""cd"": 8, ""m"": 1.3, ""sd"": 2.0}",1.3,0.15,0.85,2.0,8,scale1.5,0.8623337811175881,0.019089593726778986,0.23754277745248611,,9.75
dblp,0,B,search,"{""alpha"": [0.15, 0.85], ""anfis"": ""shift-0.1"", ""cd"": 8, ""m"": 1.3, ""sd"": 1.0}",1.3,0.15,0.85,1.0,8,shift-0.1,0.8476222480497352,0.6806414427965821,0.7359689186931792,,0.08
dblp,1,B,search,"{""alpha"": [0.15, 0.85], ""anfis"": ""shift-0.1"", ""cd"": 8, ""m"": 1.3, ""sd"": 1.0}",1.3,0.15,0.85,1.0,8,shift-0.1,0.8476222480497352,0.6806414427965821,0.7359689186931792,,0.09
amazon,0,B,search,"{""alpha"": [0.15, 0.85], ""anfis"": ""shift-0.1"", ""cd"": 8, ""m"": 1.3, ""sd"": 1.0}",1.3,0.15,0.85,1.0,8,shift-0.1,0.7180900723208414,0.535887821000959,0.7513584402324021,,0.02
dblp,2,B,search,"{""alpha"": [0.15, 0.85], ""anfis"": ""shift-0.1"", ""cd"": 8, ""m"": 1.3, ""sd"": 1.0}",1.3,0.15,0.85,1.0,8,shift-0.1,0.8316633676462822,0.5757795830174375,0.6790553692828267,,0.11
amazon,1,B,search,"{""alpha"": [0.15, 0.85], ""anfis"": ""shift-0.1"", ""cd"": 8, ""m"": 1.3, ""sd"": 1.0}",1.3,0.15,0.85,1.0,8,shift-0.1,0.7180900723208414,0.535887821000959,0.7513584402324021,,0.02
amazon,2,B,search,"{""alpha"": [0.15, 0.85], ""anfis"": ""shift-0.1"", ""cd"": 8, ""m"": 1.3, ""sd"": 1.0}",1.3,0.15,0.85,1.0,8,shift-0.1,0.7021729125575279,0.4745067193291904,0.7222430977112624,,0.03
pheme,1,B,search,"{""alpha"": [0.15, 0.85], ""anfis"": ""shift-0.1"", ""cd"": 8, ""m"": 1.3, ""sd"": 1.0}",1.3,0.15,0.85,1.0,8,shift-0.1,0.8726653234122518,0.0,0.2385064995353861,,5.14
crisismmd,0,B,search,"{""alpha"": [0.15, 0.85], ""anfis"": ""pct"", ""cd"": 4, ""m"": 2.0, ""sd"": 2.0}",2.0,0.15,0.85,2.0,4,pct,0.292844197013336,0.23395086730115022,0.3867128840255911,,1.08
crisismmd,1,B,search,"{""alpha"": [0.15, 0.85], ""anfis"": ""pct"", ""cd"": 4, ""m"": 2.0, ""sd"": 2.0}",2.0,0.15,0.85,2.0,4,pct,0.22926890656350898,0.12839799955927855,0.34719439924645945,,1.09
crisismmd,2,B,search,"{""alpha"": [0.15, 0.85], ""anfis"": ""pct"", ""cd"": 4, ""m"": 2.0, ""sd"": 2.0}",2.0,0.15,0.85,2.0,4,pct,0.2916766744116607,0.2399610365004773,0.3919742231924137,,0.95
fakeddit,1,B,search,"{""alpha"": [0.15, 0.85], ""anfis"": ""shift-0.1"", ""cd"": 8, ""m"": 1.3, ""sd"": 1.0}",1.3,0.15,0.85,1.0,8,shift-0.1,0.26488043469058403,0.3401405377989184,0.4136969960882825,,3.8
fakeddit,2,B,search,"{""alpha"": [0.15, 0.85], ""anfis"": ""shift-0.1"", ""cd"": 8, ""m"": 1.3, ""sd"": 1.0}",1.3,0.15,0.85,1.0,8,shift-0.1,0.2522628370565634,0.34742908598831346,0.4492948732240668,,3.39
pheme,0,B,search,"{""alpha"": [0.15, 0.85], ""anfis"": ""pct"", ""cd"": 4, ""m"": 2.0, ""sd"": 2.0}",2.0,0.15,0.85,2.0,4,pct,0.49634465244988535,0.015746151025617605,0.08050113008419751,,2.11
pheme,2,B,search,"{""alpha"": [0.15, 0.85], ""anfis"": ""pct"", ""cd"": 4, ""m"": 2.0, ""sd"": 2.0}",2.0,0.15,0.85,2.0,4,pct,0.5013898227972244,0.018781615142755448,0.1042025123115275,,1.75
dblp,0,B,search,"{""alpha"": [0.15, 0.85], ""anfis"": ""pct"", ""cd"": 4, ""m"": 2.0, ""sd"": 2.0}",2.0,0.15,0.85,2.0,4,pct,0.822848552482918,0.31070344539295447,0.4830483761778263,,0.11
pheme,1,B,search,"{""alpha"": [0.15, 0.85], ""anfis"": ""pct"", ""cd"": 4, ""m"": 2.0, ""sd"": 2.0}",2.0,0.15,0.85,2.0,4,pct,0.49358684039476214,0.013737338038925184,0.07826951276919274,,2.77
pheme,2,B,search,"{""alpha"": [0.15, 0.85], ""anfis"": ""scale1.5"", ""cd"": 8, ""m"": 1.3, ""sd"": 2.0}",1.3,0.15,0.85,2.0,8,scale1.5,0.8509011203261104,0.009935265187873799,0.24105483654645335,,13.73
amazon,0,B,search,"{""alpha"": [0.15, 0.85], ""anfis"": ""pct"", ""cd"": 4, ""m"": 2.0, ""sd"": 2.0}",2.0,0.15,0.85,2.0,4,pct,0.6705391190006575,0.3235798086658308,0.676912716598625,,0.02
amazon,1,B,search,"{""alpha"": [0.15, 0.85], ""anfis"": ""pct"", ""cd"": 4, ""m"": 2.0, ""sd"": 2.0}",2.0,0.15,0.85,2.0,4,pct,0.6705391190006575,0.3235798086658308,0.6769127165986248,,0.02
dblp,2,B,search,"{""alpha"": [0.15, 0.85], ""anfis"": ""pct"", ""cd"": 4, ""m"": 2.0, ""sd"": 2.0}",2.0,0.15,0.85,2.0,4,pct,0.8209861875087899,0.2830229907345788,0.5044683957640772,,0.08
amazon,2,B,search,"{""alpha"": [0.15, 0.85], ""anfis"": ""pct"", ""cd"": 4, ""m"": 2.0, ""sd"": 2.0}",2.0,0.15,0.85,2.0,4,pct,0.6705391190006575,0.3235798086658308,0.676912716598625,,0.0
dblp,1,B,search,"{""alpha"": [0.15, 0.85], ""anfis"": ""pct"", ""cd"": 4, ""m"": 2.0, ""sd"": 2.0}",2.0,0.15,0.85,2.0,4,pct,0.7981702069703961,0.31361613668410226,0.4821637458764079,,0.14
crisismmd,0,B,search,"{""alpha"": [0.15, 0.85], ""anfis"": ""scale0.6"", ""cd"": 8, ""m"": 2.0, ""sd"": 1.0}",2.0,0.15,0.85,1.0,8,scale0.6,0.42776203616376834,0.26687301562885857,0.4171213200644298,,1.17
fakeddit,1,B,search,"{""alpha"": [0.15, 0.85], ""anfis"": ""pct"", ""cd"": 4, ""m"": 2.0, ""sd"": 2.0}",2.0,0.15,0.85,2.0,4,pct,0.32324286448638934,0.15895138628421446,0.13949924605716807,,2.28
crisismmd,2,B,search,"{""alpha"": [0.15, 0.85], ""anfis"": ""scale0.6"", ""cd"": 8, ""m"": 2.0, ""sd"": 1.0}",2.0,0.15,0.85,1.0,8,scale0.6,0.41260313172097385,0.2811848989562009,0.3615479246072054,,1.2
fakeddit,2,B,search,"{""alpha"": [0.15, 0.85], ""anfis"": ""pct"", ""cd"": 4, ""m"": 2.0, ""sd"": 2.0}",2.0,0.15,0.85,2.0,4,pct,0.32254276631013556,0.19149140073631843,0.13610891403918046,,2.03
crisismmd,1,B,search,"{""alpha"": [0.15, 0.85], ""anfis"": ""scale0.6"", ""cd"": 8, ""m"": 2.0, ""sd"": 1.0}",2.0,0.15,0.85,1.0,8,scale0.6,0.41291912613841975,0.42495788668807266,0.44642369619192307,,1.48
fakeddit,0,B,search,"{""alpha"": [0.15, 0.85], ""anfis"": ""pct"", ""cd"": 4, ""m"": 2.0, ""sd"": 2.0}",2.0,0.15,0.85,2.0,4,pct,0.3282049114806145,0.2598662460719614,0.13307031139918277,,2.67
pheme,2,B,search,"{""alpha"": [0.15, 0.85], ""anfis"": ""scale0.6"", ""cd"": 8, ""m"": 2.0, ""sd"": 1.0}",2.0,0.15,0.85,1.0,8,scale0.6,0.4954499199092669,0.013289870502103174,0.07237739427252067,,2.86
pheme,1,B,search,"{""alpha"": [0.15, 0.85], ""anfis"": ""scale0.6"", ""cd"": 8, ""m"": 2.0, ""sd"": 1.0}",2.0,0.15,0.85,1.0,8,scale0.6,0.49376165623328366,0.02855920332997841,0.08889747818231188,,2.94
dblp,0,B,search,"{""alpha"": [0.15, 0.85], ""anfis"": ""scale0.6"", ""cd"": 8, ""m"": 2.0, ""sd"": 1.0}",2.0,0.15,0.85,1.0,8,scale0.6,0.8494612819961844,0.6144158312954048,0.7225782861399686,,0.06
dblp,1,B,search,"{""alpha"": [0.15, 0.85], ""anfis"": ""scale0.6"", ""cd"": 8, ""m"": 2.0, ""sd"": 1.0}",2.0,0.15,0.85,1.0,8,scale0.6,0.8494612819961844,0.6144158312954048,0.7225782861399686,,0.09
amazon,0,B,search,"{""alpha"": [0.15, 0.85], ""anfis"": ""scale0.6"", ""cd"": 8, ""m"": 2.0, ""sd"": 1.0}",2.0,0.15,0.85,1.0,8,scale0.6,0.7172353714661406,0.40785789140422535,0.7538909356671685,,0.03
amazon,1,B,search,"{""alpha"": [0.15, 0.85], ""anfis"": ""scale0.6"", ""cd"": 8, ""m"": 2.0, ""sd"": 1.0}",2.0,0.15,0.85,1.0,8,scale0.6,0.7172353714661406,0.40785789140422535,0.7538909356671685,,0.03
amazon,2,B,search,"{""alpha"": [0.15, 0.85], ""anfis"": ""scale0.6"", ""cd"": 8, ""m"": 2.0, ""sd"": 1.0}",2.0,0.15,0.85,1.0,8,scale0.6,0.6683464825772517,0.3433903355104311,0.7006634990430669,,0.02
dblp,2,B,search,"{""alpha"": [0.15, 0.85], ""anfis"": ""scale0.6"", ""cd"": 8, ""m"": 2.0, ""sd"": 1.0}",2.0,0.15,0.85,1.0,8,scale0.6,0.8494612819961844,0.6144158312954048,0.7225782861399686,,0.14
fakeddit,2,B,search,"{""alpha"": [0.15, 0.85], ""anfis"": ""scale0.6"", ""cd"": 8, ""m"": 2.0, ""sd"": 1.0}",2.0,0.15,0.85,1.0,8,scale0.6,0.3517157490495624,0.1825711994136734,0.14088366909316372,,3.33
pheme,0,B,search,"{""alpha"": [0.15, 0.85], ""anfis"": ""scale0.6"", ""cd"": 8, ""m"": 2.0, ""sd"": 1.0}",2.0,0.15,0.85,1.0,8,scale0.6,0.4957474756445393,0.01690365701791441,0.0808915220624298,,3.97
crisismmd,0,B,search,"{""alpha"": [0.15, 0.85], ""anfis"": ""pct"", ""cd"": 4, ""m"": 1.75, ""sd"": 1.0}",1.75,0.15,0.85,1.0,4,pct,0.5073037676968692,0.578358516348949,0.7446840257692531,,0.92
fakeddit,0,B,search,"{""alpha"": [0.15, 0.85], ""anfis"": ""scale0.6"", ""cd"": 8, ""m"": 2.0, ""sd"": 1.0}",2.0,0.15,0.85,1.0,8,scale0.6,0.3555495109594603,0.18862116947114693,0.1374551515959309,,4.03
crisismmd,1,B,search,"{""alpha"": [0.15, 0.85], ""anfis"": ""pct"", ""cd"": 4, ""m"": 1.75, ""sd"": 1.0}",1.75,0.15,0.85,1.0,4,pct,0.49246313778482015,0.5351432212825528,0.6335088356429717,,1.0
fakeddit,1,B,search,"{""alpha"": [0.15, 0.85], ""anfis"": ""scale0.6"", ""cd"": 8, ""m"": 2.0, ""sd"": 1.0}",2.0,0.15,0.85,1.0,8,scale0.6,0.3454436246657854,0.28206514699045393,0.13469092366616192,,3.91
crisismmd,2,B,search,"{""alpha"": [0.15, 0.85], ""anfis"": ""pct"", ""cd"": 4, ""m"": 1.75, ""sd"": 1.0}",1.75,0.15,0.85,1.0,4,pct,0.5181646585701866,0.5500076353424168,0.6655553715120952,,0.86
fakeddit,0,B,search,"{""alpha"": [0.15, 0.85], ""anfis"": ""pct"", ""cd"": 4, ""m"": 1.75, ""sd"": 1.0}",1.75,0.15,0.85,1.0,4,pct,0.2542280502895984,0.21735894827996116,0.3366173303061002,,2.34
dblp,0,B,search,"{""alpha"": [0.15, 0.85], ""anfis"": ""pct"", ""cd"": 4, ""m"": 1.75, ""sd"": 1.0}",1.75,0.15,0.85,1.0,4,pct,0.8503679897777422,0.619203604477846,0.7251706399225106,,0.12
dblp,1,B,search,"{""alpha"": [0.15, 0.85], ""anfis"": ""pct"", ""cd"": 4, ""m"": 1.75, ""sd"": 1.0}",1.75,0.15,0.85,1.0,4,pct,0.8503679897777422,0.619203604477846,0.7251706399225106,,0.11
fakeddit,1,B,search,"{""alpha"": [0.15, 0.85], ""anfis"": ""pct"", ""cd"": 4, ""m"": 1.75, ""sd"": 1.0}",1.75,0.15,0.85,1.0,4,pct,0.28716633535984687,0.3552414631874996,0.28730871604804087,,2.52
amazon,0,B,search,"{""alpha"": [0.15, 0.85], ""anfis"": ""pct"", ""cd"": 4, ""m"": 1.75, ""sd"": 1.0}",1.75,0.15,0.85,1.0,4,pct,0.7172353714661406,0.4410301271348962,0.7710071474983755,,0.03
dblp,2,B,search,"{""alpha"": [0.15, 0.85], ""anfis"": ""pct"", ""cd"": 4, ""m"": 1.75, ""sd"": 1.0}",1.75,0.15,0.85,1.0,4,pct,0.8503679897777422,0.619203604477846,0.7251706399225106,,0.06
amazon,2,B,search,"{""alpha"": [0.15, 0.85], ""anfis"": ""pct"", ""cd"": 4, ""m"": 1.75, ""sd"": 1.0}",1.75,0.15,0.85,1.0,4,pct,0.7172353714661406,0.4410301271348962,0.7710071474983757,,0.02
amazon,1,B,search,"{""alpha"": [0.15, 0.85], ""anfis"": ""pct"", ""cd"": 4, ""m"": 1.75, ""sd"": 1.0}",1.75,0.15,0.85,1.0,4,pct,0.7172353714661406,0.4410301271348962,0.7710071474983757,,0.02
fakeddit,2,B,search,"{""alpha"": [0.15, 0.85], ""anfis"": ""pct"", ""cd"": 4, ""m"": 1.75, ""sd"": 1.0}",1.75,0.15,0.85,1.0,4,pct,0.2883981618547277,0.31067967020156284,0.2733265230840995,,2.56
pheme,0,B,search,"{""alpha"": [0.15, 0.85], ""anfis"": ""pct"", ""cd"": 4, ""m"": 1.75, ""sd"": 1.0}",1.75,0.15,0.85,1.0,4,pct,0.6570760878192159,0.01627048446390511,0.12080735882766695,,4.22
pheme,1,B,search,"{""alpha"": [0.15, 0.85], ""anfis"": ""pct"", ""cd"": 4, ""m"": 1.75, ""sd"": 1.0}",1.75,0.15,0.85,1.0,4,pct,0.6540630593922427,0.007571284059447514,0.1351560655471412,,4.92
pheme,0,B,search,"{""alpha"": [0.15, 0.85], ""anfis"": ""scale1.5"", ""cd"": 32, ""m"": 1.75, ""sd"": 0.5}",1.75,0.15,0.85,0.5,32,scale1.5,0.8821741248365066,0.0,0.24524781283532146,,2.19
crisismmd,1,B,search,"{""alpha"": [0.15, 0.85], ""anfis"": ""scale1.5"", ""cd"": 32, ""m"": 1.75, ""sd"": 0.5}",1.75,0.15,0.85,0.5,32,scale1.5,0.5283477491579165,0.4971891177063852,0.5129081227406911,,3.64
crisismmd,0,B,search,"{""alpha"": [0.15, 0.85], ""anfis"": ""scale1.5"", ""cd"": 32, ""m"": 1.75, ""sd"": 0.5}",1.75,0.15,0.85,0.5,32,scale1.5,0.5148472610672411,0.4687199697440041,0.5335922675665072,,3.95
crisismmd,2,B,search,"{""alpha"": [0.15, 0.85], ""anfis"": ""scale1.5"", ""cd"": 32, ""m"": 1.75, ""sd"": 0.5}",1.75,0.15,0.85,0.5,32,scale1.5,0.5288371158600037,0.5663617312744644,0.5073525671851357,,3.8
pheme,2,B,search,"{""alpha"": [0.15, 0.85], ""anfis"": ""pct"", ""cd"": 4, ""m"": 1.75, ""sd"": 1.0}",1.75,0.15,0.85,1.0,4,pct,0.7162238834726303,0.00964536038738073,0.15171220033439534,,7.36
dblp,0,B,search,"{""alpha"": [0.15, 0.85], ""anfis"": ""scale1.5"", ""cd"": 32, ""m"": 1.75, ""sd"": 0.5}",1.75,0.15,0.85,0.5,32,scale1.5,0.8278851135757042,0.5430188301438804,0.693517328057865,,0.09
dblp,1,B,search,"{""alpha"": [0.15, 0.85], ""anfis"": ""scale1.5"", ""cd"": 32, ""m"": 1.75, ""sd"": 0.5}",1.75,0.15,0.85,0.5,32,scale1.5,0.8147450395751741,0.4788951371469037,0.6472815397044863,,0.14
dblp,2,B,search,"{""alpha"": [0.15, 0.85], ""anfis"": ""scale1.5"", ""cd"": 32, ""m"": 1.75, ""sd"": 0.5}",1.75,0.15,0.85,0.5,32,scale1.5,0.827936219636334,0.6048624635981784,0.7003484796039087,,0.14
amazon,0,B,search,"{""alpha"": [0.15, 0.85], ""anfis"": ""scale1.5"", ""cd"": 32, ""m"": 1.75, ""sd"": 0.5}",1.75,0.15,0.85,0.5,32,scale1.5,0.5604700854700855,0.6639148624956438,0.6428571428571429,,0.03
amazon,1,B,search,"{""alpha"": [0.15, 0.85], ""anfis"": ""scale1.5"", ""cd"": 32, ""m"": 1.75, ""sd"": 0.5}",1.75,0.15,0.85,0.5,32,scale1.5,0.5604700854700855,0.6639148624956438,0.6428571428571429,,0.03
amazon,2,B,search,"{""alpha"": [0.15, 0.85], ""anfis"": ""scale1.5"", ""cd"": 32, ""m"": 1.75, ""sd"": 0.5}",1.75,0.15,0.85,0.5,32,scale1.5,0.7179717291255754,0.6336435318935119,0.838368072701049,,0.03
pheme,1,B,search,"{""alpha"": [0.15, 0.85], ""anfis"": ""scale1.5"", ""cd"": 32, ""m"": 1.75, ""sd"": 0.5}",1.75,0.15,0.85,0.5,32,scale1.5,0.8660243868832357,0.0,0.25540926494686883,,3.88
crisismmd,0,B,search,"{""alpha"": [0.15, 0.85], ""anfis"": ""default"", ""cd"": 16, ""m"": 1.2, ""sd"": 1.5}",1.2,0.15,0.85,1.5,16,default,0.444276854954797,0.7147751622916279,0.7252377514445796,,2.5
pheme,2,B,search,"{""alpha"": [0.15, 0.85], ""anfis"": ""scale1.5"", ""cd"": 32, ""m"": 1.75, ""sd"": 0.5}",1.75,0.15,0.85,0.5,32,scale1.5,0.8629496934600583,0.0,0.25359169780109647,,4.64
crisismmd,1,B,search,"{""alpha"": [0.15, 0.85], ""anfis"": ""default"", ""cd"": 16, ""m"": 1.2, ""sd"": 1.5}",1.2,0.15,0.85,1.5,16,default,0.37576032888186883,0.7232687923677431,0.6381892553639715,,2.3
crisismmd,2,B,search,"{""alpha"": [0.15, 0.85], ""anfis"": ""default"", ""cd"": 16, ""m"": 1.2, ""sd"": 1.5}",1.2,0.15,0.85,1.5,16,default,0.42905517418162026,0.7192726930177119,0.7282854876479146,,2.25
pheme,0,B,search,"{""alpha"": [0.15, 0.85], ""anfis"": ""default"", ""cd"": 16, ""m"": 1.2, ""sd"": 1.5}",1.2,0.15,0.85,1.5,16,default,0.8699395240465456,0.026210939200164485,0.2584064021447418,,2.66
pheme,1,B,search,"{""alpha"": [0.15, 0.85], ""anfis"": ""default"", ""cd"": 16, ""m"": 1.2, ""sd"": 1.5}",1.2,0.15,0.85,1.5,16,default,0.8756287838039986,0.02168298042831096,0.2639796006596018,,3.55
pheme,2,B,search,"{""alpha"": [0.15, 0.85], ""anfis"": ""default"", ""cd"": 16, ""m"": 1.2, ""sd"": 1.5}",1.2,0.15,0.85,1.5,16,default,0.8720368715370606,0.039866799171532685,0.2702034348302884,,5.84
fakeddit,0,B,search,"{""alpha"": [0.15, 0.85], ""anfis"": ""scale1.5"", ""cd"": 32, ""m"": 1.75, ""sd"": 0.5}",1.75,0.15,0.85,0.5,32,scale1.5,0.4288586961607679,0.35923357038619574,0.22432049500265316,,12.97
dblp,0,B,search,"{""alpha"": [0.15, 0.85], ""anfis"": ""default"", ""cd"": 16, ""m"": 1.2, ""sd"": 1.5}",1.2,0.15,0.85,1.5,16,default,0.8370789762475761,0.5063439012634242,0.6644975877847271,,0.09
dblp,1,B,search,"{""alpha"": [0.15, 0.85], ""anfis"": ""default"", ""cd"": 16, ""m"": 1.2, ""sd"": 1.5}",1.2,0.15,0.85,1.5,16,default,0.8212983135261405,0.40510215625448587,0.5438787921750078,,0.09
dblp,2,B,search,"{""alpha"": [0.15, 0.85], ""anfis"": ""default"", ""cd"": 16, ""m"": 1.2, ""sd"": 1.5}",1.2,0.15,0.85,1.5,16,default,0.8390024462941963,0.5236539929347943,0.6449107611837825,,0.06
amazon,0,B,search,"{""alpha"": [0.15, 0.85], ""anfis"": ""default"", ""cd"": 16, ""m"": 1.2, ""sd"": 1.5}",1.2,0.15,0.85,1.5,16,default,0.7045036160420776,0.40382433512082494,0.6819415647109099,,0.02
amazon,1,B,search,"{""alpha"": [0.15, 0.85], ""anfis"": ""default"", ""cd"": 16, ""m"": 1.2, ""sd"": 1.5}",1.2,0.15,0.85,1.5,16,default,0.7045036160420776,0.40382433512082494,0.6819415647109099,,0.03
amazon,2,B,search,"{""alpha"": [0.15, 0.85], ""anfis"": ""default"", ""cd"": 16, ""m"": 1.2, ""sd"": 1.5}",1.2,0.15,0.85,1.5,16,default,0.6831525312294543,0.3137291254770478,0.6586112814706484,,0.02
fakeddit,1,B,search,"{""alpha"": [0.15, 0.85], ""anfis"": ""scale1.5"", ""cd"": 32, ""m"": 1.75, ""sd"": 0.5}",1.75,0.15,0.85,0.5,32,scale1.5,0.3521778456342209,0.26137377861239985,0.20191718796133692,,13.33
crisismmd,0,B,search,"{""alpha"": [0.15, 0.85], ""anfis"": ""default"", ""cd"": 8, ""m"": 2.0, ""sd"": 1.5}",2.0,0.15,0.85,1.5,8,default,0.44623248093772994,0.29458040027223054,0.3736672945414332,,1.11
crisismmd,1,B,search,"{""alpha"": [0.15, 0.85], ""anfis"": ""default"", ""cd"": 8, ""m"": 2.0, ""sd"": 1.5}",2.0,0.15,0.85,1.5,8,default,0.461846069258295,0.3715291170802255,0.39071827682998467,,1.12
fakeddit,2,B,search,"{""alpha"": [0.15, 0.85], ""anfis"": ""scale1.5"", ""cd"": 32, ""m"": 1.75, ""sd"": 0.5}",1.75,0.15,0.85,0.5,32,scale1.5,0.42764374487409185,0.3596170577118165,0.22512359976256122,,14.53
fakeddit,0,B,search,"{""alpha"": [0.15, 0.85], ""anfis"": ""default"", ""cd"": 16, ""m"": 1.2, ""sd"": 1.5}",1.2,0.15,0.85,1.5,16,default,0.28663607860524215,0.2959739864421581,0.35374780363180564,,7.92
crisismmd,2,B,search,"{""alpha"": [0.15, 0.85], ""anfis"": ""default"", ""cd"": 8, ""m"": 2.0, ""sd"": 1.5}",2.0,0.15,0.85,1.5,8,default,0.45064406088429654,0.3487800908741787,0.3736483882744919,,1.0
fakeddit,1,B,search,"{""alpha"": [0.15, 0.85], ""anfis"": ""default"", ""cd"": 16, ""m"": 1.2, ""sd"": 1.5}",1.2,0.15,0.85,1.5,16,default,0.29640370902679225,0.5159434970101144,0.37145023541407507,,7.86
pheme,0,B,search,"{""alpha"": [0.15, 0.85], ""anfis"": ""default"", ""cd"": 8, ""m"": 2.0, ""sd"": 1.5}",2.0,0.15,0.85,1.5,8,default,0.6698796883468795,0.009892783598321464,0.14981381809306787,,2.05
pheme,1,B,search,"{""alpha"": [0.15, 0.85], ""anfis"": ""default"", ""cd"": 8, ""m"": 2.0, ""sd"": 1.5}",2.0,0.15,0.85,1.5,8,default,0.49142354971452645,0.017144624666478148,0.08431066860300307,,2.55
dblp,0,B,search,"{""alpha"": [0.15, 0.85], ""anfis"": ""default"", ""cd"": 8, ""m"": 2.0, ""sd"": 1.5}",2.0,0.15,0.85,1.5,8,default,0.8384408678044366,0.4322209246829425,0.5832892206799976,,0.09
dblp,1,B,search,"{""alpha"": [0.15, 0.85], ""anfis"": ""default"", ""cd"": 8, ""m"": 2.0, ""sd"": 1.5}",2.0,0.15,0.85,1.5,8,default,0.8384408678044366,0.4322209246829425,0.5832892206799976,,0.06
dblp,2,B,search,"{""alpha"": [0.15, 0.85], ""anfis"": ""default"", ""cd"": 8, ""m"": 2.0, ""sd"": 1.5}",2.0,0.15,0.85,1.5,8,default,0.8340528700693108,0.48979095425976305,0.6496907957059725,,0.11
amazon,0,B,search,"{""alpha"": [0.15, 0.85], ""anfis"": ""default"", ""cd"": 8, ""m"": 2.0, ""sd"": 1.5}",2.0,0.15,0.85,1.5,8,default,0.7011406969099276,0.3147730018524644,0.7102281881586,,0.02
amazon,1,B,search,"{""alpha"": [0.15, 0.85], ""anfis"": ""default"", ""cd"": 8, ""m"": 2.0, ""sd"": 1.5}",2.0,0.15,0.85,1.5,8,default,0.7011406969099276,0.3147730018524644,0.7102281881586,,0.03
amazon,2,B,search,"{""alpha"": [0.15, 0.85], ""anfis"": ""default"", ""cd"": 8, ""m"": 2.0, ""sd"": 1.5}",2.0,0.15,0.85,1.5,8,default,0.6595364891518738,0.3192779188590933,0.6807336436809311,,0.03
pheme,2,B,search,"{""alpha"": [0.15, 0.85], ""anfis"": ""default"", ""cd"": 8, ""m"": 2.0, ""sd"": 1.5}",2.0,0.15,0.85,1.5,8,default,0.49263516362319915,0.014179355178402853,0.08808408851080068,,3.12
fakeddit,0,B,search,"{""alpha"": [0.15, 0.85], ""anfis"": ""default"", ""cd"": 8, ""m"": 2.0, ""sd"": 1.5}",2.0,0.15,0.85,1.5,8,default,0.3643410389500636,0.1960163584084742,0.14179981545895415,,3.47
fakeddit,2,B,search,"{""alpha"": [0.15, 0.85], ""anfis"": ""default"", ""cd"": 16, ""m"": 1.2, ""sd"": 1.5}",1.2,0.15,0.85,1.5,16,default,0.3351693302920416,0.603361962067659,0.4180115117339813,,7.17
crisismmd,0,B,search,"{""alpha"": [0.15, 0.85], ""anfis"": ""default"", ""cd"": 8, ""m"": 2.0, ""sd"": 2.0}",2.0,0.15,0.85,2.0,8,default,0.327153501118155,0.20739203243271076,0.43945145848839673,,1.38
crisismmd,1,B,search,"{""alpha"": [0.15, 0.85], ""anfis"": ""default"", ""cd"": 8, ""m"": 2.0, ""sd"": 2.0}",2.0,0.15,0.85,2.0,8,default,0.38603820106005604,0.32656311295361984,0.4913908985776122,,1.42
fakeddit,2,B,search,"{""alpha"": [0.15, 0.85], ""anfis"": ""default"", ""cd"": 8, ""m"": 2.0, ""sd"": 1.5}",2.0,0.15,0.85,1.5,8,default,0.36083782790499597,0.19036418713666303,0.14129815118706696,,3.11
fakeddit,1,B,search,"{""alpha"": [0.15, 0.85], ""anfis"": ""default"", ""cd"": 8, ""m"": 2.0, ""sd"": 1.5}",2.0,0.15,0.85,1.5,8,default,0.35469818569087963,0.29367757247222714,0.13542833791514972,,3.8
crisismmd,2,B,search,"{""alpha"": [0.15, 0.85], ""anfis"": ""default"", ""cd"": 8, ""m"": 2.0, ""sd"": 2.0}",2.0,0.15,0.85,2.0,8,default,0.38395346627635035,0.2158829530677996,0.40199590369437266,,1.12
pheme,0,B,search,"{""alpha"": [0.15, 0.85], ""anfis"": ""default"", ""cd"": 8, ""m"": 2.0, ""sd"": 2.0}",2.0,0.15,0.85,2.0,8,default,0.49634465244988535,0.015746151025617605,0.08050113008419751,,1.67
dblp,0,B,search,"{""alpha"": [0.15, 0.85], ""anfis"": ""default"", ""cd"": 8, ""m"": 2.0, ""sd"": 2.0}",2.0,0.15,0.85,2.0,8,default,0.822848552482918,0.31070344539295447,0.4830483761778263,,0.11
dblp,1,B,search,"{""alpha"": [0.15, 0.85], ""anfis"": ""default"", ""cd"": 8, ""m"": 2.0, ""sd"": 2.0}",2.0,0.15,0.85,2.0,8,default,0.7981702069703961,0.31361613668410226,0.4821637458764079,,0.11
dblp,2,B,search,"{""alpha"": [0.15, 0.85], ""anfis"": ""default"", ""cd"": 8, ""m"": 2.0, ""sd"": 2.0}",2.0,0.15,0.85,2.0,8,default,0.8209861875087899,0.2830229907345788,0.5044683957640772,,0.12
amazon,0,B,search,"{""alpha"": [0.15, 0.85], ""anfis"": ""default"", ""cd"": 8, ""m"": 2.0, ""sd"": 2.0}",2.0,0.15,0.85,2.0,8,default,0.6705391190006575,0.3235798086658308,0.676912716598625,,0.0
amazon,1,B,search,"{""alpha"": [0.15, 0.85], ""anfis"": ""default"", ""cd"": 8, ""m"": 2.0, ""sd"": 2.0}",2.0,0.15,0.85,2.0,8,default,0.6705391190006575,0.3235798086658308,0.6769127165986248,,0.02
amazon,2,B,search,"{""alpha"": [0.15, 0.85], ""anfis"": ""default"", ""cd"": 8, ""m"": 2.0, ""sd"": 2.0}",2.0,0.15,0.85,2.0,8,default,0.6705391190006575,0.3235798086658308,0.676912716598625,,0.02
pheme,2,B,search,"{""alpha"": [0.15, 0.85], ""anfis"": ""default"", ""cd"": 8, ""m"": 2.0, ""sd"": 2.0}",2.0,0.15,0.85,2.0,8,default,0.5013898227972244,0.018781615142755448,0.1042025123115275,,1.75
pheme,1,B,search,"{""alpha"": [0.15, 0.85], ""anfis"": ""default"", ""cd"": 8, ""m"": 2.0, ""sd"": 2.0}",2.0,0.15,0.85,2.0,8,default,0.49358684039476214,0.013737338038925184,0.07826951276919274,,2.67
fakeddit,2,B,search,"{""alpha"": [0.15, 0.85], ""anfis"": ""default"", ""cd"": 8, ""m"": 2.0, ""sd"": 2.0}",2.0,0.15,0.85,2.0,8,default,0.34294296279642167,0.20901032746657944,0.13618837036865591,,3.22
crisismmd,1,B,search,"{""alpha"": [0.15, 0.85], ""anfis"": ""default"", ""cd"": 16, ""m"": 1.5, ""sd"": 2.0}",1.5,0.15,0.85,2.0,16,default,0.3756977617361929,0.3320339942283832,0.3295320874038549,,1.91
fakeddit,0,B,search,"{""alpha"": [0.15, 0.85], ""anfis"": ""default"", ""cd"": 8, ""m"": 2.0, ""sd"": 2.0}",2.0,0.15,0.85,2.0,8,default,0.3503450094591308,0.22035554715666128,0.13873285087399728,,3.62
crisismmd,0,B,search,"{""alpha"": [0.15, 0.85], ""anfis"": ""default"", ""cd"": 16, ""m"": 1.5, ""sd"": 2.0}",1.5,0.15,0.85,2.0,16,default,0.33879168052341024,0.31671336561239805,0.30627228426215564,,2.34
fakeddit,1,B,search,"{""alpha"": [0.15, 0.85], ""anfis"": ""default"", ""cd"": 8, ""m"": 2.0, ""sd"": 2.0}",2.0,0.15,0.85,2.0,8,default,0.338345526048177,0.2723872184744529,0.1340559924815749,,3.86
crisismmd,2,B,search,"{""alpha"": [0.15, 0.85], ""anfis"": ""default"", ""cd"": 16, ""m"": 1.5, ""sd"": 2.0}",1.5,0.15,0.85,2.0,16,default,0.4236583761049816,0.40176932324613734,0.35150396611725665,,2.05
pheme,1,B,search,"{""alpha"": [0.15, 0.85], ""anfis"": ""default"", ""cd"": 16, ""m"": 1.5, ""sd"": 2.0}",1.5,0.15,0.85,2.0,16,default,0.8336088096560893,0.0,0.28100505913260104,,3.27
dblp,0,B,search,"{""alpha"": [0.15, 0.85], ""anfis"": ""default"", ""cd"": 16, ""m"": 1.5, ""sd"": 2.0}",1.5,0.15,0.85,2.0,16,default,0.8204741466072111,0.3334853306226788,0.5298457083535371,,0.22
dblp,1,B,search,"{""alpha"": [0.15, 0.85], ""anfis"": ""default"", ""cd"": 16, ""m"": 1.5, ""sd"": 2.0}",1.5,0.15,0.85,2.0,16,default,0.8204741466072111,0.3334853306226788,0.5298457083535371,,0.17
dblp,2,B,search,"{""alpha"": [0.15, 0.85], ""anfis"": ""default"", ""cd"": 16, ""m"": 1.5, ""sd"": 2.0}",1.5,0.15,0.85,2.0,16,default,0.7957893964988558,0.32821960096171465,0.49251823601725414,,0.31
amazon,0,B,search,"{""alpha"": [0.15, 0.85], ""anfis"": ""default"", ""cd"": 16, ""m"": 1.5, ""sd"": 2.0}",1.5,0.15,0.85,2.0,16,default,0.6740401051939513,0.3773243134938058,0.65580304410921,,0.02
amazon,1,B,search,"{""alpha"": [0.15, 0.85], ""anfis"": ""default"", ""cd"": 16, ""m"": 1.5, ""sd"": 2.0}",1.5,0.15,0.85,2.0,16,default,0.6740401051939513,0.3773243134938058,0.65580304410921,,0.03
amazon,2,B,search,"{""alpha"": [0.15, 0.85], ""anfis"": ""default"", ""cd"": 16, ""m"": 1.5, ""sd"": 2.0}",1.5,0.15,0.85,2.0,16,default,0.6740401051939513,0.3773243134938058,0.65580304410921,,0.03
pheme,0,B,search,"{""alpha"": [0.15, 0.85], ""anfis"": ""default"", ""cd"": 16, ""m"": 1.5, ""sd"": 2.0}",1.5,0.15,0.85,2.0,16,default,0.8256310114151054,0.0,0.1930486814907369,,4.52
crisismmd,0,B,search,"{""alpha"": [0.15, 0.85], ""anfis"": ""shift+0.1"", ""cd"": 4, ""m"": 1.75, ""sd"": 1.0}",1.75,0.15,0.85,1.0,4,shift+0.1,0.27409147839659587,0.26472684907094246,0.3386753071823428,,0.97
crisismmd,1,B,search,"{""alpha"": [0.15, 0.85], ""anfis"": ""shift+0.1"", ""cd"": 4, ""m"": 1.75, ""sd"": 1.0}",1.75,0.15,0.85,1.0,4,shift+0.1,0.24436783775098664,0.1538156013115597,0.2588933898918419,,0.81
crisismmd,2,B,search,"{""alpha"": [0.15, 0.85], ""anfis"": ""shift+0.1"", ""cd"": 4, ""m"": 1.75, ""sd"": 1.0}",1.75,0.15,0.85,1.0,4,shift+0.1,0.3474516763455733,0.2628514489807561,0.35531093434705824,,1.08
pheme,2,B,search,"{""alpha"": [0.15, 0.85], ""anfis"": ""default"", ""cd"": 16, ""m"": 1.5, ""sd"": 2.0}",1.5,0.15,0.85,2.0,16,default,0.7756925436397868,0.0,0.17063497430929667,,6.0
fakeddit,2,B,search,"{""alpha"": [0.15, 0.85], ""anfis"": ""default"", ""cd"": 16, ""m"": 1.5, ""sd"": 2.0}",1.5,0.15,0.85,2.0,16,default,0.3834489633344279,0.35461533462217987,0.13872884421107773,,6.69
fakeddit,0,B,search,"{""alpha"": [0.15, 0.85], ""anfis"": ""default"", ""cd"": 16, ""m"": 1.5, ""sd"": 2.0}",1.5,0.15,0.85,2.0,16,default,0.3813955135937129,0.3527239100327224,0.1386488104144845,,7.23
fakeddit,1,B,search,"{""alpha"": [0.15, 0.85], ""anfis"": ""default"", ""cd"": 16, ""m"": 1.5, ""sd"": 2.0}",1.5,0.15,0.85,2.0,16,default,0.38315100665713264,0.26955217921925967,0.1407547940599058,,7.3
pheme,0,B,search,"{""alpha"": [0.15, 0.85], ""anfis"": ""shift+0.1"", ""cd"": 4, ""m"": 1.75, ""sd"": 1.0}",1.75,0.15,0.85,1.0,4,shift+0.1,0.6570760878192159,0.01627048446390511,0.12080735882766695,,3.97
dblp,0,B,search,"{""alpha"": [0.15, 0.85], ""anfis"": ""shift+0.1"", ""cd"": 4, ""m"": 1.75, ""sd"": 1.0}",1.75,0.15,0.85,1.0,4,shift+0.1,0.8503679897777422,0.619203604477846,0.7251706399225106,,0.06
dblp,1,B,search,"{""alpha"": [0.15, 0.85], ""anfis"": ""shift+0.1"", ""cd"": 4, ""m"": 1.75, ""sd"": 1.0}",1.75,0.15,0.85,1.0,4,shift+0.1,0.8503679897777422,0.619203604477846,0.7251706399225106,,0.11
dblp,2,B,search,"{""alpha"": [0.15, 0.85], ""anfis"": ""shift+0.1"", ""cd"": 4, ""m"": 1.75, ""sd"": 1.0}",1.75,0.15,0.85,1.0,4,shift+0.1,0.8503679897777422,0.619203604477846,0.7251706399225106,,0.06
amazon,0,B,search,"{""alpha"": [0.15, 0.85], ""anfis"": ""shift+0.1"", ""cd"": 4, ""m"": 1.75, ""sd"": 1.0}",1.75,0.15,0.85,1.0,4,shift+0.1,0.7172353714661406,0.4410301271348962,0.7710071474983755,,0.03
amazon,1,B,search,"{""alpha"": [0.15, 0.85], ""anfis"": ""shift+0.1"", ""cd"": 4, ""m"": 1.75, ""sd"": 1.0}",1.75,0.15,0.85,1.0,4,shift+0.1,0.7172353714661406,0.4410301271348962,0.7710071474983757,,0.02
amazon,2,B,search,"{""alpha"": [0.15, 0.85], ""anfis"": ""shift+0.1"", ""cd"": 4, ""m"": 1.75, ""sd"": 1.0}",1.75,0.15,0.85,1.0,4,shift+0.1,0.7172353714661406,0.4410301271348962,0.7710071474983757,,0.02
fakeddit,1,B,search,"{""alpha"": [0.15, 0.85], ""anfis"": ""shift+0.1"", ""cd"": 4, ""m"": 1.75, ""sd"": 1.0}",1.75,0.15,0.85,1.0,4,shift+0.1,0.2990992766842383,0.2677561476672482,0.2724463401618812,,2.2
fakeddit,2,B,search,"{""alpha"": [0.15, 0.85], ""anfis"": ""shift+0.1"", ""cd"": 4, ""m"": 1.75, ""sd"": 1.0}",1.75,0.15,0.85,1.0,4,shift+0.1,0.25321955433893806,0.21028724373497054,0.2699407729135001,,2.12
fakeddit,0,B,search,"{""alpha"": [0.15, 0.85], ""anfis"": ""shift+0.1"", ""cd"": 4, ""m"": 1.75, ""sd"": 1.0}",1.75,0.15,0.85,1.0,4,shift+0.1,0.2508788087970811,0.2478660583775667,0.2897721019913223,,2.61
crisismmd,0,B,search,"{""alpha"": [0.15, 0.85], ""anfis"": ""scale0.6"", ""cd"": 4, ""m"": 2.0, ""sd"": 2.0}",2.0,0.15,0.85,2.0,4,scale0.6,0.023276191462745385,0.02699036358798912,0.2450450800973299,,0.83
crisismmd,1,B,search,"{""alpha"": [0.15, 0.85], ""anfis"": ""scale0.6"", ""cd"": 4, ""m"": 2.0, ""sd"": 2.0}",2.0,0.15,0.85,2.0,4,scale0.6,0.010390601816451205,0.013562525685686833,0.20657212837551234,,0.81
crisismmd,2,B,search,"{""alpha"": [0.15, 0.85], ""anfis"": ""scale0.6"", ""cd"": 4, ""m"": 2.0, ""sd"": 2.0}",2.0,0.15,0.85,2.0,4,scale0.6,0.029090501294832406,0.030832299349067727,0.21818117784516516,,0.94
pheme,1,B,search,"{""alpha"": [0.15, 0.85], ""anfis"": ""shift+0.1"", ""cd"": 4, ""m"": 1.75, ""sd"": 1.0}",1.75,0.15,0.85,1.0,4,shift+0.1,0.6540630593922427,0.007571284059447514,0.1351560655471412,,5.22
pheme,0,B,search,"{""alpha"": [0.15, 0.85], ""anfis"": ""scale0.6"", ""cd"": 4, ""m"": 2.0, ""sd"": 2.0}",2.0,0.15,0.85,2.0,4,scale0.6,0.49634465244988535,0.015746151025617605,0.08050113008419751,,2.08
pheme,2,B,search,"{""alpha"": [0.15, 0.85], ""anfis"": ""scale0.6"", ""cd"": 4, ""m"": 2.0, ""sd"": 2.0}",2.0,0.15,0.85,2.0,4,scale0.6,0.5013898227972244,0.018781615142755448,0.1042025123115275,,1.92
dblp,0,B,search,"{""alpha"": [0.15, 0.85], ""anfis"": ""scale0.6"", ""cd"": 4, ""m"": 2.0, ""sd"": 2.0}",2.0,0.15,0.85,2.0,4,scale0.6,0.822848552482918,0.31070344539295447,0.4830483761778263,,0.14
dblp,1,B,search,"{""alpha"": [0.15, 0.85], ""anfis"": ""scale0.6"", ""cd"": 4, ""m"": 2.0, ""sd"": 2.0}",2.0,0.15,0.85,2.0,4,scale0.6,0.7981702069703961,0.31361613668410226,0.4821637458764079,,0.16
dblp,2,B,search,"{""alpha"": [0.15, 0.85], ""anfis"": ""scale0.6"", ""cd"": 4, ""m"": 2.0, ""sd"": 2.0}",2.0,0.15,0.85,2.0,4,scale0.6,0.8209861875087899,0.2830229907345788,0.5044683957640772,,0.16
amazon,0,B,search,"{""alpha"": [0.15, 0.85], ""anfis"": ""scale0.6"", ""cd"": 4, ""m"": 2.0, ""sd"": 2.0}",2.0,0.15,0.85,2.0,4,scale0.6,0.6705391190006575,0.3235798086658308,0.676912716598625,,0.02
amazon,1,B,search,"{""alpha"": [0.15, 0.85], ""anfis"": ""scale0.6"", ""cd"": 4, ""m"": 2.0, ""sd"": 2.0}",2.0,0.15,0.85,2.0,4,scale0.6,0.6705391190006575,0.3235798086658308,0.6769127165986248,,0.03
amazon,2,B,search,"{""alpha"": [0.15, 0.85], ""anfis"": ""scale0.6"", ""cd"": 4, ""m"": 2.0, ""sd"": 2.0}",2.0,0.15,0.85,2.0,4,scale0.6,0.6705391190006575,0.3235798086658308,0.676912716598625,,0.02
pheme,1,B,search,"{""alpha"": [0.15, 0.85], ""anfis"": ""scale0.6"", ""cd"": 4, ""m"": 2.0, ""sd"": 2.0}",2.0,0.15,0.85,2.0,4,scale0.6,0.49358684039476214,0.013737338038925184,0.07826951276919274,,2.83
fakeddit,0,B,search,"{""alpha"": [0.15, 0.85], ""anfis"": ""scale0.6"", ""cd"": 4, ""m"": 2.0, ""sd"": 2.0}",2.0,0.15,0.85,2.0,4,scale0.6,0.2694429711639512,0.09820348152813696,0.1325130580735346,,2.5
pheme,2,B,search,"{""alpha"": [0.15, 0.85], ""anfis"": ""shift+0.1"", ""cd"": 4, ""m"": 1.75, ""sd"": 1.0}",1.75,0.15,0.85,1.0,4,shift+0.1,0.7162238834726303,0.00964536038738073,0.15171220033439534,,7.31
fakeddit,1,B,search,"{""alpha"": [0.15, 0.85], ""anfis"": ""scale0.6"", ""cd"": 4, ""m"": 2.0, ""sd"": 2.0}",2.0,0.15,0.85,2.0,4,scale0.6,0.25910761643888885,0.11744257494762889,0.1317836428537982,,2.38
crisismmd,0,B,search,"{""alpha"": [0.15, 0.85], ""anfis"": ""shift-0.1"", ""cd"": 8, ""m"": 1.75, ""sd"": 1.0}",1.75,0.15,0.85,1.0,8,shift-0.1,0.4742833760788335,0.46864789128422646,0.47253681797799446,,1.08
crisismmd,1,B,search,"{""alpha"": [0.15, 0.85], ""anfis"": ""shift-0.1"", ""cd"": 8, ""m"": 1.75, ""sd"": 1.0}",1.75,0.15,0.85,1.0,8,shift-0.1,0.3234146591872814,0.2312622237739177,0.3112096928721157,,1.05
fakeddit,2,B,search,"{""alpha"": [0.15, 0.85], ""anfis"": ""scale0.6"", ""cd"": 4, ""m"": 2.0, ""sd"": 2.0}",2.0,0.15,0.85,2.0,4,scale0.6,0.26202204261482503,0.11849864504864693,0.1334918448953934,,2.47
crisismmd,2,B,search,"{""alpha"": [0.15, 0.85], ""anfis"": ""shift-0.1"", ""cd"": 8, ""m"": 1.75, ""sd"": 1.0}",1.75,0.15,0.85,1.0,8,shift-0.1,0.4451372525705767,0.3536402366476814,0.3908132096770079,,1.22
fakeddit,0,B,search,"{""alpha"": [0.15, 0.85], ""anfis"": ""shift-0.1"", ""cd"": 8, ""m"": 1.75, ""sd"": 1.0}",1.75,0.15,0.85,1.0,8,shift-0.1,0.3634027066623583,0.30759450366763996,0.1361482859091191,,3.53
pheme,0,B,search,"{""alpha"": [0.15, 0.85], ""anfis"": ""shift-0.1"", ""cd"": 8, ""m"": 1.75, ""sd"": 1.0}",1.75,0.15,0.85,1.0,8,shift-0.1,0.6570760878192159,0.01627048446390511,0.12080735882766695,,4.17
dblp,1,B,search,"{""alpha"": [0.15, 0.85], ""anfis"": ""shift-0.1"", ""cd"": 8, ""m"": 1.75, ""sd"": 1.0}",1.75,0.15,0.85,1.0,8,shift-0.1,0.8503679897777422,0.619203604477846,0.7251706399225106,,0.08
dblp,0,B,search,"{""alpha"": [0.15, 0.85], ""anfis"": ""shift-0.1"", ""cd"": 8, ""m"": 1.75, ""sd"": 1.0}",1.75,0.15,0.85,1.0,8,shift-0.1,0.8503679897777422,0.619203604477846,0.7251706399225106,,0.08
amazon,0,B,search,"{""alpha"": [0.15, 0.85], ""anfis"": ""shift-0.1"", ""cd"": 8, ""m"": 1.75, ""sd"": 1.0}",1.75,0.15,0.85,1.0,8,shift-0.1,0.7172353714661406,0.4410301271348962,0.7710071474983755,,0.03
amazon,1,B,search,"{""alpha"": [0.15, 0.85], ""anfis"": ""shift-0.1"", ""cd"": 8, ""m"": 1.75, ""sd"": 1.0}",1.75,0.15,0.85,1.0,8,shift-0.1,0.7172353714661406,0.4410301271348962,0.7710071474983757,,0.03
amazon,2,B,search,"{""alpha"": [0.15, 0.85], ""anfis"": ""shift-0.1"", ""cd"": 8, ""m"": 1.75, ""sd"": 1.0}",1.75,0.15,0.85,1.0,8,shift-0.1,0.7172353714661406,0.4410301271348962,0.7710071474983757,,0.02
dblp,2,B,search,"{""alpha"": [0.15, 0.85], ""anfis"": ""shift-0.1"", ""cd"": 8, ""m"": 1.75, ""sd"": 1.0}",1.75,0.15,0.85,1.0,8,shift-0.1,0.8503679897777422,0.619203604477846,0.7251706399225106,,0.08
fakeddit,1,B,search,"{""alpha"": [0.15, 0.85], ""anfis"": ""shift-0.1"", ""cd"": 8, ""m"": 1.75, ""sd"": 1.0}",1.75,0.15,0.85,1.0,8,shift-0.1,0.3552062511326185,0.2199804458758825,0.13715397023092474,,3.45
fakeddit,2,B,search,"{""alpha"": [0.15, 0.85], ""anfis"": ""shift-0.1"", ""cd"": 8, ""m"": 1.75, ""sd"": 1.0}",1.75,0.15,0.85,1.0,8,shift-0.1,0.36108710830222596,0.19106512767015515,0.14158926504836836,,3.83
pheme,1,B,search,"{""alpha"": [0.15, 0.85], ""anfis"": ""shift-0.1"", ""cd"": 8, ""m"": 1.75, ""sd"": 1.0}",1.75,0.15,0.85,1.0,8,shift-0.1,0.6540630593922427,0.007571284059447514,0.1351560655471412,,4.81
pheme,2,B,search,"{""alpha"": [0.15, 0.85], ""anfis"": ""shift-0.1"", ""cd"": 8, ""m"": 1.75, ""sd"": 1.0}",1.75,0.15,0.85,1.0,8,shift-0.1,0.7162238834726303,0.00964536038738073,0.15171220033439534,,5.81
