dataset,seed,phase,param,cfg,m,alpha_min,alpha_max,sd_mult,common_dim,anfis,modularity,onmi,f1,error,secs
crisismmd,0,A,default,"{""alpha"": [0.15, 0.85], ""anfis"": ""default"", ""cd"": 8, ""m"": 1.5, ""sd"": 1.0}",1.5,0.15,0.85,1.0,8,default,0.5197824512523282,0.5232208021998286,0.6853089029478605,,4.19
crisismmd,2,A,default,"{""alpha"": [0.15, 0.85], ""anfis"": ""default"", ""cd"": 8, ""m"": 1.5, ""sd"": 1.0}",1.5,0.15,0.85,1.0,8,default,0.5122659845460196,0.6022787435753074,0.7011208331946015,,4.19
crisismmd,1,A,default,"{""alpha"": [0.15, 0.85], ""anfis"": ""default"", ""cd"": 8, ""m"": 1.5, ""sd"": 1.0}",1.5,0.15,0.85,1.0,8,default,0.5267513351527662,0.5488101102204395,0.27405835821677405,,4.3
pheme,0,A,default,"{""alpha"": [0.15, 0.85], ""anfis"": ""default"", ""cd"": 8, ""m"": 1.5, ""sd"": 1.0}",1.5,0.15,0.85,1.0,8,default,0.8651647650342359,0.0,0.28702009910060355,,6.45
dblp,0,A,default,"{""alpha"": [0.15, 0.85], ""anfis"": ""default"", ""cd"": 8, ""m"": 1.5, ""sd"": 1.0}",1.5,0.15,0.85,1.0,8,default,0.7788480378917624,0.7261913718518531,0.7399602836033007,,0.11
dblp,1,A,default,"{""alpha"": [0.15, 0.85], ""anfis"": ""default"", ""cd"": 8, ""m"": 1.5, ""sd"": 1.0}",1.5,0.15,0.85,1.0,8,default,0.782662174504473,0.8124831843933965,0.8304569761789014,,0.12
dblp,2,A,default,"{""alpha"": [0.15, 0.85], ""anfis"": ""default"", ""cd"": 8, ""m"": 1.5, ""sd"": 1.0}",1.5,0.15,0.85,1.0,8,default,0.7669592009006919,0.6714124027116352,0.7192994043947643,,0.08
amazon,0,A,default,"{""alpha"": [0.15, 0.85], ""anfis"": ""default"", ""cd"": 8, ""m"": 1.5, ""sd"": 1.0}",1.5,0.15,0.85,1.0,8,default,0.7802754042793588,0.5569867831239808,0.6832391865560852,,0.09
amazon,1,A,default,"{""alpha"": [0.15, 0.85], ""anfis"": ""default"", ""cd"": 8, ""m"": 1.5, ""sd"": 1.0}",1.5,0.15,0.85,1.0,8,default,0.7915514441070546,0.5739643203024514,0.7212163567850796,,0.06
amazon,2,A,default,"{""alpha"": [0.15, 0.85], ""anfis"": ""default"", ""cd"": 8, ""m"": 1.5, ""sd"": 1.0}",1.5,0.15,0.85,1.0,8,default,0.7125150060024009,0.4250577888441538,0.5240875819000819,,0.08
crisismmd,0,A,m,"{""alpha"": [0.15, 0.85], ""anfis"": ""default"", ""cd"": 8, ""m"": 1.2, ""sd"": 1.0}",1.2,0.15,0.85,1.0,8,default,0.3714915802528131,0.5719958489755897,0.6263063651124648,,1.61
pheme,1,A,default,"{""alpha"": [0.15, 0.85], ""anfis"": ""default"", ""cd"": 8, ""m"": 1.5, ""sd"": 1.0}",1.5,0.15,0.85,1.0,8,default,0.8570915188206584,0.0,0.29768009864315825,,8.7
fakeddit,2,A,default,"{""alpha"": [0.15, 0.85], ""anfis"": ""default"", ""cd"": 8, ""m"": 1.5, ""sd"": 1.0}",1.5,0.15,0.85,1.0,8,default,0.29091205824468236,0.3587075654662235,0.16455383445785424,,4.62
fakeddit,0,A,default,"{""alpha"": [0.15, 0.85], ""anfis"": ""default"", ""cd"": 8, ""m"": 1.5, ""sd"": 1.0}",1.5,0.15,0.85,1.0,8,default,0.28399931936023204,0.41885070683794223,0.17615942028985504,,4.75
fakeddit,1,A,default,"{""alpha"": [0.15, 0.85], ""anfis"": ""default"", ""cd"": 8, ""m"": 1.5, ""sd"": 1.0}",1.5,0.15,0.85,1.0,8,default,0.3173147611930934,0.2801112387300819,0.07147435897435897,,4.75
crisismmd,1,A,m,"{""alpha"": [0.15, 0.85], ""anfis"": ""default"", ""cd"": 8, ""m"": 1.2, ""sd"": 1.0}",1.2,0.15,0.85,1.0,8,default,0.3644894987394739,0.5506819274100381,0.6149051371143522,,1.38
crisismmd,2,A,m,"{""alpha"": [0.15, 0.85], ""anfis"": ""default"", ""cd"": 8, ""m"": 1.2, ""sd"": 1.0}",1.2,0.15,0.85,1.0,8,default,0.3750542886609213,0.5629668220506421,0.6376535301595447,,1.41
pheme,2,A,default,"{""alpha"": [0.15, 0.85], ""anfis"": ""default"", ""cd"": 8, ""m"": 1.5, ""sd"": 1.0}",1.5,0.15,0.85,1.0,8,default,0.8543142336088391,0.023123759282070777,0.31632624981210006,,10.88
pheme,0,A,m,"{""alpha"": [0.15, 0.85], ""anfis"": ""default"", ""cd"": 8, ""m"": 1.2, ""sd"": 1.0}",1.2,0.15,0.85,1.0,8,default,0.8738967055254492,0.0,0.2464408860592352,,2.75
dblp,0,A,m,"{""alpha"": [0.15, 0.85], ""anfis"": ""default"", ""cd"": 8, ""m"": 1.2, ""sd"": 1.0}",1.2,0.15,0.85,1.0,8,default,0.7768790982065596,0.6114676822300876,0.6848228757873215,,0.09
dblp,1,A,m,"{""alpha"": [0.15, 0.85], ""anfis"": ""default"", ""cd"": 8, ""m"": 1.2, ""sd"": 1.0}",1.2,0.15,0.85,1.0,8,default,0.7781535956538578,0.5786553229924298,0.6046941979493299,,0.09
dblp,2,A,m,"{""alpha"": [0.15, 0.85], ""anfis"": ""default"", ""cd"": 8, ""m"": 1.2, ""sd"": 1.0}",1.2,0.15,0.85,1.0,8,default,0.7681888614571848,0.5971881961302058,0.6930217436992954,,0.12
amazon,0,A,m,"{""alpha"": [0.15, 0.85], ""anfis"": ""default"", ""cd"": 8, ""m"": 1.2, ""sd"": 1.0}",1.2,0.15,0.85,1.0,8,default,0.7761570510557164,0.5721278990154091,0.6778504949734836,,0.08
amazon,1,A,m,"{""alpha"": [0.15, 0.85], ""anfis"": ""default"", ""cd"": 8, ""m"": 1.2, ""sd"": 1.0}",1.2,0.15,0.85,1.0,8,default,0.8012527363886731,0.5248015643483567,0.6981563782271367,,0.06
amazon,2,A,m,"{""alpha"": [0.15, 0.85], ""anfis"": ""default"", ""cd"": 8, ""m"": 1.2, ""sd"": 1.0}",1.2,0.15,0.85,1.0,8,default,0.6917611750582586,0.34959940311824234,0.4457244585687382,,0.06
pheme,2,A,m,"{""alpha"": [0.15, 0.85], ""anfis"": ""default"", ""cd"": 8, ""m"": 1.2, ""sd"": 1.0}",1.2,0.15,0.85,1.0,8,default,0.8793817921854222,0.012546497684847724,0.2494193273775462,,4.09
crisismmd,0,A,m,"{""alpha"": [0.15, 0.85], ""anfis"": ""default"", ""cd"": 8, ""m"": 1.3, ""sd"": 1.0}",1.3,0.15,0.85,1.0,8,default,0.37560883731751404,0.5986237964570016,0.6418653619807666,,1.66
crisismmd,1,A,m,"{""alpha"": [0.15, 0.85], ""anfis"": ""default"", ""cd"": 8, ""m"": 1.3, ""sd"": 1.0}",1.3,0.15,0.85,1.0,8,default,0.3602569181461499,0.5952436258934692,0.643925544460892,,1.61
fakeddit,1,A,m,"{""alpha"": [0.15, 0.85], ""anfis"": ""default"", ""cd"": 8, ""m"": 1.2, ""sd"": 1.0}",1.2,0.15,0.85,1.0,8,default,0.2941918368190173,0.5453636117957134,0.5762411714217739,,4.8
fakeddit,0,A,m,"{""alpha"": [0.15, 0.85], ""anfis"": ""default"", ""cd"": 8, ""m"": 1.2, ""sd"": 1.0}",1.2,0.15,0.85,1.0,8,default,0.2755947075958013,0.6029786029696688,0.6554248877850908,,5.28
crisismmd,2,A,m,"{""alpha"": [0.15, 0.85], ""anfis"": ""default"", ""cd"": 8, ""m"": 1.3, ""sd"": 1.0}",1.3,0.15,0.85,1.0,8,default,0.3737034575010519,0.6107714413297108,0.6508688194156357,,1.53
fakeddit,2,A,m,"{""alpha"": [0.15, 0.85], ""anfis"": ""default"", ""cd"": 8, ""m"": 1.2, ""sd"": 1.0}",1.2,0.15,0.85,1.0,8,default,0.30681724775725205,0.6813457321358556,0.6898513287347451,,4.58
pheme,1,A,m,"{""alpha"": [0.15, 0.85], ""anfis"": ""default"", ""cd"": 8, ""m"": 1.2, ""sd"": 1.0}",1.2,0.15,0.85,1.0,8,default,0.8584900455288305,0.0,0.24688605629337904,,6.78
pheme,0,A,m,"{""alpha"": [0.15, 0.85], ""anfis"": ""default"", ""cd"": 8, ""m"": 1.3, ""sd"": 1.0}",1.3,0.15,0.85,1.0,8,default,0.8755172557247393,0.012568242658416051,0.24406164370913722,,3.14
dblp,0,A,m,"{""alpha"": [0.15, 0.85], ""anfis"": ""default"", ""cd"": 8, ""m"": 1.3, ""sd"": 1.0}",1.3,0.15,0.85,1.0,8,default,0.7786573928442441,0.6201470528059725,0.6904631189189294,,0.08
dblp,1,A,m,"{""alpha"": [0.15, 0.85], ""anfis"": ""default"", ""cd"": 8, ""m"": 1.3, ""sd"": 1.0}",1.3,0.15,0.85,1.0,8,default,0.7816441652553637,0.6320706386247106,0.7074278840163493,,0.11
dblp,2,A,m,"{""alpha"": [0.15, 0.85], ""anfis"": ""default"", ""cd"": 8, ""m"": 1.3, ""sd"": 1.0}",1.3,0.15,0.85,1.0,8,default,0.76945982844064,0.6713058999250033,0.722780836755507,,0.08
amazon,0,A,m,"{""alpha"": [0.15, 0.85], ""anfis"": ""default"", ""cd"": 8, ""m"": 1.3, ""sd"": 1.0}",1.3,0.15,0.85,1.0,8,default,0.7776876633006143,0.5809531444992124,0.6843607258240728,,0.06
amazon,1,A,m,"{""alpha"": [0.15, 0.85], ""anfis"": ""default"", ""cd"": 8, ""m"": 1.3, ""sd"": 1.0}",1.3,0.15,0.85,1.0,8,default,0.7951698326389379,0.5052184061681952,0.6843989273490703,,0.09
amazon,2,A,m,"{""alpha"": [0.15, 0.85], ""anfis"": ""default"", ""cd"": 8, ""m"": 1.3, ""sd"": 1.0}",1.3,0.15,0.85,1.0,8,default,0.6945046253795636,0.3957195681691237,0.46162119769917304,,0.05
pheme,2,A,m,"{""alpha"": [0.15, 0.85], ""anfis"": ""default"", ""cd"": 8, ""m"": 1.3, ""sd"": 1.0}",1.3,0.15,0.85,1.0,8,default,0.8742463372024922,0.012861962632682689,0.24744118342268973,,3.3
pheme,1,A,m,"{""alpha"": [0.15, 0.85], ""anfis"": ""default"", ""cd"": 8, ""m"": 1.3, ""sd"": 1.0}",1.3,0.15,0.85,1.0,8,default,0.8726653234122518,0.0,0.2385064995353861,,4.67
crisismmd,0,A,m,"{""alpha"": [0.15, 0.85], ""anfis"": ""default"", ""cd"": 8, ""m"": 1.75, ""sd"": 1.0}",1.75,0.15,0.85,1.0,8,default,0.3573458410168619,0.0,0.0,,1.44
crisismmd,1,A,m,"{""alpha"": [0.15, 0.85], ""anfis"": ""default"", ""cd"": 8, ""m"": 1.75, ""sd"": 1.0}",1.75,0.15,0.85,1.0,8,default,0.3394724930687693,0.0,0.0,,1.48
fakeddit,1,A,m,"{""alpha"": [0.15, 0.85], ""anfis"": ""default"", ""cd"": 8, ""m"": 1.3, ""sd"": 1.0}",1.3,0.15,0.85,1.0,8,default,0.3026153782479178,0.3877954980355549,0.4775209964999367,,4.59
fakeddit,0,A,m,"{""alpha"": [0.15, 0.85], ""anfis"": ""default"", ""cd"": 8, ""m"": 1.3, ""sd"": 1.0}",1.3,0.15,0.85,1.0,8,default,0.276771210290888,0.6231876049203114,0.6586484981649241,,4.8
fakeddit,2,A,m,"{""alpha"": [0.15, 0.85], ""anfis"": ""default"", ""cd"": 8, ""m"": 1.3, ""sd"": 1.0}",1.3,0.15,0.85,1.0,8,default,0.2919382002227973,0.40157271879966516,0.48635135726470236,,4.58
crisismmd,2,A,m,"{""alpha"": [0.15, 0.85], ""anfis"": ""default"", ""cd"": 8, ""m"": 1.75, ""sd"": 1.0}",1.75,0.15,0.85,1.0,8,default,0.4626640860525637,0.0,0.0,,1.33
pheme,0,A,m,"{""alpha"": [0.15, 0.85], ""anfis"": ""default"", ""cd"": 8, ""m"": 1.75, ""sd"": 1.0}",1.75,0.15,0.85,1.0,8,default,0.6570760878192159,0.0,0.036246612466124664,,4.75
dblp,0,A,m,"{""alpha"": [0.15, 0.85], ""anfis"": ""default"", ""cd"": 8, ""m"": 1.75, ""sd"": 1.0}",1.75,0.15,0.85,1.0,8,default,0.7788480378917624,0.7244561212777838,0.7399602836033007,,0.08
dblp,1,A,m,"{""alpha"": [0.15, 0.85], ""anfis"": ""default"", ""cd"": 8, ""m"": 1.75, ""sd"": 1.0}",1.75,0.15,0.85,1.0,8,default,0.7752487300038942,0.7570625552416503,0.7888455554912233,,0.08
dblp,2,A,m,"{""alpha"": [0.15, 0.85], ""anfis"": ""default"", ""cd"": 8, ""m"": 1.75, ""sd"": 1.0}",1.75,0.15,0.85,1.0,8,default,0.7669655557356092,0.6835270660076851,0.7257428979764406,,0.11
amazon,0,A,m,"{""alpha"": [0.15, 0.85], ""anfis"": ""default"", ""cd"": 8, ""m"": 1.75, ""sd"": 1.0}",1.75,0.15,0.85,1.0,8,default,0.7816008756443754,0.6046358914804084,0.6853882301979916,,0.03
amazon,1,A,m,"{""alpha"": [0.15, 0.85], ""anfis"": ""default"", ""cd"": 8, ""m"": 1.75, ""sd"": 1.0}",1.75,0.15,0.85,1.0,8,default,0.8034383165030718,0.6673058372829244,0.8147477482661138,,0.06
amazon,2,A,m,"{""alpha"": [0.15, 0.85], ""anfis"": ""default"", ""cd"": 8, ""m"": 1.75, ""sd"": 1.0}",1.75,0.15,0.85,1.0,8,default,0.7050233034390226,0.5226865456261025,0.542702346743295,,0.11
fakeddit,0,A,m,"{""alpha"": [0.15, 0.85], ""anfis"": ""default"", ""cd"": 8, ""m"": 1.75, ""sd"": 1.0}",1.75,0.15,0.85,1.0,8,default,0.37109668041211513,0.18900333445577155,0.043359375000000006,,5.0
fakeddit,1,A,m,"{""alpha"": [0.15, 0.85], ""anfis"": ""default"", ""cd"": 8, ""m"": 1.75, ""sd"": 1.0}",1.75,0.15,0.85,1.0,8,default,0.3698755944234757,0.0,0.0,,5.19
fakeddit,2,A,m,"{""alpha"": [0.15, 0.85], ""anfis"": ""default"", ""cd"": 8, ""m"": 1.75, ""sd"": 1.0}",1.75,0.15,0.85,1.0,8,default,0.3719943089841449,0.0,0.0,,4.67
pheme,1,A,m,"{""alpha"": [0.15, 0.85], ""anfis"": ""default"", ""cd"": 8, ""m"": 1.75, ""sd"": 1.0}",1.75,0.15,0.85,1.0,8,default,0.6540630593922427,0.0,0.03504968383017164,,5.66
crisismmd,0,A,m,"{""alpha"": [0.15, 0.85], ""anfis"": ""default"", ""cd"": 8, ""m"": 2.0, ""sd"": 1.0}",2.0,0.15,0.85,1.0,8,default,0.4494399727959473,0.0,0.0,,1.47
crisismmd,1,A,m,"{""alpha"": [0.15, 0.85], ""anfis"": ""default"", ""cd"": 8, ""m"": 2.0, ""sd"": 1.0}",2.0,0.15,0.85,1.0,8,default,0.37866914681632796,0.0,0.0,,1.5
crisismmd,2,A,m,"{""alpha"": [0.15, 0.85], ""anfis"": ""default"", ""cd"": 8, ""m"": 2.0, ""sd"": 1.0}",2.0,0.15,0.85,1.0,8,default,0.4647993389428583,0.0,0.0,,1.44
pheme,2,A,m,"{""alpha"": [0.15, 0.85], ""anfis"": ""default"", ""cd"": 8, ""m"": 1.75, ""sd"": 1.0}",1.75,0.15,0.85,1.0,8,default,0.7162238834726303,0.0,0.04615519836027467,,8.2
pheme,1,A,m,"{""alpha"": [0.15, 0.85], ""anfis"": ""default"", ""cd"": 8, ""m"": 2.0, ""sd"": 1.0}",2.0,0.15,0.85,1.0,8,default,0.49376165623328366,0.0,0.0,,3.23
dblp,0,A,m,"{""alpha"": [0.15, 0.85], ""anfis"": ""default"", ""cd"": 8, ""m"": 2.0, ""sd"": 1.0}",2.0,0.15,0.85,1.0,8,default,0.7788480378917624,0.7375850257844323,0.7445899132329303,,0.08
dblp,1,A,m,"{""alpha"": [0.15, 0.85], ""anfis"": ""default"", ""cd"": 8, ""m"": 2.0, ""sd"": 1.0}",2.0,0.15,0.85,1.0,8,default,0.7806658737244876,0.6618428956804925,0.6694425704165964,,0.09
dblp,2,A,m,"{""alpha"": [0.15, 0.85], ""anfis"": ""default"", ""cd"": 8, ""m"": 2.0, ""sd"": 1.0}",2.0,0.15,0.85,1.0,8,default,0.7669655557356092,0.6835270660076851,0.7257428979764406,,0.06
amazon,0,A,m,"{""alpha"": [0.15, 0.85], ""anfis"": ""default"", ""cd"": 8, ""m"": 2.0, ""sd"": 1.0}",2.0,0.15,0.85,1.0,8,default,0.7889040322011157,0.6058089122670833,0.6846444683964448,,0.06
amazon,1,A,m,"{""alpha"": [0.15, 0.85], ""anfis"": ""default"", ""cd"": 8, ""m"": 2.0, ""sd"": 1.0}",2.0,0.15,0.85,1.0,8,default,0.7885749593955229,0.7134406405190321,0.8346959576568145,,0.06
amazon,2,A,m,"{""alpha"": [0.15, 0.85], ""anfis"": ""default"", ""cd"": 8, ""m"": 2.0, ""sd"": 1.0}",2.0,0.15,0.85,1.0,8,default,0.707269613727844,0.5320303754368098,0.5449743544908784,,0.05
pheme,2,A,m,"{""alpha"": [0.15, 0.85], ""anfis"": ""default"", ""cd"": 8, ""m"": 2.0, ""sd"": 1.0}",2.0,0.15,0.85,1.0,8,default,0.4954499199092669,0.0,0.0,,3.27
pheme,0,A,m,"{""alpha"": [0.15, 0.85], ""anfis"": ""default"", ""cd"": 8, ""m"": 2.0, ""sd"": 1.0}",2.0,0.15,0.85,1.0,8,default,0.4957474756445393,0.0,0.0,,4.56
crisismmd,0,A,alpha,"{""alpha"": [0.05, 0.95], ""anfis"": ""default"", ""cd"": 8, ""m"": 1.5, ""sd"": 1.0}",1.5,0.05,0.95,1.0,8,default,0.46899673466857045,0.46983467603216167,0.1342426417803302,,1.53
fakeddit,0,A,m,"{""alpha"": [0.15, 0.85], ""anfis"": ""default"", ""cd"": 8, ""m"": 2.0, ""sd"": 1.0}",2.0,0.15,0.85,1.0,8,default,0.3750100724098048,0.0,0.0,,4.55
crisismmd,1,A,alpha,"{""alpha"": [0.05, 0.95], ""anfis"": ""default"", ""cd"": 8, ""m"": 1.5, ""sd"": 1.0}",1.5,0.05,0.95,1.0,8,default,0.46672735254455,0.4607400187914148,0.13309222423146475,,1.58
fakeddit,1,A,m,"{""alpha"": [0.15, 0.85], ""anfis"": ""default"", ""cd"": 8, ""m"": 2.0, ""sd"": 1.0}",2.0,0.15,0.85,1.0,8,default,0.3698755944234757,0.0,0.0,,4.39
crisismmd,2,A,alpha,"{""alpha"": [0.05, 0.95], ""anfis"": ""default"", ""cd"": 8, ""m"": 1.5, ""sd"": 1.0}",1.5,0.05,0.95,1.0,8,default,0.521436788502673,0.5383069352167476,0.2706055229445283,,1.33
fakeddit,2,A,m,"{""alpha"": [0.15, 0.85], ""anfis"": ""default"", ""cd"": 8, ""m"": 2.0, ""sd"": 1.0}",2.0,0.15,0.85,1.0,8,default,0.37186520950061347,0.0,0.0,,3.53
pheme,0,A,alpha,"{""alpha"": [0.05, 0.95], ""anfis"": ""default"", ""cd"": 8, ""m"": 1.5, ""sd"": 1.0}",1.5,0.05,0.95,1.0,8,default,0.874291627044202,0.012784573613956018,0.23715484591357722,,3.26
pheme,2,A,alpha,"{""alpha"": [0.05, 0.95], ""anfis"": ""default"", ""cd"": 8, ""m"": 1.5, ""sd"": 1.0}",1.5,0.05,0.95,1.0,8,default,0.8801347542443367,0.0,0.23699306384692984,,4.31
crisismmd,0,A,alpha,"{""alpha"": [0.25, 0.75], ""anfis"": ""default"", ""cd"": 8, ""m"": 1.5, ""sd"": 1.0}",1.5,0.25,0.75,1.0,8,default,0.5261484439105307,0.6514515993606711,0.4199402279641174,,1.62
fakeddit,0,A,alpha,"{""alpha"": [0.05, 0.95], ""anfis"": ""default"", ""cd"": 8, ""m"": 1.5, ""sd"": 1.0}",1.5,0.05,0.95,1.0,8,default,0.2656421092211253,0.32943899536615684,0.08083209509658248,,4.75
fakeddit,1,A,alpha,"{""alpha"": [0.05, 0.95], ""anfis"": ""default"", ""cd"": 8, ""m"": 1.5, ""sd"": 1.0}",1.5,0.05,0.95,1.0,8,default,0.27314634995330267,0.3105638006311833,0.07755725190839695,,4.86
fakeddit,2,A,alpha,"{""alpha"": [0.05, 0.95], ""anfis"": ""default"", ""cd"": 8, ""m"": 1.5, ""sd"": 1.0}",1.5,0.05,0.95,1.0,8,default,0.3272689744659498,0.23573648760301613,0.06124567474048444,,4.73
crisismmd,1,A,alpha,"{""alpha"": [0.25, 0.75], ""anfis"": ""default"", ""cd"": 8, ""m"": 1.5, ""sd"": 1.0}",1.5,0.25,0.75,1.0,8,default,0.5121833147500613,0.6072792728495013,0.7436083970280178,,1.53
crisismmd,2,A,alpha,"{""alpha"": [0.25, 0.75], ""anfis"": ""default"", ""cd"": 8, ""m"": 1.5, ""sd"": 1.0}",1.5,0.25,0.75,1.0,8,default,0.5119282767560522,0.623353382652619,0.733020162674988,,1.45
pheme,1,A,alpha,"{""alpha"": [0.05, 0.95], ""anfis"": ""default"", ""cd"": 8, ""m"": 1.5, ""sd"": 1.0}",1.5,0.05,0.95,1.0,8,default,0.8719346374644061,0.0,0.22592482070912168,,7.39
fakeddit,1,A,alpha,"{""alpha"": [0.25, 0.75], ""anfis"": ""default"", ""cd"": 8, ""m"": 1.5, ""sd"": 1.0}",1.5,0.25,0.75,1.0,8,default,0.3163528998070474,0.3927487276898317,0.17380689456500864,,5.06
fakeddit,0,A,alpha,"{""alpha"": [0.25, 0.75], ""anfis"": ""default"", ""cd"": 8, ""m"": 1.5, ""sd"": 1.0}",1.5,0.25,0.75,1.0,8,default,0.2880412343196174,0.44827904940264574,0.18223216783216784,,5.27
fakeddit,2,A,alpha,"{""alpha"": [0.25, 0.75], ""anfis"": ""default"", ""cd"": 8, ""m"": 1.5, ""sd"": 1.0}",1.5,0.25,0.75,1.0,8,default,0.31953888687877774,0.39203289545518105,0.1733467255926075,,4.8
crisismmd,0,A,sd,"{""alpha"": [0.15, 0.85], ""anfis"": ""default"", ""cd"": 8, ""m"": 1.5, ""sd"": 0.5}",1.5,0.15,0.85,0.5,8,default,0.5225218086561552,0.6460426540239833,0.7328461875448058,,1.55
crisismmd,1,A,sd,"{""alpha"": [0.15, 0.85], ""anfis"": ""default"", ""cd"": 8, ""m"": 1.5, ""sd"": 0.5}",1.5,0.15,0.85,0.5,8,default,0.520622369685354,0.6350401874723505,0.7340884824961208,,1.53
crisismmd,2,A,sd,"{""alpha"": [0.15, 0.85], ""anfis"": ""default"", ""cd"": 8, ""m"": 1.5, ""sd"": 0.5}",1.5,0.15,0.85,0.5,8,default,0.44861875547567115,0.652644746473948,0.6824427417115414,,1.61
pheme,0,A,alpha,"{""alpha"": [0.25, 0.75], ""anfis"": ""default"", ""cd"": 8, ""m"": 1.5, ""sd"": 1.0}",1.5,0.25,0.75,1.0,8,default,0.823496192850342,0.0,0.16217403478098763,,9.36
pheme,0,A,sd,"{""alpha"": [0.15, 0.85], ""anfis"": ""default"", ""cd"": 8, ""m"": 1.5, ""sd"": 0.5}",1.5,0.15,0.85,0.5,8,default,0.8810108987717453,0.0,0.23665819315315742,,1.97
pheme,1,A,alpha,"{""alpha"": [0.25, 0.75], ""anfis"": ""default"", ""cd"": 8, ""m"": 1.5, ""sd"": 1.0}",1.5,0.25,0.75,1.0,8,default,0.7694183515618799,0.0,0.12021802793010197,,9.53
pheme,2,A,alpha,"{""alpha"": [0.25, 0.75], ""anfis"": ""default"", ""cd"": 8, ""m"": 1.5, ""sd"": 1.0}",1.5,0.25,0.75,1.0,8,default,0.7744676525788213,0.0,0.09457700099966004,,12.2
dblp,0,A,sd,"{""alpha"": [0.15, 0.85], ""anfis"": ""default"", ""cd"": 8, ""m"": 1.5, ""sd"": 0.5}",1.5,0.15,0.85,0.5,8,default,0.7578620781934193,1.0,1.0,,0.05
dblp,1,A,sd,"{""alpha"": [0.15, 0.85], ""anfis"": ""default"", ""cd"": 8, ""m"": 1.5, ""sd"": 0.5}",1.5,0.15,0.85,0.5,8,default,0.7578620781934193,1.0,1.0,,0.05
dblp,2,A,sd,"{""alpha"": [0.15, 0.85], ""anfis"": ""default"", ""cd"": 8, ""m"": 1.5, ""sd"": 0.5}",1.5,0.15,0.85,0.5,8,default,0.7578620781934193,1.0,1.0,,0.03
amazon,0,A,sd,"{""alpha"": [0.15, 0.85], ""anfis"": ""default"", ""cd"": 8, ""m"": 1.5, ""sd"": 0.5}",1.5,0.15,0.85,0.5,8,default,0.8583814702351529,1.0,1.0,,0.03
amazon,1,A,sd,"{""alpha"": [0.15, 0.85], ""anfis"": ""default"", ""cd"": 8, ""m"": 1.5, ""sd"": 0.5}",1.5,0.15,0.85,0.5,8,default,0.8583814702351529,1.0,1.0,,0.03
amazon,2,A,sd,"{""alpha"": [0.15, 0.85], ""anfis"": ""default"", ""cd"": 8, ""m"": 1.5, ""sd"": 0.5}",1.5,0.15,0.85,0.5,8,default,0.8583814702351529,1.0,1.0,,0.02
pheme,1,A,sd,"{""alpha"": [0.15, 0.85], ""anfis"": ""default"", ""cd"": 8, ""m"": 1.5, ""sd"": 0.5}",1.5,0.15,0.85,0.5,8,default,0.8713663753462755,0.0,0.22349243113669603,,5.26
pheme,2,A,sd,"{""alpha"": [0.15, 0.85], ""anfis"": ""default"", ""cd"": 8, ""m"": 1.5, ""sd"": 0.5}",1.5,0.15,0.85,0.5,8,default,0.869023695586173,0.0,0.25646578111544555,,4.66
fakeddit,0,A,sd,"{""alpha"": [0.15, 0.85], ""anfis"": ""default"", ""cd"": 8, ""m"": 1.5, ""sd"": 0.5}",1.5,0.15,0.85,0.5,8,default,0.3111832221367108,0.49125570446050837,0.19129503439467793,,4.75
fakeddit,2,A,sd,"{""alpha"": [0.15, 0.85], ""anfis"": ""default"", ""cd"": 8, ""m"": 1.5, ""sd"": 0.5}",1.5,0.15,0.85,0.5,8,default,0.31926356744283985,0.48630196468351117,0.19098020248183062,,4.44
crisismmd,0,A,sd,"{""alpha"": [0.15, 0.85], ""anfis"": ""default"", ""cd"": 8, ""m"": 1.5, ""sd"": 1.5}",1.5,0.15,0.85,1.5,8,default,0.3033359187168477,0.0,0.0,,1.45
crisismmd,1,A,sd,"{""alpha"": [0.15, 0.85], ""anfis"": ""default"", ""cd"": 8, ""m"": 1.5, ""sd"": 1.5}",1.5,0.15,0.85,1.5,8,default,0.4524535295128871,0.0,0.0,,1.36
fakeddit,1,A,sd,"{""alpha"": [0.15, 0.85], ""anfis"": ""default"", ""cd"": 8, ""m"": 1.5, ""sd"": 0.5}",1.5,0.15,0.85,0.5,8,default,0.3164445476676886,0.4892846694168205,0.1916628230476433,,4.77
crisismmd,2,A,sd,"{""alpha"": [0.15, 0.85], ""anfis"": ""default"", ""cd"": 8, ""m"": 1.5, ""sd"": 1.5}",1.5,0.15,0.85,1.5,8,default,0.41548506942066427,0.0,0.0,,1.28
pheme,0,A,sd,"{""alpha"": [0.15, 0.85], ""anfis"": ""default"", ""cd"": 8, ""m"": 1.5, ""sd"": 1.5}",1.5,0.15,0.85,1.5,8,default,0.8583960727953805,0.0,0.3010086334460392,,4.8
dblp,0,A,sd,"{""alpha"": [0.15, 0.85], ""anfis"": ""default"", ""cd"": 8, ""m"": 1.5, ""sd"": 1.5}",1.5,0.15,0.85,1.5,8,default,0.7655184186063918,0.5860778397344284,0.7051058619757582,,0.09
dblp,1,A,sd,"{""alpha"": [0.15, 0.85], ""anfis"": ""default"", ""cd"": 8, ""m"": 1.5, ""sd"": 1.5}",1.5,0.15,0.85,1.5,8,default,0.7366528166570109,0.4261601284256926,0.4375531622938183,,0.06
dblp,2,A,sd,"{""alpha"": [0.15, 0.85], ""anfis"": ""default"", ""cd"": 8, ""m"": 1.5, ""sd"": 1.5}",1.5,0.15,0.85,1.5,8,default,0.7464101361029116,0.5313763683239505,0.6599330345549934,,0.08
amazon,0,A,sd,"{""alpha"": [0.15, 0.85], ""anfis"": ""default"", ""cd"": 8, ""m"": 1.5, ""sd"": 1.5}",1.5,0.15,0.85,1.5,8,default,0.7872855024362686,0.669113408515845,0.7267972229444832,,0.06
amazon,1,A,sd,"{""alpha"": [0.15, 0.85], ""anfis"": ""default"", ""cd"": 8, ""m"": 1.5, ""sd"": 1.5}",1.5,0.15,0.85,1.5,8,default,0.8528800932137561,0.8503594340628927,0.9240854105833426,,0.08
fakeddit,1,A,sd,"{""alpha"": [0.15, 0.85], ""anfis"": ""default"", ""cd"": 8, ""m"": 1.5, ""sd"": 1.5}",1.5,0.15,0.85,1.5,8,default,0.27640151008969593,0.238591892865323,0.06124567474048444,,4.81
fakeddit,0,A,sd,"{""alpha"": [0.15, 0.85], ""anfis"": ""default"", ""cd"": 8, ""m"": 1.5, ""sd"": 1.5}",1.5,0.15,0.85,1.5,8,default,0.34511770190165764,0.29093202401180984,0.0737007874015748,,4.89
amazon,2,A,sd,"{""alpha"": [0.15, 0.85], ""anfis"": ""default"", ""cd"": 8, ""m"": 1.5, ""sd"": 1.5}",1.5,0.15,0.85,1.5,8,default,0.8502277381540851,0.8503594340628927,0.9240854105833426,,0.09
fakeddit,2,A,sd,"{""alpha"": [0.15, 0.85], ""anfis"": ""default"", ""cd"": 8, ""m"": 1.5, ""sd"": 1.5}",1.5,0.15,0.85,1.5,8,default,0.2790386642999415,0.23920713352899936,0.06100519930675909,,4.62
pheme,1,A,sd,"{""alpha"": [0.15, 0.85], ""anfis"": ""default"", ""cd"": 8, ""m"": 1.5, ""sd"": 1.5}",1.5,0.15,0.85,1.5,8,default,0.8570885683423711,0.0,0.2627033855375388,,6.06
crisismmd,0,A,sd,"{""alpha"": [0.15, 0.85], ""anfis"": ""default"", ""cd"": 8, ""m"": 1.5, ""sd"": 2.0}",1.5,0.15,0.85,2.0,8,default,0.2665822703995985,0.0,0.0,,1.41
crisismmd,2,A,sd,"{""alpha"": [0.15, 0.85], ""anfis"": ""default"", ""cd"": 8, ""m"": 1.5, ""sd"": 2.0}",1.5,0.15,0.85,2.0,8,default,0.4078722522386006,0.0,0.0,,1.38
crisismmd,1,A,sd,"{""alpha"": [0.15, 0.85], ""anfis"": ""default"", ""cd"": 8, ""m"": 1.5, ""sd"": 2.0}",1.5,0.15,0.85,2.0,8,default,0.38488404536111787,0.0,0.0,,1.47
pheme,1,A,sd,"{""alpha"": [0.15, 0.85], ""anfis"": ""default"", ""cd"": 8, ""m"": 1.5, ""sd"": 2.0}",1.5,0.15,0.85,2.0,8,default,0.8336088096560893,0.0,0.26749976276515663,,3.72
pheme,0,A,sd,"{""alpha"": [0.15, 0.85], ""anfis"": ""default"", ""cd"": 8, ""m"": 1.5, ""sd"": 2.0}",1.5,0.15,0.85,2.0,8,default,0.8256310114151054,0.0,0.13007649249394895,,5.33
dblp,0,A,sd,"{""alpha"": [0.15, 0.85], ""anfis"": ""default"", ""cd"": 8, ""m"": 1.5, ""sd"": 2.0}",1.5,0.15,0.85,2.0,8,default,0.8033745232549888,0.4729548027768501,0.5419957101374633,,0.09
dblp,1,A,sd,"{""alpha"": [0.15, 0.85], ""anfis"": ""default"", ""cd"": 8, ""m"": 1.5, ""sd"": 2.0}",1.5,0.15,0.85,2.0,8,default,0.8071485891030822,0.5837048626489786,0.5977311527987018,,0.08
dblp,2,A,sd,"{""alpha"": [0.15, 0.85], ""anfis"": ""default"", ""cd"": 8, ""m"": 1.5, ""sd"": 2.0}",1.5,0.15,0.85,2.0,8,default,0.8051752363380759,0.4579690047071351,0.5287584699122476,,0.06
amazon,0,A,sd,"{""alpha"": [0.15, 0.85], ""anfis"": ""default"", ""cd"": 8, ""m"": 1.5, ""sd"": 2.0}",1.5,0.15,0.85,2.0,8,default,0.7556196596285573,0.5235415299065894,0.654113049860578,,0.06
amazon,1,A,sd,"{""alpha"": [0.15, 0.85], ""anfis"": ""default"", ""cd"": 8, ""m"": 1.5, ""sd"": 2.0}",1.5,0.15,0.85,2.0,8,default,0.7658099710472425,0.6681014288042969,0.7231574834135075,,0.09
amazon,2,A,sd,"{""alpha"": [0.15, 0.85], ""anfis"": ""default"", ""cd"": 8, ""m"": 1.5, ""sd"": 2.0}",1.5,0.15,0.85,2.0,8,default,0.7720644728479628,0.6686777641894626,0.7235609595153076,,0.06
fakeddit,1,A,sd,"{""alpha"": [0.15, 0.85], ""anfis"": ""default"", ""cd"": 8, ""m"": 1.5, ""sd"": 2.0}",1.5,0.15,0.85,2.0,8,default,0.338345526048177,0.0,0.0,,5.23
fakeddit,0,A,sd,"{""alpha"": [0.15, 0.85], ""anfis"": ""default"", ""cd"": 8, ""m"": 1.5, ""sd"": 2.0}",1.5,0.15,0.85,2.0,8,default,0.3519077499320421,0.18747935498525936,0.04274509803921568,,5.33
crisismmd,0,A,cd,"{""alpha"": [0.15, 0.85], ""anfis"": ""default"", ""cd"": 4, ""m"": 1.5, ""sd"": 1.0}",1.5,0.15,0.85,1.0,4,default,0.27738107525206446,0.4080584423392648,0.573894917799724,,1.16
pheme,2,A,sd,"{""alpha"": [0.15, 0.85], ""anfis"": ""default"", ""cd"": 8, ""m"": 1.5, ""sd"": 2.0}",1.5,0.15,0.85,2.0,8,default,0.7756925436397868,0.0,0.0666602005666655,,6.48
crisismmd,2,A,cd,"{""alpha"": [0.15, 0.85], ""anfis"": ""default"", ""cd"": 4, ""m"": 1.5, ""sd"": 1.0}",1.5,0.15,0.85,1.0,4,default,0.29216786102069336,0.423780038560968,0.5819952837356492,,1.12
crisismmd,1,A,cd,"{""alpha"": [0.15, 0.85], ""anfis"": ""default"", ""cd"": 4, ""m"": 1.5, ""sd"": 1.0}",1.5,0.15,0.85,1.0,4,default,0.28167927708777735,0.4169821906978213,0.5975991508481248,,1.22
fakeddit,2,A,sd,"{""alpha"": [0.15, 0.85], ""anfis"": ""default"", ""cd"": 8, ""m"": 1.5, ""sd"": 2.0}",1.5,0.15,0.85,2.0,8,default,0.3432633433064391,0.0,0.0,,4.41
pheme,2,A,sd,"{""alpha"": [0.15, 0.85], ""anfis"": ""default"", ""cd"": 8, ""m"": 1.5, ""sd"": 1.5}",1.5,0.15,0.85,1.5,8,default,0.810932613731349,0.0,0.14187489187589072,,14.3
pheme,0,A,cd,"{""alpha"": [0.15, 0.85], ""anfis"": ""default"", ""cd"": 4, ""m"": 1.5, ""sd"": 1.0}",1.5,0.15,0.85,1.0,4,default,0.8651647650342359,0.0,0.28702009910060355,,3.76
fakeddit,0,A,cd,"{""alpha"": [0.15, 0.85], ""anfis"": ""default"", ""cd"": 4, ""m"": 1.5, ""sd"": 1.0}",1.5,0.15,0.85,1.0,4,default,0.20151039674952276,0.2828344245390858,0.15193782236336545,,3.59
fakeddit,1,A,cd,"{""alpha"": [0.15, 0.85], ""anfis"": ""default"", ""cd"": 4, ""m"": 1.5, ""sd"": 1.0}",1.5,0.15,0.85,1.0,4,default,0.21763238076870695,0.3334323251531025,0.15720944245560559,,3.31
fakeddit,2,A,cd,"{""alpha"": [0.15, 0.85], ""anfis"": ""default"", ""cd"": 4, ""m"": 1.5, ""sd"": 1.0}",1.5,0.15,0.85,1.0,4,default,0.17893755383670792,0.2654252038485372,0.19930337752464544,,3.31
crisismmd,0,A,cd,"{""alpha"": [0.15, 0.85], ""anfis"": ""default"", ""cd"": 16, ""m"": 1.5, ""sd"": 1.0}",1.5,0.15,0.85,1.0,16,default,0.5292514689263859,0.5991464961509532,0.28150024270067553,,2.83
pheme,1,A,cd,"{""alpha"": [0.15, 0.85], ""anfis"": ""default"", ""cd"": 4, ""m"": 1.5, ""sd"": 1.0}",1.5,0.15,0.85,1.0,4,default,0.8570915188206584,0.0,0.29768009864315825,,6.06
crisismmd,1,A,cd,"{""alpha"": [0.15, 0.85], ""anfis"": ""default"", ""cd"": 16, ""m"": 1.5, ""sd"": 1.0}",1.5,0.15,0.85,1.0,16,default,0.5192970381411914,0.6511492922214568,0.4198603177824814,,2.64
crisismmd,2,A,cd,"{""alpha"": [0.15, 0.85], ""anfis"": ""default"", ""cd"": 16, ""m"": 1.5, ""sd"": 1.0}",1.5,0.15,0.85,1.0,16,default,0.5134269178294443,0.5934484496806038,0.2807685039827897,,2.48
pheme,0,A,cd,"{""alpha"": [0.15, 0.85], ""anfis"": ""default"", ""cd"": 16, ""m"": 1.5, ""sd"": 1.0}",1.5,0.15,0.85,1.0,16,default,0.8651647650342359,0.0,0.28702009910060355,,3.73
pheme,2,A,cd,"{""alpha"": [0.15, 0.85], ""anfis"": ""default"", ""cd"": 4, ""m"": 1.5, ""sd"": 1.0}",1.5,0.15,0.85,1.0,4,default,0.8543142336088391,0.023123759282070777,0.31632624981210006,,8.97
pheme,1,A,cd,"{""alpha"": [0.15, 0.85], ""anfis"": ""default"", ""cd"": 16, ""m"": 1.5, ""sd"": 1.0}",1.5,0.15,0.85,1.0,16,default,0.8570915188206584,0.0,0.29768009864315825,,6.36
crisismmd,0,A,cd,"{""alpha"": [0.15, 0.85], ""anfis"": ""default"", ""cd"": 32, ""m"": 1.5, ""sd"": 1.0}",1.5,0.15,0.85,1.0,32,default,0.5056124675089084,0.6588546207171697,0.4217304682040813,,4.55
pheme,2,A,cd,"{""alpha"": [0.15, 0.85], ""anfis"": ""default"", ""cd"": 16, ""m"": 1.5, ""sd"": 1.0}",1.5,0.15,0.85,1.0,16,default,0.8543142336088391,0.023123759282070777,0.31632624981210006,,8.81
fakeddit,0,A,cd,"{""alpha"": [0.15, 0.85], ""anfis"": ""default"", ""cd"": 16, ""m"": 1.5, ""sd"": 1.0}",1.5,0.15,0.85,1.0,16,default,0.2784132145531872,0.317756231572061,0.07885196374622357,,8.67
fakeddit,1,A,cd,"{""alpha"": [0.15, 0.85], ""anfis"": ""default"", ""cd"": 16, ""m"": 1.5, ""sd"": 1.0}",1.5,0.15,0.85,1.0,16,default,0.2787854788432062,0.3136243389833384,0.07811550151975684,,8.78
crisismmd,1,A,cd,"{""alpha"": [0.15, 0.85], ""anfis"": ""default"", ""cd"": 32, ""m"": 1.5, ""sd"": 1.0}",1.5,0.15,0.85,1.0,32,default,0.5068956692532077,0.6634752068157137,0.4224861466919491,,4.39
fakeddit,2,A,cd,"{""alpha"": [0.15, 0.85], ""anfis"": ""default"", ""cd"": 16, ""m"": 1.5, ""sd"": 1.0}",1.5,0.15,0.85,1.0,16,default,0.2885836840332647,0.3105638006311833,0.07755725190839695,,8.38
crisismmd,2,A,cd,"{""alpha"": [0.15, 0.85], ""anfis"": ""default"", ""cd"": 32, ""m"": 1.5, ""sd"": 1.0}",1.5,0.15,0.85,1.0,32,default,0.5167028130866455,0.6634752068157137,0.4224861466919491,,4.56
pheme,0,A,cd,"{""alpha"": [0.15, 0.85], ""anfis"": ""default"", ""cd"": 32, ""m"": 1.5, ""sd"": 1.0}",1.5,0.15,0.85,1.0,32,default,0.8651647650342359,0.0,0.28702009910060355,,3.34
crisismmd,0,A,anfis,"{""alpha"": [0.15, 0.85], ""anfis"": ""shift-0.1"", ""cd"": 8, ""m"": 1.5, ""sd"": 1.0}",1.5,0.15,0.85,1.0,8,shift-0.1,0.36698180900507527,0.5148404902104073,0.13872832369942195,,1.64
pheme,1,A,cd,"{""alpha"": [0.15, 0.85], ""anfis"": ""default"", ""cd"": 32, ""m"": 1.5, ""sd"": 1.0}",1.5,0.15,0.85,1.0,32,default,0.8570915188206584,0.0,0.29768009864315825,,5.75
crisismmd,1,A,anfis,"{""alpha"": [0.15, 0.85], ""anfis"": ""shift-0.1"", ""cd"": 8, ""m"": 1.5, ""sd"": 1.0}",1.5,0.15,0.85,1.0,8,shift-0.1,0.28397294555620767,0.0,0.0,,1.62
crisismmd,2,A,anfis,"{""alpha"": [0.15, 0.85], ""anfis"": ""shift-0.1"", ""cd"": 8, ""m"": 1.5, ""sd"": 1.0}",1.5,0.15,0.85,1.0,8,shift-0.1,0.34523454856120456,0.0,0.0,,1.58
pheme,2,A,cd,"{""alpha"": [0.15, 0.85], ""anfis"": ""default"", ""cd"": 32, ""m"": 1.5, ""sd"": 1.0}",1.5,0.15,0.85,1.0,32,default,0.8543142336088391,0.023123759282070777,0.31632624981210006,,8.67
pheme,0,A,anfis,"{""alpha"": [0.15, 0.85], ""anfis"": ""shift-0.1"", ""cd"": 8, ""m"": 1.5, ""sd"": 1.0}",1.5,0.15,0.85,1.0,8,shift-0.1,0.8651647650342359,0.0,0.28702009910060355,,3.8
pheme,1,A,anfis,"{""alpha"": [0.15, 0.85], ""anfis"": ""shift-0.1"", ""cd"": 8, ""m"": 1.5, ""sd"": 1.0}",1.5,0.15,0.85,1.0,8,shift-0.1,0.8570915188206584,0.0,0.29768009864315825,,6.41
fakeddit,0,A,anfis,"{""alpha"": [0.15, 0.85], ""anfis"": ""shift-0.1"", ""cd"": 8, ""m"": 1.5, ""sd"": 1.0}",1.5,0.15,0.85,1.0,8,shift-0.1,0.2592831307079922,0.3146517577258,0.07830045523520485,,5.19
pheme,2,A,anfis,"{""alpha"": [0.15, 0.85], ""anfis"": ""shift-0.1"", ""cd"": 8, ""m"": 1.5, ""sd"": 1.0}",1.5,0.15,0.85,1.0,8,shift-0.1,0.8543142336088391,0.023123759282070777,0.31632624981210006,,8.78
fakeddit,1,A,anfis,"{""alpha"": [0.15, 0.85], ""anfis"": ""shift-0.1"", ""cd"": 8, ""m"": 1.5, ""sd"": 1.0}",1.5,0.15,0.85,1.0,8,shift-0.1,0.26339023085724383,0.29093202401180984,0.0737007874015748,,4.95
fakeddit,1,A,cd,"{""alpha"": [0.15, 0.85], ""anfis"": ""default"", ""cd"": 32, ""m"": 1.5, ""sd"": 1.0}",1.5,0.15,0.85,1.0,32,default,0.30830880530208465,0.29668807938157227,0.0748829953198128,,17.33
fakeddit,0,A,cd,"{""alpha"": [0.15, 0.85], ""anfis"": ""default"", ""cd"": 32, ""m"": 1.5, ""sd"": 1.0}",1.5,0.15,0.85,1.0,32,default,0.30565438728880584,0.2918838892927623,0.0738993710691824,,17.62
crisismmd,0,A,anfis,"{""alpha"": [0.15, 0.85], ""anfis"": ""shift+0.1"", ""cd"": 8, ""m"": 1.5, ""sd"": 1.0}",1.5,0.15,0.85,1.0,8,shift+0.1,0.5143837286763909,0.6214946136515848,0.7519874321340947,,1.44
fakeddit,2,A,anfis,"{""alpha"": [0.15, 0.85], ""anfis"": ""shift-0.1"", ""cd"": 8, ""m"": 1.5, ""sd"": 1.0}",1.5,0.15,0.85,1.0,8,shift-0.1,0.2600895955703145,0.2862160357425848,0.07269841269841268,,4.36
crisismmd,1,A,anfis,"{""alpha"": [0.15, 0.85], ""anfis"": ""shift+0.1"", ""cd"": 8, ""m"": 1.5, ""sd"": 1.0}",1.5,0.15,0.85,1.0,8,shift+0.1,0.5104697573093425,0.6178859459849235,0.7547475893141231,,1.42
fakeddit,2,A,cd,"{""alpha"": [0.15, 0.85], ""anfis"": ""default"", ""cd"": 32, ""m"": 1.5, ""sd"": 1.0}",1.5,0.15,0.85,1.0,32,default,0.31044871420692055,0.2957211648329916,0.07468749999999999,,17.02
crisismmd,2,A,anfis,"{""alpha"": [0.15, 0.85], ""anfis"": ""shift+0.1"", ""cd"": 8, ""m"": 1.5, ""sd"": 1.0}",1.5,0.15,0.85,1.0,8,shift+0.1,0.5139849598706335,0.625129477926818,0.7527411279644358,,1.38
pheme,0,A,anfis,"{""alpha"": [0.15, 0.85], ""anfis"": ""shift+0.1"", ""cd"": 8, ""m"": 1.5, ""sd"": 1.0}",1.5,0.15,0.85,1.0,8,shift+0.1,0.8651647650342359,0.0,0.28702009910060355,,3.72
crisismmd,0,A,anfis,"{""alpha"": [0.15, 0.85], ""anfis"": ""scale0.6"", ""cd"": 8, ""m"": 1.5, ""sd"": 1.0}",1.5,0.15,0.85,1.0,8,scale0.6,0.30310213388900603,0.0,0.0,,1.72
fakeddit,0,A,anfis,"{""alpha"": [0.15, 0.85], ""anfis"": ""shift+0.1"", ""cd"": 8, ""m"": 1.5, ""sd"": 1.0}",1.5,0.15,0.85,1.0,8,shift+0.1,0.3170591613520962,0.4436607193383224,0.18381159271382233,,5.16
fakeddit,1,A,anfis,"{""alpha"": [0.15, 0.85], ""anfis"": ""shift+0.1"", ""cd"": 8, ""m"": 1.5, ""sd"": 1.0}",1.5,0.15,0.85,1.0,8,shift+0.1,0.28917434180206114,0.4692156496263432,0.18617024336919624,,5.14
fakeddit,2,A,anfis,"{""alpha"": [0.15, 0.85], ""anfis"": ""shift+0.1"", ""cd"": 8, ""m"": 1.5, ""sd"": 1.0}",1.5,0.15,0.85,1.0,8,shift+0.1,0.31619677705692306,0.4302326522344331,0.1813758590678551,,4.84
pheme,1,A,anfis,"{""alpha"": [0.15, 0.85], ""anfis"": ""shift+0.1"", ""cd"": 8, ""m"": 1.5, ""sd"": 1.0}",1.5,0.15,0.85,1.0,8,shift+0.1,0.8570915188206584,0.0,0.29768009864315825,,6.22
crisismmd,1,A,anfis,"{""alpha"": [0.15, 0.85], ""anfis"": ""scale0.6"", ""cd"": 8, ""m"": 1.5, ""sd"": 1.0}",1.5,0.15,0.85,1.0,8,scale0.6,0.28822617268005063,0.496372054800149,0.1370767960363336,,1.42
crisismmd,2,A,anfis,"{""alpha"": [0.15, 0.85], ""anfis"": ""scale0.6"", ""cd"": 8, ""m"": 1.5, ""sd"": 1.0}",1.5,0.15,0.85,1.0,8,scale0.6,0.3814680800245298,0.0,0.0,,1.45
pheme,2,A,anfis,"{""alpha"": [0.15, 0.85], ""anfis"": ""shift+0.1"", ""cd"": 8, ""m"": 1.5, ""sd"": 1.0}",1.5,0.15,0.85,1.0,8,shift+0.1,0.8543142336088391,0.023123759282070777,0.31632624981210006,,9.19
pheme,0,A,anfis,"{""alpha"": [0.15, 0.85], ""anfis"": ""scale0.6"", ""cd"": 8, ""m"": 1.5, ""sd"": 1.0}",1.5,0.15,0.85,1.0,8,scale0.6,0.8651647650342359,0.0,0.28702009910060355,,3.89
crisismmd,0,A,anfis,"{""alpha"": [0.15, 0.85], ""anfis"": ""scale1.5"", ""cd"": 8, ""m"": 1.5, ""sd"": 1.0}",1.5,0.15,0.85,1.0,8,scale1.5,0.5183831938329336,0.619423865642901,0.7481580418731344,,1.64
fakeddit,0,A,anfis,"{""alpha"": [0.15, 0.85], ""anfis"": ""scale0.6"", ""cd"": 8, ""m"": 1.5, ""sd"": 1.0}",1.5,0.15,0.85,1.0,8,scale0.6,0.2541147366746708,0.2707939478972514,0.06938110749185669,,4.94
fakeddit,1,A,anfis,"{""alpha"": [0.15, 0.85], ""anfis"": ""scale0.6"", ""cd"": 8, ""m"": 1.5, ""sd"": 1.0}",1.5,0.15,0.85,1.0,8,scale0.6,0.2540176898940774,0.2636201185960829,0.06743801652892563,,4.75
pheme,1,A,anfis,"{""alpha"": [0.15, 0.85], ""anfis"": ""scale0.6"", ""cd"": 8, ""m"": 1.5, ""sd"": 1.0}",1.5,0.15,0.85,1.0,8,scale0.6,0.8570915188206584,0.0,0.29768009864315825,,6.23
crisismmd,1,A,anfis,"{""alpha"": [0.15, 0.85], ""anfis"": ""scale1.5"", ""cd"": 8, ""m"": 1.5, ""sd"": 1.0}",1.5,0.15,0.85,1.0,8,scale1.5,0.5156397573273324,0.6162354545359874,0.7517727428106343,,1.58
crisismmd,2,A,anfis,"{""alpha"": [0.15, 0.85], ""anfis"": ""scale1.5"", ""cd"": 8, ""m"": 1.5, ""sd"": 1.0}",1.5,0.15,0.85,1.0,8,scale1.5,0.5280513553474577,0.39173445760435244,0.43105052293501567,,1.56
fakeddit,2,A,anfis,"{""alpha"": [0.15, 0.85], ""anfis"": ""scale0.6"", ""cd"": 8, ""m"": 1.5, ""sd"": 1.0}",1.5,0.15,0.85,1.0,8,scale0.6,0.2578059862090499,0.25546439905565965,0.06543624161073826,,4.11
pheme,2,A,anfis,"{""alpha"": [0.15, 0.85], ""anfis"": ""scale0.6"", ""cd"": 8, ""m"": 1.5, ""sd"": 1.0}",1.5,0.15,0.85,1.0,8,scale0.6,0.8543142336088391,0.023123759282070777,0.31632624981210006,,9.03
pheme,0,A,anfis,"{""alpha"": [0.15, 0.85], ""anfis"": ""scale1.5"", ""cd"": 8, ""m"": 1.5, ""sd"": 1.0}",1.5,0.15,0.85,1.0,8,scale1.5,0.8651647650342359,0.0,0.28702009910060355,,3.67
fakeddit,0,A,anfis,"{""alpha"": [0.15, 0.85], ""anfis"": ""scale1.5"", ""cd"": 8, ""m"": 1.5, ""sd"": 1.0}",1.5,0.15,0.85,1.0,8,scale1.5,0.29050196647775883,0.4722215459292476,0.1866223562358098,,4.53
pheme,1,A,anfis,"{""alpha"": [0.15, 0.85], ""anfis"": ""scale1.5"", ""cd"": 8, ""m"": 1.5, ""sd"": 1.0}",1.5,0.15,0.85,1.0,8,scale1.5,0.8570915188206584,0.0,0.29768009864315825,,6.06
fakeddit,1,A,anfis,"{""alpha"": [0.15, 0.85], ""anfis"": ""scale1.5"", ""cd"": 8, ""m"": 1.5, ""sd"": 1.0}",1.5,0.15,0.85,1.0,8,scale1.5,0.317488838935413,0.4260240512106198,0.18085785235909396,,4.64
crisismmd,0,A,anfis,"{""alpha"": [0.15, 0.85], ""anfis"": ""pct"", ""cd"": 8, ""m"": 1.5, ""sd"": 1.0}",1.5,0.15,0.85,1.0,8,pct,0.3760698385734172,0.7020679509737872,0.5702413317996375,,3.3
fakeddit,2,A,anfis,"{""alpha"": [0.15, 0.85], ""anfis"": ""scale1.5"", ""cd"": 8, ""m"": 1.5, ""sd"": 1.0}",1.5,0.15,0.85,1.0,8,scale1.5,0.30633200429867424,0.4245126228742435,0.18040341027240592,,4.19
crisismmd,1,A,anfis,"{""alpha"": [0.15, 0.85], ""anfis"": ""pct"", ""cd"": 8, ""m"": 1.5, ""sd"": 1.0}",1.5,0.15,0.85,1.0,8,pct,0.4093321523043724,0.6907843780692313,0.6285367806503425,,3.08
crisismmd,2,A,anfis,"{""alpha"": [0.15, 0.85], ""anfis"": ""pct"", ""cd"": 8, ""m"": 1.5, ""sd"": 1.0}",1.5,0.15,0.85,1.0,8,pct,0.37104061986281583,0.7070927218902234,0.5679337772033162,,3.06
pheme,2,A,anfis,"{""alpha"": [0.15, 0.85], ""anfis"": ""scale1.5"", ""cd"": 8, ""m"": 1.5, ""sd"": 1.0}",1.5,0.15,0.85,1.0,8,scale1.5,0.8543142336088391,0.023123759282070777,0.31632624981210006,,8.72
pheme,0,A,anfis,"{""alpha"": [0.15, 0.85], ""anfis"": ""pct"", ""cd"": 8, ""m"": 1.5, ""sd"": 1.0}",1.5,0.15,0.85,1.0,8,pct,0.8651647650342359,0.0,0.28702009910060355,,7.38
pheme,1,A,anfis,"{""alpha"": [0.15, 0.85], ""anfis"": ""pct"", ""cd"": 8, ""m"": 1.5, ""sd"": 1.0}",1.5,0.15,0.85,1.0,8,pct,0.8570915188206584,0.0,0.29768009864315825,,9.56
fakeddit,0,A,anfis,"{""alpha"": [0.15, 0.85], ""anfis"": ""pct"", ""cd"": 8, ""m"": 1.5, ""sd"": 1.0}",1.5,0.15,0.85,1.0,8,pct,0.2972050520818678,0.5239488305598314,0.19388462631429385,,8.72
fakeddit,1,A,anfis,"{""alpha"": [0.15, 0.85], ""anfis"": ""pct"", ""cd"": 8, ""m"": 1.5, ""sd"": 1.0}",1.5,0.15,0.85,1.0,8,pct,0.3144203157987859,0.5023761021215247,0.1924456958152489,,8.56
fakeddit,2,A,anfis,"{""alpha"": [0.15, 0.85], ""anfis"": ""pct"", ""cd"": 8, ""m"": 1.5, ""sd"": 1.0}",1.5,0.15,0.85,1.0,8,pct,0.31984120091447704,0.5027393673511981,0.1924456958152489,,8.23
pheme,2,A,anfis,"{""alpha"": [0.15, 0.85], ""anfis"": ""pct"", ""cd"": 8, ""m"": 1.5, ""sd"": 1.0}",1.5,0.15,0.85,1.0,8,pct,0.8543142336088391,0.023123759282070777,0.31632624981210006,,10.88
pheme,0,B,search,"{""alpha"": [0.15, 0.85], ""anfis"": ""shift-0.1"", ""cd"": 16, ""m"": 2.0, ""sd"": 1.5}",2.0,0.15,0.85,1.5,16,shift-0.1,0.6698796883468795,0.0,0.0,,4.38
crisismmd,2,B,search,"{""alpha"": [0.15, 0.85], ""anfis"": ""shift-0.1"", ""cd"": 16, ""m"": 2.0, ""sd"": 1.5}",2.0,0.15,0.85,1.5,16,shift-0.1,0.4592378497468928,0.0,0.0,,4.47
pheme,1,B,search,"{""alpha"": [0.15, 0.85], ""anfis"": ""shift-0.1"", ""cd"": 16, ""m"": 2.0, ""sd"": 1.5}",2.0,0.15,0.85,1.5,16,shift-0.1,0.49142354971452645,0.0,0.0,,4.64
crisismmd,1,B,search,"{""alpha"": [0.15, 0.85], ""anfis"": ""shift-0.1"", ""cd"": 16, ""m"": 2.0, ""sd"": 1.5}",2.0,0.15,0.85,1.5,16,shift-0.1,0.46490148383497987,0.0,0.0,,4.69
crisismmd,0,B,search,"{""alpha"": [0.15, 0.85], ""anfis"": ""shift-0.1"", ""cd"": 16, ""m"": 2.0, ""sd"": 1.5}",2.0,0.15,0.85,1.5,16,shift-0.1,0.466644661830121,0.0,0.0,,4.74
dblp,0,B,search,"{""alpha"": [0.15, 0.85], ""anfis"": ""shift-0.1"", ""cd"": 16, ""m"": 2.0, ""sd"": 1.5}",2.0,0.15,0.85,1.5,16,shift-0.1,0.757148747973955,0.6323356951062445,0.6471780722473668,,0.06
dblp,1,B,search,"{""alpha"": [0.15, 0.85], ""anfis"": ""shift-0.1"", ""cd"": 16, ""m"": 2.0, ""sd"": 1.5}",2.0,0.15,0.85,1.5,16,shift-0.1,0.6922270483662956,0.4980057335110517,0.48646378653308103,,0.06
dblp,2,B,search,"{""alpha"": [0.15, 0.85], ""anfis"": ""shift-0.1"", ""cd"": 16, ""m"": 2.0, ""sd"": 1.5}",2.0,0.15,0.85,1.5,16,shift-0.1,0.7448353727057722,0.6035661045547459,0.6466386802892106,,0.06
amazon,0,B,search,"{""alpha"": [0.15, 0.85], ""anfis"": ""shift-0.1"", ""cd"": 16, ""m"": 2.0, ""sd"": 1.5}",2.0,0.15,0.85,1.5,16,shift-0.1,0.7806955723465857,0.697758997174438,0.7433445060872246,,0.05
amazon,1,B,search,"{""alpha"": [0.15, 0.85], ""anfis"": ""shift-0.1"", ""cd"": 16, ""m"": 2.0, ""sd"": 1.5}",2.0,0.15,0.85,1.5,16,shift-0.1,0.8514917731798602,0.789025918462662,0.8129803514075193,,0.06
amazon,2,B,search,"{""alpha"": [0.15, 0.85], ""anfis"": ""shift-0.1"", ""cd"": 16, ""m"": 2.0, ""sd"": 1.5}",2.0,0.15,0.85,1.5,16,shift-0.1,0.8388274133182685,0.8089798963019004,0.828820024715547,,0.06
pheme,2,B,search,"{""alpha"": [0.15, 0.85], ""anfis"": ""shift-0.1"", ""cd"": 16, ""m"": 2.0, ""sd"": 1.5}",2.0,0.15,0.85,1.5,16,shift-0.1,0.49263516362319915,0.0,0.0,,5.3
crisismmd,1,B,search,"{""alpha"": [0.15, 0.85], ""anfis"": ""default"", ""cd"": 4, ""m"": 1.3, ""sd"": 0.5}",1.3,0.15,0.85,0.5,4,default,0.34781816795113746,0.4940917941918723,0.6183353383417977,,1.12
crisismmd,0,B,search,"{""alpha"": [0.15, 0.85], ""anfis"": ""default"", ""cd"": 4, ""m"": 1.3, ""sd"": 0.5}",1.3,0.15,0.85,0.5,4,default,0.306279147535505,0.4524687625196374,0.5995510265163265,,1.19
crisismmd,2,B,search,"{""alpha"": [0.15, 0.85], ""anfis"": ""default"", ""cd"": 4, ""m"": 1.3, ""sd"": 0.5}",1.3,0.15,0.85,0.5,4,default,0.3504216598881757,0.48624408808405495,0.5949732054126083,,1.17
pheme,0,B,search,"{""alpha"": [0.15, 0.85], ""anfis"": ""default"", ""cd"": 4, ""m"": 1.3, ""sd"": 0.5}",1.3,0.15,0.85,0.5,4,default,0.8815315106655364,0.0,0.2460083633182526,,1.47
pheme,2,B,search,"{""alpha"": [0.15, 0.85], ""anfis"": ""default"", ""cd"": 4, ""m"": 1.3, ""sd"": 0.5}",1.3,0.15,0.85,0.5,4,default,0.8601871606396755,0.0,0.27338345689500515,,3.67
fakeddit,0,B,search,"{""alpha"": [0.15, 0.85], ""anfis"": ""default"", ""cd"": 4, ""m"": 1.3, ""sd"": 0.5}",1.3,0.15,0.85,0.5,4,default,0.2580861790063606,0.3989512423541409,0.49835408327358743,,3.97
pheme,1,B,search,"{""alpha"": [0.15, 0.85], ""anfis"": ""default"", ""cd"": 4, ""m"": 1.3, ""sd"": 0.5}",1.3,0.15,0.85,0.5,4,default,0.8707103364990981,0.0,0.2295578707323216,,6.09
dblp,0,B,search,"{""alpha"": [0.15, 0.85], ""anfis"": ""default"", ""cd"": 4, ""m"": 1.3, ""sd"": 0.5}",1.3,0.15,0.85,0.5,4,default,0.7578620781934193,1.0,1.0,,0.03
dblp,1,B,search,"{""alpha"": [0.15, 0.85], ""anfis"": ""default"", ""cd"": 4, ""m"": 1.3, ""sd"": 0.5}",1.3,0.15,0.85,0.5,4,default,0.7578620781934193,1.0,1.0,,0.02
dblp,2,B,search,"{""alpha"": [0.15, 0.85], ""anfis"": ""default"", ""cd"": 4, ""m"": 1.3, ""sd"": 0.5}",1.3,0.15,0.85,0.5,4,default,0.7578620781934193,1.0,1.0,,0.03
amazon,0,B,search,"{""alpha"": [0.15, 0.85], ""anfis"": ""default"", ""cd"": 4, ""m"": 1.3, ""sd"": 0.5}",1.3,0.15,0.85,0.5,4,default,0.8583814702351529,1.0,1.0,,0.03
amazon,1,B,search,"{""alpha"": [0.15, 0.85], ""anfis"": ""default"", ""cd"": 4, ""m"": 1.3, ""sd"": 0.5}",1.3,0.15,0.85,0.5,4,default,0.8583814702351529,1.0,1.0,,0.05
amazon,2,B,search,"{""alpha"": [0.15, 0.85], ""anfis"": ""default"", ""cd"": 4, ""m"": 1.3, ""sd"": 0.5}",1.3,0.15,0.85,0.5,4,default,0.8583814702351529,1.0,1.0,,0.02
fakeddit,0,B,search,"{""alpha"": [0.15, 0.85], ""anfis"": ""shift-0.1"", ""cd"": 16, ""m"": 2.0, ""sd"": 1.5}",2.0,0.15,0.85,1.5,16,shift-0.1,0.37867384000828513,0.0,0.0,,8.53
fakeddit,1,B,search,"{""alpha"": [0.15, 0.85], ""anfis"": ""shift-0.1"", ""cd"": 16, ""m"": 2.0, ""sd"": 1.5}",2.0,0.15,0.85,1.5,16,shift-0.1,0.38180705781343777,0.0,0.0,,9.03
fakeddit,1,B,search,"{""alpha"": [0.15, 0.85], ""anfis"": ""default"", ""cd"": 4, ""m"": 1.3, ""sd"": 0.5}",1.3,0.15,0.85,0.5,4,default,0.23394198920074585,0.37914982442943157,0.5141927221986204,,3.41
fakeddit,2,B,search,"{""alpha"": [0.15, 0.85], ""anfis"": ""shift-0.1"", ""cd"": 16, ""m"": 2.0, ""sd"": 1.5}",2.0,0.15,0.85,1.5,16,shift-0.1,0.3825725609586,0.0,0.0,,9.05
fakeddit,2,B,search,"{""alpha"": [0.15, 0.85], ""anfis"": ""default"", ""cd"": 4, ""m"": 1.3, ""sd"": 0.5}",1.3,0.15,0.85,0.5,4,default,0.23905548625154366,0.3615202808223865,0.5061250945814788,,3.02
crisismmd,0,B,search,"{""alpha"": [0.15, 0.85], ""anfis"": ""pct"", ""cd"": 16, ""m"": 1.2, ""sd"": 2.0}",1.2,0.15,0.85,2.0,16,pct,0.37692760046189655,0.7338256642549938,0.6275688827894018,,4.41
crisismmd,1,B,search,"{""alpha"": [0.15, 0.85], ""anfis"": ""pct"", ""cd"": 16, ""m"": 1.2, ""sd"": 2.0}",1.2,0.15,0.85,2.0,16,pct,0.46670166466260743,0.6901071676980928,0.6844998440719889,,4.31
crisismmd,2,B,search,"{""alpha"": [0.15, 0.85], ""anfis"": ""pct"", ""cd"": 16, ""m"": 1.2, ""sd"": 2.0}",1.2,0.15,0.85,2.0,16,pct,0.42558572031561287,0.6786112173886015,0.6769449157842234,,4.03
pheme,0,B,search,"{""alpha"": [0.15, 0.85], ""anfis"": ""pct"", ""cd"": 16, ""m"": 1.2, ""sd"": 2.0}",1.2,0.15,0.85,2.0,16,pct,0.8699499982444654,0.01398898655495473,0.2443906276835264,,7.12
dblp,0,B,search,"{""alpha"": [0.15, 0.85], ""anfis"": ""pct"", ""cd"": 16, ""m"": 1.2, ""sd"": 2.0}",1.2,0.15,0.85,2.0,16,pct,0.8057097485638957,0.4786412009917632,0.5158867019247688,,0.09
dblp,1,B,search,"{""alpha"": [0.15, 0.85], ""anfis"": ""pct"", ""cd"": 16, ""m"": 1.2, ""sd"": 2.0}",1.2,0.15,0.85,2.0,16,pct,0.7981501428602195,0.5036892781486488,0.6206078241230003,,0.08
dblp,2,B,search,"{""alpha"": [0.15, 0.85], ""anfis"": ""pct"", ""cd"": 16, ""m"": 1.2, ""sd"": 2.0}",1.2,0.15,0.85,2.0,16,pct,0.7968781167376114,0.3293783938716397,0.44207953842694103,,0.08
amazon,0,B,search,"{""alpha"": [0.15, 0.85], ""anfis"": ""pct"", ""cd"": 16, ""m"": 1.2, ""sd"": 2.0}",1.2,0.15,0.85,2.0,16,pct,0.7438722547842667,0.5539773172847998,0.6319628201081315,,0.08
amazon,1,B,search,"{""alpha"": [0.15, 0.85], ""anfis"": ""pct"", ""cd"": 16, ""m"": 1.2, ""sd"": 2.0}",1.2,0.15,0.85,2.0,16,pct,0.7776724807570087,0.6348664002878011,0.7079177643374712,,0.09
amazon,2,B,search,"{""alpha"": [0.15, 0.85], ""anfis"": ""pct"", ""cd"": 16, ""m"": 1.2, ""sd"": 2.0}",1.2,0.15,0.85,2.0,16,pct,0.7711637596214956,0.6044733933958888,0.6817666224454075,,0.06
pheme,1,B,search,"{""alpha"": [0.15, 0.85], ""anfis"": ""pct"", ""cd"": 16, ""m"": 1.2, ""sd"": 2.0}",1.2,0.15,0.85,2.0,16,pct,0.8668904997844675,0.01531787138624785,0.24412471835845015,,7.48
crisismmd,1,B,search,"{""alpha"": [0.15, 0.85], ""anfis"": ""scale1.5"", ""cd"": 32, ""m"": 1.5, ""sd"": 1.5}",1.5,0.15,0.85,1.5,32,scale1.5,0.48594981633791967,0.47987590225412435,0.1365546218487395,,4.72
crisismmd,0,B,search,"{""alpha"": [0.15, 0.85], ""anfis"": ""scale1.5"", ""cd"": 32, ""m"": 1.5, ""sd"": 1.5}",1.5,0.15,0.85,1.5,32,scale1.5,0.3404352029244357,0.0,0.0,,4.77
pheme,2,B,search,"{""alpha"": [0.15, 0.85], ""anfis"": ""pct"", ""cd"": 16, ""m"": 1.2, ""sd"": 2.0}",1.2,0.15,0.85,2.0,16,pct,0.8683090897449931,0.012057574432937979,0.256682998527171,,14.14
fakeddit,0,B,search,"{""alpha"": [0.15, 0.85], ""anfis"": ""pct"", ""cd"": 16, ""m"": 1.2, ""sd"": 2.0}",1.2,0.15,0.85,2.0,16,pct,0.31614749558819055,0.5220704520128061,0.19340600566269206,,13.53
crisismmd,2,B,search,"{""alpha"": [0.15, 0.85], ""anfis"": ""scale1.5"", ""cd"": 32, ""m"": 1.5, ""sd"": 1.5}",1.5,0.15,0.85,1.5,32,scale1.5,0.4854432755714393,0.47635339783485287,0.13618813618813616,,4.48
pheme,0,B,search,"{""alpha"": [0.15, 0.85], ""anfis"": ""scale1.5"", ""cd"": 32, ""m"": 1.5, ""sd"": 1.5}",1.5,0.15,0.85,1.5,32,scale1.5,0.8583960727953805,0.0,0.3010086334460392,,4.58
fakeddit,1,B,search,"{""alpha"": [0.15, 0.85], ""anfis"": ""pct"", ""cd"": 16, ""m"": 1.2, ""sd"": 2.0}",1.2,0.15,0.85,2.0,16,pct,0.3190312164022743,0.5216979598948405,0.19353667004967684,,13.69
fakeddit,2,B,search,"{""alpha"": [0.15, 0.85], ""anfis"": ""pct"", ""cd"": 16, ""m"": 1.2, ""sd"": 2.0}",1.2,0.15,0.85,2.0,16,pct,0.3005502228842972,0.5259606631537417,0.1939388094446292,,13.56
dblp,0,B,search,"{""alpha"": [0.15, 0.85], ""anfis"": ""scale1.5"", ""cd"": 32, ""m"": 1.5, ""sd"": 1.5}",1.5,0.15,0.85,1.5,32,scale1.5,0.7655184186063918,0.5860778397344284,0.7051058619757582,,0.08
dblp,1,B,search,"{""alpha"": [0.15, 0.85], ""anfis"": ""scale1.5"", ""cd"": 32, ""m"": 1.5, ""sd"": 1.5}",1.5,0.15,0.85,1.5,32,scale1.5,0.7366528166570109,0.4261601284256926,0.4375531622938183,,0.09
dblp,2,B,search,"{""alpha"": [0.15, 0.85], ""anfis"": ""scale1.5"", ""cd"": 32, ""m"": 1.5, ""sd"": 1.5}",1.5,0.15,0.85,1.5,32,scale1.5,0.7464101361029116,0.5313763683239505,0.6599330345549934,,0.08
amazon,0,B,search,"{""alpha"": [0.15, 0.85], ""anfis"": ""scale1.5"", ""cd"": 32, ""m"": 1.5, ""sd"": 1.5}",1.5,0.15,0.85,1.5,32,scale1.5,0.7872855024362686,0.669113408515845,0.7267972229444832,,0.06
amazon,1,B,search,"{""alpha"": [0.15, 0.85], ""anfis"": ""scale1.5"", ""cd"": 32, ""m"": 1.5, ""sd"": 1.5}",1.5,0.15,0.85,1.5,32,scale1.5,0.8528800932137561,0.8503594340628927,0.9240854105833426,,0.06
amazon,2,B,search,"{""alpha"": [0.15, 0.85], ""anfis"": ""scale1.5"", ""cd"": 32, ""m"": 1.5, ""sd"": 1.5}",1.5,0.15,0.85,1.5,32,scale1.5,0.8502277381540851,0.8503594340628927,0.9240854105833426,,0.06
crisismmd,0,B,search,"{""alpha"": [0.15, 0.85], ""anfis"": ""pct"", ""cd"": 16, ""m"": 1.75, ""sd"": 1.5}",1.75,0.15,0.85,1.5,16,pct,0.3479419216234273,0.0,0.0,,2.59
pheme,1,B,search,"{""alpha"": [0.15, 0.85], ""anfis"": ""scale1.5"", ""cd"": 32, ""m"": 1.5, ""sd"": 1.5}",1.5,0.15,0.85,1.5,32,scale1.5,0.8570885683423711,0.0,0.2627033855375388,,5.91
crisismmd,1,B,search,"{""alpha"": [0.15, 0.85], ""anfis"": ""pct"", ""cd"": 16, ""m"": 1.75, ""sd"": 1.5}",1.75,0.15,0.85,1.5,16,pct,0.4342992674226072,0.0,0.0,,2.89
crisismmd,2,B,search,"{""alpha"": [0.15, 0.85], ""anfis"": ""pct"", ""cd"": 16, ""m"": 1.75, ""sd"": 1.5}",1.75,0.15,0.85,1.5,16,pct,0.36585214883525324,0.0,0.0,,3.92
pheme,2,B,search,"{""alpha"": [0.15, 0.85], ""anfis"": ""scale1.5"", ""cd"": 32, ""m"": 1.5, ""sd"": 1.5}",1.5,0.15,0.85,1.5,32,scale1.5,0.810932613731349,0.0,0.14187489187589072,,14.53
pheme,0,B,search,"{""alpha"": [0.15, 0.85], ""anfis"": ""pct"", ""cd"": 16, ""m"": 1.75, ""sd"": 1.5}",1.75,0.15,0.85,1.5,16,pct,0.5505945066224961,0.0,0.0,,9.73
pheme,1,B,search,"{""alpha"": [0.15, 0.85], ""anfis"": ""pct"", ""cd"": 16, ""m"": 1.75, ""sd"": 1.5}",1.75,0.15,0.85,1.5,16,pct,0.4951672640893452,0.0,0.0,,9.66
fakeddit,1,B,search,"{""alpha"": [0.15, 0.85], ""anfis"": ""scale1.5"", ""cd"": 32, ""m"": 1.5, ""sd"": 1.5}",1.5,0.15,0.85,1.5,32,scale1.5,0.3873640403047753,0.24239791492885265,0.061724137931034484,,17.83
fakeddit,0,B,search,"{""alpha"": [0.15, 0.85], ""anfis"": ""scale1.5"", ""cd"": 32, ""m"": 1.5, ""sd"": 1.5}",1.5,0.15,0.85,1.5,32,scale1.5,0.38769693229418656,0.24322464990245485,0.06196213425129088,,18.62
dblp,0,B,search,"{""alpha"": [0.15, 0.85], ""anfis"": ""pct"", ""cd"": 16, ""m"": 1.75, ""sd"": 1.5}",1.75,0.15,0.85,1.5,16,pct,0.7754760918753789,0.6497585135906618,0.7379314969049009,,0.14
dblp,1,B,search,"{""alpha"": [0.15, 0.85], ""anfis"": ""pct"", ""cd"": 16, ""m"": 1.75, ""sd"": 1.5}",1.75,0.15,0.85,1.5,16,pct,0.7329080536588138,0.43243839249809746,0.4304203832562774,,0.08
fakeddit,2,B,search,"{""alpha"": [0.15, 0.85], ""anfis"": ""scale1.5"", ""cd"": 32, ""m"": 1.5, ""sd"": 1.5}",1.5,0.15,0.85,1.5,32,scale1.5,0.38765438116047424,0.2415728484471058,0.0614853195164076,,18.38
dblp,2,B,search,"{""alpha"": [0.15, 0.85], ""anfis"": ""pct"", ""cd"": 16, ""m"": 1.75, ""sd"": 1.5}",1.75,0.15,0.85,1.5,16,pct,0.7440027128084169,0.5875487092032972,0.647414525157491,,0.08
amazon,0,B,search,"{""alpha"": [0.15, 0.85], ""anfis"": ""pct"", ""cd"": 16, ""m"": 1.75, ""sd"": 1.5}",1.75,0.15,0.85,1.5,16,pct,0.7842352235011651,0.6720646933468475,0.7250443187181292,,0.11
amazon,2,B,search,"{""alpha"": [0.15, 0.85], ""anfis"": ""pct"", ""cd"": 16, ""m"": 1.75, ""sd"": 1.5}",1.75,0.15,0.85,1.5,16,pct,0.8449526869571358,0.8431436882535843,0.9161549545821226,,0.08
amazon,1,B,search,"{""alpha"": [0.15, 0.85], ""anfis"": ""pct"", ""cd"": 16, ""m"": 1.75, ""sd"": 1.5}",1.75,0.15,0.85,1.5,16,pct,0.850632370595297,0.7897010055046502,0.8129803514075193,,0.19
crisismmd,1,B,search,"{""alpha"": [0.15, 0.85], ""anfis"": ""default"", ""cd"": 16, ""m"": 1.3, ""sd"": 2.0}",1.3,0.15,0.85,2.0,16,default,0.5239735923553198,0.5603932564637175,0.2747667193983997,,2.52
crisismmd,0,B,search,"{""alpha"": [0.15, 0.85], ""anfis"": ""default"", ""cd"": 16, ""m"": 1.3, ""sd"": 2.0}",1.3,0.15,0.85,2.0,16,default,0.5253522659996073,0.572667473864594,0.27669945017233966,,2.67
pheme,2,B,search,"{""alpha"": [0.15, 0.85], ""anfis"": ""pct"", ""cd"": 16, ""m"": 1.75, ""sd"": 1.5}",1.75,0.15,0.85,1.5,16,pct,0.6276123165945815,0.0,0.05102606766500277,,8.41
fakeddit,0,B,search,"{""alpha"": [0.15, 0.85], ""anfis"": ""pct"", ""cd"": 16, ""m"": 1.75, ""sd"": 1.5}",1.75,0.15,0.85,1.5,16,pct,0.3885366857184094,0.0,0.0,,7.5
crisismmd,2,B,search,"{""alpha"": [0.15, 0.85], ""anfis"": ""default"", ""cd"": 16, ""m"": 1.3, ""sd"": 2.0}",1.3,0.15,0.85,2.0,16,default,0.5224895314559619,0.5642792492361399,0.2755091177320497,,2.34
pheme,0,B,search,"{""alpha"": [0.15, 0.85], ""anfis"": ""default"", ""cd"": 16, ""m"": 1.3, ""sd"": 2.0}",1.3,0.15,0.85,2.0,16,default,0.8716605380315176,0.014640460157382629,0.24594719271036672,,4.39
fakeddit,1,B,search,"{""alpha"": [0.15, 0.85], ""anfis"": ""pct"", ""cd"": 16, ""m"": 1.75, ""sd"": 1.5}",1.75,0.15,0.85,1.5,16,pct,0.3885249960215215,0.0,0.0,,13.86
fakeddit,2,B,search,"{""alpha"": [0.15, 0.85], ""anfis"": ""pct"", ""cd"": 16, ""m"": 1.75, ""sd"": 1.5}",1.75,0.15,0.85,1.5,16,pct,0.3887714001799806,0.0,0.0,,13.92
dblp,0,B,search,"{""alpha"": [0.15, 0.85], ""anfis"": ""default"", ""cd"": 16, ""m"": 1.3, ""sd"": 2.0}",1.3,0.15,0.85,2.0,16,default,0.8010260587066711,0.4267003573946585,0.499038551619428,,0.08
dblp,1,B,search,"{""alpha"": [0.15, 0.85], ""anfis"": ""default"", ""cd"": 16, ""m"": 1.3, ""sd"": 2.0}",1.3,0.15,0.85,2.0,16,default,0.8031852903930077,0.5839681615754341,0.6035147157655197,,0.06
dblp,2,B,search,"{""alpha"": [0.15, 0.85], ""anfis"": ""default"", ""cd"": 16, ""m"": 1.3, ""sd"": 2.0}",1.3,0.15,0.85,2.0,16,default,0.8055838875278951,0.4707217855065464,0.5063820984567613,,0.09
amazon,0,B,search,"{""alpha"": [0.15, 0.85], ""anfis"": ""default"", ""cd"": 16, ""m"": 1.3, ""sd"": 2.0}",1.3,0.15,0.85,2.0,16,default,0.7205317421086082,0.5502169957708728,0.6791294574647029,,0.08
amazon,1,B,search,"{""alpha"": [0.15, 0.85], ""anfis"": ""default"", ""cd"": 16, ""m"": 1.3, ""sd"": 2.0}",1.3,0.15,0.85,2.0,16,default,0.7720644728479628,0.6681014288042969,0.7231574834135075,,0.06
amazon,2,B,search,"{""alpha"": [0.15, 0.85], ""anfis"": ""default"", ""cd"": 16, ""m"": 1.3, ""sd"": 2.0}",1.3,0.15,0.85,2.0,16,default,0.7761044417767107,0.6686777641894626,0.7235609595153076,,0.08
fakeddit,0,B,search,"{""alpha"": [0.15, 0.85], ""anfis"": ""default"", ""cd"": 16, ""m"": 1.3, ""sd"": 2.0}",1.3,0.15,0.85,2.0,16,default,0.2757984077307794,0.3393762588683156,0.08240469208211144,,8.91
pheme,1,B,search,"{""alpha"": [0.15, 0.85], ""anfis"": ""default"", ""cd"": 16, ""m"": 1.3, ""sd"": 2.0}",1.3,0.15,0.85,2.0,16,default,0.8623337811175881,0.019089593726778986,0.23754277745248611,,10.5
fakeddit,1,B,search,"{""alpha"": [0.15, 0.85], ""anfis"": ""default"", ""cd"": 16, ""m"": 1.3, ""sd"": 2.0}",1.3,0.15,0.85,2.0,16,default,0.2631091398325428,0.34505746575139706,0.08326055312954876,,9.25
crisismmd,0,B,search,"{""alpha"": [0.15, 0.85], ""anfis"": ""shift-0.1"", ""cd"": 32, ""m"": 1.75, ""sd"": 1.5}",1.75,0.15,0.85,1.5,32,shift-0.1,0.47414847286169404,0.0,0.0,,4.77
crisismmd,1,B,search,"{""alpha"": [0.15, 0.85], ""anfis"": ""shift-0.1"", ""cd"": 32, ""m"": 1.75, ""sd"": 1.5}",1.75,0.15,0.85,1.5,32,shift-0.1,0.4684249491921726,0.0,0.0,,4.7
pheme,2,B,search,"{""alpha"": [0.15, 0.85], ""anfis"": ""default"", ""cd"": 16, ""m"": 1.3, ""sd"": 2.0}",1.3,0.15,0.85,2.0,16,default,0.8509011203261104,0.009935265187873799,0.24105483654645335,,14.0
crisismmd,2,B,search,"{""alpha"": [0.15, 0.85], ""anfis"": ""shift-0.1"", ""cd"": 32, ""m"": 1.75, ""sd"": 1.5}",1.75,0.15,0.85,1.5,32,shift-0.1,0.47098053783145155,0.0,0.0,,4.58
fakeddit,2,B,search,"{""alpha"": [0.15, 0.85], ""anfis"": ""default"", ""cd"": 16, ""m"": 1.3, ""sd"": 2.0}",1.3,0.15,0.85,2.0,16,default,0.273233796530512,0.34277063112757955,0.08291970802919708,,8.28
pheme,0,B,search,"{""alpha"": [0.15, 0.85], ""anfis"": ""shift-0.1"", ""cd"": 32, ""m"": 1.75, ""sd"": 1.5}",1.75,0.15,0.85,1.5,32,shift-0.1,0.5505945066224961,0.0,0.0,,5.5
dblp,0,B,search,"{""alpha"": [0.15, 0.85], ""anfis"": ""shift-0.1"", ""cd"": 32, ""m"": 1.75, ""sd"": 1.5}",1.75,0.15,0.85,1.5,32,shift-0.1,0.7754760918753789,0.6497585135906618,0.7379314969049009,,0.09
dblp,1,B,search,"{""alpha"": [0.15, 0.85], ""anfis"": ""shift-0.1"", ""cd"": 32, ""m"": 1.75, ""sd"": 1.5}",1.75,0.15,0.85,1.5,32,shift-0.1,0.7329080536588138,0.43243839249809746,0.4304203832562774,,0.06
dblp,2,B,search,"{""alpha"": [0.15, 0.85], ""anfis"": ""shift-0.1"", ""cd"": 32, ""m"": 1.75, ""sd"": 1.5}",1.75,0.15,0.85,1.5,32,shift-0.1,0.7440027128084169,0.5875487092032972,0.647414525157491,,0.08
amazon,0,B,search,"{""alpha"": [0.15, 0.85], ""anfis"": ""shift-0.1"", ""cd"": 32, ""m"": 1.75, ""sd"": 1.5}",1.75,0.15,0.85,1.5,32,shift-0.1,0.7842352235011651,0.6720646933468475,0.7250443187181292,,0.06
amazon,1,B,search,"{""alpha"": [0.15, 0.85], ""anfis"": ""shift-0.1"", ""cd"": 32, ""m"": 1.75, ""sd"": 1.5}",1.75,0.15,0.85,1.5,32,shift-0.1,0.850632370595297,0.7897010055046502,0.8129803514075193,,0.06
amazon,2,B,search,"{""alpha"": [0.15, 0.85], ""anfis"": ""shift-0.1"", ""cd"": 32, ""m"": 1.75, ""sd"": 1.5}",1.75,0.15,0.85,1.5,32,shift-0.1,0.8449526869571358,0.8431436882535843,0.9161549545821226,,0.09
crisismmd,0,B,search,"{""alpha"": [0.15, 0.85], ""anfis"": ""scale0.6"", ""cd"": 4, ""m"": 1.2, ""sd"": 2.0}",1.2,0.15,0.85,2.0,4,scale0.6,0.12666983260746936,0.21387031153853342,0.4545491069632166,,1.12
pheme,2,B,search,"{""alpha"": [0.15, 0.85], ""anfis"": ""shift-0.1"", ""cd"": 32, ""m"": 1.75, ""sd"": 1.5}",1.75,0.15,0.85,1.5,32,shift-0.1,0.6276123165945815,0.0,0.05102606766500277,,5.28
crisismmd,1,B,search,"{""alpha"": [0.15, 0.85], ""anfis"": ""scale0.6"", ""cd"": 4, ""m"": 1.2, ""sd"": 2.0}",1.2,0.15,0.85,2.0,4,scale0.6,0.12394156199308008,0.22367796425672026,0.4650042845046122,,1.28
crisismmd,2,B,search,"{""alpha"": [0.15, 0.85], ""anfis"": ""scale0.6"", ""cd"": 4, ""m"": 1.2, ""sd"": 2.0}",1.2,0.15,0.85,2.0,4,scale0.6,0.05438536701101119,0.12257527148816305,0.3673008013705092,,1.11
pheme,1,B,search,"{""alpha"": [0.15, 0.85], ""anfis"": ""shift-0.1"", ""cd"": 32, ""m"": 1.75, ""sd"": 1.5}",1.75,0.15,0.85,1.5,32,shift-0.1,0.4951672640893452,0.0,0.0,,9.08
pheme,0,B,search,"{""alpha"": [0.15, 0.85], ""anfis"": ""scale0.6"", ""cd"": 4, ""m"": 1.2, ""sd"": 2.0}",1.2,0.15,0.85,2.0,4,scale0.6,0.8699499982444654,0.01398898655495473,0.2443906276835264,,3.86
pheme,1,B,search,"{""alpha"": [0.15, 0.85], ""anfis"": ""scale0.6"", ""cd"": 4, ""m"": 1.2, ""sd"": 2.0}",1.2,0.15,0.85,2.0,4,scale0.6,0.8668904997844675,0.01531787138624785,0.24412471835845015,,4.33
fakeddit,0,B,search,"{""alpha"": [0.15, 0.85], ""anfis"": ""scale0.6"", ""cd"": 4, ""m"": 1.2, ""sd"": 2.0}",1.2,0.15,0.85,2.0,4,scale0.6,0.09306360397202777,0.0743665419107975,0.2820529684601185,,3.62
fakeddit,1,B,search,"{""alpha"": [0.15, 0.85], ""anfis"": ""scale0.6"", ""cd"": 4, ""m"": 1.2, ""sd"": 2.0}",1.2,0.15,0.85,2.0,4,scale0.6,0.09468547456292972,0.0748395631872667,0.29839579140092,,3.75
dblp,0,B,search,"{""alpha"": [0.15, 0.85], ""anfis"": ""scale0.6"", ""cd"": 4, ""m"": 1.2, ""sd"": 2.0}",1.2,0.15,0.85,2.0,4,scale0.6,0.8057097485638957,0.4786412009917632,0.5158867019247688,,0.09
dblp,1,B,search,"{""alpha"": [0.15, 0.85], ""anfis"": ""scale0.6"", ""cd"": 4, ""m"": 1.2, ""sd"": 2.0}",1.2,0.15,0.85,2.0,4,scale0.6,0.7981501428602195,0.5036892781486488,0.6206078241230003,,0.09
dblp,2,B,search,"{""alpha"": [0.15, 0.85], ""anfis"": ""scale0.6"", ""cd"": 4, ""m"": 1.2, ""sd"": 2.0}",1.2,0.15,0.85,2.0,4,scale0.6,0.7968781167376114,0.3293783938716397,0.44207953842694103,,0.06
amazon,0,B,search,"{""alpha"": [0.15, 0.85], ""anfis"": ""scale0.6"", ""cd"": 4, ""m"": 1.2, ""sd"": 2.0}",1.2,0.15,0.85,2.0,4,scale0.6,0.7438722547842667,0.5539773172847998,0.6319628201081315,,0.08
amazon,1,B,search,"{""alpha"": [0.15, 0.85], ""anfis"": ""scale0.6"", ""cd"": 4, ""m"": 1.2, ""sd"": 2.0}",1.2,0.15,0.85,2.0,4,scale0.6,0.7776724807570087,0.6348664002878011,0.7079177643374712,,0.09
amazon,2,B,search,"{""alpha"": [0.15, 0.85], ""anfis"": ""scale0.6"", ""cd"": 4, ""m"": 1.2, ""sd"": 2.0}",1.2,0.15,0.85,2.0,4,scale0.6,0.7711637596214956,0.6044733933958888,0.6817666224454075,,0.08
crisismmd,0,B,search,"{""alpha"": [0.15, 0.85], ""anfis"": ""shift+0.1"", ""cd"": 8, ""m"": 1.2, ""sd"": 1.0}",1.2,0.15,0.85,1.0,8,shift+0.1,0.3724492905939971,0.5741060121237981,0.6169181815492183,,1.62
fakeddit,2,B,search,"{""alpha"": [0.15, 0.85], ""anfis"": ""scale0.6"", ""cd"": 4, ""m"": 1.2, ""sd"": 2.0}",1.2,0.15,0.85,2.0,4,scale0.6,0.08901408911706356,0.06909287317816648,0.2837282817967238,,3.5
fakeddit,1,B,search,"{""alpha"": [0.15, 0.85], ""anfis"": ""shift-0.1"", ""cd"": 32, ""m"": 1.75, ""sd"": 1.5}",1.75,0.15,0.85,1.5,32,shift-0.1,0.3887973946258393,0.0,0.0,,17.39
fakeddit,0,B,search,"{""alpha"": [0.15, 0.85], ""anfis"": ""shift-0.1"", ""cd"": 32, ""m"": 1.75, ""sd"": 1.5}",1.75,0.15,0.85,1.5,32,shift-0.1,0.3887973946258393,0.0,0.0,,17.62
crisismmd,1,B,search,"{""alpha"": [0.15, 0.85], ""anfis"": ""shift+0.1"", ""cd"": 8, ""m"": 1.2, ""sd"": 1.0}",1.2,0.15,0.85,1.0,8,shift+0.1,0.36614402425605447,0.5722191490227421,0.6181146133129615,,1.58
crisismmd,2,B,search,"{""alpha"": [0.15, 0.85], ""anfis"": ""shift+0.1"", ""cd"": 8, ""m"": 1.2, ""sd"": 1.0}",1.2,0.15,0.85,1.0,8,shift+0.1,0.37366203892919014,0.5772056253962509,0.618928758368811,,1.52
pheme,2,B,search,"{""alpha"": [0.15, 0.85], ""anfis"": ""scale0.6"", ""cd"": 4, ""m"": 1.2, ""sd"": 2.0}",1.2,0.15,0.85,2.0,4,scale0.6,0.8683090897449931,0.012057574432937979,0.256682998527171,,10.55
fakeddit,2,B,search,"{""alpha"": [0.15, 0.85], ""anfis"": ""shift-0.1"", ""cd"": 32, ""m"": 1.75, ""sd"": 1.5}",1.75,0.15,0.85,1.5,32,shift-0.1,0.3887973946258393,0.0,0.0,,17.33
pheme,0,B,search,"{""alpha"": [0.15, 0.85], ""anfis"": ""shift+0.1"", ""cd"": 8, ""m"": 1.2, ""sd"": 1.0}",1.2,0.15,0.85,1.0,8,shift+0.1,0.8738967055254492,0.0,0.2464408860592352,,2.77
dblp,0,B,search,"{""alpha"": [0.15, 0.85], ""anfis"": ""shift+0.1"", ""cd"": 8, ""m"": 1.2, ""sd"": 1.0}",1.2,0.15,0.85,1.0,8,shift+0.1,0.7768790982065596,0.6114676822300876,0.6848228757873215,,0.08
dblp,1,B,search,"{""alpha"": [0.15, 0.85], ""anfis"": ""shift+0.1"", ""cd"": 8, ""m"": 1.2, ""sd"": 1.0}",1.2,0.15,0.85,1.0,8,shift+0.1,0.7781535956538578,0.5786553229924298,0.6046941979493299,,0.09
dblp,2,B,search,"{""alpha"": [0.15, 0.85], ""anfis"": ""shift+0.1"", ""cd"": 8, ""m"": 1.2, ""sd"": 1.0}",1.2,0.15,0.85,1.0,8,shift+0.1,0.7681888614571848,0.5971881961302058,0.6930217436992954,,0.11
amazon,0,B,search,"{""alpha"": [0.15, 0.85], ""anfis"": ""shift+0.1"", ""cd"": 8, ""m"": 1.2, ""sd"": 1.0}",1.2,0.15,0.85,1.0,8,shift+0.1,0.7761570510557164,0.5721278990154091,0.6778504949734836,,0.06
amazon,1,B,search,"{""alpha"": [0.15, 0.85], ""anfis"": ""shift+0.1"", ""cd"": 8, ""m"": 1.2, ""sd"": 1.0}",1.2,0.15,0.85,1.0,8,shift+0.1,0.8012527363886731,0.5248015643483567,0.6981563782271367,,0.05
amazon,2,B,search,"{""alpha"": [0.15, 0.85], ""anfis"": ""shift+0.1"", ""cd"": 8, ""m"": 1.2, ""sd"": 1.0}",1.2,0.15,0.85,1.0,8,shift+0.1,0.6917611750582586,0.34959940311824234,0.4457244585687382,,0.06
pheme,2,B,search,"{""alpha"": [0.15, 0.85], ""anfis"": ""shift+0.1"", ""cd"": 8, ""m"": 1.2, ""sd"": 1.0}",1.2,0.15,0.85,1.0,8,shift+0.1,0.8793817921854222,0.012546497684847724,0.2494193273775462,,4.02
crisismmd,0,B,search,"{""alpha"": [0.15, 0.85], ""anfis"": ""default"", ""cd"": 4, ""m"": 1.5, ""sd"": 0.5}",1.5,0.15,0.85,0.5,4,default,0.3184332182636155,0.45428211226342174,0.5999953522050854,,1.25
crisismmd,2,B,search,"{""alpha"": [0.15, 0.85], ""anfis"": ""default"", ""cd"": 4, ""m"": 1.5, ""sd"": 0.5}",1.5,0.15,0.85,0.5,4,default,0.34114894114257777,0.4807563251343242,0.5995589120880856,,1.16
crisismmd,1,B,search,"{""alpha"": [0.15, 0.85], ""anfis"": ""default"", ""cd"": 4, ""m"": 1.5, ""sd"": 0.5}",1.5,0.15,0.85,0.5,4,default,0.33213161600498964,0.49263100913987834,0.6204923407697737,,1.19
fakeddit,0,B,search,"{""alpha"": [0.15, 0.85], ""anfis"": ""shift+0.1"", ""cd"": 8, ""m"": 1.2, ""sd"": 1.0}",1.2,0.15,0.85,1.0,8,shift+0.1,0.2612331377794625,0.5630517211676676,0.5842970754689978,,4.86
fakeddit,1,B,search,"{""alpha"": [0.15, 0.85], ""anfis"": ""shift+0.1"", ""cd"": 8, ""m"": 1.2, ""sd"": 1.0}",1.2,0.15,0.85,1.0,8,shift+0.1,0.3449087143288501,0.7751311369169811,0.8214198652856508,,4.56
fakeddit,2,B,search,"{""alpha"": [0.15, 0.85], ""anfis"": ""shift+0.1"", ""cd"": 8, ""m"": 1.2, ""sd"": 1.0}",1.2,0.15,0.85,1.0,8,shift+0.1,0.2624780554607763,0.569248505731439,0.5912806708698646,,4.94
pheme,1,B,search,"{""alpha"": [0.15, 0.85], ""anfis"": ""shift+0.1"", ""cd"": 8, ""m"": 1.2, ""sd"": 1.0}",1.2,0.15,0.85,1.0,8,shift+0.1,0.8584900455288305,0.0,0.24688605629337904,,6.92
pheme,0,B,search,"{""alpha"": [0.15, 0.85], ""anfis"": ""default"", ""cd"": 4, ""m"": 1.5, ""sd"": 0.5}",1.5,0.15,0.85,0.5,4,default,0.8810108987717453,0.0,0.23665819315315742,,1.81
dblp,0,B,search,"{""alpha"": [0.15, 0.85], ""anfis"": ""default"", ""cd"": 4, ""m"": 1.5, ""sd"": 0.5}",1.5,0.15,0.85,0.5,4,default,0.7578620781934193,1.0,1.0,,0.02
dblp,1,B,search,"{""alpha"": [0.15, 0.85], ""anfis"": ""default"", ""cd"": 4, ""m"": 1.5, ""sd"": 0.5}",1.5,0.15,0.85,0.5,4,default,0.7578620781934193,1.0,1.0,,0.05
dblp,2,B,search,"{""alpha"": [0.15, 0.85], ""anfis"": ""default"", ""cd"": 4, ""m"": 1.5, ""sd"": 0.5}",1.5,0.15,0.85,0.5,4,default,0.7578620781934193,1.0,1.0,,0.03
amazon,0,B,search,"{""alpha"": [0.15, 0.85], ""anfis"": ""default"", ""cd"": 4, ""m"": 1.5, ""sd"": 0.5}",1.5,0.15,0.85,0.5,4,default,0.8583814702351529,1.0,1.0,,0.01
amazon,1,B,search,"{""alpha"": [0.15, 0.85], ""anfis"": ""default"", ""cd"": 4, ""m"": 1.5, ""sd"": 0.5}",1.5,0.15,0.85,0.5,4,default,0.8583814702351529,1.0,1.0,,0.03
amazon,2,B,search,"{""alpha"": [0.15, 0.85], ""anfis"": ""default"", ""cd"": 4, ""m"": 1.5, ""sd"": 0.5}",1.5,0.15,0.85,0.5,4,default,0.8583814702351529,1.0,1.0,,0.03
fakeddit,0,B,search,"{""alpha"": [0.15, 0.85], ""anfis"": ""default"", ""cd"": 4, ""m"": 1.5, ""sd"": 0.5}",1.5,0.15,0.85,0.5,4,default,0.2257843007829466,0.3919078831753473,0.4968859432672483,,3.56
fakeddit,1,B,search,"{""alpha"": [0.15, 0.85], ""anfis"": ""default"", ""cd"": 4, ""m"": 1.5, ""sd"": 0.5}",1.5,0.15,0.85,0.5,4,default,0.23310512157090466,0.3749906654826536,0.5104020783255421,,3.23
pheme,2,B,search,"{""alpha"": [0.15, 0.85], ""anfis"": ""default"", ""cd"": 4, ""m"": 1.5, ""sd"": 0.5}",1.5,0.15,0.85,0.5,4,default,0.869023695586173,0.0,0.25646578111544555,,4.42
fakeddit,2,B,search,"{""alpha"": [0.15, 0.85], ""anfis"": ""default"", ""cd"": 4, ""m"": 1.5, ""sd"": 0.5}",1.5,0.15,0.85,0.5,4,default,0.22092710750312208,0.3522744306737984,0.5005966367991818,,3.19
crisismmd,0,B,search,"{""alpha"": [0.15, 0.85], ""anfis"": ""scale0.6"", ""cd"": 16, ""m"": 1.2, ""sd"": 1.5}",1.2,0.15,0.85,1.5,16,scale0.6,0.48025294279999,0.6257394471067522,0.728743909083071,,2.77
pheme,1,B,search,"{""alpha"": [0.15, 0.85], ""anfis"": ""default"", ""cd"": 4, ""m"": 1.5, ""sd"": 0.5}",1.5,0.15,0.85,0.5,4,default,0.8713663753462755,0.0,0.22349243113669603,,4.75
crisismmd,1,B,search,"{""alpha"": [0.15, 0.85], ""anfis"": ""scale0.6"", ""cd"": 16, ""m"": 1.2, ""sd"": 1.5}",1.2,0.15,0.85,1.5,16,scale0.6,0.4784110296234412,0.6327325105842846,0.7291662285690464,,2.33
crisismmd,2,B,search,"{""alpha"": [0.15, 0.85], ""anfis"": ""scale0.6"", ""cd"": 16, ""m"": 1.2, ""sd"": 1.5}",1.2,0.15,0.85,1.5,16,scale0.6,0.47693136160291716,0.6297320265938943,0.7281580546553433,,2.39
pheme,0,B,search,"{""alpha"": [0.15, 0.85], ""anfis"": ""scale0.6"", ""cd"": 16, ""m"": 1.2, ""sd"": 1.5}",1.2,0.15,0.85,1.5,16,scale0.6,0.8699395240465456,0.026210939200164485,0.2584064021447418,,2.98
dblp,0,B,search,"{""alpha"": [0.15, 0.85], ""anfis"": ""scale0.6"", ""cd"": 16, ""m"": 1.2, ""sd"": 1.5}",1.2,0.15,0.85,1.5,16,scale0.6,0.7685060736334722,0.5867727391108091,0.6777234364604676,,0.08
dblp,1,B,search,"{""alpha"": [0.15, 0.85], ""anfis"": ""scale0.6"", ""cd"": 16, ""m"": 1.2, ""sd"": 1.5}",1.2,0.15,0.85,1.5,16,scale0.6,0.7351760236315128,0.450364437103268,0.4951942837311896,,0.08
dblp,2,B,search,"{""alpha"": [0.15, 0.85], ""anfis"": ""scale0.6"", ""cd"": 16, ""m"": 1.2, ""sd"": 1.5}",1.2,0.15,0.85,1.5,16,scale0.6,0.7523760904278887,0.5380878610132613,0.6582579579544341,,0.09
amazon,0,B,search,"{""alpha"": [0.15, 0.85], ""anfis"": ""scale0.6"", ""cd"": 16, ""m"": 1.2, ""sd"": 1.5}",1.2,0.15,0.85,1.5,16,scale0.6,0.7821209660334723,0.548289760387153,0.6240776307669053,,0.08
amazon,1,B,search,"{""alpha"": [0.15, 0.85], ""anfis"": ""scale0.6"", ""cd"": 16, ""m"": 1.2, ""sd"": 1.5}",1.2,0.15,0.85,1.5,16,scale0.6,0.8460013417131559,0.8503062099618639,0.9284562775096946,,0.11
amazon,2,B,search,"{""alpha"": [0.15, 0.85], ""anfis"": ""scale0.6"", ""cd"": 16, ""m"": 1.2, ""sd"": 1.5}",1.2,0.15,0.85,1.5,16,scale0.6,0.8420863639573477,0.6946524908582907,0.7553244724256686,,0.12
pheme,1,B,search,"{""alpha"": [0.15, 0.85], ""anfis"": ""scale0.6"", ""cd"": 16, ""m"": 1.2, ""sd"": 1.5}",1.2,0.15,0.85,1.5,16,scale0.6,0.8756287838039986,0.02168298042831096,0.2639796006596018,,3.86
pheme,2,B,search,"{""alpha"": [0.15, 0.85], ""anfis"": ""scale0.6"", ""cd"": 16, ""m"": 1.2, ""sd"": 1.5}",1.2,0.15,0.85,1.5,16,scale0.6,0.8720368715370606,0.039866799171532685,0.2702034348302884,,6.2
crisismmd,0,B,search,"{""alpha"": [0.15, 0.85], ""anfis"": ""shift+0.1"", ""cd"": 32, ""m"": 1.3, ""sd"": 1.5}",1.3,0.15,0.85,1.5,32,shift+0.1,0.4933352079072153,0.5918280665613102,0.601342406784001,,4.62
fakeddit,0,B,search,"{""alpha"": [0.15, 0.85], ""anfis"": ""scale0.6"", ""cd"": 16, ""m"": 1.2, ""sd"": 1.5}",1.2,0.15,0.85,1.5,16,scale0.6,0.29693374281715107,0.46267974271313583,0.1863213611129066,,8.14
crisismmd,1,B,search,"{""alpha"": [0.15, 0.85], ""anfis"": ""shift+0.1"", ""cd"": 32, ""m"": 1.3, ""sd"": 1.5}",1.3,0.15,0.85,1.5,32,shift+0.1,0.4443213694603131,0.6719223784526134,0.588582811699662,,4.78
fakeddit,1,B,search,"{""alpha"": [0.15, 0.85], ""anfis"": ""scale0.6"", ""cd"": 16, ""m"": 1.2, ""sd"": 1.5}",1.2,0.15,0.85,1.5,16,scale0.6,0.28338997718763614,0.4370284382482459,0.18482107803934683,,8.25
fakeddit,2,B,search,"{""alpha"": [0.15, 0.85], ""anfis"": ""scale0.6"", ""cd"": 16, ""m"": 1.2, ""sd"": 1.5}",1.2,0.15,0.85,1.5,16,scale0.6,0.30101518615211625,0.4783894591629121,0.18940174520069808,,7.95
crisismmd,2,B,search,"{""alpha"": [0.15, 0.85], ""anfis"": ""shift+0.1"", ""cd"": 32, ""m"": 1.3, ""sd"": 1.5}",1.3,0.15,0.85,1.5,32,shift+0.1,0.4782210480731139,0.5913307936492902,0.6017291071973991,,4.34
pheme,1,B,search,"{""alpha"": [0.15, 0.85], ""anfis"": ""shift+0.1"", ""cd"": 32, ""m"": 1.3, ""sd"": 1.5}",1.3,0.15,0.85,1.5,32,shift+0.1,0.8751094996254367,0.02168298042831096,0.2622990722845782,,3.48
dblp,0,B,search,"{""alpha"": [0.15, 0.85], ""anfis"": ""shift+0.1"", ""cd"": 32, ""m"": 1.3, ""sd"": 1.5}",1.3,0.15,0.85,1.5,32,shift+0.1,0.7733140358179679,0.4644152401865469,0.6284225415022706,,0.09
dblp,1,B,search,"{""alpha"": [0.15, 0.85], ""anfis"": ""shift+0.1"", ""cd"": 32, ""m"": 1.3, ""sd"": 1.5}",1.3,0.15,0.85,1.5,32,shift+0.1,0.733635682256842,0.4462765425738191,0.50072723999938,,0.09
dblp,2,B,search,"{""alpha"": [0.15, 0.85], ""anfis"": ""shift+0.1"", ""cd"": 32, ""m"": 1.3, ""sd"": 1.5}",1.3,0.15,0.85,1.5,32,shift+0.1,0.7560701912699397,0.5380878610132613,0.6543411663502363,,0.08
amazon,0,B,search,"{""alpha"": [0.15, 0.85], ""anfis"": ""shift+0.1"", ""cd"": 32, ""m"": 1.3, ""sd"": 1.5}",1.3,0.15,0.85,1.5,32,shift+0.1,0.7868201398206341,0.5588779496000353,0.6326074074418433,,0.08
amazon,1,B,search,"{""alpha"": [0.15, 0.85], ""anfis"": ""shift+0.1"", ""cd"": 32, ""m"": 1.3, ""sd"": 1.5}",1.3,0.15,0.85,1.5,32,shift+0.1,0.8460013417131559,0.851295037431069,0.9291967650922874,,0.09
amazon,2,B,search,"{""alpha"": [0.15, 0.85], ""anfis"": ""shift+0.1"", ""cd"": 32, ""m"": 1.3, ""sd"": 1.5}",1.3,0.15,0.85,1.5,32,shift+0.1,0.8420863639573477,0.6946524908582907,0.7553244724256686,,0.09
pheme,0,B,search,"{""alpha"": [0.15, 0.85], ""anfis"": ""shift+0.1"", ""cd"": 32, ""m"": 1.3, ""sd"": 1.5}",1.3,0.15,0.85,1.5,32,shift+0.1,0.8612747069363679,0.023269468331819088,0.2631480200185718,,4.23
pheme,2,B,search,"{""alpha"": [0.15, 0.85], ""anfis"": ""shift+0.1"", ""cd"": 32, ""m"": 1.3, ""sd"": 1.5}",1.3,0.15,0.85,1.5,32,shift+0.1,0.871563024724123,0.01845719119597855,0.2696572937422053,,4.64
crisismmd,1,B,search,"{""alpha"": [0.15, 0.85], ""anfis"": ""pct"", ""cd"": 32, ""m"": 1.5, ""sd"": 2.0}",1.5,0.15,0.85,2.0,32,pct,0.3400827685311397,0.0,0.0,,4.66
crisismmd,2,B,search,"{""alpha"": [0.15, 0.85], ""anfis"": ""pct"", ""cd"": 32, ""m"": 1.5, ""sd"": 2.0}",1.5,0.15,0.85,2.0,32,pct,0.3383479579242535,0.0,0.0,,4.94
crisismmd,0,B,search,"{""alpha"": [0.15, 0.85], ""anfis"": ""pct"", ""cd"": 32, ""m"": 1.5, ""sd"": 2.0}",1.5,0.15,0.85,2.0,32,pct,0.3402532959037744,0.0,0.0,,6.12
pheme,1,B,search,"{""alpha"": [0.15, 0.85], ""anfis"": ""pct"", ""cd"": 32, ""m"": 1.5, ""sd"": 2.0}",1.5,0.15,0.85,2.0,32,pct,0.8336088096560893,0.0,0.26749976276515663,,3.78
pheme,2,B,search,"{""alpha"": [0.15, 0.85], ""anfis"": ""pct"", ""cd"": 32, ""m"": 1.5, ""sd"": 2.0}",1.5,0.15,0.85,2.0,32,pct,0.7756925436397868,0.0,0.0666602005666655,,6.64
pheme,0,B,search,"{""alpha"": [0.15, 0.85], ""anfis"": ""pct"", ""cd"": 32, ""m"": 1.5, ""sd"": 2.0}",1.5,0.15,0.85,2.0,32,pct,0.8256310114151054,0.0,0.13007649249394895,,8.77
fakeddit,1,B,search,"{""alpha"": [0.15, 0.85], ""anfis"": ""shift+0.1"", ""cd"": 32, ""m"": 1.3, ""sd"": 1.5}",1.3,0.15,0.85,1.5,32,shift+0.1,0.33046668627180664,0.5083460715394343,0.19189636462289744,,16.01
dblp,0,B,search,"{""alpha"": [0.15, 0.85], ""anfis"": ""pct"", ""cd"": 32, ""m"": 1.5, ""sd"": 2.0}",1.5,0.15,0.85,2.0,32,pct,0.8033745232549888,0.4729548027768501,0.5419957101374633,,0.09
dblp,1,B,search,"{""alpha"": [0.15, 0.85], ""anfis"": ""pct"", ""cd"": 32, ""m"": 1.5, ""sd"": 2.0}",1.5,0.15,0.85,2.0,32,pct,0.8071485891030822,0.5837048626489786,0.5977311527987018,,0.08
fakeddit,0,B,search,"{""alpha"": [0.15, 0.85], ""anfis"": ""shift+0.1"", ""cd"": 32, ""m"": 1.3, ""sd"": 1.5}",1.3,0.15,0.85,1.5,32,shift+0.1,0.31726663276803213,0.5069140021141959,0.1916313069495444,,16.56
dblp,2,B,search,"{""alpha"": [0.15, 0.85], ""anfis"": ""pct"", ""cd"": 32, ""m"": 1.5, ""sd"": 2.0}",1.5,0.15,0.85,2.0,32,pct,0.8051752363380759,0.4579690047071351,0.5287584699122476,,0.08
amazon,0,B,search,"{""alpha"": [0.15, 0.85], ""anfis"": ""pct"", ""cd"": 32, ""m"": 1.5, ""sd"": 2.0}",1.5,0.15,0.85,2.0,32,pct,0.7556196596285573,0.5235415299065894,0.654113049860578,,0.08
amazon,1,B,search,"{""alpha"": [0.15, 0.85], ""anfis"": ""pct"", ""cd"": 32, ""m"": 1.5, ""sd"": 2.0}",1.5,0.15,0.85,2.0,32,pct,0.7658099710472425,0.6681014288042969,0.7231574834135075,,0.09
amazon,2,B,search,"{""alpha"": [0.15, 0.85], ""anfis"": ""pct"", ""cd"": 32, ""m"": 1.5, ""sd"": 2.0}",1.5,0.15,0.85,2.0,32,pct,0.7720644728479628,0.6686777641894626,0.7235609595153076,,0.09
fakeddit,2,B,search,"{""alpha"": [0.15, 0.85], ""anfis"": ""shift+0.1"", ""cd"": 32, ""m"": 1.3, ""sd"": 1.5}",1.3,0.15,0.85,1.5,32,shift+0.1,0.31040407357970456,0.5055183017746758,0.19136487592037085,,16.47
crisismmd,0,B,search,"{""alpha"": [0.15, 0.85], ""anfis"": ""scale0.6"", ""cd"": 32, ""m"": 1.3, ""sd"": 1.5}",1.3,0.15,0.85,1.5,32,scale0.6,0.500044284402339,0.376406628067656,0.4585473439257825,,4.52
crisismmd,1,B,search,"{""alpha"": [0.15, 0.85], ""anfis"": ""scale0.6"", ""cd"": 32, ""m"": 1.3, ""sd"": 1.5}",1.3,0.15,0.85,1.5,32,scale0.6,0.49371184497103854,0.3777709788019288,0.4561885576853423,,4.7
crisismmd,2,B,search,"{""alpha"": [0.15, 0.85], ""anfis"": ""scale0.6"", ""cd"": 32, ""m"": 1.3, ""sd"": 1.5}",1.3,0.15,0.85,1.5,32,scale0.6,0.49186403278577,0.3798675403561891,0.4595747528257922,,4.48
pheme,1,B,search,"{""alpha"": [0.15, 0.85], ""anfis"": ""scale0.6"", ""cd"": 32, ""m"": 1.3, ""sd"": 1.5}",1.3,0.15,0.85,1.5,32,scale0.6,0.8751094996254367,0.02168298042831096,0.2622990722845782,,3.56
pheme,0,B,search,"{""alpha"": [0.15, 0.85], ""anfis"": ""scale0.6"", ""cd"": 32, ""m"": 1.3, ""sd"": 1.5}",1.3,0.15,0.85,1.5,32,scale0.6,0.8612747069363679,0.023269468331819088,0.2631480200185718,,4.42
pheme,2,B,search,"{""alpha"": [0.15, 0.85], ""anfis"": ""scale0.6"", ""cd"": 32, ""m"": 1.3, ""sd"": 1.5}",1.3,0.15,0.85,1.5,32,scale0.6,0.871563024724123,0.01845719119597855,0.2696572937422053,,4.92
fakeddit,0,B,search,"{""alpha"": [0.15, 0.85], ""anfis"": ""pct"", ""cd"": 32, ""m"": 1.5, ""sd"": 2.0}",1.5,0.15,0.85,2.0,32,pct,0.3881012078794978,0.1958689688562656,0.046065259117082535,,15.47
dblp,0,B,search,"{""alpha"": [0.15, 0.85], ""anfis"": ""scale0.6"", ""cd"": 32, ""m"": 1.3, ""sd"": 1.5}",1.3,0.15,0.85,1.5,32,scale0.6,0.7733140358179679,0.4644152401865469,0.6284225415022706,,0.08
dblp,1,B,search,"{""alpha"": [0.15, 0.85], ""anfis"": ""scale0.6"", ""cd"": 32, ""m"": 1.3, ""sd"": 1.5}",1.3,0.15,0.85,1.5,32,scale0.6,0.733635682256842,0.4462765425738191,0.50072723999938,,0.08
dblp,2,B,search,"{""alpha"": [0.15, 0.85], ""anfis"": ""scale0.6"", ""cd"": 32, ""m"": 1.3, ""sd"": 1.5}",1.3,0.15,0.85,1.5,32,scale0.6,0.7560701912699397,0.5380878610132613,0.6543411663502363,,0.08
amazon,0,B,search,"{""alpha"": [0.15, 0.85], ""anfis"": ""scale0.6"", ""cd"": 32, ""m"": 1.3, ""sd"": 1.5}",1.3,0.15,0.85,1.5,32,scale0.6,0.7868201398206341,0.5588779496000353,0.6326074074418433,,0.06
amazon,1,B,search,"{""alpha"": [0.15, 0.85], ""anfis"": ""scale0.6"", ""cd"": 32, ""m"": 1.3, ""sd"": 1.5}",1.3,0.15,0.85,1.5,32,scale0.6,0.8460013417131559,0.851295037431069,0.9291967650922874,,0.11
amazon,2,B,search,"{""alpha"": [0.15, 0.85], ""anfis"": ""scale0.6"", ""cd"": 32, ""m"": 1.3, ""sd"": 1.5}",1.3,0.15,0.85,1.5,32,scale0.6,0.8420863639573477,0.6946524908582907,0.7553244724256686,,0.08
crisismmd,0,B,search,"{""alpha"": [0.15, 0.85], ""anfis"": ""shift+0.1"", ""cd"": 16, ""m"": 2.0, ""sd"": 1.5}",2.0,0.15,0.85,1.5,16,shift+0.1,0.4428013706284004,0.0,0.0,,2.81
fakeddit,2,B,search,"{""alpha"": [0.15, 0.85], ""anfis"": ""pct"", ""cd"": 32, ""m"": 1.5, ""sd"": 2.0}",1.5,0.15,0.85,2.0,32,pct,0.3880891295877816,0.20199508916555775,0.048393194706994325,,16.16
crisismmd,1,B,search,"{""alpha"": [0.15, 0.85], ""anfis"": ""shift+0.1"", ""cd"": 16, ""m"": 2.0, ""sd"": 1.5}",2.0,0.15,0.85,1.5,16,shift+0.1,0.46479346085260925,0.0,0.0,,2.7
crisismmd,2,B,search,"{""alpha"": [0.15, 0.85], ""anfis"": ""shift+0.1"", ""cd"": 16, ""m"": 2.0, ""sd"": 1.5}",2.0,0.15,0.85,1.5,16,shift+0.1,0.458485286847248,0.0,0.0,,2.52
fakeddit,1,B,search,"{""alpha"": [0.15, 0.85], ""anfis"": ""pct"", ""cd"": 32, ""m"": 1.5, ""sd"": 2.0}",1.5,0.15,0.85,2.0,32,pct,0.3880891295877816,0.20815753009706617,0.05065176908752328,,20.36
pheme,0,B,search,"{""alpha"": [0.15, 0.85], ""anfis"": ""shift+0.1"", ""cd"": 16, ""m"": 2.0, ""sd"": 1.5}",2.0,0.15,0.85,1.5,16,shift+0.1,0.6698796883468795,0.0,0.0,,2.05
pheme,1,B,search,"{""alpha"": [0.15, 0.85], ""anfis"": ""shift+0.1"", ""cd"": 16, ""m"": 2.0, ""sd"": 1.5}",2.0,0.15,0.85,1.5,16,shift+0.1,0.49142354971452645,0.0,0.0,,2.64
pheme,2,B,search,"{""alpha"": [0.15, 0.85], ""anfis"": ""shift+0.1"", ""cd"": 16, ""m"": 2.0, ""sd"": 1.5}",2.0,0.15,0.85,1.5,16,shift+0.1,0.49263516362319915,0.0,0.0,,3.7
fakeddit,0,B,search,"{""alpha"": [0.15, 0.85], ""anfis"": ""scale0.6"", ""cd"": 32, ""m"": 1.3, ""sd"": 1.5}",1.3,0.15,0.85,1.5,32,scale0.6,0.27860520588005644,0.31252314361507627,0.07903469079939669,,17.55
dblp,0,B,search,"{""alpha"": [0.15, 0.85], ""anfis"": ""shift+0.1"", ""cd"": 16, ""m"": 2.0, ""sd"": 1.5}",2.0,0.15,0.85,1.5,16,shift+0.1,0.757148747973955,0.6323356951062445,0.6471780722473668,,0.08
dblp,1,B,search,"{""alpha"": [0.15, 0.85], ""anfis"": ""shift+0.1"", ""cd"": 16, ""m"": 2.0, ""sd"": 1.5}",2.0,0.15,0.85,1.5,16,shift+0.1,0.6922270483662956,0.4980057335110517,0.48646378653308103,,0.05
dblp,2,B,search,"{""alpha"": [0.15, 0.85], ""anfis"": ""shift+0.1"", ""cd"": 16, ""m"": 2.0, ""sd"": 1.5}",2.0,0.15,0.85,1.5,16,shift+0.1,0.7448353727057722,0.6035661045547459,0.6466386802892106,,0.08
amazon,0,B,search,"{""alpha"": [0.15, 0.85], ""anfis"": ""shift+0.1"", ""cd"": 16, ""m"": 2.0, ""sd"": 1.5}",2.0,0.15,0.85,1.5,16,shift+0.1,0.7806955723465857,0.697758997174438,0.7433445060872246,,0.05
amazon,1,B,search,"{""alpha"": [0.15, 0.85], ""anfis"": ""shift+0.1"", ""cd"": 16, ""m"": 2.0, ""sd"": 1.5}",2.0,0.15,0.85,1.5,16,shift+0.1,0.8514917731798602,0.789025918462662,0.8129803514075193,,0.05
amazon,2,B,search,"{""alpha"": [0.15, 0.85], ""anfis"": ""shift+0.1"", ""cd"": 16, ""m"": 2.0, ""sd"": 1.5}",2.0,0.15,0.85,1.5,16,shift+0.1,0.8388274133182685,0.8089798963019004,0.828820024715547,,0.09
fakeddit,1,B,search,"{""alpha"": [0.15, 0.85], ""anfis"": ""scale0.6"", ""cd"": 32, ""m"": 1.3, ""sd"": 1.5}",1.3,0.15,0.85,1.5,32,scale0.6,0.2395781940738257,0.3108144123582057,0.07792998477929984,,17.66
fakeddit,0,B,search,"{""alpha"": [0.15, 0.85], ""anfis"": ""shift+0.1"", ""cd"": 16, ""m"": 2.0, ""sd"": 1.5}",2.0,0.15,0.85,1.5,16,shift+0.1,0.3885249960215215,0.0,0.0,,8.53
fakeddit,2,B,search,"{""alpha"": [0.15, 0.85], ""anfis"": ""scale0.6"", ""cd"": 32, ""m"": 1.3, ""sd"": 1.5}",1.3,0.15,0.85,1.5,32,scale0.6,0.37243079016216263,0.2957211648329916,0.07468749999999999,,18.05
crisismmd,0,B,search,"{""alpha"": [0.15, 0.85], ""anfis"": ""scale1.5"", ""cd"": 16, ""m"": 2.0, ""sd"": 0.5}",2.0,0.15,0.85,0.5,16,scale1.5,0.48459509434251175,0.0,0.0,,2.67
crisismmd,1,B,search,"{""alpha"": [0.15, 0.85], ""anfis"": ""scale1.5"", ""cd"": 16, ""m"": 2.0, ""sd"": 0.5}",2.0,0.15,0.85,0.5,16,scale1.5,0.48490799282630337,0.0,0.0,,2.61
fakeddit,1,B,search,"{""alpha"": [0.15, 0.85], ""anfis"": ""shift+0.1"", ""cd"": 16, ""m"": 2.0, ""sd"": 1.5}",2.0,0.15,0.85,1.5,16,shift+0.1,0.3885249960215215,0.0,0.0,,8.64
crisismmd,2,B,search,"{""alpha"": [0.15, 0.85], ""anfis"": ""scale1.5"", ""cd"": 16, ""m"": 2.0, ""sd"": 0.5}",2.0,0.15,0.85,0.5,16,scale1.5,0.48000600025411766,0.0,0.0,,2.44
fakeddit,2,B,search,"{""alpha"": [0.15, 0.85], ""anfis"": ""shift+0.1"", ""cd"": 16, ""m"": 2.0, ""sd"": 1.5}",2.0,0.15,0.85,1.5,16,shift+0.1,0.3885227377122318,0.0,0.0,,7.73
pheme,0,B,search,"{""alpha"": [0.15, 0.85], ""anfis"": ""scale1.5"", ""cd"": 16, ""m"": 2.0, ""sd"": 0.5}",2.0,0.15,0.85,0.5,16,scale1.5,0.8830514495552302,0.0,0.2444433853193279,,4.5
dblp,0,B,search,"{""alpha"": [0.15, 0.85], ""anfis"": ""scale1.5"", ""cd"": 16, ""m"": 2.0, ""sd"": 0.5}",2.0,0.15,0.85,0.5,16,scale1.5,0.7578620781934193,1.0,1.0,,0.05
dblp,1,B,search,"{""alpha"": [0.15, 0.85], ""anfis"": ""scale1.5"", ""cd"": 16, ""m"": 2.0, ""sd"": 0.5}",2.0,0.15,0.85,0.5,16,scale1.5,0.7578620781934193,1.0,1.0,,0.03
dblp,2,B,search,"{""alpha"": [0.15, 0.85], ""anfis"": ""scale1.5"", ""cd"": 16, ""m"": 2.0, ""sd"": 0.5}",2.0,0.15,0.85,0.5,16,scale1.5,0.7578620781934193,1.0,1.0,,0.05
amazon,0,B,search,"{""alpha"": [0.15, 0.85], ""anfis"": ""scale1.5"", ""cd"": 16, ""m"": 2.0, ""sd"": 0.5}",2.0,0.15,0.85,0.5,16,scale1.5,0.8583814702351529,1.0,1.0,,0.02
amazon,1,B,search,"{""alpha"": [0.15, 0.85], ""anfis"": ""scale1.5"", ""cd"": 16, ""m"": 2.0, ""sd"": 0.5}",2.0,0.15,0.85,0.5,16,scale1.5,0.8583814702351529,1.0,1.0,,0.05
amazon,2,B,search,"{""alpha"": [0.15, 0.85], ""anfis"": ""scale1.5"", ""cd"": 16, ""m"": 2.0, ""sd"": 0.5}",2.0,0.15,0.85,0.5,16,scale1.5,0.8583814702351529,1.0,1.0,,0.01
pheme,2,B,search,"{""alpha"": [0.15, 0.85], ""anfis"": ""scale1.5"", ""cd"": 16, ""m"": 2.0, ""sd"": 0.5}",2.0,0.15,0.85,0.5,16,scale1.5,0.8797517821626475,0.0,0.2802052115861869,,3.7
crisismmd,0,B,search,"{""alpha"": [0.15, 0.85], ""anfis"": ""shift-0.1"", ""cd"": 8, ""m"": 2.0, ""sd"": 1.5}",2.0,0.15,0.85,1.5,8,shift-0.1,0.4271196508489698,0.0,0.0,,1.53
crisismmd,1,B,search,"{""alpha"": [0.15, 0.85], ""anfis"": ""shift-0.1"", ""cd"": 8, ""m"": 2.0, ""sd"": 1.5}",2.0,0.15,0.85,1.5,8,shift-0.1,0.39982098391198073,0.0,0.0,,1.59
crisismmd,2,B,search,"{""alpha"": [0.15, 0.85], ""anfis"": ""shift-0.1"", ""cd"": 8, ""m"": 2.0, ""sd"": 1.5}",2.0,0.15,0.85,1.5,8,shift-0.1,0.44516476035946473,0.0,0.0,,1.52
pheme,0,B,search,"{""alpha"": [0.15, 0.85], ""anfis"": ""shift-0.1"", ""cd"": 8, ""m"": 2.0, ""sd"": 1.5}",2.0,0.15,0.85,1.5,8,shift-0.1,0.6698796883468795,0.0,0.0,,2.12
fakeddit,0,B,search,"{""alpha"": [0.15, 0.85], ""anfis"": ""scale1.5"", ""cd"": 16, ""m"": 2.0, ""sd"": 0.5}",2.0,0.15,0.85,0.5,16,scale1.5,0.38151110781435466,0.12878469675274296,0.017727272727272723,,8.58
pheme,1,B,search,"{""alpha"": [0.15, 0.85], ""anfis"": ""shift-0.1"", ""cd"": 8, ""m"": 2.0, ""sd"": 1.5}",2.0,0.15,0.85,1.5,8,shift-0.1,0.49142354971452645,0.0,0.0,,2.59
fakeddit,2,B,search,"{""alpha"": [0.15, 0.85], ""anfis"": ""scale1.5"", ""cd"": 16, ""m"": 2.0, ""sd"": 0.5}",2.0,0.15,0.85,0.5,16,scale1.5,0.3811234844730025,0.12420109940445978,0.014780600461893764,,8.52
fakeddit,1,B,search,"{""alpha"": [0.15, 0.85], ""anfis"": ""scale1.5"", ""cd"": 16, ""m"": 2.0, ""sd"": 0.5}",2.0,0.15,0.85,0.5,16,scale1.5,0.38246232743546815,0.0,0.011294117647058823,,9.08
dblp,0,B,search,"{""alpha"": [0.15, 0.85], ""anfis"": ""shift-0.1"", ""cd"": 8, ""m"": 2.0, ""sd"": 1.5}",2.0,0.15,0.85,1.5,8,shift-0.1,0.757148747973955,0.6323356951062445,0.6471780722473668,,0.08
dblp,1,B,search,"{""alpha"": [0.15, 0.85], ""anfis"": ""shift-0.1"", ""cd"": 8, ""m"": 2.0, ""sd"": 1.5}",2.0,0.15,0.85,1.5,8,shift-0.1,0.6922270483662956,0.4980057335110517,0.48646378653308103,,0.06
dblp,2,B,search,"{""alpha"": [0.15, 0.85], ""anfis"": ""shift-0.1"", ""cd"": 8, ""m"": 2.0, ""sd"": 1.5}",2.0,0.15,0.85,1.5,8,shift-0.1,0.7448353727057722,0.6035661045547459,0.6466386802892106,,0.03
amazon,0,B,search,"{""alpha"": [0.15, 0.85], ""anfis"": ""shift-0.1"", ""cd"": 8, ""m"": 2.0, ""sd"": 1.5}",2.0,0.15,0.85,1.5,8,shift-0.1,0.7806955723465857,0.697758997174438,0.7433445060872246,,0.06
amazon,1,B,search,"{""alpha"": [0.15, 0.85], ""anfis"": ""shift-0.1"", ""cd"": 8, ""m"": 2.0, ""sd"": 1.5}",2.0,0.15,0.85,1.5,8,shift-0.1,0.8514917731798602,0.789025918462662,0.8129803514075193,,0.06
amazon,2,B,search,"{""alpha"": [0.15, 0.85], ""anfis"": ""shift-0.1"", ""cd"": 8, ""m"": 2.0, ""sd"": 1.5}",2.0,0.15,0.85,1.5,8,shift-0.1,0.8388274133182685,0.8089798963019004,0.828820024715547,,0.08
pheme,2,B,search,"{""alpha"": [0.15, 0.85], ""anfis"": ""shift-0.1"", ""cd"": 8, ""m"": 2.0, ""sd"": 1.5}",2.0,0.15,0.85,1.5,8,shift-0.1,0.49263516362319915,0.0,0.0,,3.36
fakeddit,0,B,search,"{""alpha"": [0.15, 0.85], ""anfis"": ""shift-0.1"", ""cd"": 8, ""m"": 2.0, ""sd"": 1.5}",2.0,0.15,0.85,1.5,8,shift-0.1,0.34965608816199945,0.0,0.0,,4.14
crisismmd,0,B,search,"{""alpha"": [0.15, 0.85], ""anfis"": ""pct"", ""cd"": 16, ""m"": 1.5, ""sd"": 1.0}",1.5,0.15,0.85,1.0,16,pct,0.4948940941760425,0.6898746742776888,0.7048704055256392,,2.56
pheme,1,B,search,"{""alpha"": [0.15, 0.85], ""anfis"": ""scale1.5"", ""cd"": 16, ""m"": 2.0, ""sd"": 0.5}",2.0,0.15,0.85,0.5,16,scale1.5,0.870832633824106,0.0,0.2196768568823918,,13.11
fakeddit,1,B,search,"{""alpha"": [0.15, 0.85], ""anfis"": ""shift-0.1"", ""cd"": 8, ""m"": 2.0, ""sd"": 1.5}",2.0,0.15,0.85,1.5,8,shift-0.1,0.3387615422936323,0.0,0.0,,3.95
crisismmd,1,B,search,"{""alpha"": [0.15, 0.85], ""anfis"": ""pct"", ""cd"": 16, ""m"": 1.5, ""sd"": 1.0}",1.5,0.15,0.85,1.0,16,pct,0.45923082114075864,0.7100389044115355,0.5613915448942274,,2.39
fakeddit,2,B,search,"{""alpha"": [0.15, 0.85], ""anfis"": ""shift-0.1"", ""cd"": 8, ""m"": 2.0, ""sd"": 1.5}",2.0,0.15,0.85,1.5,8,shift-0.1,0.34365105901869325,0.0,0.0,,3.75
crisismmd,2,B,search,"{""alpha"": [0.15, 0.85], ""anfis"": ""pct"", ""cd"": 16, ""m"": 1.5, ""sd"": 1.0}",1.5,0.15,0.85,1.0,16,pct,0.5006406281632649,0.6053898958022015,0.6127467902813588,,2.05
pheme,0,B,search,"{""alpha"": [0.15, 0.85], ""anfis"": ""pct"", ""cd"": 16, ""m"": 1.5, ""sd"": 1.0}",1.5,0.15,0.85,1.0,16,pct,0.8651647650342359,0.0,0.28702009910060355,,3.66
dblp,0,B,search,"{""alpha"": [0.15, 0.85], ""anfis"": ""pct"", ""cd"": 16, ""m"": 1.5, ""sd"": 1.0}",1.5,0.15,0.85,1.0,16,pct,0.7788480378917624,0.7261913718518531,0.7399602836033007,,0.12
dblp,1,B,search,"{""alpha"": [0.15, 0.85], ""anfis"": ""pct"", ""cd"": 16, ""m"": 1.5, ""sd"": 1.0}",1.5,0.15,0.85,1.0,16,pct,0.782662174504473,0.8124831843933965,0.8304569761789014,,0.08
dblp,2,B,search,"{""alpha"": [0.15, 0.85], ""anfis"": ""pct"", ""cd"": 16, ""m"": 1.5, ""sd"": 1.0}",1.5,0.15,0.85,1.0,16,pct,0.7669592009006919,0.6714124027116352,0.7192994043947643,,0.09
amazon,0,B,search,"{""alpha"": [0.15, 0.85], ""anfis"": ""pct"", ""cd"": 16, ""m"": 1.5, ""sd"": 1.0}",1.5,0.15,0.85,1.0,16,pct,0.7802754042793588,0.5569867831239808,0.6832391865560852,,0.09
amazon,1,B,search,"{""alpha"": [0.15, 0.85], ""anfis"": ""pct"", ""cd"": 16, ""m"": 1.5, ""sd"": 1.0}",1.5,0.15,0.85,1.0,16,pct,0.7915514441070546,0.5739643203024514,0.7212163567850796,,0.06
amazon,2,B,search,"{""alpha"": [0.15, 0.85], ""anfis"": ""pct"", ""cd"": 16, ""m"": 1.5, ""sd"": 1.0}",1.5,0.15,0.85,1.0,16,pct,0.7125150060024009,0.4250577888441538,0.5240875819000819,,0.06
pheme,1,B,search,"{""alpha"": [0.15, 0.85], ""anfis"": ""pct"", ""cd"": 16, ""m"": 1.5, ""sd"": 1.0}",1.5,0.15,0.85,1.0,16,pct,0.8570915188206584,0.0,0.29768009864315825,,5.97
crisismmd,0,B,search,"{""alpha"": [0.15, 0.85], ""anfis"": ""shift+0.1"", ""cd"": 16, ""m"": 1.2, ""sd"": 2.0}",1.2,0.15,0.85,2.0,16,shift+0.1,0.4240494469135445,0.6814735134452212,0.6717597770528745,,3.03
fakeddit,0,B,search,"{""alpha"": [0.15, 0.85], ""anfis"": ""pct"", ""cd"": 16, ""m"": 1.5, ""sd"": 1.0}",1.5,0.15,0.85,1.0,16,pct,0.3129813650751519,0.5226172459015064,0.19389113406176722,,8.14
pheme,2,B,search,"{""alpha"": [0.15, 0.85], ""anfis"": ""pct"", ""cd"": 16, ""m"": 1.5, ""sd"": 1.0}",1.5,0.15,0.85,1.0,16,pct,0.8543142336088391,0.023123759282070777,0.31632624981210006,,8.44
crisismmd,1,B,search,"{""alpha"": [0.15, 0.85], ""anfis"": ""shift+0.1"", ""cd"": 16, ""m"": 1.2, ""sd"": 2.0}",1.2,0.15,0.85,2.0,16,shift+0.1,0.4641322489142372,0.6851645313651993,0.6775551073154027,,2.95
fakeddit,1,B,search,"{""alpha"": [0.15, 0.85], ""anfis"": ""pct"", ""cd"": 16, ""m"": 1.5, ""sd"": 1.0}",1.5,0.15,0.85,1.0,16,pct,0.31188678899958877,0.5239253565771018,0.1940279964655625,,8.52
crisismmd,2,B,search,"{""alpha"": [0.15, 0.85], ""anfis"": ""shift+0.1"", ""cd"": 16, ""m"": 1.2, ""sd"": 2.0}",1.2,0.15,0.85,2.0,16,shift+0.1,0.42071485442773526,0.6768684205909958,0.6734332848243177,,2.67
fakeddit,2,B,search,"{""alpha"": [0.15, 0.85], ""anfis"": ""pct"", ""cd"": 16, ""m"": 1.5, ""sd"": 1.0}",1.5,0.15,0.85,1.0,16,pct,0.32602998126316773,0.528387525254559,0.19455768824027073,,8.45
pheme,0,B,search,"{""alpha"": [0.15, 0.85], ""anfis"": ""shift+0.1"", ""cd"": 16, ""m"": 1.2, ""sd"": 2.0}",1.2,0.15,0.85,2.0,16,shift+0.1,0.8699499982444654,0.01398898655495473,0.2443906276835264,,3.7
dblp,0,B,search,"{""alpha"": [0.15, 0.85], ""anfis"": ""shift+0.1"", ""cd"": 16, ""m"": 1.2, ""sd"": 2.0}",1.2,0.15,0.85,2.0,16,shift+0.1,0.8057097485638957,0.4786412009917632,0.5158867019247688,,0.11
dblp,1,B,search,"{""alpha"": [0.15, 0.85], ""anfis"": ""shift+0.1"", ""cd"": 16, ""m"": 1.2, ""sd"": 2.0}",1.2,0.15,0.85,2.0,16,shift+0.1,0.7981501428602195,0.5036892781486488,0.6206078241230003,,0.08
dblp,2,B,search,"{""alpha"": [0.15, 0.85], ""anfis"": ""shift+0.1"", ""cd"": 16, ""m"": 1.2, ""sd"": 2.0}",1.2,0.15,0.85,2.0,16,shift+0.1,0.7968781167376114,0.3293783938716397,0.44207953842694103,,0.05
amazon,0,B,search,"{""alpha"": [0.15, 0.85], ""anfis"": ""shift+0.1"", ""cd"": 16, ""m"": 1.2, ""sd"": 2.0}",1.2,0.15,0.85,2.0,16,shift+0.1,0.7438722547842667,0.5539773172847998,0.6319628201081315,,0.06
amazon,1,B,search,"{""alpha"": [0.15, 0.85], ""anfis"": ""shift+0.1"", ""cd"": 16, ""m"": 1.2, ""sd"": 2.0}",1.2,0.15,0.85,2.0,16,shift+0.1,0.7776724807570087,0.6348664002878011,0.7079177643374712,,0.09
amazon,2,B,search,"{""alpha"": [0.15, 0.85], ""anfis"": ""shift+0.1"", ""cd"": 16, ""m"": 1.2, ""sd"": 2.0}",1.2,0.15,0.85,2.0,16,shift+0.1,0.7711637596214956,0.6044733933958888,0.6817666224454075,,0.08
pheme,1,B,search,"{""alpha"": [0.15, 0.85], ""anfis"": ""shift+0.1"", ""cd"": 16, ""m"": 1.2, ""sd"": 2.0}",1.2,0.15,0.85,2.0,16,shift+0.1,0.8668904997844675,0.01531787138624785,0.24412471835845015,,4.14
crisismmd,0,B,search,"{""alpha"": [0.15, 0.85], ""anfis"": ""shift-0.1"", ""cd"": 8, ""m"": 1.75, ""sd"": 1.5}",1.75,0.15,0.85,1.5,8,shift-0.1,0.4087690270748183,0.0,0.0,,1.59
crisismmd,1,B,search,"{""alpha"": [0.15, 0.85], ""anfis"": ""shift-0.1"", ""cd"": 8, ""m"": 1.75, ""sd"": 1.5}",1.75,0.15,0.85,1.5,8,shift-0.1,0.3724734723460537,0.0,0.0,,1.39
crisismmd,2,B,search,"{""alpha"": [0.15, 0.85], ""anfis"": ""shift-0.1"", ""cd"": 8, ""m"": 1.75, ""sd"": 1.5}",1.75,0.15,0.85,1.5,8,shift-0.1,0.44433693280246717,0.0,0.0,,1.64
fakeddit,0,B,search,"{""alpha"": [0.15, 0.85], ""anfis"": ""shift+0.1"", ""cd"": 16, ""m"": 1.2, ""sd"": 2.0}",1.2,0.15,0.85,2.0,16,shift+0.1,0.3070479807144336,0.5189776462640241,0.19313687046923858,,8.19
fakeddit,1,B,search,"{""alpha"": [0.15, 0.85], ""anfis"": ""shift+0.1"", ""cd"": 16, ""m"": 1.2, ""sd"": 2.0}",1.2,0.15,0.85,2.0,16,shift+0.1,0.29851208123165907,0.5227555969503926,0.19340192814259166,,8.8
fakeddit,2,B,search,"{""alpha"": [0.15, 0.85], ""anfis"": ""shift+0.1"", ""cd"": 16, ""m"": 1.2, ""sd"": 2.0}",1.2,0.15,0.85,2.0,16,shift+0.1,0.30890393509661146,0.5216171343680653,0.19298701298701298,,8.53
pheme,0,B,search,"{""alpha"": [0.15, 0.85], ""anfis"": ""shift-0.1"", ""cd"": 8, ""m"": 1.75, ""sd"": 1.5}",1.75,0.15,0.85,1.5,8,shift-0.1,0.5505945066224961,0.0,0.0,,5.89
pheme,2,B,search,"{""alpha"": [0.15, 0.85], ""anfis"": ""shift+0.1"", ""cd"": 16, ""m"": 1.2, ""sd"": 2.0}",1.2,0.15,0.85,2.0,16,shift+0.1,0.8683090897449931,0.012057574432937979,0.256682998527171,,11.48
dblp,0,B,search,"{""alpha"": [0.15, 0.85], ""anfis"": ""shift-0.1"", ""cd"": 8, ""m"": 1.75, ""sd"": 1.5}",1.75,0.15,0.85,1.5,8,shift-0.1,0.7754760918753789,0.6497585135906618,0.7379314969049009,,0.08
dblp,1,B,search,"{""alpha"": [0.15, 0.85], ""anfis"": ""shift-0.1"", ""cd"": 8, ""m"": 1.75, ""sd"": 1.5}",1.75,0.15,0.85,1.5,8,shift-0.1,0.7329080536588138,0.43243839249809746,0.4304203832562774,,0.08
dblp,2,B,search,"{""alpha"": [0.15, 0.85], ""anfis"": ""shift-0.1"", ""cd"": 8, ""m"": 1.75, ""sd"": 1.5}",1.75,0.15,0.85,1.5,8,shift-0.1,0.7440027128084169,0.5875487092032972,0.647414525157491,,0.08
amazon,0,B,search,"{""alpha"": [0.15, 0.85], ""anfis"": ""shift-0.1"", ""cd"": 8, ""m"": 1.75, ""sd"": 1.5}",1.75,0.15,0.85,1.5,8,shift-0.1,0.7842352235011651,0.6720646933468475,0.7250443187181292,,0.05
amazon,1,B,search,"{""alpha"": [0.15, 0.85], ""anfis"": ""shift-0.1"", ""cd"": 8, ""m"": 1.75, ""sd"": 1.5}",1.75,0.15,0.85,1.5,8,shift-0.1,0.850632370595297,0.7897010055046502,0.8129803514075193,,0.08
amazon,2,B,search,"{""alpha"": [0.15, 0.85], ""anfis"": ""shift-0.1"", ""cd"": 8, ""m"": 1.75, ""sd"": 1.5}",1.75,0.15,0.85,1.5,8,shift-0.1,0.8449526869571358,0.8431436882535843,0.9161549545821226,,0.09
pheme,2,B,search,"{""alpha"": [0.15, 0.85], ""anfis"": ""shift-0.1"", ""cd"": 8, ""m"": 1.75, ""sd"": 1.5}",1.75,0.15,0.85,1.5,8,shift-0.1,0.6276123165945815,0.0,0.05102606766500277,,5.64
crisismmd,0,B,search,"{""alpha"": [0.15, 0.85], ""anfis"": ""shift+0.1"", ""cd"": 16, ""m"": 1.75, ""sd"": 1.5}",1.75,0.15,0.85,1.5,16,shift+0.1,0.34968338430397616,0.0,0.0,,2.58
fakeddit,0,B,search,"{""alpha"": [0.15, 0.85], ""anfis"": ""shift-0.1"", ""cd"": 8, ""m"": 1.75, ""sd"": 1.5}",1.75,0.15,0.85,1.5,8,shift-0.1,0.34995935138834516,0.0,0.0,,4.94
fakeddit,1,B,search,"{""alpha"": [0.15, 0.85], ""anfis"": ""shift-0.1"", ""cd"": 8, ""m"": 1.75, ""sd"": 1.5}",1.75,0.15,0.85,1.5,8,shift-0.1,0.33928047883495654,0.0,0.0,,4.81
fakeddit,2,B,search,"{""alpha"": [0.15, 0.85], ""anfis"": ""shift-0.1"", ""cd"": 8, ""m"": 1.75, ""sd"": 1.5}",1.75,0.15,0.85,1.5,8,shift-0.1,0.34365105901869325,0.0,0.0,,4.36
pheme,1,B,search,"{""alpha"": [0.15, 0.85], ""anfis"": ""shift-0.1"", ""cd"": 8, ""m"": 1.75, ""sd"": 1.5}",1.75,0.15,0.85,1.5,8,shift-0.1,0.4951672640893452,0.0,0.0,,8.84
crisismmd,1,B,search,"{""alpha"": [0.15, 0.85], ""anfis"": ""shift+0.1"", ""cd"": 16, ""m"": 1.75, ""sd"": 1.5}",1.75,0.15,0.85,1.5,16,shift+0.1,0.45935574624740416,0.0,0.0,,2.27
crisismmd,2,B,search,"{""alpha"": [0.15, 0.85], ""anfis"": ""shift+0.1"", ""cd"": 16, ""m"": 1.75, ""sd"": 1.5}",1.75,0.15,0.85,1.5,16,shift+0.1,0.37434914793421104,0.0,0.0,,2.25
pheme,0,B,search,"{""alpha"": [0.15, 0.85], ""anfis"": ""shift+0.1"", ""cd"": 16, ""m"": 1.75, ""sd"": 1.5}",1.75,0.15,0.85,1.5,16,shift+0.1,0.5505945066224961,0.0,0.0,,5.81
dblp,0,B,search,"{""alpha"": [0.15, 0.85], ""anfis"": ""shift+0.1"", ""cd"": 16, ""m"": 1.75, ""sd"": 1.5}",1.75,0.15,0.85,1.5,16,shift+0.1,0.7754760918753789,0.6497585135906618,0.7379314969049009,,0.09
dblp,1,B,search,"{""alpha"": [0.15, 0.85], ""anfis"": ""shift+0.1"", ""cd"": 16, ""m"": 1.75, ""sd"": 1.5}",1.75,0.15,0.85,1.5,16,shift+0.1,0.7329080536588138,0.43243839249809746,0.4304203832562774,,0.08
dblp,2,B,search,"{""alpha"": [0.15, 0.85], ""anfis"": ""shift+0.1"", ""cd"": 16, ""m"": 1.75, ""sd"": 1.5}",1.75,0.15,0.85,1.5,16,shift+0.1,0.7440027128084169,0.5875487092032972,0.647414525157491,,0.06
amazon,0,B,search,"{""alpha"": [0.15, 0.85], ""anfis"": ""shift+0.1"", ""cd"": 16, ""m"": 1.75, ""sd"": 1.5}",1.75,0.15,0.85,1.5,16,shift+0.1,0.7842352235011651,0.6720646933468475,0.7250443187181292,,0.08
amazon,1,B,search,"{""alpha"": [0.15, 0.85], ""anfis"": ""shift+0.1"", ""cd"": 16, ""m"": 1.75, ""sd"": 1.5}",1.75,0.15,0.85,1.5,16,shift+0.1,0.850632370595297,0.7897010055046502,0.8129803514075193,,0.09
amazon,2,B,search,"{""alpha"": [0.15, 0.85], ""anfis"": ""shift+0.1"", ""cd"": 16, ""m"": 1.75, ""sd"": 1.5}",1.75,0.15,0.85,1.5,16,shift+0.1,0.8449526869571358,0.8431436882535843,0.9161549545821226,,0.06
pheme,2,B,search,"{""alpha"": [0.15, 0.85], ""anfis"": ""shift+0.1"", ""cd"": 16, ""m"": 1.75, ""sd"": 1.5}",1.75,0.15,0.85,1.5,16,shift+0.1,0.6276123165945815,0.0,0.05102606766500277,,5.67
crisismmd,0,B,search,"{""alpha"": [0.15, 0.85], ""anfis"": ""pct"", ""cd"": 8, ""m"": 1.75, ""sd"": 1.0}",1.75,0.15,0.85,1.0,8,pct,0.5290967559175529,0.586523322826225,0.28006973956630704,,1.69
crisismmd,1,B,search,"{""alpha"": [0.15, 0.85], ""anfis"": ""pct"", ""cd"": 8, ""m"": 1.75, ""sd"": 1.0}",1.75,0.15,0.85,1.0,8,pct,0.5299225125459573,0.5862687306494281,0.2797058559770424,,1.67
pheme,1,B,search,"{""alpha"": [0.15, 0.85], ""anfis"": ""shift+0.1"", ""cd"": 16, ""m"": 1.75, ""sd"": 1.5}",1.75,0.15,0.85,1.5,16,shift+0.1,0.4951672640893452,0.0,0.0,,9.03
crisismmd,2,B,search,"{""alpha"": [0.15, 0.85], ""anfis"": ""pct"", ""cd"": 8, ""m"": 1.75, ""sd"": 1.0}",1.75,0.15,0.85,1.0,8,pct,0.5306404972136388,0.5889140363869358,0.28042395144487725,,1.55
fakeddit,0,B,search,"{""alpha"": [0.15, 0.85], ""anfis"": ""shift+0.1"", ""cd"": 16, ""m"": 1.75, ""sd"": 1.5}",1.75,0.15,0.85,1.5,16,shift+0.1,0.3885249960215215,0.0,0.0,,8.78
fakeddit,1,B,search,"{""alpha"": [0.15, 0.85], ""anfis"": ""shift+0.1"", ""cd"": 16, ""m"": 1.75, ""sd"": 1.5}",1.75,0.15,0.85,1.5,16,shift+0.1,0.3885249960215215,0.0,0.0,,9.05
fakeddit,2,B,search,"{""alpha"": [0.15, 0.85], ""anfis"": ""shift+0.1"", ""cd"": 16, ""m"": 1.75, ""sd"": 1.5}",1.75,0.15,0.85,1.5,16,shift+0.1,0.3885227377122318,0.0,0.0,,8.66
pheme,0,B,search,"{""alpha"": [0.15, 0.85], ""anfis"": ""pct"", ""cd"": 8, ""m"": 1.75, ""sd"": 1.0}",1.75,0.15,0.85,1.0,8,pct,0.6570760878192159,0.0,0.036246612466124664,,4.47
dblp,0,B,search,"{""alpha"": [0.15, 0.85], ""anfis"": ""pct"", ""cd"": 8, ""m"": 1.75, ""sd"": 1.0}",1.75,0.15,0.85,1.0,8,pct,0.7788480378917624,0.7244561212777838,0.7399602836033007,,0.11
dblp,1,B,search,"{""alpha"": [0.15, 0.85], ""anfis"": ""pct"", ""cd"": 8, ""m"": 1.75, ""sd"": 1.0}",1.75,0.15,0.85,1.0,8,pct,0.7752487300038942,0.7570625552416503,0.7888455554912233,,0.09
dblp,2,B,search,"{""alpha"": [0.15, 0.85], ""anfis"": ""pct"", ""cd"": 8, ""m"": 1.75, ""sd"": 1.0}",1.75,0.15,0.85,1.0,8,pct,0.7669655557356092,0.6835270660076851,0.7257428979764406,,0.11
amazon,0,B,search,"{""alpha"": [0.15, 0.85], ""anfis"": ""pct"", ""cd"": 8, ""m"": 1.75, ""sd"": 1.0}",1.75,0.15,0.85,1.0,8,pct,0.7816008756443754,0.6046358914804084,0.6853882301979916,,0.09
amazon,1,B,search,"{""alpha"": [0.15, 0.85], ""anfis"": ""pct"", ""cd"": 8, ""m"": 1.75, ""sd"": 1.0}",1.75,0.15,0.85,1.0,8,pct,0.8034383165030718,0.6673058372829244,0.8147477482661138,,0.06
amazon,2,B,search,"{""alpha"": [0.15, 0.85], ""anfis"": ""pct"", ""cd"": 8, ""m"": 1.75, ""sd"": 1.0}",1.75,0.15,0.85,1.0,8,pct,0.7050233034390226,0.5226865456261025,0.542702346743295,,0.06
fakeddit,0,B,search,"{""alpha"": [0.15, 0.85], ""anfis"": ""pct"", ""cd"": 8, ""m"": 1.75, ""sd"": 1.0}",1.75,0.15,0.85,1.0,8,pct,0.2860030735557582,0.2957211648329916,0.07468749999999999,,4.8
pheme,1,B,search,"{""alpha"": [0.15, 0.85], ""anfis"": ""pct"", ""cd"": 8, ""m"": 1.75, ""sd"": 1.0}",1.75,0.15,0.85,1.0,8,pct,0.6540630593922427,0.0,0.03504968383017164,,5.53
fakeddit,2,B,search,"{""alpha"": [0.15, 0.85], ""anfis"": ""pct"", ""cd"": 8, ""m"": 1.75, ""sd"": 1.0}",1.75,0.15,0.85,1.0,8,pct,0.38990708130686175,0.1590115192474293,0.031865828092243184,,4.41
fakeddit,1,B,search,"{""alpha"": [0.15, 0.85], ""anfis"": ""pct"", ""cd"": 8, ""m"": 1.75, ""sd"": 1.0}",1.75,0.15,0.85,1.0,8,pct,0.2826487644044538,0.2742730324980749,0.0700162074554295,,4.61
crisismmd,0,B,search,"{""alpha"": [0.15, 0.85], ""anfis"": ""scale0.6"", ""cd"": 16, ""m"": 1.3, ""sd"": 0.5}",1.3,0.15,0.85,0.5,16,scale0.6,0.3894847492007157,0.6891862435865144,0.6588677163137573,,2.5
pheme,0,B,search,"{""alpha"": [0.15, 0.85], ""anfis"": ""scale0.6"", ""cd"": 16, ""m"": 1.3, ""sd"": 0.5}",1.3,0.15,0.85,0.5,16,scale0.6,0.8815315106655364,0.0,0.2460083633182526,,1.42
crisismmd,2,B,search,"{""alpha"": [0.15, 0.85], ""anfis"": ""scale0.6"", ""cd"": 16, ""m"": 1.3, ""sd"": 0.5}",1.3,0.15,0.85,0.5,16,scale0.6,0.3924131677421619,0.6818371377152892,0.6585790130424077,,2.36
crisismmd,1,B,search,"{""alpha"": [0.15, 0.85], ""anfis"": ""scale0.6"", ""cd"": 16, ""m"": 1.3, ""sd"": 0.5}",1.3,0.15,0.85,0.5,16,scale0.6,0.4044927687148039,0.6969267325244253,0.6644981495387432,,2.59
pheme,2,B,search,"{""alpha"": [0.15, 0.85], ""anfis"": ""pct"", ""cd"": 8, ""m"": 1.75, ""sd"": 1.0}",1.75,0.15,0.85,1.0,8,pct,0.7162238834726303,0.0,0.04615519836027467,,7.91
dblp,0,B,search,"{""alpha"": [0.15, 0.85], ""anfis"": ""scale0.6"", ""cd"": 16, ""m"": 1.3, ""sd"": 0.5}",1.3,0.15,0.85,0.5,16,scale0.6,0.7578620781934193,1.0,1.0,,0.03
dblp,1,B,search,"{""alpha"": [0.15, 0.85], ""anfis"": ""scale0.6"", ""cd"": 16, ""m"": 1.3, ""sd"": 0.5}",1.3,0.15,0.85,0.5,16,scale0.6,0.7578620781934193,1.0,1.0,,0.05
dblp,2,B,search,"{""alpha"": [0.15, 0.85], ""anfis"": ""scale0.6"", ""cd"": 16, ""m"": 1.3, ""sd"": 0.5}",1.3,0.15,0.85,0.5,16,scale0.6,0.7578620781934193,1.0,1.0,,0.03
amazon,0,B,search,"{""alpha"": [0.15, 0.85], ""anfis"": ""scale0.6"", ""cd"": 16, ""m"": 1.3, ""sd"": 0.5}",1.3,0.15,0.85,0.5,16,scale0.6,0.8583814702351529,1.0,1.0,,0.03
amazon,1,B,search,"{""alpha"": [0.15, 0.85], ""anfis"": ""scale0.6"", ""cd"": 16, ""m"": 1.3, ""sd"": 0.5}",1.3,0.15,0.85,0.5,16,scale0.6,0.8583814702351529,1.0,1.0,,0.02
amazon,2,B,search,"{""alpha"": [0.15, 0.85], ""anfis"": ""scale0.6"", ""cd"": 16, ""m"": 1.3, ""sd"": 0.5}",1.3,0.15,0.85,0.5,16,scale0.6,0.8583814702351529,1.0,1.0,,0.03
pheme,2,B,search,"{""alpha"": [0.15, 0.85], ""anfis"": ""scale0.6"", ""cd"": 16, ""m"": 1.3, ""sd"": 0.5}",1.3,0.15,0.85,0.5,16,scale0.6,0.8601871606396755,0.0,0.27338345689500515,,3.44
crisismmd,0,B,search,"{""alpha"": [0.15, 0.85], ""anfis"": ""scale1.5"", ""cd"": 8, ""m"": 1.2, ""sd"": 0.5}",1.2,0.15,0.85,0.5,8,scale1.5,0.42537632642453427,0.5264378980105566,0.6024419632118291,,1.69
pheme,1,B,search,"{""alpha"": [0.15, 0.85], ""anfis"": ""scale0.6"", ""cd"": 16, ""m"": 1.3, ""sd"": 0.5}",1.3,0.15,0.85,0.5,16,scale0.6,0.8707103364990981,0.0,0.2295578707323216,,5.56
crisismmd,1,B,search,"{""alpha"": [0.15, 0.85], ""anfis"": ""scale1.5"", ""cd"": 8, ""m"": 1.2, ""sd"": 0.5}",1.2,0.15,0.85,0.5,8,scale1.5,0.36700084481335515,0.5140481794176133,0.6092305648233484,,1.66
crisismmd,2,B,search,"{""alpha"": [0.15, 0.85], ""anfis"": ""scale1.5"", ""cd"": 8, ""m"": 1.2, ""sd"": 0.5}",1.2,0.15,0.85,0.5,8,scale1.5,0.3855886631260621,0.5320719746893074,0.6178488922816024,,1.58
pheme,0,B,search,"{""alpha"": [0.15, 0.85], ""anfis"": ""scale1.5"", ""cd"": 8, ""m"": 1.2, ""sd"": 0.5}",1.2,0.15,0.85,0.5,8,scale1.5,0.8819180233211704,0.0,0.2577412393106499,,2.11
pheme,2,B,search,"{""alpha"": [0.15, 0.85], ""anfis"": ""scale1.5"", ""cd"": 8, ""m"": 1.2, ""sd"": 0.5}",1.2,0.15,0.85,0.5,8,scale1.5,0.8533041373671879,0.0,0.2470148022084969,,2.58
pheme,1,B,search,"{""alpha"": [0.15, 0.85], ""anfis"": ""scale1.5"", ""cd"": 8, ""m"": 1.2, ""sd"": 0.5}",1.2,0.15,0.85,0.5,8,scale1.5,0.8636417281423405,0.0,0.22942814156854607,,3.06
fakeddit,0,B,search,"{""alpha"": [0.15, 0.85], ""anfis"": ""scale0.6"", ""cd"": 16, ""m"": 1.3, ""sd"": 0.5}",1.3,0.15,0.85,0.5,16,scale0.6,0.3415659961331247,0.6166998602147964,0.38100317346031776,,8.11
dblp,0,B,search,"{""alpha"": [0.15, 0.85], ""anfis"": ""scale1.5"", ""cd"": 8, ""m"": 1.2, ""sd"": 0.5}",1.2,0.15,0.85,0.5,8,scale1.5,0.7578620781934193,1.0,1.0,,0.02
dblp,1,B,search,"{""alpha"": [0.15, 0.85], ""anfis"": ""scale1.5"", ""cd"": 8, ""m"": 1.2, ""sd"": 0.5}",1.2,0.15,0.85,0.5,8,scale1.5,0.7578620781934193,1.0,1.0,,0.05
dblp,2,B,search,"{""alpha"": [0.15, 0.85], ""anfis"": ""scale1.5"", ""cd"": 8, ""m"": 1.2, ""sd"": 0.5}",1.2,0.15,0.85,0.5,8,scale1.5,0.7578620781934193,1.0,1.0,,0.03
amazon,0,B,search,"{""alpha"": [0.15, 0.85], ""anfis"": ""scale1.5"", ""cd"": 8, ""m"": 1.2, ""sd"": 0.5}",1.2,0.15,0.85,0.5,8,scale1.5,0.8583814702351529,1.0,1.0,,0.03
amazon,1,B,search,"{""alpha"": [0.15, 0.85], ""anfis"": ""scale1.5"", ""cd"": 8, ""m"": 1.2, ""sd"": 0.5}",1.2,0.15,0.85,0.5,8,scale1.5,0.8583814702351529,1.0,1.0,,0.03
amazon,2,B,search,"{""alpha"": [0.15, 0.85], ""anfis"": ""scale1.5"", ""cd"": 8, ""m"": 1.2, ""sd"": 0.5}",1.2,0.15,0.85,0.5,8,scale1.5,0.8583814702351529,1.0,1.0,,0.01
fakeddit,1,B,search,"{""alpha"": [0.15, 0.85], ""anfis"": ""scale0.6"", ""cd"": 16, ""m"": 1.3, ""sd"": 0.5}",1.3,0.15,0.85,0.5,16,scale0.6,0.3197852719260157,0.6136570302435717,0.5647471083802333,,8.64
fakeddit,2,B,search,"{""alpha"": [0.15, 0.85], ""anfis"": ""scale0.6"", ""cd"": 16, ""m"": 1.3, ""sd"": 0.5}",1.3,0.15,0.85,0.5,16,scale0.6,0.32582605179353685,0.6296664117622165,0.5674265050082008,,8.5
crisismmd,0,B,search,"{""alpha"": [0.15, 0.85], ""anfis"": ""shift-0.1"", ""cd"": 8, ""m"": 1.5, ""sd"": 2.0}",1.5,0.15,0.85,2.0,8,shift-0.1,0.23357658446642066,0.0,0.0,,1.36
fakeddit,0,B,search,"{""alpha"": [0.15, 0.85], ""anfis"": ""scale1.5"", ""cd"": 8, ""m"": 1.2, ""sd"": 0.5}",1.2,0.15,0.85,0.5,8,scale1.5,0.24641558696920757,0.43638526266100663,0.5416438698234065,,4.22
crisismmd,1,B,search,"{""alpha"": [0.15, 0.85], ""anfis"": ""shift-0.1"", ""cd"": 8, ""m"": 1.5, ""sd"": 2.0}",1.5,0.15,0.85,2.0,8,shift-0.1,0.22234240348458212,0.0,0.0,,1.47
crisismmd,2,B,search,"{""alpha"": [0.15, 0.85], ""anfis"": ""shift-0.1"", ""cd"": 8, ""m"": 1.5, ""sd"": 2.0}",1.5,0.15,0.85,2.0,8,shift-0.1,0.21391784504944097,0.0,0.0,,1.44
fakeddit,1,B,search,"{""alpha"": [0.15, 0.85], ""anfis"": ""scale1.5"", ""cd"": 8, ""m"": 1.2, ""sd"": 0.5}",1.2,0.15,0.85,0.5,8,scale1.5,0.2871184012321998,0.4319860202375968,0.4714533996591535,,4.25
fakeddit,2,B,search,"{""alpha"": [0.15, 0.85], ""anfis"": ""scale1.5"", ""cd"": 8, ""m"": 1.2, ""sd"": 0.5}",1.2,0.15,0.85,0.5,8,scale1.5,0.2905256930587172,0.45707751234974103,0.5384220615315796,,3.88
pheme,1,B,search,"{""alpha"": [0.15, 0.85], ""anfis"": ""shift-0.1"", ""cd"": 8, ""m"": 1.5, ""sd"": 2.0}",1.5,0.15,0.85,2.0,8,shift-0.1,0.8336088096560893,0.0,0.26749976276515663,,3.55
dblp,0,B,search,"{""alpha"": [0.15, 0.85], ""anfis"": ""shift-0.1"", ""cd"": 8, ""m"": 1.5, ""sd"": 2.0}",1.5,0.15,0.85,2.0,8,shift-0.1,0.8033745232549888,0.4729548027768501,0.5419957101374633,,0.11
dblp,1,B,search,"{""alpha"": [0.15, 0.85], ""anfis"": ""shift-0.1"", ""cd"": 8, ""m"": 1.5, ""sd"": 2.0}",1.5,0.15,0.85,2.0,8,shift-0.1,0.8071485891030822,0.5837048626489786,0.5977311527987018,,0.09
dblp,2,B,search,"{""alpha"": [0.15, 0.85], ""anfis"": ""shift-0.1"", ""cd"": 8, ""m"": 1.5, ""sd"": 2.0}",1.5,0.15,0.85,2.0,8,shift-0.1,0.8051752363380759,0.4579690047071351,0.5287584699122476,,0.06
amazon,0,B,search,"{""alpha"": [0.15, 0.85], ""anfis"": ""shift-0.1"", ""cd"": 8, ""m"": 1.5, ""sd"": 2.0}",1.5,0.15,0.85,2.0,8,shift-0.1,0.7556196596285573,0.5235415299065894,0.654113049860578,,0.09
amazon,1,B,search,"{""alpha"": [0.15, 0.85], ""anfis"": ""shift-0.1"", ""cd"": 8, ""m"": 1.5, ""sd"": 2.0}",1.5,0.15,0.85,2.0,8,shift-0.1,0.7658099710472425,0.6681014288042969,0.7231574834135075,,0.08
pheme,0,B,search,"{""alpha"": [0.15, 0.85], ""anfis"": ""shift-0.1"", ""cd"": 8, ""m"": 1.5, ""sd"": 2.0}",1.5,0.15,0.85,2.0,8,shift-0.1,0.8256310114151054,0.0,0.13007649249394895,,4.89
amazon,2,B,search,"{""alpha"": [0.15, 0.85], ""anfis"": ""shift-0.1"", ""cd"": 8, ""m"": 1.5, ""sd"": 2.0}",1.5,0.15,0.85,2.0,8,shift-0.1,0.7720644728479628,0.6686777641894626,0.7235609595153076,,0.05
crisismmd,0,B,search,"{""alpha"": [0.15, 0.85], ""anfis"": ""default"", ""cd"": 4, ""m"": 1.75, ""sd"": 2.0}",1.75,0.15,0.85,2.0,4,default,0.030188449063168366,0.0,0.0,,0.94
fakeddit,0,B,search,"{""alpha"": [0.15, 0.85], ""anfis"": ""shift-0.1"", ""cd"": 8, ""m"": 1.5, ""sd"": 2.0}",1.5,0.15,0.85,2.0,8,shift-0.1,0.33458286743627,0.0,0.0,,4.84
crisismmd,1,B,search,"{""alpha"": [0.15, 0.85], ""anfis"": ""default"", ""cd"": 4, ""m"": 1.75, ""sd"": 2.0}",1.75,0.15,0.85,2.0,4,default,0.025278570227552366,0.0,0.0,,0.95
fakeddit,2,B,search,"{""alpha"": [0.15, 0.85], ""anfis"": ""shift-0.1"", ""cd"": 8, ""m"": 1.5, ""sd"": 2.0}",1.5,0.15,0.85,2.0,8,shift-0.1,0.3270300427949292,0.0,0.0,,4.39
fakeddit,1,B,search,"{""alpha"": [0.15, 0.85], ""anfis"": ""shift-0.1"", ""cd"": 8, ""m"": 1.5, ""sd"": 2.0}",1.5,0.15,0.85,2.0,8,shift-0.1,0.32371137925612387,0.0,0.0,,4.69
crisismmd,2,B,search,"{""alpha"": [0.15, 0.85], ""anfis"": ""default"", ""cd"": 4, ""m"": 1.75, ""sd"": 2.0}",1.75,0.15,0.85,2.0,4,default,0.018035445177060443,0.0,0.0,,1.02
pheme,2,B,search,"{""alpha"": [0.15, 0.85], ""anfis"": ""shift-0.1"", ""cd"": 8, ""m"": 1.5, ""sd"": 2.0}",1.5,0.15,0.85,2.0,8,shift-0.1,0.7756925436397868,0.0,0.0666602005666655,,6.3
pheme,2,B,search,"{""alpha"": [0.15, 0.85], ""anfis"": ""default"", ""cd"": 4, ""m"": 1.75, ""sd"": 2.0}",1.75,0.15,0.85,2.0,4,default,0.4801839977269515,0.0,0.0,,2.92
dblp,0,B,search,"{""alpha"": [0.15, 0.85], ""anfis"": ""default"", ""cd"": 4, ""m"": 1.75, ""sd"": 2.0}",1.75,0.15,0.85,2.0,4,default,0.8011423874902956,0.5106960913106486,0.5539664285511461,,0.08
dblp,1,B,search,"{""alpha"": [0.15, 0.85], ""anfis"": ""default"", ""cd"": 4, ""m"": 1.75, ""sd"": 2.0}",1.75,0.15,0.85,2.0,4,default,0.8071485891030822,0.573039958104206,0.5914753334318489,,0.08
dblp,2,B,search,"{""alpha"": [0.15, 0.85], ""anfis"": ""default"", ""cd"": 4, ""m"": 1.75, ""sd"": 2.0}",1.75,0.15,0.85,2.0,4,default,0.8041393982465599,0.5264078718181687,0.5663513339219985,,0.11
amazon,0,B,search,"{""alpha"": [0.15, 0.85], ""anfis"": ""default"", ""cd"": 4, ""m"": 1.75, ""sd"": 2.0}",1.75,0.15,0.85,2.0,4,default,0.6900388390650378,0.590816597621627,0.534969474969475,,0.05
amazon,1,B,search,"{""alpha"": [0.15, 0.85], ""anfis"": ""default"", ""cd"": 4, ""m"": 1.75, ""sd"": 2.0}",1.75,0.15,0.85,2.0,4,default,0.7653982769578419,0.6593990106873477,0.7159895712585587,,0.09
amazon,2,B,search,"{""alpha"": [0.15, 0.85], ""anfis"": ""default"", ""cd"": 4, ""m"": 1.75, ""sd"": 2.0}",1.75,0.15,0.85,2.0,4,default,0.7576191653131841,0.532844647030148,0.40711032887203463,,0.06
fakeddit,0,B,search,"{""alpha"": [0.15, 0.85], ""anfis"": ""default"", ""cd"": 4, ""m"": 1.75, ""sd"": 2.0}",1.75,0.15,0.85,2.0,4,default,0.2974368711934469,0.1989283147327613,0.04723809523809523,,3.34
pheme,0,B,search,"{""alpha"": [0.15, 0.85], ""anfis"": ""default"", ""cd"": 4, ""m"": 1.75, ""sd"": 2.0}",1.75,0.15,0.85,2.0,4,default,0.49634465244988535,0.0,0.0,,3.88
fakeddit,1,B,search,"{""alpha"": [0.15, 0.85], ""anfis"": ""default"", ""cd"": 4, ""m"": 1.75, ""sd"": 2.0}",1.75,0.15,0.85,2.0,4,default,0.29000868993592466,0.18747935498525936,0.04274509803921568,,3.22
fakeddit,2,B,search,"{""alpha"": [0.15, 0.85], ""anfis"": ""default"", ""cd"": 4, ""m"": 1.75, ""sd"": 2.0}",1.75,0.15,0.85,2.0,4,default,0.2911101970143291,0.1989283147327613,0.04723809523809523,,3.03
crisismmd,0,B,search,"{""alpha"": [0.15, 0.85], ""anfis"": ""default"", ""cd"": 16, ""m"": 1.75, ""sd"": 1.0}",1.75,0.15,0.85,1.0,16,default,0.4484821787808807,0.0,0.0,,2.34
crisismmd,1,B,search,"{""alpha"": [0.15, 0.85], ""anfis"": ""default"", ""cd"": 16, ""m"": 1.75, ""sd"": 1.0}",1.75,0.15,0.85,1.0,16,default,0.47123193601156976,0.0,0.0,,2.41
crisismmd,2,B,search,"{""alpha"": [0.15, 0.85], ""anfis"": ""default"", ""cd"": 16, ""m"": 1.75, ""sd"": 1.0}",1.75,0.15,0.85,1.0,16,default,0.4661222857813683,0.0,0.0,,2.28
pheme,0,B,search,"{""alpha"": [0.15, 0.85], ""anfis"": ""default"", ""cd"": 16, ""m"": 1.75, ""sd"": 1.0}",1.75,0.15,0.85,1.0,16,default,0.6570760878192159,0.0,0.036246612466124664,,4.72
pheme,1,B,search,"{""alpha"": [0.15, 0.85], ""anfis"": ""default"", ""cd"": 16, ""m"": 1.75, ""sd"": 1.0}",1.75,0.15,0.85,1.0,16,default,0.6540630593922427,0.0,0.03504968383017164,,5.86
dblp,0,B,search,"{""alpha"": [0.15, 0.85], ""anfis"": ""default"", ""cd"": 16, ""m"": 1.75, ""sd"": 1.0}",1.75,0.15,0.85,1.0,16,default,0.7788480378917624,0.7244561212777838,0.7399602836033007,,0.05
dblp,1,B,search,"{""alpha"": [0.15, 0.85], ""anfis"": ""default"", ""cd"": 16, ""m"": 1.75, ""sd"": 1.0}",1.75,0.15,0.85,1.0,16,default,0.7752487300038942,0.7570625552416503,0.7888455554912233,,0.11
dblp,2,B,search,"{""alpha"": [0.15, 0.85], ""anfis"": ""default"", ""cd"": 16, ""m"": 1.75, ""sd"": 1.0}",1.75,0.15,0.85,1.0,16,default,0.7669655557356092,0.6835270660076851,0.7257428979764406,,0.08
amazon,0,B,search,"{""alpha"": [0.15, 0.85], ""anfis"": ""default"", ""cd"": 16, ""m"": 1.75, ""sd"": 1.0}",1.75,0.15,0.85,1.0,16,default,0.7816008756443754,0.6046358914804084,0.6853882301979916,,0.08
amazon,1,B,search,"{""alpha"": [0.15, 0.85], ""anfis"": ""default"", ""cd"": 16, ""m"": 1.75, ""sd"": 1.0}",1.75,0.15,0.85,1.0,16,default,0.8034383165030718,0.6673058372829244,0.8147477482661138,,0.06
amazon,2,B,search,"{""alpha"": [0.15, 0.85], ""anfis"": ""default"", ""cd"": 16, ""m"": 1.75, ""sd"": 1.0}",1.75,0.15,0.85,1.0,16,default,0.7050233034390226,0.5226865456261025,0.542702346743295,,0.06
pheme,2,B,search,"{""alpha"": [0.15, 0.85], ""anfis"": ""default"", ""cd"": 16, ""m"": 1.75, ""sd"": 1.0}",1.75,0.15,0.85,1.0,16,default,0.7162238834726303,0.0,0.04615519836027467,,8.61
pheme,1,B,search,"{""alpha"": [0.15, 0.85], ""anfis"": ""default"", ""cd"": 4, ""m"": 1.75, ""sd"": 2.0}",1.75,0.15,0.85,2.0,4,default,0.5596344770469016,0.0,0.0,,14.5
fakeddit,1,B,search,"{""alpha"": [0.15, 0.85], ""anfis"": ""default"", ""cd"": 16, ""m"": 1.75, ""sd"": 1.0}",1.75,0.15,0.85,1.0,16,default,0.38767174051961284,0.0,0.0,,9.12
crisismmd,0,B,search,"{""alpha"": [0.15, 0.85], ""anfis"": ""scale1.5"", ""cd"": 32, ""m"": 2.0, ""sd"": 1.0}",2.0,0.15,0.85,1.0,32,scale1.5,0.48306712557328635,0.0,0.0,,4.56
fakeddit,0,B,search,"{""alpha"": [0.15, 0.85], ""anfis"": ""default"", ""cd"": 16, ""m"": 1.75, ""sd"": 1.0}",1.75,0.15,0.85,1.0,16,default,0.3881325375412386,0.0,0.0,,9.22
fakeddit,2,B,search,"{""alpha"": [0.15, 0.85], ""anfis"": ""default"", ""cd"": 16, ""m"": 1.75, ""sd"": 1.0}",1.75,0.15,0.85,1.0,16,default,0.3885227377122318,0.0,0.0,,8.3
pheme,2,B,search,"{""alpha"": [0.15, 0.85], ""anfis"": ""scale1.5"", ""cd"": 32, ""m"": 2.0, ""sd"": 1.0}",2.0,0.15,0.85,1.0,32,scale1.5,0.4954499199092669,0.0,0.0,,2.94
pheme,1,B,search,"{""alpha"": [0.15, 0.85], ""anfis"": ""scale1.5"", ""cd"": 32, ""m"": 2.0, ""sd"": 1.0}",2.0,0.15,0.85,1.0,32,scale1.5,0.49376165623328366,0.0,0.0,,2.95
crisismmd,2,B,search,"{""alpha"": [0.15, 0.85], ""anfis"": ""scale1.5"", ""cd"": 32, ""m"": 2.0, ""sd"": 1.0}",2.0,0.15,0.85,1.0,32,scale1.5,0.44756011351366254,0.0,0.0,,4.01
crisismmd,1,B,search,"{""alpha"": [0.15, 0.85], ""anfis"": ""scale1.5"", ""cd"": 32, ""m"": 2.0, ""sd"": 1.0}",2.0,0.15,0.85,1.0,32,scale1.5,0.4843708065003395,0.0,0.0,,4.12
dblp,0,B,search,"{""alpha"": [0.15, 0.85], ""anfis"": ""scale1.5"", ""cd"": 32, ""m"": 2.0, ""sd"": 1.0}",2.0,0.15,0.85,1.0,32,scale1.5,0.7788480378917624,0.7375850257844323,0.7445899132329303,,0.06
dblp,1,B,search,"{""alpha"": [0.15, 0.85], ""anfis"": ""scale1.5"", ""cd"": 32, ""m"": 2.0, ""sd"": 1.0}",2.0,0.15,0.85,1.0,32,scale1.5,0.7806658737244876,0.6618428956804925,0.6694425704165964,,0.06
dblp,2,B,search,"{""alpha"": [0.15, 0.85], ""anfis"": ""scale1.5"", ""cd"": 32, ""m"": 2.0, ""sd"": 1.0}",2.0,0.15,0.85,1.0,32,scale1.5,0.7669655557356092,0.6835270660076851,0.7257428979764406,,0.09
amazon,0,B,search,"{""alpha"": [0.15, 0.85], ""anfis"": ""scale1.5"", ""cd"": 32, ""m"": 2.0, ""sd"": 1.0}",2.0,0.15,0.85,1.0,32,scale1.5,0.7889040322011157,0.6058089122670833,0.6846444683964448,,0.06
amazon,1,B,search,"{""alpha"": [0.15, 0.85], ""anfis"": ""scale1.5"", ""cd"": 32, ""m"": 2.0, ""sd"": 1.0}",2.0,0.15,0.85,1.0,32,scale1.5,0.7885749593955229,0.7134406405190321,0.8346959576568145,,0.05
amazon,2,B,search,"{""alpha"": [0.15, 0.85], ""anfis"": ""scale1.5"", ""cd"": 32, ""m"": 2.0, ""sd"": 1.0}",2.0,0.15,0.85,1.0,32,scale1.5,0.707269613727844,0.5320303754368098,0.5449743544908784,,0.06
pheme,0,B,search,"{""alpha"": [0.15, 0.85], ""anfis"": ""scale1.5"", ""cd"": 32, ""m"": 2.0, ""sd"": 1.0}",2.0,0.15,0.85,1.0,32,scale1.5,0.4957474756445393,0.0,0.0,,4.25
crisismmd,0,B,search,"{""alpha"": [0.15, 0.85], ""anfis"": ""default"", ""cd"": 32, ""m"": 1.75, ""sd"": 0.5}",1.75,0.15,0.85,0.5,32,default,0.34559357227275117,0.0,0.0,,4.41
crisismmd,1,B,search,"{""alpha"": [0.15, 0.85], ""anfis"": ""default"", ""cd"": 32, ""m"": 1.75, ""sd"": 0.5}",1.75,0.15,0.85,0.5,32,default,0.4373664172613194,0.0,0.0,,4.5
crisismmd,2,B,search,"{""alpha"": [0.15, 0.85], ""anfis"": ""default"", ""cd"": 32, ""m"": 1.75, ""sd"": 0.5}",1.75,0.15,0.85,0.5,32,default,0.346624120728694,0.0,0.0,,4.47
pheme,0,B,search,"{""alpha"": [0.15, 0.85], ""anfis"": ""default"", ""cd"": 32, ""m"": 1.75, ""sd"": 0.5}",1.75,0.15,0.85,0.5,32,default,0.8821741248365066,0.0,0.2380384640962239,,2.34
pheme,1,B,search,"{""alpha"": [0.15, 0.85], ""anfis"": ""default"", ""cd"": 32, ""m"": 1.75, ""sd"": 0.5}",1.75,0.15,0.85,0.5,32,default,0.8660243868832357,0.0,0.22034524014086668,,4.53
pheme,2,B,search,"{""alpha"": [0.15, 0.85], ""anfis"": ""default"", ""cd"": 32, ""m"": 1.75, ""sd"": 0.5}",1.75,0.15,0.85,0.5,32,default,0.8629496934600583,0.0,0.2572772148032536,,5.48
fakeddit,0,B,search,"{""alpha"": [0.15, 0.85], ""anfis"": ""scale1.5"", ""cd"": 32, ""m"": 2.0, ""sd"": 1.0}",2.0,0.15,0.85,1.0,32,scale1.5,0.3887714001799806,0.0,0.0,,16.12
dblp,0,B,search,"{""alpha"": [0.15, 0.85], ""anfis"": ""default"", ""cd"": 32, ""m"": 1.75, ""sd"": 0.5}",1.75,0.15,0.85,0.5,32,default,0.7578620781934193,1.0,1.0,,0.03
dblp,1,B,search,"{""alpha"": [0.15, 0.85], ""anfis"": ""default"", ""cd"": 32, ""m"": 1.75, ""sd"": 0.5}",1.75,0.15,0.85,0.5,32,default,0.7578620781934193,1.0,1.0,,0.05
dblp,2,B,search,"{""alpha"": [0.15, 0.85], ""anfis"": ""default"", ""cd"": 32, ""m"": 1.75, ""sd"": 0.5}",1.75,0.15,0.85,0.5,32,default,0.7578620781934193,1.0,1.0,,0.06
amazon,0,B,search,"{""alpha"": [0.15, 0.85], ""anfis"": ""default"", ""cd"": 32, ""m"": 1.75, ""sd"": 0.5}",1.75,0.15,0.85,0.5,32,default,0.8583814702351529,1.0,1.0,,0.03
amazon,1,B,search,"{""alpha"": [0.15, 0.85], ""anfis"": ""default"", ""cd"": 32, ""m"": 1.75, ""sd"": 0.5}",1.75,0.15,0.85,0.5,32,default,0.8583814702351529,1.0,1.0,,0.03
amazon,2,B,search,"{""alpha"": [0.15, 0.85], ""anfis"": ""default"", ""cd"": 32, ""m"": 1.75, ""sd"": 0.5}",1.75,0.15,0.85,0.5,32,default,0.8583814702351529,1.0,1.0,,0.03
fakeddit,2,B,search,"{""alpha"": [0.15, 0.85], ""anfis"": ""scale1.5"", ""cd"": 32, ""m"": 2.0, ""sd"": 1.0}",2.0,0.15,0.85,1.0,32,scale1.5,0.3887714001799806,0.0,0.0,,16.22
fakeddit,1,B,search,"{""alpha"": [0.15, 0.85], ""anfis"": ""scale1.5"", ""cd"": 32, ""m"": 2.0, ""sd"": 1.0}",2.0,0.15,0.85,1.0,32,scale1.5,0.3887714001799806,0.0,0.0,,16.25
crisismmd,0,B,search,"{""alpha"": [0.15, 0.85], ""anfis"": ""shift-0.1"", ""cd"": 32, ""m"": 1.5, ""sd"": 1.0}",1.5,0.15,0.85,1.0,32,shift-0.1,0.47310436923677834,0.0,0.0,,4.41
crisismmd,2,B,search,"{""alpha"": [0.15, 0.85], ""anfis"": ""shift-0.1"", ""cd"": 32, ""m"": 1.5, ""sd"": 1.0}",1.5,0.15,0.85,1.0,32,shift-0.1,0.3457490383465271,0.0,0.0,,4.58
crisismmd,1,B,search,"{""alpha"": [0.15, 0.85], ""anfis"": ""shift-0.1"", ""cd"": 32, ""m"": 1.5, ""sd"": 1.0}",1.5,0.15,0.85,1.0,32,shift-0.1,0.47340676664831005,0.0,0.0,,4.88
pheme,0,B,search,"{""alpha"": [0.15, 0.85], ""anfis"": ""shift-0.1"", ""cd"": 32, ""m"": 1.5, ""sd"": 1.0}",1.5,0.15,0.85,1.0,32,shift-0.1,0.8651647650342359,0.0,0.28702009910060355,,3.86
fakeddit,0,B,search,"{""alpha"": [0.15, 0.85], ""anfis"": ""default"", ""cd"": 32, ""m"": 1.75, ""sd"": 0.5}",1.75,0.15,0.85,0.5,32,default,0.38816753974262835,0.23584240608411022,0.05979020979020979,,16.89
fakeddit,1,B,search,"{""alpha"": [0.15, 0.85], ""anfis"": ""default"", ""cd"": 32, ""m"": 1.75, ""sd"": 0.5}",1.75,0.15,0.85,0.5,32,default,0.3349843718945261,0.20242388817024937,0.04867924528301887,,16.52
pheme,1,B,search,"{""alpha"": [0.15, 0.85], ""anfis"": ""shift-0.1"", ""cd"": 32, ""m"": 1.5, ""sd"": 1.0}",1.5,0.15,0.85,1.0,32,shift-0.1,0.8570915188206584,0.0,0.29768009864315825,,6.34
dblp,0,B,search,"{""alpha"": [0.15, 0.85], ""anfis"": ""shift-0.1"", ""cd"": 32, ""m"": 1.5, ""sd"": 1.0}",1.5,0.15,0.85,1.0,32,shift-0.1,0.7788480378917624,0.7261913718518531,0.7399602836033007,,0.09
dblp,1,B,search,"{""alpha"": [0.15, 0.85], ""anfis"": ""shift-0.1"", ""cd"": 32, ""m"": 1.5, ""sd"": 1.0}",1.5,0.15,0.85,1.0,32,shift-0.1,0.782662174504473,0.8124831843933965,0.8304569761789014,,0.08
dblp,2,B,search,"{""alpha"": [0.15, 0.85], ""anfis"": ""shift-0.1"", ""cd"": 32, ""m"": 1.5, ""sd"": 1.0}",1.5,0.15,0.85,1.0,32,shift-0.1,0.7669592009006919,0.6714124027116352,0.7192994043947643,,0.06
amazon,0,B,search,"{""alpha"": [0.15, 0.85], ""anfis"": ""shift-0.1"", ""cd"": 32, ""m"": 1.5, ""sd"": 1.0}",1.5,0.15,0.85,1.0,32,shift-0.1,0.7802754042793588,0.5569867831239808,0.6832391865560852,,0.05
amazon,1,B,search,"{""alpha"": [0.15, 0.85], ""anfis"": ""shift-0.1"", ""cd"": 32, ""m"": 1.5, ""sd"": 1.0}",1.5,0.15,0.85,1.0,32,shift-0.1,0.7915514441070546,0.5739643203024514,0.7212163567850796,,0.05
amazon,2,B,search,"{""alpha"": [0.15, 0.85], ""anfis"": ""shift-0.1"", ""cd"": 32, ""m"": 1.5, ""sd"": 1.0}",1.5,0.15,0.85,1.0,32,shift-0.1,0.7125150060024009,0.4250577888441538,0.5240875819000819,,0.06
fakeddit,2,B,search,"{""alpha"": [0.15, 0.85], ""anfis"": ""default"", ""cd"": 32, ""m"": 1.75, ""sd"": 0.5}",1.75,0.15,0.85,0.5,32,default,0.3385868529922384,0.20276314094172376,0.04867924528301887,,16.72
pheme,2,B,search,"{""alpha"": [0.15, 0.85], ""anfis"": ""shift-0.1"", ""cd"": 32, ""m"": 1.5, ""sd"": 1.0}",1.5,0.15,0.85,1.0,32,shift-0.1,0.8543142336088391,0.023123759282070777,0.31632624981210006,,8.69
crisismmd,0,B,search,"{""alpha"": [0.15, 0.85], ""anfis"": ""scale0.6"", ""cd"": 16, ""m"": 2.0, ""sd"": 0.5}",2.0,0.15,0.85,0.5,16,scale0.6,0.48037747045569346,0.0,0.0,,2.72
crisismmd,1,B,search,"{""alpha"": [0.15, 0.85], ""anfis"": ""scale0.6"", ""cd"": 16, ""m"": 2.0, ""sd"": 0.5}",2.0,0.15,0.85,0.5,16,scale0.6,0.46481852118043265,0.0,0.0,,2.47
crisismmd,2,B,search,"{""alpha"": [0.15, 0.85], ""anfis"": ""scale0.6"", ""cd"": 16, ""m"": 2.0, ""sd"": 0.5}",2.0,0.15,0.85,0.5,16,scale0.6,0.4797003395611664,0.0,0.0,,2.41
pheme,0,B,search,"{""alpha"": [0.15, 0.85], ""anfis"": ""scale0.6"", ""cd"": 16, ""m"": 2.0, ""sd"": 0.5}",2.0,0.15,0.85,0.5,16,scale0.6,0.8830514495552302,0.0,0.2444433853193279,,4.47
pheme,2,B,search,"{""alpha"": [0.15, 0.85], ""anfis"": ""scale0.6"", ""cd"": 16, ""m"": 2.0, ""sd"": 0.5}",2.0,0.15,0.85,0.5,16,scale0.6,0.8797517821626475,0.0,0.2802052115861869,,3.64
fakeddit,1,B,search,"{""alpha"": [0.15, 0.85], ""anfis"": ""shift-0.1"", ""cd"": 32, ""m"": 1.5, ""sd"": 1.0}",1.5,0.15,0.85,1.0,32,shift-0.1,0.3869667976488178,0.2198529584333494,0.05471014492753623,,16.45
fakeddit,0,B,search,"{""alpha"": [0.15, 0.85], ""anfis"": ""shift-0.1"", ""cd"": 32, ""m"": 1.5, ""sd"": 1.0}",1.5,0.15,0.85,1.0,32,shift-0.1,0.3874314264702681,0.2206406247968784,0.05497287522603979,,17.08
dblp,0,B,search,"{""alpha"": [0.15, 0.85], ""anfis"": ""scale0.6"", ""cd"": 16, ""m"": 2.0, ""sd"": 0.5}",2.0,0.15,0.85,0.5,16,scale0.6,0.7578620781934193,1.0,1.0,,0.05
dblp,1,B,search,"{""alpha"": [0.15, 0.85], ""anfis"": ""scale0.6"", ""cd"": 16, ""m"": 2.0, ""sd"": 0.5}",2.0,0.15,0.85,0.5,16,scale0.6,0.7578620781934193,1.0,1.0,,0.03
dblp,2,B,search,"{""alpha"": [0.15, 0.85], ""anfis"": ""scale0.6"", ""cd"": 16, ""m"": 2.0, ""sd"": 0.5}",2.0,0.15,0.85,0.5,16,scale0.6,0.7578620781934193,1.0,1.0,,0.05
amazon,0,B,search,"{""alpha"": [0.15, 0.85], ""anfis"": ""scale0.6"", ""cd"": 16, ""m"": 2.0, ""sd"": 0.5}",2.0,0.15,0.85,0.5,16,scale0.6,0.8583814702351529,1.0,1.0,,0.0
amazon,1,B,search,"{""alpha"": [0.15, 0.85], ""anfis"": ""scale0.6"", ""cd"": 16, ""m"": 2.0, ""sd"": 0.5}",2.0,0.15,0.85,0.5,16,scale0.6,0.8583814702351529,1.0,1.0,,0.03
amazon,2,B,search,"{""alpha"": [0.15, 0.85], ""anfis"": ""scale0.6"", ""cd"": 16, ""m"": 2.0, ""sd"": 0.5}",2.0,0.15,0.85,0.5,16,scale0.6,0.8583814702351529,1.0,1.0,,0.03
fakeddit,2,B,search,"{""alpha"": [0.15, 0.85], ""anfis"": ""shift-0.1"", ""cd"": 32, ""m"": 1.5, ""sd"": 1.0}",1.5,0.15,0.85,1.0,32,shift-0.1,0.38710539859442444,0.21828089655217298,0.05418181818181818,,17.12
fakeddit,0,B,search,"{""alpha"": [0.15, 0.85], ""anfis"": ""scale0.6"", ""cd"": 16, ""m"": 2.0, ""sd"": 0.5}",2.0,0.15,0.85,0.5,16,scale0.6,0.3886045974424817,0.0,0.0,,8.97
pheme,1,B,search,"{""alpha"": [0.15, 0.85], ""anfis"": ""scale0.6"", ""cd"": 16, ""m"": 2.0, ""sd"": 0.5}",2.0,0.15,0.85,0.5,16,scale0.6,0.870832633824106,0.0,0.2196768568823918,,13.44
fakeddit,1,B,search,"{""alpha"": [0.15, 0.85], ""anfis"": ""scale0.6"", ""cd"": 16, ""m"": 2.0, ""sd"": 0.5}",2.0,0.15,0.85,0.5,16,scale0.6,0.3885073595496774,0.0,0.0,,9.09
crisismmd,0,B,search,"{""alpha"": [0.15, 0.85], ""anfis"": ""pct"", ""cd"": 32, ""m"": 2.0, ""sd"": 0.5}",2.0,0.15,0.85,0.5,32,pct,0.5065447619082682,0.6336155596925981,0.4179170582553617,,6.42
crisismmd,1,B,search,"{""alpha"": [0.15, 0.85], ""anfis"": ""pct"", ""cd"": 32, ""m"": 2.0, ""sd"": 0.5}",2.0,0.15,0.85,0.5,32,pct,0.5070990386247427,0.6358585941437671,0.4182956582682341,,4.72
pheme,0,B,search,"{""alpha"": [0.15, 0.85], ""anfis"": ""pct"", ""cd"": 32, ""m"": 2.0, ""sd"": 0.5}",2.0,0.15,0.85,0.5,32,pct,0.8830514495552302,0.0,0.2444433853193279,,4.14
crisismmd,2,B,search,"{""alpha"": [0.15, 0.85], ""anfis"": ""pct"", ""cd"": 32, ""m"": 2.0, ""sd"": 0.5}",2.0,0.15,0.85,0.5,32,pct,0.5070760283070418,0.6358585941437671,0.4182956582682341,,4.52
fakeddit,2,B,search,"{""alpha"": [0.15, 0.85], ""anfis"": ""scale0.6"", ""cd"": 16, ""m"": 2.0, ""sd"": 0.5}",2.0,0.15,0.85,0.5,16,scale0.6,0.3881824974583191,0.0,0.0,,8.0
dblp,0,B,search,"{""alpha"": [0.15, 0.85], ""anfis"": ""pct"", ""cd"": 32, ""m"": 2.0, ""sd"": 0.5}",2.0,0.15,0.85,0.5,32,pct,0.7578620781934193,1.0,1.0,,0.03
dblp,1,B,search,"{""alpha"": [0.15, 0.85], ""anfis"": ""pct"", ""cd"": 32, ""m"": 2.0, ""sd"": 0.5}",2.0,0.15,0.85,0.5,32,pct,0.7578620781934193,1.0,1.0,,0.03
dblp,2,B,search,"{""alpha"": [0.15, 0.85], ""anfis"": ""pct"", ""cd"": 32, ""m"": 2.0, ""sd"": 0.5}",2.0,0.15,0.85,0.5,32,pct,0.7578620781934193,1.0,1.0,,0.03
amazon,0,B,search,"{""alpha"": [0.15, 0.85], ""anfis"": ""pct"", ""cd"": 32, ""m"": 2.0, ""sd"": 0.5}",2.0,0.15,0.85,0.5,32,pct,0.8583814702351529,1.0,1.0,,0.03
amazon,1,B,search,"{""alpha"": [0.15, 0.85], ""anfis"": ""pct"", ""cd"": 32, ""m"": 2.0, ""sd"": 0.5}",2.0,0.15,0.85,0.5,32,pct,0.8583814702351529,1.0,1.0,,0.02
amazon,2,B,search,"{""alpha"": [0.15, 0.85], ""anfis"": ""pct"", ""cd"": 32, ""m"": 2.0, ""sd"": 0.5}",2.0,0.15,0.85,0.5,32,pct,0.8583814702351529,1.0,1.0,,0.02
pheme,2,B,search,"{""alpha"": [0.15, 0.85], ""anfis"": ""pct"", ""cd"": 32, ""m"": 2.0, ""sd"": 0.5}",2.0,0.15,0.85,0.5,32,pct,0.8797517821626475,0.0,0.2802052115861869,,3.53
crisismmd,0,B,search,"{""alpha"": [0.15, 0.85], ""anfis"": ""default"", ""cd"": 16, ""m"": 1.2, ""sd"": 1.0}",1.2,0.15,0.85,1.0,16,default,0.38432995691087907,0.7291145568011193,0.6472655808401127,,2.73
crisismmd,1,B,search,"{""alpha"": [0.15, 0.85], ""anfis"": ""default"", ""cd"": 16, ""m"": 1.2, ""sd"": 1.0}",1.2,0.15,0.85,1.0,16,default,0.37470773235787436,0.721692642978118,0.6450522776522075,,2.66
crisismmd,2,B,search,"{""alpha"": [0.15, 0.85], ""anfis"": ""default"", ""cd"": 16, ""m"": 1.2, ""sd"": 1.0}",1.2,0.15,0.85,1.0,16,default,0.4395707847785995,0.7526034971246361,0.7673454056767678,,2.52
pheme,0,B,search,"{""alpha"": [0.15, 0.85], ""anfis"": ""default"", ""cd"": 16, ""m"": 1.2, ""sd"": 1.0}",1.2,0.15,0.85,1.0,16,default,0.8738967055254492,0.0,0.2464408860592352,,3.05
pheme,1,B,search,"{""alpha"": [0.15, 0.85], ""anfis"": ""pct"", ""cd"": 32, ""m"": 2.0, ""sd"": 0.5}",2.0,0.15,0.85,0.5,32,pct,0.870832633824106,0.0,0.2196768568823918,,13.45
pheme,2,B,search,"{""alpha"": [0.15, 0.85], ""anfis"": ""default"", ""cd"": 16, ""m"": 1.2, ""sd"": 1.0}",1.2,0.15,0.85,1.0,16,default,0.8793817921854222,0.012546497684847724,0.2494193273775462,,4.45
pheme,1,B,search,"{""alpha"": [0.15, 0.85], ""anfis"": ""default"", ""cd"": 16, ""m"": 1.2, ""sd"": 1.0}",1.2,0.15,0.85,1.0,16,default,0.8584900455288305,0.0,0.24688605629337904,,7.64
fakeddit,1,B,search,"{""alpha"": [0.15, 0.85], ""anfis"": ""pct"", ""cd"": 32, ""m"": 2.0, ""sd"": 0.5}",2.0,0.15,0.85,0.5,32,pct,0.3623221136302114,0.2112563243418486,0.051756007393715345,,17.08
dblp,0,B,search,"{""alpha"": [0.15, 0.85], ""anfis"": ""default"", ""cd"": 16, ""m"": 1.2, ""sd"": 1.0}",1.2,0.15,0.85,1.0,16,default,0.7768790982065596,0.6114676822300876,0.6848228757873215,,0.09
dblp,1,B,search,"{""alpha"": [0.15, 0.85], ""anfis"": ""default"", ""cd"": 16, ""m"": 1.2, ""sd"": 1.0}",1.2,0.15,0.85,1.0,16,default,0.7781535956538578,0.5786553229924298,0.6046941979493299,,0.08
dblp,2,B,search,"{""alpha"": [0.15, 0.85], ""anfis"": ""default"", ""cd"": 16, ""m"": 1.2, ""sd"": 1.0}",1.2,0.15,0.85,1.0,16,default,0.7681888614571848,0.5971881961302058,0.6930217436992954,,0.08
amazon,0,B,search,"{""alpha"": [0.15, 0.85], ""anfis"": ""default"", ""cd"": 16, ""m"": 1.2, ""sd"": 1.0}",1.2,0.15,0.85,1.0,16,default,0.7761570510557164,0.5721278990154091,0.6778504949734836,,0.06
amazon,1,B,search,"{""alpha"": [0.15, 0.85], ""anfis"": ""default"", ""cd"": 16, ""m"": 1.2, ""sd"": 1.0}",1.2,0.15,0.85,1.0,16,default,0.8012527363886731,0.5248015643483567,0.6981563782271367,,0.06
amazon,2,B,search,"{""alpha"": [0.15, 0.85], ""anfis"": ""default"", ""cd"": 16, ""m"": 1.2, ""sd"": 1.0}",1.2,0.15,0.85,1.0,16,default,0.6917611750582586,0.34959940311824234,0.4457244585687382,,0.06
fakeddit,0,B,search,"{""alpha"": [0.15, 0.85], ""anfis"": ""pct"", ""cd"": 32, ""m"": 2.0, ""sd"": 0.5}",2.0,0.15,0.85,0.5,32,pct,0.3638440166088997,0.20893102383330941,0.050929368029739776,,17.66
fakeddit,2,B,search,"{""alpha"": [0.15, 0.85], ""anfis"": ""pct"", ""cd"": 32, ""m"": 2.0, ""sd"": 0.5}",2.0,0.15,0.85,0.5,32,pct,0.428514452106041,0.1484536096221576,0.025652173913043474,,17.78
fakeddit,0,B,search,"{""alpha"": [0.15, 0.85], ""anfis"": ""default"", ""cd"": 16, ""m"": 1.2, ""sd"": 1.0}",1.2,0.15,0.85,1.0,16,default,0.3490073832444064,0.822594860943285,0.8328828631085269,,9.02
fakeddit,1,B,search,"{""alpha"": [0.15, 0.85], ""anfis"": ""default"", ""cd"": 16, ""m"": 1.2, ""sd"": 1.0}",1.2,0.15,0.85,1.0,16,default,0.31848727601338345,0.7422842431231955,0.7025171263250172,,8.66
fakeddit,2,B,search,"{""alpha"": [0.15, 0.85], ""anfis"": ""default"", ""cd"": 16, ""m"": 1.2, ""sd"": 1.0}",1.2,0.15,0.85,1.0,16,default,0.3527266816809091,0.8237084180245456,0.8293272404575471,,8.38
crisismmd,0,B,search,"{""alpha"": [0.15, 0.85], ""anfis"": ""pct"", ""cd"": 32, ""m"": 1.5, ""sd"": 1.5}",1.5,0.15,0.85,1.5,32,pct,0.501413816674958,0.37706574738802723,0.4238693971456661,,4.89
crisismmd,1,B,search,"{""alpha"": [0.15, 0.85], ""anfis"": ""pct"", ""cd"": 32, ""m"": 1.5, ""sd"": 1.5}",1.5,0.15,0.85,1.5,32,pct,0.4927546785100911,0.6342088932683982,0.4172899426753394,,4.89
crisismmd,2,B,search,"{""alpha"": [0.15, 0.85], ""anfis"": ""pct"", ""cd"": 32, ""m"": 1.5, ""sd"": 1.5}",1.5,0.15,0.85,1.5,32,pct,0.5055386880629709,0.379333204495672,0.4246159500013467,,4.56
pheme,0,B,search,"{""alpha"": [0.15, 0.85], ""anfis"": ""pct"", ""cd"": 32, ""m"": 1.5, ""sd"": 1.5}",1.5,0.15,0.85,1.5,32,pct,0.8583960727953805,0.0,0.3010086334460392,,4.09
dblp,0,B,search,"{""alpha"": [0.15, 0.85], ""anfis"": ""pct"", ""cd"": 32, ""m"": 1.5, ""sd"": 1.5}",1.5,0.15,0.85,1.5,32,pct,0.7655184186063918,0.5860778397344284,0.7051058619757582,,0.12
dblp,1,B,search,"{""alpha"": [0.15, 0.85], ""anfis"": ""pct"", ""cd"": 32, ""m"": 1.5, ""sd"": 1.5}",1.5,0.15,0.85,1.5,32,pct,0.7366528166570109,0.4261601284256926,0.4375531622938183,,0.06
dblp,2,B,search,"{""alpha"": [0.15, 0.85], ""anfis"": ""pct"", ""cd"": 32, ""m"": 1.5, ""sd"": 1.5}",1.5,0.15,0.85,1.5,32,pct,0.7464101361029116,0.5313763683239505,0.6599330345549934,,0.06
amazon,0,B,search,"{""alpha"": [0.15, 0.85], ""anfis"": ""pct"", ""cd"": 32, ""m"": 1.5, ""sd"": 1.5}",1.5,0.15,0.85,1.5,32,pct,0.7872855024362686,0.669113408515845,0.7267972229444832,,0.06
amazon,1,B,search,"{""alpha"": [0.15, 0.85], ""anfis"": ""pct"", ""cd"": 32, ""m"": 1.5, ""sd"": 1.5}",1.5,0.15,0.85,1.5,32,pct,0.8528800932137561,0.8503594340628927,0.9240854105833426,,0.06
amazon,2,B,search,"{""alpha"": [0.15, 0.85], ""anfis"": ""pct"", ""cd"": 32, ""m"": 1.5, ""sd"": 1.5}",1.5,0.15,0.85,1.5,32,pct,0.8502277381540851,0.8503594340628927,0.9240854105833426,,0.06
dblp,0,B,search,"{""alpha"": [0.15, 0.85], ""anfis"": ""pct"", ""cd"": 8, ""m"": 1.5, ""sd"": 1.0}",1.5,0.15,0.85,1.0,8,pct,0.7788480378917624,0.7261913718518531,0.7399602836033007,,0.08
dblp,1,B,search,"{""alpha"": [0.15, 0.85], ""anfis"": ""pct"", ""cd"": 8, ""m"": 1.5, ""sd"": 1.0}",1.5,0.15,0.85,1.0,8,pct,0.782662174504473,0.8124831843933965,0.8304569761789014,,0.08
dblp,2,B,search,"{""alpha"": [0.15, 0.85], ""anfis"": ""pct"", ""cd"": 8, ""m"": 1.5, ""sd"": 1.0}",1.5,0.15,0.85,1.0,8,pct,0.7669592009006919,0.6714124027116352,0.7192994043947643,,0.09
amazon,0,B,search,"{""alpha"": [0.15, 0.85], ""anfis"": ""pct"", ""cd"": 8, ""m"": 1.5, ""sd"": 1.0}",1.5,0.15,0.85,1.0,8,pct,0.7802754042793588,0.5569867831239808,0.6832391865560852,,0.03
amazon,1,B,search,"{""alpha"": [0.15, 0.85], ""anfis"": ""pct"", ""cd"": 8, ""m"": 1.5, ""sd"": 1.0}",1.5,0.15,0.85,1.0,8,pct,0.7915514441070546,0.5739643203024514,0.7212163567850796,,0.06
amazon,2,B,search,"{""alpha"": [0.15, 0.85], ""anfis"": ""pct"", ""cd"": 8, ""m"": 1.5, ""sd"": 1.0}",1.5,0.15,0.85,1.0,8,pct,0.7125150060024009,0.4250577888441538,0.5240875819000819,,0.06
crisismmd,0,B,search,"{""alpha"": [0.15, 0.85], ""anfis"": ""shift+0.1"", ""cd"": 4, ""m"": 1.2, ""sd"": 1.0}",1.2,0.15,0.85,1.0,4,shift+0.1,0.3764436934806456,0.4925545264663628,0.5904225491713948,,1.16
crisismmd,1,B,search,"{""alpha"": [0.15, 0.85], ""anfis"": ""shift+0.1"", ""cd"": 4, ""m"": 1.2, ""sd"": 1.0}",1.2,0.15,0.85,1.0,4,shift+0.1,0.34453599715274513,0.4847730840688006,0.6242343158324626,,1.36
pheme,1,B,search,"{""alpha"": [0.15, 0.85], ""anfis"": ""pct"", ""cd"": 32, ""m"": 1.5, ""sd"": 1.5}",1.5,0.15,0.85,1.5,32,pct,0.8570885683423711,0.0,0.2627033855375388,,5.95
crisismmd,2,B,search,"{""alpha"": [0.15, 0.85], ""anfis"": ""shift+0.1"", ""cd"": 4, ""m"": 1.2, ""sd"": 1.0}",1.2,0.15,0.85,1.0,4,shift+0.1,0.36729686209134255,0.4879208403070088,0.5987060144295968,,1.22
pheme,0,B,search,"{""alpha"": [0.15, 0.85], ""anfis"": ""shift+0.1"", ""cd"": 4, ""m"": 1.2, ""sd"": 1.0}",1.2,0.15,0.85,1.0,4,shift+0.1,0.8738967055254492,0.0,0.2464408860592352,,2.81
pheme,2,B,search,"{""alpha"": [0.15, 0.85], ""anfis"": ""shift+0.1"", ""cd"": 4, ""m"": 1.2, ""sd"": 1.0}",1.2,0.15,0.85,1.0,4,shift+0.1,0.8793817921854222,0.012546497684847724,0.2494193273775462,,4.5
pheme,1,B,search,"{""alpha"": [0.15, 0.85], ""anfis"": ""shift+0.1"", ""cd"": 4, ""m"": 1.2, ""sd"": 1.0}",1.2,0.15,0.85,1.0,4,shift+0.1,0.8584900455288305,0.0,0.24688605629337904,,7.75
pheme,2,B,search,"{""alpha"": [0.15, 0.85], ""anfis"": ""pct"", ""cd"": 32, ""m"": 1.5, ""sd"": 1.5}",1.5,0.15,0.85,1.5,32,pct,0.810932613731349,0.0,0.14187489187589072,,14.3
fakeddit,0,B,search,"{""alpha"": [0.15, 0.85], ""anfis"": ""shift+0.1"", ""cd"": 4, ""m"": 1.2, ""sd"": 1.0}",1.2,0.15,0.85,1.0,4,shift+0.1,0.2464694837978285,0.44371825275616006,0.5742697949329413,,3.3
dblp,0,B,search,"{""alpha"": [0.15, 0.85], ""anfis"": ""shift+0.1"", ""cd"": 4, ""m"": 1.2, ""sd"": 1.0}",1.2,0.15,0.85,1.0,4,shift+0.1,0.7768790982065596,0.6114676822300876,0.6848228757873215,,0.05
dblp,1,B,search,"{""alpha"": [0.15, 0.85], ""anfis"": ""shift+0.1"", ""cd"": 4, ""m"": 1.2, ""sd"": 1.0}",1.2,0.15,0.85,1.0,4,shift+0.1,0.7781535956538578,0.5786553229924298,0.6046941979493299,,0.08
dblp,2,B,search,"{""alpha"": [0.15, 0.85], ""anfis"": ""shift+0.1"", ""cd"": 4, ""m"": 1.2, ""sd"": 1.0}",1.2,0.15,0.85,1.0,4,shift+0.1,0.7681888614571848,0.5971881961302058,0.6930217436992954,,0.08
amazon,0,B,search,"{""alpha"": [0.15, 0.85], ""anfis"": ""shift+0.1"", ""cd"": 4, ""m"": 1.2, ""sd"": 1.0}",1.2,0.15,0.85,1.0,4,shift+0.1,0.7761570510557164,0.5721278990154091,0.6778504949734836,,0.06
amazon,1,B,search,"{""alpha"": [0.15, 0.85], ""anfis"": ""shift+0.1"", ""cd"": 4, ""m"": 1.2, ""sd"": 1.0}",1.2,0.15,0.85,1.0,4,shift+0.1,0.8012527363886731,0.5248015643483567,0.6981563782271367,,0.06
amazon,2,B,search,"{""alpha"": [0.15, 0.85], ""anfis"": ""shift+0.1"", ""cd"": 4, ""m"": 1.2, ""sd"": 1.0}",1.2,0.15,0.85,1.0,4,shift+0.1,0.6917611750582586,0.34959940311824234,0.4457244585687382,,0.06
fakeddit,1,B,search,"{""alpha"": [0.15, 0.85], ""anfis"": ""shift+0.1"", ""cd"": 4, ""m"": 1.2, ""sd"": 1.0}",1.2,0.15,0.85,1.0,4,shift+0.1,0.24684588566720914,0.41817027302433474,0.5487694577405802,,3.0
fakeddit,2,B,search,"{""alpha"": [0.15, 0.85], ""anfis"": ""shift+0.1"", ""cd"": 4, ""m"": 1.2, ""sd"": 1.0}",1.2,0.15,0.85,1.0,4,shift+0.1,0.26404331224446187,0.46008709766708333,0.6366451625629087,,2.58
fakeddit,1,B,search,"{""alpha"": [0.15, 0.85], ""anfis"": ""pct"", ""cd"": 32, ""m"": 1.5, ""sd"": 1.5}",1.5,0.15,0.85,1.5,32,pct,0.31491720754660585,0.316717667650422,0.07866868381240545,,16.91
fakeddit,2,B,search,"{""alpha"": [0.15, 0.85], ""anfis"": ""pct"", ""cd"": 32, ""m"": 1.5, ""sd"": 1.5}",1.5,0.15,0.85,1.5,32,pct,0.31419333819654455,0.31568285523483897,0.07848484848484848,,16.94
fakeddit,0,B,search,"{""alpha"": [0.15, 0.85], ""anfis"": ""pct"", ""cd"": 32, ""m"": 1.5, ""sd"": 1.5}",1.5,0.15,0.85,1.5,32,pct,0.31839756794168095,0.3187985840695532,0.07903469079939669,,17.12
crisismmd,0,B,search,"{""alpha"": [0.15, 0.85], ""anfis"": ""pct"", ""cd"": 8, ""m"": 2.0, ""sd"": 1.5}",2.0,0.15,0.85,1.5,8,pct,0.37576039163728076,0.0,0.0,,1.22
crisismmd,1,B,search,"{""alpha"": [0.15, 0.85], ""anfis"": ""pct"", ""cd"": 8, ""m"": 2.0, ""sd"": 1.5}",2.0,0.15,0.85,1.5,8,pct,0.4717619891390463,0.0,0.0,,1.27
crisismmd,2,B,search,"{""alpha"": [0.15, 0.85], ""anfis"": ""pct"", ""cd"": 8, ""m"": 2.0, ""sd"": 1.5}",2.0,0.15,0.85,1.5,8,pct,0.44012158902894827,0.0,0.0,,1.38
pheme,0,B,search,"{""alpha"": [0.15, 0.85], ""anfis"": ""pct"", ""cd"": 8, ""m"": 2.0, ""sd"": 1.5}",2.0,0.15,0.85,1.5,8,pct,0.6698796883468795,0.0,0.0,,1.88
dblp,0,B,search,"{""alpha"": [0.15, 0.85], ""anfis"": ""pct"", ""cd"": 8, ""m"": 2.0, ""sd"": 1.5}",2.0,0.15,0.85,1.5,8,pct,0.757148747973955,0.6323356951062445,0.6471780722473668,,0.06
dblp,1,B,search,"{""alpha"": [0.15, 0.85], ""anfis"": ""pct"", ""cd"": 8, ""m"": 2.0, ""sd"": 1.5}",2.0,0.15,0.85,1.5,8,pct,0.6922270483662956,0.4980057335110517,0.48646378653308103,,0.06
dblp,2,B,search,"{""alpha"": [0.15, 0.85], ""anfis"": ""pct"", ""cd"": 8, ""m"": 2.0, ""sd"": 1.5}",2.0,0.15,0.85,1.5,8,pct,0.7448353727057722,0.6035661045547459,0.6466386802892106,,0.08
amazon,0,B,search,"{""alpha"": [0.15, 0.85], ""anfis"": ""pct"", ""cd"": 8, ""m"": 2.0, ""sd"": 1.5}",2.0,0.15,0.85,1.5,8,pct,0.7806955723465857,0.697758997174438,0.7433445060872246,,0.06
amazon,1,B,search,"{""alpha"": [0.15, 0.85], ""anfis"": ""pct"", ""cd"": 8, ""m"": 2.0, ""sd"": 1.5}",2.0,0.15,0.85,1.5,8,pct,0.8514917731798602,0.789025918462662,0.8129803514075193,,0.08
amazon,2,B,search,"{""alpha"": [0.15, 0.85], ""anfis"": ""pct"", ""cd"": 8, ""m"": 2.0, ""sd"": 1.5}",2.0,0.15,0.85,1.5,8,pct,0.8388274133182685,0.8089798963019004,0.828820024715547,,0.09
pheme,1,B,search,"{""alpha"": [0.15, 0.85], ""anfis"": ""pct"", ""cd"": 8, ""m"": 2.0, ""sd"": 1.5}",2.0,0.15,0.85,1.5,8,pct,0.49142354971452645,0.0,0.0,,2.48
pheme,2,B,search,"{""alpha"": [0.15, 0.85], ""anfis"": ""pct"", ""cd"": 8, ""m"": 2.0, ""sd"": 1.5}",2.0,0.15,0.85,1.5,8,pct,0.49263516362319915,0.0,0.0,,3.17
crisismmd,0,B,search,"{""alpha"": [0.15, 0.85], ""anfis"": ""shift+0.1"", ""cd"": 4, ""m"": 1.75, ""sd"": 2.0}",1.75,0.15,0.85,2.0,4,shift+0.1,0.03175800375202054,0.0,0.0,,1.2
crisismmd,1,B,search,"{""alpha"": [0.15, 0.85], ""anfis"": ""shift+0.1"", ""cd"": 4, ""m"": 1.75, ""sd"": 2.0}",1.75,0.15,0.85,2.0,4,shift+0.1,0.047343540403461205,0.0,0.0,,1.2
crisismmd,2,B,search,"{""alpha"": [0.15, 0.85], ""anfis"": ""shift+0.1"", ""cd"": 4, ""m"": 1.75, ""sd"": 2.0}",1.75,0.15,0.85,2.0,4,shift+0.1,0.027223297687283182,0.0,0.0,,1.02
fakeddit,0,B,search,"{""alpha"": [0.15, 0.85], ""anfis"": ""pct"", ""cd"": 8, ""m"": 2.0, ""sd"": 1.5}",2.0,0.15,0.85,1.5,8,pct,0.38327836701954676,0.0,0.0,,4.27
fakeddit,1,B,search,"{""alpha"": [0.15, 0.85], ""anfis"": ""pct"", ""cd"": 8, ""m"": 2.0, ""sd"": 1.5}",2.0,0.15,0.85,1.5,8,pct,0.3810348625556973,0.0,0.0,,3.98
fakeddit,2,B,search,"{""alpha"": [0.15, 0.85], ""anfis"": ""pct"", ""cd"": 8, ""m"": 2.0, ""sd"": 1.5}",2.0,0.15,0.85,1.5,8,pct,0.3829819997588037,0.0,0.0,,3.89
pheme,2,B,search,"{""alpha"": [0.15, 0.85], ""anfis"": ""shift+0.1"", ""cd"": 4, ""m"": 1.75, ""sd"": 2.0}",1.75,0.15,0.85,2.0,4,shift+0.1,0.4801839977269515,0.0,0.0,,2.98
pheme,0,B,search,"{""alpha"": [0.15, 0.85], ""anfis"": ""shift+0.1"", ""cd"": 4, ""m"": 1.75, ""sd"": 2.0}",1.75,0.15,0.85,2.0,4,shift+0.1,0.49634465244988535,0.0,0.0,,3.81
dblp,1,B,search,"{""alpha"": [0.15, 0.85], ""anfis"": ""shift+0.1"", ""cd"": 4, ""m"": 1.75, ""sd"": 2.0}",1.75,0.15,0.85,2.0,4,shift+0.1,0.8071485891030822,0.573039958104206,0.5914753334318489,,0.08
dblp,0,B,search,"{""alpha"": [0.15, 0.85], ""anfis"": ""shift+0.1"", ""cd"": 4, ""m"": 1.75, ""sd"": 2.0}",1.75,0.15,0.85,2.0,4,shift+0.1,0.8011423874902956,0.5106960913106486,0.5539664285511461,,0.08
amazon,0,B,search,"{""alpha"": [0.15, 0.85], ""anfis"": ""shift+0.1"", ""cd"": 4, ""m"": 1.75, ""sd"": 2.0}",1.75,0.15,0.85,2.0,4,shift+0.1,0.6900388390650378,0.590816597621627,0.534969474969475,,0.06
dblp,2,B,search,"{""alpha"": [0.15, 0.85], ""anfis"": ""shift+0.1"", ""cd"": 4, ""m"": 1.75, ""sd"": 2.0}",1.75,0.15,0.85,2.0,4,shift+0.1,0.8041393982465599,0.5264078718181687,0.5663513339219985,,0.08
amazon,2,B,search,"{""alpha"": [0.15, 0.85], ""anfis"": ""shift+0.1"", ""cd"": 4, ""m"": 1.75, ""sd"": 2.0}",1.75,0.15,0.85,2.0,4,shift+0.1,0.7576191653131841,0.532844647030148,0.40711032887203463,,0.06
amazon,1,B,search,"{""alpha"": [0.15, 0.85], ""anfis"": ""shift+0.1"", ""cd"": 4, ""m"": 1.75, ""sd"": 2.0}",1.75,0.15,0.85,2.0,4,shift+0.1,0.7653982769578419,0.6593990106873477,0.7159895712585587,,0.08
fakeddit,2,B,search,"{""alpha"": [0.15, 0.85], ""anfis"": ""shift+0.1"", ""cd"": 4, ""m"": 1.75, ""sd"": 2.0}",1.75,0.15,0.85,2.0,4,shift+0.1,0.31427533807574887,0.21048039787759698,0.05148148148148148,,3.25
fakeddit,1,B,search,"{""alpha"": [0.15, 0.85], ""anfis"": ""shift+0.1"", ""cd"": 4, ""m"": 1.75, ""sd"": 2.0}",1.75,0.15,0.85,2.0,4,shift+0.1,0.31036536380142726,0.19357828104882735,0.04517374517374517,,3.31
fakeddit,0,B,search,"{""alpha"": [0.15, 0.85], ""anfis"": ""shift+0.1"", ""cd"": 4, ""m"": 1.75, ""sd"": 2.0}",1.75,0.15,0.85,2.0,4,shift+0.1,0.3230559567443248,0.20430105263677367,0.04924812030075189,,3.39
crisismmd,0,B,search,"{""alpha"": [0.15, 0.85], ""anfis"": ""shift+0.1"", ""cd"": 8, ""m"": 2.0, ""sd"": 2.0}",2.0,0.15,0.85,2.0,8,shift+0.1,0.3976742258628356,0.0,0.0,,1.49
crisismmd,1,B,search,"{""alpha"": [0.15, 0.85], ""anfis"": ""shift+0.1"", ""cd"": 8, ""m"": 2.0, ""sd"": 2.0}",2.0,0.15,0.85,2.0,8,shift+0.1,0.4439068699646365,0.0,0.0,,1.53
crisismmd,2,B,search,"{""alpha"": [0.15, 0.85], ""anfis"": ""shift+0.1"", ""cd"": 8, ""m"": 2.0, ""sd"": 2.0}",2.0,0.15,0.85,2.0,8,shift+0.1,0.43609292168739594,0.0,0.0,,1.45
pheme,0,B,search,"{""alpha"": [0.15, 0.85], ""anfis"": ""shift+0.1"", ""cd"": 8, ""m"": 2.0, ""sd"": 2.0}",2.0,0.15,0.85,2.0,8,shift+0.1,0.49634465244988535,0.0,0.0,,2.11
pheme,2,B,search,"{""alpha"": [0.15, 0.85], ""anfis"": ""shift+0.1"", ""cd"": 8, ""m"": 2.0, ""sd"": 2.0}",2.0,0.15,0.85,2.0,8,shift+0.1,0.5013898227972244,0.0,0.0,,1.92
pheme,1,B,search,"{""alpha"": [0.15, 0.85], ""anfis"": ""shift+0.1"", ""cd"": 8, ""m"": 2.0, ""sd"": 2.0}",2.0,0.15,0.85,2.0,8,shift+0.1,0.49358684039476214,0.0,0.0,,2.91
dblp,0,B,search,"{""alpha"": [0.15, 0.85], ""anfis"": ""shift+0.1"", ""cd"": 8, ""m"": 2.0, ""sd"": 2.0}",2.0,0.15,0.85,2.0,8,shift+0.1,0.7996839528767808,0.5224598984395062,0.554454309263485,,0.11
dblp,1,B,search,"{""alpha"": [0.15, 0.85], ""anfis"": ""shift+0.1"", ""cd"": 8, ""m"": 2.0, ""sd"": 2.0}",2.0,0.15,0.85,2.0,8,shift+0.1,0.8056762091573878,0.4486375802072129,0.5194309472227785,,0.08
dblp,2,B,search,"{""alpha"": [0.15, 0.85], ""anfis"": ""shift+0.1"", ""cd"": 8, ""m"": 2.0, ""sd"": 2.0}",2.0,0.15,0.85,2.0,8,shift+0.1,0.79800627645862,0.45849807858062763,0.4838238023614292,,0.06
amazon,0,B,search,"{""alpha"": [0.15, 0.85], ""anfis"": ""shift+0.1"", ""cd"": 8, ""m"": 2.0, ""sd"": 2.0}",2.0,0.15,0.85,2.0,8,shift+0.1,0.6626915472071182,0.6205170596139061,0.4465079365079365,,0.03
amazon,1,B,search,"{""alpha"": [0.15, 0.85], ""anfis"": ""shift+0.1"", ""cd"": 8, ""m"": 2.0, ""sd"": 2.0}",2.0,0.15,0.85,2.0,8,shift+0.1,0.7394396582162277,0.465009414812128,0.3020288772715957,,0.06
amazon,2,B,search,"{""alpha"": [0.15, 0.85], ""anfis"": ""shift+0.1"", ""cd"": 8, ""m"": 2.0, ""sd"": 2.0}",2.0,0.15,0.85,2.0,8,shift+0.1,0.6970358731727986,0.5298647661355012,0.40520348044619886,,0.05
crisismmd,0,B,search,"{""alpha"": [0.15, 0.85], ""anfis"": ""scale1.5"", ""cd"": 4, ""m"": 1.5, ""sd"": 1.5}",1.5,0.15,0.85,1.5,4,scale1.5,0.3379398385621212,0.4377714766043652,0.6092613327820181,,1.09
crisismmd,1,B,search,"{""alpha"": [0.15, 0.85], ""anfis"": ""scale1.5"", ""cd"": 4, ""m"": 1.5, ""sd"": 1.5}",1.5,0.15,0.85,1.5,4,scale1.5,0.3463346090950749,0.44880588726771453,0.6205272226519254,,1.28
crisismmd,2,B,search,"{""alpha"": [0.15, 0.85], ""anfis"": ""scale1.5"", ""cd"": 4, ""m"": 1.5, ""sd"": 1.5}",1.5,0.15,0.85,1.5,4,scale1.5,0.4033655350875758,0.37646173505621805,0.5556333710585727,,1.17
fakeddit,1,B,search,"{""alpha"": [0.15, 0.85], ""anfis"": ""shift+0.1"", ""cd"": 8, ""m"": 2.0, ""sd"": 2.0}",2.0,0.15,0.85,2.0,8,shift+0.1,0.36041712941037857,0.0,0.0,,4.03
fakeddit,0,B,search,"{""alpha"": [0.15, 0.85], ""anfis"": ""shift+0.1"", ""cd"": 8, ""m"": 2.0, ""sd"": 2.0}",2.0,0.15,0.85,2.0,8,shift+0.1,0.3686786267958265,0.0,0.0,,4.48
fakeddit,2,B,search,"{""alpha"": [0.15, 0.85], ""anfis"": ""shift+0.1"", ""cd"": 8, ""m"": 2.0, ""sd"": 2.0}",2.0,0.15,0.85,2.0,8,shift+0.1,0.3661640105498782,0.0,0.0,,3.86
fakeddit,0,B,search,"{""alpha"": [0.15, 0.85], ""anfis"": ""scale1.5"", ""cd"": 4, ""m"": 1.5, ""sd"": 1.5}",1.5,0.15,0.85,1.5,4,scale1.5,0.20183873071270883,0.30618273346473623,0.1518965009288346,,3.59
fakeddit,1,B,search,"{""alpha"": [0.15, 0.85], ""anfis"": ""scale1.5"", ""cd"": 4, ""m"": 1.5, ""sd"": 1.5}",1.5,0.15,0.85,1.5,4,scale1.5,0.22478175160724256,0.34310291187724584,0.15824718714796937,,3.28
pheme,0,B,search,"{""alpha"": [0.15, 0.85], ""anfis"": ""scale1.5"", ""cd"": 4, ""m"": 1.5, ""sd"": 1.5}",1.5,0.15,0.85,1.5,4,scale1.5,0.8583960727953805,0.0,0.3010086334460392,,4.89
dblp,0,B,search,"{""alpha"": [0.15, 0.85], ""anfis"": ""scale1.5"", ""cd"": 4, ""m"": 1.5, ""sd"": 1.5}",1.5,0.15,0.85,1.5,4,scale1.5,0.7655184186063918,0.5860778397344284,0.7051058619757582,,0.09
dblp,1,B,search,"{""alpha"": [0.15, 0.85], ""anfis"": ""scale1.5"", ""cd"": 4, ""m"": 1.5, ""sd"": 1.5}",1.5,0.15,0.85,1.5,4,scale1.5,0.7366528166570109,0.4261601284256926,0.4375531622938183,,0.08
dblp,2,B,search,"{""alpha"": [0.15, 0.85], ""anfis"": ""scale1.5"", ""cd"": 4, ""m"": 1.5, ""sd"": 1.5}",1.5,0.15,0.85,1.5,4,scale1.5,0.7464101361029116,0.5313763683239505,0.6599330345549934,,0.08
amazon,0,B,search,"{""alpha"": [0.15, 0.85], ""anfis"": ""scale1.5"", ""cd"": 4, ""m"": 1.5, ""sd"": 1.5}",1.5,0.15,0.85,1.5,4,scale1.5,0.7872855024362686,0.669113408515845,0.7267972229444832,,0.09
amazon,1,B,search,"{""alpha"": [0.15, 0.85], ""anfis"": ""scale1.5"", ""cd"": 4, ""m"": 1.5, ""sd"": 1.5}",1.5,0.15,0.85,1.5,4,scale1.5,0.8528800932137561,0.8503594340628927,0.9240854105833426,,0.08
amazon,2,B,search,"{""alpha"": [0.15, 0.85], ""anfis"": ""scale1.5"", ""cd"": 4, ""m"": 1.5, ""sd"": 1.5}",1.5,0.15,0.85,1.5,4,scale1.5,0.8502277381540851,0.8503594340628927,0.9240854105833426,,0.08
pheme,1,B,search,"{""alpha"": [0.15, 0.85], ""anfis"": ""shift+0.1"", ""cd"": 4, ""m"": 1.75, ""sd"": 2.0}",1.75,0.15,0.85,2.0,4,shift+0.1,0.5596344770469016,0.0,0.0,,14.23
crisismmd,0,B,search,"{""alpha"": [0.15, 0.85], ""anfis"": ""scale1.5"", ""cd"": 8, ""m"": 1.2, ""sd"": 1.0}",1.2,0.15,0.85,1.0,8,scale1.5,0.45286056111454615,0.7119980565013739,0.7477381473670052,,1.69
crisismmd,1,B,search,"{""alpha"": [0.15, 0.85], ""anfis"": ""scale1.5"", ""cd"": 8, ""m"": 1.2, ""sd"": 1.0}",1.2,0.15,0.85,1.0,8,scale1.5,0.36892576248139247,0.5638232668676787,0.6113638789616628,,1.64
crisismmd,2,B,search,"{""alpha"": [0.15, 0.85], ""anfis"": ""scale1.5"", ""cd"": 8, ""m"": 1.2, ""sd"": 1.0}",1.2,0.15,0.85,1.0,8,scale1.5,0.3775206391044619,0.5729188066301721,0.6269294685475894,,1.47
fakeddit,2,B,search,"{""alpha"": [0.15, 0.85], ""anfis"": ""scale1.5"", ""cd"": 4, ""m"": 1.5, ""sd"": 1.5}",1.5,0.15,0.85,1.5,4,scale1.5,0.23030959585685545,0.334788907892848,0.15545415683140346,,2.67
pheme,1,B,search,"{""alpha"": [0.15, 0.85], ""anfis"": ""scale1.5"", ""cd"": 4, ""m"": 1.5, ""sd"": 1.5}",1.5,0.15,0.85,1.5,4,scale1.5,0.8570885683423711,0.0,0.2627033855375388,,6.41
pheme,0,B,search,"{""alpha"": [0.15, 0.85], ""anfis"": ""scale1.5"", ""cd"": 8, ""m"": 1.2, ""sd"": 1.0}",1.2,0.15,0.85,1.0,8,scale1.5,0.8738967055254492,0.0,0.2464408860592352,,3.17
pheme,2,B,search,"{""alpha"": [0.15, 0.85], ""anfis"": ""scale1.5"", ""cd"": 8, ""m"": 1.2, ""sd"": 1.0}",1.2,0.15,0.85,1.0,8,scale1.5,0.8793817921854222,0.012546497684847724,0.2494193273775462,,4.56
dblp,0,B,search,"{""alpha"": [0.15, 0.85], ""anfis"": ""scale1.5"", ""cd"": 8, ""m"": 1.2, ""sd"": 1.0}",1.2,0.15,0.85,1.0,8,scale1.5,0.7768790982065596,0.6114676822300876,0.6848228757873215,,0.08
dblp,1,B,search,"{""alpha"": [0.15, 0.85], ""anfis"": ""scale1.5"", ""cd"": 8, ""m"": 1.2, ""sd"": 1.0}",1.2,0.15,0.85,1.0,8,scale1.5,0.7781535956538578,0.5786553229924298,0.6046941979493299,,0.08
dblp,2,B,search,"{""alpha"": [0.15, 0.85], ""anfis"": ""scale1.5"", ""cd"": 8, ""m"": 1.2, ""sd"": 1.0}",1.2,0.15,0.85,1.0,8,scale1.5,0.7681888614571848,0.5971881961302058,0.6930217436992954,,0.06
amazon,0,B,search,"{""alpha"": [0.15, 0.85], ""anfis"": ""scale1.5"", ""cd"": 8, ""m"": 1.2, ""sd"": 1.0}",1.2,0.15,0.85,1.0,8,scale1.5,0.7761570510557164,0.5721278990154091,0.6778504949734836,,0.03
amazon,1,B,search,"{""alpha"": [0.15, 0.85], ""anfis"": ""scale1.5"", ""cd"": 8, ""m"": 1.2, ""sd"": 1.0}",1.2,0.15,0.85,1.0,8,scale1.5,0.8012527363886731,0.5248015643483567,0.6981563782271367,,0.06
amazon,2,B,search,"{""alpha"": [0.15, 0.85], ""anfis"": ""scale1.5"", ""cd"": 8, ""m"": 1.2, ""sd"": 1.0}",1.2,0.15,0.85,1.0,8,scale1.5,0.6917611750582586,0.34959940311824234,0.4457244585687382,,0.05
fakeddit,1,B,search,"{""alpha"": [0.15, 0.85], ""anfis"": ""scale1.5"", ""cd"": 8, ""m"": 1.2, ""sd"": 1.0}",1.2,0.15,0.85,1.0,8,scale1.5,0.321805716587943,0.6789268644465853,0.7072182688667958,,5.55
fakeddit,0,B,search,"{""alpha"": [0.15, 0.85], ""anfis"": ""scale1.5"", ""cd"": 8, ""m"": 1.2, ""sd"": 1.0}",1.2,0.15,0.85,1.0,8,scale1.5,0.2934616161731537,0.7015956613920535,0.7103903809977363,,5.59
pheme,1,B,search,"{""alpha"": [0.15, 0.85], ""anfis"": ""scale1.5"", ""cd"": 8, ""m"": 1.2, ""sd"": 1.0}",1.2,0.15,0.85,1.0,8,scale1.5,0.8584900455288305,0.0,0.24688605629337904,,7.36
fakeddit,2,B,search,"{""alpha"": [0.15, 0.85], ""anfis"": ""scale1.5"", ""cd"": 8, ""m"": 1.2, ""sd"": 1.0}",1.2,0.15,0.85,1.0,8,scale1.5,0.26448756213384456,0.5685583267182179,0.5888342465867514,,4.98
pheme,2,B,search,"{""alpha"": [0.15, 0.85], ""anfis"": ""scale1.5"", ""cd"": 4, ""m"": 1.5, ""sd"": 1.5}",1.5,0.15,0.85,1.5,4,scale1.5,0.810932613731349,0.0,0.14187489187589072,,14.05
crisismmd,0,B,search,"{""alpha"": [0.15, 0.85], ""anfis"": ""pct"", ""cd"": 32, ""m"": 1.75, ""sd"": 1.5}",1.75,0.15,0.85,1.5,32,pct,0.34242009384778993,0.0,0.0,,4.3
crisismmd,1,B,search,"{""alpha"": [0.15, 0.85], ""anfis"": ""pct"", ""cd"": 32, ""m"": 1.75, ""sd"": 1.5}",1.75,0.15,0.85,1.5,32,pct,0.34091222772884694,0.0,0.0,,4.11
crisismmd,2,B,search,"{""alpha"": [0.15, 0.85], ""anfis"": ""pct"", ""cd"": 32, ""m"": 1.75, ""sd"": 1.5}",1.75,0.15,0.85,1.5,32,pct,0.3393466057124745,0.0,0.0,,4.31
pheme,0,B,search,"{""alpha"": [0.15, 0.85], ""anfis"": ""pct"", ""cd"": 32, ""m"": 1.75, ""sd"": 1.5}",1.75,0.15,0.85,1.5,32,pct,0.5505945066224961,0.0,0.0,,5.0
dblp,0,B,search,"{""alpha"": [0.15, 0.85], ""anfis"": ""pct"", ""cd"": 32, ""m"": 1.75, ""sd"": 1.5}",1.75,0.15,0.85,1.5,32,pct,0.7754760918753789,0.6497585135906618,0.7379314969049009,,0.08
dblp,1,B,search,"{""alpha"": [0.15, 0.85], ""anfis"": ""pct"", ""cd"": 32, ""m"": 1.75, ""sd"": 1.5}",1.75,0.15,0.85,1.5,32,pct,0.7329080536588138,0.43243839249809746,0.4304203832562774,,0.06
dblp,2,B,search,"{""alpha"": [0.15, 0.85], ""anfis"": ""pct"", ""cd"": 32, ""m"": 1.75, ""sd"": 1.5}",1.75,0.15,0.85,1.5,32,pct,0.7440027128084169,0.5875487092032972,0.647414525157491,,0.08
amazon,0,B,search,"{""alpha"": [0.15, 0.85], ""anfis"": ""pct"", ""cd"": 32, ""m"": 1.75, ""sd"": 1.5}",1.75,0.15,0.85,1.5,32,pct,0.7842352235011651,0.6720646933468475,0.7250443187181292,,0.06
amazon,1,B,search,"{""alpha"": [0.15, 0.85], ""anfis"": ""pct"", ""cd"": 32, ""m"": 1.75, ""sd"": 1.5}",1.75,0.15,0.85,1.5,32,pct,0.850632370595297,0.7897010055046502,0.8129803514075193,,0.06
amazon,2,B,search,"{""alpha"": [0.15, 0.85], ""anfis"": ""pct"", ""cd"": 32, ""m"": 1.75, ""sd"": 1.5}",1.75,0.15,0.85,1.5,32,pct,0.8449526869571358,0.8431436882535843,0.9161549545821226,,0.08
pheme,2,B,search,"{""alpha"": [0.15, 0.85], ""anfis"": ""pct"", ""cd"": 32, ""m"": 1.75, ""sd"": 1.5}",1.75,0.15,0.85,1.5,32,pct,0.6276123165945815,0.0,0.05102606766500277,,5.05
crisismmd,0,B,search,"{""alpha"": [0.15, 0.85], ""anfis"": ""scale1.5"", ""cd"": 4, ""m"": 1.2, ""sd"": 0.5}",1.2,0.15,0.85,0.5,4,scale1.5,0.37663842352380755,0.49980406952866363,0.6062640838205295,,1.22
crisismmd,1,B,search,"{""alpha"": [0.15, 0.85], ""anfis"": ""scale1.5"", ""cd"": 4, ""m"": 1.2, ""sd"": 0.5}",1.2,0.15,0.85,0.5,4,scale1.5,0.39221879331300086,0.5053428841712115,0.6117290185389296,,1.17
crisismmd,2,B,search,"{""alpha"": [0.15, 0.85], ""anfis"": ""scale1.5"", ""cd"": 4, ""m"": 1.2, ""sd"": 0.5}",1.2,0.15,0.85,0.5,4,scale1.5,0.4315480492459288,0.5407791770168968,0.6348446270786352,,1.05
pheme,1,B,search,"{""alpha"": [0.15, 0.85], ""anfis"": ""pct"", ""cd"": 32, ""m"": 1.75, ""sd"": 1.5}",1.75,0.15,0.85,1.5,32,pct,0.4951672640893452,0.0,0.0,,8.53
pheme,0,B,search,"{""alpha"": [0.15, 0.85], ""anfis"": ""scale1.5"", ""cd"": 4, ""m"": 1.2, ""sd"": 0.5}",1.2,0.15,0.85,0.5,4,scale1.5,0.8819180233211704,0.0,0.2577412393106499,,2.19
pheme,1,B,search,"{""alpha"": [0.15, 0.85], ""anfis"": ""scale1.5"", ""cd"": 4, ""m"": 1.2, ""sd"": 0.5}",1.2,0.15,0.85,0.5,4,scale1.5,0.8636417281423405,0.0,0.22942814156854607,,3.11
pheme,2,B,search,"{""alpha"": [0.15, 0.85], ""anfis"": ""scale1.5"", ""cd"": 4, ""m"": 1.2, ""sd"": 0.5}",1.2,0.15,0.85,0.5,4,scale1.5,0.8533041373671879,0.0,0.2470148022084969,,2.69
fakeddit,0,B,search,"{""alpha"": [0.15, 0.85], ""anfis"": ""scale1.5"", ""cd"": 4, ""m"": 1.2, ""sd"": 0.5}",1.2,0.15,0.85,0.5,4,scale1.5,0.24478494114263097,0.4178991908448739,0.5144681940368688,,3.56
dblp,0,B,search,"{""alpha"": [0.15, 0.85], ""anfis"": ""scale1.5"", ""cd"": 4, ""m"": 1.2, ""sd"": 0.5}",1.2,0.15,0.85,0.5,4,scale1.5,0.7578620781934193,1.0,1.0,,0.05
dblp,1,B,search,"{""alpha"": [0.15, 0.85], ""anfis"": ""scale1.5"", ""cd"": 4, ""m"": 1.2, ""sd"": 0.5}",1.2,0.15,0.85,0.5,4,scale1.5,0.7578620781934193,1.0,1.0,,0.03
dblp,2,B,search,"{""alpha"": [0.15, 0.85], ""anfis"": ""scale1.5"", ""cd"": 4, ""m"": 1.2, ""sd"": 0.5}",1.2,0.15,0.85,0.5,4,scale1.5,0.7578620781934193,1.0,1.0,,0.03
amazon,0,B,search,"{""alpha"": [0.15, 0.85], ""anfis"": ""scale1.5"", ""cd"": 4, ""m"": 1.2, ""sd"": 0.5}",1.2,0.15,0.85,0.5,4,scale1.5,0.8583814702351529,1.0,1.0,,0.03
amazon,1,B,search,"{""alpha"": [0.15, 0.85], ""anfis"": ""scale1.5"", ""cd"": 4, ""m"": 1.2, ""sd"": 0.5}",1.2,0.15,0.85,0.5,4,scale1.5,0.8583814702351529,1.0,1.0,,0.03
amazon,2,B,search,"{""alpha"": [0.15, 0.85], ""anfis"": ""scale1.5"", ""cd"": 4, ""m"": 1.2, ""sd"": 0.5}",1.2,0.15,0.85,0.5,4,scale1.5,0.8583814702351529,1.0,1.0,,0.03
fakeddit,1,B,search,"{""alpha"": [0.15, 0.85], ""anfis"": ""scale1.5"", ""cd"": 4, ""m"": 1.2, ""sd"": 0.5}",1.2,0.15,0.85,0.5,4,scale1.5,0.24806883181469944,0.40274103674151496,0.460746329678987,,3.55
fakeddit,2,B,search,"{""alpha"": [0.15, 0.85], ""anfis"": ""scale1.5"", ""cd"": 4, ""m"": 1.2, ""sd"": 0.5}",1.2,0.15,0.85,0.5,4,scale1.5,0.25521213484054533,0.4005003253819426,0.5236932273610431,,3.16
crisismmd,0,B,search,"{""alpha"": [0.15, 0.85], ""anfis"": ""pct"", ""cd"": 16, ""m"": 2.0, ""sd"": 2.0}",2.0,0.15,0.85,2.0,16,pct,0.415926658335816,0.0,0.0,,2.84
crisismmd,1,B,search,"{""alpha"": [0.15, 0.85], ""anfis"": ""pct"", ""cd"": 16, ""m"": 2.0, ""sd"": 2.0}",2.0,0.15,0.85,2.0,16,pct,0.39545760012176223,0.0,0.0,,2.44
crisismmd,2,B,search,"{""alpha"": [0.15, 0.85], ""anfis"": ""pct"", ""cd"": 16, ""m"": 2.0, ""sd"": 2.0}",2.0,0.15,0.85,2.0,16,pct,0.47303604951167705,0.0,0.0,,2.16
pheme,0,B,search,"{""alpha"": [0.15, 0.85], ""anfis"": ""pct"", ""cd"": 16, ""m"": 2.0, ""sd"": 2.0}",2.0,0.15,0.85,2.0,16,pct,0.49634465244988535,0.0,0.0,,1.83
fakeddit,0,B,search,"{""alpha"": [0.15, 0.85], ""anfis"": ""pct"", ""cd"": 32, ""m"": 1.75, ""sd"": 1.5}",1.75,0.15,0.85,1.5,32,pct,0.3887973946258393,0.0,0.0,,16.52
pheme,2,B,search,"{""alpha"": [0.15, 0.85], ""anfis"": ""pct"", ""cd"": 16, ""m"": 2.0, ""sd"": 2.0}",2.0,0.15,0.85,2.0,16,pct,0.5013898227972244,0.0,0.0,,1.81
fakeddit,1,B,search,"{""alpha"": [0.15, 0.85], ""anfis"": ""pct"", ""cd"": 32, ""m"": 1.75, ""sd"": 1.5}",1.75,0.15,0.85,1.5,32,pct,0.3887973946258393,0.0,0.0,,16.34
dblp,0,B,search,"{""alpha"": [0.15, 0.85], ""anfis"": ""pct"", ""cd"": 16, ""m"": 2.0, ""sd"": 2.0}",2.0,0.15,0.85,2.0,16,pct,0.7996839528767808,0.5224598984395062,0.554454309263485,,0.08
dblp,1,B,search,"{""alpha"": [0.15, 0.85], ""anfis"": ""pct"", ""cd"": 16, ""m"": 2.0, ""sd"": 2.0}",2.0,0.15,0.85,2.0,16,pct,0.8056762091573878,0.4486375802072129,0.5194309472227785,,0.09
pheme,1,B,search,"{""alpha"": [0.15, 0.85], ""anfis"": ""pct"", ""cd"": 16, ""m"": 2.0, ""sd"": 2.0}",2.0,0.15,0.85,2.0,16,pct,0.49358684039476214,0.0,0.0,,2.69
dblp,2,B,search,"{""alpha"": [0.15, 0.85], ""anfis"": ""pct"", ""cd"": 16, ""m"": 2.0, ""sd"": 2.0}",2.0,0.15,0.85,2.0,16,pct,0.79800627645862,0.45849807858062763,0.4838238023614292,,0.09
amazon,0,B,search,"{""alpha"": [0.15, 0.85], ""anfis"": ""pct"", ""cd"": 16, ""m"": 2.0, ""sd"": 2.0}",2.0,0.15,0.85,2.0,16,pct,0.6626915472071182,0.6205170596139061,0.4465079365079365,,0.05
amazon,1,B,search,"{""alpha"": [0.15, 0.85], ""anfis"": ""pct"", ""cd"": 16, ""m"": 2.0, ""sd"": 2.0}",2.0,0.15,0.85,2.0,16,pct,0.7394396582162277,0.465009414812128,0.3020288772715957,,0.05
amazon,2,B,search,"{""alpha"": [0.15, 0.85], ""anfis"": ""pct"", ""cd"": 16, ""m"": 2.0, ""sd"": 2.0}",2.0,0.15,0.85,2.0,16,pct,0.6970358731727986,0.5298647661355012,0.40520348044619886,,0.03
fakeddit,2,B,search,"{""alpha"": [0.15, 0.85], ""anfis"": ""pct"", ""cd"": 32, ""m"": 1.75, ""sd"": 1.5}",1.75,0.15,0.85,1.5,32,pct,0.3887973946258393,0.0,0.0,,16.7
crisismmd,0,B,search,"{""alpha"": [0.15, 0.85], ""anfis"": ""pct"", ""cd"": 4, ""m"": 2.0, ""sd"": 0.5}",2.0,0.15,0.85,0.5,4,pct,0.5205525856673082,0.6972888026168795,0.5556209987675393,,1.17
crisismmd,1,B,search,"{""alpha"": [0.15, 0.85], ""anfis"": ""pct"", ""cd"": 4, ""m"": 2.0, ""sd"": 0.5}",2.0,0.15,0.85,0.5,4,pct,0.5281843549837691,0.6004129729955168,0.4091395732133674,,1.19
crisismmd,2,B,search,"{""alpha"": [0.15, 0.85], ""anfis"": ""pct"", ""cd"": 4, ""m"": 2.0, ""sd"": 0.5}",2.0,0.15,0.85,0.5,4,pct,0.523597164476203,0.5026834130957025,0.5620527205443936,,1.05
pheme,2,B,search,"{""alpha"": [0.15, 0.85], ""anfis"": ""pct"", ""cd"": 4, ""m"": 2.0, ""sd"": 0.5}",2.0,0.15,0.85,0.5,4,pct,0.8797517821626475,0.0,0.2802052115861869,,3.95
pheme,0,B,search,"{""alpha"": [0.15, 0.85], ""anfis"": ""pct"", ""cd"": 4, ""m"": 2.0, ""sd"": 0.5}",2.0,0.15,0.85,0.5,4,pct,0.8830514495552302,0.0,0.2444433853193279,,4.92
fakeddit,0,B,search,"{""alpha"": [0.15, 0.85], ""anfis"": ""pct"", ""cd"": 16, ""m"": 2.0, ""sd"": 2.0}",2.0,0.15,0.85,2.0,16,pct,0.38854838815611126,0.0,0.0,,8.23
fakeddit,1,B,search,"{""alpha"": [0.15, 0.85], ""anfis"": ""pct"", ""cd"": 16, ""m"": 2.0, ""sd"": 2.0}",2.0,0.15,0.85,2.0,16,pct,0.3885249960215215,0.0,0.0,,8.7
dblp,0,B,search,"{""alpha"": [0.15, 0.85], ""anfis"": ""pct"", ""cd"": 4, ""m"": 2.0, ""sd"": 0.5}",2.0,0.15,0.85,0.5,4,pct,0.7578620781934193,1.0,1.0,,0.03
dblp,1,B,search,"{""alpha"": [0.15, 0.85], ""anfis"": ""pct"", ""cd"": 4, ""m"": 2.0, ""sd"": 0.5}",2.0,0.15,0.85,0.5,4,pct,0.7578620781934193,1.0,1.0,,0.05
dblp,2,B,search,"{""alpha"": [0.15, 0.85], ""anfis"": ""pct"", ""cd"": 4, ""m"": 2.0, ""sd"": 0.5}",2.0,0.15,0.85,0.5,4,pct,0.7578620781934193,1.0,1.0,,0.05
amazon,0,B,search,"{""alpha"": [0.15, 0.85], ""anfis"": ""pct"", ""cd"": 4, ""m"": 2.0, ""sd"": 0.5}",2.0,0.15,0.85,0.5,4,pct,0.8583814702351529,1.0,1.0,,0.03
amazon,1,B,search,"{""alpha"": [0.15, 0.85], ""anfis"": ""pct"", ""cd"": 4, ""m"": 2.0, ""sd"": 0.5}",2.0,0.15,0.85,0.5,4,pct,0.8583814702351529,1.0,1.0,,0.03
amazon,2,B,search,"{""alpha"": [0.15, 0.85], ""anfis"": ""pct"", ""cd"": 4, ""m"": 2.0, ""sd"": 0.5}",2.0,0.15,0.85,0.5,4,pct,0.8583814702351529,1.0,1.0,,0.0
fakeddit,2,B,search,"{""alpha"": [0.15, 0.85], ""anfis"": ""pct"", ""cd"": 16, ""m"": 2.0, ""sd"": 2.0}",2.0,0.15,0.85,2.0,16,pct,0.3885249960215215,0.0,0.0,,8.48
fakeddit,0,B,search,"{""alpha"": [0.15, 0.85], ""anfis"": ""pct"", ""cd"": 4, ""m"": 2.0, ""sd"": 0.5}",2.0,0.15,0.85,0.5,4,pct,0.3189759881585855,0.376350637720134,0.16978602517902958,,3.03
fakeddit,1,B,search,"{""alpha"": [0.15, 0.85], ""anfis"": ""pct"", ""cd"": 4, ""m"": 2.0, ""sd"": 0.5}",2.0,0.15,0.85,0.5,4,pct,0.3182875064195388,0.3666536708660517,0.1659636238699564,,2.55
fakeddit,2,B,search,"{""alpha"": [0.15, 0.85], ""anfis"": ""pct"", ""cd"": 4, ""m"": 2.0, ""sd"": 0.5}",2.0,0.15,0.85,0.5,4,pct,0.3012261262546764,0.3956957274508155,0.17092930121953537,,2.47
pheme,0,B,search,"{""alpha"": [0.15, 0.85], ""anfis"": ""pct"", ""cd"": 32, ""m"": 1.2, ""sd"": 2.0}",1.2,0.15,0.85,2.0,32,pct,0.8699499982444654,0.01398898655495473,0.2443906276835264,,3.33
crisismmd,1,B,search,"{""alpha"": [0.15, 0.85], ""anfis"": ""pct"", ""cd"": 32, ""m"": 1.2, ""sd"": 2.0}",1.2,0.15,0.85,2.0,32,pct,0.503531811826977,0.5881181527461518,0.6960191204024909,,4.67
crisismmd,0,B,search,"{""alpha"": [0.15, 0.85], ""anfis"": ""pct"", ""cd"": 32, ""m"": 1.2, ""sd"": 2.0}",1.2,0.15,0.85,2.0,32,pct,0.4482857334231266,0.6315963785747827,0.6530633007490171,,4.74
pheme,1,B,search,"{""alpha"": [0.15, 0.85], ""anfis"": ""pct"", ""cd"": 32, ""m"": 1.2, ""sd"": 2.0}",1.2,0.15,0.85,2.0,32,pct,0.8668904997844675,0.01531787138624785,0.24412471835845015,,3.8
crisismmd,2,B,search,"{""alpha"": [0.15, 0.85], ""anfis"": ""pct"", ""cd"": 32, ""m"": 1.2, ""sd"": 2.0}",1.2,0.15,0.85,2.0,32,pct,0.4519849976075545,0.6382030024293646,0.6560299321391698,,4.64
dblp,0,B,search,"{""alpha"": [0.15, 0.85], ""anfis"": ""pct"", ""cd"": 32, ""m"": 1.2, ""sd"": 2.0}",1.2,0.15,0.85,2.0,32,pct,0.8057097485638957,0.4786412009917632,0.5158867019247688,,0.08
dblp,1,B,search,"{""alpha"": [0.15, 0.85], ""anfis"": ""pct"", ""cd"": 32, ""m"": 1.2, ""sd"": 2.0}",1.2,0.15,0.85,2.0,32,pct,0.7981501428602195,0.5036892781486488,0.6206078241230003,,0.08
dblp,2,B,search,"{""alpha"": [0.15, 0.85], ""anfis"": ""pct"", ""cd"": 32, ""m"": 1.2, ""sd"": 2.0}",1.2,0.15,0.85,2.0,32,pct,0.7968781167376114,0.3293783938716397,0.44207953842694103,,0.08
amazon,0,B,search,"{""alpha"": [0.15, 0.85], ""anfis"": ""pct"", ""cd"": 32, ""m"": 1.2, ""sd"": 2.0}",1.2,0.15,0.85,2.0,32,pct,0.7438722547842667,0.5539773172847998,0.6319628201081315,,0.14
amazon,1,B,search,"{""alpha"": [0.15, 0.85], ""anfis"": ""pct"", ""cd"": 32, ""m"": 1.2, ""sd"": 2.0}",1.2,0.15,0.85,2.0,32,pct,0.7776724807570087,0.6348664002878011,0.7079177643374712,,0.08
amazon,2,B,search,"{""alpha"": [0.15, 0.85], ""anfis"": ""pct"", ""cd"": 32, ""m"": 1.2, ""sd"": 2.0}",1.2,0.15,0.85,2.0,32,pct,0.7711637596214956,0.6044733933958888,0.6817666224454075,,0.08
pheme,1,B,search,"{""alpha"": [0.15, 0.85], ""anfis"": ""pct"", ""cd"": 4, ""m"": 2.0, ""sd"": 0.5}",2.0,0.15,0.85,0.5,4,pct,0.870832633824106,0.0,0.2196768568823918,,13.2
crisismmd,0,B,search,"{""alpha"": [0.15, 0.85], ""anfis"": ""pct"", ""cd"": 16, ""m"": 1.3, ""sd"": 0.5}",1.3,0.15,0.85,0.5,16,pct,0.3811991103290764,0.675787981035439,0.6558163154383003,,2.61
crisismmd,1,B,search,"{""alpha"": [0.15, 0.85], ""anfis"": ""pct"", ""cd"": 16, ""m"": 1.3, ""sd"": 0.5}",1.3,0.15,0.85,0.5,16,pct,0.37125905053320973,0.6752595117347555,0.6558313197910453,,2.5
pheme,0,B,search,"{""alpha"": [0.15, 0.85], ""anfis"": ""pct"", ""cd"": 16, ""m"": 1.3, ""sd"": 0.5}",1.3,0.15,0.85,0.5,16,pct,0.8815315106655364,0.0,0.2460083633182526,,1.45
crisismmd,2,B,search,"{""alpha"": [0.15, 0.85], ""anfis"": ""pct"", ""cd"": 16, ""m"": 1.3, ""sd"": 0.5}",1.3,0.15,0.85,0.5,16,pct,0.376963956763864,0.6771057360572106,0.6571290567510416,,2.47
pheme,2,B,search,"{""alpha"": [0.15, 0.85], ""anfis"": ""pct"", ""cd"": 16, ""m"": 1.3, ""sd"": 0.5}",1.3,0.15,0.85,0.5,16,pct,0.8601871606396755,0.0,0.27338345689500515,,3.75
pheme,2,B,search,"{""alpha"": [0.15, 0.85], ""anfis"": ""pct"", ""cd"": 32, ""m"": 1.2, ""sd"": 2.0}",1.2,0.15,0.85,2.0,32,pct,0.8683090897449931,0.012057574432937979,0.256682998527171,,10.86
pheme,1,B,search,"{""alpha"": [0.15, 0.85], ""anfis"": ""pct"", ""cd"": 16, ""m"": 1.3, ""sd"": 0.5}",1.3,0.15,0.85,0.5,16,pct,0.8707103364990981,0.0,0.2295578707323216,,6.03
fakeddit,0,B,search,"{""alpha"": [0.15, 0.85], ""anfis"": ""pct"", ""cd"": 32, ""m"": 1.2, ""sd"": 2.0}",1.2,0.15,0.85,2.0,32,pct,0.3435661765303108,0.5193625758426175,0.19300518134715025,,18.17
fakeddit,2,B,search,"{""alpha"": [0.15, 0.85], ""anfis"": ""pct"", ""cd"": 32, ""m"": 1.2, ""sd"": 2.0}",1.2,0.15,0.85,2.0,32,pct,0.33888923710241503,0.5163034799304667,0.1927353475540004,,18.12
dblp,0,B,search,"{""alpha"": [0.15, 0.85], ""anfis"": ""pct"", ""cd"": 16, ""m"": 1.3, ""sd"": 0.5}",1.3,0.15,0.85,0.5,16,pct,0.7578620781934193,1.0,1.0,,0.03
dblp,1,B,search,"{""alpha"": [0.15, 0.85], ""anfis"": ""pct"", ""cd"": 16, ""m"": 1.3, ""sd"": 0.5}",1.3,0.15,0.85,0.5,16,pct,0.7578620781934193,1.0,1.0,,0.05
amazon,0,B,search,"{""alpha"": [0.15, 0.85], ""anfis"": ""pct"", ""cd"": 16, ""m"": 1.3, ""sd"": 0.5}",1.3,0.15,0.85,0.5,16,pct,0.8583814702351529,1.0,1.0,,0.03
dblp,2,B,search,"{""alpha"": [0.15, 0.85], ""anfis"": ""pct"", ""cd"": 16, ""m"": 1.3, ""sd"": 0.5}",1.3,0.15,0.85,0.5,16,pct,0.7578620781934193,1.0,1.0,,0.05
amazon,1,B,search,"{""alpha"": [0.15, 0.85], ""anfis"": ""pct"", ""cd"": 16, ""m"": 1.3, ""sd"": 0.5}",1.3,0.15,0.85,0.5,16,pct,0.8583814702351529,1.0,1.0,,0.02
amazon,2,B,search,"{""alpha"": [0.15, 0.85], ""anfis"": ""pct"", ""cd"": 16, ""m"": 1.3, ""sd"": 0.5}",1.3,0.15,0.85,0.5,16,pct,0.8583814702351529,1.0,1.0,,0.02
fakeddit,1,B,search,"{""alpha"": [0.15, 0.85], ""anfis"": ""pct"", ""cd"": 32, ""m"": 1.2, ""sd"": 2.0}",1.2,0.15,0.85,2.0,32,pct,0.32430629245681186,0.5171889369434859,0.19246753246753245,,18.31
fakeddit,0,B,search,"{""alpha"": [0.15, 0.85], ""anfis"": ""pct"", ""cd"": 16, ""m"": 1.3, ""sd"": 0.5}",1.3,0.15,0.85,0.5,16,pct,0.2828629120069502,0.6125635396408954,0.5590282117684283,,9.38
fakeddit,1,B,search,"{""alpha"": [0.15, 0.85], ""anfis"": ""pct"", ""cd"": 16, ""m"": 1.3, ""sd"": 0.5}",1.3,0.15,0.85,0.5,16,pct,0.3642664828914661,0.5966853475399942,0.5968952157772721,,9.66
crisismmd,2,B,search,"{""alpha"": [0.15, 0.85], ""anfis"": ""scale1.5"", ""cd"": 8, ""m"": 1.3, ""sd"": 2.0}",1.3,0.15,0.85,2.0,8,scale1.5,0.49399303105334413,0.59001828126925,0.7166571102343754,,1.55
crisismmd,0,B,search,"{""alpha"": [0.15, 0.85], ""anfis"": ""scale1.5"", ""cd"": 8, ""m"": 1.3, ""sd"": 2.0}",1.3,0.15,0.85,2.0,8,scale1.5,0.4922451673207802,0.4875675321178615,0.60775938387254,,1.66
crisismmd,1,B,search,"{""alpha"": [0.15, 0.85], ""anfis"": ""scale1.5"", ""cd"": 8, ""m"": 1.3, ""sd"": 2.0}",1.3,0.15,0.85,2.0,8,scale1.5,0.4769732194626622,0.5931688073601951,0.7087536863326324,,1.67
fakeddit,2,B,search,"{""alpha"": [0.15, 0.85], ""anfis"": ""pct"", ""cd"": 16, ""m"": 1.3, ""sd"": 0.5}",1.3,0.15,0.85,0.5,16,pct,0.2933047289741866,0.6340181179891852,0.5863332558721428,,9.0
pheme,0,B,search,"{""alpha"": [0.15, 0.85], ""anfis"": ""scale1.5"", ""cd"": 8, ""m"": 1.3, ""sd"": 2.0}",1.3,0.15,0.85,2.0,8,scale1.5,0.8716605380315176,0.014640460157382629,0.24594719271036672,,4.39
dblp,0,B,search,"{""alpha"": [0.15, 0.85], ""anfis"": ""scale1.5"", ""cd"": 8, ""m"": 1.3, ""sd"": 2.0}",1.3,0.15,0.85,2.0,8,scale1.5,0.8010260587066711,0.4267003573946585,0.499038551619428,,0.08
dblp,1,B,search,"{""alpha"": [0.15, 0.85], ""anfis"": ""scale1.5"", ""cd"": 8, ""m"": 1.3, ""sd"": 2.0}",1.3,0.15,0.85,2.0,8,scale1.5,0.8031852903930077,0.5839681615754341,0.6035147157655197,,0.08
dblp,2,B,search,"{""alpha"": [0.15, 0.85], ""anfis"": ""scale1.5"", ""cd"": 8, ""m"": 1.3, ""sd"": 2.0}",1.3,0.15,0.85,2.0,8,scale1.5,0.8055838875278951,0.4707217855065464,0.5063820984567613,,0.08
amazon,0,B,search,"{""alpha"": [0.15, 0.85], ""anfis"": ""scale1.5"", ""cd"": 8, ""m"": 1.3, ""sd"": 2.0}",1.3,0.15,0.85,2.0,8,scale1.5,0.7205317421086082,0.5502169957708728,0.6791294574647029,,0.08
amazon,1,B,search,"{""alpha"": [0.15, 0.85], ""anfis"": ""scale1.5"", ""cd"": 8, ""m"": 1.3, ""sd"": 2.0}",1.3,0.15,0.85,2.0,8,scale1.5,0.7720644728479628,0.6681014288042969,0.7231574834135075,,0.08
amazon,2,B,search,"{""alpha"": [0.15, 0.85], ""anfis"": ""scale1.5"", ""cd"": 8, ""m"": 1.3, ""sd"": 2.0}",1.3,0.15,0.85,2.0,8,scale1.5,0.7761044417767107,0.6686777641894626,0.7235609595153076,,0.05
fakeddit,0,B,search,"{""alpha"": [0.15, 0.85], ""anfis"": ""scale1.5"", ""cd"": 8, ""m"": 1.3, ""sd"": 2.0}",1.3,0.15,0.85,2.0,8,scale1.5,0.2699799837352042,0.44269324113579356,0.18244489127196903,,4.75
fakeddit,1,B,search,"{""alpha"": [0.15, 0.85], ""anfis"": ""scale1.5"", ""cd"": 8, ""m"": 1.3, ""sd"": 2.0}",1.3,0.15,0.85,2.0,8,scale1.5,0.24655279916608314,0.41565656749299584,0.17632762851569875,,4.73
crisismmd,0,B,search,"{""alpha"": [0.15, 0.85], ""anfis"": ""shift-0.1"", ""cd"": 8, ""m"": 1.3, ""sd"": 1.0}",1.3,0.15,0.85,1.0,8,shift-0.1,0.3726207592978104,0.5800393231331219,0.6465675401036312,,1.39
fakeddit,2,B,search,"{""alpha"": [0.15, 0.85], ""anfis"": ""scale1.5"", ""cd"": 8, ""m"": 1.3, ""sd"": 2.0}",1.3,0.15,0.85,2.0,8,scale1.5,0.28703559549650703,0.43115121984985816,0.1801443892350564,,4.61
crisismmd,2,B,search,"{""alpha"": [0.15, 0.85], ""anfis"": ""shift-0.1"", ""cd"": 8, ""m"": 1.3, ""sd"": 1.0}",1.3,0.15,0.85,1.0,8,shift-0.1,0.3696592686542867,0.6076924718774962,0.6582573323907278,,1.41
crisismmd,1,B,search,"{""alpha"": [0.15, 0.85], ""anfis"": ""shift-0.1"", ""cd"": 8, ""m"": 1.3, ""sd"": 1.0}",1.3,0.15,0.85,1.0,8,shift-0.1,0.35806656600419684,0.5734769862551361,0.6419485149416889,,1.48
pheme,0,B,search,"{""alpha"": [0.15, 0.85], ""anfis"": ""shift-0.1"", ""cd"": 8, ""m"": 1.3, ""sd"": 1.0}",1.3,0.15,0.85,1.0,8,shift-0.1,0.8755172557247393,0.012568242658416051,0.24406164370913722,,3.42
pheme,2,B,search,"{""alpha"": [0.15, 0.85], ""anfis"": ""shift-0.1"", ""cd"": 8, ""m"": 1.3, ""sd"": 1.0}",1.3,0.15,0.85,1.0,8,shift-0.1,0.8742463372024922,0.012861962632682689,0.24744118342268973,,3.61
pheme,1,B,search,"{""alpha"": [0.15, 0.85], ""anfis"": ""scale1.5"", ""cd"": 8, ""m"": 1.3, ""sd"": 2.0}",1.3,0.15,0.85,2.0,8,scale1.5,0.8623337811175881,0.019089593726778986,0.23754277745248611,,10.5
dblp,0,B,search,"{""alpha"": [0.15, 0.85], ""anfis"": ""shift-0.1"", ""cd"": 8, ""m"": 1.3, ""sd"": 1.0}",1.3,0.15,0.85,1.0,8,shift-0.1,0.7786573928442441,0.6201470528059725,0.6904631189189294,,0.08
fakeddit,0,B,search,"{""alpha"": [0.15, 0.85], ""anfis"": ""shift-0.1"", ""cd"": 8, ""m"": 1.3, ""sd"": 1.0}",1.3,0.15,0.85,1.0,8,shift-0.1,0.26410232769512604,0.4515704035820094,0.2696536070072112,,4.31
dblp,1,B,search,"{""alpha"": [0.15, 0.85], ""anfis"": ""shift-0.1"", ""cd"": 8, ""m"": 1.3, ""sd"": 1.0}",1.3,0.15,0.85,1.0,8,shift-0.1,0.7816441652553637,0.6320706386247106,0.7074278840163493,,0.11
dblp,2,B,search,"{""alpha"": [0.15, 0.85], ""anfis"": ""shift-0.1"", ""cd"": 8, ""m"": 1.3, ""sd"": 1.0}",1.3,0.15,0.85,1.0,8,shift-0.1,0.76945982844064,0.6713058999250033,0.722780836755507,,0.06
pheme,1,B,search,"{""alpha"": [0.15, 0.85], ""anfis"": ""shift-0.1"", ""cd"": 8, ""m"": 1.3, ""sd"": 1.0}",1.3,0.15,0.85,1.0,8,shift-0.1,0.8726653234122518,0.0,0.2385064995353861,,5.25
amazon,0,B,search,"{""alpha"": [0.15, 0.85], ""anfis"": ""shift-0.1"", ""cd"": 8, ""m"": 1.3, ""sd"": 1.0}",1.3,0.15,0.85,1.0,8,shift-0.1,0.7776876633006143,0.5809531444992124,0.6843607258240728,,0.06
amazon,2,B,search,"{""alpha"": [0.15, 0.85], ""anfis"": ""shift-0.1"", ""cd"": 8, ""m"": 1.3, ""sd"": 1.0}",1.3,0.15,0.85,1.0,8,shift-0.1,0.6945046253795636,0.3957195681691237,0.46162119769917304,,0.06
amazon,1,B,search,"{""alpha"": [0.15, 0.85], ""anfis"": ""shift-0.1"", ""cd"": 8, ""m"": 1.3, ""sd"": 1.0}",1.3,0.15,0.85,1.0,8,shift-0.1,0.7951698326389379,0.5052184061681952,0.6843989273490703,,0.08
crisismmd,0,B,search,"{""alpha"": [0.15, 0.85], ""anfis"": ""pct"", ""cd"": 4, ""m"": 2.0, ""sd"": 2.0}",2.0,0.15,0.85,2.0,4,pct,0.292844197013336,0.0,0.0,,1.0
crisismmd,2,B,search,"{""alpha"": [0.15, 0.85], ""anfis"": ""pct"", ""cd"": 4, ""m"": 2.0, ""sd"": 2.0}",2.0,0.15,0.85,2.0,4,pct,0.2916766744116607,0.0,0.0,,1.06
crisismmd,1,B,search,"{""alpha"": [0.15, 0.85], ""anfis"": ""pct"", ""cd"": 4, ""m"": 2.0, ""sd"": 2.0}",2.0,0.15,0.85,2.0,4,pct,0.22926890656350898,0.0,0.0,,1.08
fakeddit,1,B,search,"{""alpha"": [0.15, 0.85], ""anfis"": ""shift-0.1"", ""cd"": 8, ""m"": 1.3, ""sd"": 1.0}",1.3,0.15,0.85,1.0,8,shift-0.1,0.26488043469058403,0.42975125269715697,0.2613014283939592,,3.81
fakeddit,2,B,search,"{""alpha"": [0.15, 0.85], ""anfis"": ""shift-0.1"", ""cd"": 8, ""m"": 1.3, ""sd"": 1.0}",1.3,0.15,0.85,1.0,8,shift-0.1,0.2522628370565634,0.4447743447242264,0.26825358276876976,,3.84
pheme,2,B,search,"{""alpha"": [0.15, 0.85], ""anfis"": ""pct"", ""cd"": 4, ""m"": 2.0, ""sd"": 2.0}",2.0,0.15,0.85,2.0,4,pct,0.5013898227972244,0.0,0.0,,1.89
pheme,0,B,search,"{""alpha"": [0.15, 0.85], ""anfis"": ""pct"", ""cd"": 4, ""m"": 2.0, ""sd"": 2.0}",2.0,0.15,0.85,2.0,4,pct,0.49634465244988535,0.0,0.0,,2.17
dblp,0,B,search,"{""alpha"": [0.15, 0.85], ""anfis"": ""pct"", ""cd"": 4, ""m"": 2.0, ""sd"": 2.0}",2.0,0.15,0.85,2.0,4,pct,0.7996839528767808,0.5224598984395062,0.554454309263485,,0.09
pheme,2,B,search,"{""alpha"": [0.15, 0.85], ""anfis"": ""scale1.5"", ""cd"": 8, ""m"": 1.3, ""sd"": 2.0}",1.3,0.15,0.85,2.0,8,scale1.5,0.8509011203261104,0.009935265187873799,0.24105483654645335,,14.0
dblp,1,B,search,"{""alpha"": [0.15, 0.85], ""anfis"": ""pct"", ""cd"": 4, ""m"": 2.0, ""sd"": 2.0}",2.0,0.15,0.85,2.0,4,pct,0.8056762091573878,0.4486375802072129,0.5194309472227785,,0.08
amazon,0,B,search,"{""alpha"": [0.15, 0.85], ""anfis"": ""pct"", ""cd"": 4, ""m"": 2.0, ""sd"": 2.0}",2.0,0.15,0.85,2.0,4,pct,0.6626915472071182,0.6205170596139061,0.4465079365079365,,0.05
dblp,2,B,search,"{""alpha"": [0.15, 0.85], ""anfis"": ""pct"", ""cd"": 4, ""m"": 2.0, ""sd"": 2.0}",2.0,0.15,0.85,2.0,4,pct,0.79800627645862,0.45849807858062763,0.4838238023614292,,0.08
amazon,1,B,search,"{""alpha"": [0.15, 0.85], ""anfis"": ""pct"", ""cd"": 4, ""m"": 2.0, ""sd"": 2.0}",2.0,0.15,0.85,2.0,4,pct,0.7394396582162277,0.465009414812128,0.3020288772715957,,0.05
amazon,2,B,search,"{""alpha"": [0.15, 0.85], ""anfis"": ""pct"", ""cd"": 4, ""m"": 2.0, ""sd"": 2.0}",2.0,0.15,0.85,2.0,4,pct,0.6970358731727986,0.5298647661355012,0.40520348044619886,,0.03
pheme,1,B,search,"{""alpha"": [0.15, 0.85], ""anfis"": ""pct"", ""cd"": 4, ""m"": 2.0, ""sd"": 2.0}",2.0,0.15,0.85,2.0,4,pct,0.49358684039476214,0.0,0.0,,2.77
fakeddit,0,B,search,"{""alpha"": [0.15, 0.85], ""anfis"": ""pct"", ""cd"": 4, ""m"": 2.0, ""sd"": 2.0}",2.0,0.15,0.85,2.0,4,pct,0.3282049114806145,0.0,0.0,,2.5
crisismmd,0,B,search,"{""alpha"": [0.15, 0.85], ""anfis"": ""scale0.6"", ""cd"": 8, ""m"": 2.0, ""sd"": 1.0}",2.0,0.15,0.85,1.0,8,scale0.6,0.42776203616376834,0.0,0.0,,1.44
crisismmd,1,B,search,"{""alpha"": [0.15, 0.85], ""anfis"": ""scale0.6"", ""cd"": 8, ""m"": 2.0, ""sd"": 1.0}",2.0,0.15,0.85,1.0,8,scale0.6,0.41291912613841975,0.0,0.0,,1.47
crisismmd,2,B,search,"{""alpha"": [0.15, 0.85], ""anfis"": ""scale0.6"", ""cd"": 8, ""m"": 2.0, ""sd"": 1.0}",2.0,0.15,0.85,1.0,8,scale0.6,0.41260313172097385,0.0,0.0,,1.23
fakeddit,1,B,search,"{""alpha"": [0.15, 0.85], ""anfis"": ""pct"", ""cd"": 4, ""m"": 2.0, ""sd"": 2.0}",2.0,0.15,0.85,2.0,4,pct,0.32324286448638934,0.0,0.0,,2.23
fakeddit,2,B,search,"{""alpha"": [0.15, 0.85], ""anfis"": ""pct"", ""cd"": 4, ""m"": 2.0, ""sd"": 2.0}",2.0,0.15,0.85,2.0,4,pct,0.32254276631013556,0.0,0.0,,2.28
pheme,1,B,search,"{""alpha"": [0.15, 0.85], ""anfis"": ""scale0.6"", ""cd"": 8, ""m"": 2.0, ""sd"": 1.0}",2.0,0.15,0.85,1.0,8,scale0.6,0.49376165623328366,0.0,0.0,,3.02
pheme,2,B,search,"{""alpha"": [0.15, 0.85], ""anfis"": ""scale0.6"", ""cd"": 8, ""m"": 2.0, ""sd"": 1.0}",2.0,0.15,0.85,1.0,8,scale0.6,0.4954499199092669,0.0,0.0,,3.06
dblp,0,B,search,"{""alpha"": [0.15, 0.85], ""anfis"": ""scale0.6"", ""cd"": 8, ""m"": 2.0, ""sd"": 1.0}",2.0,0.15,0.85,1.0,8,scale0.6,0.7788480378917624,0.7375850257844323,0.7445899132329303,,0.08
dblp,1,B,search,"{""alpha"": [0.15, 0.85], ""anfis"": ""scale0.6"", ""cd"": 8, ""m"": 2.0, ""sd"": 1.0}",2.0,0.15,0.85,1.0,8,scale0.6,0.7806658737244876,0.6618428956804925,0.6694425704165964,,0.06
dblp,2,B,search,"{""alpha"": [0.15, 0.85], ""anfis"": ""scale0.6"", ""cd"": 8, ""m"": 2.0, ""sd"": 1.0}",2.0,0.15,0.85,1.0,8,scale0.6,0.7669655557356092,0.6835270660076851,0.7257428979764406,,0.09
amazon,0,B,search,"{""alpha"": [0.15, 0.85], ""anfis"": ""scale0.6"", ""cd"": 8, ""m"": 2.0, ""sd"": 1.0}",2.0,0.15,0.85,1.0,8,scale0.6,0.7889040322011157,0.6058089122670833,0.6846444683964448,,0.03
amazon,1,B,search,"{""alpha"": [0.15, 0.85], ""anfis"": ""scale0.6"", ""cd"": 8, ""m"": 2.0, ""sd"": 1.0}",2.0,0.15,0.85,1.0,8,scale0.6,0.7885749593955229,0.7134406405190321,0.8346959576568145,,0.05
amazon,2,B,search,"{""alpha"": [0.15, 0.85], ""anfis"": ""scale0.6"", ""cd"": 8, ""m"": 2.0, ""sd"": 1.0}",2.0,0.15,0.85,1.0,8,scale0.6,0.707269613727844,0.5320303754368098,0.5449743544908784,,0.05
pheme,0,B,search,"{""alpha"": [0.15, 0.85], ""anfis"": ""scale0.6"", ""cd"": 8, ""m"": 2.0, ""sd"": 1.0}",2.0,0.15,0.85,1.0,8,scale0.6,0.4957474756445393,0.0,0.0,,4.03
crisismmd,0,B,search,"{""alpha"": [0.15, 0.85], ""anfis"": ""pct"", ""cd"": 4, ""m"": 1.75, ""sd"": 1.0}",1.75,0.15,0.85,1.0,4,pct,0.5073037676968692,0.494376910565103,0.6133717653183234,,0.99
crisismmd,1,B,search,"{""alpha"": [0.15, 0.85], ""anfis"": ""pct"", ""cd"": 4, ""m"": 1.75, ""sd"": 1.0}",1.75,0.15,0.85,1.0,4,pct,0.49246313778482015,0.592801080989435,0.4052834792477928,,1.06
fakeddit,0,B,search,"{""alpha"": [0.15, 0.85], ""anfis"": ""scale0.6"", ""cd"": 8, ""m"": 2.0, ""sd"": 1.0}",2.0,0.15,0.85,1.0,8,scale0.6,0.3555495109594603,0.0,0.0,,4.09
fakeddit,2,B,search,"{""alpha"": [0.15, 0.85], ""anfis"": ""scale0.6"", ""cd"": 8, ""m"": 2.0, ""sd"": 1.0}",2.0,0.15,0.85,1.0,8,scale0.6,0.3517157490495624,0.0,0.0,,3.92
fakeddit,1,B,search,"{""alpha"": [0.15, 0.85], ""anfis"": ""scale0.6"", ""cd"": 8, ""m"": 2.0, ""sd"": 1.0}",2.0,0.15,0.85,1.0,8,scale0.6,0.3454436246657854,0.0,0.0,,4.11
crisismmd,2,B,search,"{""alpha"": [0.15, 0.85], ""anfis"": ""pct"", ""cd"": 4, ""m"": 1.75, ""sd"": 1.0}",1.75,0.15,0.85,1.0,4,pct,0.5181646585701866,0.6340599729739927,0.4168666945814901,,1.02
fakeddit,0,B,search,"{""alpha"": [0.15, 0.85], ""anfis"": ""pct"", ""cd"": 4, ""m"": 1.75, ""sd"": 1.0}",1.75,0.15,0.85,1.0,4,pct,0.2542280502895984,0.4092097150166162,0.17395732922048712,,2.89
fakeddit,2,B,search,"{""alpha"": [0.15, 0.85], ""anfis"": ""pct"", ""cd"": 4, ""m"": 1.75, ""sd"": 1.0}",1.75,0.15,0.85,1.0,4,pct,0.2883981618547277,0.40191976668509866,0.17253672088870448,,2.78
fakeddit,1,B,search,"{""alpha"": [0.15, 0.85], ""anfis"": ""pct"", ""cd"": 4, ""m"": 1.75, ""sd"": 1.0}",1.75,0.15,0.85,1.0,4,pct,0.28716633535984687,0.35774296657025373,0.16339438071633805,,2.84
dblp,0,B,search,"{""alpha"": [0.15, 0.85], ""anfis"": ""pct"", ""cd"": 4, ""m"": 1.75, ""sd"": 1.0}",1.75,0.15,0.85,1.0,4,pct,0.7788480378917624,0.7244561212777838,0.7399602836033007,,0.09
dblp,1,B,search,"{""alpha"": [0.15, 0.85], ""anfis"": ""pct"", ""cd"": 4, ""m"": 1.75, ""sd"": 1.0}",1.75,0.15,0.85,1.0,4,pct,0.7752487300038942,0.7570625552416503,0.7888455554912233,,0.08
dblp,2,B,search,"{""alpha"": [0.15, 0.85], ""anfis"": ""pct"", ""cd"": 4, ""m"": 1.75, ""sd"": 1.0}",1.75,0.15,0.85,1.0,4,pct,0.7669655557356092,0.6835270660076851,0.7257428979764406,,0.08
amazon,0,B,search,"{""alpha"": [0.15, 0.85], ""anfis"": ""pct"", ""cd"": 4, ""m"": 1.75, ""sd"": 1.0}",1.75,0.15,0.85,1.0,4,pct,0.7816008756443754,0.6046358914804084,0.6853882301979916,,0.06
amazon,1,B,search,"{""alpha"": [0.15, 0.85], ""anfis"": ""pct"", ""cd"": 4, ""m"": 1.75, ""sd"": 1.0}",1.75,0.15,0.85,1.0,4,pct,0.8034383165030718,0.6673058372829244,0.8147477482661138,,0.05
amazon,2,B,search,"{""alpha"": [0.15, 0.85], ""anfis"": ""pct"", ""cd"": 4, ""m"": 1.75, ""sd"": 1.0}",1.75,0.15,0.85,1.0,4,pct,0.7050233034390226,0.5226865456261025,0.542702346743295,,0.05
pheme,0,B,search,"{""alpha"": [0.15, 0.85], ""anfis"": ""pct"", ""cd"": 4, ""m"": 1.75, ""sd"": 1.0}",1.75,0.15,0.85,1.0,4,pct,0.6570760878192159,0.0,0.036246612466124664,,4.17
pheme,1,B,search,"{""alpha"": [0.15, 0.85], ""anfis"": ""pct"", ""cd"": 4, ""m"": 1.75, ""sd"": 1.0}",1.75,0.15,0.85,1.0,4,pct,0.6540630593922427,0.0,0.03504968383017164,,5.31
pheme,0,B,search,"{""alpha"": [0.15, 0.85], ""anfis"": ""scale1.5"", ""cd"": 32, ""m"": 1.75, ""sd"": 0.5}",1.75,0.15,0.85,0.5,32,scale1.5,0.8821741248365066,0.0,0.2380384640962239,,2.14
crisismmd,2,B,search,"{""alpha"": [0.15, 0.85], ""anfis"": ""scale1.5"", ""cd"": 32, ""m"": 1.75, ""sd"": 0.5}",1.75,0.15,0.85,0.5,32,scale1.5,0.5288371158600037,0.5832222967442864,0.280171107202571,,4.34
pheme,2,B,search,"{""alpha"": [0.15, 0.85], ""anfis"": ""pct"", ""cd"": 4, ""m"": 1.75, ""sd"": 1.0}",1.75,0.15,0.85,1.0,4,pct,0.7162238834726303,0.0,0.04615519836027467,,7.44
crisismmd,1,B,search,"{""alpha"": [0.15, 0.85], ""anfis"": ""scale1.5"", ""cd"": 32, ""m"": 1.75, ""sd"": 0.5}",1.75,0.15,0.85,0.5,32,scale1.5,0.5283477491579165,0.5832222967442864,0.280171107202571,,4.58
crisismmd,0,B,search,"{""alpha"": [0.15, 0.85], ""anfis"": ""scale1.5"", ""cd"": 32, ""m"": 1.75, ""sd"": 0.5}",1.75,0.15,0.85,0.5,32,scale1.5,0.5148472610672411,0.638328171923751,0.4186550722171482,,4.67
dblp,0,B,search,"{""alpha"": [0.15, 0.85], ""anfis"": ""scale1.5"", ""cd"": 32, ""m"": 1.75, ""sd"": 0.5}",1.75,0.15,0.85,0.5,32,scale1.5,0.7578620781934193,1.0,1.0,,0.02
dblp,1,B,search,"{""alpha"": [0.15, 0.85], ""anfis"": ""scale1.5"", ""cd"": 32, ""m"": 1.75, ""sd"": 0.5}",1.75,0.15,0.85,0.5,32,scale1.5,0.7578620781934193,1.0,1.0,,0.05
dblp,2,B,search,"{""alpha"": [0.15, 0.85], ""anfis"": ""scale1.5"", ""cd"": 32, ""m"": 1.75, ""sd"": 0.5}",1.75,0.15,0.85,0.5,32,scale1.5,0.7578620781934193,1.0,1.0,,0.05
amazon,0,B,search,"{""alpha"": [0.15, 0.85], ""anfis"": ""scale1.5"", ""cd"": 32, ""m"": 1.75, ""sd"": 0.5}",1.75,0.15,0.85,0.5,32,scale1.5,0.8583814702351529,1.0,1.0,,0.02
amazon,1,B,search,"{""alpha"": [0.15, 0.85], ""anfis"": ""scale1.5"", ""cd"": 32, ""m"": 1.75, ""sd"": 0.5}",1.75,0.15,0.85,0.5,32,scale1.5,0.8583814702351529,1.0,1.0,,0.03
amazon,2,B,search,"{""alpha"": [0.15, 0.85], ""anfis"": ""scale1.5"", ""cd"": 32, ""m"": 1.75, ""sd"": 0.5}",1.75,0.15,0.85,0.5,32,scale1.5,0.8583814702351529,1.0,1.0,,0.02
pheme,1,B,search,"{""alpha"": [0.15, 0.85], ""anfis"": ""scale1.5"", ""cd"": 32, ""m"": 1.75, ""sd"": 0.5}",1.75,0.15,0.85,0.5,32,scale1.5,0.8660243868832357,0.0,0.22034524014086668,,3.88
crisismmd,0,B,search,"{""alpha"": [0.15, 0.85], ""anfis"": ""default"", ""cd"": 16, ""m"": 1.2, ""sd"": 1.5}",1.2,0.15,0.85,1.5,16,default,0.444276854954797,0.7147751622916279,0.7252377514445796,,2.47
pheme,2,B,search,"{""alpha"": [0.15, 0.85], ""anfis"": ""scale1.5"", ""cd"": 32, ""m"": 1.75, ""sd"": 0.5}",1.75,0.15,0.85,0.5,32,scale1.5,0.8629496934600583,0.0,0.2572772148032536,,4.73
crisismmd,1,B,search,"{""alpha"": [0.15, 0.85], ""anfis"": ""default"", ""cd"": 16, ""m"": 1.2, ""sd"": 1.5}",1.2,0.15,0.85,1.5,16,default,0.37576032888186883,0.7216605321791425,0.6385507359886101,,2.53
crisismmd,2,B,search,"{""alpha"": [0.15, 0.85], ""anfis"": ""default"", ""cd"": 16, ""m"": 1.2, ""sd"": 1.5}",1.2,0.15,0.85,1.5,16,default,0.42905517418162026,0.7200524428023389,0.7282906833977911,,2.58
pheme,0,B,search,"{""alpha"": [0.15, 0.85], ""anfis"": ""default"", ""cd"": 16, ""m"": 1.2, ""sd"": 1.5}",1.2,0.15,0.85,1.5,16,default,0.8699395240465456,0.026210939200164485,0.2584064021447418,,2.66
pheme,1,B,search,"{""alpha"": [0.15, 0.85], ""anfis"": ""default"", ""cd"": 16, ""m"": 1.2, ""sd"": 1.5}",1.2,0.15,0.85,1.5,16,default,0.8756287838039986,0.02168298042831096,0.2639796006596018,,3.8
pheme,2,B,search,"{""alpha"": [0.15, 0.85], ""anfis"": ""default"", ""cd"": 16, ""m"": 1.2, ""sd"": 1.5}",1.2,0.15,0.85,1.5,16,default,0.8720368715370606,0.039866799171532685,0.2702034348302884,,6.28
fakeddit,0,B,search,"{""alpha"": [0.15, 0.85], ""anfis"": ""default"", ""cd"": 16, ""m"": 1.2, ""sd"": 1.5}",1.2,0.15,0.85,1.5,16,default,0.28663607860524215,0.5358524450079569,0.19523735665374145,,9.5
dblp,0,B,search,"{""alpha"": [0.15, 0.85], ""anfis"": ""default"", ""cd"": 16, ""m"": 1.2, ""sd"": 1.5}",1.2,0.15,0.85,1.5,16,default,0.7685060736334722,0.5867727391108091,0.6777234364604676,,0.06
dblp,1,B,search,"{""alpha"": [0.15, 0.85], ""anfis"": ""default"", ""cd"": 16, ""m"": 1.2, ""sd"": 1.5}",1.2,0.15,0.85,1.5,16,default,0.7351760236315128,0.450364437103268,0.4951942837311896,,0.06
dblp,2,B,search,"{""alpha"": [0.15, 0.85], ""anfis"": ""default"", ""cd"": 16, ""m"": 1.2, ""sd"": 1.5}",1.2,0.15,0.85,1.5,16,default,0.7523760904278887,0.5380878610132613,0.6582579579544341,,0.06
amazon,0,B,search,"{""alpha"": [0.15, 0.85], ""anfis"": ""default"", ""cd"": 16, ""m"": 1.2, ""sd"": 1.5}",1.2,0.15,0.85,1.5,16,default,0.7821209660334723,0.548289760387153,0.6240776307669053,,0.05
fakeddit,1,B,search,"{""alpha"": [0.15, 0.85], ""anfis"": ""scale1.5"", ""cd"": 32, ""m"": 1.75, ""sd"": 0.5}",1.75,0.15,0.85,0.5,32,scale1.5,0.3521778456342209,0.2957211648329916,0.07468749999999999,,15.94
amazon,1,B,search,"{""alpha"": [0.15, 0.85], ""anfis"": ""default"", ""cd"": 16, ""m"": 1.2, ""sd"": 1.5}",1.2,0.15,0.85,1.5,16,default,0.8460013417131559,0.8503062099618639,0.9284562775096946,,0.12
amazon,2,B,search,"{""alpha"": [0.15, 0.85], ""anfis"": ""default"", ""cd"": 16, ""m"": 1.2, ""sd"": 1.5}",1.2,0.15,0.85,1.5,16,default,0.8420863639573477,0.6946524908582907,0.7553244724256686,,0.08
fakeddit,0,B,search,"{""alpha"": [0.15, 0.85], ""anfis"": ""scale1.5"", ""cd"": 32, ""m"": 1.75, ""sd"": 0.5}",1.75,0.15,0.85,0.5,32,scale1.5,0.4288586961607679,0.16186905529590057,0.031865828092243184,,16.16
fakeddit,2,B,search,"{""alpha"": [0.15, 0.85], ""anfis"": ""scale1.5"", ""cd"": 32, ""m"": 1.75, ""sd"": 0.5}",1.75,0.15,0.85,0.5,32,scale1.5,0.42764374487409185,0.1698825581991804,0.03531827515400411,,16.11
fakeddit,1,B,search,"{""alpha"": [0.15, 0.85], ""anfis"": ""default"", ""cd"": 16, ""m"": 1.2, ""sd"": 1.5}",1.2,0.15,0.85,1.5,16,default,0.29640370902679225,0.5169091075075143,0.19457189121311258,,8.69
crisismmd,0,B,search,"{""alpha"": [0.15, 0.85], ""anfis"": ""default"", ""cd"": 8, ""m"": 2.0, ""sd"": 1.5}",2.0,0.15,0.85,1.5,8,default,0.44623248093772994,0.0,0.0,,1.31
crisismmd,1,B,search,"{""alpha"": [0.15, 0.85], ""anfis"": ""default"", ""cd"": 8, ""m"": 2.0, ""sd"": 1.5}",2.0,0.15,0.85,1.5,8,default,0.461846069258295,0.0,0.0,,1.34
crisismmd,2,B,search,"{""alpha"": [0.15, 0.85], ""anfis"": ""default"", ""cd"": 8, ""m"": 2.0, ""sd"": 1.5}",2.0,0.15,0.85,1.5,8,default,0.45064406088429654,0.0,0.0,,1.38
pheme,0,B,search,"{""alpha"": [0.15, 0.85], ""anfis"": ""default"", ""cd"": 8, ""m"": 2.0, ""sd"": 1.5}",2.0,0.15,0.85,1.5,8,default,0.6698796883468795,0.0,0.0,,1.86
fakeddit,2,B,search,"{""alpha"": [0.15, 0.85], ""anfis"": ""default"", ""cd"": 16, ""m"": 1.2, ""sd"": 1.5}",1.2,0.15,0.85,1.5,16,default,0.3351693302920416,0.5925564929829451,0.29461816318716955,,7.23
pheme,1,B,search,"{""alpha"": [0.15, 0.85], ""anfis"": ""default"", ""cd"": 8, ""m"": 2.0, ""sd"": 1.5}",2.0,0.15,0.85,1.5,8,default,0.49142354971452645,0.0,0.0,,2.36
dblp,0,B,search,"{""alpha"": [0.15, 0.85], ""anfis"": ""default"", ""cd"": 8, ""m"": 2.0, ""sd"": 1.5}",2.0,0.15,0.85,1.5,8,default,0.757148747973955,0.6323356951062445,0.6471780722473668,,0.08
dblp,2,B,search,"{""alpha"": [0.15, 0.85], ""anfis"": ""default"", ""cd"": 8, ""m"": 2.0, ""sd"": 1.5}",2.0,0.15,0.85,1.5,8,default,0.7448353727057722,0.6035661045547459,0.6466386802892106,,0.05
dblp,1,B,search,"{""alpha"": [0.15, 0.85], ""anfis"": ""default"", ""cd"": 8, ""m"": 2.0, ""sd"": 1.5}",2.0,0.15,0.85,1.5,8,default,0.6922270483662956,0.4980057335110517,0.48646378653308103,,0.09
amazon,0,B,search,"{""alpha"": [0.15, 0.85], ""anfis"": ""default"", ""cd"": 8, ""m"": 2.0, ""sd"": 1.5}",2.0,0.15,0.85,1.5,8,default,0.7806955723465857,0.697758997174438,0.7433445060872246,,0.06
amazon,1,B,search,"{""alpha"": [0.15, 0.85], ""anfis"": ""default"", ""cd"": 8, ""m"": 2.0, ""sd"": 1.5}",2.0,0.15,0.85,1.5,8,default,0.8514917731798602,0.789025918462662,0.8129803514075193,,0.06
amazon,2,B,search,"{""alpha"": [0.15, 0.85], ""anfis"": ""default"", ""cd"": 8, ""m"": 2.0, ""sd"": 1.5}",2.0,0.15,0.85,1.5,8,default,0.8388274133182685,0.8089798963019004,0.828820024715547,,0.06
pheme,2,B,search,"{""alpha"": [0.15, 0.85], ""anfis"": ""default"", ""cd"": 8, ""m"": 2.0, ""sd"": 1.5}",2.0,0.15,0.85,1.5,8,default,0.49263516362319915,0.0,0.0,,3.08
crisismmd,1,B,search,"{""alpha"": [0.15, 0.85], ""anfis"": ""default"", ""cd"": 8, ""m"": 2.0, ""sd"": 2.0}",2.0,0.15,0.85,2.0,8,default,0.38603820106005604,0.0,0.0,,1.59
crisismmd,0,B,search,"{""alpha"": [0.15, 0.85], ""anfis"": ""default"", ""cd"": 8, ""m"": 2.0, ""sd"": 2.0}",2.0,0.15,0.85,2.0,8,default,0.327153501118155,0.0,0.0,,1.66
fakeddit,0,B,search,"{""alpha"": [0.15, 0.85], ""anfis"": ""default"", ""cd"": 8, ""m"": 2.0, ""sd"": 1.5}",2.0,0.15,0.85,1.5,8,default,0.3643410389500636,0.0,0.0,,4.14
fakeddit,1,B,search,"{""alpha"": [0.15, 0.85], ""anfis"": ""default"", ""cd"": 8, ""m"": 2.0, ""sd"": 1.5}",2.0,0.15,0.85,1.5,8,default,0.35469818569087963,0.0,0.0,,4.09
crisismmd,2,B,search,"{""alpha"": [0.15, 0.85], ""anfis"": ""default"", ""cd"": 8, ""m"": 2.0, ""sd"": 2.0}",2.0,0.15,0.85,2.0,8,default,0.38395346627635035,0.0,0.0,,1.28
fakeddit,2,B,search,"{""alpha"": [0.15, 0.85], ""anfis"": ""default"", ""cd"": 8, ""m"": 2.0, ""sd"": 1.5}",2.0,0.15,0.85,1.5,8,default,0.36083782790499597,0.0,0.0,,3.52
pheme,0,B,search,"{""alpha"": [0.15, 0.85], ""anfis"": ""default"", ""cd"": 8, ""m"": 2.0, ""sd"": 2.0}",2.0,0.15,0.85,2.0,8,default,0.49634465244988535,0.0,0.0,,1.81
dblp,0,B,search,"{""alpha"": [0.15, 0.85], ""anfis"": ""default"", ""cd"": 8, ""m"": 2.0, ""sd"": 2.0}",2.0,0.15,0.85,2.0,8,default,0.7996839528767808,0.5224598984395062,0.554454309263485,,0.09
dblp,1,B,search,"{""alpha"": [0.15, 0.85], ""anfis"": ""default"", ""cd"": 8, ""m"": 2.0, ""sd"": 2.0}",2.0,0.15,0.85,2.0,8,default,0.8056762091573878,0.4486375802072129,0.5194309472227785,,0.09
dblp,2,B,search,"{""alpha"": [0.15, 0.85], ""anfis"": ""default"", ""cd"": 8, ""m"": 2.0, ""sd"": 2.0}",2.0,0.15,0.85,2.0,8,default,0.79800627645862,0.45849807858062763,0.4838238023614292,,0.08
amazon,0,B,search,"{""alpha"": [0.15, 0.85], ""anfis"": ""default"", ""cd"": 8, ""m"": 2.0, ""sd"": 2.0}",2.0,0.15,0.85,2.0,8,default,0.6626915472071182,0.6205170596139061,0.4465079365079365,,0.05
amazon,1,B,search,"{""alpha"": [0.15, 0.85], ""anfis"": ""default"", ""cd"": 8, ""m"": 2.0, ""sd"": 2.0}",2.0,0.15,0.85,2.0,8,default,0.7394396582162277,0.465009414812128,0.3020288772715957,,0.05
amazon,2,B,search,"{""alpha"": [0.15, 0.85], ""anfis"": ""default"", ""cd"": 8, ""m"": 2.0, ""sd"": 2.0}",2.0,0.15,0.85,2.0,8,default,0.6970358731727986,0.5298647661355012,0.40520348044619886,,0.05
pheme,2,B,search,"{""alpha"": [0.15, 0.85], ""anfis"": ""default"", ""cd"": 8, ""m"": 2.0, ""sd"": 2.0}",2.0,0.15,0.85,2.0,8,default,0.5013898227972244,0.0,0.0,,1.73
pheme,1,B,search,"{""alpha"": [0.15, 0.85], ""anfis"": ""default"", ""cd"": 8, ""m"": 2.0, ""sd"": 2.0}",2.0,0.15,0.85,2.0,8,default,0.49358684039476214,0.0,0.0,,2.56
fakeddit,2,B,search,"{""alpha"": [0.15, 0.85], ""anfis"": ""default"", ""cd"": 8, ""m"": 2.0, ""sd"": 2.0}",2.0,0.15,0.85,2.0,8,default,0.34294296279642167,0.0,0.0,,3.67
crisismmd,0,B,search,"{""alpha"": [0.15, 0.85], ""anfis"": ""default"", ""cd"": 16, ""m"": 1.5, ""sd"": 2.0}",1.5,0.15,0.85,2.0,16,default,0.33879168052341024,0.0,0.0,,2.47
fakeddit,0,B,search,"{""alpha"": [0.15, 0.85], ""anfis"": ""default"", ""cd"": 8, ""m"": 2.0, ""sd"": 2.0}",2.0,0.15,0.85,2.0,8,default,0.3503450094591308,0.0,0.0,,3.95
crisismmd,1,B,search,"{""alpha"": [0.15, 0.85], ""anfis"": ""default"", ""cd"": 16, ""m"": 1.5, ""sd"": 2.0}",1.5,0.15,0.85,2.0,16,default,0.3756977617361929,0.0,0.0,,2.42
fakeddit,1,B,search,"{""alpha"": [0.15, 0.85], ""anfis"": ""default"", ""cd"": 8, ""m"": 2.0, ""sd"": 2.0}",2.0,0.15,0.85,2.0,8,default,0.338345526048177,0.0,0.0,,4.05
crisismmd,2,B,search,"{""alpha"": [0.15, 0.85], ""anfis"": ""default"", ""cd"": 16, ""m"": 1.5, ""sd"": 2.0}",1.5,0.15,0.85,2.0,16,default,0.4236583761049816,0.0,0.0,,2.3
pheme,1,B,search,"{""alpha"": [0.15, 0.85], ""anfis"": ""default"", ""cd"": 16, ""m"": 1.5, ""sd"": 2.0}",1.5,0.15,0.85,2.0,16,default,0.8336088096560893,0.0,0.26749976276515663,,3.44
dblp,0,B,search,"{""alpha"": [0.15, 0.85], ""anfis"": ""default"", ""cd"": 16, ""m"": 1.5, ""sd"": 2.0}",1.5,0.15,0.85,2.0,16,default,0.8033745232549888,0.4729548027768501,0.5419957101374633,,0.09
dblp,1,B,search,"{""alpha"": [0.15, 0.85], ""anfis"": ""default"", ""cd"": 16, ""m"": 1.5, ""sd"": 2.0}",1.5,0.15,0.85,2.0,16,default,0.8071485891030822,0.5837048626489786,0.5977311527987018,,0.09
dblp,2,B,search,"{""alpha"": [0.15, 0.85], ""anfis"": ""default"", ""cd"": 16, ""m"": 1.5, ""sd"": 2.0}",1.5,0.15,0.85,2.0,16,default,0.8051752363380759,0.4579690047071351,0.5287584699122476,,0.08
amazon,0,B,search,"{""alpha"": [0.15, 0.85], ""anfis"": ""default"", ""cd"": 16, ""m"": 1.5, ""sd"": 2.0}",1.5,0.15,0.85,2.0,16,default,0.7556196596285573,0.5235415299065894,0.654113049860578,,0.08
amazon,1,B,search,"{""alpha"": [0.15, 0.85], ""anfis"": ""default"", ""cd"": 16, ""m"": 1.5, ""sd"": 2.0}",1.5,0.15,0.85,2.0,16,default,0.7658099710472425,0.6681014288042969,0.7231574834135075,,0.06
amazon,2,B,search,"{""alpha"": [0.15, 0.85], ""anfis"": ""default"", ""cd"": 16, ""m"": 1.5, ""sd"": 2.0}",1.5,0.15,0.85,2.0,16,default,0.7720644728479628,0.6686777641894626,0.7235609595153076,,0.06
pheme,0,B,search,"{""alpha"": [0.15, 0.85], ""anfis"": ""default"", ""cd"": 16, ""m"": 1.5, ""sd"": 2.0}",1.5,0.15,0.85,2.0,16,default,0.8256310114151054,0.0,0.13007649249394895,,4.89
crisismmd,0,B,search,"{""alpha"": [0.15, 0.85], ""anfis"": ""shift+0.1"", ""cd"": 4, ""m"": 1.75, ""sd"": 1.0}",1.75,0.15,0.85,1.0,4,shift+0.1,0.27409147839659587,0.0,0.0,,1.2
crisismmd,1,B,search,"{""alpha"": [0.15, 0.85], ""anfis"": ""shift+0.1"", ""cd"": 4, ""m"": 1.75, ""sd"": 1.0}",1.75,0.15,0.85,1.0,4,shift+0.1,0.24436783775098664,0.0,0.0,,1.09
pheme,2,B,search,"{""alpha"": [0.15, 0.85], ""anfis"": ""default"", ""cd"": 16, ""m"": 1.5, ""sd"": 2.0}",1.5,0.15,0.85,2.0,16,default,0.7756925436397868,0.0,0.0666602005666655,,5.92
crisismmd,2,B,search,"{""alpha"": [0.15, 0.85], ""anfis"": ""shift+0.1"", ""cd"": 4, ""m"": 1.75, ""sd"": 1.0}",1.75,0.15,0.85,1.0,4,shift+0.1,0.3474516763455733,0.0,0.0,,1.06
fakeddit,0,B,search,"{""alpha"": [0.15, 0.85], ""anfis"": ""default"", ""cd"": 16, ""m"": 1.5, ""sd"": 2.0}",1.5,0.15,0.85,2.0,16,default,0.3813955135937129,0.0,0.0,,7.56
fakeddit,1,B,search,"{""alpha"": [0.15, 0.85], ""anfis"": ""default"", ""cd"": 16, ""m"": 1.5, ""sd"": 2.0}",1.5,0.15,0.85,2.0,16,default,0.38315100665713264,0.0,0.0,,7.89
fakeddit,2,B,search,"{""alpha"": [0.15, 0.85], ""anfis"": ""default"", ""cd"": 16, ""m"": 1.5, ""sd"": 2.0}",1.5,0.15,0.85,2.0,16,default,0.3834489633344279,0.0,0.0,,8.14
pheme,0,B,search,"{""alpha"": [0.15, 0.85], ""anfis"": ""shift+0.1"", ""cd"": 4, ""m"": 1.75, ""sd"": 1.0}",1.75,0.15,0.85,1.0,4,shift+0.1,0.6570760878192159,0.0,0.036246612466124664,,4.42
dblp,0,B,search,"{""alpha"": [0.15, 0.85], ""anfis"": ""shift+0.1"", ""cd"": 4, ""m"": 1.75, ""sd"": 1.0}",1.75,0.15,0.85,1.0,4,shift+0.1,0.7788480378917624,0.7244561212777838,0.7399602836033007,,0.06
dblp,1,B,search,"{""alpha"": [0.15, 0.85], ""anfis"": ""shift+0.1"", ""cd"": 4, ""m"": 1.75, ""sd"": 1.0}",1.75,0.15,0.85,1.0,4,shift+0.1,0.7752487300038942,0.7570625552416503,0.7888455554912233,,0.08
fakeddit,0,B,search,"{""alpha"": [0.15, 0.85], ""anfis"": ""shift+0.1"", ""cd"": 4, ""m"": 1.75, ""sd"": 1.0}",1.75,0.15,0.85,1.0,4,shift+0.1,0.2508788087970811,0.360888545649069,0.1606982893529761,,2.75
dblp,2,B,search,"{""alpha"": [0.15, 0.85], ""anfis"": ""shift+0.1"", ""cd"": 4, ""m"": 1.75, ""sd"": 1.0}",1.75,0.15,0.85,1.0,4,shift+0.1,0.7669655557356092,0.6835270660076851,0.7257428979764406,,0.06
amazon,0,B,search,"{""alpha"": [0.15, 0.85], ""anfis"": ""shift+0.1"", ""cd"": 4, ""m"": 1.75, ""sd"": 1.0}",1.75,0.15,0.85,1.0,4,shift+0.1,0.7816008756443754,0.6046358914804084,0.6853882301979916,,0.05
amazon,1,B,search,"{""alpha"": [0.15, 0.85], ""anfis"": ""shift+0.1"", ""cd"": 4, ""m"": 1.75, ""sd"": 1.0}",1.75,0.15,0.85,1.0,4,shift+0.1,0.8034383165030718,0.6673058372829244,0.8147477482661138,,0.03
amazon,2,B,search,"{""alpha"": [0.15, 0.85], ""anfis"": ""shift+0.1"", ""cd"": 4, ""m"": 1.75, ""sd"": 1.0}",1.75,0.15,0.85,1.0,4,shift+0.1,0.7050233034390226,0.5226865456261025,0.542702346743295,,0.05
fakeddit,1,B,search,"{""alpha"": [0.15, 0.85], ""anfis"": ""shift+0.1"", ""cd"": 4, ""m"": 1.75, ""sd"": 1.0}",1.75,0.15,0.85,1.0,4,shift+0.1,0.2990992766842383,0.3121745465096539,0.14804753820033956,,2.97
fakeddit,2,B,search,"{""alpha"": [0.15, 0.85], ""anfis"": ""shift+0.1"", ""cd"": 4, ""m"": 1.75, ""sd"": 1.0}",1.75,0.15,0.85,1.0,4,shift+0.1,0.25321955433893806,0.35132987110704406,0.1568866281095394,,2.72
pheme,1,B,search,"{""alpha"": [0.15, 0.85], ""anfis"": ""shift+0.1"", ""cd"": 4, ""m"": 1.75, ""sd"": 1.0}",1.75,0.15,0.85,1.0,4,shift+0.1,0.6540630593922427,0.0,0.03504968383017164,,5.23
crisismmd,0,B,search,"{""alpha"": [0.15, 0.85], ""anfis"": ""scale0.6"", ""cd"": 4, ""m"": 2.0, ""sd"": 2.0}",2.0,0.15,0.85,2.0,4,scale0.6,0.023276191462745385,0.0,0.0,,0.91
crisismmd,1,B,search,"{""alpha"": [0.15, 0.85], ""anfis"": ""scale0.6"", ""cd"": 4, ""m"": 2.0, ""sd"": 2.0}",2.0,0.15,0.85,2.0,4,scale0.6,0.010390601816451205,0.0,0.0,,0.98
crisismmd,2,B,search,"{""alpha"": [0.15, 0.85], ""anfis"": ""scale0.6"", ""cd"": 4, ""m"": 2.0, ""sd"": 2.0}",2.0,0.15,0.85,2.0,4,scale0.6,0.029090501294832406,0.0,0.0,,0.95
pheme,0,B,search,"{""alpha"": [0.15, 0.85], ""anfis"": ""scale0.6"", ""cd"": 4, ""m"": 2.0, ""sd"": 2.0}",2.0,0.15,0.85,2.0,4,scale0.6,0.49634465244988535,0.0,0.0,,2.06
pheme,2,B,search,"{""alpha"": [0.15, 0.85], ""anfis"": ""scale0.6"", ""cd"": 4, ""m"": 2.0, ""sd"": 2.0}",2.0,0.15,0.85,2.0,4,scale0.6,0.5013898227972244,0.0,0.0,,1.88
dblp,0,B,search,"{""alpha"": [0.15, 0.85], ""anfis"": ""scale0.6"", ""cd"": 4, ""m"": 2.0, ""sd"": 2.0}",2.0,0.15,0.85,2.0,4,scale0.6,0.7996839528767808,0.5224598984395062,0.554454309263485,,0.09
dblp,1,B,search,"{""alpha"": [0.15, 0.85], ""anfis"": ""scale0.6"", ""cd"": 4, ""m"": 2.0, ""sd"": 2.0}",2.0,0.15,0.85,2.0,4,scale0.6,0.8056762091573878,0.4486375802072129,0.5194309472227785,,0.06
dblp,2,B,search,"{""alpha"": [0.15, 0.85], ""anfis"": ""scale0.6"", ""cd"": 4, ""m"": 2.0, ""sd"": 2.0}",2.0,0.15,0.85,2.0,4,scale0.6,0.79800627645862,0.45849807858062763,0.4838238023614292,,0.06
amazon,0,B,search,"{""alpha"": [0.15, 0.85], ""anfis"": ""scale0.6"", ""cd"": 4, ""m"": 2.0, ""sd"": 2.0}",2.0,0.15,0.85,2.0,4,scale0.6,0.6626915472071182,0.6205170596139061,0.4465079365079365,,0.05
amazon,1,B,search,"{""alpha"": [0.15, 0.85], ""anfis"": ""scale0.6"", ""cd"": 4, ""m"": 2.0, ""sd"": 2.0}",2.0,0.15,0.85,2.0,4,scale0.6,0.7394396582162277,0.465009414812128,0.3020288772715957,,0.05
amazon,2,B,search,"{""alpha"": [0.15, 0.85], ""anfis"": ""scale0.6"", ""cd"": 4, ""m"": 2.0, ""sd"": 2.0}",2.0,0.15,0.85,2.0,4,scale0.6,0.6970358731727986,0.5298647661355012,0.40520348044619886,,0.05
pheme,2,B,search,"{""alpha"": [0.15, 0.85], ""anfis"": ""shift+0.1"", ""cd"": 4, ""m"": 1.75, ""sd"": 1.0}",1.75,0.15,0.85,1.0,4,shift+0.1,0.7162238834726303,0.0,0.04615519836027467,,7.73
pheme,1,B,search,"{""alpha"": [0.15, 0.85], ""anfis"": ""scale0.6"", ""cd"": 4, ""m"": 2.0, ""sd"": 2.0}",2.0,0.15,0.85,2.0,4,scale0.6,0.49358684039476214,0.0,0.0,,2.77
fakeddit,0,B,search,"{""alpha"": [0.15, 0.85], ""anfis"": ""scale0.6"", ""cd"": 4, ""m"": 2.0, ""sd"": 2.0}",2.0,0.15,0.85,2.0,4,scale0.6,0.2694429711639512,0.0,0.0,,2.62
fakeddit,1,B,search,"{""alpha"": [0.15, 0.85], ""anfis"": ""scale0.6"", ""cd"": 4, ""m"": 2.0, ""sd"": 2.0}",2.0,0.15,0.85,2.0,4,scale0.6,0.25910761643888885,0.0,0.0,,2.64
crisismmd,0,B,search,"{""alpha"": [0.15, 0.85], ""anfis"": ""shift-0.1"", ""cd"": 8, ""m"": 1.75, ""sd"": 1.0}",1.75,0.15,0.85,1.0,8,shift-0.1,0.4742833760788335,0.0,0.0,,1.34
crisismmd,2,B,search,"{""alpha"": [0.15, 0.85], ""anfis"": ""shift-0.1"", ""cd"": 8, ""m"": 1.75, ""sd"": 1.0}",1.75,0.15,0.85,1.0,8,shift-0.1,0.4451372525705767,0.0,0.0,,1.36
crisismmd,1,B,search,"{""alpha"": [0.15, 0.85], ""anfis"": ""shift-0.1"", ""cd"": 8, ""m"": 1.75, ""sd"": 1.0}",1.75,0.15,0.85,1.0,8,shift-0.1,0.3234146591872814,0.0,0.0,,1.39
fakeddit,2,B,search,"{""alpha"": [0.15, 0.85], ""anfis"": ""scale0.6"", ""cd"": 4, ""m"": 2.0, ""sd"": 2.0}",2.0,0.15,0.85,2.0,4,scale0.6,0.26202204261482503,0.0,0.0,,2.33
pheme,0,B,search,"{""alpha"": [0.15, 0.85], ""anfis"": ""shift-0.1"", ""cd"": 8, ""m"": 1.75, ""sd"": 1.0}",1.75,0.15,0.85,1.0,8,shift-0.1,0.6570760878192159,0.0,0.036246612466124664,,4.22
dblp,0,B,search,"{""alpha"": [0.15, 0.85], ""anfis"": ""shift-0.1"", ""cd"": 8, ""m"": 1.75, ""sd"": 1.0}",1.75,0.15,0.85,1.0,8,shift-0.1,0.7788480378917624,0.7244561212777838,0.7399602836033007,,0.08
dblp,1,B,search,"{""alpha"": [0.15, 0.85], ""anfis"": ""shift-0.1"", ""cd"": 8, ""m"": 1.75, ""sd"": 1.0}",1.75,0.15,0.85,1.0,8,shift-0.1,0.7752487300038942,0.7570625552416503,0.7888455554912233,,0.09
dblp,2,B,search,"{""alpha"": [0.15, 0.85], ""anfis"": ""shift-0.1"", ""cd"": 8, ""m"": 1.75, ""sd"": 1.0}",1.75,0.15,0.85,1.0,8,shift-0.1,0.7669655557356092,0.6835270660076851,0.7257428979764406,,0.08
amazon,0,B,search,"{""alpha"": [0.15, 0.85], ""anfis"": ""shift-0.1"", ""cd"": 8, ""m"": 1.75, ""sd"": 1.0}",1.75,0.15,0.85,1.0,8,shift-0.1,0.7816008756443754,0.6046358914804084,0.6853882301979916,,0.06
amazon,1,B,search,"{""alpha"": [0.15, 0.85], ""anfis"": ""shift-0.1"", ""cd"": 8, ""m"": 1.75, ""sd"": 1.0}",1.75,0.15,0.85,1.0,8,shift-0.1,0.8034383165030718,0.6673058372829244,0.8147477482661138,,0.06
amazon,2,B,search,"{""alpha"": [0.15, 0.85], ""anfis"": ""shift-0.1"", ""cd"": 8, ""m"": 1.75, ""sd"": 1.0}",1.75,0.15,0.85,1.0,8,shift-0.1,0.7050233034390226,0.5226865456261025,0.542702346743295,,0.06
fakeddit,2,B,search,"{""alpha"": [0.15, 0.85], ""anfis"": ""shift-0.1"", ""cd"": 8, ""m"": 1.75, ""sd"": 1.0}",1.75,0.15,0.85,1.0,8,shift-0.1,0.36108710830222596,0.0,0.0,,4.05
fakeddit,1,B,search,"{""alpha"": [0.15, 0.85], ""anfis"": ""shift-0.1"", ""cd"": 8, ""m"": 1.75, ""sd"": 1.0}",1.75,0.15,0.85,1.0,8,shift-0.1,0.3552062511326185,0.0,0.0,,4.23
fakeddit,0,B,search,"{""alpha"": [0.15, 0.85], ""anfis"": ""shift-0.1"", ""cd"": 8, ""m"": 1.75, ""sd"": 1.0}",1.75,0.15,0.85,1.0,8,shift-0.1,0.3634027066623583,0.0,0.0,,4.31
pheme,1,B,search,"{""alpha"": [0.15, 0.85], ""anfis"": ""shift-0.1"", ""cd"": 8, ""m"": 1.75, ""sd"": 1.0}",1.75,0.15,0.85,1.0,8,shift-0.1,0.6540630593922427,0.0,0.03504968383017164,,5.05
pheme,2,B,search,"{""alpha"": [0.15, 0.85], ""anfis"": ""shift-0.1"", ""cd"": 8, ""m"": 1.75, ""sd"": 1.0}",1.75,0.15,0.85,1.0,8,shift-0.1,0.7162238834726303,0.0,0.04615519836027467,,6.27
